packet_index,timestamp,label
0,1781099989.205506,normal
1,1781099989.207206,normal
2,1781099989.208812,normal
3,1781099989.211422,normal
4,1781099989.213028,normal
5,1781099989.215618,normal
6,1781099989.218381,normal
7,1781099989.222282,http_flood
8,1781099989.224377,normal
9,1781099989.226687,normal
10,1781099989.228398,normal
11,1781099989.230250,normal
12,1781099989.232728,normal
13,1781099989.235017,normal
14,1781099989.236820,normal
15,1781099989.238280,normal
16,1781099989.240510,normal
17,1781099989.243263,normal
18,1781099989.246181,normal
19,1781099989.248311,normal
20,1781099989.250684,normal
21,1781099989.252428,http_flood
22,1781099989.253991,normal
23,1781099989.256602,normal
24,1781099989.258414,normal
25,1781099989.261250,normal
26,1781099989.263530,syn_flood
27,1781099989.265113,normal
28,1781099989.268374,normal
29,1781099989.270468,normal
30,1781099989.273638,normal
31,1781099989.276201,normal
32,1781099989.278997,normal
33,1781099989.280755,normal
34,1781099989.283865,normal
35,1781099989.286107,normal
36,1781099989.288151,normal
37,1781099989.290848,normal
38,1781099989.293131,http_flood
39,1781099989.295839,normal
40,1781099989.299304,normal
41,1781099989.301388,normal
42,1781099989.304285,normal
43,1781099989.306264,http_flood
44,1781099989.309086,normal
45,1781099989.311130,normal
46,1781099989.313320,normal
47,1781099989.316055,normal
48,1781099989.318384,normal
49,1781099989.320241,normal
50,1781099989.323161,normal
51,1781099989.325442,normal
52,1781099989.329012,normal
53,1781099989.331410,normal
54,1781099989.333767,normal
55,1781099989.335847,normal
56,1781099989.337243,normal
57,1781099989.339821,normal
58,1781099989.341516,normal
59,1781099989.343691,normal
60,1781099989.345996,normal
61,1781099989.349284,normal
62,1781099989.351594,normal
63,1781099989.354024,normal
64,1781099989.356949,normal
65,1781099989.360011,normal
66,1781099989.361830,normal
67,1781099989.363760,normal
68,1781099989.366749,normal
69,1781099989.368240,syn_flood
70,1781099989.370117,http_flood
71,1781099989.372809,normal
72,1781099989.374975,normal
73,1781099989.378067,normal
74,1781099989.380014,normal
75,1781099989.382241,normal
76,1781099989.384504,normal
77,1781099989.386833,normal
78,1781099989.388751,normal
79,1781099989.390487,normal
80,1781099989.392649,normal
81,1781099989.394553,normal
82,1781099989.396249,normal
83,1781099989.398096,normal
84,1781099989.400227,normal
85,1781099989.402423,udp_reflection
86,1781099989.404161,normal
87,1781099989.407651,normal
88,1781099989.410133,http_flood
89,1781099989.412313,normal
90,1781099989.414277,http_flood
91,1781099989.416738,normal
92,1781099989.419229,normal
93,1781099989.421945,normal
94,1781099989.423849,normal
95,1781099989.426773,normal
96,1781099989.428806,normal
97,1781099989.430638,normal
98,1781099989.433034,udp_reflection
99,1781099989.435263,normal
100,1781099989.437373,normal
101,1781099989.439463,normal
102,1781099989.441205,normal
103,1781099989.443461,normal
104,1781099989.445398,normal
105,1781099989.447513,udp_reflection
106,1781099989.449863,normal
107,1781099989.451019,syn_flood
108,1781099989.453262,http_flood
109,1781099989.454936,normal
110,1781099989.456666,normal
111,1781099989.460651,normal
112,1781099989.462344,syn_flood
113,1781099989.465090,normal
114,1781099989.466782,normal
115,1781099989.469409,normal
116,1781099989.471293,normal
117,1781099989.474075,normal
118,1781099989.476427,normal
119,1781099989.478782,normal
120,1781099989.481191,syn_flood
121,1781099989.483940,normal
122,1781099989.485698,normal
123,1781099989.488157,normal
124,1781099989.489840,normal
125,1781099989.491611,normal
126,1781099989.493173,normal
127,1781099989.495148,normal
128,1781099989.496863,normal
129,1781099989.499071,normal
130,1781099989.500638,normal
131,1781099989.503112,normal
132,1781099989.504780,normal
133,1781099989.506890,normal
134,1781099989.508943,normal
135,1781099989.510765,normal
136,1781099989.513386,syn_flood
137,1781099989.515460,normal
138,1781099989.518211,syn_flood
139,1781099989.521175,normal
140,1781099989.523653,normal
141,1781099989.525710,normal
142,1781099989.528466,normal
143,1781099989.532401,normal
144,1781099989.534309,normal
145,1781099989.535984,normal
146,1781099989.538218,normal
147,1781099989.540958,normal
148,1781099989.543136,normal
149,1781099989.545079,normal
150,1781099989.547399,normal
151,1781099989.549518,normal
152,1781099989.551335,normal
153,1781099989.554825,normal
154,1781099989.556703,normal
155,1781099989.558687,normal
156,1781099989.561851,http_flood
157,1781099989.564114,normal
158,1781099989.566105,normal
159,1781099989.567747,normal
160,1781099989.570697,normal
161,1781099989.572493,normal
162,1781099989.574529,normal
163,1781099989.576601,normal
164,1781099989.578881,normal
165,1781099989.581003,udp_reflection
166,1781099989.583368,normal
167,1781099989.585258,normal
168,1781099989.588156,normal
169,1781099989.590633,normal
170,1781099989.593030,normal
171,1781099989.595264,normal
172,1781099989.597122,normal
173,1781099989.599168,normal
174,1781099989.601895,normal
175,1781099989.604822,normal
176,1781099989.606744,normal
177,1781099989.609128,udp_reflection
178,1781099989.612038,normal
179,1781099989.614320,normal
180,1781099989.616230,normal
181,1781099989.618247,normal
182,1781099989.620865,normal
183,1781099989.623199,normal
184,1781099989.625221,normal
185,1781099989.627726,normal
186,1781099989.629344,normal
187,1781099989.631047,normal
188,1781099989.633386,normal
189,1781099989.634780,normal
190,1781099989.636803,normal
191,1781099989.639935,http_flood
192,1781099989.642869,normal
193,1781099989.644886,normal
194,1781099989.647526,normal
195,1781099989.650109,normal
196,1781099989.652797,normal
197,1781099989.655488,normal
198,1781099989.657674,normal
199,1781099989.659717,udp_reflection
200,1781099989.661942,normal
201,1781099989.664667,normal
202,1781099989.666174,normal
203,1781099989.668260,http_flood
204,1781099989.670221,normal
205,1781099989.672936,normal
206,1781099989.675745,normal
207,1781099989.679023,udp_reflection
208,1781099989.680925,normal
209,1781099989.683033,normal
210,1781099989.685409,normal
211,1781099989.687311,udp_reflection
212,1781099989.689385,normal
213,1781099989.691630,normal
214,1781099989.694774,normal
215,1781099989.697221,normal
216,1781099989.698862,normal
217,1781099989.700898,normal
218,1781099989.703537,normal
219,1781099989.705607,normal
220,1781099989.707549,udp_reflection
221,1781099989.709897,normal
222,1781099989.712112,normal
223,1781099989.714815,http_flood
224,1781099989.716986,normal
225,1781099989.720176,normal
226,1781099989.722674,http_flood
227,1781099989.724201,normal
228,1781099989.726835,normal
229,1781099989.728999,normal
230,1781099989.731224,normal
231,1781099989.732983,normal
232,1781099989.735426,normal
233,1781099989.737464,normal
234,1781099989.739482,normal
235,1781099989.741526,http_flood
236,1781099989.743133,normal
237,1781099989.744308,normal
238,1781099989.746210,udp_reflection
239,1781099989.749199,normal
240,1781099989.752062,normal
241,1781099989.754091,normal
242,1781099989.757733,syn_flood
243,1781099989.760566,http_flood
244,1781099989.762438,normal
245,1781099989.764825,normal
246,1781099989.766512,normal
247,1781099989.767970,normal
248,1781099989.770214,syn_flood
249,1781099989.772480,normal
250,1781099989.775170,normal
251,1781099989.778320,normal
252,1781099989.780443,normal
253,1781099989.783732,http_flood
254,1781099989.785612,normal
255,1781099989.787693,normal
256,1781099989.790107,udp_reflection
257,1781099989.792505,normal
258,1781099989.794515,http_flood
259,1781099989.796800,normal
260,1781099989.799400,normal
261,1781099989.801486,normal
262,1781099989.804258,normal
263,1781099989.807285,normal
264,1781099989.809326,normal
265,1781099989.811715,normal
266,1781099989.813538,normal
267,1781099989.815471,normal
268,1781099989.817557,normal
269,1781099989.820076,udp_reflection
270,1781099989.822628,normal
271,1781099989.824451,normal
272,1781099989.827094,normal
273,1781099989.829223,normal
274,1781099989.831303,normal
275,1781099989.832891,normal
276,1781099989.835106,normal
277,1781099989.837018,normal
278,1781099989.839237,normal
279,1781099989.841804,normal
280,1781099989.843924,normal
281,1781099989.845786,syn_flood
282,1781099989.848267,normal
283,1781099989.850004,normal
284,1781099989.852060,normal
285,1781099989.853821,normal
286,1781099989.856603,normal
287,1781099989.858319,normal
288,1781099989.860203,normal
289,1781099989.861635,normal
290,1781099989.863740,normal
291,1781099989.865684,normal
292,1781099989.867700,normal
293,1781099989.868847,normal
294,1781099989.871195,normal
295,1781099989.873096,normal
296,1781099989.875237,normal
297,1781099989.877747,normal
298,1781099989.880234,normal
299,1781099989.883634,normal
300,1781099989.885339,normal
301,1781099989.887531,normal
302,1781099989.889595,normal
303,1781099989.892020,normal
304,1781099989.894703,normal
305,1781099989.897367,normal
306,1781099989.899661,udp_reflection
307,1781099989.901413,normal
308,1781099989.903660,normal
309,1781099989.905988,normal
310,1781099989.908338,normal
311,1781099989.910514,normal
312,1781099989.912149,normal
313,1781099989.914140,normal
314,1781099989.915943,udp_reflection
315,1781099989.918179,normal
316,1781099989.920003,udp_reflection
317,1781099989.922573,udp_reflection
318,1781099989.924023,normal
319,1781099989.926504,normal
320,1781099989.928690,normal
321,1781099989.931448,normal
322,1781099989.934283,normal
323,1781099989.935974,normal
324,1781099989.938357,normal
325,1781099989.940136,normal
326,1781099989.942863,normal
327,1781099989.945850,normal
328,1781099989.948147,normal
329,1781099989.950794,normal
330,1781099989.953664,normal
331,1781099989.955884,normal
332,1781099989.959548,normal
333,1781099989.961551,normal
334,1781099989.963859,normal
335,1781099989.966426,normal
336,1781099989.968408,normal
337,1781099989.970366,normal
338,1781099989.972682,normal
339,1781099989.974765,normal
340,1781099989.977281,normal
341,1781099989.979752,normal
342,1781099989.981582,normal
343,1781099989.984456,normal
344,1781099989.986627,udp_reflection
345,1781099989.988845,normal
346,1781099989.990428,normal
347,1781099989.992621,udp_reflection
348,1781099989.994518,normal
349,1781099989.996825,normal
350,1781099989.999377,syn_flood
351,1781099990.000855,normal
352,1781099990.003046,normal
353,1781099990.005859,normal
354,1781099990.007924,normal
355,1781099990.010389,normal
356,1781099990.012199,normal
357,1781099990.015076,normal
358,1781099990.017546,normal
359,1781099990.019745,normal
360,1781099990.021209,normal
361,1781099990.023652,normal
362,1781099990.026080,normal
363,1781099990.028937,normal
364,1781099990.031986,normal
365,1781099990.033625,normal
366,1781099990.035633,normal
367,1781099990.038018,syn_flood
368,1781099990.039787,normal
369,1781099990.041629,normal
370,1781099990.043886,normal
371,1781099990.046029,normal
372,1781099990.048039,normal
373,1781099990.049986,normal
374,1781099990.053140,normal
375,1781099990.055014,normal
376,1781099990.057863,normal
377,1781099990.060527,normal
378,1781099990.062441,normal
379,1781099990.064510,normal
380,1781099990.067095,syn_flood
381,1781099990.069270,normal
382,1781099990.071474,normal
383,1781099990.073925,normal
384,1781099990.075666,normal
385,1781099990.078017,normal
386,1781099990.079689,normal
387,1781099990.081932,normal
388,1781099990.084718,normal
389,1781099990.087237,normal
390,1781099990.089186,syn_flood
391,1781099990.090684,normal
392,1781099990.092842,normal
393,1781099990.094404,normal
394,1781099990.097028,normal
395,1781099990.099393,normal
396,1781099990.102641,normal
397,1781099990.104862,normal
398,1781099990.107582,normal
399,1781099990.108903,normal
400,1781099990.110900,normal
401,1781099990.113761,normal
402,1781099990.116485,normal
403,1781099990.118665,udp_reflection
404,1781099990.122748,normal
405,1781099990.125303,normal
406,1781099990.127446,normal
407,1781099990.128995,normal
408,1781099990.131199,normal
409,1781099990.133228,normal
410,1781099990.136122,http_flood
411,1781099990.138253,normal
412,1781099990.141122,normal
413,1781099990.143389,normal
414,1781099990.145746,normal
415,1781099990.147570,normal
416,1781099990.149039,normal
417,1781099990.151554,normal
418,1781099990.153494,udp_reflection
419,1781099990.155750,normal
420,1781099990.158061,normal
421,1781099990.160329,normal
422,1781099990.162246,normal
423,1781099990.164799,normal
424,1781099990.167538,normal
425,1781099990.170958,normal
426,1781099990.172501,normal
427,1781099990.174789,normal
428,1781099990.177746,normal
429,1781099990.179724,normal
430,1781099990.181460,normal
431,1781099990.183060,normal
432,1781099990.184873,normal
433,1781099990.186584,normal
434,1781099990.189215,normal
435,1781099990.191589,normal
436,1781099990.193614,syn_flood
437,1781099990.195301,normal
438,1781099990.196956,normal
439,1781099990.199018,normal
440,1781099990.200953,udp_reflection
441,1781099990.202641,normal
442,1781099990.204414,normal
443,1781099990.206501,normal
444,1781099990.208606,normal
445,1781099990.210598,normal
446,1781099990.212729,syn_flood
447,1781099990.214849,normal
448,1781099990.216747,normal
449,1781099990.219501,normal
450,1781099990.221622,normal
451,1781099990.223869,normal
452,1781099990.226039,normal
453,1781099990.229148,normal
454,1781099990.232076,normal
455,1781099990.235172,normal
456,1781099990.238135,udp_reflection
457,1781099990.240212,normal
458,1781099990.241903,normal
459,1781099990.244573,normal
460,1781099990.247160,normal
461,1781099990.250506,normal
462,1781099990.252230,normal
463,1781099990.255271,normal
464,1781099990.257466,normal
465,1781099990.260119,normal
466,1781099990.262273,normal
467,1781099990.264611,normal
468,1781099990.266884,normal
469,1781099990.269401,normal
470,1781099990.271432,normal
471,1781099990.273995,normal
472,1781099990.275879,normal
473,1781099990.277652,http_flood
474,1781099990.279292,normal
475,1781099990.281934,normal
476,1781099990.283925,normal
477,1781099990.285883,normal
478,1781099990.288433,normal
479,1781099990.290760,normal
480,1781099990.292411,normal
481,1781099990.294008,normal
482,1781099990.296372,normal
483,1781099990.299322,normal
484,1781099990.301151,syn_flood
485,1781099990.302852,normal
486,1781099990.304720,normal
487,1781099990.306723,normal
488,1781099990.308640,normal
489,1781099990.310259,normal
490,1781099990.312847,normal
491,1781099990.314550,normal
492,1781099990.316730,normal
493,1781099990.318504,normal
494,1781099990.320700,normal
495,1781099990.322874,normal
496,1781099990.325216,normal
497,1781099990.328729,normal
498,1781099990.331122,normal
499,1781099990.333162,normal
500,1781099990.335500,normal
501,1781099990.337782,normal
502,1781099990.340330,normal
503,1781099990.343264,normal
504,1781099990.345159,normal
505,1781099990.347731,normal
506,1781099990.350476,normal
507,1781099990.352637,normal
508,1781099990.354805,normal
509,1781099990.357121,normal
510,1781099990.359455,normal
511,1781099990.361719,normal
512,1781099990.363728,normal
513,1781099990.365434,normal
514,1781099990.367785,normal
515,1781099990.369698,normal
516,1781099990.371742,normal
517,1781099990.373617,normal
518,1781099990.375788,normal
519,1781099990.377940,normal
520,1781099990.380236,normal
521,1781099990.382638,normal
522,1781099990.385022,normal
523,1781099990.387102,normal
524,1781099990.389175,normal
525,1781099990.391093,normal
526,1781099990.392897,normal
527,1781099990.394684,normal
528,1781099990.396656,normal
529,1781099990.398904,normal
530,1781099990.401798,normal
531,1781099990.403872,normal
532,1781099990.406327,normal
533,1781099990.408147,http_flood
534,1781099990.410151,normal
535,1781099990.412381,http_flood
536,1781099990.414326,normal
537,1781099990.416699,normal
538,1781099990.418884,normal
539,1781099990.420980,normal
540,1781099990.423321,normal
541,1781099990.426029,udp_reflection
542,1781099990.428491,normal
543,1781099990.430295,normal
544,1781099990.432796,normal
545,1781099990.434777,normal
546,1781099990.437002,normal
547,1781099990.438890,normal
548,1781099990.441060,normal
549,1781099990.444263,normal
550,1781099990.446750,http_flood
551,1781099990.449212,normal
552,1781099990.451546,normal
553,1781099990.453695,normal
554,1781099990.456212,normal
555,1781099990.458314,normal
556,1781099990.461740,udp_reflection
557,1781099990.463521,normal
558,1781099990.466147,normal
559,1781099990.467841,normal
560,1781099990.469503,normal
561,1781099990.472788,normal
562,1781099990.475929,syn_flood
563,1781099990.478303,normal
564,1781099990.480602,normal
565,1781099990.483405,normal
566,1781099990.485399,normal
567,1781099990.487785,normal
568,1781099990.489639,normal
569,1781099990.491677,normal
570,1781099990.494377,normal
571,1781099990.496044,normal
572,1781099990.498266,normal
573,1781099990.500831,normal
574,1781099990.504455,normal
575,1781099990.506484,normal
576,1781099990.508246,normal
577,1781099990.510271,normal
578,1781099990.512975,udp_reflection
579,1781099990.514387,normal
580,1781099990.516615,normal
581,1781099990.518685,normal
582,1781099990.521365,syn_flood
583,1781099990.523683,normal
584,1781099990.525319,normal
585,1781099990.527983,normal
586,1781099990.530550,normal
587,1781099990.532578,http_flood
588,1781099990.534575,normal
589,1781099990.536148,normal
590,1781099990.538607,normal
591,1781099990.540649,normal
592,1781099990.542201,normal
593,1781099990.544218,normal
594,1781099990.547265,normal
595,1781099990.550091,normal
596,1781099990.552583,normal
597,1781099990.555314,normal
598,1781099990.557191,normal
599,1781099990.559366,normal
600,1781099990.561777,normal
601,1781099990.563700,normal
602,1781099990.565767,normal
603,1781099990.567789,normal
604,1781099990.569775,normal
605,1781099990.571597,normal
606,1781099990.573604,normal
607,1781099990.575820,normal
608,1781099990.577914,normal
609,1781099990.580938,normal
610,1781099990.582674,udp_reflection
611,1781099990.584554,normal
612,1781099990.586631,normal
613,1781099990.588634,normal
614,1781099990.590653,syn_flood
615,1781099990.592352,normal
616,1781099990.594218,normal
617,1781099990.596293,normal
618,1781099990.598424,normal
619,1781099990.601476,normal
620,1781099990.603486,normal
621,1781099990.605135,normal
622,1781099990.606908,normal
623,1781099990.608523,normal
624,1781099990.611004,normal
625,1781099990.612611,normal
626,1781099990.614103,normal
627,1781099990.616299,normal
628,1781099990.618123,normal
629,1781099990.620739,normal
630,1781099990.622704,normal
631,1781099990.624466,normal
632,1781099990.626683,normal
633,1781099990.628957,normal
634,1781099990.630456,normal
635,1781099990.632795,normal
636,1781099990.634835,normal
637,1781099990.636614,normal
638,1781099990.638269,normal
639,1781099990.640140,normal
640,1781099990.641505,normal
641,1781099990.644199,normal
642,1781099990.645993,normal
643,1781099990.647604,syn_flood
644,1781099990.649068,normal
645,1781099990.651284,normal
646,1781099990.653439,syn_flood
647,1781099990.656109,normal
648,1781099990.657955,normal
649,1781099990.659891,normal
650,1781099990.662599,normal
651,1781099990.664374,normal
652,1781099990.666282,normal
653,1781099990.668011,normal
654,1781099990.669449,normal
655,1781099990.671057,normal
656,1781099990.673352,normal
657,1781099990.675810,normal
658,1781099990.678176,normal
659,1781099990.680830,normal
660,1781099990.683566,normal
661,1781099990.685389,http_flood
662,1781099990.687250,normal
663,1781099990.689244,normal
664,1781099990.691146,normal
665,1781099990.693087,normal
666,1781099990.695603,normal
667,1781099990.698456,normal
668,1781099990.701693,normal
669,1781099990.703671,normal
670,1781099990.706531,normal
671,1781099990.708598,normal
672,1781099990.710474,http_flood
673,1781099990.712821,syn_flood
674,1781099990.714952,normal
675,1781099990.716787,normal
676,1781099990.718657,udp_reflection
677,1781099990.720816,normal
678,1781099990.722517,normal
679,1781099990.725157,normal
680,1781099990.728157,normal
681,1781099990.730018,normal
682,1781099990.733124,normal
683,1781099990.735145,normal
684,1781099990.737635,normal
685,1781099990.740708,normal
686,1781099990.742631,normal
687,1781099990.744593,normal
688,1781099990.748183,normal
689,1781099990.750728,normal
690,1781099990.753006,normal
691,1781099990.754649,udp_reflection
692,1781099990.756838,normal
693,1781099990.759202,normal
694,1781099990.761449,normal
695,1781099990.763900,normal
696,1781099990.765847,normal
697,1781099990.768196,normal
698,1781099990.769648,normal
699,1781099990.771963,http_flood
700,1781099990.774524,normal
701,1781099990.776320,normal
702,1781099990.778270,normal
703,1781099990.779926,normal
704,1781099990.782121,normal
705,1781099990.784605,normal
706,1781099990.787757,normal
707,1781099990.790298,normal
708,1781099990.793405,normal
709,1781099990.795978,normal
710,1781099990.797209,normal
711,1781099990.799214,normal
712,1781099990.800815,normal
713,1781099990.803156,normal
714,1781099990.804989,normal
715,1781099990.806636,normal
716,1781099990.808918,normal
717,1781099990.811266,normal
718,1781099990.814590,normal
719,1781099990.817430,normal
720,1781099990.820110,normal
721,1781099990.822343,normal
722,1781099990.824304,normal
723,1781099990.826800,normal
724,1781099990.829653,normal
725,1781099990.832942,normal
726,1781099990.834935,normal
727,1781099990.836877,normal
728,1781099990.838662,normal
729,1781099990.840827,normal
730,1781099990.843418,normal
731,1781099990.845858,normal
732,1781099990.847697,normal
733,1781099990.849967,normal
734,1781099990.851445,normal
735,1781099990.853230,normal
736,1781099990.855654,normal
737,1781099990.857883,normal
738,1781099990.860093,normal
739,1781099990.861760,normal
740,1781099990.864195,normal
741,1781099990.866050,normal
742,1781099990.869397,normal
743,1781099990.871229,normal
744,1781099990.873734,http_flood
745,1781099990.876712,normal
746,1781099990.878838,normal
747,1781099990.881196,normal
748,1781099990.883829,normal
749,1781099990.885897,normal
750,1781099990.888839,normal
751,1781099990.890827,normal
752,1781099990.892678,syn_flood
753,1781099990.895051,normal
754,1781099990.897740,normal
755,1781099990.899729,normal
756,1781099990.901623,normal
757,1781099990.903368,udp_reflection
758,1781099990.906474,normal
759,1781099990.908280,normal
760,1781099990.910591,normal
761,1781099990.913040,normal
762,1781099990.915615,normal
763,1781099990.918730,normal
764,1781099990.920892,normal
765,1781099990.923262,normal
766,1781099990.925262,normal
767,1781099990.927552,normal
768,1781099990.929575,normal
769,1781099990.931909,normal
770,1781099990.934744,normal
771,1781099990.938172,normal
772,1781099990.941175,normal
773,1781099990.944238,normal
774,1781099990.946126,normal
775,1781099990.948446,normal
776,1781099990.950795,http_flood
777,1781099990.952837,normal
778,1781099990.955497,normal
779,1781099990.957859,normal
780,1781099990.960824,normal
781,1781099990.963314,normal
782,1781099990.964952,normal
783,1781099990.967204,normal
784,1781099990.969059,normal
785,1781099990.971434,normal
786,1781099990.973491,normal
787,1781099990.976282,normal
788,1781099990.978176,normal
789,1781099990.979913,normal
790,1781099990.982267,normal
791,1781099990.983930,normal
792,1781099990.985264,normal
793,1781099990.987522,normal
794,1781099990.989605,normal
795,1781099990.991502,normal
796,1781099990.993420,normal
797,1781099990.995292,udp_reflection
798,1781099990.997005,normal
799,1781099990.999766,normal
800,1781099991.001868,normal
801,1781099991.003880,normal
802,1781099991.005767,normal
803,1781099991.007849,normal
804,1781099991.010263,normal
805,1781099991.012456,normal
806,1781099991.014847,normal
807,1781099991.016811,normal
808,1781099991.019398,normal
809,1781099991.022431,normal
810,1781099991.024470,normal
811,1781099991.026483,normal
812,1781099991.030476,normal
813,1781099991.032359,normal
814,1781099991.034246,normal
815,1781099991.036440,http_flood
816,1781099991.038766,normal
817,1781099991.041358,normal
818,1781099991.043138,normal
819,1781099991.044774,normal
820,1781099991.046897,normal
821,1781099991.049759,normal
822,1781099991.051723,normal
823,1781099991.054237,normal
824,1781099991.055737,normal
825,1781099991.057627,normal
826,1781099991.059652,udp_reflection
827,1781099991.063350,normal
828,1781099991.065593,udp_reflection
829,1781099991.067633,normal
830,1781099991.069774,normal
831,1781099991.071515,normal
832,1781099991.073091,http_flood
833,1781099991.074548,normal
834,1781099991.077294,normal
835,1781099991.078967,normal
836,1781099991.081318,normal
837,1781099991.084120,normal
838,1781099991.086264,normal
839,1781099991.087931,normal
840,1781099991.090026,normal
841,1781099991.091914,normal
842,1781099991.093995,normal
843,1781099991.096465,normal
844,1781099991.098500,normal
845,1781099991.100836,normal
846,1781099991.102172,normal
847,1781099991.103867,http_flood
848,1781099991.106406,normal
849,1781099991.108027,normal
850,1781099991.109762,normal
851,1781099991.111962,normal
852,1781099991.113867,normal
853,1781099991.117359,normal
854,1781099991.119200,syn_flood
855,1781099991.121749,normal
856,1781099991.124599,normal
857,1781099991.126904,normal
858,1781099991.128955,http_flood
859,1781099991.130705,normal
860,1781099991.132377,normal
861,1781099991.133880,normal
862,1781099991.136212,normal
863,1781099991.138001,normal
864,1781099991.140109,normal
865,1781099991.142917,normal
866,1781099991.145768,normal
867,1781099991.148921,normal
868,1781099991.150688,normal
869,1781099991.152806,normal
870,1781099991.154761,syn_flood
871,1781099991.157302,normal
872,1781099991.159247,normal
873,1781099991.161464,normal
874,1781099991.164258,normal
875,1781099991.166442,normal
876,1781099991.169861,normal
877,1781099991.171702,normal
878,1781099991.173226,normal
879,1781099991.175211,normal
880,1781099991.177771,normal
881,1781099991.179273,normal
882,1781099991.180843,normal
883,1781099991.182872,normal
884,1781099991.184614,normal
885,1781099991.186322,normal
886,1781099991.189097,normal
887,1781099991.191911,normal
888,1781099991.194503,normal
889,1781099991.197426,udp_reflection
890,1781099991.199643,normal
891,1781099991.202031,normal
892,1781099991.204193,normal
893,1781099991.205721,normal
894,1781099991.207283,normal
895,1781099991.209716,normal
896,1781099991.211597,normal
897,1781099991.213691,udp_reflection
898,1781099991.215817,normal
899,1781099991.217853,http_flood
900,1781099991.219826,normal
901,1781099991.221746,normal
902,1781099991.224244,normal
903,1781099991.226810,normal
904,1781099991.228982,normal
905,1781099991.231502,normal
906,1781099991.233441,syn_flood
907,1781099991.234512,normal
908,1781099991.236688,normal
909,1781099991.239412,normal
910,1781099991.242057,normal
911,1781099991.244316,syn_flood
912,1781099991.246381,normal
913,1781099991.248363,normal
914,1781099991.250446,normal
915,1781099991.252525,normal
916,1781099991.254096,normal
917,1781099991.256391,normal
918,1781099991.258273,normal
919,1781099991.260924,normal
920,1781099991.264863,normal
921,1781099991.267147,normal
922,1781099991.268345,normal
923,1781099991.270544,normal
924,1781099991.272162,normal
925,1781099991.274559,normal
926,1781099991.276521,normal
927,1781099991.278717,normal
928,1781099991.280556,normal
929,1781099991.283854,normal
930,1781099991.286044,normal
931,1781099991.287974,normal
932,1781099991.290103,normal
933,1781099991.291488,normal
934,1781099991.293357,normal
935,1781099991.294760,udp_reflection
936,1781099991.296664,normal
937,1781099991.298854,normal
938,1781099991.300882,normal
939,1781099991.302577,udp_reflection
940,1781099991.304571,normal
941,1781099991.306860,normal
942,1781099991.308736,normal
943,1781099991.310773,normal
944,1781099991.312142,normal
945,1781099991.314842,normal
946,1781099991.316733,normal
947,1781099991.318350,normal
948,1781099991.320722,normal
949,1781099991.322814,normal
950,1781099991.324800,normal
951,1781099991.327595,normal
952,1781099991.329483,normal
953,1781099991.331267,normal
954,1781099991.333785,normal
955,1781099991.336178,normal
956,1781099991.338825,normal
957,1781099991.340669,normal
958,1781099991.342161,normal
959,1781099991.344305,normal
960,1781099991.346195,normal
961,1781099991.348533,http_flood
962,1781099991.350782,normal
963,1781099991.352339,normal
964,1781099991.354192,normal
965,1781099991.356394,http_flood
966,1781099991.359554,normal
967,1781099991.360920,normal
968,1781099991.363248,syn_flood
969,1781099991.366072,normal
970,1781099991.367664,syn_flood
971,1781099991.370384,normal
972,1781099991.372153,normal
973,1781099991.374705,normal
974,1781099991.376605,normal
975,1781099991.378710,normal
976,1781099991.381238,normal
977,1781099991.382671,normal
978,1781099991.385367,normal
979,1781099991.387394,normal
980,1781099991.389175,normal
981,1781099991.390664,normal
982,1781099991.393060,normal
983,1781099991.394879,normal
984,1781099991.397153,normal
985,1781099991.399793,normal
986,1781099991.402442,normal
987,1781099991.404577,normal
988,1781099991.406463,normal
989,1781099991.409177,normal
990,1781099991.411389,normal
991,1781099991.413691,normal
992,1781099991.416487,normal
993,1781099991.418589,normal
994,1781099991.420326,normal
995,1781099991.421735,normal
996,1781099991.424412,normal
997,1781099991.426307,http_flood
998,1781099991.429131,normal
999,1781099991.432134,normal
1000,1781099991.434400,normal
1001,1781099991.436969,normal
1002,1781099991.438416,normal
1003,1781099991.440238,normal
1004,1781099991.442425,http_flood
1005,1781099991.444206,normal
1006,1781099991.446794,syn_flood
1007,1781099991.449927,normal
1008,1781099991.451772,normal
1009,1781099991.454111,udp_reflection
1010,1781099991.456286,normal
1011,1781099991.458386,normal
1012,1781099991.460989,normal
1013,1781099991.462591,normal
1014,1781099991.464290,normal
1015,1781099991.466618,normal
1016,1781099991.469669,normal
1017,1781099991.472061,normal
1018,1781099991.474821,normal
1019,1781099991.476995,normal
1020,1781099991.479238,normal
1021,1781099991.481056,normal
1022,1781099991.483987,udp_reflection
1023,1781099991.486248,normal
1024,1781099991.488295,normal
1025,1781099991.490132,normal
1026,1781099991.492061,normal
1027,1781099991.495025,normal
1028,1781099991.496901,normal
1029,1781099991.498801,normal
1030,1781099991.500911,syn_flood
1031,1781099991.504115,normal
1032,1781099991.506422,normal
1033,1781099991.508209,normal
1034,1781099991.509860,syn_flood
1035,1781099991.512623,normal
1036,1781099991.514760,normal
1037,1781099991.517125,normal
1038,1781099991.519049,normal
1039,1781099991.521189,http_flood
1040,1781099991.522975,normal
1041,1781099991.524488,udp_reflection
1042,1781099991.526590,normal
1043,1781099991.529212,syn_flood
1044,1781099991.531657,normal
1045,1781099991.533860,http_flood
1046,1781099991.536428,normal
1047,1781099991.538311,normal
1048,1781099991.540502,normal
1049,1781099991.542347,normal
1050,1781099991.545493,normal
1051,1781099991.547331,normal
1052,1781099991.548860,normal
1053,1781099991.550619,normal
1054,1781099991.552682,http_flood
1055,1781099991.554538,normal
1056,1781099991.556735,normal
1057,1781099991.558273,normal
1058,1781099991.560494,normal
1059,1781099991.562944,normal
1060,1781099991.565526,normal
1061,1781099991.567149,normal
1062,1781099991.569289,normal
1063,1781099991.570847,normal
1064,1781099991.573689,normal
1065,1781099991.575617,normal
1066,1781099991.577598,normal
1067,1781099991.579399,normal
1068,1781099991.582069,normal
1069,1781099991.584280,syn_flood
1070,1781099991.587128,normal
1071,1781099991.589499,normal
1072,1781099991.591979,normal
1073,1781099991.593693,http_flood
1074,1781099991.596261,normal
1075,1781099991.598806,normal
1076,1781099991.601061,normal
1077,1781099991.604153,normal
1078,1781099991.606566,normal
1079,1781099991.609570,syn_flood
1080,1781099991.612437,normal
1081,1781099991.614871,normal
1082,1781099991.617158,normal
1083,1781099991.620039,normal
1084,1781099991.621618,normal
1085,1781099991.623554,normal
1086,1781099991.626478,normal
1087,1781099991.628558,normal
1088,1781099991.630692,normal
1089,1781099991.633127,normal
1090,1781099991.634713,normal
1091,1781099991.636555,normal
1092,1781099991.638530,normal
1093,1781099991.641230,normal
1094,1781099991.643381,normal
1095,1781099991.645380,normal
1096,1781099991.647359,normal
1097,1781099991.649079,normal
1098,1781099991.651137,normal
1099,1781099991.653256,normal
1100,1781099991.655083,udp_reflection
1101,1781099991.657972,normal
1102,1781099991.660383,normal
1103,1781099991.662392,normal
1104,1781099991.664299,normal
1105,1781099991.666399,normal
1106,1781099991.668848,normal
1107,1781099991.670696,syn_flood
1108,1781099991.672533,normal
1109,1781099991.674976,http_flood
1110,1781099991.677393,normal
1111,1781099991.679645,normal
1112,1781099991.682517,udp_reflection
1113,1781099991.685288,normal
1114,1781099991.687410,normal
1115,1781099991.689493,normal
1116,1781099991.690699,normal
1117,1781099991.692247,normal
1118,1781099991.694243,normal
1119,1781099991.696119,normal
1120,1781099991.697979,normal
1121,1781099991.699780,normal
1122,1781099991.702157,normal
1123,1781099991.704371,normal
1124,1781099991.707583,udp_reflection
1125,1781099991.709119,normal
1126,1781099991.711123,normal
1127,1781099991.713949,normal
1128,1781099991.717838,normal
1129,1781099991.720095,normal
1130,1781099991.722292,http_flood
1131,1781099991.724573,normal
1132,1781099991.726576,normal
1133,1781099991.728669,normal
1134,1781099991.730375,normal
1135,1781099991.731754,normal
1136,1781099991.734538,normal
1137,1781099991.737028,normal
1138,1781099991.739318,normal
1139,1781099991.741519,normal
1140,1781099991.743913,normal
1141,1781099991.746807,normal
1142,1781099991.750448,normal
1143,1781099991.753149,normal
1144,1781099991.754815,normal
1145,1781099991.756637,normal
1146,1781099991.757796,normal
1147,1781099991.760092,normal
1148,1781099991.763297,http_flood
1149,1781099991.765685,normal
1150,1781099991.767377,normal
1151,1781099991.769564,normal
1152,1781099991.771740,normal
1153,1781099991.773799,normal
1154,1781099991.775714,normal
1155,1781099991.777604,normal
1156,1781099991.779929,syn_flood
1157,1781099991.782968,udp_reflection
1158,1781099991.784805,normal
1159,1781099991.786434,normal
1160,1781099991.788324,normal
1161,1781099991.790185,normal
1162,1781099991.792067,normal
1163,1781099991.795706,http_flood
1164,1781099991.798278,normal
1165,1781099991.801346,normal
1166,1781099991.803309,normal
1167,1781099991.805419,syn_flood
1168,1781099991.808281,normal
1169,1781099991.810505,normal
1170,1781099991.812426,normal
1171,1781099991.814707,normal
1172,1781099991.817080,normal
1173,1781099991.818753,normal
1174,1781099991.821306,normal
1175,1781099991.824118,normal
1176,1781099991.827122,normal
1177,1781099991.829412,normal
1178,1781099991.831759,udp_reflection
1179,1781099991.833867,normal
1180,1781099991.835807,normal
1181,1781099991.837812,normal
1182,1781099991.840155,normal
1183,1781099991.842124,normal
1184,1781099991.845791,normal
1185,1781099991.847692,normal
1186,1781099991.848971,normal
1187,1781099991.850909,normal
1188,1781099991.852907,normal
1189,1781099991.854171,normal
1190,1781099991.856371,normal
1191,1781099991.858804,normal
1192,1781099991.861045,normal
1193,1781099991.862779,normal
1194,1781099991.866179,http_flood
1195,1781099991.869098,normal
1196,1781099991.870689,normal
1197,1781099991.872625,normal
1198,1781099991.874602,normal
1199,1781099991.876643,normal
1200,1781099991.879434,normal
1201,1781099991.881455,normal
1202,1781099991.884005,normal
1203,1781099991.885477,normal
1204,1781099991.887912,normal
1205,1781099991.890240,normal
1206,1781099991.892199,normal
1207,1781099991.894383,normal
1208,1781099991.896576,normal
1209,1781099991.898561,normal
1210,1781099991.900415,normal
1211,1781099991.902524,normal
1212,1781099991.905171,normal
1213,1781099991.907654,normal
1214,1781099991.910463,normal
1215,1781099991.912579,http_flood
1216,1781099991.914228,normal
1217,1781099991.915774,normal
1218,1781099991.917934,normal
1219,1781099991.920077,normal
1220,1781099991.922016,normal
1221,1781099991.923690,normal
1222,1781099991.925666,normal
1223,1781099991.927078,normal
1224,1781099991.930178,normal
1225,1781099991.931652,normal
1226,1781099991.933684,normal
1227,1781099991.935359,normal
1228,1781099991.937796,syn_flood
1229,1781099991.939698,normal
1230,1781099991.940956,normal
1231,1781099991.942911,normal
1232,1781099991.944869,normal
1233,1781099991.947107,normal
1234,1781099991.949084,normal
1235,1781099991.951506,normal
1236,1781099991.952986,normal
1237,1781099991.955875,normal
1238,1781099991.957401,normal
1239,1781099991.960038,normal
1240,1781099991.961973,normal
1241,1781099991.964859,normal
1242,1781099991.967581,normal
1243,1781099991.969809,normal
1244,1781099991.971646,normal
1245,1781099991.973593,normal
1246,1781099991.976068,normal
1247,1781099991.978479,normal
1248,1781099991.981610,normal
1249,1781099991.983862,normal
1250,1781099991.985605,normal
1251,1781099991.987907,normal
1252,1781099991.990484,normal
1253,1781099991.992483,normal
1254,1781099991.994153,normal
1255,1781099991.996969,normal
1256,1781099991.998371,normal
1257,1781099992.001173,normal
1258,1781099992.003277,normal
1259,1781099992.004950,http_flood
1260,1781099992.006487,normal
1261,1781099992.007875,normal
1262,1781099992.010036,normal
1263,1781099992.012184,normal
1264,1781099992.014347,normal
1265,1781099992.016032,normal
1266,1781099992.018679,normal
1267,1781099992.020196,normal
1268,1781099992.022513,normal
1269,1781099992.024685,normal
1270,1781099992.026894,normal
1271,1781099992.028470,normal
1272,1781099992.030397,normal
1273,1781099992.032159,normal
1274,1781099992.034853,http_flood
1275,1781099992.036491,normal
1276,1781099992.038769,normal
1277,1781099992.040716,normal
1278,1781099992.043200,normal
1279,1781099992.046090,normal
1280,1781099992.047966,normal
1281,1781099992.050112,normal
1282,1781099992.052317,normal
1283,1781099992.053947,normal
1284,1781099992.055622,normal
1285,1781099992.057555,normal
1286,1781099992.059368,normal
1287,1781099992.061171,syn_flood
1288,1781099992.064296,syn_flood
1289,1781099992.066280,normal
1290,1781099992.068796,normal
1291,1781099992.070984,http_flood
1292,1781099992.073919,normal
1293,1781099992.076527,normal
1294,1781099992.078338,normal
1295,1781099992.079998,normal
1296,1781099992.081851,normal
1297,1781099992.084168,normal
1298,1781099992.085729,normal
1299,1781099992.088495,normal
1300,1781099992.090204,normal
1301,1781099992.091927,normal
1302,1781099992.093814,normal
1303,1781099992.096816,normal
1304,1781099992.098596,normal
1305,1781099992.100419,normal
1306,1781099992.102976,normal
1307,1781099992.106031,normal
1308,1781099992.108479,normal
1309,1781099992.110962,normal
1310,1781099992.113086,normal
1311,1781099992.115157,normal
1312,1781099992.117858,normal
1313,1781099992.120007,normal
1314,1781099992.121832,normal
1315,1781099992.124210,normal
1316,1781099992.126064,normal
1317,1781099992.128594,normal
1318,1781099992.130732,normal
1319,1781099992.132339,normal
1320,1781099992.135549,normal
1321,1781099992.137738,normal
1322,1781099992.139908,normal
1323,1781099992.141724,normal
1324,1781099992.143285,normal
1325,1781099992.145246,normal
1326,1781099992.147048,normal
1327,1781099992.148726,normal
1328,1781099992.151252,normal
1329,1781099992.153599,normal
1330,1781099992.156710,normal
1331,1781099992.158870,normal
1332,1781099992.162101,normal
1333,1781099992.163578,normal
1334,1781099992.166611,syn_flood
1335,1781099992.169094,normal
1336,1781099992.170966,normal
1337,1781099992.173154,normal
1338,1781099992.174847,normal
1339,1781099992.176705,syn_flood
1340,1781099992.178300,normal
1341,1781099992.181398,normal
1342,1781099992.184510,normal
1343,1781099992.188981,normal
1344,1781099992.191046,normal
1345,1781099992.193469,normal
1346,1781099992.195580,normal
1347,1781099992.197379,normal
1348,1781099992.199623,normal
1349,1781099992.202423,syn_flood
1350,1781099992.205271,normal
1351,1781099992.207181,normal
1352,1781099992.209077,normal
1353,1781099992.211672,normal
1354,1781099992.214069,normal
1355,1781099992.216852,normal
1356,1781099992.220086,normal
1357,1781099992.222149,normal
1358,1781099992.224077,normal
1359,1781099992.226044,normal
1360,1781099992.228392,normal
1361,1781099992.231287,normal
1362,1781099992.234165,normal
1363,1781099992.236389,normal
1364,1781099992.238330,normal
1365,1781099992.240388,normal
1366,1781099992.243565,normal
1367,1781099992.246619,normal
1368,1781099992.249002,normal
1369,1781099992.251215,normal
1370,1781099992.252567,normal
1371,1781099992.254630,udp_reflection
1372,1781099992.256477,normal
1373,1781099992.259031,normal
1374,1781099992.261154,udp_reflection
1375,1781099992.263581,normal
1376,1781099992.265498,normal
1377,1781099992.266510,normal
1378,1781099992.268276,normal
1379,1781099992.270975,normal
1380,1781099992.272598,normal
1381,1781099992.275208,normal
1382,1781099992.277533,normal
1383,1781099992.280079,http_flood
1384,1781099992.283168,normal
1385,1781099992.285249,normal
1386,1781099992.287232,normal
1387,1781099992.289088,normal
1388,1781099992.290966,normal
1389,1781099992.293196,normal
1390,1781099992.295265,normal
1391,1781099992.297487,normal
1392,1781099992.299864,normal
1393,1781099992.301437,normal
1394,1781099992.304679,normal
1395,1781099992.306642,normal
1396,1781099992.309148,normal
1397,1781099992.311354,normal
1398,1781099992.313816,normal
1399,1781099992.315954,normal
1400,1781099992.318352,normal
1401,1781099992.319776,normal
1402,1781099992.322494,normal
1403,1781099992.324197,normal
1404,1781099992.326580,normal
1405,1781099992.329604,normal
1406,1781099992.332207,normal
1407,1781099992.334634,normal
1408,1781099992.336902,normal
1409,1781099992.339728,udp_reflection
1410,1781099992.341361,normal
1411,1781099992.343490,http_flood
1412,1781099992.346142,http_flood
1413,1781099992.347759,normal
1414,1781099992.349588,normal
1415,1781099992.352039,normal
1416,1781099992.353376,normal
1417,1781099992.354999,normal
1418,1781099992.356539,normal
1419,1781099992.358766,normal
1420,1781099992.360887,normal
1421,1781099992.363214,normal
1422,1781099992.365011,normal
1423,1781099992.366797,normal
1424,1781099992.369474,normal
1425,1781099992.371280,normal
1426,1781099992.372999,normal
1427,1781099992.374628,syn_flood
1428,1781099992.376982,normal
1429,1781099992.378526,normal
1430,1781099992.380889,normal
1431,1781099992.382804,normal
1432,1781099992.384310,normal
1433,1781099992.385806,normal
1434,1781099992.387784,normal
1435,1781099992.389547,normal
1436,1781099992.391502,normal
1437,1781099992.393834,syn_flood
1438,1781099992.395490,normal
1439,1781099992.397264,normal
1440,1781099992.399197,normal
1441,1781099992.401600,normal
1442,1781099992.404232,normal
1443,1781099992.406727,normal
1444,1781099992.409389,normal
1445,1781099992.411881,normal
1446,1781099992.413981,normal
1447,1781099992.417277,normal
1448,1781099992.419302,normal
1449,1781099992.421151,normal
1450,1781099992.423709,normal
1451,1781099992.426012,normal
1452,1781099992.428491,normal
1453,1781099992.430602,normal
1454,1781099992.432730,normal
1455,1781099992.435329,normal
1456,1781099992.438105,normal
1457,1781099992.441106,normal
1458,1781099992.443495,normal
1459,1781099992.445351,normal
1460,1781099992.447380,normal
1461,1781099992.449423,normal
1462,1781099992.450951,normal
1463,1781099992.454957,normal
1464,1781099992.457107,normal
1465,1781099992.459599,normal
1466,1781099992.462395,normal
1467,1781099992.466007,http_flood
1468,1781099992.468082,normal
1469,1781099992.470087,normal
1470,1781099992.471760,normal
1471,1781099992.473173,http_flood
1472,1781099992.475711,normal
1473,1781099992.478109,normal
1474,1781099992.480312,normal
1475,1781099992.482881,normal
1476,1781099992.486378,normal
1477,1781099992.488684,normal
1478,1781099992.490460,normal
1479,1781099992.491981,normal
1480,1781099992.493601,udp_reflection
1481,1781099992.495389,normal
1482,1781099992.497516,normal
1483,1781099992.500240,normal
1484,1781099992.502560,normal
1485,1781099992.504363,normal
1486,1781099992.506270,normal
1487,1781099992.508727,normal
1488,1781099992.511285,normal
1489,1781099992.513640,normal
1490,1781099992.515671,normal
1491,1781099992.518285,udp_reflection
1492,1781099992.520461,normal
1493,1781099992.523148,normal
1494,1781099992.525285,normal
1495,1781099992.527205,normal
1496,1781099992.530278,normal
1497,1781099992.531950,normal
1498,1781099992.534577,normal
1499,1781099992.536673,normal
1500,1781099992.539915,udp_reflection
1501,1781099992.541465,normal
1502,1781099992.542515,normal
1503,1781099992.544197,normal
1504,1781099992.546261,normal
1505,1781099992.548398,normal
1506,1781099992.550618,normal
1507,1781099992.553051,normal
1508,1781099992.554710,normal
1509,1781099992.556453,normal
1510,1781099992.558670,normal
1511,1781099992.560638,normal
1512,1781099992.563102,normal
1513,1781099992.565132,normal
1514,1781099992.566835,normal
1515,1781099992.568937,normal
1516,1781099992.570810,normal
1517,1781099992.572828,normal
1518,1781099992.575115,normal
1519,1781099992.577318,normal
1520,1781099992.578641,normal
1521,1781099992.581027,normal
1522,1781099992.582729,normal
1523,1781099992.584912,normal
1524,1781099992.586103,syn_flood
1525,1781099992.589119,normal
1526,1781099992.590884,udp_reflection
1527,1781099992.592302,normal
1528,1781099992.593601,normal
1529,1781099992.596813,normal
1530,1781099992.599988,normal
1531,1781099992.601619,syn_flood
1532,1781099992.603045,normal
1533,1781099992.604901,normal
1534,1781099992.606853,normal
1535,1781099992.609087,normal
1536,1781099992.610259,normal
1537,1781099992.613078,normal
1538,1781099992.615290,normal
1539,1781099992.617277,normal
1540,1781099992.620589,normal
1541,1781099992.622609,normal
1542,1781099992.624527,normal
1543,1781099992.626567,normal
1544,1781099992.628418,normal
1545,1781099992.630085,normal
1546,1781099992.633367,normal
1547,1781099992.635233,syn_flood
1548,1781099992.637556,normal
1549,1781099992.639362,normal
1550,1781099992.642531,normal
1551,1781099992.644958,normal
1552,1781099992.647585,udp_reflection
1553,1781099992.650095,normal
1554,1781099992.652837,http_flood
1555,1781099992.655513,normal
1556,1781099992.657482,normal
1557,1781099992.659668,normal
1558,1781099992.661107,normal
1559,1781099992.662795,normal
1560,1781099992.665008,normal
1561,1781099992.667859,normal
1562,1781099992.669863,normal
1563,1781099992.671723,normal
1564,1781099992.674473,normal
1565,1781099992.676981,normal
1566,1781099992.678595,syn_flood
1567,1781099992.680556,syn_flood
1568,1781099992.682980,syn_flood
1569,1781099992.685088,http_flood
1570,1781099992.686846,normal
1571,1781099992.689469,http_flood
1572,1781099992.692253,normal
1573,1781099992.694133,normal
1574,1781099992.696517,normal
1575,1781099992.698498,udp_reflection
1576,1781099992.700248,normal
1577,1781099992.701933,normal
1578,1781099992.704262,normal
1579,1781099992.706127,normal
1580,1781099992.708105,normal
1581,1781099992.709942,normal
1582,1781099992.711854,normal
1583,1781099992.713414,normal
1584,1781099992.715228,normal
1585,1781099992.717680,normal
1586,1781099992.720495,normal
1587,1781099992.722075,normal
1588,1781099992.725288,normal
1589,1781099992.726808,normal
1590,1781099992.728307,normal
1591,1781099992.730076,normal
1592,1781099992.732708,normal
1593,1781099992.735470,normal
1594,1781099992.737734,normal
1595,1781099992.740088,normal
1596,1781099992.742139,normal
1597,1781099992.744479,syn_flood
1598,1781099992.746214,normal
1599,1781099992.748968,normal
1600,1781099992.750726,normal
1601,1781099992.752720,normal
1602,1781099992.755838,normal
1603,1781099992.758245,normal
1604,1781099992.759889,normal
1605,1781099992.762134,normal
1606,1781099992.763546,normal
1607,1781099992.765577,normal
1608,1781099992.768715,normal
1609,1781099992.770719,normal
1610,1781099992.773999,normal
1611,1781099992.776594,http_flood
1612,1781099992.779444,normal
1613,1781099992.781049,normal
1614,1781099992.783212,normal
1615,1781099992.786365,normal
1616,1781099992.789538,normal
1617,1781099992.791727,normal
1618,1781099992.794623,normal
1619,1781099992.797178,udp_reflection
1620,1781099992.800142,normal
1621,1781099992.802550,normal
1622,1781099992.804492,normal
1623,1781099992.806632,normal
1624,1781099992.809223,normal
1625,1781099992.811209,normal
1626,1781099992.813913,normal
1627,1781099992.816017,normal
1628,1781099992.818432,normal
1629,1781099992.820880,normal
1630,1781099992.823171,normal
1631,1781099992.825063,normal
1632,1781099992.828344,normal
1633,1781099992.830029,normal
1634,1781099992.832047,normal
1635,1781099992.834144,normal
1636,1781099992.836115,normal
1637,1781099992.838199,normal
1638,1781099992.840310,udp_reflection
1639,1781099992.843292,normal
1640,1781099992.845572,normal
1641,1781099992.847706,normal
1642,1781099992.849627,normal
1643,1781099992.851788,normal
1644,1781099992.853713,normal
1645,1781099992.855287,normal
1646,1781099992.856988,normal
1647,1781099992.858810,normal
1648,1781099992.861339,normal
1649,1781099992.864625,normal
1650,1781099992.866659,normal
1651,1781099992.868939,normal
1652,1781099992.872108,normal
1653,1781099992.873636,normal
1654,1781099992.875740,normal
1655,1781099992.878191,normal
1656,1781099992.880309,normal
1657,1781099992.882522,normal
1658,1781099992.885556,normal
1659,1781099992.888574,syn_flood
1660,1781099992.890818,normal
1661,1781099992.892480,normal
1662,1781099992.894776,udp_reflection
1663,1781099992.896450,normal
1664,1781099992.898926,normal
1665,1781099992.900658,normal
1666,1781099992.902951,normal
1667,1781099992.905213,normal
1668,1781099992.907183,normal
1669,1781099992.908853,normal
1670,1781099992.911229,udp_reflection
1671,1781099992.912559,normal
1672,1781099992.915823,normal
1673,1781099992.917476,syn_flood
1674,1781099992.919485,normal
1675,1781099992.922722,normal
1676,1781099992.924706,normal
1677,1781099992.926840,normal
1678,1781099992.928565,normal
1679,1781099992.931018,normal
1680,1781099992.932982,normal
1681,1781099992.935949,normal
1682,1781099992.937650,normal
1683,1781099992.939614,normal
1684,1781099992.941768,normal
1685,1781099992.944570,normal
1686,1781099992.946397,normal
1687,1781099992.948446,normal
1688,1781099992.950713,normal
1689,1781099992.952769,normal
1690,1781099992.955029,normal
1691,1781099992.956759,normal
1692,1781099992.958751,normal
1693,1781099992.960657,normal
1694,1781099992.962800,normal
1695,1781099992.965744,syn_flood
1696,1781099992.968122,normal
1697,1781099992.970485,normal
1698,1781099992.973013,normal
1699,1781099992.975738,normal
1700,1781099992.977321,normal
1701,1781099992.979855,normal
1702,1781099992.982343,normal
1703,1781099992.984213,normal
1704,1781099992.985987,normal
1705,1781099992.988938,normal
1706,1781099992.990858,normal
1707,1781099992.992776,normal
1708,1781099992.994367,normal
1709,1781099992.996359,normal
1710,1781099992.997632,normal
1711,1781099993.000230,normal
1712,1781099993.001963,http_flood
1713,1781099993.003801,normal
1714,1781099993.005633,normal
1715,1781099993.007554,normal
1716,1781099993.009933,normal
1717,1781099993.012025,normal
1718,1781099993.013633,normal
1719,1781099993.015904,normal
1720,1781099993.018312,udp_reflection
1721,1781099993.020179,normal
1722,1781099993.022413,normal
1723,1781099993.023856,normal
1724,1781099993.026129,udp_reflection
1725,1781099993.028210,normal
1726,1781099993.030006,normal
1727,1781099993.032815,normal
1728,1781099993.034936,normal
1729,1781099993.037608,normal
1730,1781099993.040200,normal
1731,1781099993.042088,normal
1732,1781099993.044550,normal
1733,1781099993.046933,normal
1734,1781099993.049587,normal
1735,1781099993.051458,normal
1736,1781099993.053297,normal
1737,1781099993.056207,normal
1738,1781099993.057849,normal
1739,1781099993.059969,normal
1740,1781099993.063182,normal
1741,1781099993.064805,normal
1742,1781099993.066706,normal
1743,1781099993.069709,normal
1744,1781099993.071563,normal
1745,1781099993.074438,normal
1746,1781099993.077085,normal
1747,1781099993.079382,normal
1748,1781099993.080969,normal
1749,1781099993.083046,normal
1750,1781099993.085212,http_flood
1751,1781099993.087913,normal
1752,1781099993.089696,normal
1753,1781099993.092423,normal
1754,1781099993.094616,normal
1755,1781099993.096707,normal
1756,1781099993.098813,normal
1757,1781099993.102337,normal
1758,1781099993.105460,normal
1759,1781099993.106996,normal
1760,1781099993.109888,normal
1761,1781099993.112229,normal
1762,1781099993.114431,normal
1763,1781099993.116420,normal
1764,1781099993.118285,normal
1765,1781099993.119339,normal
1766,1781099993.121524,normal
1767,1781099993.123936,normal
1768,1781099993.125921,normal
1769,1781099993.127397,normal
1770,1781099993.130045,normal
1771,1781099993.131768,normal
1772,1781099993.134195,normal
1773,1781099993.136361,normal
1774,1781099993.139327,normal
1775,1781099993.141058,normal
1776,1781099993.142928,normal
1777,1781099993.145328,normal
1778,1781099993.147532,normal
1779,1781099993.149337,normal
1780,1781099993.151583,normal
1781,1781099993.153046,normal
1782,1781099993.155136,normal
1783,1781099993.157086,normal
1784,1781099993.160656,syn_flood
1785,1781099993.162644,normal
1786,1781099993.164708,normal
1787,1781099993.167143,normal
1788,1781099993.169200,normal
1789,1781099993.171968,normal
1790,1781099993.174191,normal
1791,1781099993.175797,normal
1792,1781099993.178050,normal
1793,1781099993.179598,normal
1794,1781099993.181373,normal
1795,1781099993.184011,normal
1796,1781099993.186986,normal
1797,1781099993.189218,normal
1798,1781099993.190620,normal
1799,1781099993.192014,normal
1800,1781099993.193590,normal
1801,1781099993.196283,normal
1802,1781099993.198614,normal
1803,1781099993.200701,normal
1804,1781099993.203077,normal
1805,1781099993.204835,normal
1806,1781099993.208473,normal
1807,1781099993.210088,normal
1808,1781099993.212081,normal
1809,1781099993.213712,normal
1810,1781099993.215996,normal
1811,1781099993.217408,normal
1812,1781099993.219359,normal
1813,1781099993.221426,normal
1814,1781099993.224532,normal
1815,1781099993.226360,syn_flood
1816,1781099993.228626,normal
1817,1781099993.231632,normal
1818,1781099993.234364,normal
1819,1781099993.236835,normal
1820,1781099993.238608,normal
1821,1781099993.241597,udp_reflection
1822,1781099993.243338,normal
1823,1781099993.245229,normal
1824,1781099993.247373,normal
1825,1781099993.249880,normal
1826,1781099993.252812,normal
1827,1781099993.254434,normal
1828,1781099993.256438,normal
1829,1781099993.258512,syn_flood
1830,1781099993.260715,normal
1831,1781099993.262497,normal
1832,1781099993.264985,normal
1833,1781099993.267173,normal
1834,1781099993.269529,normal
1835,1781099993.271513,normal
1836,1781099993.273956,normal
1837,1781099993.275784,normal
1838,1781099993.277468,normal
1839,1781099993.279524,normal
1840,1781099993.281643,normal
1841,1781099993.283462,normal
1842,1781099993.285301,syn_flood
1843,1781099993.286876,normal
1844,1781099993.288627,normal
1845,1781099993.290345,normal
1846,1781099993.292718,normal
1847,1781099993.294798,normal
1848,1781099993.296736,normal
1849,1781099993.298865,normal
1850,1781099993.300523,normal
1851,1781099993.303979,normal
1852,1781099993.305912,udp_reflection
1853,1781099993.308657,normal
1854,1781099993.311150,normal
1855,1781099993.313776,normal
1856,1781099993.315650,udp_reflection
1857,1781099993.318028,normal
1858,1781099993.320589,normal
1859,1781099993.322826,normal
1860,1781099993.324800,normal
1861,1781099993.326936,normal
1862,1781099993.328326,normal
1863,1781099993.330295,normal
1864,1781099993.331993,normal
1865,1781099993.334097,syn_flood
1866,1781099993.336089,normal
1867,1781099993.339024,normal
1868,1781099993.340824,normal
1869,1781099993.342625,normal
1870,1781099993.344736,normal
1871,1781099993.346511,normal
1872,1781099993.348485,normal
1873,1781099993.349964,normal
1874,1781099993.352221,normal
1875,1781099993.354335,normal
1876,1781099993.355840,normal
1877,1781099993.358476,normal
1878,1781099993.360492,normal
1879,1781099993.362870,normal
1880,1781099993.364340,normal
1881,1781099993.366427,normal
1882,1781099993.368294,normal
1883,1781099993.370367,normal
1884,1781099993.372266,normal
1885,1781099993.374453,normal
1886,1781099993.375892,normal
1887,1781099993.377785,normal
1888,1781099993.379776,normal
1889,1781099993.381556,http_flood
1890,1781099993.382773,normal
1891,1781099993.384877,normal
1892,1781099993.386719,normal
1893,1781099993.390706,normal
1894,1781099993.392857,normal
1895,1781099993.395555,normal
1896,1781099993.397799,normal
1897,1781099993.400676,normal
1898,1781099993.403274,normal
1899,1781099993.405419,normal
1900,1781099993.406920,normal
1901,1781099993.408450,normal
1902,1781099993.410454,normal
1903,1781099993.412179,normal
1904,1781099993.414800,normal
1905,1781099993.418216,normal
1906,1781099993.420744,normal
1907,1781099993.422621,normal
1908,1781099993.424567,normal
1909,1781099993.426835,normal
1910,1781099993.428364,normal
1911,1781099993.430026,normal
1912,1781099993.432188,normal
1913,1781099993.434408,syn_flood
1914,1781099993.436733,normal
1915,1781099993.438850,normal
1916,1781099993.441437,normal
1917,1781099993.443820,normal
1918,1781099993.445261,normal
1919,1781099993.447279,normal
1920,1781099993.449650,normal
1921,1781099993.451286,normal
1922,1781099993.453985,normal
1923,1781099993.455653,normal
1924,1781099993.458442,normal
1925,1781099993.460226,normal
1926,1781099993.462608,normal
1927,1781099993.464955,normal
1928,1781099993.467966,normal
1929,1781099993.470454,normal
1930,1781099993.472159,normal
1931,1781099993.474122,normal
1932,1781099993.476206,normal
1933,1781099993.478358,udp_reflection
1934,1781099993.480116,normal
1935,1781099993.482173,normal
1936,1781099993.484477,normal
1937,1781099993.486140,normal
1938,1781099993.488056,normal
1939,1781099993.489993,normal
1940,1781099993.493553,normal
1941,1781099993.495678,normal
1942,1781099993.497683,normal
1943,1781099993.500021,normal
1944,1781099993.501439,normal
1945,1781099993.503792,normal
1946,1781099993.505779,normal
1947,1781099993.507528,normal
1948,1781099993.509488,http_flood
1949,1781099993.511458,normal
1950,1781099993.513174,normal
1951,1781099993.515166,normal
1952,1781099993.517351,normal
1953,1781099993.519827,normal
1954,1781099993.523926,normal
1955,1781099993.526075,syn_flood
1956,1781099993.529389,normal
1957,1781099993.531993,normal
1958,1781099993.534208,normal
1959,1781099993.536552,normal
1960,1781099993.538704,normal
1961,1781099993.540282,normal
1962,1781099993.543188,normal
1963,1781099993.545376,normal
1964,1781099993.547645,normal
1965,1781099993.549115,normal
1966,1781099993.552146,normal
1967,1781099993.554541,normal
1968,1781099993.556704,normal
1969,1781099993.559075,normal
1970,1781099993.561409,normal
1971,1781099993.562843,normal
1972,1781099993.565050,normal
1973,1781099993.567273,syn_flood
1974,1781099993.569179,normal
1975,1781099993.571764,normal
1976,1781099993.573649,normal
1977,1781099993.575649,normal
1978,1781099993.578695,normal
1979,1781099993.580206,normal
1980,1781099993.582188,normal
1981,1781099993.584394,normal
1982,1781099993.587111,normal
1983,1781099993.589160,udp_reflection
1984,1781099993.590332,normal
1985,1781099993.592453,normal
1986,1781099993.594604,normal
1987,1781099993.597363,normal
1988,1781099993.598932,normal
1989,1781099993.600719,http_flood
1990,1781099993.602617,http_flood
1991,1781099993.604552,normal
1992,1781099993.606381,normal
1993,1781099993.608544,normal
1994,1781099993.612125,normal
1995,1781099993.614025,normal
1996,1781099993.616229,normal
1997,1781099993.618934,normal
1998,1781099993.621727,normal
1999,1781099993.623992,normal
2000,1781099993.625331,normal
2001,1781099993.626618,normal
2002,1781099993.629390,normal
2003,1781099993.630947,normal
2004,1781099993.633122,normal
2005,1781099993.634809,normal
2006,1781099993.636956,syn_flood
2007,1781099993.638602,normal
2008,1781099993.640323,normal
2009,1781099993.642681,normal
2010,1781099993.644512,normal
2011,1781099993.646763,normal
2012,1781099993.649241,normal
2013,1781099993.651674,normal
2014,1781099993.653440,normal
2015,1781099993.655795,normal
2016,1781099993.658055,normal
2017,1781099993.660197,syn_flood
2018,1781099993.662324,normal
2019,1781099993.664172,normal
2020,1781099993.666465,normal
2021,1781099993.668278,normal
2022,1781099993.669628,normal
2023,1781099993.671488,normal
2024,1781099993.673748,normal
2025,1781099993.675546,normal
2026,1781099993.678018,normal
2027,1781099993.679559,normal
2028,1781099993.681631,normal
2029,1781099993.684016,normal
2030,1781099993.685757,normal
2031,1781099993.687497,normal
2032,1781099993.689324,normal
2033,1781099993.692726,normal
2034,1781099993.694911,syn_flood
2035,1781099993.696420,udp_reflection
2036,1781099993.698127,normal
2037,1781099993.700239,normal
2038,1781099993.702252,normal
2039,1781099993.704646,normal
2040,1781099993.706567,normal
2041,1781099993.708038,normal
2042,1781099993.710085,normal
2043,1781099993.711850,normal
2044,1781099993.714050,normal
2045,1781099993.716571,normal
2046,1781099993.718827,normal
2047,1781099993.721003,normal
2048,1781099993.722903,normal
2049,1781099993.725748,normal
2050,1781099993.728525,normal
2051,1781099993.730924,normal
2052,1781099993.733711,normal
2053,1781099993.737035,normal
2054,1781099993.739173,normal
2055,1781099993.741077,normal
2056,1781099993.742685,normal
2057,1781099993.745465,normal
2058,1781099993.748252,normal
2059,1781099993.750751,normal
2060,1781099993.752882,normal
2061,1781099993.755492,normal
2062,1781099993.757670,normal
2063,1781099993.759606,normal
2064,1781099993.762761,normal
2065,1781099993.764576,normal
2066,1781099993.765995,normal
2067,1781099993.767943,normal
2068,1781099993.770306,normal
2069,1781099993.772005,normal
2070,1781099993.773641,normal
2071,1781099993.775708,normal
2072,1781099993.777527,normal
2073,1781099993.780202,normal
2074,1781099993.782454,udp_reflection
2075,1781099993.784880,normal
2076,1781099993.786508,normal
2077,1781099993.788085,normal
2078,1781099993.791005,normal
2079,1781099993.792984,normal
2080,1781099993.795527,normal
2081,1781099993.797574,udp_reflection
2082,1781099993.799219,normal
2083,1781099993.800982,normal
2084,1781099993.803723,normal
2085,1781099993.805515,normal
2086,1781099993.808606,normal
2087,1781099993.811623,normal
2088,1781099993.813723,normal
2089,1781099993.815255,udp_reflection
2090,1781099993.816930,normal
2091,1781099993.819912,normal
2092,1781099993.821289,normal
2093,1781099993.823257,normal
2094,1781099993.825391,syn_flood
2095,1781099993.827746,syn_flood
2096,1781099993.829877,normal
2097,1781099993.831929,normal
2098,1781099993.833672,normal
2099,1781099993.835754,normal
2100,1781099993.838164,normal
2101,1781099993.840503,normal
2102,1781099993.842657,udp_reflection
2103,1781099993.844905,http_flood
2104,1781099993.846858,udp_reflection
2105,1781099993.849395,normal
2106,1781099993.852365,normal
2107,1781099993.855397,normal
2108,1781099993.857091,normal
2109,1781099993.859508,normal
2110,1781099993.861719,normal
2111,1781099993.863393,normal
2112,1781099993.865393,normal
2113,1781099993.867140,normal
2114,1781099993.868987,normal
2115,1781099993.871172,normal
2116,1781099993.873168,syn_flood
2117,1781099993.875615,normal
2118,1781099993.877990,normal
2119,1781099993.881812,syn_flood
2120,1781099993.883269,normal
2121,1781099993.885177,normal
2122,1781099993.887740,normal
2123,1781099993.889941,normal
2124,1781099993.892741,http_flood
2125,1781099993.894510,normal
2126,1781099993.896516,normal
2127,1781099993.898589,normal
2128,1781099993.900291,normal
2129,1781099993.902812,normal
2130,1781099993.904785,normal
2131,1781099993.907255,normal
2132,1781099993.909491,normal
2133,1781099993.911778,normal
2134,1781099993.913965,normal
2135,1781099993.916255,normal
2136,1781099993.918524,normal
2137,1781099993.921129,normal
2138,1781099993.923393,normal
2139,1781099993.925593,normal
2140,1781099993.928587,normal
2141,1781099993.930223,normal
2142,1781099993.932139,normal
2143,1781099993.934426,normal
2144,1781099993.937690,normal
2145,1781099993.940115,normal
2146,1781099993.941928,normal
2147,1781099993.945739,normal
2148,1781099993.948961,normal
2149,1781099993.951304,normal
2150,1781099993.952968,http_flood
2151,1781099993.955066,normal
2152,1781099993.957458,normal
2153,1781099993.960428,normal
2154,1781099993.962235,udp_reflection
2155,1781099993.964487,normal
2156,1781099993.966632,udp_reflection
2157,1781099993.968683,normal
2158,1781099993.970757,normal
2159,1781099993.973289,normal
2160,1781099993.975668,normal
2161,1781099993.977888,normal
2162,1781099993.979917,udp_reflection
2163,1781099993.982018,normal
2164,1781099993.983674,normal
2165,1781099993.985573,normal
2166,1781099993.987962,normal
2167,1781099993.991920,normal
2168,1781099993.994208,normal
2169,1781099993.996659,normal
2170,1781099993.999094,normal
2171,1781099994.002254,normal
2172,1781099994.003778,syn_flood
2173,1781099994.006597,normal
2174,1781099994.009051,normal
2175,1781099994.011023,normal
2176,1781099994.013672,http_flood
2177,1781099994.015691,normal
2178,1781099994.017562,normal
2179,1781099994.019240,normal
2180,1781099994.021296,normal
2181,1781099994.023525,normal
2182,1781099994.026002,normal
2183,1781099994.029206,normal
2184,1781099994.031130,normal
2185,1781099994.034438,udp_reflection
2186,1781099994.035872,normal
2187,1781099994.038998,normal
2188,1781099994.041130,normal
2189,1781099994.042737,normal
2190,1781099994.044621,normal
2191,1781099994.045970,normal
2192,1781099994.048374,normal
2193,1781099994.051258,normal
2194,1781099994.052828,normal
2195,1781099994.055036,normal
2196,1781099994.057303,normal
2197,1781099994.058938,normal
2198,1781099994.060912,normal
2199,1781099994.063401,normal
2200,1781099994.066156,normal
2201,1781099994.068202,normal
2202,1781099994.070719,normal
2203,1781099994.072221,normal
2204,1781099994.075370,normal
2205,1781099994.077534,normal
2206,1781099994.079397,normal
2207,1781099994.081884,normal
2208,1781099994.084536,normal
2209,1781099994.086775,normal
2210,1781099994.088476,normal
2211,1781099994.090450,normal
2212,1781099994.093105,normal
2213,1781099994.094543,normal
2214,1781099994.096551,normal
2215,1781099994.098792,normal
2216,1781099994.100833,normal
2217,1781099994.102815,normal
2218,1781099994.104559,normal
2219,1781099994.107186,normal
2220,1781099994.109472,normal
2221,1781099994.112466,normal
2222,1781099994.115466,normal
2223,1781099994.118609,http_flood
2224,1781099994.120129,http_flood
2225,1781099994.121992,normal
2226,1781099994.123781,normal
2227,1781099994.125646,normal
2228,1781099994.127914,normal
2229,1781099994.130456,normal
2230,1781099994.132882,normal
2231,1781099994.135045,normal
2232,1781099994.137646,normal
2233,1781099994.139653,normal
2234,1781099994.142179,normal
2235,1781099994.143677,normal
2236,1781099994.145508,normal
2237,1781099994.148146,syn_flood
2238,1781099994.150152,normal
2239,1781099994.152473,normal
2240,1781099994.154747,normal
2241,1781099994.156681,syn_flood
2242,1781099994.159501,normal
2243,1781099994.161375,normal
2244,1781099994.163529,normal
2245,1781099994.165549,normal
2246,1781099994.167512,normal
2247,1781099994.169704,normal
2248,1781099994.172601,normal
2249,1781099994.175906,udp_reflection
2250,1781099994.177651,normal
2251,1781099994.179792,normal
2252,1781099994.181693,normal
2253,1781099994.182401,normal
2254,1781099994.183095,normal
2255,1781099994.183671,normal
2256,1781099994.184497,normal
2257,1781099994.185232,normal
2258,1781099994.185899,udp_reflection
2259,1781099994.186699,normal
2260,1781099994.187388,udp_reflection
2261,1781099994.188021,udp_reflection
2262,1781099994.188723,syn_flood
2263,1781099994.189386,normal
2264,1781099994.190215,udp_reflection
2265,1781099994.190852,http_flood
2266,1781099994.191645,udp_reflection
2267,1781099994.192544,normal
2268,1781099994.193137,normal
2269,1781099994.193810,normal
2270,1781099994.194498,normal
2271,1781099994.195029,normal
2272,1781099994.195705,normal
2273,1781099994.196175,http_flood
2274,1781099994.196864,normal
2275,1781099994.197519,normal
2276,1781099994.198196,normal
2277,1781099994.198608,normal
2278,1781099994.199496,syn_flood
2279,1781099994.200168,normal
2280,1781099994.200720,normal
2281,1781099994.201488,syn_flood
2282,1781099994.202097,normal
2283,1781099994.202627,normal
2284,1781099994.203358,http_flood
2285,1781099994.204020,normal
2286,1781099994.204765,normal
2287,1781099994.205530,normal
2288,1781099994.206003,syn_flood
2289,1781099994.206471,udp_reflection
2290,1781099994.206969,normal
2291,1781099994.207535,normal
2292,1781099994.208078,normal
2293,1781099994.208688,normal
2294,1781099994.209340,normal
2295,1781099994.209932,normal
2296,1781099994.210376,normal
2297,1781099994.210837,normal
2298,1781099994.211586,syn_flood
2299,1781099994.212164,normal
2300,1781099994.212760,http_flood
2301,1781099994.213317,http_flood
2302,1781099994.213686,normal
2303,1781099994.214167,normal
2304,1781099994.214961,normal
2305,1781099994.215543,normal
2306,1781099994.216387,udp_reflection
2307,1781099994.217383,normal
2308,1781099994.218508,normal
2309,1781099994.219424,normal
2310,1781099994.220012,normal
2311,1781099994.220624,normal
2312,1781099994.221459,http_flood
2313,1781099994.222287,udp_reflection
2314,1781099994.223106,normal
2315,1781099994.223910,normal
2316,1781099994.224561,normal
2317,1781099994.225155,http_flood
2318,1781099994.225776,normal
2319,1781099994.226363,normal
2320,1781099994.226880,normal
2321,1781099994.227570,udp_reflection
2322,1781099994.228192,udp_reflection
2323,1781099994.228821,normal
2324,1781099994.229527,udp_reflection
2325,1781099994.230008,syn_flood
2326,1781099994.230756,normal
2327,1781099994.231356,normal
2328,1781099994.231931,normal
2329,1781099994.232657,normal
2330,1781099994.233566,normal
2331,1781099994.234062,http_flood
2332,1781099994.234579,syn_flood
2333,1781099994.235209,udp_reflection
2334,1781099994.235796,http_flood
2335,1781099994.236388,http_flood
2336,1781099994.237121,normal
2337,1781099994.237577,normal
2338,1781099994.238461,syn_flood
2339,1781099994.239017,normal
2340,1781099994.239609,normal
2341,1781099994.240377,normal
2342,1781099994.241005,normal
2343,1781099994.241789,http_flood
2344,1781099994.242274,http_flood
2345,1781099994.242850,normal
2346,1781099994.243253,http_flood
2347,1781099994.243659,normal
2348,1781099994.244337,normal
2349,1781099994.244853,http_flood
2350,1781099994.245479,syn_flood
2351,1781099994.245990,normal
2352,1781099994.246758,udp_reflection
2353,1781099994.247448,udp_reflection
2354,1781099994.248063,http_flood
2355,1781099994.248656,http_flood
2356,1781099994.249304,normal
2357,1781099994.250403,udp_reflection
2358,1781099994.251003,http_flood
2359,1781099994.251685,normal
2360,1781099994.252252,normal
2361,1781099994.253044,syn_flood
2362,1781099994.253635,udp_reflection
2363,1781099994.254454,normal
2364,1781099994.255043,udp_reflection
2365,1781099994.255425,normal
2366,1781099994.256124,http_flood
2367,1781099994.256717,normal
2368,1781099994.257625,syn_flood
2369,1781099994.258223,normal
2370,1781099994.258811,http_flood
2371,1781099994.259511,http_flood
2372,1781099994.260076,http_flood
2373,1781099994.260585,normal
2374,1781099994.261321,udp_reflection
2375,1781099994.262068,normal
2376,1781099994.262741,normal
2377,1781099994.263453,normal
2378,1781099994.264243,normal
2379,1781099994.264784,normal
2380,1781099994.265621,normal
2381,1781099994.265989,udp_reflection
2382,1781099994.266800,normal
2383,1781099994.267331,syn_flood
2384,1781099994.268078,normal
2385,1781099994.268814,udp_reflection
2386,1781099994.269383,normal
2387,1781099994.270206,syn_flood
2388,1781099994.270680,normal
2389,1781099994.271021,normal
2390,1781099994.271622,normal
2391,1781099994.272121,syn_flood
2392,1781099994.272614,http_flood
2393,1781099994.273207,normal
2394,1781099994.273813,normal
2395,1781099994.274359,http_flood
2396,1781099994.275107,syn_flood
2397,1781099994.275818,syn_flood
2398,1781099994.276342,normal
2399,1781099994.277008,normal
2400,1781099994.277442,normal
2401,1781099994.278044,normal
2402,1781099994.278744,normal
2403,1781099994.279267,udp_reflection
2404,1781099994.279761,normal
2405,1781099994.280212,normal
2406,1781099994.280822,normal
2407,1781099994.281483,normal
2408,1781099994.282021,normal
2409,1781099994.282672,normal
2410,1781099994.283591,normal
2411,1781099994.283939,syn_flood
2412,1781099994.284578,syn_flood
2413,1781099994.285353,normal
2414,1781099994.285957,udp_reflection
2415,1781099994.286412,normal
2416,1781099994.287013,normal
2417,1781099994.287358,normal
2418,1781099994.287805,normal
2419,1781099994.288323,normal
2420,1781099994.288946,normal
2421,1781099994.289469,udp_reflection
2422,1781099994.290434,normal
2423,1781099994.290965,normal
2424,1781099994.291656,syn_flood
2425,1781099994.292603,normal
2426,1781099994.293058,http_flood
2427,1781099994.293590,syn_flood
2428,1781099994.294249,udp_reflection
2429,1781099994.294904,normal
2430,1781099994.295637,http_flood
2431,1781099994.296224,normal
2432,1781099994.296851,udp_reflection
2433,1781099994.297627,udp_reflection
2434,1781099994.298241,normal
2435,1781099994.299041,http_flood
2436,1781099994.300300,normal
2437,1781099994.300849,normal
2438,1781099994.301329,normal
2439,1781099994.301854,normal
2440,1781099994.302517,normal
2441,1781099994.302996,syn_flood
2442,1781099994.303873,normal
2443,1781099994.304658,normal
2444,1781099994.305219,normal
2445,1781099994.305791,normal
2446,1781099994.306458,normal
2447,1781099994.307194,normal
2448,1781099994.307790,udp_reflection
2449,1781099994.308440,syn_flood
2450,1781099994.308990,normal
2451,1781099994.309602,normal
2452,1781099994.310498,udp_reflection
2453,1781099994.311090,normal
2454,1781099994.311823,normal
2455,1781099994.312861,normal
2456,1781099994.313523,normal
2457,1781099994.314108,normal
2458,1781099994.314673,normal
2459,1781099994.315146,normal
2460,1781099994.315856,normal
2461,1781099994.316629,http_flood
2462,1781099994.317254,normal
2463,1781099994.317961,syn_flood
2464,1781099994.319158,normal
2465,1781099994.319928,normal
2466,1781099994.320659,normal
2467,1781099994.321262,normal
2468,1781099994.321690,normal
2469,1781099994.322335,normal
2470,1781099994.323342,normal
2471,1781099994.324244,normal
2472,1781099994.324784,normal
2473,1781099994.325599,udp_reflection
2474,1781099994.326232,normal
2475,1781099994.327100,normal
2476,1781099994.327823,normal
2477,1781099994.328460,udp_reflection
2478,1781099994.328961,normal
2479,1781099994.330066,normal
2480,1781099994.330618,http_flood
2481,1781099994.331346,normal
2482,1781099994.331873,normal
2483,1781099994.332482,normal
2484,1781099994.333010,udp_reflection
2485,1781099994.333674,normal
2486,1781099994.334165,normal
2487,1781099994.334624,normal
2488,1781099994.335160,normal
2489,1781099994.335763,http_flood
2490,1781099994.336300,normal
2491,1781099994.337108,udp_reflection
2492,1781099994.337667,normal
2493,1781099994.338398,udp_reflection
2494,1781099994.338958,normal
2495,1781099994.339669,normal
2496,1781099994.340211,syn_flood
2497,1781099994.340858,normal
2498,1781099994.341788,udp_reflection
2499,1781099994.342491,udp_reflection
2500,1781099994.343003,normal
2501,1781099994.343872,syn_flood
2502,1781099994.344579,udp_reflection
2503,1781099994.345031,normal
2504,1781099994.345899,http_flood
2505,1781099994.346533,http_flood
2506,1781099994.347218,normal
2507,1781099994.347956,normal
2508,1781099994.348635,normal
2509,1781099994.349258,normal
2510,1781099994.349676,http_flood
2511,1781099994.350223,normal
2512,1781099994.350744,syn_flood
2513,1781099994.351432,normal
2514,1781099994.351906,normal
2515,1781099994.352558,http_flood
2516,1781099994.353451,normal
2517,1781099994.354078,syn_flood
2518,1781099994.355225,normal
2519,1781099994.355733,normal
2520,1781099994.356227,udp_reflection
2521,1781099994.356770,normal
2522,1781099994.357416,normal
2523,1781099994.358172,normal
2524,1781099994.358767,normal
2525,1781099994.359361,normal
2526,1781099994.360365,normal
2527,1781099994.361139,normal
2528,1781099994.361730,normal
2529,1781099994.362307,udp_reflection
2530,1781099994.362875,normal
2531,1781099994.363804,normal
2532,1781099994.364318,syn_flood
2533,1781099994.365053,normal
2534,1781099994.365550,normal
2535,1781099994.366445,http_flood
2536,1781099994.367082,normal
2537,1781099994.367786,normal
2538,1781099994.368216,normal
2539,1781099994.368712,normal
2540,1781099994.369477,udp_reflection
2541,1781099994.370163,udp_reflection
2542,1781099994.370680,syn_flood
2543,1781099994.371631,normal
2544,1781099994.372306,normal
2545,1781099994.372856,normal
2546,1781099994.373591,normal
2547,1781099994.374448,udp_reflection
2548,1781099994.375354,normal
2549,1781099994.376082,normal
2550,1781099994.376819,normal
2551,1781099994.377338,udp_reflection
2552,1781099994.377928,normal
2553,1781099994.378580,syn_flood
2554,1781099994.379416,normal
2555,1781099994.380090,syn_flood
2556,1781099994.380534,http_flood
2557,1781099994.381290,normal
2558,1781099994.381908,http_flood
2559,1781099994.382720,normal
2560,1781099994.383289,normal
2561,1781099994.384401,normal
2562,1781099994.385023,udp_reflection
2563,1781099994.385567,normal
2564,1781099994.386450,udp_reflection
2565,1781099994.386890,http_flood
2566,1781099994.387528,syn_flood
2567,1781099994.388140,http_flood
2568,1781099994.388723,normal
2569,1781099994.389484,normal
2570,1781099994.390231,normal
2571,1781099994.390869,normal
2572,1781099994.391550,http_flood
2573,1781099994.392032,syn_flood
2574,1781099994.392912,normal
2575,1781099994.393562,normal
2576,1781099994.394449,udp_reflection
2577,1781099994.395315,normal
2578,1781099994.395993,http_flood
2579,1781099994.396877,normal
2580,1781099994.397883,normal
2581,1781099994.398457,normal
2582,1781099994.399286,http_flood
2583,1781099994.399995,normal
2584,1781099994.400604,udp_reflection
2585,1781099994.401320,udp_reflection
2586,1781099994.402205,syn_flood
2587,1781099994.402819,normal
2588,1781099994.403584,http_flood
2589,1781099994.403978,udp_reflection
2590,1781099994.404804,syn_flood
2591,1781099994.405435,normal
2592,1781099994.406034,http_flood
2593,1781099994.406487,udp_reflection
2594,1781099994.407097,syn_flood
2595,1781099994.407718,normal
2596,1781099994.408521,normal
2597,1781099994.409448,http_flood
2598,1781099994.410162,normal
2599,1781099994.411174,normal
2600,1781099994.412119,normal
2601,1781099994.412625,http_flood
2602,1781099994.413416,syn_flood
2603,1781099994.413956,normal
2604,1781099994.414644,udp_reflection
2605,1781099994.415410,normal
2606,1781099994.415986,normal
2607,1781099994.416662,http_flood
2608,1781099994.417480,normal
2609,1781099994.418136,udp_reflection
2610,1781099994.418992,normal
2611,1781099994.419622,http_flood
2612,1781099994.420378,normal
2613,1781099994.420933,normal
2614,1781099994.421560,normal
2615,1781099994.422336,normal
2616,1781099994.423040,normal
2617,1781099994.423961,syn_flood
2618,1781099994.424784,normal
2619,1781099994.425425,normal
2620,1781099994.426013,normal
2621,1781099994.426871,normal
2622,1781099994.427398,udp_reflection
2623,1781099994.428205,normal
2624,1781099994.428915,udp_reflection
2625,1781099994.429762,http_flood
2626,1781099994.430356,udp_reflection
2627,1781099994.430853,syn_flood
2628,1781099994.431679,normal
2629,1781099994.432235,normal
2630,1781099994.432921,syn_flood
2631,1781099994.433353,normal
2632,1781099994.433778,normal
2633,1781099994.434467,udp_reflection
2634,1781099994.435040,normal
2635,1781099994.435684,normal
2636,1781099994.436463,http_flood
2637,1781099994.437352,http_flood
2638,1781099994.438096,normal
2639,1781099994.438801,normal
2640,1781099994.439641,udp_reflection
2641,1781099994.440343,normal
2642,1781099994.441102,normal
2643,1781099994.441540,normal
2644,1781099994.442347,udp_reflection
2645,1781099994.443009,normal
2646,1781099994.443659,normal
2647,1781099994.444509,http_flood
2648,1781099994.444931,normal
2649,1781099994.445636,syn_flood
2650,1781099994.446351,normal
2651,1781099994.446945,normal
2652,1781099994.447293,normal
2653,1781099994.448106,udp_reflection
2654,1781099994.448710,http_flood
2655,1781099994.449285,normal
2656,1781099994.449851,http_flood
2657,1781099994.450460,normal
2658,1781099994.451061,http_flood
2659,1781099994.451789,udp_reflection
2660,1781099994.452241,normal
2661,1781099994.452891,syn_flood
2662,1781099994.453566,udp_reflection
2663,1781099994.454134,normal
2664,1781099994.454998,normal
2665,1781099994.455436,http_flood
2666,1781099994.456292,normal
2667,1781099994.457051,http_flood
2668,1781099994.457569,normal
2669,1781099994.458212,http_flood
2670,1781099994.459192,normal
2671,1781099994.459800,udp_reflection
2672,1781099994.460634,normal
2673,1781099994.461289,normal
2674,1781099994.461755,normal
2675,1781099994.462350,normal
2676,1781099994.463152,normal
2677,1781099994.463677,normal
2678,1781099994.464215,normal
2679,1781099994.464827,normal
2680,1781099994.465576,normal
2681,1781099994.466192,syn_flood
2682,1781099994.466584,normal
2683,1781099994.467363,syn_flood
2684,1781099994.468046,normal
2685,1781099994.469040,normal
2686,1781099994.469608,udp_reflection
2687,1781099994.470320,normal
2688,1781099994.471072,normal
2689,1781099994.471849,normal
2690,1781099994.472640,syn_flood
2691,1781099994.473342,normal
2692,1781099994.474020,http_flood
2693,1781099994.474808,http_flood
2694,1781099994.475623,udp_reflection
2695,1781099994.476288,normal
2696,1781099994.477176,normal
2697,1781099994.477742,udp_reflection
2698,1781099994.478434,udp_reflection
2699,1781099994.479093,http_flood
2700,1781099994.479852,normal
2701,1781099994.480586,normal
2702,1781099994.481049,normal
2703,1781099994.481591,normal
2704,1781099994.482353,syn_flood
2705,1781099994.482870,normal
2706,1781099994.483502,udp_reflection
2707,1781099994.484060,http_flood
2708,1781099994.484756,syn_flood
2709,1781099994.485515,normal
2710,1781099994.486305,udp_reflection
2711,1781099994.486958,normal
2712,1781099994.487555,normal
2713,1781099994.488316,normal
2714,1781099994.489010,normal
2715,1781099994.489677,http_flood
2716,1781099994.490408,normal
2717,1781099994.491251,normal
2718,1781099994.491962,normal
2719,1781099994.492502,normal
2720,1781099994.493258,normal
2721,1781099994.493833,normal
2722,1781099994.494555,syn_flood
2723,1781099994.495205,udp_reflection
2724,1781099994.495914,udp_reflection
2725,1781099994.496665,normal
2726,1781099994.497215,normal
2727,1781099994.497880,udp_reflection
2728,1781099994.498539,normal
2729,1781099994.499347,normal
2730,1781099994.500087,syn_flood
2731,1781099994.500463,normal
2732,1781099994.501156,syn_flood
2733,1781099994.501845,normal
2734,1781099994.502424,normal
2735,1781099994.503046,normal
2736,1781099994.503740,normal
2737,1781099994.504409,normal
2738,1781099994.505097,udp_reflection
2739,1781099994.505919,normal
2740,1781099994.506406,normal
2741,1781099994.507060,normal
2742,1781099994.508037,normal
2743,1781099994.508522,syn_flood
2744,1781099994.509079,normal
2745,1781099994.509997,normal
2746,1781099994.510916,normal
2747,1781099994.511939,syn_flood
2748,1781099994.512693,http_flood
2749,1781099994.513408,normal
2750,1781099994.514017,normal
2751,1781099994.514607,normal
2752,1781099994.515492,udp_reflection
2753,1781099994.516254,normal
2754,1781099994.516878,syn_flood
2755,1781099994.517446,udp_reflection
2756,1781099994.518122,normal
2757,1781099994.518659,syn_flood
2758,1781099994.519353,normal
2759,1781099994.520081,normal
2760,1781099994.520842,normal
2761,1781099994.521666,normal
2762,1781099994.522096,normal
2763,1781099994.522717,normal
2764,1781099994.523770,syn_flood
2765,1781099994.524148,normal
2766,1781099994.525169,normal
2767,1781099994.525737,normal
2768,1781099994.526388,normal
2769,1781099994.527134,http_flood
2770,1781099994.527706,normal
2771,1781099994.528482,normal
2772,1781099994.529073,udp_reflection
2773,1781099994.529985,normal
2774,1781099994.530966,normal
2775,1781099994.531608,syn_flood
2776,1781099994.532266,normal
2777,1781099994.532685,normal
2778,1781099994.533355,normal
2779,1781099994.533881,normal
2780,1781099994.534668,udp_reflection
2781,1781099994.535490,normal
2782,1781099994.536165,syn_flood
2783,1781099994.537031,normal
2784,1781099994.537738,normal
2785,1781099994.538190,normal
2786,1781099994.538921,normal
2787,1781099994.539550,normal
2788,1781099994.540101,normal
2789,1781099994.540944,http_flood
2790,1781099994.541432,normal
2791,1781099994.541832,normal
2792,1781099994.542594,syn_flood
2793,1781099994.543298,normal
2794,1781099994.543909,normal
2795,1781099994.544462,normal
2796,1781099994.545207,syn_flood
2797,1781099994.545795,normal
2798,1781099994.546401,normal
2799,1781099994.547097,normal
2800,1781099994.547512,normal
2801,1781099994.548053,normal
2802,1781099994.548650,normal
2803,1781099994.549258,syn_flood
2804,1781099994.549700,normal
2805,1781099994.550285,normal
2806,1781099994.550974,normal
2807,1781099994.551580,normal
2808,1781099994.552312,syn_flood
2809,1781099994.552961,normal
2810,1781099994.553565,normal
2811,1781099994.554225,syn_flood
2812,1781099994.554744,syn_flood
2813,1781099994.555248,http_flood
2814,1781099994.555965,normal
2815,1781099994.556649,normal
2816,1781099994.557179,normal
2817,1781099994.557633,normal
2818,1781099994.558386,normal
2819,1781099994.559072,normal
2820,1781099994.559939,normal
2821,1781099994.560564,normal
2822,1781099994.561143,normal
2823,1781099994.561690,http_flood
2824,1781099994.562356,normal
2825,1781099994.563240,normal
2826,1781099994.564173,normal
2827,1781099994.564973,normal
2828,1781099994.565614,normal
2829,1781099994.566378,syn_flood
2830,1781099994.567147,normal
2831,1781099994.567854,http_flood
2832,1781099994.568542,normal
2833,1781099994.569322,syn_flood
2834,1781099994.569851,normal
2835,1781099994.570444,udp_reflection
2836,1781099994.571319,normal
2837,1781099994.572484,normal
2838,1781099994.572922,normal
2839,1781099994.573697,normal
2840,1781099994.574832,udp_reflection
2841,1781099994.575327,syn_flood
2842,1781099994.575896,udp_reflection
2843,1781099994.576454,udp_reflection
2844,1781099994.576865,udp_reflection
2845,1781099994.577711,normal
2846,1781099994.578260,http_flood
2847,1781099994.578904,normal
2848,1781099994.579606,normal
2849,1781099994.580082,udp_reflection
2850,1781099994.580662,udp_reflection
2851,1781099994.581366,normal
2852,1781099994.581869,normal
2853,1781099994.582540,normal
2854,1781099994.583157,syn_flood
2855,1781099994.583618,normal
2856,1781099994.584284,udp_reflection
2857,1781099994.585007,normal
2858,1781099994.585836,udp_reflection
2859,1781099994.586749,normal
2860,1781099994.587402,normal
2861,1781099994.588075,syn_flood
2862,1781099994.588693,normal
2863,1781099994.589117,normal
2864,1781099994.589899,normal
2865,1781099994.590580,normal
2866,1781099994.591194,syn_flood
2867,1781099994.592050,normal
2868,1781099994.592617,normal
2869,1781099994.593351,normal
2870,1781099994.594063,syn_flood
2871,1781099994.594679,syn_flood
2872,1781099994.595309,normal
2873,1781099994.595840,normal
2874,1781099994.596457,normal
2875,1781099994.597096,udp_reflection
2876,1781099994.597765,normal
2877,1781099994.598547,normal
2878,1781099994.599375,normal
2879,1781099994.600133,normal
2880,1781099994.600692,normal
2881,1781099994.601460,normal
2882,1781099994.602098,normal
2883,1781099994.602756,http_flood
2884,1781099994.603513,http_flood
2885,1781099994.604398,normal
2886,1781099994.605207,http_flood
2887,1781099994.605868,normal
2888,1781099994.606384,udp_reflection
2889,1781099994.607376,normal
2890,1781099994.607954,normal
2891,1781099994.608359,normal
2892,1781099994.609128,normal
2893,1781099994.609719,syn_flood
2894,1781099994.610163,normal
2895,1781099994.610554,normal
2896,1781099994.611330,udp_reflection
2897,1781099994.612224,normal
2898,1781099994.612690,normal
2899,1781099994.613230,normal
2900,1781099994.614331,normal
2901,1781099994.615408,syn_flood
2902,1781099994.616185,syn_flood
2903,1781099994.616770,syn_flood
2904,1781099994.617225,http_flood
2905,1781099994.617836,http_flood
2906,1781099994.618495,normal
2907,1781099994.619663,syn_flood
2908,1781099994.620164,udp_reflection
2909,1781099994.620800,syn_flood
2910,1781099994.621458,udp_reflection
2911,1781099994.622274,syn_flood
2912,1781099994.623059,normal
2913,1781099994.623723,normal
2914,1781099994.624290,syn_flood
2915,1781099994.624999,normal
2916,1781099994.625815,normal
2917,1781099994.626453,normal
2918,1781099994.627311,normal
2919,1781099994.627775,normal
2920,1781099994.628624,normal
2921,1781099994.629331,normal
2922,1781099994.629940,http_flood
2923,1781099994.630577,syn_flood
2924,1781099994.631150,normal
2925,1781099994.631789,normal
2926,1781099994.632315,normal
2927,1781099994.633070,syn_flood
2928,1781099994.633832,normal
2929,1781099994.634415,normal
2930,1781099994.635234,udp_reflection
2931,1781099994.635966,udp_reflection
2932,1781099994.636417,syn_flood
2933,1781099994.637014,normal
2934,1781099994.637699,normal
2935,1781099994.638278,udp_reflection
2936,1781099994.638911,normal
2937,1781099994.639694,normal
2938,1781099994.640282,syn_flood
2939,1781099994.640842,normal
2940,1781099994.641592,normal
2941,1781099994.642344,normal
2942,1781099994.642911,normal
2943,1781099994.643349,normal
2944,1781099994.644100,syn_flood
2945,1781099994.644763,normal
2946,1781099994.645760,syn_flood
2947,1781099994.646460,normal
2948,1781099994.647080,normal
2949,1781099994.647800,normal
2950,1781099994.648569,normal
2951,1781099994.649140,normal
2952,1781099994.649709,normal
2953,1781099994.650380,normal
2954,1781099994.651252,http_flood
2955,1781099994.651760,normal
2956,1781099994.652441,http_flood
2957,1781099994.652991,normal
2958,1781099994.653702,normal
2959,1781099994.654376,http_flood
2960,1781099994.654814,normal
2961,1781099994.655410,udp_reflection
2962,1781099994.656019,normal
2963,1781099994.656633,normal
2964,1781099994.657428,normal
2965,1781099994.658293,http_flood
2966,1781099994.658898,udp_reflection
2967,1781099994.659662,normal
2968,1781099994.660203,normal
2969,1781099994.660881,syn_flood
2970,1781099994.661615,normal
2971,1781099994.662236,normal
2972,1781099994.663085,normal
2973,1781099994.663635,udp_reflection
2974,1781099994.664350,udp_reflection
2975,1781099994.665301,syn_flood
2976,1781099994.665967,normal
2977,1781099994.666558,normal
2978,1781099994.667355,normal
2979,1781099994.668252,normal
2980,1781099994.669225,normal
2981,1781099994.669972,udp_reflection
2982,1781099994.670424,http_flood
2983,1781099994.670992,udp_reflection
2984,1781099994.671745,normal
2985,1781099994.672392,normal
2986,1781099994.672943,udp_reflection
2987,1781099994.673657,normal
2988,1781099994.674368,normal
2989,1781099994.674978,udp_reflection
2990,1781099994.675848,normal
2991,1781099994.676680,normal
2992,1781099994.677374,normal
2993,1781099994.677842,udp_reflection
2994,1781099994.678753,normal
2995,1781099994.679483,normal
2996,1781099994.680130,normal
2997,1781099994.680744,normal
2998,1781099994.681511,udp_reflection
2999,1781099994.682287,normal
3000,1781099994.683013,normal
3001,1781099994.683962,normal
3002,1781099994.684513,syn_flood
3003,1781099994.685210,normal
3004,1781099994.686022,syn_flood
3005,1781099994.686778,normal
3006,1781099994.687547,normal
3007,1781099994.688446,http_flood
3008,1781099994.689278,syn_flood
3009,1781099994.689783,udp_reflection
3010,1781099994.690559,normal
3011,1781099994.691273,normal
3012,1781099994.691925,normal
3013,1781099994.692581,udp_reflection
3014,1781099994.693297,http_flood
3015,1781099994.694065,normal
3016,1781099994.694709,http_flood
3017,1781099994.695444,syn_flood
3018,1781099994.696117,normal
3019,1781099994.697088,syn_flood
3020,1781099994.698037,syn_flood
3021,1781099994.698863,normal
3022,1781099994.699839,normal
3023,1781099994.700625,udp_reflection
3024,1781099994.701035,normal
3025,1781099994.701511,normal
3026,1781099994.702152,normal
3027,1781099994.702863,http_flood
3028,1781099994.703545,normal
3029,1781099994.704057,normal
3030,1781099994.704441,normal
3031,1781099994.705050,normal
3032,1781099994.705720,normal
3033,1781099994.706616,normal
3034,1781099994.707345,http_flood
3035,1781099994.707869,normal
3036,1781099994.708810,normal
3037,1781099994.709530,normal
3038,1781099994.710349,syn_flood
3039,1781099994.710950,udp_reflection
3040,1781099994.711734,udp_reflection
3041,1781099994.712378,normal
3042,1781099994.713130,normal
3043,1781099994.713674,syn_flood
3044,1781099994.714220,normal
3045,1781099994.714864,normal
3046,1781099994.715413,normal
3047,1781099994.716034,normal
3048,1781099994.716594,normal
3049,1781099994.717314,syn_flood
3050,1781099994.717834,normal
3051,1781099994.718138,normal
3052,1781099994.718783,syn_flood
3053,1781099994.719473,normal
3054,1781099994.720048,http_flood
3055,1781099994.720418,normal
3056,1781099994.721298,http_flood
3057,1781099994.722022,udp_reflection
3058,1781099994.722452,normal
3059,1781099994.723069,udp_reflection
3060,1781099994.723777,normal
3061,1781099994.724567,normal
3062,1781099994.725355,normal
3063,1781099994.725895,syn_flood
3064,1781099994.726564,normal
3065,1781099994.727380,http_flood
3066,1781099994.727999,syn_flood
3067,1781099994.729079,http_flood
3068,1781099994.730079,normal
3069,1781099994.730686,udp_reflection
3070,1781099994.731678,udp_reflection
3071,1781099994.732353,http_flood
3072,1781099994.733127,normal
3073,1781099994.733704,normal
3074,1781099994.734187,syn_flood
3075,1781099994.734746,http_flood
3076,1781099994.735433,normal
3077,1781099994.736116,normal
3078,1781099994.736653,normal
3079,1781099994.737129,normal
3080,1781099994.737699,normal
3081,1781099994.738574,udp_reflection
3082,1781099994.739119,normal
3083,1781099994.739596,normal
3084,1781099994.740268,normal
3085,1781099994.740812,normal
3086,1781099994.741473,normal
3087,1781099994.742003,normal
3088,1781099994.742693,http_flood
3089,1781099994.743322,http_flood
3090,1781099994.743778,normal
3091,1781099994.744437,normal
3092,1781099994.745049,normal
3093,1781099994.745713,syn_flood
3094,1781099994.746251,http_flood
3095,1781099994.746816,normal
3096,1781099994.747407,udp_reflection
3097,1781099994.748045,normal
3098,1781099994.748773,http_flood
3099,1781099994.749349,normal
3100,1781099994.749907,normal
3101,1781099994.750601,normal
3102,1781099994.751356,normal
3103,1781099994.751819,normal
3104,1781099994.752436,normal
3105,1781099994.753174,udp_reflection
3106,1781099994.753854,syn_flood
3107,1781099994.754602,normal
3108,1781099994.755342,normal
3109,1781099994.755831,udp_reflection
3110,1781099994.756509,syn_flood
3111,1781099994.757447,http_flood
3112,1781099994.758002,udp_reflection
3113,1781099994.758713,http_flood
3114,1781099994.759071,normal
3115,1781099994.759733,normal
3116,1781099994.760475,http_flood
3117,1781099994.761174,syn_flood
3118,1781099994.761750,normal
3119,1781099994.762280,normal
3120,1781099994.762970,normal
3121,1781099994.763604,normal
3122,1781099994.764148,normal
3123,1781099994.764754,normal
3124,1781099994.765556,normal
3125,1781099994.766460,normal
3126,1781099994.767219,udp_reflection
3127,1781099994.767818,normal
3128,1781099994.768486,normal
3129,1781099994.768940,normal
3130,1781099994.770024,udp_reflection
3131,1781099994.770857,normal
3132,1781099994.771335,normal
3133,1781099994.771990,normal
3134,1781099994.772831,normal
3135,1781099994.773352,normal
3136,1781099994.774036,normal
3137,1781099994.774711,http_flood
3138,1781099994.775486,normal
3139,1781099994.776165,normal
3140,1781099994.776769,normal
3141,1781099994.777230,http_flood
3142,1781099994.778042,normal
3143,1781099994.778859,normal
3144,1781099994.779462,normal
3145,1781099994.780453,http_flood
3146,1781099994.781125,normal
3147,1781099994.781863,normal
3148,1781099994.782356,normal
3149,1781099994.783060,normal
3150,1781099994.783743,normal
3151,1781099994.784533,normal
3152,1781099994.785177,syn_flood
3153,1781099994.785924,normal
3154,1781099994.786370,normal
3155,1781099994.787096,normal
3156,1781099994.787944,normal
3157,1781099994.789194,normal
3158,1781099994.789927,normal
3159,1781099994.790411,syn_flood
3160,1781099994.791196,http_flood
3161,1781099994.791778,udp_reflection
3162,1781099994.792275,udp_reflection
3163,1781099994.792782,udp_reflection
3164,1781099994.793351,normal
3165,1781099994.794013,normal
3166,1781099994.794603,normal
3167,1781099994.795140,normal
3168,1781099994.795771,normal
3169,1781099994.796301,udp_reflection
3170,1781099994.797181,normal
3171,1781099994.797856,http_flood
3172,1781099994.798379,normal
3173,1781099994.799135,normal
3174,1781099994.799764,udp_reflection
3175,1781099994.800396,syn_flood
3176,1781099994.800958,normal
3177,1781099994.801624,normal
3178,1781099994.802189,normal
3179,1781099994.802900,syn_flood
3180,1781099994.803410,http_flood
3181,1781099994.803870,normal
3182,1781099994.804355,normal
3183,1781099994.805056,normal
3184,1781099994.805942,normal
3185,1781099994.806941,normal
3186,1781099994.807551,udp_reflection
3187,1781099994.808011,http_flood
3188,1781099994.808536,normal
3189,1781099994.809080,udp_reflection
3190,1781099994.809588,normal
3191,1781099994.810434,normal
3192,1781099994.811073,normal
3193,1781099994.811760,normal
3194,1781099994.812457,normal
3195,1781099994.813399,normal
3196,1781099994.814027,syn_flood
3197,1781099994.814485,normal
3198,1781099994.815133,normal
3199,1781099994.815655,http_flood
3200,1781099994.816302,normal
3201,1781099994.817260,normal
3202,1781099994.817790,normal
3203,1781099994.818522,http_flood
3204,1781099994.818980,normal
3205,1781099994.819692,normal
3206,1781099994.820412,normal
3207,1781099994.821204,normal
3208,1781099994.821776,normal
3209,1781099994.822351,normal
3210,1781099994.823103,normal
3211,1781099994.823705,syn_flood
3212,1781099994.824286,normal
3213,1781099994.825086,syn_flood
3214,1781099994.825543,normal
3215,1781099994.826164,http_flood
3216,1781099994.826762,normal
3217,1781099994.827624,udp_reflection
3218,1781099994.828120,normal
3219,1781099994.828625,normal
3220,1781099994.829250,normal
3221,1781099994.829839,udp_reflection
3222,1781099994.830387,normal
3223,1781099994.831063,normal
3224,1781099994.831535,normal
3225,1781099994.832132,http_flood
3226,1781099994.832930,syn_flood
3227,1781099994.833302,normal
3228,1781099994.833878,syn_flood
3229,1781099994.834529,http_flood
3230,1781099994.835084,normal
3231,1781099994.835923,http_flood
3232,1781099994.836308,normal
3233,1781099994.836965,http_flood
3234,1781099994.837556,http_flood
3235,1781099994.838149,normal
3236,1781099994.838982,normal
3237,1781099994.839715,syn_flood
3238,1781099994.840357,normal
3239,1781099994.840883,normal
3240,1781099994.841558,syn_flood
3241,1781099994.842186,normal
3242,1781099994.842787,normal
3243,1781099994.843487,normal
3244,1781099994.844505,normal
3245,1781099994.845175,normal
3246,1781099994.845773,normal
3247,1781099994.846635,normal
3248,1781099994.847287,normal
3249,1781099994.847759,syn_flood
3250,1781099994.848561,normal
3251,1781099994.849235,http_flood
3252,1781099994.849698,normal
3253,1781099994.850265,http_flood
3254,1781099994.850754,syn_flood
3255,1781099994.851470,normal
3256,1781099994.852114,http_flood
3257,1781099994.852995,normal
3258,1781099994.853758,normal
3259,1781099994.854722,normal
3260,1781099994.855318,udp_reflection
3261,1781099994.856037,normal
3262,1781099994.856784,normal
3263,1781099994.857296,normal
3264,1781099994.858076,syn_flood
3265,1781099994.858830,normal
3266,1781099994.859593,normal
3267,1781099994.860575,udp_reflection
3268,1781099994.861315,udp_reflection
3269,1781099994.861909,udp_reflection
3270,1781099994.862427,normal
3271,1781099994.862883,normal
3272,1781099994.863611,normal
3273,1781099994.864149,normal
3274,1781099994.865030,normal
3275,1781099994.865676,normal
3276,1781099994.866520,udp_reflection
3277,1781099994.867170,normal
3278,1781099994.867722,normal
3279,1781099994.868624,normal
3280,1781099994.869361,normal
3281,1781099994.870076,udp_reflection
3282,1781099994.870922,syn_flood
3283,1781099994.871459,normal
3284,1781099994.872208,normal
3285,1781099994.872854,normal
3286,1781099994.873599,syn_flood
3287,1781099994.874151,normal
3288,1781099994.874816,syn_flood
3289,1781099994.875765,normal
3290,1781099994.876485,http_flood
3291,1781099994.877156,http_flood
3292,1781099994.878158,normal
3293,1781099994.878664,normal
3294,1781099994.879402,normal
3295,1781099994.879912,syn_flood
3296,1781099994.880651,syn_flood
3297,1781099994.881363,normal
3298,1781099994.882257,syn_flood
3299,1781099994.883018,normal
3300,1781099994.883708,syn_flood
3301,1781099994.884312,udp_reflection
3302,1781099994.885001,normal
3303,1781099994.885472,normal
3304,1781099994.886166,normal
3305,1781099994.886678,normal
3306,1781099994.887247,normal
3307,1781099994.887952,syn_flood
3308,1781099994.888438,normal
3309,1781099994.889241,http_flood
3310,1781099994.889694,udp_reflection
3311,1781099994.890368,syn_flood
3312,1781099994.891226,syn_flood
3313,1781099994.891987,syn_flood
3314,1781099994.892618,syn_flood
3315,1781099994.893339,normal
3316,1781099994.893769,udp_reflection
3317,1781099994.894400,syn_flood
3318,1781099994.895178,http_flood
3319,1781099994.895812,http_flood
3320,1781099994.896574,udp_reflection
3321,1781099994.897187,normal
3322,1781099994.897836,syn_flood
3323,1781099994.898711,udp_reflection
3324,1781099994.899337,normal
3325,1781099994.900002,normal
3326,1781099994.900487,syn_flood
3327,1781099994.901140,normal
3328,1781099994.901982,normal
3329,1781099994.902502,normal
3330,1781099994.903445,http_flood
3331,1781099994.903931,normal
3332,1781099994.904551,udp_reflection
3333,1781099994.905515,udp_reflection
3334,1781099994.906207,normal
3335,1781099994.906618,udp_reflection
3336,1781099994.907206,udp_reflection
3337,1781099994.907953,normal
3338,1781099994.908584,normal
3339,1781099994.909444,normal
3340,1781099994.910208,normal
3341,1781099994.910826,http_flood
3342,1781099994.911502,http_flood
3343,1781099994.912147,http_flood
3344,1781099994.912833,udp_reflection
3345,1781099994.913375,normal
3346,1781099994.914196,normal
3347,1781099994.914901,syn_flood
3348,1781099994.915660,http_flood
3349,1781099994.916176,syn_flood
3350,1781099994.916642,normal
3351,1781099994.917447,normal
3352,1781099994.917958,normal
3353,1781099994.918552,normal
3354,1781099994.919018,udp_reflection
3355,1781099994.919676,http_flood
3356,1781099994.920448,normal
3357,1781099994.921072,normal
3358,1781099994.921727,normal
3359,1781099994.922406,http_flood
3360,1781099994.922860,normal
3361,1781099994.923639,syn_flood
3362,1781099994.924278,normal
3363,1781099994.925027,normal
3364,1781099994.925669,normal
3365,1781099994.926423,syn_flood
3366,1781099994.927225,normal
3367,1781099994.927833,normal
3368,1781099994.928284,http_flood
3369,1781099994.929049,normal
3370,1781099994.929700,normal
3371,1781099994.930169,http_flood
3372,1781099994.930721,normal
3373,1781099994.931453,normal
3374,1781099994.932074,http_flood
3375,1781099994.932849,syn_flood
3376,1781099994.933516,normal
3377,1781099994.934162,http_flood
3378,1781099994.934987,udp_reflection
3379,1781099994.936453,udp_reflection
3380,1781099994.937250,normal
3381,1781099994.937934,normal
3382,1781099994.938573,normal
3383,1781099994.939129,normal
3384,1781099994.939866,normal
3385,1781099994.940561,syn_flood
3386,1781099994.941004,syn_flood
3387,1781099994.941793,http_flood
3388,1781099994.942535,http_flood
3389,1781099994.943241,normal
3390,1781099994.943840,syn_flood
3391,1781099994.945140,normal
3392,1781099994.945770,normal
3393,1781099994.946659,normal
3394,1781099994.947479,syn_flood
3395,1781099994.948024,normal
3396,1781099994.948757,normal
3397,1781099994.949325,normal
3398,1781099994.949955,normal
3399,1781099994.950567,http_flood
3400,1781099994.951154,normal
3401,1781099994.951798,normal
3402,1781099994.952286,udp_reflection
3403,1781099994.953009,normal
3404,1781099994.953408,normal
3405,1781099994.953776,syn_flood
3406,1781099994.954665,normal
3407,1781099994.955119,normal
3408,1781099994.955724,normal
3409,1781099994.956257,normal
3410,1781099994.956856,normal
3411,1781099994.957538,udp_reflection
3412,1781099994.958182,udp_reflection
3413,1781099994.958677,udp_reflection
3414,1781099994.959712,http_flood
3415,1781099994.960418,normal
3416,1781099994.961164,normal
3417,1781099994.961843,syn_flood
3418,1781099994.962518,normal
3419,1781099994.963061,udp_reflection
3420,1781099994.963712,http_flood
3421,1781099994.964354,normal
3422,1781099994.965086,normal
3423,1781099994.965657,syn_flood
3424,1781099994.966260,normal
3425,1781099994.966883,udp_reflection
3426,1781099994.967419,http_flood
3427,1781099994.968080,http_flood
3428,1781099994.968829,normal
3429,1781099994.969666,http_flood
3430,1781099994.970347,normal
3431,1781099994.971226,udp_reflection
3432,1781099994.971964,normal
3433,1781099994.972507,udp_reflection
3434,1781099994.973027,normal
3435,1781099994.973554,syn_flood
3436,1781099994.974170,normal
3437,1781099994.974581,normal
3438,1781099994.975028,normal
3439,1781099994.975664,normal
3440,1781099994.976355,udp_reflection
3441,1781099994.976854,normal
3442,1781099994.977505,http_flood
3443,1781099994.978255,http_flood
3444,1781099994.978781,http_flood
3445,1781099994.979399,http_flood
3446,1781099994.979916,syn_flood
3447,1781099994.980607,udp_reflection
3448,1781099994.981179,normal
3449,1781099994.981888,normal
3450,1781099994.982612,http_flood
3451,1781099994.983204,udp_reflection
3452,1781099994.984019,syn_flood
3453,1781099994.984687,normal
3454,1781099994.985507,normal
3455,1781099994.986450,normal
3456,1781099994.986920,http_flood
3457,1781099994.987610,normal
3458,1781099994.988493,syn_flood
3459,1781099994.989142,syn_flood
3460,1781099994.989634,normal
3461,1781099994.990138,normal
3462,1781099994.990797,udp_reflection
3463,1781099994.991616,normal
3464,1781099994.992180,http_flood
3465,1781099994.992913,syn_flood
3466,1781099994.993799,http_flood
3467,1781099994.994491,normal
3468,1781099994.995010,normal
3469,1781099994.995454,normal
3470,1781099994.996204,normal
3471,1781099994.996756,normal
3472,1781099994.997366,normal
3473,1781099994.998259,normal
3474,1781099994.998867,http_flood
3475,1781099994.999537,normal
3476,1781099995.000255,syn_flood
3477,1781099995.000916,normal
3478,1781099995.001527,http_flood
3479,1781099995.002304,syn_flood
3480,1781099995.002983,normal
3481,1781099995.003564,normal
3482,1781099995.004320,normal
3483,1781099995.004831,syn_flood
3484,1781099995.005389,normal
3485,1781099995.006030,normal
3486,1781099995.006657,normal
3487,1781099995.007211,syn_flood
3488,1781099995.008035,udp_reflection
3489,1781099995.008732,syn_flood
3490,1781099995.009361,syn_flood
3491,1781099995.010147,normal
3492,1781099995.011044,syn_flood
3493,1781099995.011804,normal
3494,1781099995.012519,normal
3495,1781099995.012981,udp_reflection
3496,1781099995.013699,normal
3497,1781099995.014183,normal
3498,1781099995.014916,normal
3499,1781099995.015754,normal
3500,1781099995.016330,http_flood
3501,1781099995.016994,normal
3502,1781099995.017709,normal
3503,1781099995.018349,udp_reflection
3504,1781099995.018979,normal
3505,1781099995.019770,syn_flood
3506,1781099995.020526,udp_reflection
3507,1781099995.021351,udp_reflection
3508,1781099995.021891,normal
3509,1781099995.022274,normal
3510,1781099995.023040,normal
3511,1781099995.023633,syn_flood
3512,1781099995.024200,http_flood
3513,1781099995.024799,normal
3514,1781099995.025388,normal
3515,1781099995.026150,normal
3516,1781099995.026932,http_flood
3517,1781099995.027531,syn_flood
3518,1781099995.028470,normal
3519,1781099995.029063,normal
3520,1781099995.029558,normal
3521,1781099995.030314,normal
3522,1781099995.030807,normal
3523,1781099995.031444,normal
3524,1781099995.031814,udp_reflection
3525,1781099995.032672,normal
3526,1781099995.033458,udp_reflection
3527,1781099995.034002,udp_reflection
3528,1781099995.034666,normal
3529,1781099995.035220,normal
3530,1781099995.035788,udp_reflection
3531,1781099995.036626,normal
3532,1781099995.037297,normal
3533,1781099995.037875,normal
3534,1781099995.038356,normal
3535,1781099995.039146,normal
3536,1781099995.039733,http_flood
3537,1781099995.040407,normal
3538,1781099995.041066,udp_reflection
3539,1781099995.042077,http_flood
3540,1781099995.042585,normal
3541,1781099995.043251,udp_reflection
3542,1781099995.043873,normal
3543,1781099995.044623,http_flood
3544,1781099995.045195,normal
3545,1781099995.045943,syn_flood
3546,1781099995.046595,udp_reflection
3547,1781099995.047202,normal
3548,1781099995.047654,normal
3549,1781099995.048475,syn_flood
3550,1781099995.049077,normal
3551,1781099995.049732,http_flood
3552,1781099995.050223,syn_flood
3553,1781099995.050983,normal
3554,1781099995.052081,normal
3555,1781099995.052748,normal
3556,1781099995.053217,normal
3557,1781099995.053930,normal
3558,1781099995.054624,normal
3559,1781099995.055425,normal
3560,1781099995.055930,syn_flood
3561,1781099995.056706,http_flood
3562,1781099995.057644,syn_flood
3563,1781099995.058435,normal
3564,1781099995.058959,udp_reflection
3565,1781099995.059457,syn_flood
3566,1781099995.060415,normal
3567,1781099995.061042,udp_reflection
3568,1781099995.061560,http_flood
3569,1781099995.062364,udp_reflection
3570,1781099995.062951,normal
3571,1781099995.063540,http_flood
3572,1781099995.064418,normal
3573,1781099995.065008,normal
3574,1781099995.065683,udp_reflection
3575,1781099995.066122,udp_reflection
3576,1781099995.066606,udp_reflection
3577,1781099995.067294,normal
3578,1781099995.067909,normal
3579,1781099995.068638,normal
3580,1781099995.069269,http_flood
3581,1781099995.069730,http_flood
3582,1781099995.070665,normal
3583,1781099995.071214,syn_flood
3584,1781099995.071829,http_flood
3585,1781099995.072276,normal
3586,1781099995.072897,normal
3587,1781099995.073306,normal
3588,1781099995.073805,normal
3589,1781099995.074559,normal
3590,1781099995.075346,http_flood
3591,1781099995.076085,normal
3592,1781099995.076499,syn_flood
3593,1781099995.077053,udp_reflection
3594,1781099995.077536,normal
3595,1781099995.078070,normal
3596,1781099995.078610,syn_flood
3597,1781099995.079179,http_flood
3598,1781099995.080214,normal
3599,1781099995.080826,http_flood
3600,1781099995.081691,udp_reflection
3601,1781099995.082132,normal
3602,1781099995.082905,normal
3603,1781099995.083729,normal
3604,1781099995.084511,normal
3605,1781099995.085044,udp_reflection
3606,1781099995.086050,normal
3607,1781099995.086708,http_flood
3608,1781099995.087313,normal
3609,1781099995.087972,http_flood
3610,1781099995.088748,http_flood
3611,1781099995.089370,http_flood
3612,1781099995.089928,normal
3613,1781099995.090435,syn_flood
3614,1781099995.091056,normal
3615,1781099995.091812,normal
3616,1781099995.092524,normal
3617,1781099995.093095,udp_reflection
3618,1781099995.093743,normal
3619,1781099995.094451,normal
3620,1781099995.095198,normal
3621,1781099995.095720,normal
3622,1781099995.096474,http_flood
3623,1781099995.097247,udp_reflection
3624,1781099995.098100,http_flood
3625,1781099995.098917,http_flood
3626,1781099995.099894,udp_reflection
3627,1781099995.100661,normal
3628,1781099995.101382,http_flood
3629,1781099995.102030,http_flood
3630,1781099995.102617,normal
3631,1781099995.103052,normal
3632,1781099995.103522,normal
3633,1781099995.104525,normal
3634,1781099995.105266,normal
3635,1781099995.105704,normal
3636,1781099995.106487,normal
3637,1781099995.107301,normal
3638,1781099995.107948,normal
3639,1781099995.108826,normal
3640,1781099995.109513,normal
3641,1781099995.110526,normal
3642,1781099995.111133,http_flood
3643,1781099995.111784,normal
3644,1781099995.112329,udp_reflection
3645,1781099995.113076,syn_flood
3646,1781099995.113584,udp_reflection
3647,1781099995.114327,normal
3648,1781099995.114918,normal
3649,1781099995.115510,normal
3650,1781099995.116092,normal
3651,1781099995.116752,normal
3652,1781099995.117255,http_flood
3653,1781099995.117985,normal
3654,1781099995.118466,normal
3655,1781099995.119247,normal
3656,1781099995.120157,normal
3657,1781099995.120881,normal
3658,1781099995.121441,udp_reflection
3659,1781099995.122414,normal
3660,1781099995.123030,http_flood
3661,1781099995.123664,normal
3662,1781099995.124566,normal
3663,1781099995.125218,syn_flood
3664,1781099995.125998,http_flood
3665,1781099995.126502,http_flood
3666,1781099995.127178,normal
3667,1781099995.127805,udp_reflection
3668,1781099995.128494,normal
3669,1781099995.129089,udp_reflection
3670,1781099995.129819,normal
3671,1781099995.130200,normal
3672,1781099995.130672,normal
3673,1781099995.131314,normal
3674,1781099995.131784,normal
3675,1781099995.132278,udp_reflection
3676,1781099995.132861,normal
3677,1781099995.133281,normal
3678,1781099995.133884,udp_reflection
3679,1781099995.134530,normal
3680,1781099995.135080,normal
3681,1781099995.135726,normal
3682,1781099995.136354,normal
3683,1781099995.137237,syn_flood
3684,1781099995.137946,normal
3685,1781099995.138651,normal
3686,1781099995.139432,udp_reflection
3687,1781099995.139979,udp_reflection
3688,1781099995.140645,syn_flood
3689,1781099995.141306,syn_flood
3690,1781099995.141883,udp_reflection
3691,1781099995.142627,normal
3692,1781099995.143707,normal
3693,1781099995.144352,udp_reflection
3694,1781099995.144900,normal
3695,1781099995.145690,http_flood
3696,1781099995.146628,http_flood
3697,1781099995.147252,normal
3698,1781099995.147856,normal
3699,1781099995.148600,udp_reflection
3700,1781099995.148968,udp_reflection
3701,1781099995.149557,syn_flood
3702,1781099995.150318,normal
3703,1781099995.151243,normal
3704,1781099995.151908,normal
3705,1781099995.152433,normal
3706,1781099995.153194,normal
3707,1781099995.153809,normal
3708,1781099995.154542,syn_flood
3709,1781099995.155007,normal
3710,1781099995.155915,udp_reflection
3711,1781099995.156931,normal
3712,1781099995.157741,udp_reflection
3713,1781099995.158624,normal
3714,1781099995.159280,normal
3715,1781099995.159832,http_flood
3716,1781099995.160660,normal
3717,1781099995.161185,syn_flood
3718,1781099995.161716,udp_reflection
3719,1781099995.162177,udp_reflection
3720,1781099995.162891,syn_flood
3721,1781099995.163779,udp_reflection
3722,1781099995.164343,normal
3723,1781099995.164979,normal
3724,1781099995.165689,normal
3725,1781099995.166384,udp_reflection
3726,1781099995.167253,normal
3727,1781099995.167807,syn_flood
3728,1781099995.168357,normal
3729,1781099995.169057,normal
3730,1781099995.169710,udp_reflection
3731,1781099995.170537,normal
3732,1781099995.171184,udp_reflection
3733,1781099995.172295,normal
3734,1781099995.173089,normal
3735,1781099995.173837,normal
3736,1781099995.174682,normal
3737,1781099995.175730,udp_reflection
3738,1781099995.176344,normal
3739,1781099995.176911,syn_flood
3740,1781099995.177750,udp_reflection
3741,1781099995.178390,udp_reflection
3742,1781099995.178891,normal
3743,1781099995.179559,normal
3744,1781099995.180047,normal
3745,1781099995.180676,normal
3746,1781099995.181548,syn_flood
3747,1781099995.181949,normal
3748,1781099995.182559,normal
3749,1781099995.183275,http_flood
3750,1781099995.184052,normal
3751,1781099995.185041,normal
3752,1781099995.185569,normal
3753,1781099995.186318,normal
3754,1781099995.186921,normal
3755,1781099995.187531,syn_flood
3756,1781099995.188014,normal
3757,1781099995.188440,normal
3758,1781099995.189096,normal
3759,1781099995.189889,normal
3760,1781099995.190448,normal
3761,1781099995.190954,normal
3762,1781099995.192019,syn_flood
3763,1781099995.192838,normal
3764,1781099995.193545,normal
3765,1781099995.194180,normal
3766,1781099995.194902,normal
3767,1781099995.195503,normal
3768,1781099995.195959,normal
3769,1781099995.196539,http_flood
3770,1781099995.197589,normal
3771,1781099995.198357,normal
3772,1781099995.199523,http_flood
3773,1781099995.200238,syn_flood
3774,1781099995.200891,normal
3775,1781099995.201288,syn_flood
3776,1781099995.201951,normal
3777,1781099995.202573,normal
3778,1781099995.203424,http_flood
3779,1781099995.204010,normal
3780,1781099995.204549,normal
3781,1781099995.205225,normal
3782,1781099995.205688,normal
3783,1781099995.206383,normal
3784,1781099995.207204,udp_reflection
3785,1781099995.207745,normal
3786,1781099995.208550,normal
3787,1781099995.209172,normal
3788,1781099995.209890,normal
3789,1781099995.210469,normal
3790,1781099995.210968,normal
3791,1781099995.211584,normal
3792,1781099995.212281,http_flood
3793,1781099995.212962,syn_flood
3794,1781099995.213611,normal
3795,1781099995.214088,normal
3796,1781099995.215117,normal
3797,1781099995.215687,normal
3798,1781099995.216659,normal
3799,1781099995.217753,udp_reflection
3800,1781099995.218399,normal
3801,1781099995.219151,normal
3802,1781099995.219835,syn_flood
3803,1781099995.220456,udp_reflection
3804,1781099995.221061,normal
3805,1781099995.221598,syn_flood
3806,1781099995.222343,normal
3807,1781099995.222818,http_flood
3808,1781099995.223294,normal
3809,1781099995.224041,udp_reflection
3810,1781099995.224438,syn_flood
3811,1781099995.225250,normal
3812,1781099995.225830,normal
3813,1781099995.226874,normal
3814,1781099995.227495,normal
3815,1781099995.228051,normal
3816,1781099995.228688,normal
3817,1781099995.229522,syn_flood
3818,1781099995.230042,udp_reflection
3819,1781099995.230718,normal
3820,1781099995.231403,normal
3821,1781099995.232292,syn_flood
3822,1781099995.232943,normal
3823,1781099995.233496,syn_flood
3824,1781099995.234046,normal
3825,1781099995.234531,normal
3826,1781099995.235167,normal
3827,1781099995.235900,normal
3828,1781099995.236558,normal
3829,1781099995.237186,normal
3830,1781099995.237825,normal
3831,1781099995.238619,normal
3832,1781099995.239519,http_flood
3833,1781099995.240297,normal
3834,1781099995.240881,normal
3835,1781099995.241605,udp_reflection
3836,1781099995.242395,normal
3837,1781099995.242906,normal
3838,1781099995.243536,udp_reflection
3839,1781099995.244002,normal
3840,1781099995.244384,normal
3841,1781099995.244939,normal
3842,1781099995.245257,normal
3843,1781099995.245784,normal
3844,1781099995.246337,http_flood
3845,1781099995.246925,normal
3846,1781099995.247410,normal
3847,1781099995.248173,syn_flood
3848,1781099995.248894,http_flood
3849,1781099995.249330,normal
3850,1781099995.249841,normal
3851,1781099995.250741,normal
3852,1781099995.251529,normal
3853,1781099995.252121,normal
3854,1781099995.252937,normal
3855,1781099995.253877,normal
3856,1781099995.254652,udp_reflection
3857,1781099995.255361,http_flood
3858,1781099995.255981,normal
3859,1781099995.256604,normal
3860,1781099995.257404,normal
3861,1781099995.258193,udp_reflection
3862,1781099995.258651,normal
3863,1781099995.259457,normal
3864,1781099995.260229,normal
3865,1781099995.261238,udp_reflection
3866,1781099995.261767,normal
3867,1781099995.262378,http_flood
3868,1781099995.262899,syn_flood
3869,1781099995.263356,syn_flood
3870,1781099995.263939,normal
3871,1781099995.264332,normal
3872,1781099995.265172,normal
3873,1781099995.265934,normal
3874,1781099995.266383,udp_reflection
3875,1781099995.267169,normal
3876,1781099995.267833,normal
3877,1781099995.268542,normal
3878,1781099995.269223,http_flood
3879,1781099995.270112,udp_reflection
3880,1781099995.270668,syn_flood
3881,1781099995.271728,normal
3882,1781099995.272501,normal
3883,1781099995.273036,normal
3884,1781099995.274039,normal
3885,1781099995.274503,normal
3886,1781099995.275101,http_flood
3887,1781099995.275975,normal
3888,1781099995.276521,normal
3889,1781099995.277277,normal
3890,1781099995.278082,normal
3891,1781099995.278929,normal
3892,1781099995.279659,normal
3893,1781099995.280395,udp_reflection
3894,1781099995.280930,normal
3895,1781099995.281709,normal
3896,1781099995.282329,http_flood
3897,1781099995.282954,syn_flood
3898,1781099995.283755,udp_reflection
3899,1781099995.284457,normal
3900,1781099995.285373,normal
3901,1781099995.286210,normal
3902,1781099995.286842,normal
3903,1781099995.287361,normal
3904,1781099995.287992,normal
3905,1781099995.288856,normal
3906,1781099995.289412,syn_flood
3907,1781099995.289919,normal
3908,1781099995.290735,normal
3909,1781099995.291435,http_flood
3910,1781099995.292149,normal
3911,1781099995.292794,udp_reflection
3912,1781099995.293452,normal
3913,1781099995.294418,udp_reflection
3914,1781099995.295355,normal
3915,1781099995.296137,normal
3916,1781099995.296791,http_flood
3917,1781099995.297328,udp_reflection
3918,1781099995.297905,normal
3919,1781099995.298478,udp_reflection
3920,1781099995.299386,normal
3921,1781099995.300252,normal
3922,1781099995.301235,http_flood
3923,1781099995.301897,normal
3924,1781099995.302428,syn_flood
3925,1781099995.303226,normal
3926,1781099995.303709,normal
3927,1781099995.304324,normal
3928,1781099995.305081,syn_flood
3929,1781099995.305927,normal
3930,1781099995.306506,normal
3931,1781099995.307216,syn_flood
3932,1781099995.307900,udp_reflection
3933,1781099995.308486,normal
3934,1781099995.309073,udp_reflection
3935,1781099995.309625,normal
3936,1781099995.310187,http_flood
3937,1781099995.310657,normal
3938,1781099995.311671,normal
3939,1781099995.312315,normal
3940,1781099995.312982,normal
3941,1781099995.313727,normal
3942,1781099995.314743,normal
3943,1781099995.315626,http_flood
3944,1781099995.316190,http_flood
3945,1781099995.316643,normal
3946,1781099995.317575,normal
3947,1781099995.318072,normal
3948,1781099995.318778,udp_reflection
3949,1781099995.319308,udp_reflection
3950,1781099995.319968,normal
3951,1781099995.320806,normal
3952,1781099995.321528,syn_flood
3953,1781099995.322094,normal
3954,1781099995.322577,normal
3955,1781099995.323190,normal
3956,1781099995.323768,normal
3957,1781099995.324321,http_flood
3958,1781099995.324831,syn_flood
3959,1781099995.325481,normal
3960,1781099995.326435,normal
3961,1781099995.326879,normal
3962,1781099995.327598,normal
3963,1781099995.328510,syn_flood
3964,1781099995.328990,normal
3965,1781099995.329562,normal
3966,1781099995.330281,udp_reflection
3967,1781099995.330764,normal
3968,1781099995.331269,syn_flood
3969,1781099995.332130,http_flood
3970,1781099995.332682,normal
3971,1781099995.333462,http_flood
3972,1781099995.334091,http_flood
3973,1781099995.334599,http_flood
3974,1781099995.335281,syn_flood
3975,1781099995.335945,syn_flood
3976,1781099995.336750,http_flood
3977,1781099995.337450,syn_flood
3978,1781099995.338075,http_flood
3979,1781099995.338728,syn_flood
3980,1781099995.339411,http_flood
3981,1781099995.340190,normal
3982,1781099995.340988,normal
3983,1781099995.341897,http_flood
3984,1781099995.342708,normal
3985,1781099995.343428,normal
3986,1781099995.344177,normal
3987,1781099995.344920,normal
3988,1781099995.345879,normal
3989,1781099995.346579,http_flood
3990,1781099995.347163,normal
3991,1781099995.348150,udp_reflection
3992,1781099995.349249,syn_flood
3993,1781099995.350090,normal
3994,1781099995.350973,normal
3995,1781099995.351811,normal
3996,1781099995.352740,normal
3997,1781099995.353177,normal
3998,1781099995.353928,normal
3999,1781099995.354641,normal
4000,1781099995.355333,normal
4001,1781099995.356019,normal
4002,1781099995.357154,normal
4003,1781099995.357900,normal
4004,1781099995.358357,normal
4005,1781099995.359301,normal
4006,1781099995.360024,normal
4007,1781099995.360855,normal
4008,1781099995.361354,normal
4009,1781099995.362130,syn_flood
4010,1781099995.362762,normal
4011,1781099995.363202,normal
4012,1781099995.363588,normal
4013,1781099995.364223,udp_reflection
4014,1781099995.364871,http_flood
4015,1781099995.365409,normal
4016,1781099995.366074,syn_flood
4017,1781099995.366810,normal
4018,1781099995.367362,normal
4019,1781099995.367979,http_flood
4020,1781099995.368563,normal
4021,1781099995.369031,normal
4022,1781099995.369677,normal
4023,1781099995.370599,udp_reflection
4024,1781099995.371435,udp_reflection
4025,1781099995.372375,udp_reflection
4026,1781099995.373047,http_flood
4027,1781099995.373615,http_flood
4028,1781099995.374367,normal
4029,1781099995.374971,syn_flood
4030,1781099995.375599,normal
4031,1781099995.376066,udp_reflection
4032,1781099995.376644,normal
4033,1781099995.377040,udp_reflection
4034,1781099995.377701,normal
4035,1781099995.378358,syn_flood
4036,1781099995.379148,http_flood
4037,1781099995.379822,normal
4038,1781099995.380464,normal
4039,1781099995.380893,normal
4040,1781099995.381326,normal
4041,1781099995.381833,http_flood
4042,1781099995.382584,normal
4043,1781099995.383404,normal
4044,1781099995.383775,normal
4045,1781099995.384635,normal
4046,1781099995.385254,normal
4047,1781099995.385707,normal
4048,1781099995.386476,normal
4049,1781099995.387063,normal
4050,1781099995.387661,http_flood
4051,1781099995.388192,normal
4052,1781099995.388953,normal
4053,1781099995.389933,udp_reflection
4054,1781099995.390606,http_flood
4055,1781099995.391123,normal
4056,1781099995.391609,normal
4057,1781099995.392351,normal
4058,1781099995.392883,udp_reflection
4059,1781099995.393553,normal
4060,1781099995.394194,normal
4061,1781099995.394718,normal
4062,1781099995.395383,udp_reflection
4063,1781099995.395876,normal
4064,1781099995.396644,udp_reflection
4065,1781099995.397157,normal
4066,1781099995.397781,normal
4067,1781099995.398546,http_flood
4068,1781099995.399144,normal
4069,1781099995.399897,normal
4070,1781099995.400644,normal
4071,1781099995.401198,normal
4072,1781099995.401656,normal
4073,1781099995.402318,normal
4074,1781099995.402817,normal
4075,1781099995.403673,normal
4076,1781099995.404278,syn_flood
4077,1781099995.404830,normal
4078,1781099995.405244,normal
4079,1781099995.406028,udp_reflection
4080,1781099995.406659,syn_flood
4081,1781099995.407488,http_flood
4082,1781099995.408002,normal
4083,1781099995.408639,normal
4084,1781099995.409070,http_flood
4085,1781099995.410061,normal
4086,1781099995.410617,normal
4087,1781099995.411179,normal
4088,1781099995.411747,normal
4089,1781099995.412315,http_flood
4090,1781099995.412823,normal
4091,1781099995.413351,http_flood
4092,1781099995.414298,normal
4093,1781099995.415181,normal
4094,1781099995.415861,normal
4095,1781099995.416594,syn_flood
4096,1781099995.417388,normal
4097,1781099995.418245,normal
4098,1781099995.418772,http_flood
4099,1781099995.419561,normal
4100,1781099995.420202,udp_reflection
4101,1781099995.421079,normal
4102,1781099995.421497,normal
4103,1781099995.422004,http_flood
4104,1781099995.422877,udp_reflection
4105,1781099995.423445,http_flood
4106,1781099995.424198,syn_flood
4107,1781099995.424824,normal
4108,1781099995.425411,normal
4109,1781099995.426268,normal
4110,1781099995.427023,normal
4111,1781099995.427832,syn_flood
4112,1781099995.428360,normal
4113,1781099995.429111,http_flood
4114,1781099995.429811,http_flood
4115,1781099995.430366,normal
4116,1781099995.431026,normal
4117,1781099995.431448,syn_flood
4118,1781099995.431911,normal
4119,1781099995.432787,syn_flood
4120,1781099995.433395,normal
4121,1781099995.433923,http_flood
4122,1781099995.434386,http_flood
4123,1781099995.435001,normal
4124,1781099995.436098,http_flood
4125,1781099995.436637,syn_flood
4126,1781099995.437404,normal
4127,1781099995.437957,normal
4128,1781099995.438334,normal
4129,1781099995.439120,http_flood
4130,1781099995.439643,udp_reflection
4131,1781099995.440598,udp_reflection
4132,1781099995.441339,normal
4133,1781099995.442368,normal
4134,1781099995.442863,normal
4135,1781099995.443465,normal
4136,1781099995.443906,udp_reflection
4137,1781099995.444462,normal
4138,1781099995.445073,syn_flood
4139,1781099995.445767,http_flood
4140,1781099995.446605,udp_reflection
4141,1781099995.447397,http_flood
4142,1781099995.448150,syn_flood
4143,1781099995.448630,normal
4144,1781099995.449147,normal
4145,1781099995.449637,normal
4146,1781099995.450333,normal
4147,1781099995.450899,normal
4148,1781099995.451877,normal
4149,1781099995.452655,normal
4150,1781099995.453418,syn_flood
4151,1781099995.454176,syn_flood
4152,1781099995.454997,normal
4153,1781099995.455641,normal
4154,1781099995.456591,normal
4155,1781099995.457335,normal
4156,1781099995.457832,normal
4157,1781099995.458417,http_flood
4158,1781099995.459022,udp_reflection
4159,1781099995.459823,normal
4160,1781099995.460429,normal
4161,1781099995.461107,normal
4162,1781099995.461672,udp_reflection
4163,1781099995.462442,udp_reflection
4164,1781099995.463188,normal
4165,1781099995.464102,udp_reflection
4166,1781099995.464742,normal
4167,1781099995.465571,http_flood
4168,1781099995.466581,http_flood
4169,1781099995.467221,normal
4170,1781099995.467927,normal
4171,1781099995.468426,udp_reflection
4172,1781099995.469031,normal
4173,1781099995.469637,normal
4174,1781099995.470164,normal
4175,1781099995.470862,http_flood
4176,1781099995.471746,udp_reflection
4177,1781099995.472346,http_flood
4178,1781099995.472790,http_flood
4179,1781099995.473549,udp_reflection
4180,1781099995.474068,normal
4181,1781099995.474672,normal
4182,1781099995.475249,normal
4183,1781099995.475802,udp_reflection
4184,1781099995.476336,syn_flood
4185,1781099995.477066,syn_flood
4186,1781099995.477816,syn_flood
4187,1781099995.478427,normal
4188,1781099995.478957,syn_flood
4189,1781099995.479638,udp_reflection
4190,1781099995.480193,udp_reflection
4191,1781099995.480789,normal
4192,1781099995.481256,http_flood
4193,1781099995.481943,normal
4194,1781099995.482556,http_flood
4195,1781099995.483093,normal
4196,1781099995.483869,udp_reflection
4197,1781099995.484793,http_flood
4198,1781099995.485327,normal
4199,1781099995.485923,normal
4200,1781099995.486554,normal
4201,1781099995.487105,normal
4202,1781099995.487810,http_flood
4203,1781099995.488228,syn_flood
4204,1781099995.488696,http_flood
4205,1781099995.489466,normal
4206,1781099995.489931,normal
4207,1781099995.490663,udp_reflection
4208,1781099995.491410,syn_flood
4209,1781099995.492182,udp_reflection
4210,1781099995.493067,syn_flood
4211,1781099995.494044,normal
4212,1781099995.494629,normal
4213,1781099995.495218,normal
4214,1781099995.495735,normal
4215,1781099995.496599,syn_flood
4216,1781099995.497444,http_flood
4217,1781099995.498026,http_flood
4218,1781099995.498465,normal
4219,1781099995.499305,http_flood
4220,1781099995.500163,udp_reflection
4221,1781099995.501300,normal
4222,1781099995.501662,normal
4223,1781099995.502318,normal
4224,1781099995.503245,normal
4225,1781099995.503825,normal
4226,1781099995.504626,normal
4227,1781099995.505423,normal
4228,1781099995.506061,udp_reflection
4229,1781099995.506907,normal
4230,1781099995.507399,normal
4231,1781099995.508043,normal
4232,1781099995.508687,normal
4233,1781099995.509259,normal
4234,1781099995.509735,normal
4235,1781099995.510339,normal
4236,1781099995.511047,http_flood
4237,1781099995.511695,normal
4238,1781099995.512550,normal
4239,1781099995.513094,normal
4240,1781099995.513697,http_flood
4241,1781099995.514430,http_flood
4242,1781099995.514996,normal
4243,1781099995.515600,udp_reflection
4244,1781099995.516246,udp_reflection
4245,1781099995.517064,http_flood
4246,1781099995.517655,udp_reflection
4247,1781099995.518199,normal
4248,1781099995.518922,normal
4249,1781099995.519388,syn_flood
4250,1781099995.520016,syn_flood
4251,1781099995.520495,normal
4252,1781099995.521068,normal
4253,1781099995.522059,http_flood
4254,1781099995.522546,normal
4255,1781099995.523261,normal
4256,1781099995.524131,normal
4257,1781099995.524757,normal
4258,1781099995.525234,normal
4259,1781099995.526064,normal
4260,1781099995.526633,normal
4261,1781099995.527187,normal
4262,1781099995.527895,normal
4263,1781099995.528459,syn_flood
4264,1781099995.528983,normal
4265,1781099995.529754,normal
4266,1781099995.530514,normal
4267,1781099995.531687,normal
4268,1781099995.532226,normal
4269,1781099995.533059,normal
4270,1781099995.533645,normal
4271,1781099995.534240,syn_flood
4272,1781099995.534947,normal
4273,1781099995.535741,normal
4274,1781099995.536441,udp_reflection
4275,1781099995.536872,normal
4276,1781099995.537561,udp_reflection
4277,1781099995.538388,normal
4278,1781099995.539084,syn_flood
4279,1781099995.540005,normal
4280,1781099995.540660,normal
4281,1781099995.541240,normal
4282,1781099995.541921,normal
4283,1781099995.542590,syn_flood
4284,1781099995.543152,normal
4285,1781099995.543726,normal
4286,1781099995.544485,syn_flood
4287,1781099995.545116,normal
4288,1781099995.545651,normal
4289,1781099995.546162,normal
4290,1781099995.547115,normal
4291,1781099995.547888,normal
4292,1781099995.548582,http_flood
4293,1781099995.549141,normal
4294,1781099995.549890,normal
4295,1781099995.550908,normal
4296,1781099995.551463,normal
4297,1781099995.552032,normal
4298,1781099995.552559,http_flood
4299,1781099995.553574,udp_reflection
4300,1781099995.554289,udp_reflection
4301,1781099995.555198,normal
4302,1781099995.555842,normal
4303,1781099995.556599,syn_flood
4304,1781099995.557244,normal
4305,1781099995.557873,normal
4306,1781099995.558491,normal
4307,1781099995.558879,normal
4308,1781099995.559516,udp_reflection
4309,1781099995.560227,normal
4310,1781099995.560621,normal
4311,1781099995.561245,normal
4312,1781099995.561951,normal
4313,1781099995.562601,normal
4314,1781099995.563409,normal
4315,1781099995.564511,udp_reflection
4316,1781099995.565131,normal
4317,1781099995.565763,normal
4318,1781099995.566749,http_flood
4319,1781099995.567354,normal
4320,1781099995.567901,normal
4321,1781099995.568507,http_flood
4322,1781099995.569069,normal
4323,1781099995.569763,normal
4324,1781099995.570534,normal
4325,1781099995.571253,normal
4326,1781099995.571830,udp_reflection
4327,1781099995.572385,normal
4328,1781099995.572911,normal
4329,1781099995.573309,syn_flood
4330,1781099995.573901,normal
4331,1781099995.574593,syn_flood
4332,1781099995.575336,normal
4333,1781099995.575895,normal
4334,1781099995.576491,normal
4335,1781099995.577231,normal
4336,1781099995.577945,normal
4337,1781099995.578774,normal
4338,1781099995.579309,normal
4339,1781099995.580081,http_flood
4340,1781099995.580811,normal
4341,1781099995.581660,normal
4342,1781099995.582566,udp_reflection
4343,1781099995.583166,syn_flood
4344,1781099995.583966,normal
4345,1781099995.584582,normal
4346,1781099995.585447,syn_flood
4347,1781099995.586151,http_flood
4348,1781099995.586955,syn_flood
4349,1781099995.587770,normal
4350,1781099995.588630,normal
4351,1781099995.589444,http_flood
4352,1781099995.590057,normal
4353,1781099995.590599,normal
4354,1781099995.591143,normal
4355,1781099995.592201,udp_reflection
4356,1781099995.592708,normal
4357,1781099995.593445,normal
4358,1781099995.594573,normal
4359,1781099995.595240,udp_reflection
4360,1781099995.595982,http_flood
4361,1781099995.596557,udp_reflection
4362,1781099995.597358,normal
4363,1781099995.597985,udp_reflection
4364,1781099995.598598,http_flood
4365,1781099995.599373,normal
4366,1781099995.600277,http_flood
4367,1781099995.600965,normal
4368,1781099995.601807,normal
4369,1781099995.602416,normal
4370,1781099995.603002,http_flood
4371,1781099995.603736,normal
4372,1781099995.604629,udp_reflection
4373,1781099995.605485,http_flood
4374,1781099995.606134,normal
4375,1781099995.606812,normal
4376,1781099995.607316,normal
4377,1781099995.608129,normal
4378,1781099995.608615,normal
4379,1781099995.609234,normal
4380,1781099995.609633,normal
4381,1781099995.610214,normal
4382,1781099995.610803,http_flood
4383,1781099995.611320,normal
4384,1781099995.612252,normal
4385,1781099995.612900,normal
4386,1781099995.613339,syn_flood
4387,1781099995.613998,udp_reflection
4388,1781099995.614599,udp_reflection
4389,1781099995.615484,http_flood
4390,1781099995.616323,syn_flood
4391,1781099995.616808,normal
4392,1781099995.617692,udp_reflection
4393,1781099995.618513,normal
4394,1781099995.619216,syn_flood
4395,1781099995.619751,normal
4396,1781099995.620358,normal
4397,1781099995.621093,syn_flood
4398,1781099995.621811,normal
4399,1781099995.622787,http_flood
4400,1781099995.623592,syn_flood
4401,1781099995.624184,normal
4402,1781099995.624784,normal
4403,1781099995.625225,udp_reflection
4404,1781099995.626131,http_flood
4405,1781099995.626898,http_flood
4406,1781099995.627550,normal
4407,1781099995.628741,http_flood
4408,1781099995.629431,udp_reflection
4409,1781099995.629972,normal
4410,1781099995.630499,udp_reflection
4411,1781099995.631189,normal
4412,1781099995.631729,normal
4413,1781099995.632325,normal
4414,1781099995.633401,udp_reflection
4415,1781099995.634310,normal
4416,1781099995.635308,udp_reflection
4417,1781099995.636099,http_flood
4418,1781099995.636642,normal
4419,1781099995.637609,normal
4420,1781099995.638810,normal
4421,1781099995.639644,normal
4422,1781099995.640388,normal
4423,1781099995.641096,normal
4424,1781099995.641957,normal
4425,1781099995.642599,syn_flood
4426,1781099995.643488,http_flood
4427,1781099995.644655,normal
4428,1781099995.645426,normal
4429,1781099995.645848,normal
4430,1781099995.646487,normal
4431,1781099995.647025,http_flood
4432,1781099995.647625,normal
4433,1781099995.648479,normal
4434,1781099995.649019,normal
4435,1781099995.649507,normal
4436,1781099995.650034,udp_reflection
4437,1781099995.650891,normal
4438,1781099995.651675,udp_reflection
4439,1781099995.652351,http_flood
4440,1781099995.652960,normal
4441,1781099995.653586,normal
4442,1781099995.654277,syn_flood
4443,1781099995.654814,normal
4444,1781099995.655702,http_flood
4445,1781099995.656219,normal
4446,1781099995.656827,normal
4447,1781099995.657472,normal
4448,1781099995.658056,http_flood
4449,1781099995.658730,normal
4450,1781099995.659299,normal
4451,1781099995.659867,normal
4452,1781099995.660417,normal
4453,1781099995.660925,normal
4454,1781099995.661623,normal
4455,1781099995.662472,http_flood
4456,1781099995.662942,http_flood
4457,1781099995.663753,normal
4458,1781099995.664275,normal
4459,1781099995.664881,udp_reflection
4460,1781099995.665554,syn_flood
4461,1781099995.666180,syn_flood
4462,1781099995.666639,normal
4463,1781099995.667393,udp_reflection
4464,1781099995.667969,udp_reflection
4465,1781099995.668734,udp_reflection
4466,1781099995.669365,normal
4467,1781099995.669900,normal
4468,1781099995.670681,normal
4469,1781099995.671246,normal
4470,1781099995.671835,normal
4471,1781099995.672541,syn_flood
4472,1781099995.673120,normal
4473,1781099995.674108,udp_reflection
4474,1781099995.674725,syn_flood
4475,1781099995.675596,udp_reflection
4476,1781099995.676112,syn_flood
4477,1781099995.676779,http_flood
4478,1781099995.677289,http_flood
4479,1781099995.678047,normal
4480,1781099995.678810,udp_reflection
4481,1781099995.679523,http_flood
4482,1781099995.680364,normal
4483,1781099995.681220,udp_reflection
4484,1781099995.681730,udp_reflection
4485,1781099995.682530,normal
4486,1781099995.683119,udp_reflection
4487,1781099995.683750,normal
4488,1781099995.684483,syn_flood
4489,1781099995.685380,syn_flood
4490,1781099995.686422,normal
4491,1781099995.687086,syn_flood
4492,1781099995.687736,normal
4493,1781099995.688339,normal
4494,1781099995.688943,normal
4495,1781099995.689670,normal
4496,1781099995.690478,syn_flood
4497,1781099995.691073,normal
4498,1781099995.691552,syn_flood
4499,1781099995.692092,normal
4500,1781099995.692768,normal
4501,1781099995.693563,http_flood
4502,1781099995.694476,syn_flood
4503,1781099995.695072,normal
4504,1781099995.697200,normal
4505,1781099995.698811,normal
4506,1781099995.700435,normal
4507,1781099995.702348,normal
4508,1781099995.704149,syn_flood
4509,1781099995.706807,normal
4510,1781099995.708347,normal
4511,1781099995.710507,normal
4512,1781099995.712924,normal
4513,1781099995.715563,http_flood
4514,1781099995.717036,normal
4515,1781099995.719023,normal
4516,1781099995.721589,normal
4517,1781099995.723886,normal
4518,1781099995.725737,normal
4519,1781099995.728021,normal
4520,1781099995.730453,normal
4521,1781099995.733731,normal
4522,1781099995.736220,normal
4523,1781099995.738777,normal
4524,1781099995.741052,normal
4525,1781099995.743052,syn_flood
4526,1781099995.745351,http_flood
4527,1781099995.747047,normal
4528,1781099995.749589,normal
4529,1781099995.751472,normal
4530,1781099995.753962,normal
4531,1781099995.755467,normal
4532,1781099995.758007,normal
4533,1781099995.760686,normal
4534,1781099995.762659,syn_flood
4535,1781099995.765126,normal
4536,1781099995.767992,normal
4537,1781099995.769735,normal
4538,1781099995.772925,normal
4539,1781099995.776309,normal
4540,1781099995.778126,normal
4541,1781099995.779694,normal
4542,1781099995.781694,normal
4543,1781099995.783442,udp_reflection
4544,1781099995.785562,http_flood
4545,1781099995.786634,normal
4546,1781099995.788890,normal
4547,1781099995.791106,normal
4548,1781099995.793174,udp_reflection
4549,1781099995.795026,http_flood
4550,1781099995.796966,normal
4551,1781099995.798975,normal
4552,1781099995.801786,syn_flood
4553,1781099995.804098,normal
4554,1781099995.806052,normal
4555,1781099995.807941,normal
4556,1781099995.810230,normal
4557,1781099995.811931,normal
4558,1781099995.814481,normal
4559,1781099995.816173,normal
4560,1781099995.818477,normal
4561,1781099995.820197,normal
4562,1781099995.822915,normal
4563,1781099995.824769,normal
4564,1781099995.826673,normal
4565,1781099995.829478,normal
4566,1781099995.832055,normal
4567,1781099995.833815,normal
4568,1781099995.835328,normal
4569,1781099995.837429,normal
4570,1781099995.839830,normal
4571,1781099995.841153,http_flood
4572,1781099995.842617,normal
4573,1781099995.843846,normal
4574,1781099995.847411,normal
4575,1781099995.849814,normal
4576,1781099995.851660,normal
4577,1781099995.855381,normal
4578,1781099995.858097,normal
4579,1781099995.860743,normal
4580,1781099995.863331,normal
4581,1781099995.864652,normal
4582,1781099995.866730,normal
4583,1781099995.868148,normal
4584,1781099995.870460,normal
4585,1781099995.872406,normal
4586,1781099995.875049,normal
4587,1781099995.878089,normal
4588,1781099995.879368,normal
4589,1781099995.882191,normal
4590,1781099995.884492,normal
4591,1781099995.886819,normal
4592,1781099995.889315,normal
4593,1781099995.891608,normal
4594,1781099995.893745,normal
4595,1781099995.895907,normal
4596,1781099995.898243,normal
4597,1781099995.900033,normal
4598,1781099995.902849,normal
4599,1781099995.905505,normal
4600,1781099995.907274,normal
4601,1781099995.908711,normal
4602,1781099995.910834,normal
4603,1781099995.913026,normal
4604,1781099995.914958,normal
4605,1781099995.916521,normal
4606,1781099995.918622,normal
4607,1781099995.920390,normal
4608,1781099995.922318,http_flood
4609,1781099995.924117,normal
4610,1781099995.925935,udp_reflection
4611,1781099995.928277,normal
4612,1781099995.930483,normal
4613,1781099995.932830,normal
4614,1781099995.934319,normal
4615,1781099995.936003,normal
4616,1781099995.937897,normal
4617,1781099995.939933,normal
4618,1781099995.942652,normal
4619,1781099995.944667,normal
4620,1781099995.946737,normal
4621,1781099995.949010,syn_flood
4622,1781099995.951309,normal
4623,1781099995.953672,normal
4624,1781099995.955481,normal
4625,1781099995.957818,normal
4626,1781099995.960466,normal
4627,1781099995.962281,normal
4628,1781099995.964688,syn_flood
4629,1781099995.966236,normal
4630,1781099995.968687,normal
4631,1781099995.971173,http_flood
4632,1781099995.974158,normal
4633,1781099995.976377,normal
4634,1781099995.978387,udp_reflection
4635,1781099995.980153,normal
4636,1781099995.982160,normal
4637,1781099995.984601,normal
4638,1781099995.986016,normal
4639,1781099995.987571,normal
4640,1781099995.990774,normal
4641,1781099995.992687,normal
4642,1781099995.995637,normal
4643,1781099995.997626,normal
4644,1781099995.999667,normal
4645,1781099996.002596,normal
4646,1781099996.004934,normal
4647,1781099996.007848,normal
4648,1781099996.009948,normal
4649,1781099996.012449,normal
4650,1781099996.014966,normal
4651,1781099996.017455,normal
4652,1781099996.021642,normal
4653,1781099996.023592,normal
4654,1781099996.025850,normal
4655,1781099996.028512,normal
4656,1781099996.029926,normal
4657,1781099996.031663,normal
4658,1781099996.033406,normal
4659,1781099996.035056,normal
4660,1781099996.036980,normal
4661,1781099996.039541,normal
4662,1781099996.041771,normal
4663,1781099996.043749,normal
4664,1781099996.045810,normal
4665,1781099996.048214,normal
4666,1781099996.050502,normal
4667,1781099996.052816,normal
4668,1781099996.055319,normal
4669,1781099996.057295,normal
4670,1781099996.058874,normal
4671,1781099996.060496,normal
4672,1781099996.062060,normal
4673,1781099996.063353,normal
4674,1781099996.065016,normal
4675,1781099996.067097,normal
4676,1781099996.069121,normal
4677,1781099996.071847,normal
4678,1781099996.074691,normal
4679,1781099996.076855,normal
4680,1781099996.079500,normal
4681,1781099996.081877,normal
4682,1781099996.084074,normal
4683,1781099996.086618,normal
4684,1781099996.088592,normal
4685,1781099996.090731,normal
4686,1781099996.092895,normal
4687,1781099996.094571,normal
4688,1781099996.097144,normal
4689,1781099996.100319,normal
4690,1781099996.101949,normal
4691,1781099996.104358,normal
4692,1781099996.106977,syn_flood
4693,1781099996.109838,normal
4694,1781099996.112283,normal
4695,1781099996.114224,normal
4696,1781099996.116801,normal
4697,1781099996.118791,normal
4698,1781099996.120643,normal
4699,1781099996.122963,normal
4700,1781099996.124351,normal
4701,1781099996.127078,normal
4702,1781099996.128846,normal
4703,1781099996.132872,normal
4704,1781099996.134980,normal
4705,1781099996.137019,normal
4706,1781099996.138887,normal
4707,1781099996.140722,normal
4708,1781099996.142591,udp_reflection
4709,1781099996.144956,syn_flood
4710,1781099996.147128,normal
4711,1781099996.149165,normal
4712,1781099996.150938,normal
4713,1781099996.153609,normal
4714,1781099996.155854,normal
4715,1781099996.158499,normal
4716,1781099996.160396,normal
4717,1781099996.162699,normal
4718,1781099996.164816,normal
4719,1781099996.166701,normal
4720,1781099996.168494,normal
4721,1781099996.171007,normal
4722,1781099996.173167,normal
4723,1781099996.175129,normal
4724,1781099996.176772,normal
4725,1781099996.178915,normal
4726,1781099996.180216,normal
4727,1781099996.182867,normal
4728,1781099996.184186,normal
4729,1781099996.185984,normal
4730,1781099996.188453,normal
4731,1781099996.190406,http_flood
4732,1781099996.193421,normal
4733,1781099996.196366,normal
4734,1781099996.199776,normal
4735,1781099996.202361,normal
4736,1781099996.204459,udp_reflection
4737,1781099996.206711,normal
4738,1781099996.208943,normal
4739,1781099996.210341,normal
4740,1781099996.212476,normal
4741,1781099996.214372,normal
4742,1781099996.216238,normal
4743,1781099996.218325,normal
4744,1781099996.220487,normal
4745,1781099996.222501,normal
4746,1781099996.224794,normal
4747,1781099996.226718,normal
4748,1781099996.229076,normal
4749,1781099996.231211,normal
4750,1781099996.233362,normal
4751,1781099996.235389,syn_flood
4752,1781099996.236881,normal
4753,1781099996.239333,normal
4754,1781099996.241305,normal
4755,1781099996.243673,normal
4756,1781099996.245891,normal
4757,1781099996.248440,normal
4758,1781099996.250309,normal
4759,1781099996.252633,normal
4760,1781099996.254773,udp_reflection
4761,1781099996.256825,http_flood
4762,1781099996.259063,normal
4763,1781099996.261106,normal
4764,1781099996.263154,normal
4765,1781099996.266140,normal
4766,1781099996.267628,normal
4767,1781099996.269770,normal
4768,1781099996.273548,normal
4769,1781099996.275977,normal
4770,1781099996.278041,normal
4771,1781099996.279730,normal
4772,1781099996.281214,normal
4773,1781099996.283742,normal
4774,1781099996.285865,normal
4775,1781099996.288079,http_flood
4776,1781099996.290174,normal
4777,1781099996.292226,normal
4778,1781099996.294287,normal
4779,1781099996.297178,normal
4780,1781099996.299278,normal
4781,1781099996.301065,normal
4782,1781099996.303013,syn_flood
4783,1781099996.306100,normal
4784,1781099996.308322,normal
4785,1781099996.311814,normal
4786,1781099996.314288,normal
4787,1781099996.316160,normal
4788,1781099996.317933,normal
4789,1781099996.319688,udp_reflection
4790,1781099996.322291,normal
4791,1781099996.325412,normal
4792,1781099996.327925,normal
4793,1781099996.329676,normal
4794,1781099996.331701,normal
4795,1781099996.333438,normal
4796,1781099996.335600,normal
4797,1781099996.338769,udp_reflection
4798,1781099996.340999,normal
4799,1781099996.342977,normal
4800,1781099996.344794,normal
4801,1781099996.347495,normal
4802,1781099996.349987,http_flood
4803,1781099996.352890,normal
4804,1781099996.356291,normal
4805,1781099996.358979,normal
4806,1781099996.362389,normal
4807,1781099996.364601,normal
4808,1781099996.367471,normal
4809,1781099996.369167,normal
4810,1781099996.371203,normal
4811,1781099996.373513,syn_flood
4812,1781099996.375419,normal
4813,1781099996.378122,normal
4814,1781099996.379301,normal
4815,1781099996.382282,normal
4816,1781099996.384453,normal
4817,1781099996.387072,normal
4818,1781099996.390600,normal
4819,1781099996.392257,normal
4820,1781099996.394307,normal
4821,1781099996.396309,normal
4822,1781099996.398028,normal
4823,1781099996.400731,normal
4824,1781099996.403182,normal
4825,1781099996.406236,normal
4826,1781099996.409215,normal
4827,1781099996.411389,normal
4828,1781099996.414140,normal
4829,1781099996.416184,normal
4830,1781099996.418767,normal
4831,1781099996.420714,normal
4832,1781099996.422430,udp_reflection
4833,1781099996.424877,normal
4834,1781099996.426847,normal
4835,1781099996.428847,normal
4836,1781099996.430460,normal
4837,1781099996.432641,normal
4838,1781099996.435364,normal
4839,1781099996.437845,normal
4840,1781099996.439950,normal
4841,1781099996.442144,normal
4842,1781099996.443856,normal
4843,1781099996.445354,http_flood
4844,1781099996.447249,normal
4845,1781099996.450329,normal
4846,1781099996.452522,normal
4847,1781099996.454989,normal
4848,1781099996.457181,normal
4849,1781099996.459051,http_flood
4850,1781099996.460660,normal
4851,1781099996.462337,normal
4852,1781099996.464639,normal
4853,1781099996.467006,normal
4854,1781099996.469678,normal
4855,1781099996.472632,normal
4856,1781099996.474926,normal
4857,1781099996.476832,normal
4858,1781099996.479728,udp_reflection
4859,1781099996.482334,normal
4860,1781099996.486288,normal
4861,1781099996.488599,normal
4862,1781099996.491052,syn_flood
4863,1781099996.493250,normal
4864,1781099996.494814,http_flood
4865,1781099996.497164,http_flood
4866,1781099996.498899,normal
4867,1781099996.500987,normal
4868,1781099996.503612,normal
4869,1781099996.505534,normal
4870,1781099996.507154,normal
4871,1781099996.509729,normal
4872,1781099996.512130,normal
4873,1781099996.514219,normal
4874,1781099996.516354,normal
4875,1781099996.518285,normal
4876,1781099996.520628,normal
4877,1781099996.522824,normal
4878,1781099996.524820,normal
4879,1781099996.526333,normal
4880,1781099996.529261,normal
4881,1781099996.531335,normal
4882,1781099996.533331,normal
4883,1781099996.536100,normal
4884,1781099996.538172,normal
4885,1781099996.540061,normal
4886,1781099996.542027,normal
4887,1781099996.543925,normal
4888,1781099996.545246,normal
4889,1781099996.547747,normal
4890,1781099996.549797,normal
4891,1781099996.551946,normal
4892,1781099996.553344,normal
4893,1781099996.555614,normal
4894,1781099996.557313,normal
4895,1781099996.560268,normal
4896,1781099996.562923,normal
4897,1781099996.565616,normal
4898,1781099996.568300,normal
4899,1781099996.569883,normal
4900,1781099996.572139,normal
4901,1781099996.574008,normal
4902,1781099996.575675,normal
4903,1781099996.578701,syn_flood
4904,1781099996.580903,normal
4905,1781099996.583364,normal
4906,1781099996.585470,normal
4907,1781099996.588302,udp_reflection
4908,1781099996.590407,normal
4909,1781099996.592072,normal
4910,1781099996.595090,normal
4911,1781099996.597596,normal
4912,1781099996.599159,normal
4913,1781099996.601598,normal
4914,1781099996.603711,normal
4915,1781099996.606191,normal
4916,1781099996.608279,normal
4917,1781099996.609777,normal
4918,1781099996.611645,normal
4919,1781099996.615007,normal
4920,1781099996.617552,normal
4921,1781099996.620027,normal
4922,1781099996.622181,normal
4923,1781099996.624598,normal
4924,1781099996.626662,normal
4925,1781099996.628940,udp_reflection
4926,1781099996.631626,normal
4927,1781099996.633426,normal
4928,1781099996.635744,normal
4929,1781099996.637832,normal
4930,1781099996.641300,normal
4931,1781099996.644214,normal
4932,1781099996.646674,normal
4933,1781099996.649611,udp_reflection
4934,1781099996.651317,normal
4935,1781099996.654191,normal
4936,1781099996.656836,normal
4937,1781099996.658350,normal
4938,1781099996.660538,normal
4939,1781099996.662443,normal
4940,1781099996.665827,normal
4941,1781099996.668201,normal
4942,1781099996.670534,normal
4943,1781099996.672606,normal
4944,1781099996.674807,normal
4945,1781099996.676504,normal
4946,1781099996.678228,normal
4947,1781099996.681407,normal
4948,1781099996.683422,normal
4949,1781099996.684748,normal
4950,1781099996.686703,normal
4951,1781099996.690056,normal
4952,1781099996.692330,normal
4953,1781099996.694327,normal
4954,1781099996.696261,udp_reflection
4955,1781099996.697975,normal
4956,1781099996.700922,normal
4957,1781099996.703737,normal
4958,1781099996.705628,normal
4959,1781099996.707624,normal
4960,1781099996.709743,normal
4961,1781099996.712124,normal
4962,1781099996.713594,normal
4963,1781099996.715880,normal
4964,1781099996.717968,udp_reflection
4965,1781099996.719712,normal
4966,1781099996.722512,normal
4967,1781099996.724580,normal
4968,1781099996.726891,normal
4969,1781099996.729420,normal
4970,1781099996.731773,normal
4971,1781099996.733448,normal
4972,1781099996.735753,normal
4973,1781099996.738628,normal
4974,1781099996.740666,normal
4975,1781099996.742652,normal
4976,1781099996.744866,syn_flood
4977,1781099996.747181,normal
4978,1781099996.750084,normal
4979,1781099996.752093,normal
4980,1781099996.754671,normal
4981,1781099996.758025,normal
4982,1781099996.759949,normal
4983,1781099996.762215,normal
4984,1781099996.765194,normal
4985,1781099996.767222,normal
4986,1781099996.769130,normal
4987,1781099996.771546,normal
4988,1781099996.773866,normal
4989,1781099996.776603,normal
4990,1781099996.779223,normal
4991,1781099996.781388,normal
4992,1781099996.783836,http_flood
4993,1781099996.786410,udp_reflection
4994,1781099996.788264,normal
4995,1781099996.791061,normal
4996,1781099996.793000,normal
4997,1781099996.794693,normal
4998,1781099996.796250,normal
4999,1781099996.798487,normal
5000,1781099996.800360,normal
5001,1781099996.803091,normal
5002,1781099996.805334,normal
5003,1781099996.808277,normal
5004,1781099996.811070,normal
5005,1781099996.813347,normal
5006,1781099996.815264,normal
5007,1781099996.816962,normal
5008,1781099996.818750,http_flood
5009,1781099996.821286,normal
5010,1781099996.823154,normal
5011,1781099996.826145,normal
5012,1781099996.827709,normal
5013,1781099996.829068,normal
5014,1781099996.831179,normal
5015,1781099996.833778,http_flood
5016,1781099996.835426,normal
5017,1781099996.837468,normal
5018,1781099996.839919,normal
5019,1781099996.842005,normal
5020,1781099996.843975,normal
5021,1781099996.846487,normal
5022,1781099996.850619,normal
5023,1781099996.852988,normal
5024,1781099996.854755,normal
5025,1781099996.858404,normal
5026,1781099996.861040,normal
5027,1781099996.862979,normal
5028,1781099996.865759,normal
5029,1781099996.868428,normal
5030,1781099996.870736,normal
5031,1781099996.872918,normal
5032,1781099996.874407,normal
5033,1781099996.875931,udp_reflection
5034,1781099996.878109,normal
5035,1781099996.880969,normal
5036,1781099996.882838,normal
5037,1781099996.885366,http_flood
5038,1781099996.887199,normal
5039,1781099996.889484,normal
5040,1781099996.891426,normal
5041,1781099996.894631,normal
5042,1781099996.895941,syn_flood
5043,1781099996.897760,normal
5044,1781099996.899789,normal
5045,1781099996.902144,normal
5046,1781099996.903745,http_flood
5047,1781099996.905795,udp_reflection
5048,1781099996.907913,normal
5049,1781099996.910004,normal
5050,1781099996.912021,normal
5051,1781099996.915815,normal
5052,1781099996.917547,normal
5053,1781099996.919275,normal
5054,1781099996.921073,normal
5055,1781099996.923537,normal
5056,1781099996.927154,normal
5057,1781099996.929027,normal
5058,1781099996.931257,normal
5059,1781099996.933533,syn_flood
5060,1781099996.936083,normal
5061,1781099996.938437,normal
5062,1781099996.941819,normal
5063,1781099996.944015,normal
5064,1781099996.946156,normal
5065,1781099996.948728,udp_reflection
5066,1781099996.950343,normal
5067,1781099996.952732,normal
5068,1781099996.954844,normal
5069,1781099996.957864,udp_reflection
5070,1781099996.959686,normal
5071,1781099996.960935,normal
5072,1781099996.962873,http_flood
5073,1781099996.965156,normal
5074,1781099996.966592,normal
5075,1781099996.968820,normal
5076,1781099996.971182,http_flood
5077,1781099996.973218,normal
5078,1781099996.975567,normal
5079,1781099996.978163,normal
5080,1781099996.980808,normal
5081,1781099996.982900,normal
5082,1781099996.985220,normal
5083,1781099996.987481,normal
5084,1781099996.990043,udp_reflection
5085,1781099996.992141,normal
5086,1781099996.993867,normal
5087,1781099996.996199,normal
5088,1781099996.998080,udp_reflection
5089,1781099997.001301,normal
5090,1781099997.004223,normal
5091,1781099997.006014,normal
5092,1781099997.008016,normal
5093,1781099997.009910,syn_flood
5094,1781099997.012521,normal
5095,1781099997.014189,normal
5096,1781099997.015530,udp_reflection
5097,1781099997.017588,normal
5098,1781099997.019643,normal
5099,1781099997.021939,normal
5100,1781099997.023776,normal
5101,1781099997.026078,normal
5102,1781099997.028141,normal
5103,1781099997.030270,normal
5104,1781099997.032334,normal
5105,1781099997.035138,normal
5106,1781099997.037177,http_flood
5107,1781099997.039013,syn_flood
5108,1781099997.041215,normal
5109,1781099997.042797,normal
5110,1781099997.045326,normal
5111,1781099997.047406,normal
5112,1781099997.049251,normal
5113,1781099997.051615,normal
5114,1781099997.054495,normal
5115,1781099997.056474,http_flood
5116,1781099997.058556,normal
5117,1781099997.060589,normal
5118,1781099997.062203,normal
5119,1781099997.063907,syn_flood
5120,1781099997.066633,normal
5121,1781099997.069208,normal
5122,1781099997.071279,normal
5123,1781099997.073321,normal
5124,1781099997.075023,normal
5125,1781099997.078131,normal
5126,1781099997.080657,normal
5127,1781099997.082733,normal
5128,1781099997.086466,normal
5129,1781099997.088772,normal
5130,1781099997.092316,normal
5131,1781099997.094905,syn_flood
5132,1781099997.097157,normal
5133,1781099997.098923,normal
5134,1781099997.100966,normal
5135,1781099997.103059,normal
5136,1781099997.105271,normal
5137,1781099997.107874,udp_reflection
5138,1781099997.109454,normal
5139,1781099997.111675,normal
5140,1781099997.114005,normal
5141,1781099997.116412,normal
5142,1781099997.118784,normal
5143,1781099997.120898,normal
5144,1781099997.122581,normal
5145,1781099997.124688,syn_flood
5146,1781099997.126269,normal
5147,1781099997.128206,normal
5148,1781099997.130675,normal
5149,1781099997.132412,normal
5150,1781099997.134645,normal
5151,1781099997.137049,normal
5152,1781099997.138827,normal
5153,1781099997.140535,normal
5154,1781099997.142463,normal
5155,1781099997.144110,normal
5156,1781099997.145339,normal
5157,1781099997.147356,normal
5158,1781099997.149728,normal
5159,1781099997.151456,normal
5160,1781099997.153393,normal
5161,1781099997.154861,normal
5162,1781099997.156857,normal
5163,1781099997.160217,normal
5164,1781099997.161955,normal
5165,1781099997.164209,normal
5166,1781099997.165793,normal
5167,1781099997.168112,udp_reflection
5168,1781099997.169925,normal
5169,1781099997.172249,normal
5170,1781099997.173991,normal
5171,1781099997.176006,normal
5172,1781099997.178539,normal
5173,1781099997.180259,normal
5174,1781099997.183329,normal
5175,1781099997.185282,normal
5176,1781099997.187446,normal
5177,1781099997.189485,normal
5178,1781099997.191669,normal
5179,1781099997.194123,normal
5180,1781099997.196509,normal
5181,1781099997.199229,normal
5182,1781099997.201457,normal
5183,1781099997.203651,normal
5184,1781099997.205256,normal
5185,1781099997.207749,normal
5186,1781099997.210088,normal
5187,1781099997.212245,normal
5188,1781099997.214159,normal
5189,1781099997.217291,normal
5190,1781099997.219169,normal
5191,1781099997.221858,normal
5192,1781099997.224688,normal
5193,1781099997.226686,normal
5194,1781099997.228237,normal
5195,1781099997.230516,normal
5196,1781099997.233506,normal
5197,1781099997.234897,normal
5198,1781099997.238387,normal
5199,1781099997.240078,udp_reflection
5200,1781099997.242302,normal
5201,1781099997.244018,normal
5202,1781099997.246720,normal
5203,1781099997.248673,normal
5204,1781099997.251002,normal
5205,1781099997.252608,normal
5206,1781099997.254603,normal
5207,1781099997.258439,normal
5208,1781099997.259768,normal
5209,1781099997.262340,normal
5210,1781099997.264547,syn_flood
5211,1781099997.267350,udp_reflection
5212,1781099997.269576,normal
5213,1781099997.271632,normal
5214,1781099997.273499,normal
5215,1781099997.276776,normal
5216,1781099997.278831,normal
5217,1781099997.280581,normal
5218,1781099997.282489,normal
5219,1781099997.284935,normal
5220,1781099997.286994,udp_reflection
5221,1781099997.288732,normal
5222,1781099997.290929,normal
5223,1781099997.292481,normal
5224,1781099997.294489,normal
5225,1781099997.296298,normal
5226,1781099997.299080,normal
5227,1781099997.300928,normal
5228,1781099997.302672,normal
5229,1781099997.304521,normal
5230,1781099997.306046,syn_flood
5231,1781099997.307945,normal
5232,1781099997.309891,normal
5233,1781099997.311620,normal
5234,1781099997.314272,normal
5235,1781099997.315992,normal
5236,1781099997.319019,normal
5237,1781099997.320816,normal
5238,1781099997.322479,normal
5239,1781099997.324656,normal
5240,1781099997.325982,normal
5241,1781099997.327953,normal
5242,1781099997.330408,normal
5243,1781099997.332385,normal
5244,1781099997.334429,normal
5245,1781099997.336650,normal
5246,1781099997.338288,http_flood
5247,1781099997.340611,normal
5248,1781099997.343466,normal
5249,1781099997.345176,normal
5250,1781099997.348026,syn_flood
5251,1781099997.349851,normal
5252,1781099997.351383,normal
5253,1781099997.353831,normal
5254,1781099997.356320,normal
5255,1781099997.358101,normal
5256,1781099997.359808,normal
5257,1781099997.362180,normal
5258,1781099997.365348,normal
5259,1781099997.367086,normal
5260,1781099997.368859,normal
5261,1781099997.371069,normal
5262,1781099997.373515,normal
5263,1781099997.376447,normal
5264,1781099997.378855,syn_flood
5265,1781099997.380935,normal
5266,1781099997.383086,udp_reflection
5267,1781099997.385666,normal
5268,1781099997.388537,normal
5269,1781099997.390605,normal
5270,1781099997.393184,normal
5271,1781099997.395214,normal
5272,1781099997.398036,normal
5273,1781099997.399841,normal
5274,1781099997.401560,normal
5275,1781099997.404015,normal
5276,1781099997.405918,normal
5277,1781099997.408252,normal
5278,1781099997.411115,normal
5279,1781099997.413324,normal
5280,1781099997.415707,normal
5281,1781099997.418023,normal
5282,1781099997.420398,normal
5283,1781099997.422335,normal
5284,1781099997.424229,normal
5285,1781099997.426843,normal
5286,1781099997.428835,syn_flood
5287,1781099997.431655,normal
5288,1781099997.434914,normal
5289,1781099997.437227,normal
5290,1781099997.440324,normal
5291,1781099997.442483,normal
5292,1781099997.444481,normal
5293,1781099997.446752,syn_flood
5294,1781099997.449410,normal
5295,1781099997.451788,normal
5296,1781099997.454760,udp_reflection
5297,1781099997.457443,normal
5298,1781099997.460215,normal
5299,1781099997.462397,http_flood
5300,1781099997.464496,normal
5301,1781099997.467000,normal
5302,1781099997.469200,normal
5303,1781099997.472182,normal
5304,1781099997.474898,normal
5305,1781099997.477239,normal
5306,1781099997.478666,normal
5307,1781099997.481499,normal
5308,1781099997.483507,normal
5309,1781099997.486243,normal
5310,1781099997.488886,normal
5311,1781099997.491187,normal
5312,1781099997.492590,udp_reflection
5313,1781099997.494404,normal
5314,1781099997.496464,udp_reflection
5315,1781099997.498457,normal
5316,1781099997.500315,syn_flood
5317,1781099997.502190,normal
5318,1781099997.503766,normal
5319,1781099997.505859,normal
5320,1781099997.508465,normal
5321,1781099997.510724,normal
5322,1781099997.512134,normal
5323,1781099997.515187,normal
5324,1781099997.517005,normal
5325,1781099997.519331,normal
5326,1781099997.522091,normal
5327,1781099997.525043,normal
5328,1781099997.528064,normal
5329,1781099997.530750,normal
5330,1781099997.533543,normal
5331,1781099997.536480,normal
5332,1781099997.538386,normal
5333,1781099997.539905,normal
5334,1781099997.542171,normal
5335,1781099997.544443,udp_reflection
5336,1781099997.546935,normal
5337,1781099997.548802,normal
5338,1781099997.550942,normal
5339,1781099997.553513,normal
5340,1781099997.555835,normal
5341,1781099997.557335,normal
5342,1781099997.559335,normal
5343,1781099997.561076,udp_reflection
5344,1781099997.562724,http_flood
5345,1781099997.565645,normal
5346,1781099997.567736,normal
5347,1781099997.569704,normal
5348,1781099997.571980,normal
5349,1781099997.574836,normal
5350,1781099997.577311,udp_reflection
5351,1781099997.579600,normal
5352,1781099997.581230,normal
5353,1781099997.582497,normal
5354,1781099997.585430,normal
5355,1781099997.587911,normal
5356,1781099997.589579,normal
5357,1781099997.591906,normal
5358,1781099997.594173,normal
5359,1781099997.597083,normal
5360,1781099997.599171,normal
5361,1781099997.601047,normal
5362,1781099997.603069,normal
5363,1781099997.604976,syn_flood
5364,1781099997.606866,normal
5365,1781099997.609476,normal
5366,1781099997.611713,udp_reflection
5367,1781099997.612876,udp_reflection
5368,1781099997.614731,normal
5369,1781099997.616233,normal
5370,1781099997.618841,syn_flood
5371,1781099997.621429,normal
5372,1781099997.623375,syn_flood
5373,1781099997.625621,normal
5374,1781099997.627450,normal
5375,1781099997.629499,normal
5376,1781099997.630769,udp_reflection
5377,1781099997.632725,normal
5378,1781099997.634462,normal
5379,1781099997.636729,normal
5380,1781099997.639029,normal
5381,1781099997.641272,normal
5382,1781099997.643281,normal
5383,1781099997.644703,normal
5384,1781099997.646953,normal
5385,1781099997.648901,normal
5386,1781099997.650596,normal
5387,1781099997.652834,normal
5388,1781099997.655442,normal
5389,1781099997.656775,normal
5390,1781099997.659304,normal
5391,1781099997.661710,http_flood
5392,1781099997.663572,http_flood
5393,1781099997.665689,normal
5394,1781099997.667875,normal
5395,1781099997.671265,normal
5396,1781099997.673281,normal
5397,1781099997.676114,normal
5398,1781099997.678721,normal
5399,1781099997.680581,normal
5400,1781099997.682613,udp_reflection
5401,1781099997.684487,normal
5402,1781099997.686600,normal
5403,1781099997.688423,normal
5404,1781099997.691050,normal
5405,1781099997.693281,normal
5406,1781099997.696113,normal
5407,1781099997.697712,normal
5408,1781099997.700656,normal
5409,1781099997.702803,normal
5410,1781099997.705645,normal
5411,1781099997.707469,normal
5412,1781099997.709565,normal
5413,1781099997.711056,normal
5414,1781099997.712664,normal
5415,1781099997.714697,normal
5416,1781099997.716750,normal
5417,1781099997.719750,normal
5418,1781099997.721716,normal
5419,1781099997.723790,normal
5420,1781099997.725927,udp_reflection
5421,1781099997.728120,normal
5422,1781099997.731679,normal
5423,1781099997.733457,normal
5424,1781099997.736048,normal
5425,1781099997.737973,normal
5426,1781099997.739654,normal
5427,1781099997.741990,normal
5428,1781099997.744614,syn_flood
5429,1781099997.747138,normal
5430,1781099997.748452,normal
5431,1781099997.750197,normal
5432,1781099997.752462,normal
5433,1781099997.755103,normal
5434,1781099997.757539,normal
5435,1781099997.759192,normal
5436,1781099997.761805,normal
5437,1781099997.764623,normal
5438,1781099997.768007,normal
5439,1781099997.769916,http_flood
5440,1781099997.773231,normal
5441,1781099997.774579,normal
5442,1781099997.777017,normal
5443,1781099997.779208,normal
5444,1781099997.781410,normal
5445,1781099997.782888,normal
5446,1781099997.785098,normal
5447,1781099997.787656,normal
5448,1781099997.789320,normal
5449,1781099997.791615,normal
5450,1781099997.793648,normal
5451,1781099997.796726,normal
5452,1781099997.799127,normal
5453,1781099997.801103,normal
5454,1781099997.803339,udp_reflection
5455,1781099997.806321,normal
5456,1781099997.808192,normal
5457,1781099997.810458,syn_flood
5458,1781099997.812471,udp_reflection
5459,1781099997.815110,normal
5460,1781099997.817608,normal
5461,1781099997.819220,normal
5462,1781099997.821872,normal
5463,1781099997.824061,http_flood
5464,1781099997.826061,normal
5465,1781099997.828063,normal
5466,1781099997.831035,normal
5467,1781099997.833392,normal
5468,1781099997.836387,normal
5469,1781099997.838815,normal
5470,1781099997.841355,normal
5471,1781099997.842950,normal
5472,1781099997.844498,normal
5473,1781099997.846099,normal
5474,1781099997.847960,syn_flood
5475,1781099997.850830,syn_flood
5476,1781099997.852124,normal
5477,1781099997.854486,normal
5478,1781099997.856436,normal
5479,1781099997.858405,normal
5480,1781099997.859994,udp_reflection
5481,1781099997.861777,normal
5482,1781099997.864921,normal
5483,1781099997.866618,normal
5484,1781099997.869515,normal
5485,1781099997.872359,normal
5486,1781099997.874298,normal
5487,1781099997.877417,syn_flood
5488,1781099997.878942,normal
5489,1781099997.881200,normal
5490,1781099997.883448,normal
5491,1781099997.885845,normal
5492,1781099997.888697,syn_flood
5493,1781099997.890756,normal
5494,1781099997.892851,normal
5495,1781099997.896003,normal
5496,1781099997.897919,normal
5497,1781099997.900918,normal
5498,1781099997.903111,normal
5499,1781099997.904996,normal
5500,1781099997.906749,normal
5501,1781099997.909364,udp_reflection
5502,1781099997.911323,normal
5503,1781099997.912948,normal
5504,1781099997.915148,udp_reflection
5505,1781099997.917570,normal
5506,1781099997.919250,normal
5507,1781099997.921498,udp_reflection
5508,1781099997.923133,normal
5509,1781099997.924298,normal
5510,1781099997.926441,normal
5511,1781099997.928921,normal
5512,1781099997.930646,normal
5513,1781099997.932709,normal
5514,1781099997.935744,normal
5515,1781099997.937098,normal
5516,1781099997.939463,normal
5517,1781099997.941347,normal
5518,1781099997.943392,normal
5519,1781099997.945933,normal
5520,1781099997.947783,normal
5521,1781099997.949956,syn_flood
5522,1781099997.951766,normal
5523,1781099997.952812,normal
5524,1781099997.955568,normal
5525,1781099997.957546,normal
5526,1781099997.959695,normal
5527,1781099997.962229,normal
5528,1781099997.964599,normal
5529,1781099997.966291,normal
5530,1781099997.968798,normal
5531,1781099997.971014,normal
5532,1781099997.973831,normal
5533,1781099997.976811,normal
5534,1781099997.978237,normal
5535,1781099997.980101,normal
5536,1781099997.981681,normal
5537,1781099997.984467,normal
5538,1781099997.987034,normal
5539,1781099997.989844,normal
5540,1781099997.992070,normal
5541,1781099997.993628,normal
5542,1781099997.995667,normal
5543,1781099997.997203,normal
5544,1781099997.999724,normal
5545,1781099998.001467,normal
5546,1781099998.003674,normal
5547,1781099998.006279,normal
5548,1781099998.008956,normal
5549,1781099998.012015,normal
5550,1781099998.014139,normal
5551,1781099998.015644,normal
5552,1781099998.017978,normal
5553,1781099998.019576,normal
5554,1781099998.022177,normal
5555,1781099998.025173,normal
5556,1781099998.026959,normal
5557,1781099998.029152,normal
5558,1781099998.031331,normal
5559,1781099998.034183,normal
5560,1781099998.037257,normal
5561,1781099998.039731,normal
5562,1781099998.041511,normal
5563,1781099998.044919,normal
5564,1781099998.047132,normal
5565,1781099998.049167,normal
5566,1781099998.052762,normal
5567,1781099998.054525,normal
5568,1781099998.056603,normal
5569,1781099998.058282,normal
5570,1781099998.059770,normal
5571,1781099998.062649,normal
5572,1781099998.064299,normal
5573,1781099998.066389,syn_flood
5574,1781099998.067874,normal
5575,1781099998.071208,normal
5576,1781099998.073946,normal
5577,1781099998.075770,normal
5578,1781099998.077812,normal
5579,1781099998.080158,normal
5580,1781099998.082928,normal
5581,1781099998.085819,normal
5582,1781099998.087916,normal
5583,1781099998.091069,normal
5584,1781099998.092807,normal
5585,1781099998.096028,normal
5586,1781099998.097853,normal
5587,1781099998.099957,normal
5588,1781099998.102185,normal
5589,1781099998.104892,normal
5590,1781099998.106553,udp_reflection
5591,1781099998.108271,normal
5592,1781099998.110642,normal
5593,1781099998.112512,normal
5594,1781099998.114551,normal
5595,1781099998.117590,normal
5596,1781099998.119804,http_flood
5597,1781099998.121927,normal
5598,1781099998.123930,normal
5599,1781099998.125517,normal
5600,1781099998.128092,normal
5601,1781099998.130698,http_flood
5602,1781099998.132997,normal
5603,1781099998.134434,normal
5604,1781099998.136068,normal
5605,1781099998.138381,normal
5606,1781099998.140368,normal
5607,1781099998.142430,normal
5608,1781099998.143869,normal
5609,1781099998.146290,normal
5610,1781099998.148550,http_flood
5611,1781099998.150579,normal
5612,1781099998.152689,normal
5613,1781099998.154773,normal
5614,1781099998.156631,normal
5615,1781099998.158855,normal
5616,1781099998.161381,normal
5617,1781099998.164213,normal
5618,1781099998.166077,normal
5619,1781099998.168098,normal
5620,1781099998.170065,normal
5621,1781099998.172701,normal
5622,1781099998.174542,udp_reflection
5623,1781099998.177081,normal
5624,1781099998.179526,normal
5625,1781099998.181467,normal
5626,1781099998.184563,normal
5627,1781099998.186712,normal
5628,1781099998.188626,normal
5629,1781099998.190573,normal
5630,1781099998.192905,http_flood
5631,1781099998.194805,normal
5632,1781099998.197226,normal
5633,1781099998.198823,udp_reflection
5634,1781099998.201245,normal
5635,1781099998.203395,normal
5636,1781099998.205055,normal
5637,1781099998.207708,normal
5638,1781099998.210428,normal
5639,1781099998.213038,normal
5640,1781099998.215339,normal
5641,1781099998.217234,normal
5642,1781099998.219212,normal
5643,1781099998.221436,normal
5644,1781099998.223561,normal
5645,1781099998.225689,normal
5646,1781099998.229074,normal
5647,1781099998.231099,normal
5648,1781099998.233021,normal
5649,1781099998.234743,normal
5650,1781099998.236847,normal
5651,1781099998.239486,normal
5652,1781099998.241493,normal
5653,1781099998.245311,normal
5654,1781099998.247674,http_flood
5655,1781099998.249373,normal
5656,1781099998.252072,normal
5657,1781099998.254349,normal
5658,1781099998.255845,normal
5659,1781099998.258183,normal
5660,1781099998.260875,normal
5661,1781099998.263460,normal
5662,1781099998.265078,normal
5663,1781099998.267900,normal
5664,1781099998.271376,normal
5665,1781099998.273240,normal
5666,1781099998.275065,normal
5667,1781099998.276541,normal
5668,1781099998.279609,normal
5669,1781099998.281054,normal
5670,1781099998.282996,normal
5671,1781099998.285129,normal
5672,1781099998.287825,normal
5673,1781099998.289460,normal
5674,1781099998.291468,normal
5675,1781099998.294016,normal
5676,1781099998.296243,normal
5677,1781099998.299732,normal
5678,1781099998.301610,normal
5679,1781099998.302938,normal
5680,1781099998.304980,normal
5681,1781099998.308234,normal
5682,1781099998.310156,normal
5683,1781099998.312491,normal
5684,1781099998.315077,normal
5685,1781099998.317319,normal
5686,1781099998.319866,normal
5687,1781099998.321238,normal
5688,1781099998.324151,http_flood
5689,1781099998.326353,normal
5690,1781099998.329015,normal
5691,1781099998.331131,normal
5692,1781099998.333162,normal
5693,1781099998.335372,normal
5694,1781099998.337010,http_flood
5695,1781099998.338542,http_flood
5696,1781099998.340865,normal
5697,1781099998.342764,normal
5698,1781099998.344990,http_flood
5699,1781099998.347898,normal
5700,1781099998.350525,normal
5701,1781099998.353753,normal
5702,1781099998.356052,normal
5703,1781099998.358546,normal
5704,1781099998.360072,normal
5705,1781099998.362369,normal
5706,1781099998.365117,normal
5707,1781099998.367018,syn_flood
5708,1781099998.369069,normal
5709,1781099998.371300,normal
5710,1781099998.372915,normal
5711,1781099998.374509,normal
5712,1781099998.376888,normal
5713,1781099998.378632,udp_reflection
5714,1781099998.380472,normal
5715,1781099998.383446,normal
5716,1781099998.385459,normal
5717,1781099998.387691,normal
5718,1781099998.389946,normal
5719,1781099998.392582,normal
5720,1781099998.394633,normal
5721,1781099998.396396,http_flood
5722,1781099998.398611,normal
5723,1781099998.400936,normal
5724,1781099998.403320,normal
5725,1781099998.405118,normal
5726,1781099998.407957,normal
5727,1781099998.409789,normal
5728,1781099998.412219,normal
5729,1781099998.414124,normal
5730,1781099998.415965,normal
5731,1781099998.417813,normal
5732,1781099998.420385,normal
5733,1781099998.422124,udp_reflection
5734,1781099998.424503,normal
5735,1781099998.426189,normal
5736,1781099998.429252,normal
5737,1781099998.431527,normal
5738,1781099998.433424,normal
5739,1781099998.435826,normal
5740,1781099998.438154,http_flood
5741,1781099998.440854,normal
5742,1781099998.442511,normal
5743,1781099998.445179,syn_flood
5744,1781099998.447619,normal
5745,1781099998.451175,normal
5746,1781099998.453387,normal
5747,1781099998.455662,normal
5748,1781099998.458806,normal
5749,1781099998.460884,normal
5750,1781099998.462705,normal
5751,1781099998.465318,normal
5752,1781099998.467990,udp_reflection
5753,1781099998.470134,normal
5754,1781099998.472289,normal
5755,1781099998.473914,normal
5756,1781099998.475880,normal
5757,1781099998.479027,normal
5758,1781099998.480771,normal
5759,1781099998.484047,normal
5760,1781099998.485259,normal
5761,1781099998.488752,normal
5762,1781099998.490114,normal
5763,1781099998.491986,normal
5764,1781099998.493980,normal
5765,1781099998.496470,http_flood
5766,1781099998.498282,normal
5767,1781099998.500236,normal
5768,1781099998.502060,normal
5769,1781099998.504198,normal
5770,1781099998.506606,normal
5771,1781099998.508820,normal
5772,1781099998.511532,normal
5773,1781099998.514087,normal
5774,1781099998.515843,normal
5775,1781099998.518312,normal
5776,1781099998.520465,normal
5777,1781099998.522417,normal
5778,1781099998.525250,normal
5779,1781099998.527376,normal
5780,1781099998.530429,normal
5781,1781099998.532055,normal
5782,1781099998.533423,normal
5783,1781099998.535443,syn_flood
5784,1781099998.537313,normal
5785,1781099998.539165,normal
5786,1781099998.541764,udp_reflection
5787,1781099998.543651,normal
5788,1781099998.546140,normal
5789,1781099998.548275,normal
5790,1781099998.551681,normal
5791,1781099998.555128,normal
5792,1781099998.557407,syn_flood
5793,1781099998.560160,normal
5794,1781099998.562935,normal
5795,1781099998.565235,normal
5796,1781099998.567292,normal
5797,1781099998.568892,normal
5798,1781099998.570780,normal
5799,1781099998.572314,normal
5800,1781099998.574576,normal
5801,1781099998.577331,normal
5802,1781099998.579386,normal
5803,1781099998.581837,normal
5804,1781099998.585363,normal
5805,1781099998.587312,normal
5806,1781099998.588726,normal
5807,1781099998.590461,normal
5808,1781099998.592762,normal
5809,1781099998.594702,normal
5810,1781099998.596621,normal
5811,1781099998.599900,normal
5812,1781099998.602520,syn_flood
5813,1781099998.604500,normal
5814,1781099998.606693,normal
5815,1781099998.609083,normal
5816,1781099998.611365,normal
5817,1781099998.613653,http_flood
5818,1781099998.616024,normal
5819,1781099998.618347,normal
5820,1781099998.620266,normal
5821,1781099998.622460,normal
5822,1781099998.624452,normal
5823,1781099998.626469,normal
5824,1781099998.629489,normal
5825,1781099998.631877,normal
5826,1781099998.634328,normal
5827,1781099998.636619,normal
5828,1781099998.638842,normal
5829,1781099998.642133,normal
5830,1781099998.643850,normal
5831,1781099998.645799,normal
5832,1781099998.647803,normal
5833,1781099998.649629,normal
5834,1781099998.652408,normal
5835,1781099998.655023,normal
5836,1781099998.657105,normal
5837,1781099998.659105,normal
5838,1781099998.661472,normal
5839,1781099998.664099,normal
5840,1781099998.666588,normal
5841,1781099998.668855,normal
5842,1781099998.670984,normal
5843,1781099998.673109,normal
5844,1781099998.675465,http_flood
5845,1781099998.676901,normal
5846,1781099998.679278,normal
5847,1781099998.681554,normal
5848,1781099998.683555,normal
5849,1781099998.685738,http_flood
5850,1781099998.688287,http_flood
5851,1781099998.690403,normal
5852,1781099998.691981,http_flood
5853,1781099998.693960,normal
5854,1781099998.696961,normal
5855,1781099998.699102,normal
5856,1781099998.701406,normal
5857,1781099998.703635,normal
5858,1781099998.706872,normal
5859,1781099998.709054,normal
5860,1781099998.710482,normal
5861,1781099998.713319,syn_flood
5862,1781099998.715048,normal
5863,1781099998.717107,normal
5864,1781099998.718884,syn_flood
5865,1781099998.721034,normal
5866,1781099998.723323,syn_flood
5867,1781099998.724899,normal
5868,1781099998.727881,udp_reflection
5869,1781099998.729880,udp_reflection
5870,1781099998.731413,normal
5871,1781099998.733077,udp_reflection
5872,1781099998.734322,normal
5873,1781099998.736567,normal
5874,1781099998.739741,normal
5875,1781099998.740879,normal
5876,1781099998.743964,normal
5877,1781099998.746666,normal
5878,1781099998.748618,normal
5879,1781099998.750919,normal
5880,1781099998.752706,normal
5881,1781099998.755459,normal
5882,1781099998.758558,normal
5883,1781099998.760515,normal
5884,1781099998.762208,normal
5885,1781099998.764407,normal
5886,1781099998.766913,normal
5887,1781099998.768554,normal
5888,1781099998.771615,normal
5889,1781099998.773760,normal
5890,1781099998.775906,syn_flood
5891,1781099998.778377,normal
5892,1781099998.780235,normal
5893,1781099998.782175,normal
5894,1781099998.784480,normal
5895,1781099998.788215,normal
5896,1781099998.790230,normal
5897,1781099998.792390,normal
5898,1781099998.795000,normal
5899,1781099998.797971,normal
5900,1781099998.799608,normal
5901,1781099998.802623,normal
5902,1781099998.805852,normal
5903,1781099998.808405,normal
5904,1781099998.810441,normal
5905,1781099998.811783,normal
5906,1781099998.814737,normal
5907,1781099998.817874,normal
5908,1781099998.820038,normal
5909,1781099998.822757,normal
5910,1781099998.824746,normal
5911,1781099998.826555,normal
5912,1781099998.828734,normal
5913,1781099998.831596,normal
5914,1781099998.834020,normal
5915,1781099998.835464,normal
5916,1781099998.837092,normal
5917,1781099998.840017,normal
5918,1781099998.842777,normal
5919,1781099998.846095,normal
5920,1781099998.850028,normal
5921,1781099998.851567,normal
5922,1781099998.853675,http_flood
5923,1781099998.855981,normal
5924,1781099998.858830,syn_flood
5925,1781099998.861324,normal
5926,1781099998.862916,normal
5927,1781099998.864691,normal
5928,1781099998.868027,syn_flood
5929,1781099998.870116,http_flood
5930,1781099998.872206,normal
5931,1781099998.873786,http_flood
5932,1781099998.875455,normal
5933,1781099998.878177,udp_reflection
5934,1781099998.880518,normal
5935,1781099998.882862,normal
5936,1781099998.885801,normal
5937,1781099998.887422,normal
5938,1781099998.890594,normal
5939,1781099998.893310,normal
5940,1781099998.894933,normal
5941,1781099998.897535,normal
5942,1781099998.900266,normal
5943,1781099998.901985,http_flood
5944,1781099998.904032,normal
5945,1781099998.906470,normal
5946,1781099998.908956,syn_flood
5947,1781099998.910831,normal
5948,1781099998.913802,normal
5949,1781099998.915436,normal
5950,1781099998.917810,http_flood
5951,1781099998.920027,normal
5952,1781099998.922737,normal
5953,1781099998.924305,normal
5954,1781099998.926394,normal
5955,1781099998.928410,normal
5956,1781099998.930977,udp_reflection
5957,1781099998.932835,normal
5958,1781099998.934928,normal
5959,1781099998.937834,normal
5960,1781099998.939904,normal
5961,1781099998.941796,normal
5962,1781099998.944137,normal
5963,1781099998.946456,normal
5964,1781099998.948568,udp_reflection
5965,1781099998.951234,normal
5966,1781099998.953851,http_flood
5967,1781099998.955826,normal
5968,1781099998.958344,normal
5969,1781099998.960418,udp_reflection
5970,1781099998.962245,http_flood
5971,1781099998.965501,normal
5972,1781099998.967239,normal
5973,1781099998.969680,normal
5974,1781099998.972679,normal
5975,1781099998.975364,normal
5976,1781099998.977467,normal
5977,1781099998.979442,normal
5978,1781099998.981812,http_flood
5979,1781099998.983403,normal
5980,1781099998.985327,normal
5981,1781099998.987519,normal
5982,1781099998.989485,syn_flood
5983,1781099998.991145,syn_flood
5984,1781099998.994646,syn_flood
5985,1781099998.997102,syn_flood
5986,1781099998.998900,normal
5987,1781099999.000916,normal
5988,1781099999.002740,normal
5989,1781099999.005063,normal
5990,1781099999.007925,normal
5991,1781099999.010109,normal
5992,1781099999.012282,normal
5993,1781099999.014244,http_flood
5994,1781099999.016213,normal
5995,1781099999.018702,normal
5996,1781099999.020323,syn_flood
5997,1781099999.021858,normal
5998,1781099999.023894,normal
5999,1781099999.025161,normal
6000,1781099999.027098,http_flood
6001,1781099999.028768,http_flood
6002,1781099999.030578,normal
6003,1781099999.032101,normal
6004,1781099999.034376,normal
6005,1781099999.037301,normal
6006,1781099999.039504,normal
6007,1781099999.041741,normal
6008,1781099999.043518,http_flood
6009,1781099999.046263,udp_reflection
6010,1781099999.047757,normal
6011,1781099999.050436,normal
6012,1781099999.052882,normal
6013,1781099999.054522,normal
6014,1781099999.056553,normal
6015,1781099999.059184,normal
6016,1781099999.061101,normal
6017,1781099999.062442,normal
6018,1781099999.064646,normal
6019,1781099999.068537,normal
6020,1781099999.070741,normal
6021,1781099999.073153,normal
6022,1781099999.076301,normal
6023,1781099999.078814,normal
6024,1781099999.080742,normal
6025,1781099999.083286,normal
6026,1781099999.086064,normal
6027,1781099999.088084,normal
6028,1781099999.090488,normal
6029,1781099999.092725,normal
6030,1781099999.094727,normal
6031,1781099999.096753,normal
6032,1781099999.098907,normal
6033,1781099999.102108,syn_flood
6034,1781099999.103627,normal
6035,1781099999.106076,normal
6036,1781099999.108257,normal
6037,1781099999.111144,normal
6038,1781099999.113231,normal
6039,1781099999.115011,normal
6040,1781099999.117115,normal
6041,1781099999.119025,normal
6042,1781099999.121401,normal
6043,1781099999.123911,normal
6044,1781099999.126777,http_flood
6045,1781099999.128899,normal
6046,1781099999.130455,normal
6047,1781099999.132221,normal
6048,1781099999.133912,normal
6049,1781099999.136789,normal
6050,1781099999.138555,normal
6051,1781099999.140759,normal
6052,1781099999.143335,normal
6053,1781099999.145974,normal
6054,1781099999.147611,syn_flood
6055,1781099999.149893,normal
6056,1781099999.151933,normal
6057,1781099999.153325,normal
6058,1781099999.155299,normal
6059,1781099999.157240,normal
6060,1781099999.159556,udp_reflection
6061,1781099999.161232,syn_flood
6062,1781099999.163655,normal
6063,1781099999.165486,syn_flood
6064,1781099999.167779,normal
6065,1781099999.170290,normal
6066,1781099999.171623,normal
6067,1781099999.173454,normal
6068,1781099999.175448,normal
6069,1781099999.177510,normal
6070,1781099999.179997,normal
6071,1781099999.182573,normal
6072,1781099999.185491,normal
6073,1781099999.188059,normal
6074,1781099999.189918,normal
6075,1781099999.192013,normal
6076,1781099999.194381,normal
6077,1781099999.196649,normal
6078,1781099999.199374,normal
6079,1781099999.200997,normal
6080,1781099999.203844,normal
6081,1781099999.207665,normal
6082,1781099999.209908,normal
6083,1781099999.211940,normal
6084,1781099999.214151,normal
6085,1781099999.216372,normal
6086,1781099999.218727,normal
6087,1781099999.220294,normal
6088,1781099999.221911,normal
6089,1781099999.224089,normal
6090,1781099999.225930,normal
6091,1781099999.228182,normal
6092,1781099999.230296,normal
6093,1781099999.231969,normal
6094,1781099999.233948,normal
6095,1781099999.236386,normal
6096,1781099999.238541,normal
6097,1781099999.240773,normal
6098,1781099999.243285,normal
6099,1781099999.245707,normal
6100,1781099999.247851,http_flood
6101,1781099999.249922,normal
6102,1781099999.252030,normal
6103,1781099999.254050,normal
6104,1781099999.256249,normal
6105,1781099999.258794,normal
6106,1781099999.261040,normal
6107,1781099999.262881,normal
6108,1781099999.265393,syn_flood
6109,1781099999.267134,normal
6110,1781099999.268723,normal
6111,1781099999.271173,normal
6112,1781099999.273675,http_flood
6113,1781099999.275858,normal
6114,1781099999.277790,normal
6115,1781099999.280200,normal
6116,1781099999.281595,normal
6117,1781099999.283026,normal
6118,1781099999.284992,normal
6119,1781099999.286584,normal
6120,1781099999.288258,normal
6121,1781099999.290248,normal
6122,1781099999.292323,http_flood
6123,1781099999.294508,udp_reflection
6124,1781099999.296556,normal
6125,1781099999.298287,normal
6126,1781099999.300170,normal
6127,1781099999.303931,normal
6128,1781099999.306437,normal
6129,1781099999.308102,http_flood
6130,1781099999.309831,normal
6131,1781099999.312455,normal
6132,1781099999.314197,normal
6133,1781099999.315994,normal
6134,1781099999.318119,normal
6135,1781099999.320445,normal
6136,1781099999.322958,normal
6137,1781099999.325284,normal
6138,1781099999.328052,normal
6139,1781099999.330323,normal
6140,1781099999.333283,normal
6141,1781099999.334912,normal
6142,1781099999.338032,normal
6143,1781099999.340402,normal
6144,1781099999.342979,normal
6145,1781099999.344458,normal
6146,1781099999.346971,normal
6147,1781099999.349487,normal
6148,1781099999.351223,normal
6149,1781099999.353496,normal
6150,1781099999.355968,normal
6151,1781099999.358260,udp_reflection
6152,1781099999.360386,normal
6153,1781099999.363162,normal
6154,1781099999.365127,http_flood
6155,1781099999.367530,normal
6156,1781099999.369743,normal
6157,1781099999.372104,http_flood
6158,1781099999.374306,normal
6159,1781099999.376206,normal
6160,1781099999.378161,normal
6161,1781099999.380593,normal
6162,1781099999.382118,normal
6163,1781099999.384400,normal
6164,1781099999.386417,normal
6165,1781099999.388800,normal
6166,1781099999.391087,normal
6167,1781099999.392927,normal
6168,1781099999.395210,normal
6169,1781099999.397188,normal
6170,1781099999.399386,http_flood
6171,1781099999.402399,normal
6172,1781099999.404318,normal
6173,1781099999.405749,normal
6174,1781099999.407895,normal
6175,1781099999.409645,normal
6176,1781099999.411686,normal
6177,1781099999.414210,normal
6178,1781099999.416563,normal
6179,1781099999.418463,normal
6180,1781099999.421710,normal
6181,1781099999.423513,normal
6182,1781099999.425655,normal
6183,1781099999.427892,normal
6184,1781099999.430020,normal
6185,1781099999.432709,normal
6186,1781099999.434797,normal
6187,1781099999.436864,normal
6188,1781099999.439555,normal
6189,1781099999.441516,normal
6190,1781099999.443659,normal
6191,1781099999.446044,normal
6192,1781099999.448050,normal
6193,1781099999.449907,normal
6194,1781099999.452934,normal
6195,1781099999.454673,normal
6196,1781099999.457129,normal
6197,1781099999.459117,normal
6198,1781099999.460954,normal
6199,1781099999.462588,normal
6200,1781099999.464222,syn_flood
6201,1781099999.466373,normal
6202,1781099999.469412,normal
6203,1781099999.471561,normal
6204,1781099999.474076,normal
6205,1781099999.476723,normal
6206,1781099999.478396,udp_reflection
6207,1781099999.481633,normal
6208,1781099999.483846,normal
6209,1781099999.486589,http_flood
6210,1781099999.490106,normal
6211,1781099999.492405,syn_flood
6212,1781099999.494726,normal
6213,1781099999.496450,normal
6214,1781099999.498801,normal
6215,1781099999.500870,normal
6216,1781099999.502162,udp_reflection
6217,1781099999.504767,normal
6218,1781099999.506917,normal
6219,1781099999.508193,normal
6220,1781099999.510614,normal
6221,1781099999.512785,normal
6222,1781099999.514905,normal
6223,1781099999.517687,normal
6224,1781099999.520526,http_flood
6225,1781099999.522561,http_flood
6226,1781099999.524684,normal
6227,1781099999.526622,normal
6228,1781099999.528510,normal
6229,1781099999.530550,normal
6230,1781099999.532246,normal
6231,1781099999.534254,normal
6232,1781099999.537092,normal
6233,1781099999.538985,normal
6234,1781099999.541033,normal
6235,1781099999.543131,normal
6236,1781099999.544793,normal
6237,1781099999.546900,normal
6238,1781099999.549333,syn_flood
6239,1781099999.551362,http_flood
6240,1781099999.554098,normal
6241,1781099999.555874,normal
6242,1781099999.558611,normal
6243,1781099999.560452,normal
6244,1781099999.563003,normal
6245,1781099999.564664,normal
6246,1781099999.566603,normal
6247,1781099999.569550,normal
6248,1781099999.571695,normal
6249,1781099999.573455,normal
6250,1781099999.576036,normal
6251,1781099999.578250,normal
6252,1781099999.580436,udp_reflection
6253,1781099999.582505,normal
6254,1781099999.585214,normal
6255,1781099999.587181,normal
6256,1781099999.589823,normal
6257,1781099999.591985,http_flood
6258,1781099999.594399,normal
6259,1781099999.597317,normal
6260,1781099999.599472,normal
6261,1781099999.601506,normal
6262,1781099999.604010,normal
6263,1781099999.606642,normal
6264,1781099999.608553,normal
6265,1781099999.610968,normal
6266,1781099999.612892,normal
6267,1781099999.615244,normal
6268,1781099999.617318,normal
6269,1781099999.620211,normal
6270,1781099999.622083,normal
6271,1781099999.624479,normal
6272,1781099999.627266,normal
6273,1781099999.629650,normal
6274,1781099999.631593,http_flood
6275,1781099999.634205,normal
6276,1781099999.636944,normal
6277,1781099999.638447,normal
6278,1781099999.640240,normal
6279,1781099999.642879,normal
6280,1781099999.644925,normal
6281,1781099999.647211,normal
6282,1781099999.650069,normal
6283,1781099999.652077,normal
6284,1781099999.655569,normal
6285,1781099999.657154,normal
6286,1781099999.659537,normal
6287,1781099999.662589,normal
6288,1781099999.664795,normal
6289,1781099999.667701,normal
6290,1781099999.670781,normal
6291,1781099999.672596,normal
6292,1781099999.674862,normal
6293,1781099999.676961,normal
6294,1781099999.678551,normal
6295,1781099999.680003,normal
6296,1781099999.681604,normal
6297,1781099999.684102,normal
6298,1781099999.686256,normal
6299,1781099999.687979,normal
6300,1781099999.689967,normal
6301,1781099999.692013,normal
6302,1781099999.694485,normal
6303,1781099999.696770,normal
6304,1781099999.699450,normal
6305,1781099999.702050,normal
6306,1781099999.704095,normal
6307,1781099999.706415,http_flood
6308,1781099999.707902,normal
6309,1781099999.710006,normal
6310,1781099999.711579,normal
6311,1781099999.713780,normal
6312,1781099999.715426,normal
6313,1781099999.717091,normal
6314,1781099999.720116,normal
6315,1781099999.723213,normal
6316,1781099999.725079,normal
6317,1781099999.726883,normal
6318,1781099999.729607,normal
6319,1781099999.731361,normal
6320,1781099999.735100,udp_reflection
6321,1781099999.737283,normal
6322,1781099999.739795,normal
6323,1781099999.741557,normal
6324,1781099999.743123,normal
6325,1781099999.745122,syn_flood
6326,1781099999.747129,normal
6327,1781099999.749361,normal
6328,1781099999.751465,normal
6329,1781099999.752824,normal
6330,1781099999.755088,normal
6331,1781099999.757849,normal
6332,1781099999.759706,normal
6333,1781099999.761775,normal
6334,1781099999.764024,normal
6335,1781099999.766386,normal
6336,1781099999.767822,normal
6337,1781099999.769323,normal
6338,1781099999.771313,normal
6339,1781099999.774108,normal
6340,1781099999.776477,normal
6341,1781099999.778301,normal
6342,1781099999.781184,normal
6343,1781099999.783237,normal
6344,1781099999.785018,normal
6345,1781099999.787463,normal
6346,1781099999.789635,normal
6347,1781099999.791093,udp_reflection
6348,1781099999.793514,normal
6349,1781099999.794817,udp_reflection
6350,1781099999.797103,normal
6351,1781099999.798650,normal
6352,1781099999.800966,normal
6353,1781099999.802456,normal
6354,1781099999.804917,syn_flood
6355,1781099999.807200,normal
6356,1781099999.809729,normal
6357,1781099999.811714,normal
6358,1781099999.814440,normal
6359,1781099999.816007,normal
6360,1781099999.818385,normal
6361,1781099999.821051,normal
6362,1781099999.822922,normal
6363,1781099999.825269,normal
6364,1781099999.827517,normal
6365,1781099999.829803,normal
6366,1781099999.832015,normal
6367,1781099999.834240,normal
6368,1781099999.836446,normal
6369,1781099999.838539,normal
6370,1781099999.840854,normal
6371,1781099999.843474,normal
6372,1781099999.845353,normal
6373,1781099999.847968,normal
6374,1781099999.849985,normal
6375,1781099999.851977,normal
6376,1781099999.853414,normal
6377,1781099999.855331,normal
6378,1781099999.857386,normal
6379,1781099999.859891,normal
6380,1781099999.862365,normal
6381,1781099999.863944,normal
6382,1781099999.866003,normal
6383,1781099999.868333,normal
6384,1781099999.869918,normal
6385,1781099999.873094,normal
6386,1781099999.874861,normal
6387,1781099999.876577,normal
6388,1781099999.878222,normal
6389,1781099999.880953,normal
6390,1781099999.883262,normal
6391,1781099999.885212,normal
6392,1781099999.887566,normal
6393,1781099999.889646,normal
6394,1781099999.891691,normal
6395,1781099999.894790,normal
6396,1781099999.896421,normal
6397,1781099999.898561,normal
6398,1781099999.900608,normal
6399,1781099999.902460,normal
6400,1781099999.905405,normal
6401,1781099999.907263,normal
6402,1781099999.909462,normal
6403,1781099999.911712,http_flood
6404,1781099999.913793,normal
6405,1781099999.915779,normal
6406,1781099999.918121,normal
6407,1781099999.919722,normal
6408,1781099999.921681,normal
6409,1781099999.924044,normal
6410,1781099999.926272,http_flood
6411,1781099999.928042,normal
6412,1781099999.929952,normal
6413,1781099999.931701,normal
6414,1781099999.934276,normal
6415,1781099999.936285,udp_reflection
6416,1781099999.937968,normal
6417,1781099999.939686,normal
6418,1781099999.941944,normal
6419,1781099999.944324,normal
6420,1781099999.947421,normal
6421,1781099999.949466,normal
6422,1781099999.951503,normal
6423,1781099999.953437,http_flood
6424,1781099999.955787,normal
6425,1781099999.957984,normal
6426,1781099999.960663,normal
6427,1781099999.963025,http_flood
6428,1781099999.965693,normal
6429,1781099999.967340,udp_reflection
6430,1781099999.969178,normal
6431,1781099999.971397,normal
6432,1781099999.973479,normal
6433,1781099999.976031,normal
6434,1781099999.978005,http_flood
6435,1781099999.980145,normal
6436,1781099999.982064,normal
6437,1781099999.984781,normal
6438,1781099999.987544,normal
6439,1781099999.990473,udp_reflection
6440,1781099999.992435,normal
6441,1781099999.994253,normal
6442,1781099999.996462,normal
6443,1781099999.998700,normal
6444,1781100000.001190,normal
6445,1781100000.003936,normal
6446,1781100000.005976,normal
6447,1781100000.008675,normal
6448,1781100000.010846,normal
6449,1781100000.013450,normal
6450,1781100000.015993,normal
6451,1781100000.018098,syn_flood
6452,1781100000.020317,normal
6453,1781100000.022661,normal
6454,1781100000.024398,http_flood
6455,1781100000.026623,http_flood
6456,1781100000.029427,normal
6457,1781100000.032335,normal
6458,1781100000.033818,udp_reflection
6459,1781100000.036296,normal
6460,1781100000.038329,normal
6461,1781100000.040534,normal
6462,1781100000.042913,normal
6463,1781100000.045921,normal
6464,1781100000.049040,normal
6465,1781100000.051572,normal
6466,1781100000.054135,syn_flood
6467,1781100000.056909,normal
6468,1781100000.059968,normal
6469,1781100000.062701,normal
6470,1781100000.065161,normal
6471,1781100000.067064,normal
6472,1781100000.068434,udp_reflection
6473,1781100000.069811,normal
6474,1781100000.071263,normal
6475,1781100000.072798,normal
6476,1781100000.074432,normal
6477,1781100000.076012,normal
6478,1781100000.078382,normal
6479,1781100000.080155,normal
6480,1781100000.082285,udp_reflection
6481,1781100000.085381,normal
6482,1781100000.087655,normal
6483,1781100000.089483,normal
6484,1781100000.091616,normal
6485,1781100000.094573,normal
6486,1781100000.097636,normal
6487,1781100000.099754,normal
6488,1781100000.101607,normal
6489,1781100000.103313,normal
6490,1781100000.105981,normal
6491,1781100000.108253,normal
6492,1781100000.110660,normal
6493,1781100000.112139,udp_reflection
6494,1781100000.113934,normal
6495,1781100000.116432,normal
6496,1781100000.117956,normal
6497,1781100000.120318,normal
6498,1781100000.122450,normal
6499,1781100000.124334,normal
6500,1781100000.126693,normal
6501,1781100000.128391,normal
6502,1781100000.129926,normal
6503,1781100000.131623,normal
6504,1781100000.133817,normal
6505,1781100000.135738,normal
6506,1781100000.138236,http_flood
6507,1781100000.140251,normal
6508,1781100000.142889,normal
6509,1781100000.145854,normal
6510,1781100000.148081,normal
6511,1781100000.150259,normal
6512,1781100000.151918,normal
6513,1781100000.153527,normal
6514,1781100000.155831,normal
6515,1781100000.157985,normal
6516,1781100000.159692,normal
6517,1781100000.161977,normal
6518,1781100000.163691,normal
6519,1781100000.165667,normal
6520,1781100000.167594,normal
6521,1781100000.170060,normal
6522,1781100000.172866,normal
6523,1781100000.174529,normal
6524,1781100000.176947,normal
6525,1781100000.179328,normal
6526,1781100000.181096,normal
6527,1781100000.183966,normal
6528,1781100000.185906,normal
6529,1781100000.187739,normal
6530,1781100000.189868,normal
6531,1781100000.192827,normal
6532,1781100000.195838,syn_flood
6533,1781100000.197479,normal
6534,1781100000.199469,normal
6535,1781100000.201249,normal
6536,1781100000.203229,normal
6537,1781100000.205052,normal
6538,1781100000.207097,normal
6539,1781100000.208471,normal
6540,1781100000.211138,normal
6541,1781100000.213515,normal
6542,1781100000.215349,normal
6543,1781100000.218444,syn_flood
6544,1781100000.221126,normal
6545,1781100000.222546,normal
6546,1781100000.224957,udp_reflection
6547,1781100000.227090,normal
6548,1781100000.229074,normal
6549,1781100000.231491,normal
6550,1781100000.233634,normal
6551,1781100000.235745,normal
6552,1781100000.238246,normal
6553,1781100000.240919,normal
6554,1781100000.243677,normal
6555,1781100000.245373,normal
6556,1781100000.247927,normal
6557,1781100000.249910,normal
6558,1781100000.253070,normal
6559,1781100000.255713,normal
6560,1781100000.257301,http_flood
6561,1781100000.259472,syn_flood
6562,1781100000.261254,normal
6563,1781100000.264709,udp_reflection
6564,1781100000.266191,normal
6565,1781100000.269019,normal
6566,1781100000.271745,normal
6567,1781100000.273811,normal
6568,1781100000.276063,http_flood
6569,1781100000.278501,udp_reflection
6570,1781100000.280122,http_flood
6571,1781100000.282536,normal
6572,1781100000.284830,normal
6573,1781100000.287334,normal
6574,1781100000.289750,udp_reflection
6575,1781100000.292188,normal
6576,1781100000.295233,normal
6577,1781100000.297573,normal
6578,1781100000.300299,normal
6579,1781100000.302036,normal
6580,1781100000.304043,normal
6581,1781100000.307317,normal
6582,1781100000.310072,normal
6583,1781100000.311511,normal
6584,1781100000.314381,normal
6585,1781100000.316582,normal
6586,1781100000.318317,normal
6587,1781100000.320397,normal
6588,1781100000.322798,normal
6589,1781100000.324440,normal
6590,1781100000.326845,normal
6591,1781100000.328966,normal
6592,1781100000.330492,normal
6593,1781100000.331621,normal
6594,1781100000.334109,normal
6595,1781100000.336149,normal
6596,1781100000.339432,normal
6597,1781100000.341674,normal
6598,1781100000.344521,normal
6599,1781100000.346516,normal
6600,1781100000.348216,normal
6601,1781100000.350143,normal
6602,1781100000.352628,normal
6603,1781100000.354457,normal
6604,1781100000.356229,normal
6605,1781100000.359079,normal
6606,1781100000.360867,normal
6607,1781100000.363269,normal
6608,1781100000.365740,normal
6609,1781100000.367975,normal
6610,1781100000.370275,normal
6611,1781100000.372803,normal
6612,1781100000.375032,normal
6613,1781100000.377133,normal
6614,1781100000.379099,syn_flood
6615,1781100000.381039,normal
6616,1781100000.383530,normal
6617,1781100000.385377,normal
6618,1781100000.387265,syn_flood
6619,1781100000.388764,normal
6620,1781100000.390822,normal
6621,1781100000.393705,normal
6622,1781100000.396124,normal
6623,1781100000.398682,normal
6624,1781100000.401167,normal
6625,1781100000.402954,normal
6626,1781100000.404615,normal
6627,1781100000.406378,normal
6628,1781100000.408647,normal
6629,1781100000.410629,normal
6630,1781100000.412225,normal
6631,1781100000.414978,normal
6632,1781100000.417532,normal
6633,1781100000.419953,normal
6634,1781100000.423118,normal
6635,1781100000.424526,normal
6636,1781100000.426364,normal
6637,1781100000.427987,http_flood
6638,1781100000.430190,normal
6639,1781100000.431985,normal
6640,1781100000.434839,normal
6641,1781100000.437467,normal
6642,1781100000.439342,normal
6643,1781100000.441949,syn_flood
6644,1781100000.444055,normal
6645,1781100000.446465,syn_flood
6646,1781100000.449136,normal
6647,1781100000.451729,http_flood
6648,1781100000.453577,http_flood
6649,1781100000.456360,normal
6650,1781100000.460047,normal
6651,1781100000.462854,normal
6652,1781100000.464622,normal
6653,1781100000.466563,normal
6654,1781100000.468676,normal
6655,1781100000.470293,normal
6656,1781100000.472976,udp_reflection
6657,1781100000.474829,normal
6658,1781100000.477093,normal
6659,1781100000.480797,normal
6660,1781100000.484236,normal
6661,1781100000.487037,normal
6662,1781100000.488704,normal
6663,1781100000.490757,http_flood
6664,1781100000.493344,normal
6665,1781100000.494992,normal
6666,1781100000.497230,normal
6667,1781100000.499379,udp_reflection
6668,1781100000.502601,normal
6669,1781100000.503979,normal
6670,1781100000.506475,normal
6671,1781100000.507803,normal
6672,1781100000.509485,normal
6673,1781100000.511501,normal
6674,1781100000.514052,normal
6675,1781100000.515843,normal
6676,1781100000.517861,normal
6677,1781100000.519715,normal
6678,1781100000.522266,normal
6679,1781100000.525135,normal
6680,1781100000.527255,normal
6681,1781100000.530693,normal
6682,1781100000.533768,normal
6683,1781100000.535169,normal
6684,1781100000.537583,normal
6685,1781100000.539855,normal
6686,1781100000.541759,normal
6687,1781100000.543288,normal
6688,1781100000.545339,normal
6689,1781100000.546736,normal
6690,1781100000.549823,normal
6691,1781100000.552066,normal
6692,1781100000.554549,normal
6693,1781100000.557099,udp_reflection
6694,1781100000.558784,normal
6695,1781100000.561412,normal
6696,1781100000.563628,normal
6697,1781100000.565804,normal
6698,1781100000.568662,normal
6699,1781100000.570665,normal
6700,1781100000.572926,normal
6701,1781100000.575685,normal
6702,1781100000.577658,normal
6703,1781100000.579661,normal
6704,1781100000.581628,normal
6705,1781100000.584620,normal
6706,1781100000.586585,udp_reflection
6707,1781100000.588087,normal
6708,1781100000.590000,normal
6709,1781100000.591893,normal
6710,1781100000.594877,normal
6711,1781100000.597037,normal
6712,1781100000.598958,http_flood
6713,1781100000.600669,normal
6714,1781100000.603730,normal
6715,1781100000.605360,normal
6716,1781100000.608026,syn_flood
6717,1781100000.610358,normal
6718,1781100000.612727,normal
6719,1781100000.615851,normal
6720,1781100000.617588,normal
6721,1781100000.620863,normal
6722,1781100000.623229,normal
6723,1781100000.625314,normal
6724,1781100000.627439,normal
6725,1781100000.628848,syn_flood
6726,1781100000.630840,normal
6727,1781100000.633207,normal
6728,1781100000.635010,normal
6729,1781100000.636566,normal
6730,1781100000.638761,udp_reflection
6731,1781100000.641912,normal
6732,1781100000.643144,normal
6733,1781100000.645247,normal
6734,1781100000.647955,normal
6735,1781100000.650111,normal
6736,1781100000.652654,udp_reflection
6737,1781100000.654320,normal
6738,1781100000.655997,normal
6739,1781100000.657855,normal
6740,1781100000.659886,normal
6741,1781100000.662962,normal
6742,1781100000.664751,normal
6743,1781100000.666403,normal
6744,1781100000.668800,normal
6745,1781100000.670750,normal
6746,1781100000.673016,normal
6747,1781100000.675227,normal
6748,1781100000.676916,normal
6749,1781100000.679690,normal
6750,1781100000.682108,normal
6751,1781100000.685752,normal
6752,1781100000.688868,normal
6753,1781100000.691589,normal
6754,1781100000.693873,normal
6755,1781100000.695490,udp_reflection
6756,1781100000.696270,normal
6757,1781100000.697138,normal
6758,1781100000.697715,normal
6759,1781100000.698463,normal
6760,1781100000.699428,udp_reflection
6761,1781100000.700181,udp_reflection
6762,1781100000.700797,normal
6763,1781100000.701634,syn_flood
6764,1781100000.702270,syn_flood
6765,1781100000.702931,http_flood
6766,1781100000.703797,http_flood
6767,1781100000.704476,udp_reflection
6768,1781100000.705445,normal
6769,1781100000.706115,http_flood
6770,1781100000.706603,udp_reflection
6771,1781100000.707175,syn_flood
6772,1781100000.707839,normal
6773,1781100000.708547,udp_reflection
6774,1781100000.709084,normal
6775,1781100000.709502,syn_flood
6776,1781100000.709882,udp_reflection
6777,1781100000.710562,udp_reflection
6778,1781100000.711165,normal
6779,1781100000.712048,normal
6780,1781100000.712750,normal
6781,1781100000.713272,normal
6782,1781100000.714130,normal
6783,1781100000.714672,normal
6784,1781100000.715399,udp_reflection
6785,1781100000.716042,normal
6786,1781100000.716995,normal
6787,1781100000.717393,normal
6788,1781100000.718101,normal
6789,1781100000.718670,normal
6790,1781100000.719415,normal
6791,1781100000.720155,normal
6792,1781100000.720961,http_flood
6793,1781100000.721530,normal
6794,1781100000.722002,normal
6795,1781100000.722590,normal
6796,1781100000.723105,syn_flood
6797,1781100000.723968,normal
6798,1781100000.724623,http_flood
6799,1781100000.725284,udp_reflection
6800,1781100000.726116,normal
6801,1781100000.726833,normal
6802,1781100000.727412,http_flood
6803,1781100000.728230,udp_reflection
6804,1781100000.728987,syn_flood
6805,1781100000.729560,normal
6806,1781100000.730255,normal
6807,1781100000.730906,udp_reflection
6808,1781100000.731483,http_flood
6809,1781100000.732067,http_flood
6810,1781100000.732890,normal
6811,1781100000.733523,syn_flood
6812,1781100000.734224,normal
6813,1781100000.734958,syn_flood
6814,1781100000.735770,udp_reflection
6815,1781100000.736398,http_flood
6816,1781100000.737211,normal
6817,1781100000.737865,http_flood
6818,1781100000.738587,syn_flood
6819,1781100000.739226,syn_flood
6820,1781100000.739866,http_flood
6821,1781100000.740356,normal
6822,1781100000.741034,udp_reflection
6823,1781100000.741691,normal
6824,1781100000.742124,udp_reflection
6825,1781100000.742833,normal
6826,1781100000.743334,normal
6827,1781100000.744021,syn_flood
6828,1781100000.744529,normal
6829,1781100000.745142,normal
6830,1781100000.745855,udp_reflection
6831,1781100000.746508,normal
6832,1781100000.747169,udp_reflection
6833,1781100000.747939,normal
6834,1781100000.748717,normal
6835,1781100000.749297,normal
6836,1781100000.749825,syn_flood
6837,1781100000.750374,normal
6838,1781100000.750912,udp_reflection
6839,1781100000.751527,normal
6840,1781100000.752113,http_flood
6841,1781100000.753129,syn_flood
6842,1781100000.753722,udp_reflection
6843,1781100000.754373,normal
6844,1781100000.755100,normal
6845,1781100000.755666,normal
6846,1781100000.756387,normal
6847,1781100000.757109,normal
6848,1781100000.757904,normal
6849,1781100000.758393,normal
6850,1781100000.758986,normal
6851,1781100000.759836,normal
6852,1781100000.760511,normal
6853,1781100000.761229,udp_reflection
6854,1781100000.761826,normal
6855,1781100000.762241,udp_reflection
6856,1781100000.762953,normal
6857,1781100000.763607,udp_reflection
6858,1781100000.764222,normal
6859,1781100000.764915,syn_flood
6860,1781100000.765510,http_flood
6861,1781100000.765944,udp_reflection
6862,1781100000.766604,normal
6863,1781100000.767378,normal
6864,1781100000.768169,normal
6865,1781100000.768845,syn_flood
6866,1781100000.769796,normal
6867,1781100000.770503,syn_flood
6868,1781100000.771101,normal
6869,1781100000.771995,http_flood
6870,1781100000.772683,normal
6871,1781100000.773159,normal
6872,1781100000.773749,syn_flood
6873,1781100000.774628,normal
6874,1781100000.775148,normal
6875,1781100000.775792,syn_flood
6876,1781100000.776502,normal
6877,1781100000.777148,http_flood
6878,1781100000.777490,normal
6879,1781100000.778174,normal
6880,1781100000.778682,udp_reflection
6881,1781100000.779401,normal
6882,1781100000.779889,normal
6883,1781100000.780410,normal
6884,1781100000.781171,udp_reflection
6885,1781100000.781614,syn_flood
6886,1781100000.782290,normal
6887,1781100000.783104,normal
6888,1781100000.783717,syn_flood
6889,1781100000.784179,normal
6890,1781100000.784874,normal
6891,1781100000.785445,http_flood
6892,1781100000.786167,normal
6893,1781100000.786684,normal
6894,1781100000.787364,normal
6895,1781100000.788194,normal
6896,1781100000.788783,normal
6897,1781100000.789479,normal
6898,1781100000.790314,normal
6899,1781100000.790937,normal
6900,1781100000.791724,syn_flood
6901,1781100000.792717,normal
6902,1781100000.793429,normal
6903,1781100000.794056,normal
6904,1781100000.794690,normal
6905,1781100000.795207,udp_reflection
6906,1781100000.796013,http_flood
6907,1781100000.797007,normal
6908,1781100000.797857,http_flood
6909,1781100000.798406,normal
6910,1781100000.799412,udp_reflection
6911,1781100000.800095,normal
6912,1781100000.800835,udp_reflection
6913,1781100000.801679,normal
6914,1781100000.802400,udp_reflection
6915,1781100000.803216,normal
6916,1781100000.803893,normal
6917,1781100000.804597,normal
6918,1781100000.804942,syn_flood
6919,1781100000.805683,normal
6920,1781100000.806507,normal
6921,1781100000.807316,normal
6922,1781100000.807929,normal
6923,1781100000.808458,normal
6924,1781100000.809159,http_flood
6925,1781100000.810043,normal
6926,1781100000.810483,normal
6927,1781100000.811023,normal
6928,1781100000.811740,http_flood
6929,1781100000.812372,normal
6930,1781100000.813397,normal
6931,1781100000.814307,udp_reflection
6932,1781100000.814812,http_flood
6933,1781100000.815451,udp_reflection
6934,1781100000.816069,normal
6935,1781100000.816579,normal
6936,1781100000.817128,syn_flood
6937,1781100000.817623,http_flood
6938,1781100000.818282,normal
6939,1781100000.818865,syn_flood
6940,1781100000.819561,http_flood
6941,1781100000.820381,normal
6942,1781100000.821027,http_flood
6943,1781100000.821641,normal
6944,1781100000.822135,normal
6945,1781100000.822961,udp_reflection
6946,1781100000.823446,http_flood
6947,1781100000.824230,normal
6948,1781100000.824907,udp_reflection
6949,1781100000.825515,normal
6950,1781100000.826091,normal
6951,1781100000.826627,syn_flood
6952,1781100000.827191,http_flood
6953,1781100000.827914,syn_flood
6954,1781100000.828955,normal
6955,1781100000.829626,normal
6956,1781100000.830160,normal
6957,1781100000.830724,normal
6958,1781100000.831296,normal
6959,1781100000.832108,normal
6960,1781100000.832718,normal
6961,1781100000.833586,udp_reflection
6962,1781100000.834481,udp_reflection
6963,1781100000.835215,udp_reflection
6964,1781100000.836032,udp_reflection
6965,1781100000.836578,http_flood
6966,1781100000.837350,normal
6967,1781100000.837898,http_flood
6968,1781100000.838674,normal
6969,1781100000.839280,normal
6970,1781100000.839876,normal
6971,1781100000.840391,syn_flood
6972,1781100000.840953,normal
6973,1781100000.841418,udp_reflection
6974,1781100000.842040,normal
6975,1781100000.842892,normal
6976,1781100000.843399,normal
6977,1781100000.844117,udp_reflection
6978,1781100000.844841,normal
6979,1781100000.845572,udp_reflection
6980,1781100000.846278,http_flood
6981,1781100000.847066,syn_flood
6982,1781100000.847743,udp_reflection
6983,1781100000.848348,normal
6984,1781100000.848772,normal
6985,1781100000.849266,normal
6986,1781100000.850214,http_flood
6987,1781100000.850825,normal
6988,1781100000.851354,normal
6989,1781100000.851982,http_flood
6990,1781100000.852420,normal
6991,1781100000.852976,normal
6992,1781100000.853538,normal
6993,1781100000.854422,udp_reflection
6994,1781100000.855237,udp_reflection
6995,1781100000.855924,udp_reflection
6996,1781100000.856513,syn_flood
6997,1781100000.857099,normal
6998,1781100000.857767,normal
6999,1781100000.858431,normal
7000,1781100000.859151,normal
7001,1781100000.860032,udp_reflection
7002,1781100000.861007,syn_flood
7003,1781100000.862024,normal
7004,1781100000.862631,normal
7005,1781100000.863359,normal
7006,1781100000.863860,normal
7007,1781100000.864596,normal
7008,1781100000.865289,normal
7009,1781100000.865889,normal
7010,1781100000.866278,normal
7011,1781100000.867067,normal
7012,1781100000.868142,normal
7013,1781100000.868673,normal
7014,1781100000.869597,normal
7015,1781100000.870165,normal
7016,1781100000.870795,normal
7017,1781100000.871195,normal
7018,1781100000.871692,normal
7019,1781100000.872171,syn_flood
7020,1781100000.872833,normal
7021,1781100000.873495,udp_reflection
7022,1781100000.874180,normal
7023,1781100000.874694,syn_flood
7024,1781100000.875450,normal
7025,1781100000.876179,normal
7026,1781100000.877052,normal
7027,1781100000.878021,normal
7028,1781100000.878724,normal
7029,1781100000.879534,normal
7030,1781100000.880270,udp_reflection
7031,1781100000.881105,syn_flood
7032,1781100000.881625,normal
7033,1781100000.882181,udp_reflection
7034,1781100000.882899,normal
7035,1781100000.883445,normal
7036,1781100000.884031,normal
7037,1781100000.884544,normal
7038,1781100000.885238,normal
7039,1781100000.885859,normal
7040,1781100000.886593,normal
7041,1781100000.887037,normal
7042,1781100000.887817,http_flood
7043,1781100000.888524,normal
7044,1781100000.889111,normal
7045,1781100000.889907,http_flood
7046,1781100000.890761,normal
7047,1781100000.891149,syn_flood
7048,1781100000.891892,http_flood
7049,1781100000.892587,udp_reflection
7050,1781100000.892979,normal
7051,1781100000.893574,normal
7052,1781100000.894214,http_flood
7053,1781100000.894716,normal
7054,1781100000.895432,udp_reflection
7055,1781100000.896312,normal
7056,1781100000.897040,udp_reflection
7057,1781100000.897806,normal
7058,1781100000.898260,http_flood
7059,1781100000.899074,http_flood
7060,1781100000.899558,http_flood
7061,1781100000.900113,normal
7062,1781100000.900759,normal
7063,1781100000.901302,normal
7064,1781100000.901910,syn_flood
7065,1781100000.902500,normal
7066,1781100000.903479,udp_reflection
7067,1781100000.904028,normal
7068,1781100000.904651,normal
7069,1781100000.905339,normal
7070,1781100000.905981,http_flood
7071,1781100000.906708,normal
7072,1781100000.907583,normal
7073,1781100000.908416,normal
7074,1781100000.908988,syn_flood
7075,1781100000.909646,normal
7076,1781100000.910735,http_flood
7077,1781100000.911345,normal
7078,1781100000.911862,syn_flood
7079,1781100000.912554,normal
7080,1781100000.913284,normal
7081,1781100000.914107,syn_flood
7082,1781100000.914826,syn_flood
7083,1781100000.915743,normal
7084,1781100000.916267,normal
7085,1781100000.916943,udp_reflection
7086,1781100000.917445,normal
7087,1781100000.917988,normal
7088,1781100000.918520,normal
7089,1781100000.919235,normal
7090,1781100000.919938,udp_reflection
7091,1781100000.920793,udp_reflection
7092,1781100000.921368,normal
7093,1781100000.921921,syn_flood
7094,1781100000.922591,udp_reflection
7095,1781100000.923299,http_flood
7096,1781100000.923837,normal
7097,1781100000.924709,normal
7098,1781100000.925259,http_flood
7099,1781100000.926027,normal
7100,1781100000.926748,normal
7101,1781100000.927711,normal
7102,1781100000.928214,normal
7103,1781100000.928885,normal
7104,1781100000.929402,udp_reflection
7105,1781100000.930235,http_flood
7106,1781100000.930957,normal
7107,1781100000.931530,normal
7108,1781100000.932113,normal
7109,1781100000.932776,udp_reflection
7110,1781100000.933344,normal
7111,1781100000.933968,http_flood
7112,1781100000.934623,normal
7113,1781100000.935400,normal
7114,1781100000.935894,syn_flood
7115,1781100000.936596,syn_flood
7116,1781100000.937062,normal
7117,1781100000.937591,normal
7118,1781100000.938230,normal
7119,1781100000.938836,udp_reflection
7120,1781100000.939732,normal
7121,1781100000.940400,normal
7122,1781100000.941169,udp_reflection
7123,1781100000.941616,http_flood
7124,1781100000.942156,normal
7125,1781100000.942730,normal
7126,1781100000.943676,normal
7127,1781100000.944211,normal
7128,1781100000.945154,normal
7129,1781100000.946186,normal
7130,1781100000.947098,normal
7131,1781100000.947500,normal
7132,1781100000.948092,normal
7133,1781100000.948842,normal
7134,1781100000.949484,normal
7135,1781100000.949970,normal
7136,1781100000.950675,http_flood
7137,1781100000.951419,normal
7138,1781100000.952282,normal
7139,1781100000.952907,syn_flood
7140,1781100000.953714,udp_reflection
7141,1781100000.954391,syn_flood
7142,1781100000.955001,syn_flood
7143,1781100000.955685,normal
7144,1781100000.956359,normal
7145,1781100000.957113,http_flood
7146,1781100000.957600,http_flood
7147,1781100000.958473,normal
7148,1781100000.959196,http_flood
7149,1781100000.959861,normal
7150,1781100000.960514,syn_flood
7151,1781100000.961016,normal
7152,1781100000.961572,normal
7153,1781100000.962424,normal
7154,1781100000.963181,normal
7155,1781100000.963801,normal
7156,1781100000.964560,normal
7157,1781100000.965685,udp_reflection
7158,1781100000.966383,http_flood
7159,1781100000.966920,normal
7160,1781100000.967442,udp_reflection
7161,1781100000.968127,udp_reflection
7162,1781100000.969391,udp_reflection
7163,1781100000.970081,normal
7164,1781100000.970680,normal
7165,1781100000.971137,normal
7166,1781100000.971806,normal
7167,1781100000.972362,normal
7168,1781100000.972971,normal
7169,1781100000.973641,normal
7170,1781100000.974290,normal
7171,1781100000.975021,normal
7172,1781100000.975628,normal
7173,1781100000.976136,normal
7174,1781100000.976751,normal
7175,1781100000.977517,udp_reflection
7176,1781100000.978097,http_flood
7177,1781100000.978881,normal
7178,1781100000.979692,syn_flood
7179,1781100000.980866,normal
7180,1781100000.981566,normal
7181,1781100000.982236,normal
7182,1781100000.982640,normal
7183,1781100000.983395,http_flood
7184,1781100000.984221,normal
7185,1781100000.984668,normal
7186,1781100000.985366,udp_reflection
7187,1781100000.986061,normal
7188,1781100000.986693,http_flood
7189,1781100000.987704,normal
7190,1781100000.988289,normal
7191,1781100000.989166,normal
7192,1781100000.989656,normal
7193,1781100000.990387,syn_flood
7194,1781100000.990856,udp_reflection
7195,1781100000.991530,normal
7196,1781100000.992599,normal
7197,1781100000.993232,normal
7198,1781100000.993852,normal
7199,1781100000.994508,normal
7200,1781100000.995068,normal
7201,1781100000.995735,http_flood
7202,1781100000.996169,udp_reflection
7203,1781100000.997103,http_flood
7204,1781100000.997717,normal
7205,1781100000.998617,normal
7206,1781100000.999242,normal
7207,1781100000.999727,syn_flood
7208,1781100001.000459,syn_flood
7209,1781100001.000933,syn_flood
7210,1781100001.001801,normal
7211,1781100001.002282,normal
7212,1781100001.002985,normal
7213,1781100001.003607,normal
7214,1781100001.004316,http_flood
7215,1781100001.004836,normal
7216,1781100001.005620,normal
7217,1781100001.006222,normal
7218,1781100001.006893,normal
7219,1781100001.007578,normal
7220,1781100001.008217,normal
7221,1781100001.009168,udp_reflection
7222,1781100001.010004,normal
7223,1781100001.010518,normal
7224,1781100001.011079,normal
7225,1781100001.012110,normal
7226,1781100001.012842,syn_flood
7227,1781100001.013599,normal
7228,1781100001.014045,normal
7229,1781100001.014908,normal
7230,1781100001.015391,normal
7231,1781100001.016016,normal
7232,1781100001.016820,normal
7233,1781100001.017564,udp_reflection
7234,1781100001.018048,syn_flood
7235,1781100001.018616,udp_reflection
7236,1781100001.019233,normal
7237,1781100001.019687,normal
7238,1781100001.020315,normal
7239,1781100001.021034,normal
7240,1781100001.021937,syn_flood
7241,1781100001.022468,http_flood
7242,1781100001.022941,http_flood
7243,1781100001.023465,normal
7244,1781100001.024131,syn_flood
7245,1781100001.024784,normal
7246,1781100001.025881,normal
7247,1781100001.026730,udp_reflection
7248,1781100001.027294,normal
7249,1781100001.027864,normal
7250,1781100001.028593,syn_flood
7251,1781100001.029116,normal
7252,1781100001.029619,normal
7253,1781100001.030288,normal
7254,1781100001.031050,normal
7255,1781100001.031716,normal
7256,1781100001.032327,http_flood
7257,1781100001.032893,normal
7258,1781100001.033603,udp_reflection
7259,1781100001.034364,normal
7260,1781100001.035035,normal
7261,1781100001.035741,normal
7262,1781100001.036534,normal
7263,1781100001.037342,normal
7264,1781100001.037920,normal
7265,1781100001.038528,normal
7266,1781100001.039071,normal
7267,1781100001.039944,normal
7268,1781100001.040702,normal
7269,1781100001.041687,udp_reflection
7270,1781100001.042455,normal
7271,1781100001.043101,udp_reflection
7272,1781100001.043810,syn_flood
7273,1781100001.044395,http_flood
7274,1781100001.044941,normal
7275,1781100001.045921,normal
7276,1781100001.046367,udp_reflection
7277,1781100001.047203,normal
7278,1781100001.047765,normal
7279,1781100001.048828,normal
7280,1781100001.049572,udp_reflection
7281,1781100001.050321,http_flood
7282,1781100001.051100,udp_reflection
7283,1781100001.051426,normal
7284,1781100001.051976,normal
7285,1781100001.052403,normal
7286,1781100001.052896,http_flood
7287,1781100001.053809,normal
7288,1781100001.054422,http_flood
7289,1781100001.055311,normal
7290,1781100001.056133,normal
7291,1781100001.056779,http_flood
7292,1781100001.057384,normal
7293,1781100001.058263,udp_reflection
7294,1781100001.058745,http_flood
7295,1781100001.059620,normal
7296,1781100001.060486,normal
7297,1781100001.060946,udp_reflection
7298,1781100001.061702,udp_reflection
7299,1781100001.062537,normal
7300,1781100001.063421,normal
7301,1781100001.064034,normal
7302,1781100001.064758,http_flood
7303,1781100001.065365,normal
7304,1781100001.065992,normal
7305,1781100001.066930,normal
7306,1781100001.067563,normal
7307,1781100001.068161,normal
7308,1781100001.068850,syn_flood
7309,1781100001.069417,normal
7310,1781100001.070173,http_flood
7311,1781100001.070591,udp_reflection
7312,1781100001.071390,normal
7313,1781100001.072178,normal
7314,1781100001.072750,normal
7315,1781100001.073380,syn_flood
7316,1781100001.074324,normal
7317,1781100001.074975,normal
7318,1781100001.075437,normal
7319,1781100001.075986,normal
7320,1781100001.076633,udp_reflection
7321,1781100001.077263,normal
7322,1781100001.077687,normal
7323,1781100001.078376,normal
7324,1781100001.079165,http_flood
7325,1781100001.079848,normal
7326,1781100001.080428,udp_reflection
7327,1781100001.081259,normal
7328,1781100001.081803,normal
7329,1781100001.082583,normal
7330,1781100001.083353,udp_reflection
7331,1781100001.084234,normal
7332,1781100001.084903,udp_reflection
7333,1781100001.085457,normal
7334,1781100001.086293,normal
7335,1781100001.086993,udp_reflection
7336,1781100001.087426,http_flood
7337,1781100001.088124,syn_flood
7338,1781100001.088867,udp_reflection
7339,1781100001.089529,normal
7340,1781100001.090137,udp_reflection
7341,1781100001.090672,udp_reflection
7342,1781100001.091247,normal
7343,1781100001.091823,syn_flood
7344,1781100001.092330,normal
7345,1781100001.092880,normal
7346,1781100001.093482,normal
7347,1781100001.094237,normal
7348,1781100001.095054,normal
7349,1781100001.095702,normal
7350,1781100001.096406,normal
7351,1781100001.096898,normal
7352,1781100001.097531,normal
7353,1781100001.098346,http_flood
7354,1781100001.098923,http_flood
7355,1781100001.099370,udp_reflection
7356,1781100001.099905,http_flood
7357,1781100001.100527,http_flood
7358,1781100001.101205,syn_flood
7359,1781100001.101870,syn_flood
7360,1781100001.102454,normal
7361,1781100001.103441,normal
7362,1781100001.104109,http_flood
7363,1781100001.104777,normal
7364,1781100001.105500,normal
7365,1781100001.106396,syn_flood
7366,1781100001.106875,normal
7367,1781100001.107520,normal
7368,1781100001.108215,syn_flood
7369,1781100001.108830,normal
7370,1781100001.109352,http_flood
7371,1781100001.109793,normal
7372,1781100001.110379,syn_flood
7373,1781100001.111042,normal
7374,1781100001.111738,http_flood
7375,1781100001.112387,normal
7376,1781100001.113128,udp_reflection
7377,1781100001.113824,normal
7378,1781100001.114515,normal
7379,1781100001.115321,normal
7380,1781100001.115948,normal
7381,1781100001.116742,normal
7382,1781100001.117396,normal
7383,1781100001.118109,normal
7384,1781100001.118744,normal
7385,1781100001.119439,udp_reflection
7386,1781100001.119970,udp_reflection
7387,1781100001.120797,http_flood
7388,1781100001.121522,normal
7389,1781100001.122487,udp_reflection
7390,1781100001.123059,normal
7391,1781100001.123946,normal
7392,1781100001.124476,udp_reflection
7393,1781100001.124918,normal
7394,1781100001.125623,udp_reflection
7395,1781100001.126220,normal
7396,1781100001.127131,normal
7397,1781100001.127791,normal
7398,1781100001.128641,normal
7399,1781100001.129220,normal
7400,1781100001.129732,syn_flood
7401,1781100001.130486,normal
7402,1781100001.131276,udp_reflection
7403,1781100001.132181,udp_reflection
7404,1781100001.132937,normal
7405,1781100001.133477,normal
7406,1781100001.134487,normal
7407,1781100001.135072,udp_reflection
7408,1781100001.135598,http_flood
7409,1781100001.136219,udp_reflection
7410,1781100001.136893,http_flood
7411,1781100001.137753,normal
7412,1781100001.138479,udp_reflection
7413,1781100001.138987,normal
7414,1781100001.139607,normal
7415,1781100001.140115,syn_flood
7416,1781100001.140667,normal
7417,1781100001.141273,normal
7418,1781100001.141825,normal
7419,1781100001.142567,normal
7420,1781100001.143778,normal
7421,1781100001.144458,http_flood
7422,1781100001.145025,normal
7423,1781100001.145780,normal
7424,1781100001.146589,syn_flood
7425,1781100001.147356,udp_reflection
7426,1781100001.148188,normal
7427,1781100001.149182,normal
7428,1781100001.149771,udp_reflection
7429,1781100001.150396,normal
7430,1781100001.151157,normal
7431,1781100001.151732,normal
7432,1781100001.152263,normal
7433,1781100001.152841,udp_reflection
7434,1781100001.153564,syn_flood
7435,1781100001.154312,normal
7436,1781100001.155190,syn_flood
7437,1781100001.155901,normal
7438,1781100001.156320,normal
7439,1781100001.156966,syn_flood
7440,1781100001.157416,http_flood
7441,1781100001.157981,http_flood
7442,1781100001.158596,normal
7443,1781100001.159404,normal
7444,1781100001.160061,normal
7445,1781100001.160783,normal
7446,1781100001.161584,http_flood
7447,1781100001.162472,syn_flood
7448,1781100001.163131,http_flood
7449,1781100001.163893,normal
7450,1781100001.164549,normal
7451,1781100001.165013,udp_reflection
7452,1781100001.165836,syn_flood
7453,1781100001.166576,syn_flood
7454,1781100001.166984,udp_reflection
7455,1781100001.167541,normal
7456,1781100001.168050,normal
7457,1781100001.168692,udp_reflection
7458,1781100001.169478,normal
7459,1781100001.170007,normal
7460,1781100001.170631,udp_reflection
7461,1781100001.171302,syn_flood
7462,1781100001.171748,http_flood
7463,1781100001.172421,udp_reflection
7464,1781100001.173110,http_flood
7465,1781100001.173778,normal
7466,1781100001.174701,normal
7467,1781100001.175362,normal
7468,1781100001.176053,normal
7469,1781100001.176760,syn_flood
7470,1781100001.177268,normal
7471,1781100001.177997,http_flood
7472,1781100001.178660,normal
7473,1781100001.179315,normal
7474,1781100001.180058,udp_reflection
7475,1781100001.180573,normal
7476,1781100001.181388,normal
7477,1781100001.181821,udp_reflection
7478,1781100001.182852,http_flood
7479,1781100001.183434,normal
7480,1781100001.183886,normal
7481,1781100001.184619,normal
7482,1781100001.185238,syn_flood
7483,1781100001.185965,normal
7484,1781100001.186671,normal
7485,1781100001.187178,normal
7486,1781100001.187860,normal
7487,1781100001.188367,normal
7488,1781100001.188847,syn_flood
7489,1781100001.189639,normal
7490,1781100001.190481,normal
7491,1781100001.191493,http_flood
7492,1781100001.191965,normal
7493,1781100001.192528,normal
7494,1781100001.193268,normal
7495,1781100001.193779,normal
7496,1781100001.194349,http_flood
7497,1781100001.194941,udp_reflection
7498,1781100001.195510,udp_reflection
7499,1781100001.196267,syn_flood
7500,1781100001.196970,normal
7501,1781100001.197600,normal
7502,1781100001.198079,normal
7503,1781100001.198571,http_flood
7504,1781100001.199286,udp_reflection
7505,1781100001.199952,syn_flood
7506,1781100001.200531,syn_flood
7507,1781100001.201351,normal
7508,1781100001.201876,http_flood
7509,1781100001.202510,normal
7510,1781100001.202996,normal
7511,1781100001.203750,syn_flood
7512,1781100001.204256,http_flood
7513,1781100001.204841,http_flood
7514,1781100001.205460,normal
7515,1781100001.205966,syn_flood
7516,1781100001.206574,normal
7517,1781100001.207242,normal
7518,1781100001.207740,normal
7519,1781100001.208285,normal
7520,1781100001.208939,normal
7521,1781100001.209728,normal
7522,1781100001.210300,normal
7523,1781100001.211223,normal
7524,1781100001.212251,normal
7525,1781100001.212946,syn_flood
7526,1781100001.213749,syn_flood
7527,1781100001.214805,normal
7528,1781100001.215284,normal
7529,1781100001.215766,normal
7530,1781100001.216567,http_flood
7531,1781100001.217310,http_flood
7532,1781100001.218119,http_flood
7533,1781100001.218789,normal
7534,1781100001.219327,normal
7535,1781100001.219870,normal
7536,1781100001.220425,normal
7537,1781100001.221381,normal
7538,1781100001.221944,http_flood
7539,1781100001.222546,normal
7540,1781100001.223268,syn_flood
7541,1781100001.223961,udp_reflection
7542,1781100001.224729,normal
7543,1781100001.225189,normal
7544,1781100001.225705,normal
7545,1781100001.226554,normal
7546,1781100001.227178,normal
7547,1781100001.227738,normal
7548,1781100001.228524,normal
7549,1781100001.228934,http_flood
7550,1781100001.229486,udp_reflection
7551,1781100001.230243,normal
7552,1781100001.230775,http_flood
7553,1781100001.231547,normal
7554,1781100001.232547,syn_flood
7555,1781100001.233032,normal
7556,1781100001.233577,normal
7557,1781100001.234108,udp_reflection
7558,1781100001.234573,normal
7559,1781100001.235066,http_flood
7560,1781100001.235858,normal
7561,1781100001.236585,normal
7562,1781100001.237102,normal
7563,1781100001.237881,http_flood
7564,1781100001.238483,normal
7565,1781100001.239162,http_flood
7566,1781100001.239699,normal
7567,1781100001.240089,http_flood
7568,1781100001.240650,normal
7569,1781100001.241261,normal
7570,1781100001.242272,normal
7571,1781100001.243312,udp_reflection
7572,1781100001.243921,udp_reflection
7573,1781100001.244536,normal
7574,1781100001.244954,udp_reflection
7575,1781100001.245583,udp_reflection
7576,1781100001.246417,normal
7577,1781100001.247268,normal
7578,1781100001.247951,normal
7579,1781100001.248766,normal
7580,1781100001.249445,http_flood
7581,1781100001.250253,udp_reflection
7582,1781100001.250972,normal
7583,1781100001.251678,normal
7584,1781100001.252334,normal
7585,1781100001.253284,syn_flood
7586,1781100001.253765,normal
7587,1781100001.254418,udp_reflection
7588,1781100001.255069,normal
7589,1781100001.255501,syn_flood
7590,1781100001.255978,http_flood
7591,1781100001.256484,http_flood
7592,1781100001.257302,syn_flood
7593,1781100001.258030,http_flood
7594,1781100001.258688,normal
7595,1781100001.259376,normal
7596,1781100001.259811,normal
7597,1781100001.260389,syn_flood
7598,1781100001.260832,http_flood
7599,1781100001.261326,normal
7600,1781100001.261890,normal
7601,1781100001.262426,normal
7602,1781100001.263377,normal
7603,1781100001.263884,http_flood
7604,1781100001.264643,normal
7605,1781100001.265092,normal
7606,1781100001.265391,syn_flood
7607,1781100001.265906,udp_reflection
7608,1781100001.266583,udp_reflection
7609,1781100001.267451,http_flood
7610,1781100001.268124,normal
7611,1781100001.268752,normal
7612,1781100001.269438,normal
7613,1781100001.270251,normal
7614,1781100001.270926,http_flood
7615,1781100001.271797,udp_reflection
7616,1781100001.272537,normal
7617,1781100001.273215,udp_reflection
7618,1781100001.273728,udp_reflection
7619,1781100001.274154,normal
7620,1781100001.275105,syn_flood
7621,1781100001.275861,normal
7622,1781100001.276618,http_flood
7623,1781100001.277402,udp_reflection
7624,1781100001.278069,normal
7625,1781100001.278541,normal
7626,1781100001.279139,udp_reflection
7627,1781100001.279861,normal
7628,1781100001.280452,normal
7629,1781100001.281149,normal
7630,1781100001.281941,normal
7631,1781100001.282655,udp_reflection
7632,1781100001.283327,normal
7633,1781100001.283973,syn_flood
7634,1781100001.284764,normal
7635,1781100001.285544,normal
7636,1781100001.286574,normal
7637,1781100001.287152,normal
7638,1781100001.288016,normal
7639,1781100001.288681,syn_flood
7640,1781100001.289359,http_flood
7641,1781100001.290130,syn_flood
7642,1781100001.290914,normal
7643,1781100001.291456,normal
7644,1781100001.291922,normal
7645,1781100001.292425,udp_reflection
7646,1781100001.293145,http_flood
7647,1781100001.293959,http_flood
7648,1781100001.294876,udp_reflection
7649,1781100001.295510,syn_flood
7650,1781100001.296203,normal
7651,1781100001.296988,normal
7652,1781100001.297657,normal
7653,1781100001.298149,normal
7654,1781100001.298562,normal
7655,1781100001.299328,normal
7656,1781100001.299820,normal
7657,1781100001.300354,syn_flood
7658,1781100001.300988,normal
7659,1781100001.302050,syn_flood
7660,1781100001.302671,normal
7661,1781100001.303480,udp_reflection
7662,1781100001.303998,http_flood
7663,1781100001.304670,http_flood
7664,1781100001.305936,http_flood
7665,1781100001.306788,normal
7666,1781100001.307976,normal
7667,1781100001.308772,normal
7668,1781100001.309434,udp_reflection
7669,1781100001.310171,normal
7670,1781100001.310771,normal
7671,1781100001.311332,syn_flood
7672,1781100001.311888,normal
7673,1781100001.312432,syn_flood
7674,1781100001.313175,normal
7675,1781100001.313797,normal
7676,1781100001.314477,normal
7677,1781100001.315191,normal
7678,1781100001.315880,http_flood
7679,1781100001.316527,normal
7680,1781100001.317225,normal
7681,1781100001.317925,normal
7682,1781100001.318526,udp_reflection
7683,1781100001.319128,http_flood
7684,1781100001.319684,syn_flood
7685,1781100001.320363,normal
7686,1781100001.321073,normal
7687,1781100001.321741,normal
7688,1781100001.322340,normal
7689,1781100001.323156,normal
7690,1781100001.323940,normal
7691,1781100001.324750,normal
7692,1781100001.325406,normal
7693,1781100001.325889,http_flood
7694,1781100001.326755,normal
7695,1781100001.327409,normal
7696,1781100001.327880,normal
7697,1781100001.328558,normal
7698,1781100001.329282,normal
7699,1781100001.329954,udp_reflection
7700,1781100001.330566,http_flood
7701,1781100001.331094,normal
7702,1781100001.331712,normal
7703,1781100001.332285,normal
7704,1781100001.332866,normal
7705,1781100001.333705,udp_reflection
7706,1781100001.334222,http_flood
7707,1781100001.335076,normal
7708,1781100001.335670,normal
7709,1781100001.336463,normal
7710,1781100001.337312,http_flood
7711,1781100001.338096,normal
7712,1781100001.338725,udp_reflection
7713,1781100001.339360,normal
7714,1781100001.340134,normal
7715,1781100001.340728,http_flood
7716,1781100001.341358,normal
7717,1781100001.342334,normal
7718,1781100001.343224,udp_reflection
7719,1781100001.343858,normal
7720,1781100001.344527,normal
7721,1781100001.345152,normal
7722,1781100001.345862,normal
7723,1781100001.346809,udp_reflection
7724,1781100001.347366,normal
7725,1781100001.348037,http_flood
7726,1781100001.348519,normal
7727,1781100001.349292,normal
7728,1781100001.349853,udp_reflection
7729,1781100001.350512,normal
7730,1781100001.351269,normal
7731,1781100001.351940,udp_reflection
7732,1781100001.352822,normal
7733,1781100001.353353,normal
7734,1781100001.354098,normal
7735,1781100001.354744,normal
7736,1781100001.355796,udp_reflection
7737,1781100001.356509,normal
7738,1781100001.356975,syn_flood
7739,1781100001.357805,normal
7740,1781100001.359064,http_flood
7741,1781100001.359681,normal
7742,1781100001.360158,normal
7743,1781100001.361034,syn_flood
7744,1781100001.361593,http_flood
7745,1781100001.362491,normal
7746,1781100001.363147,syn_flood
7747,1781100001.364068,syn_flood
7748,1781100001.364774,udp_reflection
7749,1781100001.365293,normal
7750,1781100001.365803,normal
7751,1781100001.366428,http_flood
7752,1781100001.366885,syn_flood
7753,1781100001.367676,normal
7754,1781100001.368399,udp_reflection
7755,1781100001.369109,normal
7756,1781100001.369887,normal
7757,1781100001.370785,normal
7758,1781100001.371574,normal
7759,1781100001.372128,normal
7760,1781100001.372886,udp_reflection
7761,1781100001.373788,normal
7762,1781100001.374424,normal
7763,1781100001.375338,udp_reflection
7764,1781100001.376065,normal
7765,1781100001.376761,normal
7766,1781100001.377281,syn_flood
7767,1781100001.378082,udp_reflection
7768,1781100001.379193,normal
7769,1781100001.379828,udp_reflection
7770,1781100001.380335,normal
7771,1781100001.380793,normal
7772,1781100001.381250,syn_flood
7773,1781100001.381849,normal
7774,1781100001.382539,normal
7775,1781100001.383027,normal
7776,1781100001.383575,normal
7777,1781100001.384398,normal
7778,1781100001.385219,normal
7779,1781100001.385934,normal
7780,1781100001.386706,normal
7781,1781100001.387398,http_flood
7782,1781100001.387959,syn_flood
7783,1781100001.388759,normal
7784,1781100001.389450,udp_reflection
7785,1781100001.390179,normal
7786,1781100001.390744,normal
7787,1781100001.391672,http_flood
7788,1781100001.392301,udp_reflection
7789,1781100001.393151,normal
7790,1781100001.393951,normal
7791,1781100001.394655,http_flood
7792,1781100001.395263,udp_reflection
7793,1781100001.395797,syn_flood
7794,1781100001.396487,normal
7795,1781100001.397298,normal
7796,1781100001.397922,syn_flood
7797,1781100001.398745,normal
7798,1781100001.399337,normal
7799,1781100001.399926,http_flood
7800,1781100001.400502,udp_reflection
7801,1781100001.401447,udp_reflection
7802,1781100001.402080,normal
7803,1781100001.402658,udp_reflection
7804,1781100001.403208,normal
7805,1781100001.403930,normal
7806,1781100001.404659,syn_flood
7807,1781100001.405160,normal
7808,1781100001.405701,udp_reflection
7809,1781100001.406358,normal
7810,1781100001.407040,normal
7811,1781100001.407824,normal
7812,1781100001.408561,normal
7813,1781100001.409268,http_flood
7814,1781100001.409749,normal
7815,1781100001.410462,syn_flood
7816,1781100001.410896,normal
7817,1781100001.411658,http_flood
7818,1781100001.412388,udp_reflection
7819,1781100001.412942,syn_flood
7820,1781100001.413920,normal
7821,1781100001.414364,http_flood
7822,1781100001.415097,normal
7823,1781100001.415832,http_flood
7824,1781100001.416423,normal
7825,1781100001.417053,normal
7826,1781100001.417837,normal
7827,1781100001.418311,normal
7828,1781100001.418799,normal
7829,1781100001.419561,normal
7830,1781100001.420113,normal
7831,1781100001.420652,normal
7832,1781100001.421439,normal
7833,1781100001.422276,syn_flood
7834,1781100001.422855,udp_reflection
7835,1781100001.423673,http_flood
7836,1781100001.424437,udp_reflection
7837,1781100001.425093,http_flood
7838,1781100001.425915,normal
7839,1781100001.426966,normal
7840,1781100001.427686,normal
7841,1781100001.428226,udp_reflection
7842,1781100001.428780,normal
7843,1781100001.429485,normal
7844,1781100001.430174,normal
7845,1781100001.431115,http_flood
7846,1781100001.431644,syn_flood
7847,1781100001.432181,normal
7848,1781100001.432732,http_flood
7849,1781100001.433402,syn_flood
7850,1781100001.434193,udp_reflection
7851,1781100001.435031,normal
7852,1781100001.435659,http_flood
7853,1781100001.436409,syn_flood
7854,1781100001.437236,normal
7855,1781100001.437959,syn_flood
7856,1781100001.438450,syn_flood
7857,1781100001.439161,normal
7858,1781100001.439945,normal
7859,1781100001.440654,normal
7860,1781100001.441322,udp_reflection
7861,1781100001.442006,normal
7862,1781100001.442576,normal
7863,1781100001.443213,normal
7864,1781100001.443821,syn_flood
7865,1781100001.444659,normal
7866,1781100001.445359,normal
7867,1781100001.445929,normal
7868,1781100001.446855,normal
7869,1781100001.447365,udp_reflection
7870,1781100001.447896,syn_flood
7871,1781100001.448690,normal
7872,1781100001.449408,normal
7873,1781100001.450233,normal
7874,1781100001.450818,normal
7875,1781100001.451601,normal
7876,1781100001.452246,normal
7877,1781100001.453200,normal
7878,1781100001.453837,http_flood
7879,1781100001.454453,normal
7880,1781100001.455277,udp_reflection
7881,1781100001.456095,normal
7882,1781100001.456756,syn_flood
7883,1781100001.457187,normal
7884,1781100001.458131,http_flood
7885,1781100001.458684,normal
7886,1781100001.459940,http_flood
7887,1781100001.460507,normal
7888,1781100001.461328,normal
7889,1781100001.461985,normal
7890,1781100001.462557,syn_flood
7891,1781100001.463214,normal
7892,1781100001.463711,normal
7893,1781100001.464563,normal
7894,1781100001.465069,normal
7895,1781100001.465666,syn_flood
7896,1781100001.466264,syn_flood
7897,1781100001.467162,udp_reflection
7898,1781100001.467840,http_flood
7899,1781100001.468547,normal
7900,1781100001.469294,normal
7901,1781100001.470002,normal
7902,1781100001.470664,normal
7903,1781100001.471467,normal
7904,1781100001.471986,http_flood
7905,1781100001.472449,normal
7906,1781100001.473366,normal
7907,1781100001.473879,udp_reflection
7908,1781100001.474456,normal
7909,1781100001.475016,udp_reflection
7910,1781100001.475510,normal
7911,1781100001.476069,normal
7912,1781100001.476692,http_flood
7913,1781100001.477293,http_flood
7914,1781100001.477913,udp_reflection
7915,1781100001.478439,normal
7916,1781100001.479025,syn_flood
7917,1781100001.479555,normal
7918,1781100001.480336,normal
7919,1781100001.480921,normal
7920,1781100001.481819,normal
7921,1781100001.482426,normal
7922,1781100001.482848,udp_reflection
7923,1781100001.483422,http_flood
7924,1781100001.483893,normal
7925,1781100001.484414,http_flood
7926,1781100001.484778,udp_reflection
7927,1781100001.485622,http_flood
7928,1781100001.486111,normal
7929,1781100001.486680,udp_reflection
7930,1781100001.487366,udp_reflection
7931,1781100001.488587,http_flood
7932,1781100001.489166,normal
7933,1781100001.489801,normal
7934,1781100001.490424,normal
7935,1781100001.491024,http_flood
7936,1781100001.491596,normal
7937,1781100001.492656,normal
7938,1781100001.493327,http_flood
7939,1781100001.494217,normal
7940,1781100001.494696,syn_flood
7941,1781100001.495257,syn_flood
7942,1781100001.495640,normal
7943,1781100001.496466,normal
7944,1781100001.497527,udp_reflection
7945,1781100001.498045,normal
7946,1781100001.498529,udp_reflection
7947,1781100001.499123,normal
7948,1781100001.500024,normal
7949,1781100001.500790,normal
7950,1781100001.501301,udp_reflection
7951,1781100001.502168,normal
7952,1781100001.502859,http_flood
7953,1781100001.503512,normal
7954,1781100001.504554,udp_reflection
7955,1781100001.505117,normal
7956,1781100001.505733,normal
7957,1781100001.506586,normal
7958,1781100001.507273,normal
7959,1781100001.507839,http_flood
7960,1781100001.508412,normal
7961,1781100001.509167,http_flood
7962,1781100001.510102,udp_reflection
7963,1781100001.511310,udp_reflection
7964,1781100001.512112,udp_reflection
7965,1781100001.512744,http_flood
7966,1781100001.513417,normal
7967,1781100001.514077,normal
7968,1781100001.514496,syn_flood
7969,1781100001.515270,udp_reflection
7970,1781100001.516008,normal
7971,1781100001.516797,syn_flood
7972,1781100001.517636,normal
7973,1781100001.518454,syn_flood
7974,1781100001.519296,http_flood
7975,1781100001.519892,normal
7976,1781100001.520612,normal
7977,1781100001.521287,normal
7978,1781100001.521864,normal
7979,1781100001.522541,normal
7980,1781100001.523243,normal
7981,1781100001.523690,udp_reflection
7982,1781100001.524317,udp_reflection
7983,1781100001.525199,normal
7984,1781100001.525945,syn_flood
7985,1781100001.526404,udp_reflection
7986,1781100001.527103,syn_flood
7987,1781100001.528084,normal
7988,1781100001.528897,normal
7989,1781100001.529530,normal
7990,1781100001.530298,syn_flood
7991,1781100001.530938,syn_flood
7992,1781100001.531662,normal
7993,1781100001.532393,udp_reflection
7994,1781100001.533029,normal
7995,1781100001.534091,udp_reflection
7996,1781100001.534823,normal
7997,1781100001.535571,udp_reflection
7998,1781100001.536211,normal
7999,1781100001.537077,http_flood
8000,1781100001.537624,http_flood
8001,1781100001.538404,normal
8002,1781100001.539151,normal
8003,1781100001.540155,normal
8004,1781100001.540821,normal
8005,1781100001.541738,normal
8006,1781100001.542606,udp_reflection
8007,1781100001.543210,udp_reflection
8008,1781100001.543629,normal
8009,1781100001.544353,normal
8010,1781100001.545121,normal
8011,1781100001.545777,normal
8012,1781100001.546518,normal
8013,1781100001.547207,syn_flood
8014,1781100001.547753,http_flood
8015,1781100001.548371,udp_reflection
8016,1781100001.549003,http_flood
8017,1781100001.549883,udp_reflection
8018,1781100001.550690,normal
8019,1781100001.551407,normal
8020,1781100001.552027,syn_flood
8021,1781100001.552571,udp_reflection
8022,1781100001.553382,normal
8023,1781100001.554062,normal
8024,1781100001.554577,udp_reflection
8025,1781100001.555283,normal
8026,1781100001.555905,syn_flood
8027,1781100001.556588,normal
8028,1781100001.557341,udp_reflection
8029,1781100001.557843,normal
8030,1781100001.558514,syn_flood
8031,1781100001.559369,normal
8032,1781100001.560180,normal
8033,1781100001.560650,normal
8034,1781100001.561204,http_flood
8035,1781100001.561757,syn_flood
8036,1781100001.562506,syn_flood
8037,1781100001.563215,http_flood
8038,1781100001.563879,http_flood
8039,1781100001.564620,normal
8040,1781100001.565024,normal
8041,1781100001.565938,http_flood
8042,1781100001.566444,syn_flood
8043,1781100001.567101,syn_flood
8044,1781100001.567736,normal
8045,1781100001.568211,normal
8046,1781100001.568702,http_flood
8047,1781100001.569570,normal
8048,1781100001.570243,syn_flood
8049,1781100001.570792,normal
8050,1781100001.571407,normal
8051,1781100001.572120,normal
8052,1781100001.572771,normal
8053,1781100001.573399,normal
8054,1781100001.573959,http_flood
8055,1781100001.574451,normal
8056,1781100001.575083,normal
8057,1781100001.575923,udp_reflection
8058,1781100001.576871,normal
8059,1781100001.577416,http_flood
8060,1781100001.578086,normal
8061,1781100001.578609,http_flood
8062,1781100001.579092,http_flood
8063,1781100001.579643,normal
8064,1781100001.580009,normal
8065,1781100001.580747,http_flood
8066,1781100001.581314,normal
8067,1781100001.582096,normal
8068,1781100001.582685,syn_flood
8069,1781100001.583499,normal
8070,1781100001.583993,normal
8071,1781100001.584704,http_flood
8072,1781100001.585401,normal
8073,1781100001.585879,http_flood
8074,1781100001.586607,syn_flood
8075,1781100001.587447,normal
8076,1781100001.588222,normal
8077,1781100001.588924,udp_reflection
8078,1781100001.589363,normal
8079,1781100001.590241,http_flood
8080,1781100001.591088,normal
8081,1781100001.591647,normal
8082,1781100001.592344,normal
8083,1781100001.593082,udp_reflection
8084,1781100001.593644,udp_reflection
8085,1781100001.594454,normal
8086,1781100001.595066,udp_reflection
8087,1781100001.595916,normal
8088,1781100001.596637,normal
8089,1781100001.597065,normal
8090,1781100001.597710,normal
8091,1781100001.598291,normal
8092,1781100001.598904,normal
8093,1781100001.599520,normal
8094,1781100001.600032,normal
8095,1781100001.600566,normal
8096,1781100001.601255,normal
8097,1781100001.601872,syn_flood
8098,1781100001.602514,normal
8099,1781100001.603047,normal
8100,1781100001.603837,http_flood
8101,1781100001.604390,normal
8102,1781100001.605017,normal
8103,1781100001.605908,syn_flood
8104,1781100001.606684,normal
8105,1781100001.607672,normal
8106,1781100001.608192,normal
8107,1781100001.608871,normal
8108,1781100001.609629,normal
8109,1781100001.610324,normal
8110,1781100001.610960,normal
8111,1781100001.611711,normal
8112,1781100001.612216,normal
8113,1781100001.612967,normal
8114,1781100001.613731,normal
8115,1781100001.614402,normal
8116,1781100001.615085,normal
8117,1781100001.615664,normal
8118,1781100001.616340,syn_flood
8119,1781100001.616922,normal
8120,1781100001.617402,normal
8121,1781100001.618336,normal
8122,1781100001.618964,normal
8123,1781100001.619463,normal
8124,1781100001.620052,normal
8125,1781100001.621325,udp_reflection
8126,1781100001.621927,normal
8127,1781100001.622372,udp_reflection
8128,1781100001.622966,normal
8129,1781100001.623636,udp_reflection
8130,1781100001.624165,http_flood
8131,1781100001.625009,normal
8132,1781100001.625694,normal
8133,1781100001.626211,normal
8134,1781100001.626984,udp_reflection
8135,1781100001.627697,normal
8136,1781100001.628320,normal
8137,1781100001.628919,normal
8138,1781100001.629782,syn_flood
8139,1781100001.630265,http_flood
8140,1781100001.630639,normal
8141,1781100001.631334,udp_reflection
8142,1781100001.632041,normal
8143,1781100001.632799,http_flood
8144,1781100001.633281,http_flood
8145,1781100001.633942,normal
8146,1781100001.634432,udp_reflection
8147,1781100001.634990,syn_flood
8148,1781100001.635588,udp_reflection
8149,1781100001.636251,normal
8150,1781100001.636853,normal
8151,1781100001.637408,syn_flood
8152,1781100001.638240,udp_reflection
8153,1781100001.638813,normal
8154,1781100001.639445,normal
8155,1781100001.639964,normal
8156,1781100001.640549,normal
8157,1781100001.641277,syn_flood
8158,1781100001.641793,normal
8159,1781100001.642380,syn_flood
8160,1781100001.642934,syn_flood
8161,1781100001.643495,normal
8162,1781100001.644046,http_flood
8163,1781100001.644598,normal
8164,1781100001.645412,normal
8165,1781100001.646256,normal
8166,1781100001.646871,http_flood
8167,1781100001.647491,normal
8168,1781100001.648216,normal
8169,1781100001.648782,normal
8170,1781100001.649554,normal
8171,1781100001.650084,udp_reflection
8172,1781100001.650806,normal
8173,1781100001.651778,syn_flood
8174,1781100001.652359,http_flood
8175,1781100001.652845,normal
8176,1781100001.653443,syn_flood
8177,1781100001.654176,udp_reflection
8178,1781100001.654995,normal
8179,1781100001.655725,normal
8180,1781100001.656357,normal
8181,1781100001.656941,udp_reflection
8182,1781100001.657624,http_flood
8183,1781100001.658251,normal
8184,1781100001.658905,normal
8185,1781100001.659681,syn_flood
8186,1781100001.660579,normal
8187,1781100001.661071,syn_flood
8188,1781100001.661515,normal
8189,1781100001.662053,normal
8190,1781100001.662542,http_flood
8191,1781100001.663316,normal
8192,1781100001.664059,udp_reflection
8193,1781100001.664580,udp_reflection
8194,1781100001.665318,syn_flood
8195,1781100001.666031,normal
8196,1781100001.666890,normal
8197,1781100001.667521,udp_reflection
8198,1781100001.668242,normal
8199,1781100001.668645,normal
8200,1781100001.669387,syn_flood
8201,1781100001.669885,normal
8202,1781100001.670836,syn_flood
8203,1781100001.671806,normal
8204,1781100001.672479,http_flood
8205,1781100001.673089,normal
8206,1781100001.673589,normal
8207,1781100001.674161,normal
8208,1781100001.675030,normal
8209,1781100001.675586,normal
8210,1781100001.676168,syn_flood
8211,1781100001.676968,syn_flood
8212,1781100001.677521,http_flood
8213,1781100001.678358,normal
8214,1781100001.678734,syn_flood
8215,1781100001.679501,normal
8216,1781100001.680153,normal
8217,1781100001.680621,udp_reflection
8218,1781100001.681334,udp_reflection
8219,1781100001.681819,normal
8220,1781100001.682710,normal
8221,1781100001.683538,http_flood
8222,1781100001.684367,normal
8223,1781100001.684975,normal
8224,1781100001.685487,http_flood
8225,1781100001.686382,normal
8226,1781100001.687189,syn_flood
8227,1781100001.687662,http_flood
8228,1781100001.688233,normal
8229,1781100001.688823,syn_flood
8230,1781100001.689542,syn_flood
8231,1781100001.690146,normal
8232,1781100001.690832,normal
8233,1781100001.691327,syn_flood
8234,1781100001.691976,normal
8235,1781100001.692530,normal
8236,1781100001.693145,normal
8237,1781100001.693677,normal
8238,1781100001.694451,normal
8239,1781100001.694965,normal
8240,1781100001.695968,normal
8241,1781100001.696661,syn_flood
8242,1781100001.697233,http_flood
8243,1781100001.697643,normal
8244,1781100001.698231,normal
8245,1781100001.698894,normal
8246,1781100001.699570,normal
8247,1781100001.700201,normal
8248,1781100001.701184,syn_flood
8249,1781100001.701911,normal
8250,1781100001.702582,syn_flood
8251,1781100001.703264,normal
8252,1781100001.703860,normal
8253,1781100001.704560,normal
8254,1781100001.705097,normal
8255,1781100001.705762,syn_flood
8256,1781100001.706341,normal
8257,1781100001.707230,udp_reflection
8258,1781100001.707798,http_flood
8259,1781100001.708948,udp_reflection
8260,1781100001.710059,normal
8261,1781100001.710817,http_flood
8262,1781100001.711518,syn_flood
8263,1781100001.712149,syn_flood
8264,1781100001.713047,normal
8265,1781100001.713871,normal
8266,1781100001.714627,http_flood
8267,1781100001.715407,normal
8268,1781100001.715962,normal
8269,1781100001.716785,normal
8270,1781100001.717265,http_flood
8271,1781100001.718033,normal
8272,1781100001.718775,http_flood
8273,1781100001.719364,syn_flood
8274,1781100001.719973,normal
8275,1781100001.720610,udp_reflection
8276,1781100001.721268,normal
8277,1781100001.721785,normal
8278,1781100001.722961,syn_flood
8279,1781100001.723525,syn_flood
8280,1781100001.724345,normal
8281,1781100001.725012,syn_flood
8282,1781100001.725726,normal
8283,1781100001.726171,normal
8284,1781100001.726880,syn_flood
8285,1781100001.727608,normal
8286,1781100001.728193,normal
8287,1781100001.728800,normal
8288,1781100001.729485,syn_flood
8289,1781100001.730473,normal
8290,1781100001.731477,normal
8291,1781100001.732190,normal
8292,1781100001.732873,normal
8293,1781100001.733432,udp_reflection
8294,1781100001.733883,normal
8295,1781100001.734770,normal
8296,1781100001.735288,udp_reflection
8297,1781100001.735952,normal
8298,1781100001.736701,normal
8299,1781100001.737303,normal
8300,1781100001.737750,udp_reflection
8301,1781100001.738396,http_flood
8302,1781100001.739056,normal
8303,1781100001.739835,syn_flood
8304,1781100001.740354,syn_flood
8305,1781100001.740852,normal
8306,1781100001.741472,normal
8307,1781100001.742052,normal
8308,1781100001.742603,normal
8309,1781100001.743389,normal
8310,1781100001.743916,normal
8311,1781100001.744802,syn_flood
8312,1781100001.745468,udp_reflection
8313,1781100001.745917,normal
8314,1781100001.746598,syn_flood
8315,1781100001.747480,normal
8316,1781100001.748049,normal
8317,1781100001.748767,normal
8318,1781100001.749471,normal
8319,1781100001.750093,normal
8320,1781100001.750846,normal
8321,1781100001.751951,normal
8322,1781100001.752563,http_flood
8323,1781100001.753210,normal
8324,1781100001.753697,normal
8325,1781100001.754191,udp_reflection
8326,1781100001.755037,normal
8327,1781100001.755504,syn_flood
8328,1781100001.756229,http_flood
8329,1781100001.756835,normal
8330,1781100001.757649,syn_flood
8331,1781100001.758780,normal
8332,1781100001.759453,normal
8333,1781100001.759869,normal
8334,1781100001.760580,normal
8335,1781100001.761189,normal
8336,1781100001.762261,normal
8337,1781100001.762858,normal
8338,1781100001.763542,syn_flood
8339,1781100001.764296,normal
8340,1781100001.765146,udp_reflection
8341,1781100001.765627,normal
8342,1781100001.766176,normal
8343,1781100001.766683,normal
8344,1781100001.767391,http_flood
8345,1781100001.768154,normal
8346,1781100001.768618,normal
8347,1781100001.769334,normal
8348,1781100001.769933,udp_reflection
8349,1781100001.770627,normal
8350,1781100001.771254,udp_reflection
8351,1781100001.771759,syn_flood
8352,1781100001.772548,normal
8353,1781100001.773206,normal
8354,1781100001.773927,udp_reflection
8355,1781100001.774507,normal
8356,1781100001.775241,udp_reflection
8357,1781100001.775867,normal
8358,1781100001.777004,udp_reflection
8359,1781100001.777662,syn_flood
8360,1781100001.778351,udp_reflection
8361,1781100001.778915,normal
8362,1781100001.779463,udp_reflection
8363,1781100001.780225,udp_reflection
8364,1781100001.780925,syn_flood
8365,1781100001.781811,syn_flood
8366,1781100001.782421,udp_reflection
8367,1781100001.783505,normal
8368,1781100001.783881,udp_reflection
8369,1781100001.784405,http_flood
8370,1781100001.784931,normal
8371,1781100001.785499,normal
8372,1781100001.785940,normal
8373,1781100001.786393,udp_reflection
8374,1781100001.787256,normal
8375,1781100001.788238,normal
8376,1781100001.788963,normal
8377,1781100001.789773,syn_flood
8378,1781100001.790438,normal
8379,1781100001.791296,udp_reflection
8380,1781100001.791913,normal
8381,1781100001.792538,normal
8382,1781100001.793272,syn_flood
8383,1781100001.794050,udp_reflection
8384,1781100001.794850,normal
8385,1781100001.795748,http_flood
8386,1781100001.796600,normal
8387,1781100001.797126,normal
8388,1781100001.797824,normal
8389,1781100001.798452,normal
8390,1781100001.799278,normal
8391,1781100001.799864,normal
8392,1781100001.800729,normal
8393,1781100001.801492,http_flood
8394,1781100001.802273,udp_reflection
8395,1781100001.803064,normal
8396,1781100001.803678,normal
8397,1781100001.804417,udp_reflection
8398,1781100001.805592,normal
8399,1781100001.806061,normal
8400,1781100001.806553,http_flood
8401,1781100001.807098,normal
8402,1781100001.807764,normal
8403,1781100001.808588,normal
8404,1781100001.809101,normal
8405,1781100001.809792,normal
8406,1781100001.810411,normal
8407,1781100001.810957,normal
8408,1781100001.811632,normal
8409,1781100001.812376,http_flood
8410,1781100001.812983,udp_reflection
8411,1781100001.813839,normal
8412,1781100001.814635,udp_reflection
8413,1781100001.815490,normal
8414,1781100001.816474,http_flood
8415,1781100001.817261,http_flood
8416,1781100001.817911,udp_reflection
8417,1781100001.818613,normal
8418,1781100001.819164,normal
8419,1781100001.819801,normal
8420,1781100001.820347,http_flood
8421,1781100001.820975,normal
8422,1781100001.821637,http_flood
8423,1781100001.822399,http_flood
8424,1781100001.822927,normal
8425,1781100001.823542,normal
8426,1781100001.824203,syn_flood
8427,1781100001.824796,syn_flood
8428,1781100001.825251,normal
8429,1781100001.825855,normal
8430,1781100001.826720,http_flood
8431,1781100001.827211,normal
8432,1781100001.827709,normal
8433,1781100001.828427,normal
8434,1781100001.829357,normal
8435,1781100001.829818,normal
8436,1781100001.830344,normal
8437,1781100001.830896,udp_reflection
8438,1781100001.831507,normal
8439,1781100001.832760,normal
8440,1781100001.833196,normal
8441,1781100001.833781,udp_reflection
8442,1781100001.834391,http_flood
8443,1781100001.835138,normal
8444,1781100001.835624,udp_reflection
8445,1781100001.836287,udp_reflection
8446,1781100001.836989,normal
8447,1781100001.837711,normal
8448,1781100001.838262,normal
8449,1781100001.838806,normal
8450,1781100001.839613,udp_reflection
8451,1781100001.840098,http_flood
8452,1781100001.840596,normal
8453,1781100001.841383,http_flood
8454,1781100001.841866,normal
8455,1781100001.842561,normal
8456,1781100001.843388,http_flood
8457,1781100001.844138,normal
8458,1781100001.844841,normal
8459,1781100001.845640,normal
8460,1781100001.846449,udp_reflection
8461,1781100001.847059,normal
8462,1781100001.847791,normal
8463,1781100001.848664,syn_flood
8464,1781100001.849476,normal
8465,1781100001.850175,normal
8466,1781100001.850623,syn_flood
8467,1781100001.851557,normal
8468,1781100001.852319,http_flood
8469,1781100001.852817,normal
8470,1781100001.853502,normal
8471,1781100001.854210,udp_reflection
8472,1781100001.855066,normal
8473,1781100001.855723,normal
8474,1781100001.856554,normal
8475,1781100001.857306,normal
8476,1781100001.857917,normal
8477,1781100001.858574,syn_flood
8478,1781100001.859786,syn_flood
8479,1781100001.860575,normal
8480,1781100001.861120,normal
8481,1781100001.862126,udp_reflection
8482,1781100001.862806,normal
8483,1781100001.863596,normal
8484,1781100001.864233,syn_flood
8485,1781100001.864751,http_flood
8486,1781100001.865481,normal
8487,1781100001.866149,udp_reflection
8488,1781100001.866945,udp_reflection
8489,1781100001.867726,normal
8490,1781100001.868299,normal
8491,1781100001.869007,http_flood
8492,1781100001.869657,http_flood
8493,1781100001.870292,normal
8494,1781100001.870939,udp_reflection
8495,1781100001.871663,http_flood
8496,1781100001.872205,normal
8497,1781100001.872838,normal
8498,1781100001.873574,udp_reflection
8499,1781100001.874455,normal
8500,1781100001.875240,syn_flood
8501,1781100001.876020,udp_reflection
8502,1781100001.876795,udp_reflection
8503,1781100001.877331,normal
8504,1781100001.878073,syn_flood
8505,1781100001.878694,normal
8506,1781100001.879349,http_flood
8507,1781100001.880017,normal
8508,1781100001.880660,syn_flood
8509,1781100001.881239,normal
8510,1781100001.881826,normal
8511,1781100001.882578,normal
8512,1781100001.883168,normal
8513,1781100001.883733,normal
8514,1781100001.884257,udp_reflection
8515,1781100001.884900,normal
8516,1781100001.885655,normal
8517,1781100001.886384,http_flood
8518,1781100001.887327,normal
8519,1781100001.888464,udp_reflection
8520,1781100001.889511,udp_reflection
8521,1781100001.889986,normal
8522,1781100001.890532,http_flood
8523,1781100001.891454,udp_reflection
8524,1781100001.892209,http_flood
8525,1781100001.893288,normal
8526,1781100001.893833,normal
8527,1781100001.894552,normal
8528,1781100001.895392,normal
8529,1781100001.896332,http_flood
8530,1781100001.897046,normal
8531,1781100001.897661,normal
8532,1781100001.898273,normal
8533,1781100001.898993,normal
8534,1781100001.899814,normal
8535,1781100001.900736,http_flood
8536,1781100001.901486,normal
8537,1781100001.902263,normal
8538,1781100001.903162,udp_reflection
8539,1781100001.903709,normal
8540,1781100001.904166,normal
8541,1781100001.904765,http_flood
8542,1781100001.905269,normal
8543,1781100001.905945,syn_flood
8544,1781100001.906631,normal
8545,1781100001.907221,syn_flood
8546,1781100001.907665,udp_reflection
8547,1781100001.908166,normal
8548,1781100001.908740,normal
8549,1781100001.909617,syn_flood
8550,1781100001.910427,udp_reflection
8551,1781100001.911250,normal
8552,1781100001.911847,syn_flood
8553,1781100001.912560,normal
8554,1781100001.913486,normal
8555,1781100001.914109,normal
8556,1781100001.914721,normal
8557,1781100001.915519,normal
8558,1781100001.916061,normal
8559,1781100001.916580,syn_flood
8560,1781100001.917388,normal
8561,1781100001.918145,syn_flood
8562,1781100001.918848,normal
8563,1781100001.919450,udp_reflection
8564,1781100001.920110,normal
8565,1781100001.921208,udp_reflection
8566,1781100001.921888,udp_reflection
8567,1781100001.922712,normal
8568,1781100001.923319,syn_flood
8569,1781100001.924109,normal
8570,1781100001.924687,normal
8571,1781100001.925354,normal
8572,1781100001.926363,syn_flood
8573,1781100001.926979,udp_reflection
8574,1781100001.927738,normal
8575,1781100001.928199,normal
8576,1781100001.928662,normal
8577,1781100001.929479,normal
8578,1781100001.930108,http_flood
8579,1781100001.930711,normal
8580,1781100001.931433,normal
8581,1781100001.932039,normal
8582,1781100001.932824,http_flood
8583,1781100001.933691,normal
8584,1781100001.934305,http_flood
8585,1781100001.934819,normal
8586,1781100001.935532,http_flood
8587,1781100001.936292,syn_flood
8588,1781100001.937005,normal
8589,1781100001.937748,normal
8590,1781100001.938464,normal
8591,1781100001.939295,http_flood
8592,1781100001.939785,normal
8593,1781100001.940512,udp_reflection
8594,1781100001.941016,syn_flood
8595,1781100001.941598,normal
8596,1781100001.942333,normal
8597,1781100001.942958,normal
8598,1781100001.943859,normal
8599,1781100001.944585,normal
8600,1781100001.945151,normal
8601,1781100001.946154,normal
8602,1781100001.947152,syn_flood
8603,1781100001.947839,udp_reflection
8604,1781100001.948737,normal
8605,1781100001.949453,normal
8606,1781100001.949964,udp_reflection
8607,1781100001.950723,http_flood
8608,1781100001.951465,normal
8609,1781100001.952057,normal
8610,1781100001.952817,normal
8611,1781100001.953477,normal
8612,1781100001.954127,udp_reflection
8613,1781100001.954784,normal
8614,1781100001.955389,udp_reflection
8615,1781100001.955882,normal
8616,1781100001.956589,normal
8617,1781100001.957099,normal
8618,1781100001.957842,normal
8619,1781100001.958597,udp_reflection
8620,1781100001.959411,normal
8621,1781100001.960095,syn_flood
8622,1781100001.960636,normal
8623,1781100001.961254,normal
8624,1781100001.962314,udp_reflection
8625,1781100001.963213,normal
8626,1781100001.963706,normal
8627,1781100001.964124,normal
8628,1781100001.964563,normal
8629,1781100001.965066,normal
8630,1781100001.965544,normal
8631,1781100001.966162,normal
8632,1781100001.966839,normal
8633,1781100001.967328,normal
8634,1781100001.968008,normal
8635,1781100001.968574,normal
8636,1781100001.969077,udp_reflection
8637,1781100001.969727,normal
8638,1781100001.970519,http_flood
8639,1781100001.971210,normal
8640,1781100001.971979,normal
8641,1781100001.972661,http_flood
8642,1781100001.973189,normal
8643,1781100001.973720,normal
8644,1781100001.974374,udp_reflection
8645,1781100001.975203,normal
8646,1781100001.976046,normal
8647,1781100001.976851,http_flood
8648,1781100001.977471,udp_reflection
8649,1781100001.978129,udp_reflection
8650,1781100001.978782,normal
8651,1781100001.979429,normal
8652,1781100001.980017,http_flood
8653,1781100001.981022,udp_reflection
8654,1781100001.981552,syn_flood
8655,1781100001.982272,normal
8656,1781100001.982814,http_flood
8657,1781100001.983637,normal
8658,1781100001.984262,syn_flood
8659,1781100001.984850,udp_reflection
8660,1781100001.985929,normal
8661,1781100001.986511,normal
8662,1781100001.987118,udp_reflection
8663,1781100001.987852,normal
8664,1781100001.988370,udp_reflection
8665,1781100001.989328,http_flood
8666,1781100001.989971,http_flood
8667,1781100001.990607,normal
8668,1781100001.991392,udp_reflection
8669,1781100001.992322,normal
8670,1781100001.993080,udp_reflection
8671,1781100001.993546,normal
8672,1781100001.994146,normal
8673,1781100001.994972,normal
8674,1781100001.995835,normal
8675,1781100001.996439,udp_reflection
8676,1781100001.997044,normal
8677,1781100001.997801,normal
8678,1781100001.998562,http_flood
8679,1781100001.999249,normal
8680,1781100001.999876,udp_reflection
8681,1781100002.000715,normal
8682,1781100002.001391,normal
8683,1781100002.001986,http_flood
8684,1781100002.002534,normal
8685,1781100002.003117,normal
8686,1781100002.003820,udp_reflection
8687,1781100002.004450,http_flood
8688,1781100002.005048,http_flood
8689,1781100002.005820,syn_flood
8690,1781100002.006255,http_flood
8691,1781100002.006815,normal
8692,1781100002.007648,normal
8693,1781100002.008390,normal
8694,1781100002.009118,syn_flood
8695,1781100002.009808,normal
8696,1781100002.010546,http_flood
8697,1781100002.011205,udp_reflection
8698,1781100002.011770,udp_reflection
8699,1781100002.012356,udp_reflection
8700,1781100002.013015,syn_flood
8701,1781100002.013665,normal
8702,1781100002.014304,normal
8703,1781100002.014815,udp_reflection
8704,1781100002.015682,syn_flood
8705,1781100002.016286,normal
8706,1781100002.016789,normal
8707,1781100002.017206,udp_reflection
8708,1781100002.018142,normal
8709,1781100002.019005,normal
8710,1781100002.019664,udp_reflection
8711,1781100002.020504,normal
8712,1781100002.021333,normal
8713,1781100002.022078,normal
8714,1781100002.022833,syn_flood
8715,1781100002.023472,http_flood
8716,1781100002.024263,normal
8717,1781100002.024957,normal
8718,1781100002.026083,normal
8719,1781100002.026772,normal
8720,1781100002.027284,normal
8721,1781100002.027776,http_flood
8722,1781100002.028352,normal
8723,1781100002.029353,udp_reflection
8724,1781100002.029699,normal
8725,1781100002.030222,normal
8726,1781100002.030726,udp_reflection
8727,1781100002.031447,normal
8728,1781100002.032440,normal
8729,1781100002.033067,normal
8730,1781100002.034208,syn_flood
8731,1781100002.034873,normal
8732,1781100002.035637,normal
8733,1781100002.036358,normal
8734,1781100002.037000,normal
8735,1781100002.037630,normal
8736,1781100002.038365,udp_reflection
8737,1781100002.039081,normal
8738,1781100002.039669,normal
8739,1781100002.040536,normal
8740,1781100002.041016,normal
8741,1781100002.041607,udp_reflection
8742,1781100002.042324,normal
8743,1781100002.043032,udp_reflection
8744,1781100002.043922,normal
8745,1781100002.044940,normal
8746,1781100002.045642,normal
8747,1781100002.046226,normal
8748,1781100002.046719,normal
8749,1781100002.047445,normal
8750,1781100002.048162,normal
8751,1781100002.048813,udp_reflection
8752,1781100002.049484,http_flood
8753,1781100002.050109,normal
8754,1781100002.050676,normal
8755,1781100002.051245,normal
8756,1781100002.052017,normal
8757,1781100002.052655,normal
8758,1781100002.053369,normal
8759,1781100002.054104,normal
8760,1781100002.054643,syn_flood
8761,1781100002.055071,normal
8762,1781100002.055506,normal
8763,1781100002.056416,normal
8764,1781100002.057103,http_flood
8765,1781100002.058003,syn_flood
8766,1781100002.058679,normal
8767,1781100002.059080,normal
8768,1781100002.059677,normal
8769,1781100002.060417,normal
8770,1781100002.061130,normal
8771,1781100002.061931,http_flood
8772,1781100002.062602,normal
8773,1781100002.063607,normal
8774,1781100002.064184,normal
8775,1781100002.064844,normal
8776,1781100002.065572,udp_reflection
8777,1781100002.066228,normal
8778,1781100002.066887,normal
8779,1781100002.067625,normal
8780,1781100002.068314,http_flood
8781,1781100002.068909,normal
8782,1781100002.069733,normal
8783,1781100002.070161,normal
8784,1781100002.070928,http_flood
8785,1781100002.071375,normal
8786,1781100002.072024,normal
8787,1781100002.073000,normal
8788,1781100002.073600,normal
8789,1781100002.074342,normal
8790,1781100002.074965,http_flood
8791,1781100002.075851,http_flood
8792,1781100002.076439,normal
8793,1781100002.076944,normal
8794,1781100002.077678,syn_flood
8795,1781100002.078468,http_flood
8796,1781100002.079359,normal
8797,1781100002.080122,syn_flood
8798,1781100002.080774,syn_flood
8799,1781100002.081475,normal
8800,1781100002.082170,normal
8801,1781100002.082787,normal
8802,1781100002.083525,http_flood
8803,1781100002.084290,udp_reflection
8804,1781100002.084757,normal
8805,1781100002.085170,udp_reflection
8806,1781100002.085684,normal
8807,1781100002.086623,udp_reflection
8808,1781100002.087340,http_flood
8809,1781100002.088164,udp_reflection
8810,1781100002.088800,http_flood
8811,1781100002.089414,udp_reflection
8812,1781100002.090134,normal
8813,1781100002.091299,syn_flood
8814,1781100002.092218,normal
8815,1781100002.092766,udp_reflection
8816,1781100002.093439,normal
8817,1781100002.094414,normal
8818,1781100002.095107,normal
8819,1781100002.096246,normal
8820,1781100002.097020,normal
8821,1781100002.097699,normal
8822,1781100002.098610,udp_reflection
8823,1781100002.099394,normal
8824,1781100002.099967,normal
8825,1781100002.100906,normal
8826,1781100002.101605,normal
8827,1781100002.102144,syn_flood
8828,1781100002.102836,normal
8829,1781100002.103368,http_flood
8830,1781100002.103834,udp_reflection
8831,1781100002.104659,normal
8832,1781100002.105348,syn_flood
8833,1781100002.105776,syn_flood
8834,1781100002.106390,normal
8835,1781100002.106983,normal
8836,1781100002.107605,udp_reflection
8837,1781100002.108475,normal
8838,1781100002.109399,normal
8839,1781100002.109989,normal
8840,1781100002.110475,normal
8841,1781100002.111198,udp_reflection
8842,1781100002.111943,normal
8843,1781100002.113077,normal
8844,1781100002.113630,syn_flood
8845,1781100002.114069,normal
8846,1781100002.114527,normal
8847,1781100002.115288,normal
8848,1781100002.115983,http_flood
8849,1781100002.116653,http_flood
8850,1781100002.117501,syn_flood
8851,1781100002.118351,syn_flood
8852,1781100002.118947,udp_reflection
8853,1781100002.119758,normal
8854,1781100002.120581,normal
8855,1781100002.121162,normal
8856,1781100002.121706,normal
8857,1781100002.122412,http_flood
8858,1781100002.123041,udp_reflection
8859,1781100002.123590,syn_flood
8860,1781100002.124139,normal
8861,1781100002.125000,normal
8862,1781100002.125776,http_flood
8863,1781100002.126726,normal
8864,1781100002.127190,normal
8865,1781100002.127852,http_flood
8866,1781100002.128718,udp_reflection
8867,1781100002.129444,normal
8868,1781100002.129894,http_flood
8869,1781100002.130586,normal
8870,1781100002.131472,normal
8871,1781100002.131997,normal
8872,1781100002.132635,http_flood
8873,1781100002.133681,normal
8874,1781100002.134285,normal
8875,1781100002.135022,syn_flood
8876,1781100002.135806,http_flood
8877,1781100002.136525,normal
8878,1781100002.137338,normal
8879,1781100002.137912,http_flood
8880,1781100002.138681,http_flood
8881,1781100002.139704,udp_reflection
8882,1781100002.140213,normal
8883,1781100002.140851,http_flood
8884,1781100002.141576,normal
8885,1781100002.142070,syn_flood
8886,1781100002.142810,normal
8887,1781100002.143339,http_flood
8888,1781100002.143823,syn_flood
8889,1781100002.144585,normal
8890,1781100002.145506,http_flood
8891,1781100002.146069,normal
8892,1781100002.146570,normal
8893,1781100002.147218,syn_flood
8894,1781100002.148057,normal
8895,1781100002.148700,normal
8896,1781100002.149185,normal
8897,1781100002.149675,normal
8898,1781100002.150265,normal
8899,1781100002.150949,udp_reflection
8900,1781100002.151598,normal
8901,1781100002.152384,udp_reflection
8902,1781100002.153146,normal
8903,1781100002.154003,normal
8904,1781100002.154704,normal
8905,1781100002.155339,normal
8906,1781100002.155674,http_flood
8907,1781100002.156305,normal
8908,1781100002.156890,normal
8909,1781100002.157477,normal
8910,1781100002.158293,syn_flood
8911,1781100002.158963,normal
8912,1781100002.159443,normal
8913,1781100002.159905,http_flood
8914,1781100002.160868,normal
8915,1781100002.161376,normal
8916,1781100002.162317,normal
8917,1781100002.163081,http_flood
8918,1781100002.163664,normal
8919,1781100002.164371,normal
8920,1781100002.165467,normal
8921,1781100002.166090,http_flood
8922,1781100002.166637,http_flood
8923,1781100002.167359,normal
8924,1781100002.168021,normal
8925,1781100002.168490,udp_reflection
8926,1781100002.169098,normal
8927,1781100002.169878,syn_flood
8928,1781100002.170529,syn_flood
8929,1781100002.171105,syn_flood
8930,1781100002.171696,udp_reflection
8931,1781100002.172493,syn_flood
8932,1781100002.173383,normal
8933,1781100002.173904,http_flood
8934,1781100002.174632,normal
8935,1781100002.175090,syn_flood
8936,1781100002.175655,normal
8937,1781100002.176093,normal
8938,1781100002.177219,http_flood
8939,1781100002.177860,normal
8940,1781100002.178609,normal
8941,1781100002.179126,normal
8942,1781100002.179958,normal
8943,1781100002.181076,udp_reflection
8944,1781100002.181915,normal
8945,1781100002.182618,normal
8946,1781100002.183080,normal
8947,1781100002.183686,normal
8948,1781100002.184328,normal
8949,1781100002.184795,http_flood
8950,1781100002.185603,normal
8951,1781100002.186242,normal
8952,1781100002.186819,http_flood
8953,1781100002.187160,normal
8954,1781100002.188087,http_flood
8955,1781100002.188830,normal
8956,1781100002.189533,normal
8957,1781100002.190278,syn_flood
8958,1781100002.190741,normal
8959,1781100002.191523,normal
8960,1781100002.192160,normal
8961,1781100002.192994,syn_flood
8962,1781100002.193742,normal
8963,1781100002.194587,udp_reflection
8964,1781100002.195312,normal
8965,1781100002.195935,normal
8966,1781100002.196573,normal
8967,1781100002.197195,normal
8968,1781100002.197850,normal
8969,1781100002.199028,normal
8970,1781100002.199685,normal
8971,1781100002.200232,udp_reflection
8972,1781100002.200747,normal
8973,1781100002.201424,http_flood
8974,1781100002.202256,http_flood
8975,1781100002.203024,syn_flood
8976,1781100002.203681,normal
8977,1781100002.204536,normal
8978,1781100002.205111,http_flood
8979,1781100002.205843,http_flood
8980,1781100002.206692,normal
8981,1781100002.207394,normal
8982,1781100002.207854,syn_flood
8983,1781100002.208445,normal
8984,1781100002.209285,normal
8985,1781100002.210031,normal
8986,1781100002.210650,normal
8987,1781100002.211452,normal
8988,1781100002.212210,normal
8989,1781100002.212919,normal
8990,1781100002.213696,syn_flood
8991,1781100002.214419,normal
8992,1781100002.215212,normal
8993,1781100002.216057,normal
8994,1781100002.216920,normal
8995,1781100002.217951,normal
8996,1781100002.218946,http_flood
8997,1781100002.219491,normal
8998,1781100002.220121,udp_reflection
8999,1781100002.220798,normal
9000,1781100002.221451,normal
9001,1781100002.222145,normal
9002,1781100002.222772,udp_reflection
9003,1781100002.223415,syn_flood
9004,1781100002.223984,normal
9005,1781100002.224742,normal
9006,1781100002.225442,normal
9007,1781100002.227669,http_flood
9008,1781100002.229793,normal
9009,1781100002.231455,normal
9010,1781100002.233327,udp_reflection
9011,1781100002.235128,normal
9012,1781100002.237204,normal
9013,1781100002.240683,normal
9014,1781100002.242422,normal
9015,1781100002.244998,normal
9016,1781100002.247073,normal
9017,1781100002.249339,normal
9018,1781100002.251153,normal
9019,1781100002.253957,normal
9020,1781100002.255640,normal
9021,1781100002.257818,normal
9022,1781100002.259846,normal
9023,1781100002.262934,normal
9024,1781100002.264940,normal
9025,1781100002.266626,normal
9026,1781100002.269079,normal
9027,1781100002.271125,normal
9028,1781100002.273490,normal
9029,1781100002.275323,normal
9030,1781100002.277234,normal
9031,1781100002.280094,normal
9032,1781100002.281458,normal
9033,1781100002.283427,normal
9034,1781100002.286103,syn_flood
9035,1781100002.288001,normal
9036,1781100002.290662,normal
9037,1781100002.292012,normal
9038,1781100002.294107,normal
9039,1781100002.296194,normal
9040,1781100002.298189,normal
9041,1781100002.300208,normal
9042,1781100002.302702,normal
9043,1781100002.304990,normal
9044,1781100002.307528,normal
9045,1781100002.309472,normal
9046,1781100002.311799,normal
9047,1781100002.313351,normal
9048,1781100002.315803,http_flood
9049,1781100002.317668,http_flood
9050,1781100002.320103,normal
9051,1781100002.321850,normal
9052,1781100002.324692,normal
9053,1781100002.327340,normal
9054,1781100002.329091,normal
9055,1781100002.330988,syn_flood
9056,1781100002.333417,normal
9057,1781100002.335699,normal
9058,1781100002.337818,normal
9059,1781100002.340420,normal
9060,1781100002.343843,normal
9061,1781100002.346638,normal
9062,1781100002.348557,normal
9063,1781100002.350480,udp_reflection
9064,1781100002.352961,normal
9065,1781100002.355357,udp_reflection
9066,1781100002.357867,normal
9067,1781100002.360469,normal
9068,1781100002.362706,normal
9069,1781100002.365020,normal
9070,1781100002.366652,normal
9071,1781100002.368647,normal
9072,1781100002.370461,normal
9073,1781100002.372695,normal
9074,1781100002.374556,normal
9075,1781100002.376964,normal
9076,1781100002.380260,syn_flood
9077,1781100002.381602,normal
9078,1781100002.383660,syn_flood
9079,1781100002.385635,normal
9080,1781100002.388220,syn_flood
9081,1781100002.390658,normal
9082,1781100002.392798,normal
9083,1781100002.395664,http_flood
9084,1781100002.397344,normal
9085,1781100002.399113,syn_flood
9086,1781100002.400716,normal
9087,1781100002.402396,normal
9088,1781100002.404108,normal
9089,1781100002.406013,normal
9090,1781100002.408405,udp_reflection
9091,1781100002.410597,normal
9092,1781100002.412692,normal
9093,1781100002.414643,normal
9094,1781100002.416506,normal
9095,1781100002.419185,normal
9096,1781100002.422794,normal
9097,1781100002.425998,syn_flood
9098,1781100002.428651,normal
9099,1781100002.431093,normal
9100,1781100002.433997,normal
9101,1781100002.436073,normal
9102,1781100002.437899,normal
9103,1781100002.440123,normal
9104,1781100002.442136,normal
9105,1781100002.444679,normal
9106,1781100002.446996,normal
9107,1781100002.449108,normal
9108,1781100002.451072,normal
9109,1781100002.453480,normal
9110,1781100002.455146,normal
9111,1781100002.457140,udp_reflection
9112,1781100002.458652,normal
9113,1781100002.460893,http_flood
9114,1781100002.463303,normal
9115,1781100002.465140,normal
9116,1781100002.468271,normal
9117,1781100002.470394,normal
9118,1781100002.472776,normal
9119,1781100002.474996,udp_reflection
9120,1781100002.477231,normal
9121,1781100002.478894,normal
9122,1781100002.482209,normal
9123,1781100002.484465,normal
9124,1781100002.487401,syn_flood
9125,1781100002.489156,normal
9126,1781100002.490997,normal
9127,1781100002.494723,normal
9128,1781100002.497596,normal
9129,1781100002.499624,normal
9130,1781100002.501867,normal
9131,1781100002.504255,normal
9132,1781100002.506365,normal
9133,1781100002.508466,normal
9134,1781100002.510663,normal
9135,1781100002.512531,normal
9136,1781100002.514356,normal
9137,1781100002.516342,normal
9138,1781100002.519093,normal
9139,1781100002.521320,normal
9140,1781100002.524039,normal
9141,1781100002.526830,normal
9142,1781100002.528778,normal
9143,1781100002.530840,normal
9144,1781100002.532825,normal
9145,1781100002.535002,normal
9146,1781100002.536506,normal
9147,1781100002.538488,normal
9148,1781100002.540725,normal
9149,1781100002.542235,normal
9150,1781100002.544822,normal
9151,1781100002.547185,normal
9152,1781100002.549390,normal
9153,1781100002.551459,normal
9154,1781100002.554186,normal
9155,1781100002.555650,normal
9156,1781100002.557834,normal
9157,1781100002.560208,normal
9158,1781100002.561646,normal
9159,1781100002.564124,normal
9160,1781100002.566001,normal
9161,1781100002.568050,normal
9162,1781100002.570538,udp_reflection
9163,1781100002.573119,normal
9164,1781100002.574770,normal
9165,1781100002.577648,http_flood
9166,1781100002.579690,normal
9167,1781100002.581174,normal
9168,1781100002.583959,normal
9169,1781100002.586562,normal
9170,1781100002.588580,normal
9171,1781100002.590469,normal
9172,1781100002.593045,normal
9173,1781100002.594824,http_flood
9174,1781100002.597609,normal
9175,1781100002.600523,normal
9176,1781100002.603222,normal
9177,1781100002.605525,normal
9178,1781100002.607300,normal
9179,1781100002.609851,udp_reflection
9180,1781100002.612515,normal
9181,1781100002.614362,normal
9182,1781100002.616207,normal
9183,1781100002.617912,normal
9184,1781100002.620233,normal
9185,1781100002.621814,normal
9186,1781100002.624572,normal
9187,1781100002.626295,normal
9188,1781100002.628030,normal
9189,1781100002.630433,normal
9190,1781100002.632932,normal
9191,1781100002.635491,normal
9192,1781100002.637552,normal
9193,1781100002.639326,normal
9194,1781100002.641359,normal
9195,1781100002.643115,normal
9196,1781100002.645683,normal
9197,1781100002.647995,normal
9198,1781100002.649696,normal
9199,1781100002.652143,normal
9200,1781100002.654030,normal
9201,1781100002.656471,normal
9202,1781100002.658462,normal
9203,1781100002.660538,http_flood
9204,1781100002.662488,normal
9205,1781100002.665031,normal
9206,1781100002.666479,normal
9207,1781100002.668271,normal
9208,1781100002.670394,normal
9209,1781100002.673422,normal
9210,1781100002.674708,normal
9211,1781100002.677326,normal
9212,1781100002.679039,normal
9213,1781100002.681218,normal
9214,1781100002.684241,normal
9215,1781100002.686005,normal
9216,1781100002.687583,normal
9217,1781100002.689136,syn_flood
9218,1781100002.690894,normal
9219,1781100002.692694,normal
9220,1781100002.694918,normal
9221,1781100002.697610,http_flood
9222,1781100002.699873,normal
9223,1781100002.701894,normal
9224,1781100002.703732,normal
9225,1781100002.706127,normal
9226,1781100002.708181,normal
9227,1781100002.710558,udp_reflection
9228,1781100002.712754,normal
9229,1781100002.714595,normal
9230,1781100002.719098,normal
9231,1781100002.722767,normal
9232,1781100002.725625,normal
9233,1781100002.727534,normal
9234,1781100002.729968,normal
9235,1781100002.731665,normal
9236,1781100002.734462,normal
9237,1781100002.736320,normal
9238,1781100002.738604,normal
9239,1781100002.741540,normal
9240,1781100002.743653,normal
9241,1781100002.745524,normal
9242,1781100002.747331,http_flood
9243,1781100002.748836,normal
9244,1781100002.750803,syn_flood
9245,1781100002.752453,normal
9246,1781100002.755689,normal
9247,1781100002.757851,normal
9248,1781100002.759918,normal
9249,1781100002.762396,normal
9250,1781100002.764305,udp_reflection
9251,1781100002.766050,normal
9252,1781100002.767609,normal
9253,1781100002.769380,normal
9254,1781100002.770818,normal
9255,1781100002.774427,normal
9256,1781100002.775800,normal
9257,1781100002.777958,normal
9258,1781100002.779938,normal
9259,1781100002.781950,normal
9260,1781100002.784221,http_flood
9261,1781100002.786595,syn_flood
9262,1781100002.788307,normal
9263,1781100002.791006,normal
9264,1781100002.794908,normal
9265,1781100002.797238,normal
9266,1781100002.799514,normal
9267,1781100002.803444,udp_reflection
9268,1781100002.805452,normal
9269,1781100002.808290,normal
9270,1781100002.810484,normal
9271,1781100002.812550,normal
9272,1781100002.815060,normal
9273,1781100002.817258,normal
9274,1781100002.819043,normal
9275,1781100002.822635,normal
9276,1781100002.824583,udp_reflection
9277,1781100002.827382,http_flood
9278,1781100002.829292,normal
9279,1781100002.831373,normal
9280,1781100002.832443,normal
9281,1781100002.834745,normal
9282,1781100002.836434,normal
9283,1781100002.838451,normal
9284,1781100002.840435,normal
9285,1781100002.843346,normal
9286,1781100002.845891,syn_flood
9287,1781100002.847977,normal
9288,1781100002.851539,normal
9289,1781100002.853252,normal
9290,1781100002.854908,syn_flood
9291,1781100002.857409,normal
9292,1781100002.859535,normal
9293,1781100002.862197,normal
9294,1781100002.863886,normal
9295,1781100002.865685,normal
9296,1781100002.867559,normal
9297,1781100002.870273,normal
9298,1781100002.871792,udp_reflection
9299,1781100002.873769,normal
9300,1781100002.875945,udp_reflection
9301,1781100002.878716,normal
9302,1781100002.881201,normal
9303,1781100002.883533,normal
9304,1781100002.885633,normal
9305,1781100002.887923,normal
9306,1781100002.889935,normal
9307,1781100002.892001,http_flood
9308,1781100002.894489,normal
9309,1781100002.896732,normal
9310,1781100002.899143,normal
9311,1781100002.901679,normal
9312,1781100002.904121,normal
9313,1781100002.906079,normal
9314,1781100002.909802,normal
9315,1781100002.911495,normal
9316,1781100002.914621,normal
9317,1781100002.916493,normal
9318,1781100002.918737,normal
9319,1781100002.921452,normal
9320,1781100002.924077,normal
9321,1781100002.925571,normal
9322,1781100002.928878,normal
9323,1781100002.931897,normal
9324,1781100002.933760,normal
9325,1781100002.935142,normal
9326,1781100002.937105,normal
9327,1781100002.938808,syn_flood
9328,1781100002.940847,normal
9329,1781100002.942824,normal
9330,1781100002.945032,normal
9331,1781100002.947663,normal
9332,1781100002.949713,normal
9333,1781100002.951203,normal
9334,1781100002.953594,normal
9335,1781100002.955613,normal
9336,1781100002.958596,normal
9337,1781100002.960947,normal
9338,1781100002.962691,normal
9339,1781100002.964263,normal
9340,1781100002.966180,normal
9341,1781100002.967701,normal
9342,1781100002.969087,normal
9343,1781100002.970909,normal
9344,1781100002.973375,normal
9345,1781100002.976194,normal
9346,1781100002.977882,normal
9347,1781100002.979690,normal
9348,1781100002.981307,normal
9349,1781100002.982723,normal
9350,1781100002.985074,normal
9351,1781100002.986582,normal
9352,1781100002.990062,normal
9353,1781100002.992294,normal
9354,1781100002.994431,normal
9355,1781100002.997430,syn_flood
9356,1781100002.999598,normal
9357,1781100003.003842,normal
9358,1781100003.005702,normal
9359,1781100003.007990,normal
9360,1781100003.009911,normal
9361,1781100003.011453,normal
9362,1781100003.013535,normal
9363,1781100003.015358,normal
9364,1781100003.018427,normal
9365,1781100003.020230,normal
9366,1781100003.023085,normal
9367,1781100003.024764,normal
9368,1781100003.027091,normal
9369,1781100003.029739,normal
9370,1781100003.032100,udp_reflection
9371,1781100003.034235,normal
9372,1781100003.037310,normal
9373,1781100003.039656,udp_reflection
9374,1781100003.041368,normal
9375,1781100003.043943,normal
9376,1781100003.046274,normal
9377,1781100003.048606,normal
9378,1781100003.050615,normal
9379,1781100003.053480,normal
9380,1781100003.055977,normal
9381,1781100003.057792,normal
9382,1781100003.059873,normal
9383,1781100003.062486,normal
9384,1781100003.064063,normal
9385,1781100003.065699,normal
9386,1781100003.068000,normal
9387,1781100003.070385,normal
9388,1781100003.072460,normal
9389,1781100003.074783,normal
9390,1781100003.076716,normal
9391,1781100003.079099,normal
9392,1781100003.082076,normal
9393,1781100003.084817,normal
9394,1781100003.087056,normal
9395,1781100003.088530,udp_reflection
9396,1781100003.091521,normal
9397,1781100003.093627,normal
9398,1781100003.095577,normal
9399,1781100003.097081,udp_reflection
9400,1781100003.099172,normal
9401,1781100003.102086,normal
9402,1781100003.103581,normal
9403,1781100003.105315,normal
9404,1781100003.108254,normal
9405,1781100003.109443,normal
9406,1781100003.111919,normal
9407,1781100003.113262,normal
9408,1781100003.115228,normal
9409,1781100003.118136,normal
9410,1781100003.120485,normal
9411,1781100003.122543,normal
9412,1781100003.124810,normal
9413,1781100003.126487,normal
9414,1781100003.128178,normal
9415,1781100003.130498,normal
9416,1781100003.132274,http_flood
9417,1781100003.134346,normal
9418,1781100003.136885,normal
9419,1781100003.138825,normal
9420,1781100003.140700,normal
9421,1781100003.143112,normal
9422,1781100003.145607,normal
9423,1781100003.147194,normal
9424,1781100003.149640,syn_flood
9425,1781100003.152188,normal
9426,1781100003.153976,normal
9427,1781100003.158352,normal
9428,1781100003.160120,normal
9429,1781100003.163069,normal
9430,1781100003.164617,normal
9431,1781100003.166777,normal
9432,1781100003.169161,normal
9433,1781100003.171565,normal
9434,1781100003.174342,normal
9435,1781100003.176666,normal
9436,1781100003.179441,normal
9437,1781100003.182250,normal
9438,1781100003.184961,normal
9439,1781100003.187820,normal
9440,1781100003.190486,normal
9441,1781100003.193089,normal
9442,1781100003.195254,normal
9443,1781100003.196623,normal
9444,1781100003.198701,normal
9445,1781100003.200940,normal
9446,1781100003.203117,normal
9447,1781100003.205444,normal
9448,1781100003.207670,normal
9449,1781100003.209769,normal
9450,1781100003.211609,normal
9451,1781100003.213514,normal
9452,1781100003.216379,normal
9453,1781100003.218081,udp_reflection
9454,1781100003.219969,normal
9455,1781100003.222852,normal
9456,1781100003.225139,normal
9457,1781100003.228699,normal
9458,1781100003.232684,normal
9459,1781100003.234716,normal
9460,1781100003.236199,http_flood
9461,1781100003.239032,normal
9462,1781100003.241768,http_flood
9463,1781100003.244053,normal
9464,1781100003.245948,normal
9465,1781100003.248910,normal
9466,1781100003.251034,normal
9467,1781100003.252875,udp_reflection
9468,1781100003.254677,normal
9469,1781100003.256475,normal
9470,1781100003.259277,normal
9471,1781100003.261006,normal
9472,1781100003.262750,normal
9473,1781100003.265494,normal
9474,1781100003.266880,normal
9475,1781100003.268538,normal
9476,1781100003.270480,normal
9477,1781100003.272646,normal
9478,1781100003.274712,normal
9479,1781100003.276970,normal
9480,1781100003.279177,normal
9481,1781100003.281761,normal
9482,1781100003.284054,normal
9483,1781100003.286355,http_flood
9484,1781100003.288823,normal
9485,1781100003.290756,normal
9486,1781100003.293226,http_flood
9487,1781100003.294318,normal
9488,1781100003.296408,normal
9489,1781100003.298793,normal
9490,1781100003.301244,normal
9491,1781100003.303478,normal
9492,1781100003.305566,http_flood
9493,1781100003.307731,normal
9494,1781100003.310005,normal
9495,1781100003.311805,normal
9496,1781100003.313932,http_flood
9497,1781100003.316889,normal
9498,1781100003.319259,normal
9499,1781100003.322194,normal
9500,1781100003.324650,normal
9501,1781100003.326377,syn_flood
9502,1781100003.327806,normal
9503,1781100003.330026,normal
9504,1781100003.331887,normal
9505,1781100003.333728,normal
9506,1781100003.336482,http_flood
9507,1781100003.339463,normal
9508,1781100003.341559,normal
9509,1781100003.343362,normal
9510,1781100003.345819,http_flood
9511,1781100003.347935,normal
9512,1781100003.350403,normal
9513,1781100003.351813,normal
9514,1781100003.354053,normal
9515,1781100003.356275,normal
9516,1781100003.358202,udp_reflection
9517,1781100003.361446,normal
9518,1781100003.363689,normal
9519,1781100003.365825,normal
9520,1781100003.368212,normal
9521,1781100003.370652,normal
9522,1781100003.372789,normal
9523,1781100003.374705,http_flood
9524,1781100003.376733,udp_reflection
9525,1781100003.378738,normal
9526,1781100003.380798,normal
9527,1781100003.382549,normal
9528,1781100003.384253,normal
9529,1781100003.385430,udp_reflection
9530,1781100003.386982,syn_flood
9531,1781100003.389132,normal
9532,1781100003.391252,normal
9533,1781100003.393568,normal
9534,1781100003.395710,normal
9535,1781100003.397829,normal
9536,1781100003.399226,normal
9537,1781100003.401547,normal
9538,1781100003.403779,normal
9539,1781100003.406167,normal
9540,1781100003.407974,normal
9541,1781100003.409959,http_flood
9542,1781100003.411702,normal
9543,1781100003.413953,normal
9544,1781100003.416203,normal
9545,1781100003.418031,normal
9546,1781100003.421704,http_flood
9547,1781100003.424204,normal
9548,1781100003.426895,normal
9549,1781100003.429096,normal
9550,1781100003.431166,normal
9551,1781100003.434144,normal
9552,1781100003.436794,normal
9553,1781100003.438626,normal
9554,1781100003.441418,normal
9555,1781100003.442833,normal
9556,1781100003.444929,normal
9557,1781100003.447234,normal
9558,1781100003.449048,normal
9559,1781100003.450800,normal
9560,1781100003.453083,normal
9561,1781100003.455388,udp_reflection
9562,1781100003.457365,normal
9563,1781100003.459841,normal
9564,1781100003.461782,normal
9565,1781100003.463026,normal
9566,1781100003.465386,normal
9567,1781100003.467072,normal
9568,1781100003.469369,udp_reflection
9569,1781100003.472114,normal
9570,1781100003.475217,normal
9571,1781100003.476592,normal
9572,1781100003.479859,normal
9573,1781100003.481915,normal
9574,1781100003.484076,normal
9575,1781100003.487471,normal
9576,1781100003.489223,normal
9577,1781100003.491081,normal
9578,1781100003.493096,normal
9579,1781100003.495363,udp_reflection
9580,1781100003.497880,normal
9581,1781100003.499081,normal
9582,1781100003.501317,normal
9583,1781100003.502824,normal
9584,1781100003.505304,normal
9585,1781100003.507110,normal
9586,1781100003.508814,normal
9587,1781100003.510476,normal
9588,1781100003.512739,normal
9589,1781100003.515361,normal
9590,1781100003.516869,normal
9591,1781100003.519350,http_flood
9592,1781100003.521693,normal
9593,1781100003.523785,normal
9594,1781100003.525859,http_flood
9595,1781100003.528433,udp_reflection
9596,1781100003.530157,http_flood
9597,1781100003.532495,normal
9598,1781100003.534651,normal
9599,1781100003.536681,normal
9600,1781100003.539040,normal
9601,1781100003.541652,syn_flood
9602,1781100003.545001,normal
9603,1781100003.548183,udp_reflection
9604,1781100003.550960,normal
9605,1781100003.552718,syn_flood
9606,1781100003.554358,normal
9607,1781100003.555986,normal
9608,1781100003.558303,syn_flood
9609,1781100003.560584,normal
9610,1781100003.563166,normal
9611,1781100003.565206,normal
9612,1781100003.567666,normal
9613,1781100003.569848,normal
9614,1781100003.571292,normal
9615,1781100003.573373,normal
9616,1781100003.575440,normal
9617,1781100003.577442,normal
9618,1781100003.580099,normal
9619,1781100003.582529,normal
9620,1781100003.584849,normal
9621,1781100003.587497,normal
9622,1781100003.590801,normal
9623,1781100003.593037,normal
9624,1781100003.595421,normal
9625,1781100003.597852,normal
9626,1781100003.600696,normal
9627,1781100003.602746,normal
9628,1781100003.604726,normal
9629,1781100003.606706,normal
9630,1781100003.608217,normal
9631,1781100003.610439,normal
9632,1781100003.612649,normal
9633,1781100003.614977,normal
9634,1781100003.617241,normal
9635,1781100003.619244,normal
9636,1781100003.622923,normal
9637,1781100003.624655,normal
9638,1781100003.626844,normal
9639,1781100003.628462,normal
9640,1781100003.630445,normal
9641,1781100003.632817,normal
9642,1781100003.634758,normal
9643,1781100003.636698,normal
9644,1781100003.639140,normal
9645,1781100003.641897,normal
9646,1781100003.644016,normal
9647,1781100003.646277,normal
9648,1781100003.648997,normal
9649,1781100003.651144,normal
9650,1781100003.653696,normal
9651,1781100003.656391,syn_flood
9652,1781100003.658266,normal
9653,1781100003.660106,normal
9654,1781100003.662356,normal
9655,1781100003.664593,normal
9656,1781100003.666987,normal
9657,1781100003.668756,normal
9658,1781100003.671061,normal
9659,1781100003.673413,normal
9660,1781100003.675149,udp_reflection
9661,1781100003.677034,http_flood
9662,1781100003.679754,normal
9663,1781100003.683542,normal
9664,1781100003.685251,normal
9665,1781100003.686862,normal
9666,1781100003.688454,udp_reflection
9667,1781100003.690974,normal
9668,1781100003.693755,normal
9669,1781100003.696409,normal
9670,1781100003.699369,normal
9671,1781100003.701415,normal
9672,1781100003.703292,udp_reflection
9673,1781100003.705933,normal
9674,1781100003.707410,syn_flood
9675,1781100003.709676,normal
9676,1781100003.710960,normal
9677,1781100003.713351,normal
9678,1781100003.715725,normal
9679,1781100003.718081,normal
9680,1781100003.720534,normal
9681,1781100003.722304,syn_flood
9682,1781100003.724406,normal
9683,1781100003.727444,normal
9684,1781100003.729644,normal
9685,1781100003.732517,normal
9686,1781100003.735630,syn_flood
9687,1781100003.737766,normal
9688,1781100003.740497,normal
9689,1781100003.742661,normal
9690,1781100003.745617,normal
9691,1781100003.748907,http_flood
9692,1781100003.751822,normal
9693,1781100003.753854,normal
9694,1781100003.755764,normal
9695,1781100003.757660,normal
9696,1781100003.760142,normal
9697,1781100003.762378,normal
9698,1781100003.764411,normal
9699,1781100003.766142,normal
9700,1781100003.767940,udp_reflection
9701,1781100003.769698,normal
9702,1781100003.772207,http_flood
9703,1781100003.774086,normal
9704,1781100003.775858,normal
9705,1781100003.777866,normal
9706,1781100003.781056,normal
9707,1781100003.783367,normal
9708,1781100003.785944,normal
9709,1781100003.788952,normal
9710,1781100003.790742,normal
9711,1781100003.793136,udp_reflection
9712,1781100003.795762,normal
9713,1781100003.797733,normal
9714,1781100003.800975,normal
9715,1781100003.803112,normal
9716,1781100003.805756,normal
9717,1781100003.809003,normal
9718,1781100003.810785,normal
9719,1781100003.813348,normal
9720,1781100003.815605,normal
9721,1781100003.817403,normal
9722,1781100003.819483,normal
9723,1781100003.821813,normal
9724,1781100003.823223,normal
9725,1781100003.825317,http_flood
9726,1781100003.828602,normal
9727,1781100003.831343,normal
9728,1781100003.833389,normal
9729,1781100003.835145,normal
9730,1781100003.838241,normal
9731,1781100003.839819,normal
9732,1781100003.842522,normal
9733,1781100003.844863,normal
9734,1781100003.846140,normal
9735,1781100003.848710,syn_flood
9736,1781100003.850618,normal
9737,1781100003.853417,normal
9738,1781100003.855915,normal
9739,1781100003.857564,normal
9740,1781100003.859726,normal
9741,1781100003.862557,normal
9742,1781100003.865745,normal
9743,1781100003.867856,normal
9744,1781100003.869885,normal
9745,1781100003.871760,normal
9746,1781100003.874212,normal
9747,1781100003.876680,normal
9748,1781100003.879716,normal
9749,1781100003.881799,normal
9750,1781100003.883446,normal
9751,1781100003.886298,normal
9752,1781100003.888093,normal
9753,1781100003.890680,udp_reflection
9754,1781100003.893394,normal
9755,1781100003.895485,normal
9756,1781100003.897704,syn_flood
9757,1781100003.899200,normal
9758,1781100003.901172,normal
9759,1781100003.903168,normal
9760,1781100003.905598,normal
9761,1781100003.907682,normal
9762,1781100003.910350,syn_flood
9763,1781100003.912852,udp_reflection
9764,1781100003.916080,normal
9765,1781100003.918353,normal
9766,1781100003.920135,normal
9767,1781100003.922191,normal
9768,1781100003.924085,normal
9769,1781100003.925888,normal
9770,1781100003.928160,normal
9771,1781100003.930787,http_flood
9772,1781100003.933216,normal
9773,1781100003.935457,normal
9774,1781100003.937899,normal
9775,1781100003.939877,normal
9776,1781100003.942106,normal
9777,1781100003.944138,normal
9778,1781100003.945433,normal
9779,1781100003.947407,normal
9780,1781100003.949275,normal
9781,1781100003.950915,udp_reflection
9782,1781100003.953141,normal
9783,1781100003.954586,normal
9784,1781100003.956820,normal
9785,1781100003.959339,normal
9786,1781100003.961355,normal
9787,1781100003.963605,normal
9788,1781100003.965648,udp_reflection
9789,1781100003.967607,normal
9790,1781100003.969563,normal
9791,1781100003.972682,normal
9792,1781100003.974494,normal
9793,1781100003.976755,normal
9794,1781100003.978638,normal
9795,1781100003.980251,normal
9796,1781100003.981982,normal
9797,1781100003.983875,normal
9798,1781100003.986418,normal
9799,1781100003.988120,normal
9800,1781100003.990583,normal
9801,1781100003.993402,http_flood
9802,1781100003.995291,udp_reflection
9803,1781100003.997031,normal
9804,1781100003.998841,normal
9805,1781100004.001453,normal
9806,1781100004.003377,normal
9807,1781100004.005215,normal
9808,1781100004.006804,normal
9809,1781100004.009111,normal
9810,1781100004.011104,normal
9811,1781100004.013582,normal
9812,1781100004.015444,syn_flood
9813,1781100004.017865,normal
9814,1781100004.019924,normal
9815,1781100004.022176,udp_reflection
9816,1781100004.024291,normal
9817,1781100004.026779,normal
9818,1781100004.028551,normal
9819,1781100004.029860,normal
9820,1781100004.031909,normal
9821,1781100004.034149,http_flood
9822,1781100004.037767,normal
9823,1781100004.038822,http_flood
9824,1781100004.040810,normal
9825,1781100004.043698,normal
9826,1781100004.045502,normal
9827,1781100004.047535,normal
9828,1781100004.049921,normal
9829,1781100004.052379,normal
9830,1781100004.054194,normal
9831,1781100004.056266,normal
9832,1781100004.060061,normal
9833,1781100004.062227,normal
9834,1781100004.064696,normal
9835,1781100004.067200,normal
9836,1781100004.069191,normal
9837,1781100004.071835,normal
9838,1781100004.074426,normal
9839,1781100004.076141,normal
9840,1781100004.077822,normal
9841,1781100004.080572,normal
9842,1781100004.083061,normal
9843,1781100004.085451,normal
9844,1781100004.087256,normal
9845,1781100004.090565,normal
9846,1781100004.092307,normal
9847,1781100004.095324,normal
9848,1781100004.096990,normal
9849,1781100004.098945,normal
9850,1781100004.101354,normal
9851,1781100004.102762,normal
9852,1781100004.105380,normal
9853,1781100004.107686,syn_flood
9854,1781100004.109883,normal
9855,1781100004.111486,normal
9856,1781100004.112973,normal
9857,1781100004.114624,normal
9858,1781100004.117112,normal
9859,1781100004.119956,udp_reflection
9860,1781100004.122404,normal
9861,1781100004.124283,normal
9862,1781100004.126222,normal
9863,1781100004.127813,normal
9864,1781100004.130009,normal
9865,1781100004.131881,normal
9866,1781100004.134133,normal
9867,1781100004.135652,normal
9868,1781100004.137378,normal
9869,1781100004.139309,normal
9870,1781100004.141076,normal
9871,1781100004.143598,normal
9872,1781100004.146804,normal
9873,1781100004.148251,normal
9874,1781100004.150827,udp_reflection
9875,1781100004.153142,normal
9876,1781100004.154495,normal
9877,1781100004.156793,normal
9878,1781100004.159724,normal
9879,1781100004.161852,normal
9880,1781100004.163544,normal
9881,1781100004.165525,normal
9882,1781100004.167321,normal
9883,1781100004.168692,normal
9884,1781100004.171428,normal
9885,1781100004.173815,normal
9886,1781100004.175373,syn_flood
9887,1781100004.177763,normal
9888,1781100004.179419,normal
9889,1781100004.183003,syn_flood
9890,1781100004.185754,normal
9891,1781100004.187380,normal
9892,1781100004.190579,normal
9893,1781100004.192654,normal
9894,1781100004.194538,normal
9895,1781100004.196692,normal
9896,1781100004.199148,normal
9897,1781100004.201503,normal
9898,1781100004.203347,normal
9899,1781100004.205233,normal
9900,1781100004.207744,normal
9901,1781100004.210752,normal
9902,1781100004.212280,normal
9903,1781100004.214076,normal
9904,1781100004.215581,normal
9905,1781100004.218291,normal
9906,1781100004.219995,normal
9907,1781100004.222788,normal
9908,1781100004.224551,normal
9909,1781100004.226578,normal
9910,1781100004.228729,normal
9911,1781100004.231164,syn_flood
9912,1781100004.234160,normal
9913,1781100004.235729,normal
9914,1781100004.238041,syn_flood
9915,1781100004.240176,syn_flood
9916,1781100004.242208,normal
9917,1781100004.244922,normal
9918,1781100004.247073,normal
9919,1781100004.248863,normal
9920,1781100004.251321,normal
9921,1781100004.253404,normal
9922,1781100004.256339,normal
9923,1781100004.259588,normal
9924,1781100004.261875,normal
9925,1781100004.263982,normal
9926,1781100004.265607,normal
9927,1781100004.268087,normal
9928,1781100004.269729,normal
9929,1781100004.273005,normal
9930,1781100004.275142,http_flood
9931,1781100004.276881,normal
9932,1781100004.279414,normal
9933,1781100004.282037,normal
9934,1781100004.284081,normal
9935,1781100004.286386,normal
9936,1781100004.288070,normal
9937,1781100004.289306,normal
9938,1781100004.291307,normal
9939,1781100004.292721,udp_reflection
9940,1781100004.295164,normal
9941,1781100004.296786,normal
9942,1781100004.299060,normal
9943,1781100004.300664,udp_reflection
9944,1781100004.302211,normal
9945,1781100004.304705,normal
9946,1781100004.307178,normal
9947,1781100004.309651,normal
9948,1781100004.311458,normal
9949,1781100004.312822,normal
9950,1781100004.316376,normal
9951,1781100004.318512,normal
9952,1781100004.319941,normal
9953,1781100004.321507,udp_reflection
9954,1781100004.323084,normal
9955,1781100004.325198,normal
9956,1781100004.326723,normal
9957,1781100004.329252,normal
9958,1781100004.331367,normal
9959,1781100004.333805,normal
9960,1781100004.335636,normal
9961,1781100004.338019,normal
9962,1781100004.341226,udp_reflection
9963,1781100004.342710,normal
9964,1781100004.344713,normal
9965,1781100004.347358,normal
9966,1781100004.349560,normal
9967,1781100004.351950,normal
9968,1781100004.354316,normal
9969,1781100004.356136,normal
9970,1781100004.359159,normal
9971,1781100004.361413,normal
9972,1781100004.362994,normal
9973,1781100004.365218,normal
9974,1781100004.367034,normal
9975,1781100004.368938,normal
9976,1781100004.371133,normal
9977,1781100004.373022,http_flood
9978,1781100004.374958,normal
9979,1781100004.377836,normal
9980,1781100004.379549,normal
9981,1781100004.381187,normal
9982,1781100004.383324,normal
9983,1781100004.384747,normal
9984,1781100004.387501,normal
9985,1781100004.389677,normal
9986,1781100004.391724,normal
9987,1781100004.394361,syn_flood
9988,1781100004.396620,normal
9989,1781100004.397984,normal
9990,1781100004.400325,normal
9991,1781100004.402837,normal
9992,1781100004.404713,normal
9993,1781100004.406599,normal
9994,1781100004.408959,normal
9995,1781100004.411191,normal
9996,1781100004.414083,normal
9997,1781100004.416800,normal
9998,1781100004.420115,normal
9999,1781100004.422469,http_flood
10000,1781100004.424766,normal
10001,1781100004.426978,normal
10002,1781100004.429508,normal
10003,1781100004.432147,normal
10004,1781100004.434927,normal
10005,1781100004.436545,normal
10006,1781100004.439465,http_flood
10007,1781100004.441869,normal
10008,1781100004.444405,udp_reflection
10009,1781100004.446582,normal
10010,1781100004.448655,normal
10011,1781100004.451771,normal
10012,1781100004.454542,normal
10013,1781100004.456802,normal
10014,1781100004.459011,normal
10015,1781100004.461829,normal
10016,1781100004.464317,normal
10017,1781100004.466593,normal
10018,1781100004.468606,http_flood
10019,1781100004.470208,normal
10020,1781100004.472121,normal
10021,1781100004.474585,normal
10022,1781100004.476607,normal
10023,1781100004.478386,normal
10024,1781100004.479884,normal
10025,1781100004.481468,normal
10026,1781100004.483671,normal
10027,1781100004.485775,normal
10028,1781100004.488189,normal
10029,1781100004.490134,normal
10030,1781100004.492985,normal
10031,1781100004.495336,normal
10032,1781100004.496971,syn_flood
10033,1781100004.500196,normal
10034,1781100004.503180,http_flood
10035,1781100004.505225,udp_reflection
10036,1781100004.507207,udp_reflection
10037,1781100004.509455,normal
10038,1781100004.511926,normal
10039,1781100004.512964,normal
10040,1781100004.514720,normal
10041,1781100004.516365,normal
10042,1781100004.518214,normal
10043,1781100004.520469,normal
10044,1781100004.522626,syn_flood
10045,1781100004.524683,normal
10046,1781100004.526902,normal
10047,1781100004.528873,normal
10048,1781100004.532341,normal
10049,1781100004.534620,normal
10050,1781100004.536970,normal
10051,1781100004.539808,normal
10052,1781100004.541862,normal
10053,1781100004.544247,normal
10054,1781100004.546081,normal
10055,1781100004.548099,normal
10056,1781100004.549949,normal
10057,1781100004.552576,normal
10058,1781100004.554011,normal
10059,1781100004.555166,normal
10060,1781100004.557276,normal
10061,1781100004.558700,normal
10062,1781100004.561676,normal
10063,1781100004.563149,normal
10064,1781100004.565088,normal
10065,1781100004.567940,udp_reflection
10066,1781100004.570322,normal
10067,1781100004.572124,http_flood
10068,1781100004.574364,normal
10069,1781100004.576780,syn_flood
10070,1781100004.578381,normal
10071,1781100004.579810,syn_flood
10072,1781100004.581632,normal
10073,1781100004.583737,normal
10074,1781100004.585830,normal
10075,1781100004.589427,normal
10076,1781100004.591888,normal
10077,1781100004.594763,normal
10078,1781100004.596991,normal
10079,1781100004.599124,normal
10080,1781100004.601118,normal
10081,1781100004.603527,normal
10082,1781100004.606110,normal
10083,1781100004.608437,normal
10084,1781100004.609971,normal
10085,1781100004.612893,normal
10086,1781100004.614695,normal
10087,1781100004.616874,normal
10088,1781100004.618196,normal
10089,1781100004.619749,normal
10090,1781100004.621850,normal
10091,1781100004.624447,normal
10092,1781100004.625780,normal
10093,1781100004.627186,normal
10094,1781100004.629649,normal
10095,1781100004.631305,normal
10096,1781100004.632942,normal
10097,1781100004.636038,normal
10098,1781100004.638451,normal
10099,1781100004.640991,normal
10100,1781100004.642879,syn_flood
10101,1781100004.645442,normal
10102,1781100004.647293,normal
10103,1781100004.649583,normal
10104,1781100004.650854,udp_reflection
10105,1781100004.652816,normal
10106,1781100004.655000,normal
10107,1781100004.656567,normal
10108,1781100004.659469,normal
10109,1781100004.662081,normal
10110,1781100004.664742,normal
10111,1781100004.666086,udp_reflection
10112,1781100004.668557,normal
10113,1781100004.670128,normal
10114,1781100004.672318,normal
10115,1781100004.674661,http_flood
10116,1781100004.675994,normal
10117,1781100004.679549,normal
10118,1781100004.683121,normal
10119,1781100004.685392,normal
10120,1781100004.687287,normal
10121,1781100004.688498,normal
10122,1781100004.690831,normal
10123,1781100004.692768,normal
10124,1781100004.694893,normal
10125,1781100004.697366,normal
10126,1781100004.699286,normal
10127,1781100004.701455,normal
10128,1781100004.703283,normal
10129,1781100004.705960,normal
10130,1781100004.708342,normal
10131,1781100004.710596,normal
10132,1781100004.713221,normal
10133,1781100004.715601,normal
10134,1781100004.717614,normal
10135,1781100004.719432,udp_reflection
10136,1781100004.721137,syn_flood
10137,1781100004.722956,normal
10138,1781100004.724600,normal
10139,1781100004.726461,http_flood
10140,1781100004.728396,normal
10141,1781100004.731368,normal
10142,1781100004.733142,normal
10143,1781100004.735519,normal
10144,1781100004.737251,normal
10145,1781100004.739486,normal
10146,1781100004.741754,normal
10147,1781100004.744056,http_flood
10148,1781100004.745378,normal
10149,1781100004.748557,normal
10150,1781100004.750204,normal
10151,1781100004.753111,normal
10152,1781100004.755293,normal
10153,1781100004.757062,normal
10154,1781100004.759191,normal
10155,1781100004.761302,normal
10156,1781100004.765080,normal
10157,1781100004.766743,udp_reflection
10158,1781100004.769567,normal
10159,1781100004.771307,normal
10160,1781100004.772775,normal
10161,1781100004.775154,normal
10162,1781100004.776907,normal
10163,1781100004.779024,normal
10164,1781100004.780537,normal
10165,1781100004.781947,normal
10166,1781100004.784165,normal
10167,1781100004.786289,normal
10168,1781100004.788549,normal
10169,1781100004.790161,normal
10170,1781100004.791700,normal
10171,1781100004.793586,normal
10172,1781100004.795297,normal
10173,1781100004.797344,normal
10174,1781100004.799165,normal
10175,1781100004.801222,normal
10176,1781100004.803264,normal
10177,1781100004.806383,normal
10178,1781100004.807777,normal
10179,1781100004.810348,syn_flood
10180,1781100004.813494,normal
10181,1781100004.815828,normal
10182,1781100004.817480,normal
10183,1781100004.819775,normal
10184,1781100004.822170,normal
10185,1781100004.824033,normal
10186,1781100004.825948,normal
10187,1781100004.828507,normal
10188,1781100004.829904,normal
10189,1781100004.831729,normal
10190,1781100004.833371,normal
10191,1781100004.835332,normal
10192,1781100004.837329,normal
10193,1781100004.839458,normal
10194,1781100004.843272,normal
10195,1781100004.845687,normal
10196,1781100004.847280,normal
10197,1781100004.849781,udp_reflection
10198,1781100004.852350,normal
10199,1781100004.853926,normal
10200,1781100004.856221,normal
10201,1781100004.857974,normal
10202,1781100004.860820,normal
10203,1781100004.862963,normal
10204,1781100004.865125,normal
10205,1781100004.868136,normal
10206,1781100004.872041,normal
10207,1781100004.874245,normal
10208,1781100004.876088,normal
10209,1781100004.877058,normal
10210,1781100004.878638,normal
10211,1781100004.881657,normal
10212,1781100004.884475,udp_reflection
10213,1781100004.886564,normal
10214,1781100004.888218,normal
10215,1781100004.890674,normal
10216,1781100004.893496,normal
10217,1781100004.895768,normal
10218,1781100004.897943,normal
10219,1781100004.900604,normal
10220,1781100004.902398,normal
10221,1781100004.904438,normal
10222,1781100004.905473,syn_flood
10223,1781100004.908277,normal
10224,1781100004.910171,normal
10225,1781100004.912748,normal
10226,1781100004.915261,normal
10227,1781100004.917807,normal
10228,1781100004.919903,udp_reflection
10229,1781100004.922280,normal
10230,1781100004.924669,normal
10231,1781100004.926324,normal
10232,1781100004.928527,normal
10233,1781100004.930683,normal
10234,1781100004.933488,normal
10235,1781100004.936299,normal
10236,1781100004.938038,normal
10237,1781100004.939970,normal
10238,1781100004.941158,normal
10239,1781100004.942789,normal
10240,1781100004.945065,normal
10241,1781100004.946396,normal
10242,1781100004.949153,normal
10243,1781100004.951133,normal
10244,1781100004.953031,normal
10245,1781100004.954733,normal
10246,1781100004.957407,normal
10247,1781100004.959659,normal
10248,1781100004.961718,normal
10249,1781100004.963282,normal
10250,1781100004.965661,normal
10251,1781100004.968136,normal
10252,1781100004.969667,normal
10253,1781100004.971102,normal
10254,1781100004.973681,normal
10255,1781100004.975811,normal
10256,1781100004.977483,normal
10257,1781100004.979535,normal
10258,1781100004.982531,normal
10259,1781100004.985027,normal
10260,1781100004.987267,normal
10261,1781100004.989443,normal
10262,1781100004.992010,udp_reflection
10263,1781100004.993488,normal
10264,1781100004.996788,normal
10265,1781100004.999320,normal
10266,1781100005.001586,normal
10267,1781100005.003876,normal
10268,1781100005.006453,udp_reflection
10269,1781100005.008629,normal
10270,1781100005.010790,normal
10271,1781100005.013834,normal
10272,1781100005.016163,normal
10273,1781100005.018215,normal
10274,1781100005.020499,normal
10275,1781100005.022503,syn_flood
10276,1781100005.024627,normal
10277,1781100005.027263,normal
10278,1781100005.029274,normal
10279,1781100005.031207,normal
10280,1781100005.032597,udp_reflection
10281,1781100005.034580,http_flood
10282,1781100005.037526,normal
10283,1781100005.040236,normal
10284,1781100005.042104,normal
10285,1781100005.045325,http_flood
10286,1781100005.047572,normal
10287,1781100005.049077,normal
10288,1781100005.051405,normal
10289,1781100005.053843,normal
10290,1781100005.056029,normal
10291,1781100005.058930,normal
10292,1781100005.060222,normal
10293,1781100005.062405,normal
10294,1781100005.064776,normal
10295,1781100005.066778,normal
10296,1781100005.068776,normal
10297,1781100005.070648,normal
10298,1781100005.073621,normal
10299,1781100005.076495,normal
10300,1781100005.079227,normal
10301,1781100005.081047,normal
10302,1781100005.083174,normal
10303,1781100005.085196,normal
10304,1781100005.087043,normal
10305,1781100005.088904,normal
10306,1781100005.091545,normal
10307,1781100005.094728,udp_reflection
10308,1781100005.096115,normal
10309,1781100005.098962,normal
10310,1781100005.100832,normal
10311,1781100005.103365,syn_flood
10312,1781100005.105083,normal
10313,1781100005.106829,normal
10314,1781100005.108808,normal
10315,1781100005.110624,syn_flood
10316,1781100005.113156,udp_reflection
10317,1781100005.115643,normal
10318,1781100005.118213,normal
10319,1781100005.121165,http_flood
10320,1781100005.123730,normal
10321,1781100005.125236,normal
10322,1781100005.127566,normal
10323,1781100005.130298,normal
10324,1781100005.132190,normal
10325,1781100005.134501,normal
10326,1781100005.137072,normal
10327,1781100005.139349,normal
10328,1781100005.142899,normal
10329,1781100005.144919,normal
10330,1781100005.147168,normal
10331,1781100005.148736,normal
10332,1781100005.150364,normal
10333,1781100005.152586,normal
10334,1781100005.155102,normal
10335,1781100005.157250,normal
10336,1781100005.159195,normal
10337,1781100005.161952,normal
10338,1781100005.164097,normal
10339,1781100005.166600,normal
10340,1781100005.168377,normal
10341,1781100005.170244,udp_reflection
10342,1781100005.172195,normal
10343,1781100005.174410,normal
10344,1781100005.176539,normal
10345,1781100005.178505,normal
10346,1781100005.180475,normal
10347,1781100005.182467,udp_reflection
10348,1781100005.184014,normal
10349,1781100005.185786,normal
10350,1781100005.186820,normal
10351,1781100005.190153,normal
10352,1781100005.192759,normal
10353,1781100005.194551,normal
10354,1781100005.197318,normal
10355,1781100005.199197,normal
10356,1781100005.201514,normal
10357,1781100005.204643,normal
10358,1781100005.206780,normal
10359,1781100005.208634,normal
10360,1781100005.209777,normal
10361,1781100005.212251,normal
10362,1781100005.214147,normal
10363,1781100005.216769,normal
10364,1781100005.219076,normal
10365,1781100005.221020,normal
10366,1781100005.223952,normal
10367,1781100005.225904,normal
10368,1781100005.227926,syn_flood
10369,1781100005.230600,normal
10370,1781100005.232645,normal
10371,1781100005.235337,http_flood
10372,1781100005.237516,http_flood
10373,1781100005.239000,normal
10374,1781100005.241064,normal
10375,1781100005.242586,normal
10376,1781100005.244810,normal
10377,1781100005.247013,normal
10378,1781100005.250160,normal
10379,1781100005.253083,normal
10380,1781100005.255509,normal
10381,1781100005.258225,normal
10382,1781100005.260757,normal
10383,1781100005.262181,normal
10384,1781100005.264689,normal
10385,1781100005.266481,normal
10386,1781100005.268056,normal
10387,1781100005.270823,normal
10388,1781100005.272399,http_flood
10389,1781100005.274472,normal
10390,1781100005.277224,normal
10391,1781100005.279685,normal
10392,1781100005.282269,normal
10393,1781100005.285387,normal
10394,1781100005.288535,normal
10395,1781100005.290704,syn_flood
10396,1781100005.293095,normal
10397,1781100005.294499,normal
10398,1781100005.296133,normal
10399,1781100005.298260,normal
10400,1781100005.299808,normal
10401,1781100005.302063,http_flood
10402,1781100005.304152,normal
10403,1781100005.305985,normal
10404,1781100005.308862,normal
10405,1781100005.311173,syn_flood
10406,1781100005.313614,normal
10407,1781100005.316612,normal
10408,1781100005.318601,normal
10409,1781100005.320276,normal
10410,1781100005.321890,normal
10411,1781100005.324010,normal
10412,1781100005.326853,normal
10413,1781100005.328838,normal
10414,1781100005.330976,normal
10415,1781100005.333007,normal
10416,1781100005.334056,normal
10417,1781100005.336642,normal
10418,1781100005.338724,normal
10419,1781100005.340367,normal
10420,1781100005.341903,normal
10421,1781100005.344085,normal
10422,1781100005.346380,normal
10423,1781100005.348785,normal
10424,1781100005.350636,normal
10425,1781100005.352762,normal
10426,1781100005.355292,normal
10427,1781100005.357049,normal
10428,1781100005.359781,normal
10429,1781100005.362483,normal
10430,1781100005.365242,normal
10431,1781100005.366783,normal
10432,1781100005.369756,syn_flood
10433,1781100005.372530,normal
10434,1781100005.375215,normal
10435,1781100005.377912,normal
10436,1781100005.379338,normal
10437,1781100005.381375,normal
10438,1781100005.383209,normal
10439,1781100005.385386,normal
10440,1781100005.387475,normal
10441,1781100005.389165,normal
10442,1781100005.391757,normal
10443,1781100005.393949,normal
10444,1781100005.395875,normal
10445,1781100005.397746,normal
10446,1781100005.399225,normal
10447,1781100005.402170,udp_reflection
10448,1781100005.404499,normal
10449,1781100005.407986,syn_flood
10450,1781100005.409377,normal
10451,1781100005.412266,normal
10452,1781100005.415810,normal
10453,1781100005.417564,normal
10454,1781100005.419211,normal
10455,1781100005.421874,syn_flood
10456,1781100005.422874,syn_flood
10457,1781100005.425661,normal
10458,1781100005.428170,normal
10459,1781100005.429906,normal
10460,1781100005.432258,normal
10461,1781100005.435316,normal
10462,1781100005.437824,normal
10463,1781100005.440150,normal
10464,1781100005.442095,normal
10465,1781100005.443242,normal
10466,1781100005.444825,http_flood
10467,1781100005.446561,normal
10468,1781100005.448265,normal
10469,1781100005.450471,normal
10470,1781100005.452795,normal
10471,1781100005.455027,normal
10472,1781100005.456487,normal
10473,1781100005.458285,normal
10474,1781100005.460323,normal
10475,1781100005.462232,normal
10476,1781100005.464193,normal
10477,1781100005.465839,normal
10478,1781100005.467207,normal
10479,1781100005.469062,http_flood
10480,1781100005.471666,normal
10481,1781100005.473734,normal
10482,1781100005.476470,normal
10483,1781100005.478213,normal
10484,1781100005.479736,normal
10485,1781100005.481597,normal
10486,1781100005.483704,normal
10487,1781100005.486274,udp_reflection
10488,1781100005.489070,normal
10489,1781100005.491087,normal
10490,1781100005.493085,normal
10491,1781100005.494790,normal
10492,1781100005.496830,normal
10493,1781100005.498533,http_flood
10494,1781100005.501177,normal
10495,1781100005.502830,normal
10496,1781100005.504770,normal
10497,1781100005.506987,normal
10498,1781100005.509279,normal
10499,1781100005.510834,normal
10500,1781100005.513021,http_flood
10501,1781100005.515258,normal
10502,1781100005.517029,normal
10503,1781100005.518828,normal
10504,1781100005.520279,normal
10505,1781100005.522562,normal
10506,1781100005.524958,normal
10507,1781100005.527415,normal
10508,1781100005.529127,normal
10509,1781100005.530572,normal
10510,1781100005.532860,normal
10511,1781100005.535156,udp_reflection
10512,1781100005.537299,normal
10513,1781100005.539043,normal
10514,1781100005.540513,normal
10515,1781100005.542665,normal
10516,1781100005.544832,normal
10517,1781100005.547213,udp_reflection
10518,1781100005.549376,normal
10519,1781100005.550931,normal
10520,1781100005.553243,normal
10521,1781100005.555146,normal
10522,1781100005.557162,normal
10523,1781100005.559785,normal
10524,1781100005.562233,normal
10525,1781100005.564102,normal
10526,1781100005.565996,normal
10527,1781100005.568834,normal
10528,1781100005.570599,normal
10529,1781100005.572738,normal
10530,1781100005.575171,normal
10531,1781100005.577536,normal
10532,1781100005.581082,normal
10533,1781100005.584093,normal
10534,1781100005.585908,normal
10535,1781100005.587614,normal
10536,1781100005.589835,syn_flood
10537,1781100005.591536,normal
10538,1781100005.594096,normal
10539,1781100005.595870,normal
10540,1781100005.597618,normal
10541,1781100005.599849,normal
10542,1781100005.601743,normal
10543,1781100005.603675,normal
10544,1781100005.605757,normal
10545,1781100005.607903,normal
10546,1781100005.609515,normal
10547,1781100005.610915,normal
10548,1781100005.613538,normal
10549,1781100005.615495,normal
10550,1781100005.617603,normal
10551,1781100005.619902,normal
10552,1781100005.621367,http_flood
10553,1781100005.624630,normal
10554,1781100005.627170,normal
10555,1781100005.629675,normal
10556,1781100005.631291,normal
10557,1781100005.633448,normal
10558,1781100005.635745,normal
10559,1781100005.637845,normal
10560,1781100005.639911,normal
10561,1781100005.642632,normal
10562,1781100005.644442,normal
10563,1781100005.646572,normal
10564,1781100005.649981,syn_flood
10565,1781100005.652365,normal
10566,1781100005.654411,normal
10567,1781100005.656717,normal
10568,1781100005.659475,normal
10569,1781100005.661401,normal
10570,1781100005.663434,normal
10571,1781100005.665929,normal
10572,1781100005.667691,udp_reflection
10573,1781100005.670547,normal
10574,1781100005.673732,normal
10575,1781100005.675392,normal
10576,1781100005.677665,normal
10577,1781100005.679427,syn_flood
10578,1781100005.681734,normal
10579,1781100005.683582,normal
10580,1781100005.685616,normal
10581,1781100005.688030,normal
10582,1781100005.690587,normal
10583,1781100005.693191,normal
10584,1781100005.695972,normal
10585,1781100005.697738,normal
10586,1781100005.699440,normal
10587,1781100005.701863,udp_reflection
10588,1781100005.704697,normal
10589,1781100005.706741,normal
10590,1781100005.708841,normal
10591,1781100005.711129,normal
10592,1781100005.713220,normal
10593,1781100005.714894,normal
10594,1781100005.717179,normal
10595,1781100005.719024,normal
10596,1781100005.721153,normal
10597,1781100005.722899,normal
10598,1781100005.725391,normal
10599,1781100005.727777,normal
10600,1781100005.729249,udp_reflection
10601,1781100005.730613,normal
10602,1781100005.733251,normal
10603,1781100005.737133,normal
10604,1781100005.739439,normal
10605,1781100005.741596,normal
10606,1781100005.743543,normal
10607,1781100005.745378,normal
10608,1781100005.747565,normal
10609,1781100005.749762,normal
10610,1781100005.751547,udp_reflection
10611,1781100005.753843,normal
10612,1781100005.755491,normal
10613,1781100005.757127,normal
10614,1781100005.758818,normal
10615,1781100005.761105,normal
10616,1781100005.762937,normal
10617,1781100005.764783,normal
10618,1781100005.766968,normal
10619,1781100005.769883,normal
10620,1781100005.772143,http_flood
10621,1781100005.774337,udp_reflection
10622,1781100005.776564,normal
10623,1781100005.778753,normal
10624,1781100005.780768,syn_flood
10625,1781100005.783450,normal
10626,1781100005.785429,normal
10627,1781100005.788064,normal
10628,1781100005.790918,normal
10629,1781100005.793065,normal
10630,1781100005.794967,normal
10631,1781100005.797927,normal
10632,1781100005.800460,normal
10633,1781100005.803635,normal
10634,1781100005.805314,normal
10635,1781100005.807386,normal
10636,1781100005.809303,normal
10637,1781100005.811218,normal
10638,1781100005.813270,normal
10639,1781100005.815397,normal
10640,1781100005.818036,normal
10641,1781100005.821094,normal
10642,1781100005.823159,normal
10643,1781100005.825752,normal
10644,1781100005.828271,normal
10645,1781100005.830097,normal
10646,1781100005.833480,normal
10647,1781100005.835797,normal
10648,1781100005.837753,normal
10649,1781100005.840178,normal
10650,1781100005.842983,normal
10651,1781100005.845840,normal
10652,1781100005.849080,normal
10653,1781100005.850788,normal
10654,1781100005.853327,http_flood
10655,1781100005.856384,normal
10656,1781100005.859382,normal
10657,1781100005.862446,normal
10658,1781100005.864480,normal
10659,1781100005.867284,normal
10660,1781100005.869436,normal
10661,1781100005.871042,normal
10662,1781100005.873453,normal
10663,1781100005.875105,normal
10664,1781100005.877908,normal
10665,1781100005.880144,normal
10666,1781100005.883367,normal
10667,1781100005.885840,normal
10668,1781100005.888039,normal
10669,1781100005.890152,http_flood
10670,1781100005.891916,normal
10671,1781100005.894604,normal
10672,1781100005.896663,normal
10673,1781100005.898693,normal
10674,1781100005.900188,http_flood
10675,1781100005.902306,http_flood
10676,1781100005.904757,udp_reflection
10677,1781100005.906809,normal
10678,1781100005.908391,normal
10679,1781100005.910238,normal
10680,1781100005.913129,normal
10681,1781100005.915575,normal
10682,1781100005.918362,syn_flood
10683,1781100005.920588,normal
10684,1781100005.923169,normal
10685,1781100005.925693,normal
10686,1781100005.927878,normal
10687,1781100005.930192,normal
10688,1781100005.932410,normal
10689,1781100005.935723,normal
10690,1781100005.938214,udp_reflection
10691,1781100005.940741,normal
10692,1781100005.942794,normal
10693,1781100005.944633,normal
10694,1781100005.946632,normal
10695,1781100005.948196,normal
10696,1781100005.950772,normal
10697,1781100005.952710,normal
10698,1781100005.955960,normal
10699,1781100005.958807,http_flood
10700,1781100005.960507,normal
10701,1781100005.962322,normal
10702,1781100005.965363,normal
10703,1781100005.967006,normal
10704,1781100005.970712,normal
10705,1781100005.973202,normal
10706,1781100005.976217,normal
10707,1781100005.977800,normal
10708,1781100005.980227,normal
10709,1781100005.982304,udp_reflection
10710,1781100005.984652,normal
10711,1781100005.987108,normal
10712,1781100005.989250,normal
10713,1781100005.991387,normal
10714,1781100005.993542,normal
10715,1781100005.995963,normal
10716,1781100005.997787,normal
10717,1781100005.999912,normal
10718,1781100006.002119,normal
10719,1781100006.004691,normal
10720,1781100006.006899,normal
10721,1781100006.009690,normal
10722,1781100006.011992,normal
10723,1781100006.014004,http_flood
10724,1781100006.016238,normal
10725,1781100006.017694,normal
10726,1781100006.019704,normal
10727,1781100006.021376,normal
10728,1781100006.023377,normal
10729,1781100006.025605,normal
10730,1781100006.027792,normal
10731,1781100006.030432,normal
10732,1781100006.032785,normal
10733,1781100006.034841,normal
10734,1781100006.036983,normal
10735,1781100006.039354,normal
10736,1781100006.041276,normal
10737,1781100006.042667,normal
10738,1781100006.045434,normal
10739,1781100006.046845,normal
10740,1781100006.050008,normal
10741,1781100006.052208,normal
10742,1781100006.053988,normal
10743,1781100006.056186,normal
10744,1781100006.058712,normal
10745,1781100006.061327,normal
10746,1781100006.063417,normal
10747,1781100006.065885,normal
10748,1781100006.069407,normal
10749,1781100006.071872,normal
10750,1781100006.073869,normal
10751,1781100006.075637,normal
10752,1781100006.078372,normal
10753,1781100006.080568,normal
10754,1781100006.082836,normal
10755,1781100006.085179,syn_flood
10756,1781100006.086847,normal
10757,1781100006.089072,normal
10758,1781100006.091556,http_flood
10759,1781100006.093181,normal
10760,1781100006.095086,normal
10761,1781100006.096494,normal
10762,1781100006.098379,normal
10763,1781100006.102114,normal
10764,1781100006.104023,normal
10765,1781100006.106565,syn_flood
10766,1781100006.108475,normal
10767,1781100006.111083,normal
10768,1781100006.113169,normal
10769,1781100006.115494,normal
10770,1781100006.117120,normal
10771,1781100006.119053,normal
10772,1781100006.121531,normal
10773,1781100006.123192,http_flood
10774,1781100006.125186,normal
10775,1781100006.126989,syn_flood
10776,1781100006.129406,normal
10777,1781100006.132068,normal
10778,1781100006.135200,normal
10779,1781100006.137552,normal
10780,1781100006.139663,syn_flood
10781,1781100006.142166,normal
10782,1781100006.144146,normal
10783,1781100006.146577,normal
10784,1781100006.148199,normal
10785,1781100006.149628,normal
10786,1781100006.152005,normal
10787,1781100006.154665,normal
10788,1781100006.156527,normal
10789,1781100006.159038,normal
10790,1781100006.160258,normal
10791,1781100006.162624,normal
10792,1781100006.164864,normal
10793,1781100006.166650,normal
10794,1781100006.169120,normal
10795,1781100006.171990,normal
10796,1781100006.174105,normal
10797,1781100006.176635,normal
10798,1781100006.178599,normal
10799,1781100006.181086,normal
10800,1781100006.183457,normal
10801,1781100006.185915,normal
10802,1781100006.188029,normal
10803,1781100006.189610,normal
10804,1781100006.191724,normal
10805,1781100006.193390,normal
10806,1781100006.196236,normal
10807,1781100006.198432,udp_reflection
10808,1781100006.201476,normal
10809,1781100006.203912,normal
10810,1781100006.205621,normal
10811,1781100006.207377,normal
10812,1781100006.209881,normal
10813,1781100006.212141,normal
10814,1781100006.215057,normal
10815,1781100006.217980,normal
10816,1781100006.220787,normal
10817,1781100006.222911,normal
10818,1781100006.225283,normal
10819,1781100006.227488,normal
10820,1781100006.230542,normal
10821,1781100006.232165,http_flood
10822,1781100006.234373,http_flood
10823,1781100006.236547,normal
10824,1781100006.238482,normal
10825,1781100006.241189,normal
10826,1781100006.243569,normal
10827,1781100006.245032,normal
10828,1781100006.247506,normal
10829,1781100006.250356,normal
10830,1781100006.252678,normal
10831,1781100006.254755,normal
10832,1781100006.256866,normal
10833,1781100006.259425,normal
10834,1781100006.261988,normal
10835,1781100006.265598,normal
10836,1781100006.267984,normal
10837,1781100006.269742,normal
10838,1781100006.272665,normal
10839,1781100006.274189,normal
10840,1781100006.275649,normal
10841,1781100006.278612,normal
10842,1781100006.280456,normal
10843,1781100006.282994,normal
10844,1781100006.284366,normal
10845,1781100006.285620,normal
10846,1781100006.289034,normal
10847,1781100006.290842,normal
10848,1781100006.292946,normal
10849,1781100006.295494,syn_flood
10850,1781100006.297559,normal
10851,1781100006.299598,normal
10852,1781100006.301844,normal
10853,1781100006.303536,normal
10854,1781100006.305239,normal
10855,1781100006.307487,normal
10856,1781100006.309417,normal
10857,1781100006.311885,udp_reflection
10858,1781100006.314123,normal
10859,1781100006.317253,normal
10860,1781100006.318906,normal
10861,1781100006.322037,normal
10862,1781100006.324913,normal
10863,1781100006.326909,normal
10864,1781100006.330353,normal
10865,1781100006.332167,syn_flood
10866,1781100006.334265,normal
10867,1781100006.335903,normal
10868,1781100006.338585,http_flood
10869,1781100006.340275,normal
10870,1781100006.341774,normal
10871,1781100006.344268,normal
10872,1781100006.346670,normal
10873,1781100006.348743,normal
10874,1781100006.351789,normal
10875,1781100006.353508,normal
10876,1781100006.355082,normal
10877,1781100006.357049,normal
10878,1781100006.359338,normal
10879,1781100006.361901,normal
10880,1781100006.364290,normal
10881,1781100006.366686,normal
10882,1781100006.368342,normal
10883,1781100006.371546,normal
10884,1781100006.373415,normal
10885,1781100006.375803,normal
10886,1781100006.377519,normal
10887,1781100006.379294,normal
10888,1781100006.382139,normal
10889,1781100006.383837,normal
10890,1781100006.386762,normal
10891,1781100006.391382,normal
10892,1781100006.393086,normal
10893,1781100006.395147,normal
10894,1781100006.397664,http_flood
10895,1781100006.399852,normal
10896,1781100006.401994,normal
10897,1781100006.404878,syn_flood
10898,1781100006.406825,normal
10899,1781100006.408366,normal
10900,1781100006.410157,normal
10901,1781100006.411781,normal
10902,1781100006.413893,normal
10903,1781100006.416568,normal
10904,1781100006.419658,normal
10905,1781100006.423104,normal
10906,1781100006.425453,normal
10907,1781100006.427435,normal
10908,1781100006.429512,normal
10909,1781100006.431489,normal
10910,1781100006.433774,normal
10911,1781100006.435628,syn_flood
10912,1781100006.437457,normal
10913,1781100006.440334,normal
10914,1781100006.442611,normal
10915,1781100006.444195,normal
10916,1781100006.446869,normal
10917,1781100006.449254,normal
10918,1781100006.451133,normal
10919,1781100006.453460,normal
10920,1781100006.454962,normal
10921,1781100006.457453,normal
10922,1781100006.459265,normal
10923,1781100006.461695,normal
10924,1781100006.463341,normal
10925,1781100006.466180,normal
10926,1781100006.468848,normal
10927,1781100006.471399,normal
10928,1781100006.473678,normal
10929,1781100006.474836,normal
10930,1781100006.476987,normal
10931,1781100006.478727,normal
10932,1781100006.481610,normal
10933,1781100006.483868,normal
10934,1781100006.485542,normal
10935,1781100006.488125,normal
10936,1781100006.490370,normal
10937,1781100006.491936,syn_flood
10938,1781100006.494874,normal
10939,1781100006.497316,normal
10940,1781100006.498746,normal
10941,1781100006.500619,normal
10942,1781100006.502404,normal
10943,1781100006.503851,udp_reflection
10944,1781100006.506334,normal
10945,1781100006.508046,http_flood
10946,1781100006.510418,normal
10947,1781100006.512330,normal
10948,1781100006.514218,normal
10949,1781100006.516524,normal
10950,1781100006.518648,normal
10951,1781100006.520087,normal
10952,1781100006.521448,normal
10953,1781100006.523496,normal
10954,1781100006.525059,normal
10955,1781100006.526506,normal
10956,1781100006.528477,normal
10957,1781100006.530441,normal
10958,1781100006.532782,normal
10959,1781100006.535374,normal
10960,1781100006.537855,udp_reflection
10961,1781100006.540072,normal
10962,1781100006.542282,normal
10963,1781100006.544065,normal
10964,1781100006.546749,normal
10965,1781100006.548928,normal
10966,1781100006.551164,normal
10967,1781100006.553678,normal
10968,1781100006.555625,syn_flood
10969,1781100006.557796,normal
10970,1781100006.559833,http_flood
10971,1781100006.561298,http_flood
10972,1781100006.563083,normal
10973,1781100006.564788,normal
10974,1781100006.567213,normal
10975,1781100006.569229,udp_reflection
10976,1781100006.571625,normal
10977,1781100006.574134,normal
10978,1781100006.576069,normal
10979,1781100006.577581,normal
10980,1781100006.579521,normal
10981,1781100006.581693,normal
10982,1781100006.584810,normal
10983,1781100006.587186,normal
10984,1781100006.589739,syn_flood
10985,1781100006.591558,syn_flood
10986,1781100006.593526,normal
10987,1781100006.594927,normal
10988,1781100006.598057,normal
10989,1781100006.600309,normal
10990,1781100006.602139,normal
10991,1781100006.604608,normal
10992,1781100006.606681,normal
10993,1781100006.608951,normal
10994,1781100006.610741,normal
10995,1781100006.612255,syn_flood
10996,1781100006.614745,normal
10997,1781100006.617107,normal
10998,1781100006.618994,normal
10999,1781100006.621165,normal
11000,1781100006.623117,http_flood
11001,1781100006.625650,syn_flood
11002,1781100006.628326,normal
11003,1781100006.631107,normal
11004,1781100006.633460,normal
11005,1781100006.634743,normal
11006,1781100006.636483,normal
11007,1781100006.638351,normal
11008,1781100006.640640,normal
11009,1781100006.643499,normal
11010,1781100006.645902,normal
11011,1781100006.648399,normal
11012,1781100006.651630,normal
11013,1781100006.653946,normal
11014,1781100006.655947,normal
11015,1781100006.657939,normal
11016,1781100006.659963,normal
11017,1781100006.662300,normal
11018,1781100006.664708,normal
11019,1781100006.667304,http_flood
11020,1781100006.669772,normal
11021,1781100006.671316,syn_flood
11022,1781100006.674693,normal
11023,1781100006.676439,normal
11024,1781100006.678846,normal
11025,1781100006.680745,normal
11026,1781100006.682850,normal
11027,1781100006.684629,normal
11028,1781100006.687495,normal
11029,1781100006.690137,normal
11030,1781100006.692345,normal
11031,1781100006.694461,normal
11032,1781100006.696891,normal
11033,1781100006.698378,normal
11034,1781100006.700382,normal
11035,1781100006.702953,http_flood
11036,1781100006.704793,normal
11037,1781100006.706604,normal
11038,1781100006.708833,normal
11039,1781100006.711414,normal
11040,1781100006.713275,normal
11041,1781100006.715466,http_flood
11042,1781100006.717986,normal
11043,1781100006.720246,normal
11044,1781100006.723048,normal
11045,1781100006.725249,normal
11046,1781100006.726887,normal
11047,1781100006.729622,normal
11048,1781100006.732214,syn_flood
11049,1781100006.734794,normal
11050,1781100006.736676,normal
11051,1781100006.739609,normal
11052,1781100006.741639,normal
11053,1781100006.743824,normal
11054,1781100006.747304,normal
11055,1781100006.749491,normal
11056,1781100006.751019,normal
11057,1781100006.752831,normal
11058,1781100006.754939,normal
11059,1781100006.756745,normal
11060,1781100006.758840,normal
11061,1781100006.761313,normal
11062,1781100006.763283,normal
11063,1781100006.765483,normal
11064,1781100006.767498,normal
11065,1781100006.769245,normal
11066,1781100006.772328,normal
11067,1781100006.773476,udp_reflection
11068,1781100006.775730,normal
11069,1781100006.778292,udp_reflection
11070,1781100006.780444,normal
11071,1781100006.782639,normal
11072,1781100006.785007,normal
11073,1781100006.787145,http_flood
11074,1781100006.789115,normal
11075,1781100006.791678,normal
11076,1781100006.793404,normal
11077,1781100006.795382,syn_flood
11078,1781100006.797516,normal
11079,1781100006.800067,normal
11080,1781100006.802132,normal
11081,1781100006.804269,normal
11082,1781100006.806734,normal
11083,1781100006.808529,normal
11084,1781100006.810403,normal
11085,1781100006.813273,normal
11086,1781100006.815302,normal
11087,1781100006.817515,normal
11088,1781100006.819401,normal
11089,1781100006.821954,normal
11090,1781100006.825121,normal
11091,1781100006.826684,normal
11092,1781100006.829059,normal
11093,1781100006.831500,normal
11094,1781100006.833736,normal
11095,1781100006.835638,syn_flood
11096,1781100006.837161,normal
11097,1781100006.841162,normal
11098,1781100006.843468,normal
11099,1781100006.846548,normal
11100,1781100006.849003,normal
11101,1781100006.850843,normal
11102,1781100006.852525,http_flood
11103,1781100006.854309,normal
11104,1781100006.856479,udp_reflection
11105,1781100006.859171,http_flood
11106,1781100006.860954,udp_reflection
11107,1781100006.863344,normal
11108,1781100006.865211,normal
11109,1781100006.867460,normal
11110,1781100006.869919,normal
11111,1781100006.871693,normal
11112,1781100006.874384,normal
11113,1781100006.877694,syn_flood
11114,1781100006.879474,normal
11115,1781100006.881344,normal
11116,1781100006.884353,normal
11117,1781100006.885962,normal
11118,1781100006.887782,normal
11119,1781100006.890222,http_flood
11120,1781100006.892887,http_flood
11121,1781100006.895338,normal
11122,1781100006.897264,normal
11123,1781100006.899858,normal
11124,1781100006.902569,normal
11125,1781100006.905082,normal
11126,1781100006.906698,normal
11127,1781100006.909383,normal
11128,1781100006.910383,normal
11129,1781100006.912021,normal
11130,1781100006.914132,normal
11131,1781100006.916017,normal
11132,1781100006.918205,normal
11133,1781100006.919842,udp_reflection
11134,1781100006.921476,normal
11135,1781100006.923819,normal
11136,1781100006.925418,http_flood
11137,1781100006.926868,http_flood
11138,1781100006.928122,normal
11139,1781100006.930399,normal
11140,1781100006.932261,normal
11141,1781100006.934711,normal
11142,1781100006.936232,normal
11143,1781100006.938826,normal
11144,1781100006.941241,udp_reflection
11145,1781100006.943526,normal
11146,1781100006.945832,normal
11147,1781100006.948504,normal
11148,1781100006.950734,normal
11149,1781100006.952714,normal
11150,1781100006.954356,normal
11151,1781100006.956372,normal
11152,1781100006.958233,normal
11153,1781100006.960582,normal
11154,1781100006.962683,normal
11155,1781100006.964391,normal
11156,1781100006.966665,normal
11157,1781100006.968741,normal
11158,1781100006.970221,normal
11159,1781100006.972318,normal
11160,1781100006.974900,normal
11161,1781100006.976564,normal
11162,1781100006.978732,syn_flood
11163,1781100006.980171,normal
11164,1781100006.982065,normal
11165,1781100006.984869,normal
11166,1781100006.986639,normal
11167,1781100006.988758,normal
11168,1781100006.991394,normal
11169,1781100006.994717,normal
11170,1781100006.996325,normal
11171,1781100006.998025,normal
11172,1781100007.000689,normal
11173,1781100007.002370,udp_reflection
11174,1781100007.004028,normal
11175,1781100007.006192,http_flood
11176,1781100007.008847,normal
11177,1781100007.010739,udp_reflection
11178,1781100007.013680,normal
11179,1781100007.015941,normal
11180,1781100007.018107,normal
11181,1781100007.020546,normal
11182,1781100007.023129,normal
11183,1781100007.025746,syn_flood
11184,1781100007.027565,normal
11185,1781100007.029583,syn_flood
11186,1781100007.032160,normal
11187,1781100007.034204,normal
11188,1781100007.035789,normal
11189,1781100007.037907,normal
11190,1781100007.039934,normal
11191,1781100007.041983,normal
11192,1781100007.044541,normal
11193,1781100007.047218,normal
11194,1781100007.048927,normal
11195,1781100007.051466,normal
11196,1781100007.053730,http_flood
11197,1781100007.055648,http_flood
11198,1781100007.057780,normal
11199,1781100007.060062,normal
11200,1781100007.062125,normal
11201,1781100007.063866,normal
11202,1781100007.066160,normal
11203,1781100007.068308,normal
11204,1781100007.070441,normal
11205,1781100007.073033,normal
11206,1781100007.075196,normal
11207,1781100007.077396,normal
11208,1781100007.080476,normal
11209,1781100007.082871,normal
11210,1781100007.085015,normal
11211,1781100007.087008,normal
11212,1781100007.089605,normal
11213,1781100007.090876,normal
11214,1781100007.093328,normal
11215,1781100007.095306,syn_flood
11216,1781100007.096919,normal
11217,1781100007.098745,normal
11218,1781100007.100741,normal
11219,1781100007.103392,udp_reflection
11220,1781100007.104845,normal
11221,1781100007.106735,normal
11222,1781100007.108507,normal
11223,1781100007.111002,normal
11224,1781100007.113184,normal
11225,1781100007.114955,normal
11226,1781100007.117828,normal
11227,1781100007.119251,normal
11228,1781100007.121213,normal
11229,1781100007.122748,normal
11230,1781100007.124656,normal
11231,1781100007.126513,normal
11232,1781100007.128937,normal
11233,1781100007.131073,normal
11234,1781100007.133404,normal
11235,1781100007.135109,normal
11236,1781100007.137299,normal
11237,1781100007.139966,normal
11238,1781100007.142025,normal
11239,1781100007.143882,normal
11240,1781100007.145851,normal
11241,1781100007.148142,normal
11242,1781100007.149688,normal
11243,1781100007.151069,normal
11244,1781100007.153882,normal
11245,1781100007.155942,normal
11246,1781100007.157816,normal
11247,1781100007.160170,normal
11248,1781100007.161845,normal
11249,1781100007.164144,normal
11250,1781100007.166203,normal
11251,1781100007.168615,normal
11252,1781100007.171223,normal
11253,1781100007.173157,normal
11254,1781100007.175197,udp_reflection
11255,1781100007.176950,normal
11256,1781100007.179036,normal
11257,1781100007.181207,normal
