packet_index,timestamp,label
0,1781099985.570758,normal
1,1781099985.572042,normal
2,1781099985.572922,normal
3,1781099985.574040,normal
4,1781099985.575487,normal
5,1781099985.576650,normal
6,1781099985.577976,normal
7,1781099985.579304,normal
8,1781099985.580530,normal
9,1781099985.582155,normal
10,1781099985.582995,normal
11,1781099985.583994,normal
12,1781099985.585326,normal
13,1781099985.586199,normal
14,1781099985.587695,normal
15,1781099985.588918,normal
16,1781099985.589817,normal
17,1781099985.591115,normal
18,1781099985.592152,normal
19,1781099985.594101,normal
20,1781099985.595407,normal
21,1781099985.596524,normal
22,1781099985.597829,normal
23,1781099985.598848,normal
24,1781099985.600172,normal
25,1781099985.601343,normal
26,1781099985.602323,normal
27,1781099985.603196,normal
28,1781099985.605010,normal
29,1781099985.606454,normal
30,1781099985.607585,normal
31,1781099985.608447,normal
32,1781099985.609798,normal
33,1781099985.610674,normal
34,1781099985.611946,normal
35,1781099985.613467,normal
36,1781099985.614282,normal
37,1781099985.615736,normal
38,1781099985.616578,normal
39,1781099985.618368,normal
40,1781099985.619465,normal
41,1781099985.620829,normal
42,1781099985.622284,normal
43,1781099985.623255,normal
44,1781099985.624485,normal
45,1781099985.626073,normal
46,1781099985.627159,normal
47,1781099985.628442,normal
48,1781099985.629728,normal
49,1781099985.630676,syn_flood
50,1781099985.631664,normal
51,1781099985.633377,normal
52,1781099985.634462,normal
53,1781099985.635496,normal
54,1781099985.636776,normal
55,1781099985.637830,normal
56,1781099985.638958,normal
57,1781099985.639710,normal
58,1781099985.640755,normal
59,1781099985.642234,normal
60,1781099985.643556,normal
61,1781099985.644683,normal
62,1781099985.646423,normal
63,1781099985.647687,normal
64,1781099985.648739,normal
65,1781099985.649698,normal
66,1781099985.650620,normal
67,1781099985.651568,normal
68,1781099985.652659,normal
69,1781099985.653784,normal
70,1781099985.655326,normal
71,1781099985.656558,normal
72,1781099985.657581,normal
73,1781099985.658726,normal
74,1781099985.660616,normal
75,1781099985.662412,normal
76,1781099985.663701,normal
77,1781099985.664969,normal
78,1781099985.666342,normal
79,1781099985.667691,normal
80,1781099985.668794,normal
81,1781099985.670111,syn_flood
82,1781099985.671239,normal
83,1781099985.672438,normal
84,1781099985.673651,normal
85,1781099985.674985,udp_reflection
86,1781099985.676068,normal
87,1781099985.677476,normal
88,1781099985.679071,normal
89,1781099985.680116,normal
90,1781099985.681559,normal
91,1781099985.682441,normal
92,1781099985.683473,normal
93,1781099985.684516,normal
94,1781099985.685347,normal
95,1781099985.686407,normal
96,1781099985.687458,normal
97,1781099985.688457,normal
98,1781099985.689752,normal
99,1781099985.691130,normal
100,1781099985.692408,normal
101,1781099985.693584,normal
102,1781099985.694687,normal
103,1781099985.696093,normal
104,1781099985.697431,normal
105,1781099985.698482,normal
106,1781099985.700242,normal
107,1781099985.701452,normal
108,1781099985.702683,normal
109,1781099985.704316,normal
110,1781099985.705648,normal
111,1781099985.706905,normal
112,1781099985.707985,normal
113,1781099985.709950,normal
114,1781099985.711467,normal
115,1781099985.712342,normal
116,1781099985.713302,normal
117,1781099985.714756,normal
118,1781099985.715551,http_flood
119,1781099985.717124,normal
120,1781099985.718308,normal
121,1781099985.719695,normal
122,1781099985.721318,normal
123,1781099985.722807,normal
124,1781099985.724491,normal
125,1781099985.725754,normal
126,1781099985.726910,normal
127,1781099985.728222,normal
128,1781099985.729502,normal
129,1781099985.730170,normal
130,1781099985.731527,normal
131,1781099985.732755,normal
132,1781099985.733977,normal
133,1781099985.734903,normal
134,1781099985.735950,normal
135,1781099985.737024,normal
136,1781099985.738243,normal
137,1781099985.739882,normal
138,1781099985.740808,normal
139,1781099985.741802,normal
140,1781099985.743090,normal
141,1781099985.744501,normal
142,1781099985.746209,normal
143,1781099985.747397,normal
144,1781099985.748355,normal
145,1781099985.749943,normal
146,1781099985.751267,normal
147,1781099985.753232,normal
148,1781099985.754186,normal
149,1781099985.755122,normal
150,1781099985.756119,normal
151,1781099985.757319,normal
152,1781099985.758384,normal
153,1781099985.759151,normal
154,1781099985.760097,normal
155,1781099985.761071,normal
156,1781099985.762538,normal
157,1781099985.763583,normal
158,1781099985.765372,normal
159,1781099985.766237,normal
160,1781099985.767382,normal
161,1781099985.768646,normal
162,1781099985.769544,http_flood
163,1781099985.771036,normal
164,1781099985.772801,normal
165,1781099985.773567,normal
166,1781099985.774697,normal
167,1781099985.775943,normal
168,1781099985.777545,normal
169,1781099985.778871,normal
170,1781099985.780228,normal
171,1781099985.781364,normal
172,1781099985.782597,normal
173,1781099985.784058,normal
174,1781099985.785292,normal
175,1781099985.786454,normal
176,1781099985.788248,udp_reflection
177,1781099985.789682,normal
178,1781099985.790579,normal
179,1781099985.791687,normal
180,1781099985.792619,normal
181,1781099985.793975,normal
182,1781099985.795036,normal
183,1781099985.796397,normal
184,1781099985.797693,normal
185,1781099985.799034,normal
186,1781099985.800939,normal
187,1781099985.802225,normal
188,1781099985.803237,normal
189,1781099985.804338,normal
190,1781099985.805261,normal
191,1781099985.806756,normal
192,1781099985.807639,normal
193,1781099985.809411,normal
194,1781099985.810488,normal
195,1781099985.811575,normal
196,1781099985.812793,normal
197,1781099985.813762,normal
198,1781099985.814989,normal
199,1781099985.816080,normal
200,1781099985.816730,normal
201,1781099985.817765,http_flood
202,1781099985.818664,normal
203,1781099985.819697,normal
204,1781099985.821146,normal
205,1781099985.822469,normal
206,1781099985.823372,normal
207,1781099985.824778,normal
208,1781099985.825695,normal
209,1781099985.827045,normal
210,1781099985.828243,normal
211,1781099985.829293,normal
212,1781099985.830561,normal
213,1781099985.831655,normal
214,1781099985.832723,normal
215,1781099985.833824,normal
216,1781099985.834725,normal
217,1781099985.835851,normal
218,1781099985.836892,normal
219,1781099985.838118,normal
220,1781099985.839034,normal
221,1781099985.840614,normal
222,1781099985.841624,normal
223,1781099985.842900,normal
224,1781099985.843916,normal
225,1781099985.844749,normal
226,1781099985.845756,syn_flood
227,1781099985.846907,normal
228,1781099985.848336,normal
229,1781099985.849684,normal
230,1781099985.851417,normal
231,1781099985.852855,normal
232,1781099985.853987,normal
233,1781099985.854689,normal
234,1781099985.855711,normal
235,1781099985.856840,normal
236,1781099985.857983,normal
237,1781099985.859040,normal
238,1781099985.860294,syn_flood
239,1781099985.861465,normal
240,1781099985.862733,syn_flood
241,1781099985.863870,normal
242,1781099985.865617,normal
243,1781099985.866568,normal
244,1781099985.867783,normal
245,1781099985.868907,udp_reflection
246,1781099985.870009,normal
247,1781099985.870793,normal
248,1781099985.871759,normal
249,1781099985.872786,normal
250,1781099985.874207,normal
251,1781099985.875951,normal
252,1781099985.876975,normal
253,1781099985.878196,normal
254,1781099985.879091,normal
255,1781099985.880187,udp_reflection
256,1781099985.881429,normal
257,1781099985.882777,normal
258,1781099985.883954,normal
259,1781099985.885031,normal
260,1781099985.886728,normal
261,1781099985.887601,normal
262,1781099985.888569,normal
263,1781099985.890170,normal
264,1781099985.891487,normal
265,1781099985.892596,normal
266,1781099985.893729,normal
267,1781099985.895332,normal
268,1781099985.896660,normal
269,1781099985.897466,normal
270,1781099985.898513,normal
271,1781099985.899560,normal
272,1781099985.900715,normal
273,1781099985.902076,normal
274,1781099985.903256,normal
275,1781099985.904351,normal
276,1781099985.905648,normal
277,1781099985.907031,normal
278,1781099985.908139,normal
279,1781099985.909194,normal
280,1781099985.910008,normal
281,1781099985.911427,normal
282,1781099985.912816,normal
283,1781099985.914485,normal
284,1781099985.915647,normal
285,1781099985.917034,normal
286,1781099985.918184,normal
287,1781099985.919401,syn_flood
288,1781099985.920779,normal
289,1781099985.921599,normal
290,1781099985.922373,normal
291,1781099985.923218,normal
292,1781099985.924575,normal
293,1781099985.925636,normal
294,1781099985.926598,normal
295,1781099985.928738,normal
296,1781099985.929913,normal
297,1781099985.931131,normal
298,1781099985.932461,normal
299,1781099985.933725,normal
300,1781099985.934613,normal
301,1781099985.935909,normal
302,1781099985.936982,udp_reflection
303,1781099985.938183,normal
304,1781099985.939225,normal
305,1781099985.940650,normal
306,1781099985.942217,normal
307,1781099985.943259,normal
308,1781099985.944456,normal
309,1781099985.945934,normal
310,1781099985.947295,normal
311,1781099985.948025,normal
312,1781099985.948757,normal
313,1781099985.949846,normal
314,1781099985.950855,normal
315,1781099985.951990,normal
316,1781099985.952979,normal
317,1781099985.954061,normal
318,1781099985.955227,normal
319,1781099985.955998,normal
320,1781099985.957041,normal
321,1781099985.958515,normal
322,1781099985.959860,normal
323,1781099985.960618,normal
324,1781099985.962249,normal
325,1781099985.964048,normal
326,1781099985.965249,normal
327,1781099985.966302,normal
328,1781099985.967596,normal
329,1781099985.968682,normal
330,1781099985.970067,normal
331,1781099985.971507,normal
332,1781099985.973039,normal
333,1781099985.974123,normal
334,1781099985.975595,normal
335,1781099985.976979,udp_reflection
336,1781099985.977938,normal
337,1781099985.979074,normal
338,1781099985.979980,normal
339,1781099985.980757,normal
340,1781099985.982065,normal
341,1781099985.983212,normal
342,1781099985.984878,normal
343,1781099985.985924,normal
344,1781099985.987218,normal
345,1781099985.988178,normal
346,1781099985.989248,normal
347,1781099985.990456,normal
348,1781099985.991878,normal
349,1781099985.993140,normal
350,1781099985.994507,normal
351,1781099985.995352,normal
352,1781099985.996562,normal
353,1781099985.997493,normal
354,1781099985.998542,normal
355,1781099985.999466,normal
356,1781099986.000439,normal
357,1781099986.001173,normal
358,1781099986.002762,normal
359,1781099986.003837,normal
360,1781099986.005131,normal
361,1781099986.005881,normal
362,1781099986.007079,normal
363,1781099986.008238,normal
364,1781099986.009392,normal
365,1781099986.010867,normal
366,1781099986.011942,normal
367,1781099986.012862,normal
368,1781099986.013818,normal
369,1781099986.015307,normal
370,1781099986.015852,normal
371,1781099986.016753,normal
372,1781099986.017726,normal
373,1781099986.018711,normal
374,1781099986.020033,normal
375,1781099986.021071,normal
376,1781099986.021963,normal
377,1781099986.023483,normal
378,1781099986.024620,normal
379,1781099986.025646,normal
380,1781099986.026831,normal
381,1781099986.027960,normal
382,1781099986.029331,normal
383,1781099986.030511,normal
384,1781099986.031878,normal
385,1781099986.032415,normal
386,1781099986.034266,normal
387,1781099986.035468,normal
388,1781099986.036609,normal
389,1781099986.037563,normal
390,1781099986.038763,normal
391,1781099986.040178,normal
392,1781099986.041018,normal
393,1781099986.042193,normal
394,1781099986.043885,normal
395,1781099986.045336,normal
396,1781099986.046272,normal
397,1781099986.047893,normal
398,1781099986.049061,normal
399,1781099986.050288,normal
400,1781099986.051482,normal
401,1781099986.052901,normal
402,1781099986.054050,normal
403,1781099986.055052,normal
404,1781099986.055991,normal
405,1781099986.056923,normal
406,1781099986.057928,normal
407,1781099986.058772,normal
408,1781099986.060570,normal
409,1781099986.061758,normal
410,1781099986.062666,http_flood
411,1781099986.063726,normal
412,1781099986.065100,normal
413,1781099986.066041,normal
414,1781099986.067282,normal
415,1781099986.068955,normal
416,1781099986.069962,normal
417,1781099986.071110,normal
418,1781099986.072772,normal
419,1781099986.073903,normal
420,1781099986.074736,normal
421,1781099986.075711,normal
422,1781099986.076682,normal
423,1781099986.078143,normal
424,1781099986.079652,normal
425,1781099986.080808,normal
426,1781099986.082272,normal
427,1781099986.083262,normal
428,1781099986.084727,normal
429,1781099986.086221,normal
430,1781099986.087077,normal
431,1781099986.088449,normal
432,1781099986.089548,normal
433,1781099986.090441,normal
434,1781099986.091266,normal
435,1781099986.092633,normal
436,1781099986.093675,normal
437,1781099986.095192,normal
438,1781099986.097285,normal
439,1781099986.098484,normal
440,1781099986.099363,normal
441,1781099986.100729,normal
442,1781099986.102320,normal
443,1781099986.103343,normal
444,1781099986.104120,normal
445,1781099986.105775,normal
446,1781099986.107000,normal
447,1781099986.108122,normal
448,1781099986.109168,normal
449,1781099986.110539,http_flood
450,1781099986.111626,normal
451,1781099986.112788,normal
452,1781099986.114218,normal
453,1781099986.115194,normal
454,1781099986.116802,normal
455,1781099986.117819,normal
456,1781099986.119067,normal
457,1781099986.120372,normal
458,1781099986.122071,normal
459,1781099986.123426,normal
460,1781099986.124635,normal
461,1781099986.125732,normal
462,1781099986.126748,normal
463,1781099986.127629,normal
464,1781099986.128644,normal
465,1781099986.129453,normal
466,1781099986.130424,normal
467,1781099986.131467,normal
468,1781099986.132460,normal
469,1781099986.133479,normal
470,1781099986.135025,normal
471,1781099986.136220,normal
472,1781099986.137208,normal
473,1781099986.138103,normal
474,1781099986.139052,normal
475,1781099986.140308,normal
476,1781099986.141537,normal
477,1781099986.142334,normal
478,1781099986.143341,normal
479,1781099986.144695,normal
480,1781099986.146301,normal
481,1781099986.147504,normal
482,1781099986.148906,normal
483,1781099986.150020,normal
484,1781099986.151260,normal
485,1781099986.152897,normal
486,1781099986.153587,normal
487,1781099986.154886,normal
488,1781099986.155975,normal
489,1781099986.157171,normal
490,1781099986.157920,normal
491,1781099986.159148,normal
492,1781099986.160367,normal
493,1781099986.161552,normal
494,1781099986.162496,normal
495,1781099986.163266,normal
496,1781099986.164581,normal
497,1781099986.165221,normal
498,1781099986.166178,normal
499,1781099986.167288,normal
500,1781099986.168148,normal
501,1781099986.168890,normal
502,1781099986.170018,normal
503,1781099986.170960,normal
504,1781099986.172504,normal
505,1781099986.173917,normal
506,1781099986.175443,normal
507,1781099986.176607,normal
508,1781099986.177650,normal
509,1781099986.178304,normal
510,1781099986.179436,normal
511,1781099986.180239,normal
512,1781099986.181609,normal
513,1781099986.183295,normal
514,1781099986.184381,normal
515,1781099986.185399,normal
516,1781099986.186399,normal
517,1781099986.187214,normal
518,1781099986.188007,normal
519,1781099986.189407,normal
520,1781099986.190532,normal
521,1781099986.191631,normal
522,1781099986.192524,normal
523,1781099986.193639,normal
524,1781099986.194488,normal
525,1781099986.195445,normal
526,1781099986.196327,normal
527,1781099986.197243,normal
528,1781099986.198258,normal
529,1781099986.199320,normal
530,1781099986.200413,normal
531,1781099986.201901,normal
532,1781099986.202789,normal
533,1781099986.203905,normal
534,1781099986.205104,normal
535,1781099986.206148,normal
536,1781099986.207263,normal
537,1781099986.208734,normal
538,1781099986.209670,normal
539,1781099986.210705,normal
540,1781099986.211690,normal
541,1781099986.212878,normal
542,1781099986.214517,normal
543,1781099986.215635,normal
544,1781099986.217129,normal
545,1781099986.217981,normal
546,1781099986.219362,normal
547,1781099986.220559,normal
548,1781099986.221659,normal
549,1781099986.223079,normal
550,1781099986.224173,normal
551,1781099986.225227,normal
552,1781099986.226542,normal
553,1781099986.227320,normal
554,1781099986.228439,normal
555,1781099986.229363,normal
556,1781099986.230518,normal
557,1781099986.231627,normal
558,1781099986.232598,normal
559,1781099986.233591,normal
560,1781099986.235065,normal
561,1781099986.236018,normal
562,1781099986.236995,normal
563,1781099986.238060,normal
564,1781099986.238832,normal
565,1781099986.240030,normal
566,1781099986.241169,normal
567,1781099986.242206,normal
568,1781099986.242941,normal
569,1781099986.244475,normal
570,1781099986.245399,normal
571,1781099986.247132,normal
572,1781099986.248218,normal
573,1781099986.249945,normal
574,1781099986.250787,normal
575,1781099986.252082,normal
576,1781099986.253255,normal
577,1781099986.254095,normal
578,1781099986.255136,normal
579,1781099986.256605,normal
580,1781099986.257566,normal
581,1781099986.258404,normal
582,1781099986.259616,http_flood
583,1781099986.260817,normal
584,1781099986.261672,normal
585,1781099986.262683,normal
586,1781099986.264268,normal
587,1781099986.265289,normal
588,1781099986.266551,normal
589,1781099986.268086,normal
590,1781099986.269050,normal
591,1781099986.270490,normal
592,1781099986.271321,normal
593,1781099986.272715,normal
594,1781099986.274033,normal
595,1781099986.275213,normal
596,1781099986.276207,normal
597,1781099986.277447,normal
598,1781099986.278285,normal
599,1781099986.279504,normal
600,1781099986.280516,normal
601,1781099986.281522,normal
602,1781099986.282783,normal
603,1781099986.283680,normal
604,1781099986.284456,normal
605,1781099986.285999,normal
606,1781099986.286796,normal
607,1781099986.287703,normal
608,1781099986.288903,normal
609,1781099986.290094,normal
610,1781099986.291091,normal
611,1781099986.292141,normal
612,1781099986.293817,normal
613,1781099986.294861,normal
614,1781099986.296067,normal
615,1781099986.296972,normal
616,1781099986.297874,normal
617,1781099986.299646,normal
618,1781099986.300641,normal
619,1781099986.301804,normal
620,1781099986.302774,normal
621,1781099986.303430,normal
622,1781099986.304405,normal
623,1781099986.305400,normal
624,1781099986.306330,normal
625,1781099986.308214,udp_reflection
626,1781099986.309394,normal
627,1781099986.310872,normal
628,1781099986.312519,normal
629,1781099986.313467,normal
630,1781099986.314741,normal
631,1781099986.315617,normal
632,1781099986.316389,normal
633,1781099986.317577,normal
634,1781099986.318720,normal
635,1781099986.319399,normal
636,1781099986.320583,normal
637,1781099986.321854,normal
638,1781099986.323076,normal
639,1781099986.324138,normal
640,1781099986.324812,normal
641,1781099986.326314,normal
642,1781099986.327165,normal
643,1781099986.328357,normal
644,1781099986.329438,normal
645,1781099986.330807,normal
646,1781099986.331796,normal
647,1781099986.333053,normal
648,1781099986.334240,normal
649,1781099986.335325,normal
650,1781099986.336492,normal
651,1781099986.338101,normal
652,1781099986.339588,normal
653,1781099986.340616,normal
654,1781099986.341558,normal
655,1781099986.342792,normal
656,1781099986.344005,normal
657,1781099986.345520,normal
658,1781099986.346701,normal
659,1781099986.347690,normal
660,1781099986.348949,normal
661,1781099986.350628,normal
662,1781099986.351627,normal
663,1781099986.352314,normal
664,1781099986.353193,normal
665,1781099986.354226,normal
666,1781099986.355302,normal
667,1781099986.356214,normal
668,1781099986.357282,normal
669,1781099986.358281,normal
670,1781099986.359564,normal
671,1781099986.360691,normal
672,1781099986.362047,normal
673,1781099986.363077,normal
674,1781099986.363897,normal
675,1781099986.364761,normal
676,1781099986.365925,normal
677,1781099986.366775,normal
678,1781099986.367992,normal
679,1781099986.368897,normal
680,1781099986.370146,normal
681,1781099986.371091,normal
682,1781099986.372186,udp_reflection
683,1781099986.373423,normal
684,1781099986.374541,normal
685,1781099986.375467,normal
686,1781099986.376785,normal
687,1781099986.377988,normal
688,1781099986.379305,normal
689,1781099986.380413,normal
690,1781099986.381788,http_flood
691,1781099986.382677,normal
692,1781099986.383720,normal
693,1781099986.384541,normal
694,1781099986.386099,normal
695,1781099986.387300,normal
696,1781099986.388005,normal
697,1781099986.388909,normal
698,1781099986.389887,normal
699,1781099986.390953,normal
700,1781099986.392190,normal
701,1781099986.393189,syn_flood
702,1781099986.394214,normal
703,1781099986.395143,normal
704,1781099986.396128,normal
705,1781099986.397374,normal
706,1781099986.398385,normal
707,1781099986.399408,normal
708,1781099986.400250,normal
709,1781099986.401067,normal
710,1781099986.402300,normal
711,1781099986.403009,normal
712,1781099986.403849,normal
713,1781099986.405172,normal
714,1781099986.406573,normal
715,1781099986.407870,normal
716,1781099986.408913,normal
717,1781099986.410521,normal
718,1781099986.411607,normal
719,1781099986.412555,normal
720,1781099986.413564,normal
721,1781099986.414855,normal
722,1781099986.415794,normal
723,1781099986.416792,normal
724,1781099986.418231,normal
725,1781099986.419356,normal
726,1781099986.420723,normal
727,1781099986.421602,normal
728,1781099986.422284,normal
729,1781099986.423095,normal
730,1781099986.424275,normal
731,1781099986.425256,normal
732,1781099986.426347,normal
733,1781099986.427603,normal
734,1781099986.428419,normal
735,1781099986.429538,normal
736,1781099986.430533,normal
737,1781099986.431621,normal
738,1781099986.432901,normal
739,1781099986.434168,normal
740,1781099986.434971,normal
741,1781099986.435813,normal
742,1781099986.437041,normal
743,1781099986.438140,normal
744,1781099986.439732,normal
745,1781099986.440969,normal
746,1781099986.442050,normal
747,1781099986.443413,normal
748,1781099986.444823,normal
749,1781099986.445640,normal
750,1781099986.446653,normal
751,1781099986.447585,normal
752,1781099986.448740,normal
753,1781099986.449693,normal
754,1781099986.450728,normal
755,1781099986.452193,normal
756,1781099986.453121,normal
757,1781099986.453994,normal
758,1781099986.454941,normal
759,1781099986.456643,normal
760,1781099986.457496,normal
761,1781099986.458534,normal
762,1781099986.459612,normal
763,1781099986.460969,normal
764,1781099986.462095,normal
765,1781099986.463350,normal
766,1781099986.464463,normal
767,1781099986.465668,normal
768,1781099986.466608,normal
769,1781099986.467290,normal
770,1781099986.468300,normal
771,1781099986.469067,normal
772,1781099986.469845,normal
773,1781099986.470660,normal
774,1781099986.471727,normal
775,1781099986.472595,normal
776,1781099986.473485,normal
777,1781099986.474733,normal
778,1781099986.475859,normal
779,1781099986.477174,normal
780,1781099986.478066,normal
781,1781099986.479568,normal
782,1781099986.480996,normal
783,1781099986.482246,normal
784,1781099986.483305,normal
785,1781099986.484260,normal
786,1781099986.485164,normal
787,1781099986.486567,normal
788,1781099986.487729,normal
789,1781099986.488830,normal
790,1781099986.490332,normal
791,1781099986.491530,normal
792,1781099986.492587,normal
793,1781099986.493525,normal
794,1781099986.494261,normal
795,1781099986.495133,normal
796,1781099986.495863,normal
797,1781099986.497092,normal
798,1781099986.498459,normal
799,1781099986.499219,normal
800,1781099986.500458,normal
801,1781099986.501254,normal
802,1781099986.502276,normal
803,1781099986.503935,normal
804,1781099986.504450,normal
805,1781099986.505331,normal
806,1781099986.506151,normal
807,1781099986.506977,normal
808,1781099986.508392,normal
809,1781099986.509804,normal
810,1781099986.510657,normal
811,1781099986.511263,normal
812,1781099986.512267,normal
813,1781099986.513258,normal
814,1781099986.514592,normal
815,1781099986.515494,normal
816,1781099986.516474,normal
817,1781099986.517513,normal
818,1781099986.519020,normal
819,1781099986.520167,normal
820,1781099986.521095,normal
821,1781099986.522267,normal
822,1781099986.523709,normal
823,1781099986.524669,normal
824,1781099986.525717,normal
825,1781099986.526463,normal
826,1781099986.527988,normal
827,1781099986.529059,normal
828,1781099986.529920,normal
829,1781099986.530784,normal
830,1781099986.531635,normal
831,1781099986.532713,normal
832,1781099986.533680,normal
833,1781099986.535053,normal
834,1781099986.535957,normal
835,1781099986.537162,normal
836,1781099986.538778,normal
837,1781099986.540848,normal
838,1781099986.541771,udp_reflection
839,1781099986.542849,normal
840,1781099986.544164,normal
841,1781099986.545304,normal
842,1781099986.546496,normal
843,1781099986.547297,normal
844,1781099986.548066,normal
845,1781099986.548934,normal
846,1781099986.549995,normal
847,1781099986.551091,normal
848,1781099986.552053,normal
849,1781099986.553205,normal
850,1781099986.554330,normal
851,1781099986.555690,normal
852,1781099986.556756,normal
853,1781099986.557506,normal
854,1781099986.558996,normal
855,1781099986.560333,normal
856,1781099986.561252,normal
857,1781099986.562328,normal
858,1781099986.563314,normal
859,1781099986.564259,normal
860,1781099986.565295,normal
861,1781099986.566515,normal
862,1781099986.568143,normal
863,1781099986.568933,normal
864,1781099986.570105,normal
865,1781099986.571131,normal
866,1781099986.572275,normal
867,1781099986.573291,normal
868,1781099986.573838,normal
869,1781099986.575189,normal
870,1781099986.575963,normal
871,1781099986.577091,normal
872,1781099986.578127,normal
873,1781099986.578826,normal
874,1781099986.579659,normal
875,1781099986.580845,normal
876,1781099986.582737,normal
877,1781099986.583829,normal
878,1781099986.584694,normal
879,1781099986.585852,normal
880,1781099986.587129,normal
881,1781099986.588080,normal
882,1781099986.588748,normal
883,1781099986.589826,normal
884,1781099986.590821,normal
885,1781099986.591892,normal
886,1781099986.592848,normal
887,1781099986.593658,normal
888,1781099986.594838,normal
889,1781099986.596773,normal
890,1781099986.598025,normal
891,1781099986.599082,normal
892,1781099986.600187,normal
893,1781099986.600947,normal
894,1781099986.602134,normal
895,1781099986.603267,normal
896,1781099986.604384,normal
897,1781099986.605533,normal
898,1781099986.606506,normal
899,1781099986.607972,normal
900,1781099986.609153,normal
901,1781099986.610492,normal
902,1781099986.611618,normal
903,1781099986.612244,normal
904,1781099986.613224,normal
905,1781099986.614326,normal
906,1781099986.615652,normal
907,1781099986.617129,normal
908,1781099986.618059,normal
909,1781099986.619219,normal
910,1781099986.620600,normal
911,1781099986.621681,normal
912,1781099986.622795,normal
913,1781099986.624156,normal
914,1781099986.625349,normal
915,1781099986.626127,normal
916,1781099986.627487,normal
917,1781099986.628357,normal
918,1781099986.629766,normal
919,1781099986.630592,normal
920,1781099986.631324,normal
921,1781099986.632240,normal
922,1781099986.633229,normal
923,1781099986.634536,normal
924,1781099986.635792,normal
925,1781099986.637156,normal
926,1781099986.638360,normal
927,1781099986.639586,normal
928,1781099986.640306,normal
929,1781099986.641601,normal
930,1781099986.642895,normal
931,1781099986.644105,normal
932,1781099986.645145,normal
933,1781099986.646099,normal
934,1781099986.647169,normal
935,1781099986.648015,normal
936,1781099986.648721,normal
937,1781099986.649556,normal
938,1781099986.650579,normal
939,1781099986.651713,normal
940,1781099986.652708,normal
941,1781099986.653657,normal
942,1781099986.654788,normal
943,1781099986.656074,normal
944,1781099986.657211,normal
945,1781099986.658614,normal
946,1781099986.659922,normal
947,1781099986.661291,normal
948,1781099986.662915,normal
949,1781099986.663813,normal
950,1781099986.664887,normal
951,1781099986.665682,normal
952,1781099986.666442,normal
953,1781099986.667435,normal
954,1781099986.668393,normal
955,1781099986.669250,normal
956,1781099986.670476,normal
957,1781099986.671580,normal
958,1781099986.672824,normal
959,1781099986.673830,normal
960,1781099986.675444,normal
961,1781099986.676404,normal
962,1781099986.677305,normal
963,1781099986.678602,normal
964,1781099986.679733,normal
965,1781099986.680480,http_flood
966,1781099986.681350,normal
967,1781099986.682353,normal
968,1781099986.683457,normal
969,1781099986.684470,normal
970,1781099986.685597,normal
971,1781099986.686508,normal
972,1781099986.687139,normal
973,1781099986.688384,normal
974,1781099986.689549,normal
975,1781099986.690727,normal
976,1781099986.691673,normal
977,1781099986.692878,normal
978,1781099986.693834,normal
979,1781099986.694739,normal
980,1781099986.695884,normal
981,1781099986.697084,normal
982,1781099986.698070,normal
983,1781099986.699283,normal
984,1781099986.700439,normal
985,1781099986.701148,normal
986,1781099986.702132,http_flood
987,1781099986.703244,normal
988,1781099986.704537,normal
989,1781099986.705332,normal
990,1781099986.707064,normal
991,1781099986.708266,normal
992,1781099986.709022,normal
993,1781099986.710452,normal
994,1781099986.711645,normal
995,1781099986.712521,normal
996,1781099986.713692,normal
997,1781099986.714757,normal
998,1781099986.715796,normal
999,1781099986.717012,normal
1000,1781099986.718338,normal
1001,1781099986.718951,normal
1002,1781099986.720274,http_flood
1003,1781099986.721052,normal
1004,1781099986.721882,normal
1005,1781099986.722843,normal
1006,1781099986.724088,normal
1007,1781099986.725119,normal
1008,1781099986.726320,normal
1009,1781099986.727427,normal
1010,1781099986.728350,normal
1011,1781099986.730167,normal
1012,1781099986.731620,normal
1013,1781099986.732404,normal
1014,1781099986.733601,normal
1015,1781099986.734842,normal
1016,1781099986.735847,normal
1017,1781099986.736892,normal
1018,1781099986.738216,normal
1019,1781099986.739093,normal
1020,1781099986.740209,normal
1021,1781099986.741069,normal
1022,1781099986.741965,normal
1023,1781099986.743147,normal
1024,1781099986.744405,normal
1025,1781099986.745341,normal
1026,1781099986.746440,normal
1027,1781099986.747175,normal
1028,1781099986.748260,normal
1029,1781099986.749835,normal
1030,1781099986.751306,normal
1031,1781099986.752465,normal
1032,1781099986.753436,normal
1033,1781099986.754632,normal
1034,1781099986.755940,normal
1035,1781099986.756811,normal
1036,1781099986.757886,normal
1037,1781099986.759227,normal
1038,1781099986.760500,normal
1039,1781099986.761458,normal
1040,1781099986.762537,normal
1041,1781099986.763711,normal
1042,1781099986.764727,normal
1043,1781099986.765956,normal
1044,1781099986.767089,normal
1045,1781099986.768343,normal
1046,1781099986.769394,normal
1047,1781099986.770424,normal
1048,1781099986.771548,normal
1049,1781099986.772499,normal
1050,1781099986.773446,normal
1051,1781099986.774366,normal
1052,1781099986.775667,normal
1053,1781099986.776987,normal
1054,1781099986.777900,normal
1055,1781099986.779029,normal
1056,1781099986.779949,normal
1057,1781099986.781050,normal
1058,1781099986.782093,normal
1059,1781099986.783155,normal
1060,1781099986.784340,normal
1061,1781099986.785696,normal
1062,1781099986.786719,normal
1063,1781099986.787651,normal
1064,1781099986.788383,normal
1065,1781099986.789685,normal
1066,1781099986.790725,normal
1067,1781099986.791230,normal
1068,1781099986.792616,normal
1069,1781099986.793515,normal
1070,1781099986.794828,normal
1071,1781099986.795653,normal
1072,1781099986.796744,normal
1073,1781099986.797466,normal
1074,1781099986.798804,normal
1075,1781099986.799572,normal
1076,1781099986.800445,normal
1077,1781099986.801280,http_flood
1078,1781099986.802363,normal
1079,1781099986.803334,normal
1080,1781099986.804404,normal
1081,1781099986.805280,normal
1082,1781099986.806460,normal
1083,1781099986.807048,normal
1084,1781099986.807829,normal
1085,1781099986.808683,normal
1086,1781099986.810127,normal
1087,1781099986.811254,normal
1088,1781099986.812191,normal
1089,1781099986.813290,normal
1090,1781099986.814617,normal
1091,1781099986.815541,normal
1092,1781099986.816310,normal
1093,1781099986.817415,normal
1094,1781099986.818592,normal
1095,1781099986.819642,normal
1096,1781099986.820287,normal
1097,1781099986.821646,normal
1098,1781099986.822653,normal
1099,1781099986.823543,normal
1100,1781099986.824545,normal
1101,1781099986.825803,normal
1102,1781099986.826734,normal
1103,1781099986.827680,normal
1104,1781099986.828871,normal
1105,1781099986.830330,normal
1106,1781099986.831357,normal
1107,1781099986.832538,normal
1108,1781099986.833517,normal
1109,1781099986.834231,normal
1110,1781099986.835196,normal
1111,1781099986.836097,normal
1112,1781099986.837296,normal
1113,1781099986.838206,normal
1114,1781099986.839156,normal
1115,1781099986.840109,normal
1116,1781099986.841333,normal
1117,1781099986.842547,normal
1118,1781099986.843493,normal
1119,1781099986.844812,normal
1120,1781099986.845946,normal
1121,1781099986.847267,normal
1122,1781099986.848317,normal
1123,1781099986.849498,normal
1124,1781099986.850712,normal
1125,1781099986.852217,normal
1126,1781099986.853049,normal
1127,1781099986.853925,normal
1128,1781099986.854949,normal
1129,1781099986.855943,normal
1130,1781099986.857338,normal
1131,1781099986.858141,normal
1132,1781099986.859088,normal
1133,1781099986.860266,normal
1134,1781099986.861056,normal
1135,1781099986.861998,normal
1136,1781099986.863247,normal
1137,1781099986.864253,normal
1138,1781099986.865520,normal
1139,1781099986.866484,normal
1140,1781099986.867165,normal
1141,1781099986.867968,normal
1142,1781099986.868835,normal
1143,1781099986.869611,normal
1144,1781099986.870362,normal
1145,1781099986.871242,normal
1146,1781099986.872261,normal
1147,1781099986.872941,normal
1148,1781099986.873877,normal
1149,1781099986.874784,normal
1150,1781099986.875978,normal
1151,1781099986.877211,http_flood
1152,1781099986.878510,normal
1153,1781099986.879532,normal
1154,1781099986.880414,normal
1155,1781099986.881993,normal
1156,1781099986.883064,normal
1157,1781099986.883834,normal
1158,1781099986.884979,normal
1159,1781099986.886455,normal
1160,1781099986.887321,normal
1161,1781099986.888203,normal
1162,1781099986.889316,normal
1163,1781099986.890058,normal
1164,1781099986.891480,normal
1165,1781099986.892950,normal
1166,1781099986.893762,normal
1167,1781099986.894776,normal
1168,1781099986.895499,normal
1169,1781099986.896599,http_flood
1170,1781099986.897702,normal
1171,1781099986.898870,normal
1172,1781099986.899796,normal
1173,1781099986.901557,normal
1174,1781099986.902395,normal
1175,1781099986.903053,normal
1176,1781099986.904484,normal
1177,1781099986.905925,normal
1178,1781099986.907080,normal
1179,1781099986.907690,normal
1180,1781099986.908354,normal
1181,1781099986.909474,normal
1182,1781099986.910829,normal
1183,1781099986.911867,normal
1184,1781099986.912850,normal
1185,1781099986.913733,normal
1186,1781099986.914295,normal
1187,1781099986.915308,normal
1188,1781099986.916126,normal
1189,1781099986.916979,normal
1190,1781099986.918133,normal
1191,1781099986.919052,normal
1192,1781099986.919954,normal
1193,1781099986.920912,normal
1194,1781099986.921956,normal
1195,1781099986.923078,normal
1196,1781099986.923898,normal
1197,1781099986.925038,normal
1198,1781099986.925854,syn_flood
1199,1781099986.927471,normal
1200,1781099986.928583,normal
1201,1781099986.929496,normal
1202,1781099986.931012,normal
1203,1781099986.931940,normal
1204,1781099986.933093,normal
1205,1781099986.934143,normal
1206,1781099986.935186,normal
1207,1781099986.936076,normal
1208,1781099986.936996,normal
1209,1781099986.937990,normal
1210,1781099986.939171,normal
1211,1781099986.940182,normal
1212,1781099986.941131,syn_flood
1213,1781099986.942030,normal
1214,1781099986.943008,normal
1215,1781099986.943919,normal
1216,1781099986.945021,normal
1217,1781099986.946055,normal
1218,1781099986.946929,normal
1219,1781099986.948114,normal
1220,1781099986.949374,normal
1221,1781099986.950259,normal
1222,1781099986.951607,normal
1223,1781099986.952524,normal
1224,1781099986.953511,udp_reflection
1225,1781099986.954664,normal
1226,1781099986.955777,normal
1227,1781099986.956891,normal
1228,1781099986.957636,normal
1229,1781099986.958689,normal
1230,1781099986.959509,normal
1231,1781099986.960589,normal
1232,1781099986.961804,normal
1233,1781099986.962522,normal
1234,1781099986.963341,normal
1235,1781099986.964265,normal
1236,1781099986.965146,normal
1237,1781099986.965989,normal
1238,1781099986.966945,normal
1239,1781099986.968444,normal
1240,1781099986.969588,normal
1241,1781099986.970299,normal
1242,1781099986.971694,normal
1243,1781099986.972337,normal
1244,1781099986.973571,normal
1245,1781099986.974724,normal
1246,1781099986.975744,normal
1247,1781099986.977229,normal
1248,1781099986.978277,normal
1249,1781099986.979403,normal
1250,1781099986.980318,normal
1251,1781099986.981521,normal
1252,1781099986.983006,http_flood
1253,1781099986.983708,normal
1254,1781099986.984973,normal
1255,1781099986.987009,normal
1256,1781099986.988183,normal
1257,1781099986.989183,normal
1258,1781099986.990284,normal
1259,1781099986.991088,normal
1260,1781099986.991651,normal
1261,1781099986.992619,normal
1262,1781099986.993327,normal
1263,1781099986.994259,normal
1264,1781099986.995004,normal
1265,1781099986.996011,normal
1266,1781099986.996896,udp_reflection
1267,1781099986.997685,normal
1268,1781099986.998472,normal
1269,1781099986.998984,http_flood
1270,1781099986.999821,normal
1271,1781099987.000899,normal
1272,1781099987.002081,normal
1273,1781099987.002952,udp_reflection
1274,1781099987.004073,normal
1275,1781099987.005129,normal
1276,1781099987.006617,normal
1277,1781099987.007418,normal
1278,1781099987.008769,normal
1279,1781099987.009600,normal
1280,1781099987.010589,normal
1281,1781099987.011342,normal
1282,1781099987.012678,normal
1283,1781099987.013688,normal
1284,1781099987.015102,normal
1285,1781099987.015986,normal
1286,1781099987.016838,normal
1287,1781099987.017766,normal
1288,1781099987.018852,normal
1289,1781099987.019891,normal
1290,1781099987.021008,normal
1291,1781099987.021767,normal
1292,1781099987.022825,normal
1293,1781099987.023657,normal
1294,1781099987.024686,normal
1295,1781099987.025845,normal
1296,1781099987.027231,normal
1297,1781099987.028237,normal
1298,1781099987.029527,udp_reflection
1299,1781099987.030652,normal
1300,1781099987.031643,normal
1301,1781099987.032691,normal
1302,1781099987.033678,normal
1303,1781099987.034561,normal
1304,1781099987.035451,normal
1305,1781099987.036331,normal
1306,1781099987.037462,normal
1307,1781099987.038594,normal
1308,1781099987.039312,normal
1309,1781099987.040021,normal
1310,1781099987.041104,normal
1311,1781099987.042189,normal
1312,1781099987.043088,normal
1313,1781099987.044127,normal
1314,1781099987.045429,normal
1315,1781099987.046597,normal
1316,1781099987.047536,normal
1317,1781099987.048738,normal
1318,1781099987.049791,normal
1319,1781099987.050820,normal
1320,1781099987.052002,normal
1321,1781099987.053089,normal
1322,1781099987.054167,normal
1323,1781099987.055061,normal
1324,1781099987.056089,normal
1325,1781099987.056828,normal
1326,1781099987.058122,normal
1327,1781099987.059112,normal
1328,1781099987.059987,normal
1329,1781099987.060794,normal
1330,1781099987.061401,normal
1331,1781099987.063124,normal
1332,1781099987.064468,normal
1333,1781099987.065382,normal
1334,1781099987.066569,normal
1335,1781099987.067204,normal
1336,1781099987.067842,normal
1337,1781099987.068737,normal
1338,1781099987.069534,normal
1339,1781099987.070541,normal
1340,1781099987.071208,normal
1341,1781099987.072482,normal
1342,1781099987.073560,normal
1343,1781099987.074468,normal
1344,1781099987.075698,normal
1345,1781099987.076697,normal
1346,1781099987.077537,normal
1347,1781099987.078228,normal
1348,1781099987.079255,normal
1349,1781099987.080518,normal
1350,1781099987.081499,normal
1351,1781099987.082241,normal
1352,1781099987.083328,normal
1353,1781099987.084391,normal
1354,1781099987.085423,normal
1355,1781099987.086491,normal
1356,1781099987.087368,normal
1357,1781099987.088500,normal
1358,1781099987.089434,normal
1359,1781099987.090383,normal
1360,1781099987.091158,normal
1361,1781099987.091962,normal
1362,1781099987.092956,normal
1363,1781099987.093724,normal
1364,1781099987.094817,normal
1365,1781099987.096078,normal
1366,1781099987.097308,normal
1367,1781099987.098189,normal
1368,1781099987.098996,normal
1369,1781099987.100264,udp_reflection
1370,1781099987.101238,normal
1371,1781099987.102041,normal
1372,1781099987.103173,normal
1373,1781099987.103925,normal
1374,1781099987.104756,normal
1375,1781099987.105704,normal
1376,1781099987.106719,normal
1377,1781099987.107810,normal
1378,1781099987.109158,normal
1379,1781099987.110192,normal
1380,1781099987.111243,normal
1381,1781099987.112138,normal
1382,1781099987.113003,normal
1383,1781099987.113997,normal
1384,1781099987.114690,normal
1385,1781099987.115822,normal
1386,1781099987.116585,normal
1387,1781099987.118216,normal
1388,1781099987.119707,normal
1389,1781099987.120570,normal
1390,1781099987.121450,normal
1391,1781099987.122307,normal
1392,1781099987.123270,syn_flood
1393,1781099987.124398,normal
1394,1781099987.125173,normal
1395,1781099987.125998,normal
1396,1781099987.127988,normal
1397,1781099987.129135,http_flood
1398,1781099987.130253,normal
1399,1781099987.131377,normal
1400,1781099987.132136,normal
1401,1781099987.132983,normal
1402,1781099987.134086,normal
1403,1781099987.134828,normal
1404,1781099987.135739,normal
1405,1781099987.136434,normal
1406,1781099987.137382,normal
1407,1781099987.138378,normal
1408,1781099987.139383,normal
1409,1781099987.140214,normal
1410,1781099987.141275,normal
1411,1781099987.142495,normal
1412,1781099987.143584,normal
1413,1781099987.144424,normal
1414,1781099987.145348,normal
1415,1781099987.146271,normal
1416,1781099987.147146,normal
1417,1781099987.148541,normal
1418,1781099987.149458,normal
1419,1781099987.150392,normal
1420,1781099987.151015,normal
1421,1781099987.151906,udp_reflection
1422,1781099987.152782,normal
1423,1781099987.153915,normal
1424,1781099987.154938,normal
1425,1781099987.155896,normal
1426,1781099987.156688,normal
1427,1781099987.157724,normal
1428,1781099987.158668,syn_flood
1429,1781099987.159600,normal
1430,1781099987.160987,normal
1431,1781099987.162058,normal
1432,1781099987.163060,syn_flood
1433,1781099987.163808,normal
1434,1781099987.164550,normal
1435,1781099987.165495,normal
1436,1781099987.166673,normal
1437,1781099987.167698,normal
1438,1781099987.169013,normal
1439,1781099987.170201,normal
1440,1781099987.171015,normal
1441,1781099987.172143,normal
1442,1781099987.173104,syn_flood
1443,1781099987.173999,normal
1444,1781099987.174838,normal
1445,1781099987.175654,normal
1446,1781099987.176799,normal
1447,1781099987.177513,normal
1448,1781099987.178711,normal
1449,1781099987.179693,normal
1450,1781099987.180561,normal
1451,1781099987.181602,normal
1452,1781099987.182447,normal
1453,1781099987.183389,normal
1454,1781099987.184349,normal
1455,1781099987.185476,normal
1456,1781099987.186526,normal
1457,1781099987.187824,normal
1458,1781099987.188800,normal
1459,1781099987.190154,normal
1460,1781099987.191589,normal
1461,1781099987.192334,normal
1462,1781099987.193111,normal
1463,1781099987.194162,normal
1464,1781099987.195330,syn_flood
1465,1781099987.196535,normal
1466,1781099987.197669,normal
1467,1781099987.198621,normal
1468,1781099987.199894,normal
1469,1781099987.200864,normal
1470,1781099987.201846,normal
1471,1781099987.202856,normal
1472,1781099987.203575,normal
1473,1781099987.205057,normal
1474,1781099987.206143,normal
1475,1781099987.207350,normal
1476,1781099987.208105,normal
1477,1781099987.209010,normal
1478,1781099987.209837,normal
1479,1781099987.211542,normal
1480,1781099987.212147,normal
1481,1781099987.212864,normal
1482,1781099987.213686,normal
1483,1781099987.215177,normal
1484,1781099987.215940,normal
1485,1781099987.217061,normal
1486,1781099987.217758,normal
1487,1781099987.220108,normal
1488,1781099987.220718,normal
1489,1781099987.221665,normal
1490,1781099987.222803,normal
1491,1781099987.223880,normal
1492,1781099987.224846,normal
1493,1781099987.225585,normal
1494,1781099987.226280,normal
1495,1781099987.227028,normal
1496,1781099987.227858,normal
1497,1781099987.229094,normal
1498,1781099987.229990,normal
1499,1781099987.230926,normal
1500,1781099987.232208,normal
1501,1781099987.233240,normal
1502,1781099987.234292,normal
1503,1781099987.235550,normal
1504,1781099987.236330,normal
1505,1781099987.237113,normal
1506,1781099987.237876,normal
1507,1781099987.239090,normal
1508,1781099987.240073,normal
1509,1781099987.241350,normal
1510,1781099987.242536,normal
1511,1781099987.243681,normal
1512,1781099987.244600,normal
1513,1781099987.245321,normal
1514,1781099987.246248,normal
1515,1781099987.247286,normal
1516,1781099987.248031,normal
1517,1781099987.249035,normal
1518,1781099987.250127,normal
1519,1781099987.251069,udp_reflection
1520,1781099987.252419,normal
1521,1781099987.253752,normal
1522,1781099987.254613,udp_reflection
1523,1781099987.255681,normal
1524,1781099987.256758,normal
1525,1781099987.257825,normal
1526,1781099987.258485,normal
1527,1781099987.259344,normal
1528,1781099987.260405,normal
1529,1781099987.261412,normal
1530,1781099987.262627,normal
1531,1781099987.263223,normal
1532,1781099987.264244,normal
1533,1781099987.265347,normal
1534,1781099987.266452,normal
1535,1781099987.267256,normal
1536,1781099987.268100,normal
1537,1781099987.269044,normal
1538,1781099987.270298,normal
1539,1781099987.271457,normal
1540,1781099987.272824,normal
1541,1781099987.273608,normal
1542,1781099987.274964,normal
1543,1781099987.275906,normal
1544,1781099987.276867,normal
1545,1781099987.278030,normal
1546,1781099987.278800,normal
1547,1781099987.279486,normal
1548,1781099987.280324,normal
1549,1781099987.281553,normal
1550,1781099987.282427,normal
1551,1781099987.283405,normal
1552,1781099987.284130,normal
1553,1781099987.285138,normal
1554,1781099987.286167,normal
1555,1781099987.286926,normal
1556,1781099987.288060,normal
1557,1781099987.289053,syn_flood
1558,1781099987.290448,normal
1559,1781099987.291280,normal
1560,1781099987.292237,normal
1561,1781099987.293071,normal
1562,1781099987.294134,normal
1563,1781099987.294878,normal
1564,1781099987.295677,normal
1565,1781099987.296831,normal
1566,1781099987.298085,normal
1567,1781099987.298892,normal
1568,1781099987.300292,normal
1569,1781099987.301095,normal
1570,1781099987.302203,normal
1571,1781099987.302927,normal
1572,1781099987.303857,normal
1573,1781099987.304786,normal
1574,1781099987.305822,normal
1575,1781099987.306429,normal
1576,1781099987.307491,normal
1577,1781099987.308797,normal
1578,1781099987.309696,normal
1579,1781099987.310478,normal
1580,1781099987.311184,normal
1581,1781099987.311940,http_flood
1582,1781099987.313161,normal
1583,1781099987.314099,normal
1584,1781099987.315284,normal
1585,1781099987.316168,normal
1586,1781099987.317038,normal
1587,1781099987.317647,normal
1588,1781099987.318687,normal
1589,1781099987.319408,normal
1590,1781099987.320102,normal
1591,1781099987.321182,normal
1592,1781099987.322273,normal
1593,1781099987.323180,normal
1594,1781099987.324028,normal
1595,1781099987.324845,normal
1596,1781099987.325516,normal
1597,1781099987.326674,normal
1598,1781099987.327432,normal
1599,1781099987.328671,normal
1600,1781099987.329301,normal
1601,1781099987.330560,normal
1602,1781099987.331802,normal
1603,1781099987.332880,normal
1604,1781099987.333849,normal
1605,1781099987.334770,normal
1606,1781099987.335614,normal
1607,1781099987.336418,normal
1608,1781099987.337070,normal
1609,1781099987.337812,normal
1610,1781099987.338710,normal
1611,1781099987.340066,normal
1612,1781099987.340927,normal
1613,1781099987.341728,normal
1614,1781099987.342911,normal
1615,1781099987.343801,normal
1616,1781099987.344546,syn_flood
1617,1781099987.345286,normal
1618,1781099987.346144,normal
1619,1781099987.347037,normal
1620,1781099987.347934,normal
1621,1781099987.349140,normal
1622,1781099987.350057,normal
1623,1781099987.350980,normal
1624,1781099987.351745,normal
1625,1781099987.352293,normal
1626,1781099987.353337,normal
1627,1781099987.353945,normal
1628,1781099987.354743,normal
1629,1781099987.355778,normal
1630,1781099987.356569,normal
1631,1781099987.357746,normal
1632,1781099987.358836,normal
1633,1781099987.360399,normal
1634,1781099987.361274,udp_reflection
1635,1781099987.362086,normal
1636,1781099987.363051,normal
1637,1781099987.363876,normal
1638,1781099987.364572,normal
1639,1781099987.365338,normal
1640,1781099987.366466,normal
1641,1781099987.367303,normal
1642,1781099987.368533,normal
1643,1781099987.369488,normal
1644,1781099987.370368,normal
1645,1781099987.371454,normal
1646,1781099987.372785,normal
1647,1781099987.373509,normal
1648,1781099987.374225,normal
1649,1781099987.375297,normal
1650,1781099987.376164,normal
1651,1781099987.377029,normal
1652,1781099987.377745,normal
1653,1781099987.379159,normal
1654,1781099987.380418,normal
1655,1781099987.381195,normal
1656,1781099987.381990,normal
1657,1781099987.383137,normal
1658,1781099987.384206,normal
1659,1781099987.385191,normal
1660,1781099987.386281,normal
1661,1781099987.386981,normal
1662,1781099987.387792,normal
1663,1781099987.388793,normal
1664,1781099987.389537,normal
1665,1781099987.390788,normal
1666,1781099987.391671,normal
1667,1781099987.392753,normal
1668,1781099987.393473,normal
1669,1781099987.394230,normal
1670,1781099987.395082,normal
1671,1781099987.395877,normal
1672,1781099987.396373,normal
1673,1781099987.397671,normal
1674,1781099987.398515,normal
1675,1781099987.399460,normal
1676,1781099987.400528,normal
1677,1781099987.401751,normal
1678,1781099987.402872,normal
1679,1781099987.404231,normal
1680,1781099987.405307,normal
1681,1781099987.406391,normal
1682,1781099987.407120,normal
1683,1781099987.408521,normal
1684,1781099987.409843,normal
1685,1781099987.410937,normal
1686,1781099987.411671,normal
1687,1781099987.412472,http_flood
1688,1781099987.413301,normal
1689,1781099987.414159,normal
1690,1781099987.415258,normal
1691,1781099987.416399,normal
1692,1781099987.417385,normal
1693,1781099987.418025,normal
1694,1781099987.419235,normal
1695,1781099987.420175,normal
1696,1781099987.421422,normal
1697,1781099987.422157,normal
1698,1781099987.423267,normal
1699,1781099987.424547,normal
1700,1781099987.425310,normal
1701,1781099987.426230,normal
1702,1781099987.427497,normal
1703,1781099987.428274,normal
1704,1781099987.429135,normal
1705,1781099987.429901,normal
1706,1781099987.431167,normal
1707,1781099987.432321,normal
1708,1781099987.433013,normal
1709,1781099987.433884,normal
1710,1781099987.435233,normal
1711,1781099987.435926,normal
1712,1781099987.437388,normal
1713,1781099987.438326,normal
1714,1781099987.439261,normal
1715,1781099987.440014,normal
1716,1781099987.441242,normal
1717,1781099987.442046,normal
1718,1781099987.442840,normal
1719,1781099987.443970,normal
1720,1781099987.445272,normal
1721,1781099987.445971,normal
1722,1781099987.446938,normal
1723,1781099987.447853,normal
1724,1781099987.449035,normal
1725,1781099987.449926,normal
1726,1781099987.451131,normal
1727,1781099987.451997,normal
1728,1781099987.452660,normal
1729,1781099987.453682,normal
1730,1781099987.454458,normal
1731,1781099987.455301,normal
1732,1781099987.456089,normal
1733,1781099987.456979,normal
1734,1781099987.458094,normal
1735,1781099987.459540,normal
1736,1781099987.460546,normal
1737,1781099987.461623,normal
1738,1781099987.462379,normal
1739,1781099987.463158,normal
1740,1781099987.464195,normal
1741,1781099987.465295,normal
1742,1781099987.466262,normal
1743,1781099987.466978,normal
1744,1781099987.467988,normal
1745,1781099987.468721,normal
1746,1781099987.469524,normal
1747,1781099987.470312,normal
1748,1781099987.471381,normal
1749,1781099987.472011,normal
1750,1781099987.472867,normal
1751,1781099987.473713,normal
1752,1781099987.474756,normal
1753,1781099987.475667,normal
1754,1781099987.476801,normal
1755,1781099987.477871,syn_flood
1756,1781099987.478546,normal
1757,1781099987.479541,normal
1758,1781099987.480569,normal
1759,1781099987.481453,normal
1760,1781099987.482365,normal
1761,1781099987.483286,normal
1762,1781099987.483997,normal
1763,1781099987.484911,normal
1764,1781099987.485729,normal
1765,1781099987.486701,normal
1766,1781099987.487574,normal
1767,1781099987.488472,normal
1768,1781099987.489218,normal
1769,1781099987.490389,normal
1770,1781099987.491054,normal
1771,1781099987.492889,normal
1772,1781099987.493931,normal
1773,1781099987.495106,normal
1774,1781099987.496174,normal
1775,1781099987.497046,normal
1776,1781099987.497766,normal
1777,1781099987.498795,normal
1778,1781099987.499563,normal
1779,1781099987.500651,normal
1780,1781099987.501525,normal
1781,1781099987.502612,normal
1782,1781099987.503438,normal
1783,1781099987.504650,normal
1784,1781099987.505680,normal
1785,1781099987.506639,normal
1786,1781099987.507386,normal
1787,1781099987.508496,normal
1788,1781099987.509207,normal
1789,1781099987.510048,normal
1790,1781099987.511197,normal
1791,1781099987.512148,normal
1792,1781099987.512871,normal
1793,1781099987.513703,normal
1794,1781099987.514376,normal
1795,1781099987.515250,syn_flood
1796,1781099987.516220,normal
1797,1781099987.517210,normal
1798,1781099987.518279,normal
1799,1781099987.519178,normal
1800,1781099987.520435,normal
1801,1781099987.521324,normal
1802,1781099987.522697,normal
1803,1781099987.523461,normal
1804,1781099987.524361,normal
1805,1781099987.525535,normal
1806,1781099987.526601,normal
1807,1781099987.527409,normal
1808,1781099987.528050,normal
1809,1781099987.528805,normal
1810,1781099987.529518,normal
1811,1781099987.530975,normal
1812,1781099987.531702,normal
1813,1781099987.532752,normal
1814,1781099987.533474,normal
1815,1781099987.534661,normal
1816,1781099987.535394,normal
1817,1781099987.536216,normal
1818,1781099987.537249,normal
1819,1781099987.538607,normal
1820,1781099987.539412,normal
1821,1781099987.540196,normal
1822,1781099987.541416,normal
1823,1781099987.542217,normal
1824,1781099987.543273,normal
1825,1781099987.544179,normal
1826,1781099987.545005,normal
1827,1781099987.545797,normal
1828,1781099987.546545,normal
1829,1781099987.547525,normal
1830,1781099987.548106,normal
1831,1781099987.549264,normal
1832,1781099987.550340,normal
1833,1781099987.550852,normal
1834,1781099987.551815,normal
1835,1781099987.552781,normal
1836,1781099987.553631,normal
1837,1781099987.555059,normal
1838,1781099987.555758,normal
1839,1781099987.556275,normal
1840,1781099987.556935,normal
1841,1781099987.557555,normal
1842,1781099987.558603,normal
1843,1781099987.559512,normal
1844,1781099987.560264,normal
1845,1781099987.560858,normal
1846,1781099987.561736,normal
1847,1781099987.562622,normal
1848,1781099987.563561,normal
1849,1781099987.564527,normal
1850,1781099987.565218,normal
1851,1781099987.565914,normal
1852,1781099987.566697,normal
1853,1781099987.567936,normal
1854,1781099987.568736,normal
1855,1781099987.569428,normal
1856,1781099987.570522,normal
1857,1781099987.571189,normal
1858,1781099987.572590,normal
1859,1781099987.573760,normal
1860,1781099987.574763,normal
1861,1781099987.575485,normal
1862,1781099987.576456,normal
1863,1781099987.577636,normal
1864,1781099987.578558,normal
1865,1781099987.579613,normal
1866,1781099987.580672,normal
1867,1781099987.581484,normal
1868,1781099987.582064,normal
1869,1781099987.583052,normal
1870,1781099987.584132,normal
1871,1781099987.585095,normal
1872,1781099987.586105,normal
1873,1781099987.587201,normal
1874,1781099987.587958,normal
1875,1781099987.588675,normal
1876,1781099987.589597,normal
1877,1781099987.590408,normal
1878,1781099987.591572,normal
1879,1781099987.592491,normal
1880,1781099987.593515,normal
1881,1781099987.594284,normal
1882,1781099987.595353,normal
1883,1781099987.596074,normal
1884,1781099987.596853,normal
1885,1781099987.597837,normal
1886,1781099987.598538,normal
1887,1781099987.599265,normal
1888,1781099987.600654,normal
1889,1781099987.601337,normal
1890,1781099987.602089,normal
1891,1781099987.603038,normal
1892,1781099987.603737,normal
1893,1781099987.604734,normal
1894,1781099987.605694,normal
1895,1781099987.606313,normal
1896,1781099987.607380,normal
1897,1781099987.609151,normal
1898,1781099987.609958,normal
1899,1781099987.610837,normal
1900,1781099987.611648,normal
1901,1781099987.612477,udp_reflection
1902,1781099987.613519,normal
1903,1781099987.614723,normal
1904,1781099987.615828,http_flood
1905,1781099987.616551,normal
1906,1781099987.617246,normal
1907,1781099987.618461,normal
1908,1781099987.619444,normal
1909,1781099987.620243,normal
1910,1781099987.621351,normal
1911,1781099987.622062,normal
1912,1781099987.622745,normal
1913,1781099987.623605,normal
1914,1781099987.624168,normal
1915,1781099987.625590,normal
1916,1781099987.626649,normal
1917,1781099987.627721,normal
1918,1781099987.628479,normal
1919,1781099987.629629,http_flood
1920,1781099987.630556,normal
1921,1781099987.632116,normal
1922,1781099987.633300,normal
1923,1781099987.634421,normal
1924,1781099987.635121,normal
1925,1781099987.636101,normal
1926,1781099987.636924,normal
1927,1781099987.637648,normal
1928,1781099987.638800,normal
1929,1781099987.639991,normal
1930,1781099987.640819,normal
1931,1781099987.641733,normal
1932,1781099987.642351,normal
1933,1781099987.643276,normal
1934,1781099987.644147,normal
1935,1781099987.644817,normal
1936,1781099987.646137,normal
1937,1781099987.647578,normal
1938,1781099987.648540,normal
1939,1781099987.649714,normal
1940,1781099987.650751,normal
1941,1781099987.651901,normal
1942,1781099987.652660,normal
1943,1781099987.653799,normal
1944,1781099987.654767,normal
1945,1781099987.655623,normal
1946,1781099987.656919,normal
1947,1781099987.657762,normal
1948,1781099987.658538,normal
1949,1781099987.659221,normal
1950,1781099987.660335,normal
1951,1781099987.661198,normal
1952,1781099987.662298,normal
1953,1781099987.663103,normal
1954,1781099987.663977,normal
1955,1781099987.665012,normal
1956,1781099987.665697,normal
1957,1781099987.666681,normal
1958,1781099987.667572,normal
1959,1781099987.668358,normal
1960,1781099987.669286,normal
1961,1781099987.670158,normal
1962,1781099987.671170,normal
1963,1781099987.672024,normal
1964,1781099987.672943,normal
1965,1781099987.673959,normal
1966,1781099987.674731,normal
1967,1781099987.675335,normal
1968,1781099987.676407,normal
1969,1781099987.677622,normal
1970,1781099987.678583,normal
1971,1781099987.679489,normal
1972,1781099987.680072,normal
1973,1781099987.680792,normal
1974,1781099987.681641,normal
1975,1781099987.682762,normal
1976,1781099987.683664,normal
1977,1781099987.684350,normal
1978,1781099987.685640,normal
1979,1781099987.686767,normal
1980,1781099987.687478,normal
1981,1781099987.688918,normal
1982,1781099987.689894,normal
1983,1781099987.690945,normal
1984,1781099987.691627,normal
1985,1781099987.692548,normal
1986,1781099987.693578,normal
1987,1781099987.694350,normal
1988,1781099987.695257,normal
1989,1781099987.695938,normal
1990,1781099987.696987,normal
1991,1781099987.698237,normal
1992,1781099987.699527,normal
1993,1781099987.700570,normal
1994,1781099987.701807,normal
1995,1781099987.702812,normal
1996,1781099987.703702,normal
1997,1781099987.704885,normal
1998,1781099987.705624,normal
1999,1781099987.706522,normal
2000,1781099987.707553,normal
2001,1781099987.708677,normal
2002,1781099987.709661,normal
2003,1781099987.710730,normal
2004,1781099987.712125,normal
2005,1781099987.713210,normal
2006,1781099987.714165,normal
2007,1781099987.715109,normal
2008,1781099987.716237,normal
2009,1781099987.717556,normal
2010,1781099987.718538,normal
2011,1781099987.719248,normal
2012,1781099987.719913,normal
2013,1781099987.721187,normal
2014,1781099987.722362,normal
2015,1781099987.723161,normal
2016,1781099987.723808,normal
2017,1781099987.724597,normal
2018,1781099987.726121,normal
2019,1781099987.726908,normal
2020,1781099987.727731,normal
2021,1781099987.728671,normal
2022,1781099987.729600,normal
2023,1781099987.730604,normal
2024,1781099987.731378,normal
2025,1781099987.731962,normal
2026,1781099987.732959,normal
2027,1781099987.733587,normal
2028,1781099987.734364,normal
2029,1781099987.735194,normal
2030,1781099987.736071,normal
2031,1781099987.737036,normal
2032,1781099987.738077,normal
2033,1781099987.738975,normal
2034,1781099987.739725,normal
2035,1781099987.740740,normal
2036,1781099987.741575,normal
2037,1781099987.742455,normal
2038,1781099987.743274,normal
2039,1781099987.744045,normal
2040,1781099987.745207,normal
2041,1781099987.746231,normal
2042,1781099987.746930,normal
2043,1781099987.748238,normal
2044,1781099987.748961,normal
2045,1781099987.750023,normal
2046,1781099987.750816,normal
2047,1781099987.751755,normal
2048,1781099987.752453,normal
2049,1781099987.753412,normal
2050,1781099987.754779,normal
2051,1781099987.755838,normal
2052,1781099987.756753,normal
2053,1781099987.758576,normal
2054,1781099987.759528,normal
2055,1781099987.760651,normal
2056,1781099987.761694,normal
2057,1781099987.762530,normal
2058,1781099987.763687,normal
2059,1781099987.764413,normal
2060,1781099987.765323,normal
2061,1781099987.766088,normal
2062,1781099987.766881,normal
2063,1781099987.767718,normal
2064,1781099987.769011,normal
2065,1781099987.769724,normal
2066,1781099987.770853,normal
2067,1781099987.771555,normal
2068,1781099987.772562,normal
2069,1781099987.773479,normal
2070,1781099987.774150,normal
2071,1781099987.775104,http_flood
2072,1781099987.775699,normal
2073,1781099987.776511,normal
2074,1781099987.777114,normal
2075,1781099987.777769,normal
2076,1781099987.778612,normal
2077,1781099987.779533,normal
2078,1781099987.780207,normal
2079,1781099987.780926,normal
2080,1781099987.781817,normal
2081,1781099987.783144,normal
2082,1781099987.784023,normal
2083,1781099987.785180,normal
2084,1781099987.786358,normal
2085,1781099987.787447,normal
2086,1781099987.788029,normal
2087,1781099987.788850,normal
2088,1781099987.789803,normal
2089,1781099987.790551,normal
2090,1781099987.791774,normal
2091,1781099987.792538,normal
2092,1781099987.793590,normal
2093,1781099987.794822,normal
2094,1781099987.796164,normal
2095,1781099987.797119,normal
2096,1781099987.797969,normal
2097,1781099987.798913,normal
2098,1781099987.799874,normal
2099,1781099987.800682,normal
2100,1781099987.801899,normal
2101,1781099987.802993,normal
2102,1781099987.804047,normal
2103,1781099987.804839,normal
2104,1781099987.805562,normal
2105,1781099987.806568,normal
2106,1781099987.807857,normal
2107,1781099987.808723,normal
2108,1781099987.809851,normal
2109,1781099987.810548,normal
2110,1781099987.811407,normal
2111,1781099987.812419,normal
2112,1781099987.813330,normal
2113,1781099987.814304,normal
2114,1781099987.815534,normal
2115,1781099987.816246,normal
2116,1781099987.817116,normal
2117,1781099987.818227,normal
2118,1781099987.818861,normal
2119,1781099987.820216,normal
2120,1781099987.821032,normal
2121,1781099987.821898,normal
2122,1781099987.822472,normal
2123,1781099987.823750,normal
2124,1781099987.824363,normal
2125,1781099987.825439,normal
2126,1781099987.826554,normal
2127,1781099987.827621,normal
2128,1781099987.828461,normal
2129,1781099987.829317,normal
2130,1781099987.830097,normal
2131,1781099987.830949,normal
2132,1781099987.831565,normal
2133,1781099987.832311,normal
2134,1781099987.833202,normal
2135,1781099987.834300,normal
2136,1781099987.835177,normal
2137,1781099987.835889,normal
2138,1781099987.836650,normal
2139,1781099987.837515,normal
2140,1781099987.838219,normal
2141,1781099987.839214,http_flood
2142,1781099987.840186,normal
2143,1781099987.841213,normal
2144,1781099987.842438,normal
2145,1781099987.843296,normal
2146,1781099987.844151,normal
2147,1781099987.845260,normal
2148,1781099987.846280,normal
2149,1781099987.847551,normal
2150,1781099987.848693,normal
2151,1781099987.849746,normal
2152,1781099987.850546,normal
2153,1781099987.851457,normal
2154,1781099987.852306,normal
2155,1781099987.853423,normal
2156,1781099987.854085,normal
2157,1781099987.855011,normal
2158,1781099987.855922,normal
2159,1781099987.856767,normal
2160,1781099987.857589,normal
2161,1781099987.858324,normal
2162,1781099987.859398,normal
2163,1781099987.860432,normal
2164,1781099987.861340,normal
2165,1781099987.862170,normal
2166,1781099987.863305,normal
2167,1781099987.864432,normal
2168,1781099987.865284,normal
2169,1781099987.866350,normal
2170,1781099987.867272,normal
2171,1781099987.867865,normal
2172,1781099987.868590,normal
2173,1781099987.869640,normal
2174,1781099987.870688,normal
2175,1781099987.871585,normal
2176,1781099987.872557,normal
2177,1781099987.873511,normal
2178,1781099987.874292,normal
2179,1781099987.875272,normal
2180,1781099987.876320,normal
2181,1781099987.877047,normal
2182,1781099987.877669,normal
2183,1781099987.878999,normal
2184,1781099987.879686,normal
2185,1781099987.880637,normal
2186,1781099987.881587,normal
2187,1781099987.882693,normal
2188,1781099987.883300,normal
2189,1781099987.884301,normal
2190,1781099987.885242,normal
2191,1781099987.886184,normal
2192,1781099987.887375,normal
2193,1781099987.888410,normal
2194,1781099987.889605,normal
2195,1781099987.890488,normal
2196,1781099987.891483,normal
2197,1781099987.892358,normal
2198,1781099987.893156,normal
2199,1781099987.893777,normal
2200,1781099987.894799,normal
2201,1781099987.895484,normal
2202,1781099987.896402,normal
2203,1781099987.897588,normal
2204,1781099987.898660,normal
2205,1781099987.900163,normal
2206,1781099987.900886,normal
2207,1781099987.901761,normal
2208,1781099987.902781,normal
2209,1781099987.903687,normal
2210,1781099987.904444,normal
2211,1781099987.905433,normal
2212,1781099987.905949,udp_reflection
2213,1781099987.907098,normal
2214,1781099987.908068,normal
2215,1781099987.909129,normal
2216,1781099987.909919,normal
2217,1781099987.910945,normal
2218,1781099987.911769,normal
2219,1781099987.912732,normal
2220,1781099987.913707,normal
2221,1781099987.914433,http_flood
2222,1781099987.915094,normal
2223,1781099987.916216,normal
2224,1781099987.917271,normal
2225,1781099987.918014,normal
2226,1781099987.919085,normal
2227,1781099987.920241,normal
2228,1781099987.921045,normal
2229,1781099987.922141,normal
2230,1781099987.922931,normal
2231,1781099987.924006,normal
2232,1781099987.924957,normal
2233,1781099987.926015,normal
2234,1781099987.926920,normal
2235,1781099987.927668,normal
2236,1781099987.928410,normal
2237,1781099987.929179,normal
2238,1781099987.929965,normal
2239,1781099987.930920,normal
2240,1781099987.931997,normal
2241,1781099987.932701,normal
2242,1781099987.933461,normal
2243,1781099987.934493,normal
2244,1781099987.935656,normal
2245,1781099987.936418,normal
2246,1781099987.937739,normal
2247,1781099987.938552,normal
2248,1781099987.939637,normal
2249,1781099987.940503,normal
2250,1781099987.941588,normal
2251,1781099987.942463,normal
2252,1781099987.943777,normal
2253,1781099987.944812,normal
2254,1781099987.945763,normal
2255,1781099987.946669,normal
2256,1781099987.947894,normal
2257,1781099987.949079,normal
2258,1781099987.949969,normal
2259,1781099987.950933,normal
2260,1781099987.951918,normal
2261,1781099987.952860,normal
2262,1781099987.953488,normal
2263,1781099987.954141,normal
2264,1781099987.955369,normal
2265,1781099987.956059,normal
2266,1781099987.956969,normal
2267,1781099987.957825,normal
2268,1781099987.958863,normal
2269,1781099987.959782,normal
2270,1781099987.960573,normal
2271,1781099987.961374,normal
2272,1781099987.962244,normal
2273,1781099987.963678,normal
2274,1781099987.964931,normal
2275,1781099987.965575,normal
2276,1781099987.966662,normal
2277,1781099987.967417,normal
2278,1781099987.968604,normal
2279,1781099987.969345,normal
2280,1781099987.969978,normal
2281,1781099987.971211,normal
2282,1781099987.972163,normal
2283,1781099987.973240,normal
2284,1781099987.973980,normal
2285,1781099987.975056,normal
2286,1781099987.975857,normal
2287,1781099987.976675,normal
2288,1781099987.977473,normal
2289,1781099987.978102,normal
2290,1781099987.979219,normal
2291,1781099987.980037,normal
2292,1781099987.980959,normal
2293,1781099987.981936,normal
2294,1781099987.982912,normal
2295,1781099987.983934,normal
2296,1781099987.984773,normal
2297,1781099987.985726,normal
2298,1781099987.986579,normal
2299,1781099987.987571,normal
2300,1781099987.988312,normal
2301,1781099987.989285,normal
2302,1781099987.989905,syn_flood
2303,1781099987.991180,normal
2304,1781099987.992162,normal
2305,1781099987.993574,normal
2306,1781099987.994212,normal
2307,1781099987.994919,normal
2308,1781099987.995960,normal
2309,1781099987.996745,normal
2310,1781099987.997522,normal
2311,1781099987.998351,normal
2312,1781099987.999405,normal
2313,1781099988.000172,normal
2314,1781099988.000936,normal
2315,1781099988.001623,normal
2316,1781099988.002384,normal
2317,1781099988.003293,normal
2318,1781099988.003919,normal
2319,1781099988.004590,normal
2320,1781099988.005369,normal
2321,1781099988.006185,normal
2322,1781099988.007215,normal
2323,1781099988.008996,normal
2324,1781099988.009973,normal
2325,1781099988.010668,normal
2326,1781099988.011604,normal
2327,1781099988.012302,normal
2328,1781099988.013162,normal
2329,1781099988.014228,normal
2330,1781099988.015391,normal
2331,1781099988.016406,normal
2332,1781099988.017286,normal
2333,1781099988.018033,normal
2334,1781099988.019049,normal
2335,1781099988.020151,normal
2336,1781099988.021002,normal
2337,1781099988.021970,normal
2338,1781099988.023415,normal
2339,1781099988.024852,normal
2340,1781099988.026307,normal
2341,1781099988.027204,normal
2342,1781099988.028051,normal
2343,1781099988.029038,normal
2344,1781099988.029663,normal
2345,1781099988.030590,normal
2346,1781099988.031447,normal
2347,1781099988.032275,normal
2348,1781099988.033312,normal
2349,1781099988.034425,normal
2350,1781099988.035650,normal
2351,1781099988.036568,normal
2352,1781099988.037839,normal
2353,1781099988.038658,normal
2354,1781099988.039583,normal
2355,1781099988.040190,normal
2356,1781099988.041031,normal
2357,1781099988.041847,normal
2358,1781099988.043048,normal
2359,1781099988.043907,normal
2360,1781099988.044786,normal
2361,1781099988.045591,normal
2362,1781099988.046390,normal
2363,1781099988.047258,normal
2364,1781099988.048309,normal
2365,1781099988.049055,normal
2366,1781099988.050042,normal
2367,1781099988.051094,normal
2368,1781099988.051683,normal
2369,1781099988.052441,http_flood
2370,1781099988.053122,normal
2371,1781099988.053909,normal
2372,1781099988.055261,normal
2373,1781099988.056005,normal
2374,1781099988.057116,normal
2375,1781099988.058537,normal
2376,1781099988.059272,normal
2377,1781099988.060035,normal
2378,1781099988.061376,normal
2379,1781099988.062303,normal
2380,1781099988.063186,normal
2381,1781099988.064066,normal
2382,1781099988.064939,normal
2383,1781099988.065842,normal
2384,1781099988.066778,normal
2385,1781099988.067386,normal
2386,1781099988.068164,normal
2387,1781099988.069158,normal
2388,1781099988.069896,normal
2389,1781099988.070758,normal
2390,1781099988.071997,normal
2391,1781099988.072705,normal
2392,1781099988.073605,normal
2393,1781099988.074445,normal
2394,1781099988.075336,normal
2395,1781099988.076341,normal
2396,1781099988.077009,normal
2397,1781099988.078063,normal
2398,1781099988.078949,normal
2399,1781099988.079966,normal
2400,1781099988.081034,normal
2401,1781099988.081865,normal
2402,1781099988.082744,normal
2403,1781099988.084118,normal
2404,1781099988.084844,normal
2405,1781099988.085896,normal
2406,1781099988.086953,normal
2407,1781099988.087792,normal
2408,1781099988.089072,normal
2409,1781099988.090379,normal
2410,1781099988.091612,normal
2411,1781099988.092310,normal
2412,1781099988.093332,normal
2413,1781099988.094562,normal
2414,1781099988.095443,normal
2415,1781099988.096163,normal
2416,1781099988.097085,normal
2417,1781099988.097989,normal
2418,1781099988.099032,normal
2419,1781099988.100152,normal
2420,1781099988.101202,normal
2421,1781099988.102152,normal
2422,1781099988.103100,normal
2423,1781099988.103819,normal
2424,1781099988.104582,normal
2425,1781099988.105883,normal
2426,1781099988.107203,normal
2427,1781099988.107898,normal
2428,1781099988.108608,normal
2429,1781099988.109824,normal
2430,1781099988.110802,normal
2431,1781099988.112284,normal
2432,1781099988.113246,udp_reflection
2433,1781099988.114088,normal
2434,1781099988.114901,normal
2435,1781099988.115916,normal
2436,1781099988.116653,normal
2437,1781099988.117850,normal
2438,1781099988.118611,normal
2439,1781099988.119454,normal
2440,1781099988.120521,normal
2441,1781099988.121389,normal
2442,1781099988.122284,normal
2443,1781099988.123168,normal
2444,1781099988.123945,normal
2445,1781099988.124709,normal
2446,1781099988.125741,normal
2447,1781099988.126658,normal
2448,1781099988.128058,normal
2449,1781099988.129043,normal
2450,1781099988.130096,normal
2451,1781099988.131097,normal
2452,1781099988.132331,normal
2453,1781099988.133206,normal
2454,1781099988.134114,normal
2455,1781099988.135439,normal
2456,1781099988.136587,normal
2457,1781099988.137539,normal
2458,1781099988.138743,normal
2459,1781099988.139436,normal
2460,1781099988.140612,normal
2461,1781099988.141411,normal
2462,1781099988.142313,normal
2463,1781099988.143025,normal
2464,1781099988.143793,normal
2465,1781099988.144598,normal
2466,1781099988.145626,normal
2467,1781099988.146320,normal
2468,1781099988.147192,normal
2469,1781099988.147941,normal
2470,1781099988.148894,normal
2471,1781099988.149826,normal
2472,1781099988.150713,normal
2473,1781099988.151938,normal
2474,1781099988.152687,normal
2475,1781099988.153777,normal
2476,1781099988.154761,normal
2477,1781099988.155711,normal
2478,1781099988.156785,normal
2479,1781099988.157730,normal
2480,1781099988.158993,normal
2481,1781099988.159905,normal
2482,1781099988.160675,normal
2483,1781099988.161866,normal
2484,1781099988.162664,normal
2485,1781099988.163463,normal
2486,1781099988.164187,normal
2487,1781099988.165287,normal
2488,1781099988.166354,normal
2489,1781099988.167097,normal
2490,1781099988.168213,normal
2491,1781099988.169030,normal
2492,1781099988.169997,normal
2493,1781099988.171341,normal
2494,1781099988.172536,normal
2495,1781099988.173387,syn_flood
2496,1781099988.174689,normal
2497,1781099988.175564,normal
2498,1781099988.176765,normal
2499,1781099988.177370,http_flood
2500,1781099988.177921,normal
2501,1781099988.178689,normal
2502,1781099988.179518,normal
2503,1781099988.180578,normal
2504,1781099988.181487,normal
2505,1781099988.182235,normal
2506,1781099988.182959,normal
2507,1781099988.183928,normal
2508,1781099988.184872,normal
2509,1781099988.185596,normal
2510,1781099988.186444,normal
2511,1781099988.187455,normal
2512,1781099988.188201,normal
2513,1781099988.188948,normal
2514,1781099988.189807,normal
2515,1781099988.190708,normal
2516,1781099988.191826,normal
2517,1781099988.192664,normal
2518,1781099988.193654,normal
2519,1781099988.194441,normal
2520,1781099988.195063,normal
2521,1781099988.196072,normal
2522,1781099988.197107,normal
2523,1781099988.197932,normal
2524,1781099988.198559,syn_flood
2525,1781099988.199224,normal
2526,1781099988.200446,normal
2527,1781099988.201502,normal
2528,1781099988.202601,normal
2529,1781099988.203428,normal
2530,1781099988.204322,normal
2531,1781099988.205089,normal
2532,1781099988.205790,normal
2533,1781099988.206905,normal
2534,1781099988.207768,normal
2535,1781099988.208363,normal
2536,1781099988.209677,normal
2537,1781099988.210553,normal
2538,1781099988.211292,normal
2539,1781099988.212226,normal
2540,1781099988.213030,normal
2541,1781099988.214011,normal
2542,1781099988.215013,normal
2543,1781099988.216309,normal
2544,1781099988.217247,normal
2545,1781099988.217928,normal
2546,1781099988.218923,normal
2547,1781099988.219930,normal
2548,1781099988.220856,normal
2549,1781099988.221628,normal
2550,1781099988.222587,normal
2551,1781099988.223473,normal
2552,1781099988.224682,normal
2553,1781099988.225933,normal
2554,1781099988.226808,normal
2555,1781099988.227828,normal
2556,1781099988.228756,syn_flood
2557,1781099988.230023,normal
2558,1781099988.231074,normal
2559,1781099988.232054,normal
2560,1781099988.232845,normal
2561,1781099988.233458,normal
2562,1781099988.234508,normal
2563,1781099988.235337,normal
2564,1781099988.235808,normal
2565,1781099988.236606,normal
2566,1781099988.237411,normal
2567,1781099988.238219,normal
2568,1781099988.238980,http_flood
2569,1781099988.239774,normal
2570,1781099988.240556,normal
2571,1781099988.241812,normal
2572,1781099988.242815,normal
2573,1781099988.243432,normal
2574,1781099988.244042,normal
2575,1781099988.245324,normal
2576,1781099988.246355,normal
2577,1781099988.247670,normal
2578,1781099988.248567,normal
2579,1781099988.249228,normal
2580,1781099988.250164,normal
2581,1781099988.251076,normal
2582,1781099988.251743,normal
2583,1781099988.253318,normal
2584,1781099988.254353,normal
2585,1781099988.255301,normal
2586,1781099988.256261,normal
2587,1781099988.257093,normal
2588,1781099988.258263,normal
2589,1781099988.259425,normal
2590,1781099988.260401,normal
2591,1781099988.261610,normal
2592,1781099988.262515,normal
2593,1781099988.263194,normal
2594,1781099988.264375,normal
2595,1781099988.264943,normal
2596,1781099988.265975,normal
2597,1781099988.267043,normal
2598,1781099988.267677,normal
2599,1781099988.268914,normal
2600,1781099988.269934,normal
2601,1781099988.271176,normal
2602,1781099988.271814,normal
2603,1781099988.273000,normal
2604,1781099988.274046,normal
2605,1781099988.274532,normal
2606,1781099988.275622,normal
2607,1781099988.276650,normal
2608,1781099988.277606,normal
2609,1781099988.278725,normal
2610,1781099988.279775,normal
2611,1781099988.280465,normal
2612,1781099988.281120,normal
2613,1781099988.282631,normal
2614,1781099988.283614,normal
2615,1781099988.284383,normal
2616,1781099988.285094,normal
2617,1781099988.285649,normal
2618,1781099988.286549,normal
2619,1781099988.287680,normal
2620,1781099988.288553,normal
2621,1781099988.289743,normal
2622,1781099988.290761,normal
2623,1781099988.291797,normal
2624,1781099988.292843,normal
2625,1781099988.293680,normal
2626,1781099988.294555,normal
2627,1781099988.295564,normal
2628,1781099988.296568,normal
2629,1781099988.297561,normal
2630,1781099988.298414,normal
2631,1781099988.299700,normal
2632,1781099988.300415,normal
2633,1781099988.301268,normal
2634,1781099988.302126,normal
2635,1781099988.303154,normal
2636,1781099988.304232,normal
2637,1781099988.304999,normal
2638,1781099988.305862,normal
2639,1781099988.306829,normal
2640,1781099988.307442,normal
2641,1781099988.308184,normal
2642,1781099988.308992,normal
2643,1781099988.309963,normal
2644,1781099988.310799,normal
2645,1781099988.311841,normal
2646,1781099988.313000,normal
2647,1781099988.314181,normal
2648,1781099988.314891,normal
2649,1781099988.315666,normal
2650,1781099988.317209,normal
2651,1781099988.317910,normal
2652,1781099988.318669,normal
2653,1781099988.319459,normal
2654,1781099988.320424,normal
2655,1781099988.321450,normal
2656,1781099988.322414,normal
2657,1781099988.323169,normal
2658,1781099988.323801,normal
2659,1781099988.324764,normal
2660,1781099988.325947,normal
2661,1781099988.326914,normal
2662,1781099988.327698,normal
2663,1781099988.328391,normal
2664,1781099988.329401,normal
2665,1781099988.330378,normal
2666,1781099988.331986,normal
2667,1781099988.332760,normal
2668,1781099988.333961,normal
2669,1781099988.334940,normal
2670,1781099988.336642,normal
2671,1781099988.337459,normal
2672,1781099988.338503,normal
2673,1781099988.339142,normal
2674,1781099988.339918,normal
2675,1781099988.340617,normal
2676,1781099988.341556,normal
2677,1781099988.342660,normal
2678,1781099988.344060,normal
2679,1781099988.344880,normal
2680,1781099988.345899,normal
2681,1781099988.346581,normal
2682,1781099988.347746,normal
2683,1781099988.348998,http_flood
2684,1781099988.350117,normal
2685,1781099988.350947,normal
2686,1781099988.351626,normal
2687,1781099988.352479,normal
2688,1781099988.353382,normal
2689,1781099988.354207,normal
2690,1781099988.355160,normal
2691,1781099988.356739,normal
2692,1781099988.357567,normal
2693,1781099988.358186,normal
2694,1781099988.358857,normal
2695,1781099988.359573,normal
2696,1781099988.360311,normal
2697,1781099988.361393,normal
2698,1781099988.362105,normal
2699,1781099988.363266,normal
2700,1781099988.364074,normal
2701,1781099988.364929,normal
2702,1781099988.365834,normal
2703,1781099988.367014,normal
2704,1781099988.367857,normal
2705,1781099988.368973,normal
2706,1781099988.369815,normal
2707,1781099988.370909,normal
2708,1781099988.372039,normal
2709,1781099988.373110,normal
2710,1781099988.373853,normal
2711,1781099988.375065,normal
2712,1781099988.375966,normal
2713,1781099988.376999,normal
2714,1781099988.377937,normal
2715,1781099988.379183,normal
2716,1781099988.380000,normal
2717,1781099988.380829,normal
2718,1781099988.381609,normal
2719,1781099988.382578,normal
2720,1781099988.383638,normal
2721,1781099988.384662,normal
2722,1781099988.385665,normal
2723,1781099988.386470,normal
2724,1781099988.387660,normal
2725,1781099988.388619,normal
2726,1781099988.389756,normal
2727,1781099988.390772,normal
2728,1781099988.391700,normal
2729,1781099988.392786,normal
2730,1781099988.393692,normal
2731,1781099988.394740,normal
2732,1781099988.395781,normal
2733,1781099988.396776,normal
2734,1781099988.397601,normal
2735,1781099988.398280,normal
2736,1781099988.399325,normal
2737,1781099988.400322,normal
2738,1781099988.400995,normal
2739,1781099988.401787,normal
2740,1781099988.402571,normal
2741,1781099988.403740,normal
2742,1781099988.404949,normal
2743,1781099988.405769,normal
2744,1781099988.406999,normal
2745,1781099988.407897,normal
2746,1781099988.408450,normal
2747,1781099988.409416,normal
2748,1781099988.410432,normal
2749,1781099988.411171,normal
2750,1781099988.411959,normal
2751,1781099988.412912,normal
2752,1781099988.413953,normal
2753,1781099988.414719,normal
2754,1781099988.415593,normal
2755,1781099988.416635,normal
2756,1781099988.417647,http_flood
2757,1781099988.418510,normal
2758,1781099988.419224,normal
2759,1781099988.419749,normal
2760,1781099988.420887,normal
2761,1781099988.421742,normal
2762,1781099988.422551,normal
2763,1781099988.423377,normal
2764,1781099988.424334,normal
2765,1781099988.425411,normal
2766,1781099988.426184,normal
2767,1781099988.427052,normal
2768,1781099988.428036,normal
2769,1781099988.428855,normal
2770,1781099988.429788,normal
2771,1781099988.430375,normal
2772,1781099988.431608,normal
2773,1781099988.432348,normal
2774,1781099988.432982,normal
2775,1781099988.433830,normal
2776,1781099988.434563,normal
2777,1781099988.435803,normal
2778,1781099988.436913,normal
2779,1781099988.437924,normal
2780,1781099988.438668,normal
2781,1781099988.439356,normal
2782,1781099988.440587,normal
2783,1781099988.441610,normal
2784,1781099988.442346,normal
2785,1781099988.442971,normal
2786,1781099988.443940,normal
2787,1781099988.444687,normal
2788,1781099988.445657,normal
2789,1781099988.446322,normal
2790,1781099988.447409,normal
2791,1781099988.448269,normal
2792,1781099988.449309,normal
2793,1781099988.450065,normal
2794,1781099988.450971,normal
2795,1781099988.451963,normal
2796,1781099988.452684,normal
2797,1781099988.453653,normal
2798,1781099988.454900,normal
2799,1781099988.455522,normal
2800,1781099988.456573,normal
2801,1781099988.457340,normal
2802,1781099988.458584,normal
2803,1781099988.459334,normal
2804,1781099988.460110,normal
2805,1781099988.461077,normal
2806,1781099988.461857,normal
2807,1781099988.463080,normal
2808,1781099988.463801,normal
2809,1781099988.465210,normal
2810,1781099988.466177,normal
2811,1781099988.466744,normal
2812,1781099988.467760,normal
2813,1781099988.468487,normal
2814,1781099988.470019,normal
2815,1781099988.471060,normal
2816,1781099988.471987,normal
2817,1781099988.472709,normal
2818,1781099988.473470,normal
2819,1781099988.474537,normal
2820,1781099988.475364,normal
2821,1781099988.476598,normal
2822,1781099988.477351,http_flood
2823,1781099988.478181,normal
2824,1781099988.479158,normal
2825,1781099988.480167,normal
2826,1781099988.480850,normal
2827,1781099988.481448,normal
2828,1781099988.482470,normal
2829,1781099988.483166,normal
2830,1781099988.483919,normal
2831,1781099988.485164,normal
2832,1781099988.485959,normal
2833,1781099988.487621,normal
2834,1781099988.488592,normal
2835,1781099988.489726,normal
2836,1781099988.490520,normal
2837,1781099988.491385,http_flood
2838,1781099988.492356,normal
2839,1781099988.493283,normal
2840,1781099988.494015,normal
2841,1781099988.494678,normal
2842,1781099988.495331,normal
2843,1781099988.496273,normal
2844,1781099988.497127,normal
2845,1781099988.498032,udp_reflection
2846,1781099988.498644,normal
2847,1781099988.499853,normal
2848,1781099988.500471,normal
2849,1781099988.501085,normal
2850,1781099988.501980,normal
2851,1781099988.502946,normal
2852,1781099988.503642,normal
2853,1781099988.504739,syn_flood
2854,1781099988.505376,normal
2855,1781099988.506216,normal
2856,1781099988.507022,normal
2857,1781099988.508037,normal
2858,1781099988.509215,normal
2859,1781099988.509909,normal
2860,1781099988.511031,normal
2861,1781099988.512117,normal
2862,1781099988.512957,normal
2863,1781099988.513950,normal
2864,1781099988.514702,normal
2865,1781099988.515490,normal
2866,1781099988.516149,normal
2867,1781099988.517270,normal
2868,1781099988.518101,normal
2869,1781099988.518695,normal
2870,1781099988.519618,normal
2871,1781099988.521240,normal
2872,1781099988.521950,normal
2873,1781099988.522760,normal
2874,1781099988.523856,normal
2875,1781099988.525027,normal
2876,1781099988.525679,normal
2877,1781099988.526233,normal
2878,1781099988.527131,normal
2879,1781099988.527910,normal
2880,1781099988.528536,normal
2881,1781099988.529643,normal
2882,1781099988.530670,normal
2883,1781099988.531616,normal
2884,1781099988.532507,normal
2885,1781099988.533460,normal
2886,1781099988.534597,normal
2887,1781099988.535545,normal
2888,1781099988.536408,normal
2889,1781099988.537126,normal
2890,1781099988.537725,normal
2891,1781099988.538645,normal
2892,1781099988.539629,normal
2893,1781099988.540588,normal
2894,1781099988.541822,normal
2895,1781099988.542886,normal
2896,1781099988.543781,normal
2897,1781099988.544656,normal
2898,1781099988.545421,normal
2899,1781099988.546251,normal
2900,1781099988.546957,normal
2901,1781099988.547951,normal
2902,1781099988.548614,normal
2903,1781099988.549645,normal
2904,1781099988.550681,normal
2905,1781099988.551451,normal
2906,1781099988.552977,normal
2907,1781099988.553725,normal
2908,1781099988.554508,normal
2909,1781099988.555666,normal
2910,1781099988.556551,normal
2911,1781099988.557540,normal
2912,1781099988.558840,normal
2913,1781099988.559696,normal
2914,1781099988.560514,normal
2915,1781099988.561425,normal
2916,1781099988.562099,normal
2917,1781099988.563095,normal
2918,1781099988.564070,normal
2919,1781099988.565021,normal
2920,1781099988.565957,normal
2921,1781099988.566949,normal
2922,1781099988.567896,normal
2923,1781099988.568578,normal
2924,1781099988.569552,normal
2925,1781099988.570730,normal
2926,1781099988.571178,normal
2927,1781099988.571897,normal
2928,1781099988.572771,normal
2929,1781099988.573575,normal
2930,1781099988.574754,normal
2931,1781099988.575862,normal
2932,1781099988.576772,normal
2933,1781099988.577571,normal
2934,1781099988.578553,normal
2935,1781099988.579294,normal
2936,1781099988.580023,normal
2937,1781099988.580711,normal
2938,1781099988.581413,normal
2939,1781099988.582428,normal
2940,1781099988.583580,normal
2941,1781099988.584451,normal
2942,1781099988.585604,normal
2943,1781099988.586894,normal
2944,1781099988.588195,normal
2945,1781099988.589300,normal
2946,1781099988.590568,normal
2947,1781099988.591447,normal
2948,1781099988.592347,normal
2949,1781099988.593236,normal
2950,1781099988.594425,normal
2951,1781099988.595342,normal
2952,1781099988.596326,normal
2953,1781099988.597196,normal
2954,1781099988.597977,normal
2955,1781099988.598665,normal
2956,1781099988.599437,normal
2957,1781099988.600039,normal
2958,1781099988.601336,normal
2959,1781099988.602585,normal
2960,1781099988.603264,normal
2961,1781099988.604359,normal
2962,1781099988.605147,normal
2963,1781099988.606397,http_flood
2964,1781099988.607176,normal
2965,1781099988.608226,normal
2966,1781099988.609032,normal
2967,1781099988.609864,normal
2968,1781099988.610899,normal
2969,1781099988.611902,normal
2970,1781099988.612725,normal
2971,1781099988.613708,normal
2972,1781099988.614498,normal
2973,1781099988.615298,normal
2974,1781099988.616298,normal
2975,1781099988.617397,normal
2976,1781099988.618177,normal
2977,1781099988.619161,normal
2978,1781099988.620074,normal
2979,1781099988.621095,normal
2980,1781099988.621956,normal
2981,1781099988.622695,normal
2982,1781099988.623404,normal
2983,1781099988.624627,normal
2984,1781099988.625464,normal
2985,1781099988.626139,normal
2986,1781099988.626943,normal
2987,1781099988.627955,normal
2988,1781099988.629071,normal
2989,1781099988.630269,normal
2990,1781099988.631000,normal
2991,1781099988.632009,normal
2992,1781099988.632844,normal
2993,1781099988.633720,normal
2994,1781099988.635172,normal
2995,1781099988.636069,normal
2996,1781099988.636971,normal
2997,1781099988.637798,normal
2998,1781099988.638441,normal
2999,1781099988.639137,normal
3000,1781099988.640218,normal
3001,1781099988.640826,normal
3002,1781099988.642092,normal
3003,1781099988.642762,normal
3004,1781099988.643581,normal
3005,1781099988.644513,normal
3006,1781099988.645514,normal
3007,1781099988.646479,normal
3008,1781099988.647587,normal
3009,1781099988.648566,normal
3010,1781099988.649748,normal
3011,1781099988.650415,normal
3012,1781099988.651290,normal
3013,1781099988.652209,normal
3014,1781099988.653261,normal
3015,1781099988.654891,normal
3016,1781099988.655847,normal
3017,1781099988.656708,normal
3018,1781099988.657666,normal
3019,1781099988.659106,normal
3020,1781099988.660213,normal
3021,1781099988.661149,normal
3022,1781099988.662214,normal
3023,1781099988.663414,udp_reflection
3024,1781099988.664357,normal
3025,1781099988.665125,normal
3026,1781099988.666484,normal
3027,1781099988.667360,udp_reflection
3028,1781099988.668608,normal
3029,1781099988.669737,normal
3030,1781099988.670479,normal
3031,1781099988.671810,normal
3032,1781099988.672635,normal
3033,1781099988.673541,normal
3034,1781099988.674426,normal
3035,1781099988.675426,normal
3036,1781099988.676380,normal
3037,1781099988.677128,normal
3038,1781099988.678067,normal
3039,1781099988.679134,normal
3040,1781099988.679908,normal
3041,1781099988.680854,normal
3042,1781099988.681697,normal
3043,1781099988.682578,normal
3044,1781099988.683562,normal
3045,1781099988.684276,normal
3046,1781099988.685259,normal
3047,1781099988.686447,normal
3048,1781099988.687424,normal
3049,1781099988.688333,normal
3050,1781099988.689066,normal
3051,1781099988.690117,normal
3052,1781099988.690981,normal
3053,1781099988.691634,normal
3054,1781099988.692698,normal
3055,1781099988.693904,normal
3056,1781099988.695069,normal
3057,1781099988.696281,normal
3058,1781099988.696904,normal
3059,1781099988.697596,normal
3060,1781099988.698446,normal
3061,1781099988.699214,normal
3062,1781099988.700225,normal
3063,1781099988.701604,normal
3064,1781099988.702492,normal
3065,1781099988.703040,normal
3066,1781099988.703937,normal
3067,1781099988.704582,normal
3068,1781099988.705548,normal
3069,1781099988.706778,normal
3070,1781099988.707735,normal
3071,1781099988.708814,normal
3072,1781099988.709905,normal
3073,1781099988.711101,normal
3074,1781099988.711952,normal
3075,1781099988.712703,normal
3076,1781099988.713647,normal
3077,1781099988.714623,normal
3078,1781099988.715692,normal
3079,1781099988.716618,normal
3080,1781099988.717738,normal
3081,1781099988.718593,normal
3082,1781099988.719571,normal
3083,1781099988.720154,normal
3084,1781099988.721049,normal
3085,1781099988.721950,normal
3086,1781099988.723103,normal
3087,1781099988.724006,normal
3088,1781099988.724935,normal
3089,1781099988.725876,normal
3090,1781099988.726388,normal
3091,1781099988.727060,normal
3092,1781099988.728122,normal
3093,1781099988.729214,normal
3094,1781099988.730055,normal
3095,1781099988.730764,normal
3096,1781099988.731466,normal
3097,1781099988.732298,normal
3098,1781099988.733996,normal
3099,1781099988.734905,normal
3100,1781099988.736197,normal
3101,1781099988.737022,normal
3102,1781099988.738000,normal
3103,1781099988.739056,normal
3104,1781099988.739809,normal
3105,1781099988.740559,normal
3106,1781099988.741326,normal
3107,1781099988.742286,normal
3108,1781099988.743313,normal
3109,1781099988.744073,normal
3110,1781099988.744993,normal
3111,1781099988.745846,normal
3112,1781099988.746918,normal
3113,1781099988.748059,normal
3114,1781099988.748862,normal
3115,1781099988.749735,normal
3116,1781099988.750926,normal
3117,1781099988.751493,normal
3118,1781099988.752280,normal
3119,1781099988.753508,normal
3120,1781099988.754863,normal
3121,1781099988.755688,normal
3122,1781099988.756762,normal
3123,1781099988.757627,normal
3124,1781099988.758661,normal
3125,1781099988.759660,normal
3126,1781099988.760972,normal
3127,1781099988.762062,normal
3128,1781099988.762852,normal
3129,1781099988.763757,http_flood
3130,1781099988.764681,normal
3131,1781099988.765630,normal
3132,1781099988.766664,normal
3133,1781099988.767710,normal
3134,1781099988.768684,normal
3135,1781099988.770120,normal
3136,1781099988.771506,normal
3137,1781099988.772583,normal
3138,1781099988.773608,normal
3139,1781099988.774589,normal
3140,1781099988.775668,normal
3141,1781099988.776595,normal
3142,1781099988.777503,normal
3143,1781099988.778425,normal
3144,1781099988.779133,normal
3145,1781099988.779867,normal
3146,1781099988.780483,normal
3147,1781099988.781587,normal
3148,1781099988.782553,normal
3149,1781099988.783452,normal
3150,1781099988.784137,normal
3151,1781099988.784978,normal
3152,1781099988.786291,normal
3153,1781099988.787266,normal
3154,1781099988.788105,normal
3155,1781099988.788986,normal
3156,1781099988.789943,normal
3157,1781099988.790887,normal
3158,1781099988.791657,normal
3159,1781099988.792606,normal
3160,1781099988.793494,normal
3161,1781099988.794292,normal
3162,1781099988.795177,normal
3163,1781099988.796347,normal
3164,1781099988.797129,normal
3165,1781099988.797884,normal
3166,1781099988.798707,normal
3167,1781099988.799527,normal
3168,1781099988.800451,normal
3169,1781099988.801776,normal
3170,1781099988.802556,normal
3171,1781099988.803521,normal
3172,1781099988.804415,normal
3173,1781099988.804916,normal
3174,1781099988.805881,normal
3175,1781099988.806776,normal
3176,1781099988.807720,normal
3177,1781099988.808642,normal
3178,1781099988.809654,normal
3179,1781099988.810707,normal
3180,1781099988.811645,normal
3181,1781099988.812426,normal
3182,1781099988.813246,normal
3183,1781099988.813900,normal
3184,1781099988.814862,normal
3185,1781099988.815656,normal
3186,1781099988.816787,http_flood
3187,1781099988.818112,normal
3188,1781099988.818880,normal
3189,1781099988.820112,normal
3190,1781099988.820985,normal
3191,1781099988.821810,normal
3192,1781099988.822564,normal
3193,1781099988.823439,normal
3194,1781099988.824332,normal
3195,1781099988.825500,normal
3196,1781099988.826417,normal
3197,1781099988.827152,normal
3198,1781099988.828132,normal
3199,1781099988.828621,normal
3200,1781099988.829397,normal
3201,1781099988.830429,normal
3202,1781099988.831310,normal
3203,1781099988.832342,normal
3204,1781099988.833663,normal
3205,1781099988.834380,normal
3206,1781099988.835108,normal
3207,1781099988.835856,normal
3208,1781099988.837094,normal
3209,1781099988.837738,normal
3210,1781099988.838760,normal
3211,1781099988.839589,normal
3212,1781099988.840378,normal
3213,1781099988.841665,normal
3214,1781099988.842405,normal
3215,1781099988.842925,normal
3216,1781099988.843914,normal
3217,1781099988.844700,normal
3218,1781099988.845818,normal
3219,1781099988.847109,normal
3220,1781099988.848170,normal
3221,1781099988.849057,normal
3222,1781099988.849883,normal
3223,1781099988.850820,normal
3224,1781099988.851909,normal
3225,1781099988.853028,normal
3226,1781099988.853678,http_flood
3227,1781099988.854443,normal
3228,1781099988.855396,normal
3229,1781099988.856549,normal
3230,1781099988.857452,normal
3231,1781099988.858391,normal
3232,1781099988.859290,normal
3233,1781099988.860451,normal
3234,1781099988.861186,normal
3235,1781099988.862377,normal
3236,1781099988.863411,normal
3237,1781099988.864482,normal
3238,1781099988.865455,normal
3239,1781099988.866584,normal
3240,1781099988.867433,normal
3241,1781099988.868908,normal
3242,1781099988.869936,normal
3243,1781099988.870744,normal
3244,1781099988.871425,normal
3245,1781099988.872296,normal
3246,1781099988.873048,normal
3247,1781099988.873961,normal
3248,1781099988.875254,normal
3249,1781099988.876032,normal
3250,1781099988.876825,normal
3251,1781099988.877943,normal
3252,1781099988.878817,normal
3253,1781099988.879557,normal
3254,1781099988.880318,normal
3255,1781099988.881508,normal
3256,1781099988.882569,normal
3257,1781099988.883385,normal
3258,1781099988.884622,normal
3259,1781099988.885497,normal
3260,1781099988.886271,normal
3261,1781099988.887001,normal
3262,1781099988.888445,normal
3263,1781099988.889338,normal
3264,1781099988.890391,normal
3265,1781099988.891038,normal
3266,1781099988.891702,normal
3267,1781099988.892702,normal
3268,1781099988.893923,normal
3269,1781099988.894804,normal
3270,1781099988.895750,normal
3271,1781099988.896516,normal
3272,1781099988.897649,normal
3273,1781099988.898656,normal
3274,1781099988.899544,normal
3275,1781099988.900329,normal
3276,1781099988.901147,normal
3277,1781099988.902314,normal
3278,1781099988.903276,normal
3279,1781099988.904118,normal
3280,1781099988.905043,normal
3281,1781099988.906050,normal
3282,1781099988.907011,normal
3283,1781099988.907890,normal
3284,1781099988.908977,normal
3285,1781099988.909814,normal
3286,1781099988.910569,normal
3287,1781099988.911407,normal
3288,1781099988.912677,normal
3289,1781099988.913414,normal
3290,1781099988.914245,normal
3291,1781099988.915011,normal
3292,1781099988.915502,normal
3293,1781099988.916142,normal
3294,1781099988.916932,normal
3295,1781099988.917688,normal
3296,1781099988.919001,normal
3297,1781099988.919794,normal
3298,1781099988.920554,normal
3299,1781099988.921391,normal
3300,1781099988.922287,normal
3301,1781099988.923211,normal
3302,1781099988.924366,normal
3303,1781099988.925407,normal
3304,1781099988.926270,normal
3305,1781099988.927250,normal
3306,1781099988.927946,normal
3307,1781099988.929091,normal
3308,1781099988.929829,normal
3309,1781099988.930573,normal
3310,1781099988.931943,normal
3311,1781099988.932515,normal
3312,1781099988.933375,normal
3313,1781099988.934256,normal
3314,1781099988.935591,normal
3315,1781099988.936968,normal
3316,1781099988.937833,normal
3317,1781099988.938547,normal
3318,1781099988.939480,normal
3319,1781099988.940441,normal
3320,1781099988.941300,normal
3321,1781099988.941986,normal
3322,1781099988.942769,normal
3323,1781099988.943692,normal
3324,1781099988.944493,normal
3325,1781099988.945448,normal
3326,1781099988.946052,normal
3327,1781099988.947056,normal
3328,1781099988.947900,normal
3329,1781099988.948668,normal
3330,1781099988.949888,normal
3331,1781099988.950586,normal
3332,1781099988.951438,normal
3333,1781099988.952254,normal
3334,1781099988.953195,normal
3335,1781099988.953965,normal
3336,1781099988.954771,normal
3337,1781099988.955661,normal
3338,1781099988.956890,normal
3339,1781099988.957795,normal
3340,1781099988.958568,normal
3341,1781099988.959769,normal
3342,1781099988.960716,normal
3343,1781099988.961556,normal
3344,1781099988.962935,normal
3345,1781099988.964124,normal
3346,1781099988.964933,normal
3347,1781099988.965611,normal
3348,1781099988.966310,normal
3349,1781099988.967522,normal
3350,1781099988.968653,normal
3351,1781099988.969425,normal
3352,1781099988.970284,normal
3353,1781099988.970970,normal
3354,1781099988.971744,normal
3355,1781099988.972647,normal
3356,1781099988.973745,normal
3357,1781099988.974445,normal
3358,1781099988.975408,normal
3359,1781099988.976109,normal
3360,1781099988.977087,normal
3361,1781099988.978145,normal
3362,1781099988.979144,normal
3363,1781099988.980306,normal
3364,1781099988.981301,normal
3365,1781099988.982156,normal
3366,1781099988.982938,normal
3367,1781099988.983949,normal
3368,1781099988.985064,normal
3369,1781099988.986311,normal
3370,1781099988.987232,normal
3371,1781099988.988077,normal
3372,1781099988.988848,normal
3373,1781099988.989696,normal
3374,1781099988.990653,normal
3375,1781099988.991999,normal
3376,1781099988.992919,http_flood
3377,1781099988.993873,normal
3378,1781099988.994767,normal
3379,1781099988.995761,normal
3380,1781099988.996711,normal
3381,1781099988.997633,normal
3382,1781099988.998694,normal
3383,1781099988.999865,normal
3384,1781099989.001457,normal
3385,1781099989.002239,normal
3386,1781099989.003205,normal
3387,1781099989.004267,normal
3388,1781099989.005101,normal
3389,1781099989.005787,normal
3390,1781099989.007135,normal
3391,1781099989.007993,normal
3392,1781099989.008720,normal
3393,1781099989.009871,normal
3394,1781099989.010456,normal
3395,1781099989.011408,normal
3396,1781099989.012295,normal
3397,1781099989.013452,normal
3398,1781099989.014487,normal
3399,1781099989.015625,normal
3400,1781099989.016521,normal
3401,1781099989.017634,normal
3402,1781099989.018334,normal
3403,1781099989.018889,normal
3404,1781099989.019719,normal
3405,1781099989.020526,normal
3406,1781099989.021403,normal
3407,1781099989.022451,normal
3408,1781099989.023093,normal
3409,1781099989.024318,normal
3410,1781099989.025803,normal
3411,1781099989.026463,normal
3412,1781099989.027215,normal
3413,1781099989.028472,normal
3414,1781099989.029304,normal
3415,1781099989.030436,normal
3416,1781099989.031183,normal
3417,1781099989.032341,normal
3418,1781099989.033175,normal
3419,1781099989.034304,normal
3420,1781099989.035168,normal
3421,1781099989.036173,normal
3422,1781099989.037344,normal
3423,1781099989.038042,normal
3424,1781099989.038930,normal
3425,1781099989.040010,normal
3426,1781099989.040906,normal
3427,1781099989.041966,normal
3428,1781099989.042884,normal
3429,1781099989.043563,normal
3430,1781099989.044784,normal
3431,1781099989.045532,normal
3432,1781099989.046397,normal
3433,1781099989.047080,normal
3434,1781099989.048064,normal
3435,1781099989.048627,normal
3436,1781099989.049875,normal
3437,1781099989.050586,normal
3438,1781099989.051268,normal
3439,1781099989.052006,normal
3440,1781099989.053201,normal
3441,1781099989.054160,normal
3442,1781099989.055047,normal
3443,1781099989.056082,normal
3444,1781099989.057407,normal
3445,1781099989.058109,normal
3446,1781099989.058843,normal
3447,1781099989.059936,normal
3448,1781099989.060778,normal
3449,1781099989.061692,normal
3450,1781099989.062358,normal
3451,1781099989.063373,normal
3452,1781099989.064185,normal
3453,1781099989.065363,normal
3454,1781099989.066154,normal
3455,1781099989.067119,normal
3456,1781099989.067984,normal
3457,1781099989.068888,normal
3458,1781099989.069715,http_flood
3459,1781099989.071742,normal
3460,1781099989.072483,normal
3461,1781099989.073337,normal
3462,1781099989.074150,normal
3463,1781099989.075278,normal
3464,1781099989.075897,normal
3465,1781099989.076935,normal
3466,1781099989.077634,normal
3467,1781099989.078591,normal
3468,1781099989.079494,normal
3469,1781099989.080410,normal
3470,1781099989.081377,normal
3471,1781099989.082349,normal
3472,1781099989.083297,normal
3473,1781099989.084004,normal
3474,1781099989.084898,normal
3475,1781099989.085597,normal
3476,1781099989.086704,normal
3477,1781099989.087760,normal
3478,1781099989.088489,normal
3479,1781099989.089391,normal
3480,1781099989.090436,normal
3481,1781099989.091084,normal
3482,1781099989.091921,normal
3483,1781099989.092793,normal
3484,1781099989.093599,normal
3485,1781099989.094567,normal
3486,1781099989.095731,normal
3487,1781099989.096738,normal
3488,1781099989.097878,normal
3489,1781099989.099335,normal
3490,1781099989.100124,normal
3491,1781099989.101044,normal
3492,1781099989.101713,normal
3493,1781099989.102559,normal
3494,1781099989.103673,normal
3495,1781099989.104683,normal
3496,1781099989.105676,normal
3497,1781099989.106445,normal
3498,1781099989.107615,normal
3499,1781099989.108552,normal
3500,1781099989.109492,normal
3501,1781099989.110728,normal
3502,1781099989.111650,normal
3503,1781099989.112515,normal
3504,1781099989.113231,normal
3505,1781099989.114146,normal
3506,1781099989.114974,normal
3507,1781099989.115802,normal
3508,1781099989.116719,normal
3509,1781099989.117625,normal
3510,1781099989.118735,normal
3511,1781099989.119461,normal
3512,1781099989.120903,normal
3513,1781099989.121655,normal
3514,1781099989.122654,normal
3515,1781099989.123730,syn_flood
3516,1781099989.124683,normal
3517,1781099989.125522,normal
3518,1781099989.126282,normal
3519,1781099989.127395,normal
3520,1781099989.128250,normal
3521,1781099989.129404,normal
3522,1781099989.130389,normal
3523,1781099989.131214,normal
3524,1781099989.131996,normal
3525,1781099989.132821,normal
3526,1781099989.133676,normal
3527,1781099989.134382,normal
3528,1781099989.135342,normal
3529,1781099989.136195,normal
3530,1781099989.137030,normal
3531,1781099989.137890,normal
3532,1781099989.139047,normal
3533,1781099989.139875,normal
3534,1781099989.140641,normal
3535,1781099989.141680,normal
3536,1781099989.142901,normal
3537,1781099989.143548,normal
3538,1781099989.144848,normal
3539,1781099989.145825,normal
3540,1781099989.146761,normal
3541,1781099989.147591,normal
3542,1781099989.148595,normal
3543,1781099989.149792,normal
3544,1781099989.150517,normal
3545,1781099989.151181,normal
3546,1781099989.151718,normal
3547,1781099989.152891,normal
3548,1781099989.153842,normal
3549,1781099989.155205,normal
3550,1781099989.155900,normal
3551,1781099989.156590,normal
3552,1781099989.157730,normal
3553,1781099989.158353,normal
3554,1781099989.159315,normal
3555,1781099989.160017,normal
3556,1781099989.160363,normal
3557,1781099989.162129,normal
3558,1781099989.163177,normal
3559,1781099989.163938,normal
3560,1781099989.165004,normal
3561,1781099989.166025,normal
3562,1781099989.167124,udp_reflection
3563,1781099989.167974,normal
3564,1781099989.169331,normal
3565,1781099989.170419,normal
3566,1781099989.171311,normal
3567,1781099989.172470,normal
3568,1781099989.173444,normal
3569,1781099989.174445,normal
3570,1781099989.175630,normal
3571,1781099989.176374,normal
3572,1781099989.177289,normal
3573,1781099989.178621,normal
3574,1781099989.179543,normal
3575,1781099989.180511,normal
3576,1781099989.181435,normal
3577,1781099989.182220,normal
3578,1781099989.183160,normal
3579,1781099989.183889,normal
3580,1781099989.184835,normal
3581,1781099989.185826,normal
3582,1781099989.186891,normal
3583,1781099989.188239,normal
3584,1781099989.189076,normal
3585,1781099989.190098,normal
3586,1781099989.191016,normal
3587,1781099989.191505,normal
3588,1781099989.192045,normal
3589,1781099989.192847,normal
3590,1781099989.194069,normal
3591,1781099989.195291,normal
3592,1781099989.196292,normal
3593,1781099989.197020,normal
3594,1781099989.197816,normal
3595,1781099989.198474,normal
3596,1781099989.199200,normal
3597,1781099989.200100,normal
3598,1781099989.200837,normal
3599,1781099989.202299,normal
3600,1781099989.203260,normal
3601,1781099989.203986,normal
3602,1781099989.205161,normal
3603,1781099989.206496,normal
3604,1781099989.207482,normal
3605,1781099989.208136,normal
3606,1781099989.209320,normal
3607,1781099989.210454,normal
3608,1781099989.211817,normal
3609,1781099989.212981,normal
3610,1781099989.213731,normal
3611,1781099989.214535,normal
3612,1781099989.215229,normal
3613,1781099989.216201,normal
3614,1781099989.216993,normal
3615,1781099989.218014,normal
3616,1781099989.219157,normal
3617,1781099989.219977,normal
3618,1781099989.220863,normal
3619,1781099989.221496,normal
3620,1781099989.222148,normal
3621,1781099989.223082,normal
3622,1781099989.224338,normal
3623,1781099989.225173,normal
3624,1781099989.226089,normal
3625,1781099989.226936,normal
3626,1781099989.227702,normal
3627,1781099989.228467,normal
3628,1781099989.229135,normal
3629,1781099989.229908,normal
3630,1781099989.230681,normal
3631,1781099989.231693,normal
3632,1781099989.232524,normal
3633,1781099989.233205,normal
3634,1781099989.233959,normal
3635,1781099989.234613,normal
3636,1781099989.235335,normal
3637,1781099989.236114,normal
3638,1781099989.237158,normal
3639,1781099989.238096,normal
3640,1781099989.239541,normal
3641,1781099989.240761,normal
3642,1781099989.241929,normal
3643,1781099989.243111,normal
3644,1781099989.243950,normal
3645,1781099989.244974,normal
3646,1781099989.245959,normal
3647,1781099989.246639,normal
3648,1781099989.247925,normal
3649,1781099989.248654,http_flood
3650,1781099989.249818,normal
3651,1781099989.250582,normal
3652,1781099989.251582,http_flood
3653,1781099989.252341,normal
3654,1781099989.253527,normal
3655,1781099989.254876,normal
3656,1781099989.255458,normal
3657,1781099989.256294,normal
3658,1781099989.257134,normal
3659,1781099989.257966,normal
3660,1781099989.258639,normal
3661,1781099989.259391,normal
3662,1781099989.260101,normal
3663,1781099989.260734,http_flood
3664,1781099989.261388,normal
3665,1781099989.262216,normal
3666,1781099989.263354,normal
3667,1781099989.264380,normal
3668,1781099989.265624,normal
3669,1781099989.266417,normal
3670,1781099989.267462,normal
3671,1781099989.268315,normal
3672,1781099989.269087,normal
3673,1781099989.269862,normal
3674,1781099989.270938,normal
3675,1781099989.271747,normal
3676,1781099989.272864,normal
3677,1781099989.273690,normal
3678,1781099989.274290,normal
3679,1781099989.275285,normal
3680,1781099989.276361,normal
3681,1781099989.277496,normal
3682,1781099989.278355,normal
3683,1781099989.279377,normal
3684,1781099989.280425,normal
3685,1781099989.281354,normal
3686,1781099989.282408,normal
3687,1781099989.283117,normal
3688,1781099989.283862,normal
3689,1781099989.284491,normal
3690,1781099989.285476,normal
3691,1781099989.286202,normal
3692,1781099989.286868,normal
3693,1781099989.287607,normal
3694,1781099989.288347,normal
3695,1781099989.289199,normal
3696,1781099989.290352,normal
3697,1781099989.291405,normal
3698,1781099989.292461,normal
3699,1781099989.293073,normal
3700,1781099989.294159,normal
3701,1781099989.295114,normal
3702,1781099989.296155,normal
3703,1781099989.297066,normal
3704,1781099989.298284,normal
3705,1781099989.299330,normal
3706,1781099989.300443,normal
3707,1781099989.301400,normal
3708,1781099989.302391,normal
3709,1781099989.303308,normal
3710,1781099989.304370,normal
3711,1781099989.305356,normal
3712,1781099989.306095,normal
3713,1781099989.306847,normal
3714,1781099989.307734,normal
3715,1781099989.308888,normal
3716,1781099989.309755,normal
3717,1781099989.310355,normal
3718,1781099989.311175,normal
3719,1781099989.312088,normal
3720,1781099989.312785,normal
3721,1781099989.313751,normal
3722,1781099989.314735,normal
3723,1781099989.315455,normal
3724,1781099989.316413,normal
3725,1781099989.317090,normal
3726,1781099989.317967,normal
3727,1781099989.318934,normal
3728,1781099989.320188,normal
3729,1781099989.321151,normal
3730,1781099989.322032,normal
3731,1781099989.322919,normal
3732,1781099989.323920,normal
3733,1781099989.325144,normal
3734,1781099989.326289,normal
3735,1781099989.327098,normal
3736,1781099989.328140,normal
3737,1781099989.329027,normal
3738,1781099989.330041,normal
3739,1781099989.330873,normal
3740,1781099989.331637,normal
3741,1781099989.332955,normal
3742,1781099989.333747,normal
3743,1781099989.334392,normal
3744,1781099989.335731,normal
3745,1781099989.336481,normal
3746,1781099989.337174,normal
3747,1781099989.338069,normal
3748,1781099989.339276,normal
3749,1781099989.340079,normal
3750,1781099989.341263,normal
3751,1781099989.342042,normal
3752,1781099989.342662,normal
3753,1781099989.343376,normal
3754,1781099989.344575,normal
3755,1781099989.345584,normal
3756,1781099989.346653,normal
3757,1781099989.347687,normal
3758,1781099989.348921,normal
3759,1781099989.349686,normal
3760,1781099989.350451,normal
3761,1781099989.351529,normal
3762,1781099989.352282,normal
3763,1781099989.353742,normal
3764,1781099989.354781,normal
3765,1781099989.355697,normal
3766,1781099989.356731,normal
3767,1781099989.357641,normal
3768,1781099989.358879,normal
3769,1781099989.359744,normal
3770,1781099989.360782,normal
3771,1781099989.362150,normal
3772,1781099989.363274,normal
3773,1781099989.364288,normal
3774,1781099989.365170,normal
3775,1781099989.366402,normal
3776,1781099989.367439,normal
3777,1781099989.368514,normal
3778,1781099989.369825,normal
3779,1781099989.370908,normal
3780,1781099989.371926,normal
3781,1781099989.372687,normal
3782,1781099989.373605,normal
3783,1781099989.374372,normal
3784,1781099989.375460,normal
3785,1781099989.376595,normal
3786,1781099989.377408,normal
3787,1781099989.378706,normal
3788,1781099989.379527,http_flood
3789,1781099989.380343,normal
3790,1781099989.381264,normal
3791,1781099989.382310,normal
3792,1781099989.383126,normal
3793,1781099989.383929,normal
3794,1781099989.384980,normal
3795,1781099989.385737,normal
3796,1781099989.386718,normal
3797,1781099989.387604,normal
3798,1781099989.388698,normal
3799,1781099989.389467,normal
3800,1781099989.390254,normal
3801,1781099989.391044,normal
3802,1781099989.391879,normal
3803,1781099989.392962,normal
3804,1781099989.393826,normal
3805,1781099989.394506,normal
3806,1781099989.395769,normal
3807,1781099989.396837,normal
3808,1781099989.397935,normal
3809,1781099989.398813,normal
3810,1781099989.399677,normal
3811,1781099989.400657,normal
3812,1781099989.401417,normal
3813,1781099989.402719,normal
3814,1781099989.403512,normal
3815,1781099989.404188,normal
3816,1781099989.404932,normal
3817,1781099989.405656,normal
3818,1781099989.406540,normal
3819,1781099989.407512,normal
3820,1781099989.408461,normal
3821,1781099989.409181,normal
3822,1781099989.410459,normal
3823,1781099989.411443,normal
3824,1781099989.412619,normal
3825,1781099989.413429,udp_reflection
3826,1781099989.414237,normal
3827,1781099989.415365,normal
3828,1781099989.416136,normal
3829,1781099989.417646,normal
3830,1781099989.418504,normal
3831,1781099989.419353,normal
3832,1781099989.420285,normal
3833,1781099989.421248,normal
3834,1781099989.422727,normal
3835,1781099989.423577,normal
3836,1781099989.424279,normal
3837,1781099989.425091,normal
3838,1781099989.426056,normal
3839,1781099989.426843,normal
3840,1781099989.427201,normal
3841,1781099989.427948,normal
3842,1781099989.428858,normal
3843,1781099989.429817,normal
3844,1781099989.430612,normal
3845,1781099989.431343,normal
3846,1781099989.432250,normal
3847,1781099989.433044,http_flood
3848,1781099989.433948,http_flood
3849,1781099989.434639,normal
3850,1781099989.435711,normal
3851,1781099989.436519,normal
3852,1781099989.437573,normal
3853,1781099989.438452,normal
3854,1781099989.439607,normal
3855,1781099989.440551,http_flood
3856,1781099989.441462,normal
3857,1781099989.442721,normal
3858,1781099989.444219,normal
3859,1781099989.445073,normal
3860,1781099989.446133,normal
3861,1781099989.447042,normal
3862,1781099989.447764,normal
3863,1781099989.448484,normal
3864,1781099989.449426,normal
3865,1781099989.450282,http_flood
3866,1781099989.451208,normal
3867,1781099989.452130,normal
3868,1781099989.453195,syn_flood
3869,1781099989.454072,normal
3870,1781099989.454556,normal
3871,1781099989.455668,normal
3872,1781099989.457093,normal
3873,1781099989.458231,udp_reflection
3874,1781099989.459131,normal
3875,1781099989.459982,normal
3876,1781099989.461386,normal
3877,1781099989.462446,normal
3878,1781099989.463463,normal
3879,1781099989.464668,normal
3880,1781099989.465565,normal
3881,1781099989.466490,normal
3882,1781099989.467314,normal
3883,1781099989.468554,normal
3884,1781099989.469151,normal
3885,1781099989.469777,normal
3886,1781099989.470793,normal
3887,1781099989.471539,normal
3888,1781099989.472850,normal
3889,1781099989.474113,normal
3890,1781099989.474957,normal
3891,1781099989.476535,normal
3892,1781099989.477479,normal
3893,1781099989.478392,normal
3894,1781099989.479344,normal
3895,1781099989.480844,normal
3896,1781099989.481747,normal
3897,1781099989.482585,normal
3898,1781099989.483712,normal
3899,1781099989.484771,normal
3900,1781099989.485665,normal
3901,1781099989.486762,normal
3902,1781099989.487679,normal
3903,1781099989.489785,normal
3904,1781099989.490769,normal
3905,1781099989.491614,normal
3906,1781099989.492545,normal
3907,1781099989.493431,normal
3908,1781099989.494381,normal
3909,1781099989.495371,normal
3910,1781099989.496035,normal
3911,1781099989.496939,normal
3912,1781099989.498018,normal
3913,1781099989.498732,normal
3914,1781099989.499768,normal
3915,1781099989.500967,normal
3916,1781099989.501851,normal
3917,1781099989.502674,normal
3918,1781099989.503858,normal
3919,1781099989.504726,normal
3920,1781099989.505536,normal
3921,1781099989.506496,normal
3922,1781099989.507358,normal
3923,1781099989.508146,normal
3924,1781099989.509093,normal
3925,1781099989.510192,normal
3926,1781099989.511225,normal
3927,1781099989.512634,normal
3928,1781099989.513355,normal
3929,1781099989.514360,normal
3930,1781099989.515064,normal
3931,1781099989.515823,normal
3932,1781099989.516891,normal
3933,1781099989.517852,normal
3934,1781099989.518762,normal
3935,1781099989.519908,normal
3936,1781099989.520832,normal
3937,1781099989.521920,normal
3938,1781099989.522974,normal
3939,1781099989.523804,normal
3940,1781099989.524623,normal
3941,1781099989.525508,normal
3942,1781099989.526331,normal
3943,1781099989.527611,normal
3944,1781099989.528604,normal
3945,1781099989.529798,normal
3946,1781099989.530815,normal
3947,1781099989.531589,normal
3948,1781099989.532729,normal
3949,1781099989.533583,http_flood
3950,1781099989.534788,normal
3951,1781099989.535803,normal
3952,1781099989.536684,normal
3953,1781099989.537660,normal
3954,1781099989.538454,http_flood
3955,1781099989.540007,normal
3956,1781099989.540958,normal
3957,1781099989.541831,normal
3958,1781099989.542776,normal
3959,1781099989.543586,normal
3960,1781099989.544464,normal
3961,1781099989.545333,normal
3962,1781099989.546201,normal
3963,1781099989.547107,normal
3964,1781099989.548040,normal
3965,1781099989.548950,normal
3966,1781099989.549810,normal
3967,1781099989.550569,normal
3968,1781099989.551279,normal
3969,1781099989.552253,normal
3970,1781099989.553326,normal
3971,1781099989.554695,normal
3972,1781099989.555565,normal
3973,1781099989.556703,normal
3974,1781099989.558227,normal
3975,1781099989.559072,udp_reflection
3976,1781099989.559993,normal
3977,1781099989.561344,normal
3978,1781099989.562010,normal
3979,1781099989.563137,normal
3980,1781099989.563927,normal
3981,1781099989.565023,normal
3982,1781099989.565935,normal
3983,1781099989.567229,normal
3984,1781099989.568091,normal
3985,1781099989.569085,normal
3986,1781099989.569962,normal
3987,1781099989.571025,normal
3988,1781099989.571884,normal
3989,1781099989.572850,normal
3990,1781099989.573933,normal
3991,1781099989.575020,normal
3992,1781099989.575777,normal
3993,1781099989.576863,normal
3994,1781099989.577669,normal
3995,1781099989.578354,normal
3996,1781099989.579065,normal
3997,1781099989.579925,normal
3998,1781099989.581192,normal
3999,1781099989.581864,normal
4000,1781099989.583077,normal
4001,1781099989.584004,normal
4002,1781099989.585235,normal
4003,1781099989.585966,normal
4004,1781099989.587116,normal
4005,1781099989.587733,normal
4006,1781099989.588699,normal
4007,1781099989.589624,normal
4008,1781099989.590724,normal
4009,1781099989.591662,normal
4010,1781099989.592657,normal
4011,1781099989.593800,normal
4012,1781099989.594581,normal
4013,1781099989.595449,normal
4014,1781099989.596437,normal
4015,1781099989.597219,normal
4016,1781099989.598023,normal
4017,1781099989.599256,normal
4018,1781099989.600546,normal
4019,1781099989.601219,normal
4020,1781099989.601952,normal
4021,1781099989.602859,syn_flood
4022,1781099989.603916,normal
4023,1781099989.605094,normal
4024,1781099989.605768,normal
4025,1781099989.606565,normal
4026,1781099989.607885,normal
4027,1781099989.609256,normal
4028,1781099989.610452,normal
4029,1781099989.611268,http_flood
4030,1781099989.612555,normal
4031,1781099989.613753,normal
4032,1781099989.615058,normal
4033,1781099989.616021,normal
4034,1781099989.616728,normal
4035,1781099989.617843,normal
4036,1781099989.618774,normal
4037,1781099989.619761,normal
4038,1781099989.620581,normal
4039,1781099989.621258,normal
4040,1781099989.622081,normal
4041,1781099989.623200,normal
4042,1781099989.624471,normal
4043,1781099989.625502,normal
4044,1781099989.626353,normal
4045,1781099989.627069,normal
4046,1781099989.628031,normal
4047,1781099989.629288,normal
4048,1781099989.630379,normal
4049,1781099989.631101,normal
4050,1781099989.631878,normal
4051,1781099989.632760,normal
4052,1781099989.633856,normal
4053,1781099989.635003,normal
4054,1781099989.635885,normal
4055,1781099989.636711,normal
4056,1781099989.637536,normal
4057,1781099989.638844,normal
4058,1781099989.640282,udp_reflection
4059,1781099989.641769,normal
4060,1781099989.642662,normal
4061,1781099989.643380,normal
4062,1781099989.644915,normal
4063,1781099989.646276,normal
4064,1781099989.647401,normal
4065,1781099989.648257,normal
4066,1781099989.649454,normal
4067,1781099989.650439,normal
4068,1781099989.651264,normal
4069,1781099989.652233,normal
4070,1781099989.653212,normal
4071,1781099989.654077,normal
4072,1781099989.655590,normal
4073,1781099989.656361,normal
4074,1781099989.657441,normal
4075,1781099989.658057,normal
4076,1781099989.659133,normal
4077,1781099989.660084,normal
4078,1781099989.660718,normal
4079,1781099989.662050,normal
4080,1781099989.662631,normal
4081,1781099989.664328,normal
4082,1781099989.664996,normal
4083,1781099989.666157,normal
4084,1781099989.666767,normal
4085,1781099989.667546,normal
4086,1781099989.668751,normal
4087,1781099989.669665,normal
4088,1781099989.670935,normal
4089,1781099989.672106,normal
4090,1781099989.673061,normal
4091,1781099989.673893,normal
4092,1781099989.674760,normal
4093,1781099989.675497,normal
4094,1781099989.676378,normal
4095,1781099989.677173,normal
4096,1781099989.678212,normal
4097,1781099989.679166,normal
4098,1781099989.680473,normal
4099,1781099989.681090,normal
4100,1781099989.682652,normal
4101,1781099989.683429,normal
4102,1781099989.684428,normal
4103,1781099989.685215,normal
4104,1781099989.685914,normal
4105,1781099989.687527,normal
4106,1781099989.688494,normal
4107,1781099989.689061,normal
4108,1781099989.690094,normal
4109,1781099989.691039,normal
4110,1781099989.691945,normal
4111,1781099989.693163,normal
4112,1781099989.694242,normal
4113,1781099989.695025,normal
4114,1781099989.695727,normal
4115,1781099989.696588,normal
4116,1781099989.697520,normal
4117,1781099989.698796,normal
4118,1781099989.699678,normal
4119,1781099989.700605,normal
4120,1781099989.702269,normal
4121,1781099989.703071,normal
4122,1781099989.704127,normal
4123,1781099989.705187,normal
4124,1781099989.706102,normal
4125,1781099989.706991,normal
4126,1781099989.707932,normal
4127,1781099989.709083,normal
4128,1781099989.710001,normal
4129,1781099989.710938,normal
4130,1781099989.712105,normal
4131,1781099989.713092,normal
4132,1781099989.713763,normal
4133,1781099989.715086,normal
4134,1781099989.716043,normal
4135,1781099989.716762,normal
4136,1781099989.717721,normal
4137,1781099989.718509,normal
4138,1781099989.719248,normal
4139,1781099989.720187,normal
4140,1781099989.721101,normal
4141,1781099989.722171,normal
4142,1781099989.722958,normal
4143,1781099989.724041,normal
4144,1781099989.725540,normal
4145,1781099989.726564,normal
4146,1781099989.727407,normal
4147,1781099989.728093,normal
4148,1781099989.728981,normal
4149,1781099989.730168,normal
4150,1781099989.731127,normal
4151,1781099989.732158,normal
4152,1781099989.733084,normal
4153,1781099989.733710,normal
4154,1781099989.734655,normal
4155,1781099989.735459,normal
4156,1781099989.736506,normal
4157,1781099989.738099,normal
4158,1781099989.739216,normal
4159,1781099989.739948,normal
4160,1781099989.740790,normal
4161,1781099989.741608,normal
4162,1781099989.742415,normal
4163,1781099989.743908,normal
4164,1781099989.744811,normal
4165,1781099989.745586,normal
4166,1781099989.746339,normal
4167,1781099989.747380,normal
4168,1781099989.748549,normal
4169,1781099989.749680,normal
4170,1781099989.750470,normal
4171,1781099989.751606,normal
4172,1781099989.752776,normal
4173,1781099989.753671,normal
4174,1781099989.754606,normal
4175,1781099989.755446,normal
4176,1781099989.756460,normal
4177,1781099989.757639,normal
4178,1781099989.758873,normal
4179,1781099989.759778,normal
4180,1781099989.760912,normal
4181,1781099989.761771,normal
4182,1781099989.762894,normal
4183,1781099989.763647,normal
4184,1781099989.765027,normal
4185,1781099989.766015,normal
4186,1781099989.767355,normal
4187,1781099989.768321,normal
4188,1781099989.769165,normal
4189,1781099989.770487,normal
4190,1781099989.771390,normal
4191,1781099989.772786,normal
4192,1781099989.773785,normal
4193,1781099989.774430,http_flood
4194,1781099989.775625,normal
4195,1781099989.776055,normal
4196,1781099989.777212,normal
4197,1781099989.778074,normal
4198,1781099989.778998,normal
4199,1781099989.780149,normal
4200,1781099989.781616,normal
4201,1781099989.782587,normal
4202,1781099989.783546,normal
4203,1781099989.784306,normal
4204,1781099989.785427,normal
4205,1781099989.786286,normal
4206,1781099989.787354,normal
4207,1781099989.788000,normal
4208,1781099989.788767,normal
4209,1781099989.789518,normal
4210,1781099989.790651,normal
4211,1781099989.791399,normal
4212,1781099989.792279,normal
4213,1781099989.793126,normal
4214,1781099989.793987,normal
4215,1781099989.794845,normal
4216,1781099989.795827,normal
4217,1781099989.796686,syn_flood
4218,1781099989.797952,normal
4219,1781099989.799272,normal
4220,1781099989.800348,normal
4221,1781099989.801531,normal
4222,1781099989.802408,normal
4223,1781099989.803363,normal
4224,1781099989.804330,normal
4225,1781099989.805693,normal
4226,1781099989.806593,normal
4227,1781099989.807672,normal
4228,1781099989.808544,normal
4229,1781099989.809263,normal
4230,1781099989.810053,normal
4231,1781099989.811324,normal
4232,1781099989.812196,normal
4233,1781099989.813233,normal
4234,1781099989.814229,normal
4235,1781099989.815040,normal
4236,1781099989.816022,normal
4237,1781099989.816950,normal
4238,1781099989.817752,normal
4239,1781099989.818731,normal
4240,1781099989.819962,normal
4241,1781099989.821103,normal
4242,1781099989.822308,normal
4243,1781099989.823366,normal
4244,1781099989.823930,normal
4245,1781099989.825577,normal
4246,1781099989.826548,normal
4247,1781099989.827493,normal
4248,1781099989.828405,normal
4249,1781099989.829261,normal
4250,1781099989.830556,normal
4251,1781099989.831492,normal
4252,1781099989.832209,syn_flood
4253,1781099989.833517,normal
4254,1781099989.834392,normal
4255,1781099989.835373,normal
4256,1781099989.836098,udp_reflection
4257,1781099989.837237,normal
4258,1781099989.837974,normal
4259,1781099989.839073,normal
4260,1781099989.839873,normal
4261,1781099989.840977,normal
4262,1781099989.841892,normal
4263,1781099989.843161,normal
4264,1781099989.844913,normal
4265,1781099989.845701,normal
4266,1781099989.846668,normal
4267,1781099989.847734,normal
4268,1781099989.848891,normal
4269,1781099989.849614,normal
4270,1781099989.850359,normal
4271,1781099989.851157,normal
4272,1781099989.852617,normal
4273,1781099989.853671,normal
4274,1781099989.854500,normal
4275,1781099989.855480,normal
4276,1781099989.856084,normal
4277,1781099989.856755,normal
4278,1781099989.857957,normal
4279,1781099989.858952,normal
4280,1781099989.860016,normal
4281,1781099989.861016,normal
4282,1781099989.861702,http_flood
4283,1781099989.863448,normal
4284,1781099989.864252,normal
4285,1781099989.865260,normal
4286,1781099989.866392,normal
4287,1781099989.867163,normal
4288,1781099989.867701,normal
4289,1781099989.868634,normal
4290,1781099989.869701,normal
4291,1781099989.870658,normal
4292,1781099989.871601,normal
4293,1781099989.872649,normal
4294,1781099989.873398,normal
4295,1781099989.874492,normal
4296,1781099989.875080,normal
4297,1781099989.875988,normal
4298,1781099989.876830,normal
4299,1781099989.877515,normal
4300,1781099989.878357,normal
4301,1781099989.879230,normal
4302,1781099989.880220,normal
4303,1781099989.881421,normal
4304,1781099989.882234,normal
4305,1781099989.883072,normal
4306,1781099989.883811,normal
4307,1781099989.884862,normal
4308,1781099989.885760,normal
4309,1781099989.886792,normal
4310,1781099989.887693,normal
4311,1781099989.888414,normal
4312,1781099989.889826,normal
4313,1781099989.890883,normal
4314,1781099989.891664,normal
4315,1781099989.892606,normal
4316,1781099989.893409,normal
4317,1781099989.894055,normal
4318,1781099989.895188,normal
4319,1781099989.896044,normal
4320,1781099989.897256,normal
4321,1781099989.898319,normal
4322,1781099989.899281,normal
4323,1781099989.900185,normal
4324,1781099989.900943,normal
4325,1781099989.902514,normal
4326,1781099989.903412,normal
4327,1781099989.904292,normal
4328,1781099989.905134,normal
4329,1781099989.906191,normal
4330,1781099989.907171,normal
4331,1781099989.908054,normal
4332,1781099989.908752,normal
4333,1781099989.910134,normal
4334,1781099989.910834,normal
4335,1781099989.911773,normal
4336,1781099989.912841,normal
4337,1781099989.913718,normal
4338,1781099989.914541,normal
4339,1781099989.915149,normal
4340,1781099989.915942,normal
4341,1781099989.916960,normal
4342,1781099989.917898,normal
4343,1781099989.918841,normal
4344,1781099989.920023,normal
4345,1781099989.921064,normal
4346,1781099989.922326,normal
4347,1781099989.923307,normal
4348,1781099989.924279,normal
4349,1781099989.925023,normal
4350,1781099989.926453,normal
4351,1781099989.927563,normal
4352,1781099989.928655,normal
4353,1781099989.929849,normal
4354,1781099989.930763,normal
4355,1781099989.931907,normal
4356,1781099989.932750,normal
4357,1781099989.933764,normal
4358,1781099989.934571,normal
4359,1781099989.935580,normal
4360,1781099989.936483,normal
4361,1781099989.937354,normal
4362,1781099989.938608,normal
4363,1781099989.939879,http_flood
4364,1781099989.941014,normal
4365,1781099989.941957,normal
4366,1781099989.943006,normal
4367,1781099989.943954,normal
4368,1781099989.944950,normal
4369,1781099989.946047,normal
4370,1781099989.946844,normal
4371,1781099989.948229,normal
4372,1781099989.949144,normal
4373,1781099989.950288,normal
4374,1781099989.951312,normal
4375,1781099989.952431,normal
4376,1781099989.953242,normal
4377,1781099989.954125,normal
4378,1781099989.955326,normal
4379,1781099989.956345,normal
4380,1781099989.957407,normal
4381,1781099989.958467,normal
4382,1781099989.959535,normal
4383,1781099989.960545,normal
4384,1781099989.962016,normal
4385,1781099989.962715,normal
4386,1781099989.963666,normal
4387,1781099989.964675,normal
4388,1781099989.965537,normal
4389,1781099989.966479,normal
4390,1781099989.967256,normal
4391,1781099989.968235,normal
4392,1781099989.969165,normal
4393,1781099989.970318,normal
4394,1781099989.971513,normal
4395,1781099989.972774,normal
4396,1781099989.973609,normal
4397,1781099989.974853,normal
4398,1781099989.975647,normal
4399,1781099989.976912,normal
4400,1781099989.978142,normal
4401,1781099989.979187,normal
4402,1781099989.980628,normal
4403,1781099989.981982,normal
4404,1781099989.983453,normal
4405,1781099989.984539,normal
4406,1781099989.986047,normal
4407,1781099989.987235,normal
4408,1781099989.987877,normal
4409,1781099989.988661,normal
4410,1781099989.989635,normal
4411,1781099989.990572,normal
4412,1781099989.991349,normal
4413,1781099989.992427,normal
4414,1781099989.993304,normal
4415,1781099989.994304,normal
4416,1781099989.995923,normal
4417,1781099989.996879,normal
4418,1781099989.997910,normal
4419,1781099989.998884,normal
4420,1781099989.999695,normal
4421,1781099990.001147,normal
4422,1781099990.002036,normal
4423,1781099990.003489,http_flood
4424,1781099990.004383,normal
4425,1781099990.005376,normal
4426,1781099990.006399,normal
4427,1781099990.007379,normal
4428,1781099990.008307,normal
4429,1781099990.009042,normal
4430,1781099990.010444,normal
4431,1781099990.011376,normal
4432,1781099990.012122,normal
4433,1781099990.013181,normal
4434,1781099990.014373,normal
4435,1781099990.015155,normal
4436,1781099990.016010,normal
4437,1781099990.016703,normal
4438,1781099990.017797,http_flood
4439,1781099990.018432,normal
4440,1781099990.019048,normal
4441,1781099990.019929,normal
4442,1781099990.020696,normal
4443,1781099990.022099,normal
4444,1781099990.022993,normal
4445,1781099990.023911,normal
4446,1781099990.024638,normal
4447,1781099990.025682,normal
4448,1781099990.026734,normal
4449,1781099990.027961,normal
4450,1781099990.028629,normal
4451,1781099990.029460,normal
4452,1781099990.030430,normal
4453,1781099990.031269,normal
4454,1781099990.032435,normal
4455,1781099990.033372,normal
4456,1781099990.034291,normal
4457,1781099990.035185,normal
4458,1781099990.036298,normal
4459,1781099990.037295,normal
4460,1781099990.038458,normal
4461,1781099990.039334,normal
4462,1781099990.039987,normal
4463,1781099990.041143,normal
4464,1781099990.042042,normal
4465,1781099990.043285,normal
4466,1781099990.044502,normal
4467,1781099990.045474,normal
4468,1781099990.046132,normal
4469,1781099990.047534,normal
4470,1781099990.048686,normal
4471,1781099990.049597,normal
4472,1781099990.050680,normal
4473,1781099990.051477,normal
4474,1781099990.052733,normal
4475,1781099990.053851,normal
4476,1781099990.055084,normal
4477,1781099990.056240,normal
4478,1781099990.056858,normal
4479,1781099990.058096,normal
4480,1781099990.059084,normal
4481,1781099990.060516,normal
4482,1781099990.061420,normal
4483,1781099990.062418,normal
4484,1781099990.063340,normal
4485,1781099990.064112,normal
4486,1781099990.065433,normal
4487,1781099990.066315,normal
4488,1781099990.067067,normal
4489,1781099990.068043,normal
4490,1781099990.069149,normal
4491,1781099990.070550,normal
4492,1781099990.071781,normal
4493,1781099990.073322,normal
4494,1781099990.074304,normal
4495,1781099990.075442,normal
4496,1781099990.076315,normal
4497,1781099990.077319,normal
4498,1781099990.078304,normal
4499,1781099990.079678,normal
4500,1781099990.080305,normal
4501,1781099990.082192,normal
4502,1781099990.083177,normal
4503,1781099990.084191,normal
4504,1781099990.085336,normal
4505,1781099990.086659,normal
4506,1781099990.087398,normal
4507,1781099990.088409,normal
4508,1781099990.089577,normal
4509,1781099990.090341,normal
4510,1781099990.091302,http_flood
4511,1781099990.092242,normal
4512,1781099990.093302,normal
4513,1781099990.094180,normal
4514,1781099990.095472,normal
4515,1781099990.096491,normal
4516,1781099990.097490,http_flood
4517,1781099990.098440,normal
4518,1781099990.099349,normal
4519,1781099990.100207,normal
4520,1781099990.101173,normal
4521,1781099990.102256,normal
4522,1781099990.103202,normal
4523,1781099990.104151,normal
4524,1781099990.105924,normal
4525,1781099990.106959,normal
4526,1781099990.108594,normal
4527,1781099990.109523,normal
4528,1781099990.110253,normal
4529,1781099990.111251,normal
4530,1781099990.112192,normal
4531,1781099990.113400,normal
4532,1781099990.114063,normal
4533,1781099990.115435,normal
4534,1781099990.116195,normal
4535,1781099990.116997,normal
4536,1781099990.118126,normal
4537,1781099990.119669,normal
4538,1781099990.120785,normal
4539,1781099990.122017,normal
4540,1781099990.122786,normal
4541,1781099990.123471,normal
4542,1781099990.124100,normal
4543,1781099990.125301,normal
4544,1781099990.127131,normal
4545,1781099990.128666,normal
4546,1781099990.129464,normal
4547,1781099990.130453,normal
4548,1781099990.131517,normal
4549,1781099990.132457,normal
4550,1781099990.133590,normal
4551,1781099990.134634,normal
4552,1781099990.135448,normal
4553,1781099990.136599,normal
4554,1781099990.137753,normal
4555,1781099990.138602,normal
4556,1781099990.139342,normal
4557,1781099990.140302,http_flood
4558,1781099990.140922,normal
4559,1781099990.141704,normal
4560,1781099990.143140,normal
4561,1781099990.143796,normal
4562,1781099990.144909,normal
4563,1781099990.145836,normal
4564,1781099990.146712,normal
4565,1781099990.147802,normal
4566,1781099990.148818,normal
4567,1781099990.149681,normal
4568,1781099990.151203,normal
4569,1781099990.151913,normal
4570,1781099990.153162,normal
4571,1781099990.154753,normal
4572,1781099990.155749,normal
4573,1781099990.156871,normal
4574,1781099990.157688,normal
4575,1781099990.158767,normal
4576,1781099990.159700,normal
4577,1781099990.160617,normal
4578,1781099990.161595,normal
4579,1781099990.162724,normal
4580,1781099990.163687,normal
4581,1781099990.164352,normal
4582,1781099990.165483,normal
4583,1781099990.166464,normal
4584,1781099990.167403,normal
4585,1781099990.168232,normal
4586,1781099990.168951,normal
4587,1781099990.170060,normal
4588,1781099990.170974,normal
4589,1781099990.171894,normal
4590,1781099990.172791,normal
4591,1781099990.174013,normal
4592,1781099990.174989,normal
4593,1781099990.176041,normal
4594,1781099990.177848,normal
4595,1781099990.179018,normal
4596,1781099990.179770,normal
4597,1781099990.180764,normal
4598,1781099990.181663,normal
4599,1781099990.182583,normal
4600,1781099990.184072,normal
4601,1781099990.185276,normal
4602,1781099990.186268,normal
4603,1781099990.187831,normal
4604,1781099990.188666,normal
4605,1781099990.189783,normal
4606,1781099990.190380,normal
4607,1781099990.191759,normal
4608,1781099990.192818,normal
4609,1781099990.193679,normal
4610,1781099990.194654,normal
4611,1781099990.195301,normal
4612,1781099990.196511,normal
4613,1781099990.197882,normal
4614,1781099990.199087,normal
4615,1781099990.199810,normal
4616,1781099990.200897,normal
4617,1781099990.202368,normal
4618,1781099990.203131,normal
4619,1781099990.204193,normal
4620,1781099990.205338,normal
4621,1781099990.206856,normal
4622,1781099990.207931,normal
4623,1781099990.208828,normal
4624,1781099990.210052,normal
4625,1781099990.211067,normal
4626,1781099990.212038,normal
4627,1781099990.213117,normal
4628,1781099990.214201,normal
4629,1781099990.215185,normal
4630,1781099990.216063,normal
4631,1781099990.217165,normal
4632,1781099990.218313,normal
4633,1781099990.219474,normal
4634,1781099990.220656,normal
4635,1781099990.221317,normal
4636,1781099990.222250,normal
4637,1781099990.223622,normal
4638,1781099990.224470,normal
4639,1781099990.225439,normal
4640,1781099990.226822,normal
4641,1781099990.227723,normal
4642,1781099990.228666,normal
4643,1781099990.229766,normal
4644,1781099990.230759,normal
4645,1781099990.231729,normal
4646,1781099990.232646,normal
4647,1781099990.233715,normal
4648,1781099990.234874,normal
4649,1781099990.235786,normal
4650,1781099990.236671,normal
4651,1781099990.237773,normal
4652,1781099990.238558,normal
4653,1781099990.239663,normal
4654,1781099990.240747,normal
4655,1781099990.241913,syn_flood
4656,1781099990.242583,normal
4657,1781099990.243393,normal
4658,1781099990.244863,normal
4659,1781099990.246394,normal
4660,1781099990.247868,normal
4661,1781099990.248876,normal
4662,1781099990.249780,normal
4663,1781099990.250711,normal
4664,1781099990.251475,normal
4665,1781099990.252413,normal
4666,1781099990.253510,normal
4667,1781099990.254663,normal
4668,1781099990.255740,normal
4669,1781099990.256675,normal
4670,1781099990.257638,normal
4671,1781099990.258486,normal
4672,1781099990.259404,normal
4673,1781099990.260447,normal
4674,1781099990.261547,normal
4675,1781099990.262912,normal
4676,1781099990.264416,normal
4677,1781099990.265409,normal
4678,1781099990.266222,normal
4679,1781099990.267103,normal
4680,1781099990.268160,normal
4681,1781099990.268963,normal
4682,1781099990.270094,normal
4683,1781099990.271145,normal
4684,1781099990.271994,normal
4685,1781099990.273060,normal
4686,1781099990.273944,normal
4687,1781099990.274955,normal
4688,1781099990.275986,normal
4689,1781099990.277077,normal
4690,1781099990.277966,normal
4691,1781099990.278781,normal
4692,1781099990.280168,normal
4693,1781099990.281360,normal
4694,1781099990.282537,normal
4695,1781099990.283449,normal
4696,1781099990.284659,normal
4697,1781099990.285791,normal
4698,1781099990.286427,normal
4699,1781099990.287857,normal
4700,1781099990.288769,normal
4701,1781099990.289767,normal
4702,1781099990.290942,normal
4703,1781099990.292050,normal
4704,1781099990.293157,normal
4705,1781099990.294274,normal
4706,1781099990.295274,normal
4707,1781099990.296057,normal
4708,1781099990.297062,normal
4709,1781099990.297896,normal
4710,1781099990.298932,normal
4711,1781099990.299765,normal
4712,1781099990.300935,normal
4713,1781099990.302321,normal
4714,1781099990.303426,normal
4715,1781099990.304799,normal
4716,1781099990.305572,normal
4717,1781099990.307031,normal
4718,1781099990.307936,normal
4719,1781099990.308811,normal
4720,1781099990.309909,normal
4721,1781099990.311069,normal
4722,1781099990.312868,normal
4723,1781099990.314083,normal
4724,1781099990.315330,normal
4725,1781099990.316709,normal
4726,1781099990.317755,normal
4727,1781099990.318737,normal
4728,1781099990.320047,normal
4729,1781099990.321254,normal
4730,1781099990.322091,normal
4731,1781099990.323146,normal
4732,1781099990.323971,normal
4733,1781099990.324832,normal
4734,1781099990.325817,normal
4735,1781099990.326919,normal
4736,1781099990.328109,normal
4737,1781099990.329199,normal
4738,1781099990.330774,normal
4739,1781099990.332183,normal
4740,1781099990.332969,normal
4741,1781099990.334266,normal
4742,1781099990.335472,normal
4743,1781099990.336740,normal
4744,1781099990.338108,normal
4745,1781099990.339295,normal
4746,1781099990.340400,normal
4747,1781099990.341511,normal
4748,1781099990.342587,normal
4749,1781099990.344040,normal
4750,1781099990.344900,normal
4751,1781099990.345803,normal
4752,1781099990.346946,normal
4753,1781099990.347879,normal
4754,1781099990.349025,normal
4755,1781099990.350182,normal
4756,1781099990.351051,normal
4757,1781099990.352189,normal
4758,1781099990.352927,normal
4759,1781099990.353895,normal
4760,1781099990.354937,normal
4761,1781099990.355834,normal
4762,1781099990.357117,http_flood
4763,1781099990.358169,normal
4764,1781099990.359262,normal
4765,1781099990.360478,normal
4766,1781099990.361709,normal
4767,1781099990.363201,normal
4768,1781099990.364614,normal
4769,1781099990.365674,normal
4770,1781099990.366554,normal
4771,1781099990.367486,normal
4772,1781099990.368619,normal
4773,1781099990.369727,normal
4774,1781099990.370601,normal
4775,1781099990.371167,normal
4776,1781099990.372442,normal
4777,1781099990.373147,normal
4778,1781099990.374072,normal
4779,1781099990.375068,normal
4780,1781099990.376102,normal
4781,1781099990.378097,normal
4782,1781099990.378927,normal
4783,1781099990.379600,normal
4784,1781099990.380346,normal
4785,1781099990.381466,normal
4786,1781099990.382444,normal
4787,1781099990.383705,normal
4788,1781099990.384406,normal
4789,1781099990.385297,normal
4790,1781099990.386514,normal
4791,1781099990.387431,normal
4792,1781099990.388137,normal
4793,1781099990.389316,normal
4794,1781099990.390971,normal
4795,1781099990.392521,normal
4796,1781099990.393593,normal
4797,1781099990.394502,normal
4798,1781099990.395699,normal
4799,1781099990.396917,normal
4800,1781099990.397817,normal
4801,1781099990.399289,normal
4802,1781099990.400310,normal
4803,1781099990.401454,normal
4804,1781099990.402514,normal
4805,1781099990.403545,normal
4806,1781099990.404783,normal
4807,1781099990.405789,normal
4808,1781099990.406939,normal
4809,1781099990.408022,normal
4810,1781099990.408852,normal
4811,1781099990.410119,normal
4812,1781099990.411132,normal
4813,1781099990.412043,normal
4814,1781099990.413090,normal
4815,1781099990.413866,normal
4816,1781099990.415005,normal
4817,1781099990.416671,normal
4818,1781099990.417300,normal
4819,1781099990.418251,normal
4820,1781099990.419014,normal
4821,1781099990.420288,normal
4822,1781099990.421325,normal
4823,1781099990.422657,normal
4824,1781099990.423566,normal
4825,1781099990.424324,normal
4826,1781099990.425667,normal
4827,1781099990.426510,normal
4828,1781099990.427814,normal
4829,1781099990.428876,normal
4830,1781099990.429796,normal
4831,1781099990.431111,normal
4832,1781099990.432145,normal
4833,1781099990.433089,normal
4834,1781099990.434014,normal
4835,1781099990.435217,normal
4836,1781099990.436443,normal
4837,1781099990.437508,normal
4838,1781099990.438588,normal
4839,1781099990.440090,normal
4840,1781099990.441021,normal
4841,1781099990.441996,normal
4842,1781099990.442962,normal
4843,1781099990.443962,normal
4844,1781099990.445040,normal
4845,1781099990.446760,normal
4846,1781099990.447718,normal
4847,1781099990.448607,normal
4848,1781099990.449498,normal
4849,1781099990.450404,normal
4850,1781099990.451527,normal
4851,1781099990.452552,normal
4852,1781099990.453485,normal
4853,1781099990.454708,normal
4854,1781099990.456140,normal
4855,1781099990.457208,normal
4856,1781099990.458415,normal
4857,1781099990.459284,normal
4858,1781099990.460468,normal
4859,1781099990.461871,normal
4860,1781099990.463361,normal
4861,1781099990.464037,normal
4862,1781099990.465242,normal
4863,1781099990.466341,normal
4864,1781099990.467403,normal
4865,1781099990.468897,normal
4866,1781099990.470031,normal
4867,1781099990.470984,normal
4868,1781099990.472078,normal
4869,1781099990.472896,normal
4870,1781099990.473981,normal
4871,1781099990.474944,normal
4872,1781099990.476063,normal
4873,1781099990.477497,normal
4874,1781099990.478834,normal
4875,1781099990.480269,normal
4876,1781099990.481420,normal
4877,1781099990.482341,normal
4878,1781099990.483515,normal
4879,1781099990.484627,normal
4880,1781099990.486003,normal
4881,1781099990.486798,normal
4882,1781099990.487719,normal
4883,1781099990.488921,normal
4884,1781099990.489834,normal
4885,1781099990.490774,normal
4886,1781099990.492043,normal
4887,1781099990.492986,normal
4888,1781099990.493938,normal
4889,1781099990.494791,normal
4890,1781099990.495545,normal
4891,1781099990.496900,normal
4892,1781099990.497831,normal
4893,1781099990.498651,normal
4894,1781099990.499709,normal
4895,1781099990.500982,normal
4896,1781099990.502383,syn_flood
4897,1781099990.503527,normal
4898,1781099990.504530,normal
4899,1781099990.505407,normal
4900,1781099990.506516,normal
4901,1781099990.507643,normal
4902,1781099990.508935,normal
4903,1781099990.510077,normal
4904,1781099990.511127,normal
4905,1781099990.512144,normal
4906,1781099990.513147,normal
4907,1781099990.513999,normal
4908,1781099990.515404,normal
4909,1781099990.516884,normal
4910,1781099990.517860,normal
4911,1781099990.518993,normal
4912,1781099990.520370,normal
4913,1781099990.521547,normal
4914,1781099990.522501,normal
4915,1781099990.523638,normal
4916,1781099990.524711,normal
4917,1781099990.525787,normal
4918,1781099990.526618,normal
4919,1781099990.527565,normal
4920,1781099990.528495,normal
4921,1781099990.529649,normal
4922,1781099990.531328,normal
4923,1781099990.532261,normal
4924,1781099990.533815,normal
4925,1781099990.534827,normal
4926,1781099990.535798,normal
4927,1781099990.536618,normal
4928,1781099990.537465,normal
4929,1781099990.538365,normal
4930,1781099990.539267,normal
4931,1781099990.540561,normal
4932,1781099990.541687,normal
4933,1781099990.542700,normal
4934,1781099990.544134,normal
4935,1781099990.544944,normal
4936,1781099990.545803,normal
4937,1781099990.546858,normal
4938,1781099990.547860,normal
4939,1781099990.549483,normal
4940,1781099990.550697,normal
4941,1781099990.551564,normal
4942,1781099990.552436,normal
4943,1781099990.553333,normal
4944,1781099990.555056,normal
4945,1781099990.555972,normal
4946,1781099990.556787,normal
4947,1781099990.558053,normal
4948,1781099990.559042,normal
4949,1781099990.560065,normal
4950,1781099990.560930,normal
4951,1781099990.561690,normal
4952,1781099990.562536,normal
4953,1781099990.563732,normal
4954,1781099990.564481,normal
4955,1781099990.565790,normal
4956,1781099990.566467,normal
4957,1781099990.567624,normal
4958,1781099990.568841,normal
4959,1781099990.569720,normal
4960,1781099990.571029,normal
4961,1781099990.571971,normal
4962,1781099990.573157,normal
4963,1781099990.574403,normal
4964,1781099990.575289,normal
4965,1781099990.576406,normal
4966,1781099990.577444,normal
4967,1781099990.578509,normal
4968,1781099990.579674,normal
4969,1781099990.580681,normal
4970,1781099990.581784,normal
4971,1781099990.583194,normal
4972,1781099990.584095,normal
4973,1781099990.584912,normal
4974,1781099990.585785,normal
4975,1781099990.586818,normal
4976,1781099990.587908,normal
4977,1781099990.588836,normal
4978,1781099990.589774,normal
4979,1781099990.590768,normal
4980,1781099990.591786,normal
4981,1781099990.593253,normal
4982,1781099990.594168,normal
4983,1781099990.595343,normal
4984,1781099990.596581,normal
4985,1781099990.597641,normal
4986,1781099990.598621,normal
4987,1781099990.599664,udp_reflection
4988,1781099990.600717,normal
4989,1781099990.601635,normal
4990,1781099990.602602,normal
4991,1781099990.603842,normal
4992,1781099990.604806,normal
4993,1781099990.605728,normal
4994,1781099990.606769,normal
4995,1781099990.607912,normal
4996,1781099990.608784,normal
4997,1781099990.609648,normal
4998,1781099990.610536,normal
4999,1781099990.611513,normal
5000,1781099990.613194,normal
5001,1781099990.614156,normal
5002,1781099990.615241,normal
5003,1781099990.616241,normal
5004,1781099990.616818,normal
5005,1781099990.617723,normal
5006,1781099990.618706,normal
5007,1781099990.619724,normal
5008,1781099990.620781,normal
5009,1781099990.621866,normal
5010,1781099990.622623,normal
5011,1781099990.623884,normal
5012,1781099990.625298,normal
5013,1781099990.626261,normal
5014,1781099990.627640,normal
5015,1781099990.629111,normal
5016,1781099990.629924,normal
5017,1781099990.631092,normal
5018,1781099990.632041,normal
5019,1781099990.632968,normal
5020,1781099990.634118,normal
5021,1781099990.635087,normal
5022,1781099990.636088,normal
5023,1781099990.637453,normal
5024,1781099990.638402,normal
5025,1781099990.639156,normal
5026,1781099990.640230,normal
5027,1781099990.641383,normal
5028,1781099990.642219,normal
5029,1781099990.643402,normal
5030,1781099990.644186,normal
5031,1781099990.645502,normal
5032,1781099990.646471,normal
5033,1781099990.647810,normal
5034,1781099990.648728,normal
5035,1781099990.649572,normal
5036,1781099990.650995,normal
5037,1781099990.652154,normal
5038,1781099990.653503,normal
5039,1781099990.654423,normal
5040,1781099990.655632,normal
5041,1781099990.656717,normal
5042,1781099990.657420,normal
5043,1781099990.658364,syn_flood
5044,1781099990.659307,normal
5045,1781099990.660305,normal
5046,1781099990.661296,normal
5047,1781099990.662924,normal
5048,1781099990.663956,normal
5049,1781099990.664941,normal
5050,1781099990.665979,normal
5051,1781099990.666618,normal
5052,1781099990.668376,normal
5053,1781099990.669586,normal
5054,1781099990.670645,normal
5055,1781099990.671631,normal
5056,1781099990.672599,normal
5057,1781099990.674016,normal
5058,1781099990.674877,normal
5059,1781099990.675930,normal
5060,1781099990.677078,normal
5061,1781099990.678082,normal
5062,1781099990.679804,normal
5063,1781099990.680962,normal
5064,1781099990.681859,normal
5065,1781099990.682952,normal
5066,1781099990.684061,normal
5067,1781099990.685136,normal
5068,1781099990.686610,normal
5069,1781099990.687636,syn_flood
5070,1781099990.688625,normal
5071,1781099990.689492,normal
5072,1781099990.690648,normal
5073,1781099990.691795,normal
5074,1781099990.692950,normal
5075,1781099990.693893,normal
5076,1781099990.694996,normal
5077,1781099990.695966,normal
5078,1781099990.696717,normal
5079,1781099990.697309,normal
5080,1781099990.698382,normal
5081,1781099990.699516,normal
5082,1781099990.700446,normal
5083,1781099990.701432,normal
5084,1781099990.702326,normal
5085,1781099990.703324,normal
5086,1781099990.704347,normal
5087,1781099990.705873,normal
5088,1781099990.707417,normal
5089,1781099990.708907,normal
5090,1781099990.710042,normal
5091,1781099990.711241,normal
5092,1781099990.712130,normal
5093,1781099990.713010,normal
5094,1781099990.714438,normal
5095,1781099990.715504,normal
5096,1781099990.716739,normal
5097,1781099990.717719,normal
5098,1781099990.719425,normal
5099,1781099990.720640,normal
5100,1781099990.721602,normal
5101,1781099990.723031,normal
5102,1781099990.723987,normal
5103,1781099990.724919,normal
5104,1781099990.726254,normal
5105,1781099990.727584,normal
5106,1781099990.728424,normal
5107,1781099990.729475,normal
5108,1781099990.730703,normal
5109,1781099990.731650,normal
5110,1781099990.732898,normal
5111,1781099990.734425,normal
5112,1781099990.735546,normal
5113,1781099990.737235,normal
5114,1781099990.738271,normal
5115,1781099990.739719,normal
5116,1781099990.741158,normal
5117,1781099990.742181,normal
5118,1781099990.743050,normal
5119,1781099990.743921,normal
5120,1781099990.745758,normal
5121,1781099990.746736,normal
5122,1781099990.747976,normal
5123,1781099990.749013,normal
5124,1781099990.750075,normal
5125,1781099990.751422,normal
5126,1781099990.752522,normal
5127,1781099990.754011,normal
5128,1781099990.755010,normal
5129,1781099990.756069,normal
5130,1781099990.757315,normal
5131,1781099990.758618,normal
5132,1781099990.760373,normal
5133,1781099990.761619,normal
5134,1781099990.762701,normal
5135,1781099990.763639,normal
5136,1781099990.764717,normal
5137,1781099990.766007,normal
5138,1781099990.767150,normal
5139,1781099990.767956,normal
5140,1781099990.769062,normal
5141,1781099990.770270,normal
5142,1781099990.771285,normal
5143,1781099990.772385,normal
5144,1781099990.773440,normal
5145,1781099990.774227,normal
5146,1781099990.775316,normal
5147,1781099990.776579,normal
5148,1781099990.777838,normal
5149,1781099990.778594,normal
5150,1781099990.779570,normal
5151,1781099990.780514,normal
5152,1781099990.781472,normal
5153,1781099990.783300,normal
5154,1781099990.784474,normal
5155,1781099990.785618,normal
5156,1781099990.786525,normal
5157,1781099990.787640,http_flood
5158,1781099990.789047,normal
5159,1781099990.790050,normal
5160,1781099990.791111,normal
5161,1781099990.792459,normal
5162,1781099990.793898,normal
5163,1781099990.795298,normal
5164,1781099990.796559,normal
5165,1781099990.797640,normal
5166,1781099990.798666,normal
5167,1781099990.799533,normal
5168,1781099990.800311,normal
5169,1781099990.801022,normal
5170,1781099990.802257,normal
5171,1781099990.803702,normal
5172,1781099990.804912,normal
5173,1781099990.805981,normal
5174,1781099990.806700,normal
5175,1781099990.807830,normal
5176,1781099990.808657,normal
5177,1781099990.809393,normal
5178,1781099990.811171,normal
5179,1781099990.812405,normal
5180,1781099990.813962,normal
5181,1781099990.815159,normal
5182,1781099990.816651,normal
5183,1781099990.817914,normal
5184,1781099990.818974,normal
5185,1781099990.819940,normal
5186,1781099990.820888,normal
5187,1781099990.821614,normal
5188,1781099990.822498,normal
5189,1781099990.823298,normal
5190,1781099990.824344,normal
5191,1781099990.825356,normal
5192,1781099990.826392,normal
5193,1781099990.827352,normal
5194,1781099990.828013,normal
5195,1781099990.828756,normal
5196,1781099990.829627,normal
5197,1781099990.831021,normal
5198,1781099990.832415,normal
5199,1781099990.833575,normal
5200,1781099990.834666,normal
5201,1781099990.835800,normal
5202,1781099990.837086,normal
5203,1781099990.837967,normal
5204,1781099990.838901,normal
5205,1781099990.840868,normal
5206,1781099990.841604,normal
5207,1781099990.842757,normal
5208,1781099990.843664,normal
5209,1781099990.845035,normal
5210,1781099990.845963,normal
5211,1781099990.847118,normal
5212,1781099990.848006,normal
5213,1781099990.849172,normal
5214,1781099990.850582,normal
5215,1781099990.851860,normal
5216,1781099990.853364,normal
5217,1781099990.854368,normal
5218,1781099990.855307,normal
5219,1781099990.856785,normal
5220,1781099990.858227,normal
5221,1781099990.859172,normal
5222,1781099990.860221,normal
5223,1781099990.861233,normal
5224,1781099990.861888,normal
5225,1781099990.863482,normal
5226,1781099990.865105,normal
5227,1781099990.865985,normal
5228,1781099990.867101,normal
5229,1781099990.868730,normal
5230,1781099990.869656,normal
5231,1781099990.870754,normal
5232,1781099990.871978,normal
5233,1781099990.872817,normal
5234,1781099990.873893,normal
5235,1781099990.875088,normal
5236,1781099990.876097,normal
5237,1781099990.877017,normal
5238,1781099990.877762,normal
5239,1781099990.878613,normal
5240,1781099990.879759,normal
5241,1781099990.880723,normal
5242,1781099990.881761,normal
5243,1781099990.883486,normal
5244,1781099990.884443,normal
5245,1781099990.885169,normal
5246,1781099990.886488,normal
5247,1781099990.887702,normal
5248,1781099990.889230,normal
5249,1781099990.890813,normal
5250,1781099990.892182,normal
5251,1781099990.894141,normal
5252,1781099990.895206,normal
5253,1781099990.896766,normal
5254,1781099990.897843,normal
5255,1781099990.899093,normal
5256,1781099990.900327,normal
5257,1781099990.901194,normal
5258,1781099990.902066,normal
5259,1781099990.902976,normal
5260,1781099990.904167,normal
5261,1781099990.905028,normal
5262,1781099990.905719,normal
5263,1781099990.906868,normal
5264,1781099990.907648,normal
5265,1781099990.909235,normal
5266,1781099990.910847,normal
5267,1781099990.912235,normal
5268,1781099990.913728,normal
5269,1781099990.915093,normal
5270,1781099990.916062,normal
5271,1781099990.917480,normal
5272,1781099990.918406,normal
5273,1781099990.919459,normal
5274,1781099990.920723,normal
5275,1781099990.922099,normal
5276,1781099990.923233,normal
5277,1781099990.924260,normal
5278,1781099990.925380,normal
5279,1781099990.926421,normal
5280,1781099990.927226,normal
5281,1781099990.928490,normal
5282,1781099990.929526,normal
5283,1781099990.930292,normal
5284,1781099990.931071,normal
5285,1781099990.932326,normal
5286,1781099990.933980,normal
5287,1781099990.935355,normal
5288,1781099990.936173,normal
5289,1781099990.937600,normal
5290,1781099990.938910,normal
5291,1781099990.940150,normal
5292,1781099990.941739,normal
5293,1781099990.942720,normal
5294,1781099990.943784,normal
5295,1781099990.944946,normal
5296,1781099990.945965,normal
5297,1781099990.947204,http_flood
5298,1781099990.948260,normal
5299,1781099990.949361,normal
5300,1781099990.950830,normal
5301,1781099990.952065,normal
5302,1781099990.952897,normal
5303,1781099990.954121,normal
5304,1781099990.955308,normal
5305,1781099990.956897,normal
5306,1781099990.957812,normal
5307,1781099990.958747,normal
5308,1781099990.960002,normal
5309,1781099990.961699,normal
5310,1781099990.962465,normal
5311,1781099990.963294,normal
5312,1781099990.964208,normal
5313,1781099990.965478,normal
5314,1781099990.966299,normal
5315,1781099990.967650,normal
5316,1781099990.969097,normal
5317,1781099990.970542,normal
5318,1781099990.971500,normal
5319,1781099990.972627,normal
5320,1781099990.974059,normal
5321,1781099990.975060,normal
5322,1781099990.976343,normal
5323,1781099990.977498,normal
5324,1781099990.978461,normal
5325,1781099990.979927,normal
5326,1781099990.981120,normal
5327,1781099990.981815,normal
5328,1781099990.982974,normal
5329,1781099990.983931,normal
5330,1781099990.984937,normal
5331,1781099990.985976,normal
5332,1781099990.987134,normal
5333,1781099990.988794,normal
5334,1781099990.989939,normal
5335,1781099990.990919,normal
5336,1781099990.991652,normal
5337,1781099990.992446,normal
5338,1781099990.993761,normal
5339,1781099990.995150,normal
5340,1781099990.996023,normal
5341,1781099990.997186,normal
5342,1781099990.998477,normal
5343,1781099990.999740,normal
5344,1781099991.001179,normal
5345,1781099991.002666,normal
5346,1781099991.003314,normal
5347,1781099991.004509,normal
5348,1781099991.005495,normal
5349,1781099991.006851,normal
5350,1781099991.007947,normal
5351,1781099991.009190,normal
5352,1781099991.010102,normal
5353,1781099991.011483,normal
5354,1781099991.012225,normal
5355,1781099991.013362,normal
5356,1781099991.014328,normal
5357,1781099991.015472,normal
5358,1781099991.016119,normal
5359,1781099991.017225,normal
5360,1781099991.018006,normal
5361,1781099991.019695,normal
5362,1781099991.020717,normal
5363,1781099991.022011,normal
5364,1781099991.023341,normal
5365,1781099991.024287,normal
5366,1781099991.025707,normal
5367,1781099991.027183,normal
5368,1781099991.028337,normal
5369,1781099991.029738,normal
5370,1781099991.031012,normal
5371,1781099991.032249,normal
5372,1781099991.033810,normal
5373,1781099991.034859,normal
5374,1781099991.036804,normal
5375,1781099991.038125,normal
5376,1781099991.039187,normal
5377,1781099991.040099,normal
5378,1781099991.041251,normal
5379,1781099991.042388,normal
5380,1781099991.043962,normal
5381,1781099991.044690,normal
5382,1781099991.045840,normal
5383,1781099991.047046,normal
5384,1781099991.048269,normal
5385,1781099991.049531,normal
5386,1781099991.050521,normal
5387,1781099991.051741,normal
5388,1781099991.052926,normal
5389,1781099991.054034,normal
5390,1781099991.055019,normal
5391,1781099991.056246,normal
5392,1781099991.057272,normal
5393,1781099991.057977,normal
5394,1781099991.059325,normal
5395,1781099991.060740,normal
5396,1781099991.061720,normal
5397,1781099991.062809,normal
5398,1781099991.064029,normal
5399,1781099991.065125,normal
5400,1781099991.066368,normal
5401,1781099991.067327,normal
5402,1781099991.068176,normal
5403,1781099991.069330,normal
5404,1781099991.070244,normal
5405,1781099991.071376,normal
5406,1781099991.072380,normal
5407,1781099991.073245,normal
5408,1781099991.074393,normal
5409,1781099991.075708,normal
5410,1781099991.076958,normal
5411,1781099991.077928,normal
5412,1781099991.079686,normal
5413,1781099991.080605,normal
5414,1781099991.081733,normal
5415,1781099991.082912,normal
5416,1781099991.083891,normal
5417,1781099991.085015,normal
5418,1781099991.085886,normal
5419,1781099991.086888,normal
5420,1781099991.087729,normal
5421,1781099991.089286,normal
5422,1781099991.090675,normal
5423,1781099991.091705,normal
5424,1781099991.093101,normal
5425,1781099991.094572,normal
5426,1781099991.095534,normal
5427,1781099991.096779,normal
5428,1781099991.097706,normal
5429,1781099991.099057,normal
5430,1781099991.099943,normal
5431,1781099991.101590,normal
5432,1781099991.102438,normal
5433,1781099991.103982,normal
5434,1781099991.105147,normal
5435,1781099991.106089,normal
5436,1781099991.107431,normal
5437,1781099991.108305,normal
5438,1781099991.109472,normal
5439,1781099991.110167,normal
5440,1781099991.111543,normal
5441,1781099991.112984,normal
5442,1781099991.115382,normal
5443,1781099991.116241,normal
5444,1781099991.117122,normal
5445,1781099991.117986,normal
5446,1781099991.119156,normal
5447,1781099991.120368,normal
5448,1781099991.121235,normal
5449,1781099991.122286,normal
5450,1781099991.123078,normal
5451,1781099991.124581,normal
5452,1781099991.126163,normal
5453,1781099991.127431,normal
5454,1781099991.128718,normal
5455,1781099991.130327,normal
5456,1781099991.131278,normal
5457,1781099991.132784,normal
5458,1781099991.134323,normal
5459,1781099991.135606,normal
5460,1781099991.137336,normal
5461,1781099991.138115,normal
5462,1781099991.139388,normal
5463,1781099991.140157,normal
5464,1781099991.141572,normal
5465,1781099991.142602,normal
5466,1781099991.143529,normal
5467,1781099991.144603,normal
5468,1781099991.145668,normal
5469,1781099991.147092,normal
5470,1781099991.148235,normal
5471,1781099991.149137,normal
5472,1781099991.150075,normal
5473,1781099991.151508,normal
5474,1781099991.152337,normal
5475,1781099991.153452,normal
5476,1781099991.154821,normal
5477,1781099991.155559,normal
5478,1781099991.156385,normal
5479,1781099991.158177,normal
5480,1781099991.159330,normal
5481,1781099991.160843,normal
5482,1781099991.162089,normal
5483,1781099991.163024,normal
5484,1781099991.164051,normal
5485,1781099991.165019,normal
5486,1781099991.166226,http_flood
5487,1781099991.167280,normal
5488,1781099991.168593,normal
5489,1781099991.169641,normal
5490,1781099991.170965,normal
5491,1781099991.172006,normal
5492,1781099991.173085,normal
5493,1781099991.174265,normal
5494,1781099991.175720,normal
5495,1781099991.176923,normal
5496,1781099991.178253,normal
5497,1781099991.179461,normal
5498,1781099991.180325,normal
5499,1781099991.181513,normal
5500,1781099991.182426,normal
5501,1781099991.183335,normal
5502,1781099991.184793,normal
5503,1781099991.186107,normal
5504,1781099991.187392,normal
5505,1781099991.189946,normal
5506,1781099991.191221,normal
5507,1781099991.192323,normal
5508,1781099991.193430,normal
5509,1781099991.194228,normal
5510,1781099991.195556,http_flood
5511,1781099991.196809,normal
5512,1781099991.198071,normal
5513,1781099991.199282,normal
5514,1781099991.200415,normal
5515,1781099991.201314,normal
5516,1781099991.202648,normal
5517,1781099991.203962,normal
5518,1781099991.205311,normal
5519,1781099991.206616,normal
5520,1781099991.207558,normal
5521,1781099991.208831,normal
5522,1781099991.210039,normal
5523,1781099991.211015,normal
5524,1781099991.211983,normal
5525,1781099991.213035,normal
5526,1781099991.214136,normal
5527,1781099991.214854,normal
5528,1781099991.215988,normal
5529,1781099991.217139,normal
5530,1781099991.218284,normal
5531,1781099991.219529,normal
5532,1781099991.220527,normal
5533,1781099991.221644,normal
5534,1781099991.222698,normal
5535,1781099991.223887,normal
5536,1781099991.224906,normal
5537,1781099991.226178,normal
5538,1781099991.227559,normal
5539,1781099991.228756,normal
5540,1781099991.230122,normal
5541,1781099991.231736,normal
5542,1781099991.233014,normal
5543,1781099991.234727,normal
5544,1781099991.235559,normal
5545,1781099991.236752,normal
5546,1781099991.237930,normal
5547,1781099991.238793,normal
5548,1781099991.239891,normal
5549,1781099991.241147,normal
5550,1781099991.242155,normal
5551,1781099991.243250,normal
5552,1781099991.244356,normal
5553,1781099991.245741,normal
5554,1781099991.247743,normal
5555,1781099991.248630,normal
5556,1781099991.249901,normal
5557,1781099991.250793,normal
5558,1781099991.251858,normal
5559,1781099991.252717,normal
5560,1781099991.254090,normal
5561,1781099991.255527,normal
5562,1781099991.256975,normal
5563,1781099991.258262,normal
5564,1781099991.259418,normal
5565,1781099991.261126,normal
5566,1781099991.262212,normal
5567,1781099991.263340,normal
5568,1781099991.264800,normal
5569,1781099991.266332,normal
5570,1781099991.267291,normal
5571,1781099991.268841,normal
5572,1781099991.269928,normal
5573,1781099991.271455,normal
5574,1781099991.272575,normal
5575,1781099991.273728,normal
5576,1781099991.275432,normal
5577,1781099991.276476,normal
5578,1781099991.277444,normal
5579,1781099991.279058,normal
5580,1781099991.279839,normal
5581,1781099991.281051,normal
5582,1781099991.281896,normal
5583,1781099991.283204,normal
5584,1781099991.284171,normal
5585,1781099991.285372,normal
5586,1781099991.286469,normal
5587,1781099991.287810,normal
5588,1781099991.288920,normal
5589,1781099991.289935,normal
5590,1781099991.291178,normal
5591,1781099991.292171,normal
5592,1781099991.293159,normal
5593,1781099991.294199,normal
5594,1781099991.295486,normal
5595,1781099991.296232,normal
5596,1781099991.297734,normal
5597,1781099991.298586,normal
5598,1781099991.300039,normal
5599,1781099991.301169,normal
5600,1781099991.302386,normal
5601,1781099991.303352,normal
5602,1781099991.305068,http_flood
5603,1781099991.306304,normal
5604,1781099991.307791,normal
5605,1781099991.308990,normal
5606,1781099991.309914,normal
5607,1781099991.311442,normal
5608,1781099991.312594,normal
5609,1781099991.313887,normal
5610,1781099991.315346,normal
5611,1781099991.316272,normal
5612,1781099991.317230,normal
5613,1781099991.318904,http_flood
5614,1781099991.319953,normal
5615,1781099991.321123,normal
5616,1781099991.322165,normal
5617,1781099991.323245,normal
5618,1781099991.324253,normal
5619,1781099991.325579,normal
5620,1781099991.326836,normal
5621,1781099991.328144,normal
5622,1781099991.329442,normal
5623,1781099991.330165,normal
5624,1781099991.331349,normal
5625,1781099991.332556,normal
5626,1781099991.333718,normal
5627,1781099991.335013,normal
5628,1781099991.336580,normal
5629,1781099991.337811,normal
5630,1781099991.338770,normal
5631,1781099991.339904,normal
5632,1781099991.341207,normal
5633,1781099991.342663,normal
5634,1781099991.343872,normal
5635,1781099991.345039,normal
5636,1781099991.346126,normal
5637,1781099991.347808,normal
5638,1781099991.348618,normal
5639,1781099991.349764,normal
5640,1781099991.350842,normal
5641,1781099991.352359,normal
5642,1781099991.353726,normal
5643,1781099991.354759,normal
5644,1781099991.355824,normal
5645,1781099991.356425,normal
5646,1781099991.358202,normal
5647,1781099991.359624,normal
5648,1781099991.360784,normal
5649,1781099991.361873,normal
5650,1781099991.362546,normal
5651,1781099991.363792,normal
5652,1781099991.365048,normal
5653,1781099991.366700,normal
5654,1781099991.367710,normal
5655,1781099991.368782,normal
5656,1781099991.369776,normal
5657,1781099991.371379,normal
5658,1781099991.372373,normal
5659,1781099991.373581,normal
5660,1781099991.374730,normal
5661,1781099991.375618,normal
5662,1781099991.376761,normal
5663,1781099991.378457,normal
5664,1781099991.379883,normal
5665,1781099991.381170,normal
5666,1781099991.382463,normal
5667,1781099991.384146,normal
5668,1781099991.385345,normal
5669,1781099991.386238,normal
5670,1781099991.387417,normal
5671,1781099991.388780,normal
5672,1781099991.390256,normal
5673,1781099991.391870,normal
5674,1781099991.392799,normal
5675,1781099991.394161,normal
5676,1781099991.395180,normal
5677,1781099991.396228,normal
5678,1781099991.397662,normal
5679,1781099991.399083,normal
5680,1781099991.400327,normal
5681,1781099991.401482,normal
5682,1781099991.403241,normal
5683,1781099991.404424,normal
5684,1781099991.405803,normal
5685,1781099991.406941,normal
5686,1781099991.407886,normal
5687,1781099991.409802,normal
5688,1781099991.411230,normal
5689,1781099991.412147,normal
5690,1781099991.413013,normal
5691,1781099991.414786,normal
5692,1781099991.415958,normal
5693,1781099991.417712,normal
5694,1781099991.418804,normal
5695,1781099991.420327,normal
5696,1781099991.421506,normal
5697,1781099991.422621,normal
5698,1781099991.424435,normal
5699,1781099991.425558,normal
5700,1781099991.426633,normal
5701,1781099991.427660,normal
5702,1781099991.428804,normal
5703,1781099991.430233,normal
5704,1781099991.431862,normal
5705,1781099991.433077,normal
5706,1781099991.434330,normal
5707,1781099991.435423,normal
5708,1781099991.436333,normal
5709,1781099991.438468,normal
5710,1781099991.440318,normal
5711,1781099991.441470,normal
5712,1781099991.442537,normal
5713,1781099991.443645,normal
5714,1781099991.444813,normal
5715,1781099991.445852,normal
5716,1781099991.447128,normal
5717,1781099991.448476,normal
5718,1781099991.449596,normal
5719,1781099991.450894,normal
5720,1781099991.451892,normal
5721,1781099991.452896,normal
5722,1781099991.454388,normal
5723,1781099991.455588,normal
5724,1781099991.456756,normal
5725,1781099991.458412,normal
5726,1781099991.459220,normal
5727,1781099991.460612,normal
5728,1781099991.461779,normal
5729,1781099991.463036,normal
5730,1781099991.464452,normal
5731,1781099991.465352,normal
5732,1781099991.466579,normal
5733,1781099991.468087,normal
5734,1781099991.469168,normal
5735,1781099991.470555,normal
5736,1781099991.471602,normal
5737,1781099991.472796,normal
5738,1781099991.474091,normal
5739,1781099991.475177,normal
5740,1781099991.476269,normal
5741,1781099991.477873,normal
5742,1781099991.479088,normal
5743,1781099991.480291,normal
5744,1781099991.481579,normal
5745,1781099991.482905,normal
5746,1781099991.484149,normal
5747,1781099991.485261,normal
5748,1781099991.486592,normal
5749,1781099991.487506,normal
5750,1781099991.489045,normal
5751,1781099991.490530,normal
5752,1781099991.491634,normal
5753,1781099991.493261,normal
5754,1781099991.494272,normal
5755,1781099991.495652,normal
5756,1781099991.496583,normal
5757,1781099991.497616,normal
5758,1781099991.498955,normal
5759,1781099991.499869,normal
5760,1781099991.501347,normal
5761,1781099991.502797,normal
5762,1781099991.504308,normal
5763,1781099991.505379,normal
5764,1781099991.506302,normal
5765,1781099991.507294,normal
5766,1781099991.508219,normal
5767,1781099991.509397,normal
5768,1781099991.510571,normal
5769,1781099991.511595,normal
5770,1781099991.512495,normal
5771,1781099991.513776,normal
5772,1781099991.514884,normal
5773,1781099991.516192,normal
5774,1781099991.517065,normal
5775,1781099991.518254,normal
5776,1781099991.519935,normal
5777,1781099991.520537,normal
5778,1781099991.521908,normal
5779,1781099991.523045,normal
5780,1781099991.524085,normal
5781,1781099991.525483,normal
5782,1781099991.526774,normal
5783,1781099991.528458,normal
5784,1781099991.529646,normal
5785,1781099991.531002,normal
5786,1781099991.531982,normal
5787,1781099991.532825,normal
5788,1781099991.533721,normal
5789,1781099991.535856,normal
5790,1781099991.537355,normal
5791,1781099991.538504,normal
5792,1781099991.539837,normal
5793,1781099991.540917,normal
5794,1781099991.541683,normal
5795,1781099991.542405,normal
5796,1781099991.543773,normal
5797,1781099991.544986,normal
5798,1781099991.546667,normal
5799,1781099991.547912,normal
5800,1781099991.549613,normal
5801,1781099991.551033,normal
5802,1781099991.552268,normal
5803,1781099991.553713,normal
5804,1781099991.555743,normal
5805,1781099991.556980,normal
5806,1781099991.558301,normal
5807,1781099991.559398,normal
5808,1781099991.560368,normal
5809,1781099991.561793,normal
5810,1781099991.562959,normal
5811,1781099991.564378,normal
5812,1781099991.565791,normal
5813,1781099991.567222,normal
5814,1781099991.568166,normal
5815,1781099991.569573,normal
5816,1781099991.570677,normal
5817,1781099991.571769,normal
5818,1781099991.572736,normal
5819,1781099991.573834,normal
5820,1781099991.575389,normal
5821,1781099991.576862,normal
5822,1781099991.578180,normal
5823,1781099991.579304,normal
5824,1781099991.580383,normal
5825,1781099991.581836,normal
5826,1781099991.583256,normal
5827,1781099991.584336,normal
5828,1781099991.585700,normal
5829,1781099991.587089,normal
5830,1781099991.588230,normal
5831,1781099991.589539,normal
5832,1781099991.590936,normal
5833,1781099991.592938,normal
5834,1781099991.593824,normal
5835,1781099991.595114,normal
5836,1781099991.596031,normal
5837,1781099991.597097,normal
5838,1781099991.598346,normal
5839,1781099991.599719,normal
5840,1781099991.601104,normal
5841,1781099991.602545,normal
5842,1781099991.603648,normal
5843,1781099991.605100,normal
5844,1781099991.606796,normal
5845,1781099991.608135,normal
5846,1781099991.609133,normal
5847,1781099991.610304,normal
5848,1781099991.611486,normal
5849,1781099991.612687,normal
5850,1781099991.613761,normal
5851,1781099991.614934,normal
5852,1781099991.616203,normal
5853,1781099991.617481,normal
5854,1781099991.618675,normal
5855,1781099991.619955,normal
5856,1781099991.621497,normal
5857,1781099991.623207,normal
5858,1781099991.624515,normal
5859,1781099991.625590,normal
5860,1781099991.626486,normal
5861,1781099991.628306,normal
5862,1781099991.629494,normal
5863,1781099991.631243,normal
5864,1781099991.632390,normal
5865,1781099991.633345,normal
5866,1781099991.634642,normal
5867,1781099991.636340,normal
5868,1781099991.637255,normal
5869,1781099991.638672,normal
5870,1781099991.639644,normal
5871,1781099991.640721,normal
5872,1781099991.641674,normal
5873,1781099991.642803,normal
5874,1781099991.644015,normal
5875,1781099991.645603,normal
5876,1781099991.647085,normal
5877,1781099991.648285,normal
5878,1781099991.649166,normal
5879,1781099991.650263,normal
5880,1781099991.651631,normal
5881,1781099991.652909,normal
5882,1781099991.653957,normal
5883,1781099991.655397,normal
5884,1781099991.656504,normal
5885,1781099991.657498,normal
5886,1781099991.658945,normal
5887,1781099991.660304,normal
5888,1781099991.661707,normal
5889,1781099991.663336,normal
5890,1781099991.664976,normal
5891,1781099991.666318,normal
5892,1781099991.667572,normal
5893,1781099991.668563,normal
5894,1781099991.670163,normal
5895,1781099991.671445,normal
5896,1781099991.672257,normal
5897,1781099991.673187,normal
5898,1781099991.674764,normal
5899,1781099991.676262,normal
5900,1781099991.677296,normal
5901,1781099991.678197,normal
5902,1781099991.679140,normal
5903,1781099991.679942,normal
5904,1781099991.680888,normal
5905,1781099991.681944,normal
5906,1781099991.683189,normal
5907,1781099991.684534,normal
5908,1781099991.685773,normal
5909,1781099991.686863,normal
5910,1781099991.688138,normal
5911,1781099991.689476,normal
5912,1781099991.691014,normal
5913,1781099991.692392,normal
5914,1781099991.693894,normal
5915,1781099991.694771,normal
5916,1781099991.696105,normal
5917,1781099991.697476,normal
5918,1781099991.698804,normal
5919,1781099991.699950,normal
5920,1781099991.701336,normal
5921,1781099991.702412,normal
5922,1781099991.703439,normal
5923,1781099991.704706,normal
5924,1781099991.705633,normal
5925,1781099991.706815,normal
5926,1781099991.707950,normal
5927,1781099991.709356,normal
5928,1781099991.710421,normal
5929,1781099991.712010,normal
5930,1781099991.713095,normal
5931,1781099991.714717,normal
5932,1781099991.715705,normal
5933,1781099991.716608,normal
5934,1781099991.718538,normal
5935,1781099991.720124,normal
5936,1781099991.721648,normal
5937,1781099991.722553,normal
5938,1781099991.723922,normal
5939,1781099991.724866,normal
5940,1781099991.726420,normal
5941,1781099991.727518,normal
5942,1781099991.728922,normal
5943,1781099991.730372,normal
5944,1781099991.731955,normal
5945,1781099991.733249,normal
5946,1781099991.734396,normal
5947,1781099991.735535,normal
5948,1781099991.736699,normal
5949,1781099991.738115,normal
5950,1781099991.739182,normal
5951,1781099991.740906,normal
5952,1781099991.742507,normal
5953,1781099991.743834,normal
5954,1781099991.744802,normal
5955,1781099991.746248,normal
5956,1781099991.747602,normal
5957,1781099991.748773,normal
5958,1781099991.749730,normal
5959,1781099991.751041,normal
5960,1781099991.752068,normal
5961,1781099991.753205,normal
5962,1781099991.754869,normal
5963,1781099991.756021,normal
5964,1781099991.757373,normal
5965,1781099991.758905,normal
5966,1781099991.760129,normal
5967,1781099991.761305,normal
5968,1781099991.763216,normal
5969,1781099991.764568,normal
5970,1781099991.766290,normal
5971,1781099991.768001,normal
5972,1781099991.769344,normal
5973,1781099991.770455,normal
5974,1781099991.771939,normal
5975,1781099991.772929,normal
5976,1781099991.774446,normal
5977,1781099991.775951,normal
5978,1781099991.777538,normal
5979,1781099991.778898,http_flood
5980,1781099991.780189,normal
5981,1781099991.781183,normal
5982,1781099991.782592,normal
5983,1781099991.784138,normal
5984,1781099991.785430,normal
5985,1781099991.786882,normal
5986,1781099991.788226,normal
5987,1781099991.789316,normal
5988,1781099991.790510,normal
5989,1781099991.791616,normal
5990,1781099991.792529,normal
5991,1781099991.794236,normal
5992,1781099991.795918,normal
5993,1781099991.797143,normal
5994,1781099991.798435,normal
5995,1781099991.800074,http_flood
5996,1781099991.801420,normal
5997,1781099991.802519,normal
5998,1781099991.803917,normal
5999,1781099991.805448,normal
6000,1781099991.806448,normal
6001,1781099991.807340,normal
6002,1781099991.808955,normal
6003,1781099991.809792,normal
6004,1781099991.810993,normal
6005,1781099991.811809,normal
6006,1781099991.813040,normal
6007,1781099991.814135,normal
6008,1781099991.815100,normal
6009,1781099991.816318,normal
6010,1781099991.817794,normal
6011,1781099991.819002,normal
6012,1781099991.820418,normal
6013,1781099991.821469,normal
6014,1781099991.823240,normal
6015,1781099991.825050,normal
6016,1781099991.826283,normal
6017,1781099991.827432,normal
6018,1781099991.829006,normal
6019,1781099991.830194,normal
6020,1781099991.831296,normal
6021,1781099991.832463,normal
6022,1781099991.833731,normal
6023,1781099991.835231,normal
6024,1781099991.836797,normal
6025,1781099991.838053,normal
6026,1781099991.838784,normal
6027,1781099991.839866,normal
6028,1781099991.841362,normal
6029,1781099991.843126,normal
6030,1781099991.843877,normal
6031,1781099991.845261,normal
6032,1781099991.846561,normal
6033,1781099991.847931,udp_reflection
6034,1781099991.849399,normal
6035,1781099991.850682,normal
6036,1781099991.851723,normal
6037,1781099991.852756,normal
6038,1781099991.853840,normal
6039,1781099991.854975,normal
6040,1781099991.856496,normal
6041,1781099991.857669,normal
6042,1781099991.858801,normal
6043,1781099991.859991,normal
6044,1781099991.861140,normal
6045,1781099991.862693,normal
6046,1781099991.864266,normal
6047,1781099991.865549,normal
6048,1781099991.867990,normal
6049,1781099991.869498,normal
6050,1781099991.870497,normal
6051,1781099991.872290,normal
6052,1781099991.873661,normal
6053,1781099991.874928,normal
6054,1781099991.875979,normal
6055,1781099991.877101,normal
6056,1781099991.878385,normal
6057,1781099991.880362,normal
6058,1781099991.881218,normal
6059,1781099991.882362,normal
6060,1781099991.883543,normal
6061,1781099991.885053,normal
6062,1781099991.886197,normal
6063,1781099991.888118,normal
6064,1781099991.889156,normal
6065,1781099991.890610,normal
6066,1781099991.892377,normal
6067,1781099991.893330,normal
6068,1781099991.894623,normal
6069,1781099991.895849,http_flood
6070,1781099991.897346,normal
6071,1781099991.899009,normal
6072,1781099991.900243,http_flood
6073,1781099991.901799,normal
6074,1781099991.903021,normal
6075,1781099991.904557,normal
6076,1781099991.906157,normal
6077,1781099991.907810,normal
6078,1781099991.909527,normal
6079,1781099991.910610,normal
6080,1781099991.911711,normal
6081,1781099991.913042,normal
6082,1781099991.914012,normal
6083,1781099991.915219,normal
6084,1781099991.916189,normal
6085,1781099991.917782,normal
6086,1781099991.919144,normal
6087,1781099991.920192,http_flood
6088,1781099991.921143,normal
6089,1781099991.922734,normal
6090,1781099991.923699,normal
6091,1781099991.925141,normal
6092,1781099991.926410,normal
6093,1781099991.928062,normal
6094,1781099991.929145,normal
6095,1781099991.930636,normal
6096,1781099991.931800,normal
6097,1781099991.933881,normal
6098,1781099991.935005,normal
6099,1781099991.936407,normal
6100,1781099991.937590,normal
6101,1781099991.938945,normal
6102,1781099991.940503,normal
6103,1781099991.941718,normal
6104,1781099991.942900,normal
6105,1781099991.944144,normal
6106,1781099991.945570,normal
6107,1781099991.946891,normal
6108,1781099991.948504,normal
6109,1781099991.949868,normal
6110,1781099991.951066,normal
6111,1781099991.952220,normal
6112,1781099991.954290,normal
6113,1781099991.956157,normal
6114,1781099991.957628,normal
6115,1781099991.959779,normal
6116,1781099991.961183,normal
6117,1781099991.962483,normal
6118,1781099991.964461,normal
6119,1781099991.965472,syn_flood
6120,1781099991.966494,normal
6121,1781099991.967230,normal
6122,1781099991.969223,normal
6123,1781099991.970887,normal
6124,1781099991.972265,normal
6125,1781099991.973637,normal
6126,1781099991.975325,normal
6127,1781099991.976428,normal
6128,1781099991.977948,normal
6129,1781099991.979253,normal
6130,1781099991.980571,normal
6131,1781099991.982266,normal
6132,1781099991.983484,normal
6133,1781099991.984725,normal
6134,1781099991.986310,normal
6135,1781099991.987570,normal
6136,1781099991.988852,normal
6137,1781099991.990431,normal
6138,1781099991.992158,normal
6139,1781099991.993360,normal
6140,1781099991.994368,normal
6141,1781099991.996136,normal
6142,1781099991.997757,normal
6143,1781099991.999023,normal
6144,1781099992.000150,normal
6145,1781099992.000994,normal
6146,1781099992.002132,normal
6147,1781099992.004017,normal
6148,1781099992.005290,normal
6149,1781099992.007280,normal
6150,1781099992.008741,normal
6151,1781099992.009974,normal
6152,1781099992.011782,normal
6153,1781099992.012535,normal
6154,1781099992.014051,normal
6155,1781099992.015592,normal
6156,1781099992.017073,normal
6157,1781099992.018434,normal
6158,1781099992.020319,normal
6159,1781099992.021489,normal
6160,1781099992.022570,normal
6161,1781099992.024610,normal
6162,1781099992.025533,normal
6163,1781099992.027045,normal
6164,1781099992.028644,normal
6165,1781099992.029917,normal
6166,1781099992.031076,normal
6167,1781099992.032465,normal
6168,1781099992.034024,normal
6169,1781099992.034985,normal
6170,1781099992.036111,normal
6171,1781099992.037582,normal
6172,1781099992.039545,normal
6173,1781099992.041326,normal
6174,1781099992.042839,normal
6175,1781099992.044078,syn_flood
6176,1781099992.045582,normal
6177,1781099992.046904,normal
6178,1781099992.048002,normal
6179,1781099992.049691,normal
6180,1781099992.050907,normal
6181,1781099992.052404,normal
6182,1781099992.053671,normal
6183,1781099992.054944,normal
6184,1781099992.056913,normal
6185,1781099992.058070,normal
6186,1781099992.059219,normal
6187,1781099992.060947,normal
6188,1781099992.062416,normal
6189,1781099992.063925,normal
6190,1781099992.065204,normal
6191,1781099992.066386,normal
6192,1781099992.067718,normal
6193,1781099992.069466,normal
6194,1781099992.070617,normal
6195,1781099992.072124,normal
6196,1781099992.073339,normal
6197,1781099992.074558,normal
6198,1781099992.075365,normal
6199,1781099992.076342,normal
6200,1781099992.077288,normal
6201,1781099992.078983,normal
6202,1781099992.080397,normal
6203,1781099992.081940,normal
6204,1781099992.083560,normal
6205,1781099992.084863,normal
6206,1781099992.086346,normal
6207,1781099992.088084,normal
6208,1781099992.089432,normal
6209,1781099992.091939,normal
6210,1781099992.093361,normal
6211,1781099992.094893,normal
6212,1781099992.096189,normal
6213,1781099992.098512,normal
6214,1781099992.099521,normal
6215,1781099992.100965,normal
6216,1781099992.101858,normal
6217,1781099992.102872,normal
6218,1781099992.104197,normal
6219,1781099992.105623,normal
6220,1781099992.108025,normal
6221,1781099992.109294,normal
6222,1781099992.110386,normal
6223,1781099992.111270,normal
6224,1781099992.112711,normal
6225,1781099992.113859,normal
6226,1781099992.115473,normal
6227,1781099992.117168,normal
6228,1781099992.118178,normal
6229,1781099992.119845,normal
6230,1781099992.121052,normal
6231,1781099992.122566,normal
6232,1781099992.123927,normal
6233,1781099992.125611,normal
6234,1781099992.126910,normal
6235,1781099992.128359,normal
6236,1781099992.129589,normal
6237,1781099992.130717,normal
6238,1781099992.132485,http_flood
6239,1781099992.133554,normal
6240,1781099992.135369,normal
6241,1781099992.137393,normal
6242,1781099992.139222,normal
6243,1781099992.140780,normal
6244,1781099992.142734,normal
6245,1781099992.144511,normal
6246,1781099992.146194,normal
6247,1781099992.147533,normal
6248,1781099992.148616,normal
6249,1781099992.149700,normal
6250,1781099992.151020,normal
6251,1781099992.152798,normal
6252,1781099992.154868,normal
6253,1781099992.156097,normal
6254,1781099992.157073,normal
6255,1781099992.158210,normal
6256,1781099992.159681,normal
6257,1781099992.160782,normal
6258,1781099992.162019,normal
6259,1781099992.163085,normal
6260,1781099992.164189,normal
6261,1781099992.165532,normal
6262,1781099992.167214,normal
6263,1781099992.168470,normal
6264,1781099992.169580,normal
6265,1781099992.170868,normal
6266,1781099992.171638,normal
6267,1781099992.172612,normal
6268,1781099992.173799,normal
6269,1781099992.175006,normal
6270,1781099992.176991,normal
6271,1781099992.179305,normal
6272,1781099992.180912,normal
6273,1781099992.182261,normal
6274,1781099992.184439,normal
6275,1781099992.185320,normal
6276,1781099992.186344,normal
6277,1781099992.187853,normal
6278,1781099992.189436,normal
6279,1781099992.190553,normal
6280,1781099992.191999,normal
6281,1781099992.193352,normal
6282,1781099992.194651,normal
6283,1781099992.196521,normal
6284,1781099992.197580,normal
6285,1781099992.198826,udp_reflection
6286,1781099992.200601,normal
6287,1781099992.201631,normal
6288,1781099992.203301,normal
6289,1781099992.204232,normal
6290,1781099992.205749,normal
6291,1781099992.207207,normal
6292,1781099992.208680,normal
6293,1781099992.209730,normal
6294,1781099992.211059,normal
6295,1781099992.212782,normal
6296,1781099992.214107,normal
6297,1781099992.215605,normal
6298,1781099992.217364,normal
6299,1781099992.218826,normal
6300,1781099992.220174,normal
6301,1781099992.221884,normal
6302,1781099992.222971,normal
6303,1781099992.224357,normal
6304,1781099992.226138,normal
6305,1781099992.228030,normal
6306,1781099992.229101,normal
6307,1781099992.230227,normal
6308,1781099992.231424,normal
6309,1781099992.232841,normal
6310,1781099992.233851,normal
6311,1781099992.235127,normal
6312,1781099992.236423,normal
6313,1781099992.237411,normal
6314,1781099992.238473,normal
6315,1781099992.239542,normal
6316,1781099992.240717,normal
6317,1781099992.242885,normal
6318,1781099992.244684,http_flood
6319,1781099992.245754,normal
6320,1781099992.246684,normal
6321,1781099992.247878,normal
6322,1781099992.249350,normal
6323,1781099992.250937,normal
6324,1781099992.252269,normal
6325,1781099992.253629,normal
6326,1781099992.255299,normal
6327,1781099992.256321,normal
6328,1781099992.257331,normal
6329,1781099992.258717,normal
6330,1781099992.260111,normal
6331,1781099992.261362,normal
6332,1781099992.262997,normal
6333,1781099992.264106,normal
6334,1781099992.265034,normal
6335,1781099992.266670,normal
6336,1781099992.268546,normal
6337,1781099992.269728,normal
6338,1781099992.270861,normal
6339,1781099992.271939,normal
6340,1781099992.273491,normal
6341,1781099992.274699,normal
6342,1781099992.276187,normal
6343,1781099992.277095,normal
6344,1781099992.278299,normal
6345,1781099992.279863,normal
6346,1781099992.281095,normal
6347,1781099992.282111,normal
6348,1781099992.283897,normal
6349,1781099992.285032,normal
6350,1781099992.286611,normal
6351,1781099992.288035,normal
6352,1781099992.289092,normal
6353,1781099992.290567,normal
6354,1781099992.291997,normal
6355,1781099992.293278,normal
6356,1781099992.294387,normal
6357,1781099992.295979,normal
6358,1781099992.297410,normal
6359,1781099992.298648,normal
6360,1781099992.299945,normal
6361,1781099992.301386,normal
6362,1781099992.303221,normal
6363,1781099992.304435,normal
6364,1781099992.305988,normal
6365,1781099992.307099,normal
6366,1781099992.308852,normal
6367,1781099992.310068,normal
6368,1781099992.311466,normal
6369,1781099992.312762,normal
6370,1781099992.314084,normal
6371,1781099992.315104,normal
6372,1781099992.316301,normal
6373,1781099992.318435,syn_flood
6374,1781099992.319340,normal
6375,1781099992.320826,normal
6376,1781099992.322305,normal
6377,1781099992.323684,normal
6378,1781099992.324968,normal
6379,1781099992.326368,normal
6380,1781099992.328027,normal
6381,1781099992.329221,normal
6382,1781099992.330656,udp_reflection
6383,1781099992.331724,normal
6384,1781099992.333636,normal
6385,1781099992.335000,normal
6386,1781099992.336763,normal
6387,1781099992.337605,normal
6388,1781099992.339178,normal
6389,1781099992.340600,normal
6390,1781099992.342271,normal
6391,1781099992.343520,normal
6392,1781099992.345044,normal
6393,1781099992.346028,normal
6394,1781099992.348041,normal
6395,1781099992.349142,normal
6396,1781099992.351389,normal
6397,1781099992.352717,normal
6398,1781099992.354300,normal
6399,1781099992.355620,http_flood
6400,1781099992.357082,normal
6401,1781099992.358921,normal
6402,1781099992.360131,normal
6403,1781099992.361415,normal
6404,1781099992.362487,normal
6405,1781099992.363932,normal
6406,1781099992.365260,normal
6407,1781099992.366628,normal
6408,1781099992.367903,normal
6409,1781099992.368932,normal
6410,1781099992.370460,normal
6411,1781099992.371432,normal
6412,1781099992.373075,normal
6413,1781099992.374219,normal
6414,1781099992.375200,normal
6415,1781099992.376470,normal
6416,1781099992.377954,normal
6417,1781099992.379191,normal
6418,1781099992.380127,normal
6419,1781099992.381303,normal
6420,1781099992.382362,normal
6421,1781099992.383882,normal
6422,1781099992.385246,normal
6423,1781099992.386915,normal
6424,1781099992.388204,syn_flood
6425,1781099992.389473,normal
6426,1781099992.390697,normal
6427,1781099992.391881,normal
6428,1781099992.394055,normal
6429,1781099992.395719,normal
6430,1781099992.396719,normal
6431,1781099992.398187,normal
6432,1781099992.399434,normal
6433,1781099992.400831,normal
6434,1781099992.402246,normal
6435,1781099992.403817,normal
6436,1781099992.404923,normal
6437,1781099992.406105,normal
6438,1781099992.407131,normal
6439,1781099992.408996,normal
6440,1781099992.411046,normal
6441,1781099992.412635,normal
6442,1781099992.413923,normal
6443,1781099992.415257,normal
6444,1781099992.416691,normal
6445,1781099992.418382,normal
6446,1781099992.419577,normal
6447,1781099992.421044,normal
6448,1781099992.423219,normal
6449,1781099992.424601,normal
6450,1781099992.426353,normal
6451,1781099992.428260,normal
6452,1781099992.429818,normal
6453,1781099992.431322,normal
6454,1781099992.433493,normal
6455,1781099992.434557,normal
6456,1781099992.435771,normal
6457,1781099992.437257,normal
6458,1781099992.438889,normal
6459,1781099992.440411,syn_flood
6460,1781099992.441540,normal
6461,1781099992.442832,normal
6462,1781099992.444320,normal
6463,1781099992.445516,normal
6464,1781099992.447123,normal
6465,1781099992.449503,normal
6466,1781099992.450949,normal
6467,1781099992.451782,normal
6468,1781099992.453290,normal
6469,1781099992.454519,normal
6470,1781099992.456109,normal
6471,1781099992.457740,normal
6472,1781099992.459259,normal
6473,1781099992.461241,normal
6474,1781099992.462208,normal
6475,1781099992.463329,normal
6476,1781099992.465404,normal
6477,1781099992.467167,normal
6478,1781099992.468406,normal
6479,1781099992.470008,normal
6480,1781099992.471958,normal
6481,1781099992.473610,normal
6482,1781099992.475167,normal
6483,1781099992.476722,normal
6484,1781099992.477928,normal
6485,1781099992.479480,normal
6486,1781099992.480708,normal
6487,1781099992.481980,normal
6488,1781099992.483804,normal
6489,1781099992.485161,normal
6490,1781099992.486965,syn_flood
6491,1781099992.488406,normal
6492,1781099992.489781,normal
6493,1781099992.491110,normal
6494,1781099992.492540,normal
6495,1781099992.494043,normal
6496,1781099992.495224,normal
6497,1781099992.497159,normal
6498,1781099992.498309,normal
6499,1781099992.499892,normal
6500,1781099992.501125,http_flood
6501,1781099992.502268,normal
6502,1781099992.503854,normal
6503,1781099992.505360,normal
6504,1781099992.507068,normal
6505,1781099992.508053,normal
6506,1781099992.509812,normal
6507,1781099992.511032,normal
6508,1781099992.512346,normal
6509,1781099992.513919,normal
6510,1781099992.515028,normal
6511,1781099992.516232,normal
6512,1781099992.517106,normal
6513,1781099992.518776,normal
6514,1781099992.520218,normal
6515,1781099992.521901,normal
6516,1781099992.523471,normal
6517,1781099992.524565,normal
6518,1781099992.526088,normal
6519,1781099992.527370,normal
6520,1781099992.528658,normal
6521,1781099992.530551,normal
6522,1781099992.531856,normal
6523,1781099992.532997,normal
6524,1781099992.534724,normal
6525,1781099992.536301,normal
6526,1781099992.537822,normal
6527,1781099992.539344,normal
6528,1781099992.541176,normal
6529,1781099992.542396,normal
6530,1781099992.544037,normal
6531,1781099992.545337,normal
6532,1781099992.546975,normal
6533,1781099992.548679,normal
6534,1781099992.550202,normal
6535,1781099992.551056,normal
6536,1781099992.552223,normal
6537,1781099992.553756,normal
6538,1781099992.555538,normal
6539,1781099992.557106,normal
6540,1781099992.558049,normal
6541,1781099992.558953,normal
6542,1781099992.559763,normal
6543,1781099992.561353,normal
6544,1781099992.563149,normal
6545,1781099992.564824,normal
6546,1781099992.566566,normal
6547,1781099992.568352,normal
6548,1781099992.570080,normal
6549,1781099992.571481,normal
6550,1781099992.572917,normal
6551,1781099992.574168,normal
6552,1781099992.575605,normal
6553,1781099992.576737,normal
6554,1781099992.578152,normal
6555,1781099992.580803,normal
6556,1781099992.581900,normal
6557,1781099992.583005,normal
6558,1781099992.584281,normal
6559,1781099992.585339,normal
6560,1781099992.586357,normal
6561,1781099992.587301,normal
6562,1781099992.588596,normal
6563,1781099992.590483,normal
6564,1781099992.591826,normal
6565,1781099992.593577,normal
6566,1781099992.595581,normal
6567,1781099992.597185,normal
6568,1781099992.598422,normal
6569,1781099992.600122,normal
6570,1781099992.601991,normal
6571,1781099992.603275,normal
6572,1781099992.604667,normal
6573,1781099992.605961,normal
6574,1781099992.607228,normal
6575,1781099992.608395,normal
6576,1781099992.609641,normal
6577,1781099992.610955,normal
6578,1781099992.612607,normal
6579,1781099992.614038,normal
6580,1781099992.615772,normal
6581,1781099992.617686,normal
6582,1781099992.619069,normal
6583,1781099992.620533,normal
6584,1781099992.621964,normal
6585,1781099992.623144,normal
6586,1781099992.625076,normal
6587,1781099992.626437,normal
6588,1781099992.627598,normal
6589,1781099992.628550,normal
6590,1781099992.629837,normal
6591,1781099992.631087,normal
6592,1781099992.633391,normal
6593,1781099992.635159,normal
6594,1781099992.636571,normal
6595,1781099992.638290,normal
6596,1781099992.640224,normal
6597,1781099992.642941,normal
6598,1781099992.643803,normal
6599,1781099992.645091,normal
6600,1781099992.646167,normal
6601,1781099992.647446,normal
6602,1781099992.649103,normal
6603,1781099992.650208,normal
6604,1781099992.651378,normal
6605,1781099992.653085,normal
6606,1781099992.654346,normal
6607,1781099992.655802,normal
6608,1781099992.657559,normal
6609,1781099992.658729,normal
6610,1781099992.660240,normal
6611,1781099992.661882,normal
6612,1781099992.662991,normal
6613,1781099992.664394,normal
6614,1781099992.666138,normal
6615,1781099992.667710,normal
6616,1781099992.669834,normal
6617,1781099992.671353,normal
6618,1781099992.672618,normal
6619,1781099992.674258,normal
6620,1781099992.675594,normal
6621,1781099992.676618,normal
6622,1781099992.677838,normal
6623,1781099992.679543,normal
6624,1781099992.680785,normal
6625,1781099992.682959,normal
6626,1781099992.684072,normal
6627,1781099992.685229,normal
6628,1781099992.686733,normal
6629,1781099992.688633,normal
6630,1781099992.690735,normal
6631,1781099992.692332,normal
6632,1781099992.694033,normal
6633,1781099992.695846,normal
6634,1781099992.697041,normal
6635,1781099992.698349,normal
6636,1781099992.699769,normal
6637,1781099992.700842,normal
6638,1781099992.702423,normal
6639,1781099992.703736,normal
6640,1781099992.705250,normal
6641,1781099992.706703,normal
6642,1781099992.707883,normal
6643,1781099992.709677,normal
6644,1781099992.710871,normal
6645,1781099992.712267,normal
6646,1781099992.714251,normal
6647,1781099992.715737,normal
6648,1781099992.717234,normal
6649,1781099992.718353,normal
6650,1781099992.719515,normal
6651,1781099992.720829,normal
6652,1781099992.722106,normal
6653,1781099992.723754,normal
6654,1781099992.726215,normal
6655,1781099992.727375,normal
6656,1781099992.728456,normal
6657,1781099992.729824,normal
6658,1781099992.731393,normal
6659,1781099992.733426,normal
6660,1781099992.734845,normal
6661,1781099992.736151,normal
6662,1781099992.737238,normal
6663,1781099992.738947,normal
6664,1781099992.739933,normal
6665,1781099992.741726,normal
6666,1781099992.743143,normal
6667,1781099992.744709,normal
6668,1781099992.746289,normal
6669,1781099992.747632,normal
6670,1781099992.748696,normal
6671,1781099992.750261,normal
6672,1781099992.751959,normal
6673,1781099992.753602,normal
6674,1781099992.754804,normal
6675,1781099992.756378,normal
6676,1781099992.757954,normal
6677,1781099992.759811,normal
6678,1781099992.761176,normal
6679,1781099992.762624,normal
6680,1781099992.763931,normal
6681,1781099992.765434,normal
6682,1781099992.766891,normal
6683,1781099992.768408,normal
6684,1781099992.769966,normal
6685,1781099992.771761,normal
6686,1781099992.773228,normal
6687,1781099992.774973,normal
6688,1781099992.776899,normal
6689,1781099992.778985,normal
6690,1781099992.780565,normal
6691,1781099992.782001,normal
6692,1781099992.783691,normal
6693,1781099992.785752,normal
6694,1781099992.787296,normal
6695,1781099992.788533,normal
6696,1781099992.789834,normal
6697,1781099992.791382,normal
6698,1781099992.792414,normal
6699,1781099992.794630,normal
6700,1781099992.796011,normal
6701,1781099992.798045,normal
6702,1781099992.799867,normal
6703,1781099992.801153,normal
6704,1781099992.803299,normal
6705,1781099992.804815,normal
6706,1781099992.805848,syn_flood
6707,1781099992.806791,normal
6708,1781099992.808722,normal
6709,1781099992.810402,normal
6710,1781099992.812009,normal
6711,1781099992.813528,normal
6712,1781099992.814823,normal
6713,1781099992.816430,normal
6714,1781099992.818568,normal
6715,1781099992.820071,normal
6716,1781099992.821564,normal
6717,1781099992.822946,normal
6718,1781099992.824343,normal
6719,1781099992.825308,normal
6720,1781099992.827689,normal
6721,1781099992.828707,syn_flood
6722,1781099992.830192,normal
6723,1781099992.831889,normal
6724,1781099992.833979,normal
6725,1781099992.835448,normal
6726,1781099992.836803,normal
6727,1781099992.837940,normal
6728,1781099992.839281,normal
6729,1781099992.840619,normal
6730,1781099992.842688,normal
6731,1781099992.844122,normal
6732,1781099992.845817,normal
6733,1781099992.847250,normal
6734,1781099992.848410,normal
6735,1781099992.849727,normal
6736,1781099992.850782,normal
6737,1781099992.852149,normal
6738,1781099992.853726,normal
6739,1781099992.855152,normal
6740,1781099992.856633,normal
6741,1781099992.858020,normal
6742,1781099992.859252,normal
6743,1781099992.860613,normal
6744,1781099992.862443,normal
6745,1781099992.864503,normal
6746,1781099992.866006,normal
6747,1781099992.867071,normal
6748,1781099992.868354,normal
6749,1781099992.869941,normal
6750,1781099992.871336,normal
6751,1781099992.872953,normal
6752,1781099992.874532,normal
6753,1781099992.876516,normal
6754,1781099992.877930,normal
6755,1781099992.879353,normal
6756,1781099992.880551,normal
6757,1781099992.881747,normal
6758,1781099992.883008,normal
6759,1781099992.884404,normal
6760,1781099992.885859,normal
6761,1781099992.887561,normal
6762,1781099992.889823,normal
6763,1781099992.891374,normal
6764,1781099992.892530,normal
6765,1781099992.893577,normal
6766,1781099992.896214,normal
6767,1781099992.897931,http_flood
6768,1781099992.899855,normal
6769,1781099992.901407,normal
6770,1781099992.902692,normal
6771,1781099992.904231,normal
6772,1781099992.906126,normal
6773,1781099992.908056,normal
6774,1781099992.910093,normal
6775,1781099992.911402,normal
6776,1781099992.912754,normal
6777,1781099992.914096,normal
6778,1781099992.915262,normal
6779,1781099992.916894,normal
6780,1781099992.918060,normal
6781,1781099992.919556,normal
6782,1781099992.921314,http_flood
6783,1781099992.922909,normal
6784,1781099992.924271,normal
6785,1781099992.925912,normal
6786,1781099992.927536,normal
6787,1781099992.929535,normal
6788,1781099992.931222,normal
6789,1781099992.932442,normal
6790,1781099992.933528,normal
6791,1781099992.934820,syn_flood
6792,1781099992.936005,normal
6793,1781099992.937531,normal
6794,1781099992.938683,normal
6795,1781099992.939772,normal
6796,1781099992.941222,normal
6797,1781099992.942962,normal
6798,1781099992.944398,normal
6799,1781099992.945458,normal
6800,1781099992.946735,normal
6801,1781099992.947867,normal
6802,1781099992.949198,normal
6803,1781099992.950713,normal
6804,1781099992.952079,normal
6805,1781099992.953357,normal
6806,1781099992.955206,normal
6807,1781099992.956645,normal
6808,1781099992.957905,normal
6809,1781099992.960041,normal
6810,1781099992.961506,normal
6811,1781099992.963461,normal
6812,1781099992.964931,normal
6813,1781099992.966380,normal
6814,1781099992.967507,normal
6815,1781099992.969277,normal
6816,1781099992.971143,normal
6817,1781099992.972498,normal
6818,1781099992.973770,normal
6819,1781099992.975323,normal
6820,1781099992.976828,normal
6821,1781099992.978215,normal
6822,1781099992.979655,normal
6823,1781099992.981018,normal
6824,1781099992.982443,normal
6825,1781099992.984285,normal
6826,1781099992.985911,normal
6827,1781099992.987809,normal
6828,1781099992.989674,normal
6829,1781099992.991158,normal
6830,1781099992.992330,normal
6831,1781099992.994334,normal
6832,1781099992.996172,normal
6833,1781099992.997358,normal
6834,1781099992.998677,normal
6835,1781099993.001121,normal
6836,1781099993.003413,normal
6837,1781099993.004915,normal
6838,1781099993.006350,normal
6839,1781099993.007945,normal
6840,1781099993.010032,normal
6841,1781099993.011467,normal
6842,1781099993.013083,normal
6843,1781099993.014595,normal
6844,1781099993.016381,normal
6845,1781099993.017962,normal
6846,1781099993.019048,normal
6847,1781099993.020773,normal
6848,1781099993.022826,normal
6849,1781099993.024576,normal
6850,1781099993.025775,normal
6851,1781099993.027025,normal
6852,1781099993.028677,normal
6853,1781099993.029984,normal
6854,1781099993.031511,normal
6855,1781099993.032481,normal
6856,1781099993.033689,normal
6857,1781099993.035324,normal
6858,1781099993.036449,normal
6859,1781099993.037856,normal
6860,1781099993.039692,normal
6861,1781099993.041242,normal
6862,1781099993.042899,normal
6863,1781099993.044133,normal
6864,1781099993.045584,normal
6865,1781099993.046746,normal
6866,1781099993.048099,normal
6867,1781099993.049575,normal
6868,1781099993.051321,normal
6869,1781099993.052759,normal
6870,1781099993.055224,normal
6871,1781099993.056492,normal
6872,1781099993.058333,normal
6873,1781099993.059599,normal
6874,1781099993.061132,normal
6875,1781099993.062695,normal
6876,1781099993.064828,normal
6877,1781099993.066739,normal
6878,1781099993.068223,normal
6879,1781099993.069951,normal
6880,1781099993.071664,normal
6881,1781099993.073725,normal
6882,1781099993.074943,normal
6883,1781099993.076679,normal
6884,1781099993.077889,normal
6885,1781099993.079070,normal
6886,1781099993.080343,normal
6887,1781099993.081879,normal
6888,1781099993.083456,normal
6889,1781099993.085046,normal
6890,1781099993.086394,normal
6891,1781099993.088160,normal
6892,1781099993.090284,normal
6893,1781099993.091595,normal
6894,1781099993.092926,normal
6895,1781099993.095301,normal
6896,1781099993.096492,normal
6897,1781099993.097786,normal
6898,1781099993.099808,normal
6899,1781099993.101058,normal
6900,1781099993.103042,normal
6901,1781099993.104757,normal
6902,1781099993.106128,normal
6903,1781099993.107398,normal
6904,1781099993.109301,normal
6905,1781099993.110499,normal
6906,1781099993.111772,normal
6907,1781099993.113458,normal
6908,1781099993.114762,normal
6909,1781099993.116501,normal
6910,1781099993.117996,normal
6911,1781099993.119432,http_flood
6912,1781099993.120282,normal
6913,1781099993.121525,normal
6914,1781099993.122943,normal
6915,1781099993.123923,normal
6916,1781099993.125845,normal
6917,1781099993.127423,normal
6918,1781099993.129060,normal
6919,1781099993.130551,normal
6920,1781099993.132637,normal
6921,1781099993.133975,normal
6922,1781099993.135555,normal
6923,1781099993.137042,http_flood
6924,1781099993.138183,normal
6925,1781099993.140208,normal
6926,1781099993.141366,normal
6927,1781099993.142812,normal
6928,1781099993.144989,normal
6929,1781099993.146590,normal
6930,1781099993.147855,normal
6931,1781099993.149203,normal
6932,1781099993.150472,normal
6933,1781099993.152192,normal
6934,1781099993.153676,normal
6935,1781099993.155122,http_flood
6936,1781099993.156370,normal
6937,1781099993.157498,normal
6938,1781099993.159096,normal
6939,1781099993.160248,normal
6940,1781099993.161712,normal
6941,1781099993.163127,normal
6942,1781099993.164740,normal
6943,1781099993.166577,normal
6944,1781099993.168071,normal
6945,1781099993.170348,normal
6946,1781099993.171705,normal
6947,1781099993.173371,normal
6948,1781099993.175159,normal
6949,1781099993.176782,normal
6950,1781099993.178233,normal
6951,1781099993.179877,normal
6952,1781099993.181088,normal
6953,1781099993.182302,normal
6954,1781099993.183788,normal
6955,1781099993.185654,normal
6956,1781099993.186728,normal
6957,1781099993.188096,normal
6958,1781099993.189142,normal
6959,1781099993.190586,normal
6960,1781099993.192415,normal
6961,1781099993.194217,normal
6962,1781099993.196092,normal
6963,1781099993.197432,normal
6964,1781099993.198623,normal
6965,1781099993.200049,normal
6966,1781099993.201730,normal
6967,1781099993.203457,normal
6968,1781099993.205226,normal
6969,1781099993.206874,syn_flood
6970,1781099993.208128,normal
6971,1781099993.209933,normal
6972,1781099993.211269,http_flood
6973,1781099993.212548,normal
6974,1781099993.214360,normal
6975,1781099993.215787,normal
6976,1781099993.217595,normal
6977,1781099993.218897,normal
6978,1781099993.220987,normal
6979,1781099993.222436,normal
6980,1781099993.224121,http_flood
6981,1781099993.225085,normal
6982,1781099993.226599,normal
6983,1781099993.227821,normal
6984,1781099993.229288,normal
6985,1781099993.230713,normal
6986,1781099993.231968,normal
6987,1781099993.233082,normal
6988,1781099993.234619,normal
6989,1781099993.235767,normal
6990,1781099993.237137,normal
6991,1781099993.239028,normal
6992,1781099993.241537,normal
6993,1781099993.243457,normal
6994,1781099993.244897,normal
6995,1781099993.246617,normal
6996,1781099993.248135,normal
6997,1781099993.249657,normal
6998,1781099993.250934,normal
6999,1781099993.252517,normal
7000,1781099993.253920,normal
7001,1781099993.256019,normal
7002,1781099993.257251,normal
7003,1781099993.259149,normal
7004,1781099993.261088,normal
7005,1781099993.262728,normal
7006,1781099993.264367,normal
7007,1781099993.265506,normal
7008,1781099993.267416,normal
7009,1781099993.268560,normal
7010,1781099993.270339,normal
7011,1781099993.271662,normal
7012,1781099993.272843,normal
7013,1781099993.274199,normal
7014,1781099993.275572,normal
7015,1781099993.277421,normal
7016,1781099993.278452,normal
7017,1781099993.279771,normal
7018,1781099993.281136,normal
7019,1781099993.282584,normal
7020,1781099993.284106,normal
7021,1781099993.285875,normal
7022,1781099993.287951,normal
7023,1781099993.289679,normal
7024,1781099993.291241,normal
7025,1781099993.292591,normal
7026,1781099993.294168,normal
7027,1781099993.295384,normal
7028,1781099993.297709,normal
7029,1781099993.298864,normal
7030,1781099993.300343,normal
7031,1781099993.302091,normal
7032,1781099993.303355,normal
7033,1781099993.305487,normal
7034,1781099993.306804,normal
7035,1781099993.308600,normal
7036,1781099993.310228,normal
7037,1781099993.311865,normal
7038,1781099993.313437,normal
7039,1781099993.315794,normal
7040,1781099993.317310,normal
7041,1781099993.318844,normal
7042,1781099993.320384,normal
7043,1781099993.321929,normal
7044,1781099993.323386,udp_reflection
7045,1781099993.325108,normal
7046,1781099993.327144,normal
7047,1781099993.328480,normal
7048,1781099993.330251,normal
7049,1781099993.332377,normal
7050,1781099993.334231,normal
7051,1781099993.335784,normal
7052,1781099993.337402,normal
7053,1781099993.339082,normal
7054,1781099993.340532,normal
7055,1781099993.341685,normal
7056,1781099993.343431,normal
7057,1781099993.344595,normal
7058,1781099993.346203,normal
7059,1781099993.347189,normal
7060,1781099993.348878,normal
7061,1781099993.350578,normal
7062,1781099993.352598,normal
7063,1781099993.354207,normal
7064,1781099993.355987,normal
7065,1781099993.357407,normal
7066,1781099993.358454,normal
7067,1781099993.360280,normal
7068,1781099993.361978,normal
7069,1781099993.364006,normal
7070,1781099993.365499,normal
7071,1781099993.367520,normal
7072,1781099993.369483,normal
7073,1781099993.371079,udp_reflection
7074,1781099993.372455,normal
7075,1781099993.373514,normal
7076,1781099993.375506,normal
7077,1781099993.378114,normal
7078,1781099993.379277,http_flood
7079,1781099993.381454,normal
7080,1781099993.382893,normal
7081,1781099993.384712,normal
7082,1781099993.385989,normal
7083,1781099993.387737,udp_reflection
7084,1781099993.389108,normal
7085,1781099993.390266,normal
7086,1781099993.392200,normal
7087,1781099993.393220,normal
7088,1781099993.394715,normal
7089,1781099993.396599,normal
7090,1781099993.397683,normal
7091,1781099993.398867,normal
7092,1781099993.400631,normal
7093,1781099993.402932,normal
7094,1781099993.405206,normal
7095,1781099993.407291,normal
7096,1781099993.408300,normal
7097,1781099993.409957,normal
7098,1781099993.411666,normal
7099,1781099993.413209,normal
7100,1781099993.415058,normal
7101,1781099993.416427,normal
7102,1781099993.418076,normal
7103,1781099993.419901,normal
7104,1781099993.421407,normal
7105,1781099993.423364,normal
7106,1781099993.424997,normal
7107,1781099993.426140,normal
7108,1781099993.428082,normal
7109,1781099993.429583,normal
7110,1781099993.431296,normal
7111,1781099993.433074,normal
7112,1781099993.434379,normal
7113,1781099993.435912,normal
7114,1781099993.437760,normal
7115,1781099993.438910,normal
7116,1781099993.440296,normal
7117,1781099993.441763,normal
7118,1781099993.443787,normal
7119,1781099993.445241,normal
7120,1781099993.447693,normal
7121,1781099993.449224,normal
7122,1781099993.450429,normal
7123,1781099993.452247,normal
7124,1781099993.453334,normal
7125,1781099993.454657,normal
7126,1781099993.456478,normal
7127,1781099993.457812,normal
7128,1781099993.459722,normal
7129,1781099993.460971,normal
7130,1781099993.462135,normal
7131,1781099993.463550,normal
7132,1781099993.464935,normal
7133,1781099993.466656,normal
7134,1781099993.468354,normal
7135,1781099993.469917,normal
7136,1781099993.471493,normal
7137,1781099993.472718,normal
7138,1781099993.473921,normal
7139,1781099993.475713,normal
7140,1781099993.477021,normal
7141,1781099993.478881,normal
7142,1781099993.480266,normal
7143,1781099993.481883,syn_flood
7144,1781099993.483740,normal
7145,1781099993.484922,normal
7146,1781099993.486472,normal
7147,1781099993.488195,normal
7148,1781099993.489145,normal
7149,1781099993.491214,normal
7150,1781099993.493009,normal
7151,1781099993.494653,normal
7152,1781099993.496334,normal
7153,1781099993.497954,normal
7154,1781099993.499973,normal
7155,1781099993.501641,normal
7156,1781099993.502860,normal
7157,1781099993.504375,normal
7158,1781099993.505943,normal
7159,1781099993.506896,normal
7160,1781099993.508203,normal
7161,1781099993.509668,normal
7162,1781099993.511209,normal
7163,1781099993.512781,normal
7164,1781099993.514511,normal
7165,1781099993.516107,normal
7166,1781099993.517988,normal
7167,1781099993.519814,normal
7168,1781099993.521247,normal
7169,1781099993.522566,normal
7170,1781099993.524325,normal
7171,1781099993.525517,normal
7172,1781099993.527389,normal
7173,1781099993.528811,normal
7174,1781099993.530329,normal
7175,1781099993.531900,normal
7176,1781099993.533298,normal
7177,1781099993.534832,normal
7178,1781099993.536952,normal
7179,1781099993.538925,normal
7180,1781099993.540869,normal
7181,1781099993.541880,normal
7182,1781099993.543352,normal
7183,1781099993.544710,normal
7184,1781099993.546351,normal
7185,1781099993.548083,normal
7186,1781099993.549695,normal
7187,1781099993.550828,normal
7188,1781099993.552404,normal
7189,1781099993.553954,normal
7190,1781099993.555415,normal
7191,1781099993.556791,normal
7192,1781099993.558040,normal
7193,1781099993.559019,normal
7194,1781099993.560894,normal
7195,1781099993.562406,normal
7196,1781099993.563857,normal
7197,1781099993.564892,normal
7198,1781099993.566369,normal
7199,1781099993.567930,normal
7200,1781099993.569843,normal
7201,1781099993.571207,normal
7202,1781099993.572930,normal
7203,1781099993.574511,normal
7204,1781099993.575818,normal
7205,1781099993.577414,normal
7206,1781099993.579125,normal
7207,1781099993.581131,normal
7208,1781099993.583354,normal
7209,1781099993.584822,normal
7210,1781099993.586163,normal
7211,1781099993.587777,normal
7212,1781099993.589564,normal
7213,1781099993.590786,normal
7214,1781099993.592743,normal
7215,1781099993.593814,normal
7216,1781099993.595708,normal
7217,1781099993.597919,normal
7218,1781099993.599435,normal
7219,1781099993.600637,normal
7220,1781099993.602185,normal
7221,1781099993.603568,normal
7222,1781099993.605030,normal
7223,1781099993.606537,normal
7224,1781099993.608455,normal
7225,1781099993.610260,normal
7226,1781099993.611650,normal
7227,1781099993.613165,normal
7228,1781099993.615016,normal
7229,1781099993.616674,normal
7230,1781099993.618331,normal
7231,1781099993.620200,normal
7232,1781099993.622539,normal
7233,1781099993.623657,normal
7234,1781099993.625273,normal
7235,1781099993.626900,normal
7236,1781099993.628025,normal
7237,1781099993.630050,normal
7238,1781099993.631211,normal
7239,1781099993.632601,normal
7240,1781099993.634227,normal
7241,1781099993.636326,normal
7242,1781099993.638263,normal
7243,1781099993.640199,normal
7244,1781099993.641704,normal
7245,1781099993.643835,normal
7246,1781099993.645349,normal
7247,1781099993.646784,normal
7248,1781099993.648464,normal
7249,1781099993.650060,normal
7250,1781099993.651685,normal
7251,1781099993.652951,normal
7252,1781099993.654133,normal
7253,1781099993.655320,normal
7254,1781099993.656481,normal
7255,1781099993.657998,normal
7256,1781099993.659627,normal
7257,1781099993.660882,normal
7258,1781099993.662442,normal
7259,1781099993.663664,normal
7260,1781099993.665126,normal
7261,1781099993.666423,normal
7262,1781099993.668393,normal
7263,1781099993.670147,normal
7264,1781099993.672217,normal
7265,1781099993.673554,normal
7266,1781099993.675165,normal
7267,1781099993.676470,normal
7268,1781099993.678287,normal
7269,1781099993.679590,normal
7270,1781099993.680718,normal
7271,1781099993.683023,normal
7272,1781099993.685496,normal
7273,1781099993.686900,normal
7274,1781099993.688248,normal
7275,1781099993.689961,normal
7276,1781099993.691301,normal
7277,1781099993.692737,normal
7278,1781099993.694654,normal
7279,1781099993.696847,normal
7280,1781099993.698460,normal
7281,1781099993.699948,normal
7282,1781099993.701035,normal
7283,1781099993.701988,normal
7284,1781099993.703991,normal
7285,1781099993.705848,normal
7286,1781099993.707693,normal
7287,1781099993.708704,normal
7288,1781099993.710402,normal
7289,1781099993.711983,normal
7290,1781099993.713664,normal
7291,1781099993.715268,normal
7292,1781099993.716821,normal
7293,1781099993.718397,normal
7294,1781099993.720184,normal
7295,1781099993.721697,normal
7296,1781099993.722952,normal
7297,1781099993.724391,normal
7298,1781099993.726134,normal
7299,1781099993.728111,normal
7300,1781099993.729321,normal
7301,1781099993.730695,normal
7302,1781099993.732314,normal
7303,1781099993.734072,normal
7304,1781099993.736105,normal
7305,1781099993.737645,normal
7306,1781099993.738829,normal
7307,1781099993.739856,normal
7308,1781099993.741690,normal
7309,1781099993.742885,normal
7310,1781099993.744538,normal
7311,1781099993.746219,normal
7312,1781099993.747712,normal
7313,1781099993.749708,normal
7314,1781099993.751432,normal
7315,1781099993.752579,normal
7316,1781099993.753735,normal
7317,1781099993.755252,normal
7318,1781099993.757676,normal
7319,1781099993.759165,normal
7320,1781099993.760401,normal
7321,1781099993.762726,normal
7322,1781099993.764284,normal
7323,1781099993.765467,normal
7324,1781099993.766970,normal
7325,1781099993.768606,normal
7326,1781099993.770622,normal
7327,1781099993.772585,normal
7328,1781099993.773986,normal
7329,1781099993.775798,normal
7330,1781099993.777569,normal
7331,1781099993.779152,normal
7332,1781099993.780795,normal
7333,1781099993.782680,normal
7334,1781099993.784023,normal
7335,1781099993.785592,normal
7336,1781099993.787195,normal
7337,1781099993.789315,normal
7338,1781099993.790757,normal
7339,1781099993.792052,normal
7340,1781099993.793347,normal
7341,1781099993.795075,normal
7342,1781099993.796441,normal
7343,1781099993.798216,normal
7344,1781099993.799547,normal
7345,1781099993.801852,normal
7346,1781099993.803492,normal
7347,1781099993.805207,normal
7348,1781099993.807446,normal
7349,1781099993.809049,normal
7350,1781099993.811711,normal
7351,1781099993.812836,normal
7352,1781099993.814287,normal
7353,1781099993.815335,normal
7354,1781099993.817231,normal
7355,1781099993.819036,normal
7356,1781099993.820649,normal
7357,1781099993.822377,normal
7358,1781099993.824312,normal
7359,1781099993.826139,normal
7360,1781099993.827579,normal
7361,1781099993.830505,normal
7362,1781099993.832275,normal
7363,1781099993.833433,normal
7364,1781099993.834872,normal
7365,1781099993.835845,normal
7366,1781099993.837454,normal
7367,1781099993.838759,normal
7368,1781099993.840285,normal
7369,1781099993.841573,normal
7370,1781099993.843087,normal
7371,1781099993.844527,normal
7372,1781099993.846682,normal
7373,1781099993.847994,normal
7374,1781099993.849633,normal
7375,1781099993.851133,normal
7376,1781099993.853430,normal
7377,1781099993.854763,normal
7378,1781099993.856465,normal
7379,1781099993.857782,normal
7380,1781099993.859402,normal
7381,1781099993.861438,normal
7382,1781099993.864114,normal
7383,1781099993.866327,normal
7384,1781099993.867837,normal
7385,1781099993.869346,normal
7386,1781099993.871797,normal
7387,1781099993.873173,normal
7388,1781099993.874895,normal
7389,1781099993.876505,normal
7390,1781099993.878305,normal
7391,1781099993.879455,normal
7392,1781099993.880892,normal
7393,1781099993.882315,normal
7394,1781099993.883981,normal
7395,1781099993.885900,normal
7396,1781099993.887470,normal
7397,1781099993.888487,normal
7398,1781099993.889796,normal
7399,1781099993.891906,normal
7400,1781099993.894162,normal
7401,1781099993.895783,normal
7402,1781099993.897721,normal
7403,1781099993.899309,normal
7404,1781099993.901331,normal
7405,1781099993.902988,normal
7406,1781099993.904252,normal
7407,1781099993.906348,normal
7408,1781099993.908268,normal
7409,1781099993.910185,normal
7410,1781099993.911923,normal
7411,1781099993.913928,normal
7412,1781099993.915174,normal
7413,1781099993.917141,normal
7414,1781099993.919726,normal
7415,1781099993.921575,normal
7416,1781099993.923159,normal
7417,1781099993.925159,normal
7418,1781099993.927296,normal
7419,1781099993.928794,normal
7420,1781099993.930417,normal
7421,1781099993.932339,normal
7422,1781099993.934299,normal
7423,1781099993.936073,normal
7424,1781099993.937941,normal
7425,1781099993.939437,normal
7426,1781099993.941143,normal
7427,1781099993.942382,normal
7428,1781099993.943939,normal
7429,1781099993.945858,normal
7430,1781099993.947588,normal
7431,1781099993.949476,normal
7432,1781099993.951236,normal
7433,1781099993.953067,normal
7434,1781099993.954708,normal
7435,1781099993.956097,normal
7436,1781099993.957808,normal
7437,1781099993.959203,normal
7438,1781099993.960855,normal
7439,1781099993.962638,normal
7440,1781099993.964091,normal
7441,1781099993.966469,normal
7442,1781099993.968304,normal
7443,1781099993.970499,normal
7444,1781099993.971702,normal
7445,1781099993.972722,normal
7446,1781099993.974677,normal
7447,1781099993.975918,normal
7448,1781099993.978304,normal
7449,1781099993.979789,normal
7450,1781099993.980906,normal
7451,1781099993.982725,normal
7452,1781099993.984568,normal
7453,1781099993.986184,normal
7454,1781099993.988752,normal
7455,1781099993.990040,normal
7456,1781099993.992140,normal
7457,1781099993.993824,normal
7458,1781099993.995557,normal
7459,1781099993.997561,normal
7460,1781099993.999372,normal
7461,1781099994.001551,normal
7462,1781099994.003603,normal
7463,1781099994.004976,normal
7464,1781099994.006532,normal
7465,1781099994.008457,normal
7466,1781099994.010592,normal
7467,1781099994.012215,normal
7468,1781099994.013731,normal
7469,1781099994.015880,normal
7470,1781099994.018380,normal
7471,1781099994.020704,normal
7472,1781099994.022604,normal
7473,1781099994.023810,normal
7474,1781099994.025313,normal
7475,1781099994.026977,normal
7476,1781099994.029111,normal
7477,1781099994.030403,normal
7478,1781099994.032232,normal
7479,1781099994.033577,normal
7480,1781099994.035026,normal
7481,1781099994.036131,normal
7482,1781099994.038265,normal
7483,1781099994.039938,normal
7484,1781099994.041492,normal
7485,1781099994.043511,normal
7486,1781099994.045380,normal
7487,1781099994.047227,normal
7488,1781099994.048938,normal
7489,1781099994.050285,normal
7490,1781099994.052024,normal
7491,1781099994.053876,normal
7492,1781099994.055891,normal
7493,1781099994.057439,normal
7494,1781099994.059429,normal
7495,1781099994.061105,normal
7496,1781099994.062802,normal
7497,1781099994.064432,normal
7498,1781099994.065891,normal
7499,1781099994.068041,normal
7500,1781099994.069815,normal
7501,1781099994.071727,normal
7502,1781099994.073927,normal
7503,1781099994.075811,normal
7504,1781099994.078207,normal
7505,1781099994.080171,normal
7506,1781099994.082147,normal
7507,1781099994.083738,normal
7508,1781099994.085087,normal
7509,1781099994.086784,normal
7510,1781099994.089329,normal
7511,1781099994.091545,normal
7512,1781099994.092838,normal
7513,1781099994.094064,normal
7514,1781099994.096007,normal
7515,1781099994.097481,normal
7516,1781099994.098843,normal
7517,1781099994.100676,normal
7518,1781099994.102727,normal
7519,1781099994.104425,normal
7520,1781099994.106053,normal
7521,1781099994.107501,normal
7522,1781099994.109158,normal
7523,1781099994.110777,normal
7524,1781099994.113112,normal
7525,1781099994.114752,normal
7526,1781099994.117186,normal
7527,1781099994.118618,normal
7528,1781099994.120305,normal
7529,1781099994.122415,normal
7530,1781099994.124354,normal
7531,1781099994.126286,normal
7532,1781099994.127612,normal
7533,1781099994.129320,normal
7534,1781099994.130852,normal
7535,1781099994.132907,normal
7536,1781099994.134011,normal
7537,1781099994.135661,normal
7538,1781099994.137278,normal
7539,1781099994.139290,normal
7540,1781099994.140593,normal
7541,1781099994.141665,normal
7542,1781099994.143852,normal
7543,1781099994.145330,normal
7544,1781099994.147308,syn_flood
7545,1781099994.149298,normal
7546,1781099994.151014,normal
7547,1781099994.152930,normal
7548,1781099994.154357,normal
7549,1781099994.155563,normal
7550,1781099994.157587,normal
7551,1781099994.159009,normal
7552,1781099994.160467,normal
7553,1781099994.161889,normal
7554,1781099994.163762,normal
7555,1781099994.164927,normal
7556,1781099994.166650,normal
7557,1781099994.168510,normal
7558,1781099994.171354,normal
7559,1781099994.173499,normal
7560,1781099994.174844,normal
7561,1781099994.175982,normal
7562,1781099994.177483,normal
7563,1781099994.178797,normal
7564,1781099994.181229,normal
7565,1781099994.183110,normal
7566,1781099994.185056,normal
7567,1781099994.187146,normal
7568,1781099994.188581,normal
7569,1781099994.189811,normal
7570,1781099994.190750,normal
7571,1781099994.192667,normal
7572,1781099994.194786,normal
7573,1781099994.196511,normal
7574,1781099994.197907,normal
7575,1781099994.199343,normal
7576,1781099994.201339,normal
7577,1781099994.203144,normal
7578,1781099994.205521,normal
7579,1781099994.207996,normal
7580,1781099994.209500,normal
7581,1781099994.211911,normal
7582,1781099994.214200,normal
7583,1781099994.215499,normal
7584,1781099994.217352,normal
7585,1781099994.219370,normal
7586,1781099994.221148,normal
7587,1781099994.223809,normal
7588,1781099994.225666,normal
7589,1781099994.227597,normal
7590,1781099994.228981,normal
7591,1781099994.230874,normal
7592,1781099994.232464,normal
7593,1781099994.234569,normal
7594,1781099994.236100,normal
7595,1781099994.237831,normal
7596,1781099994.240001,normal
7597,1781099994.241571,normal
7598,1781099994.244103,normal
7599,1781099994.245679,normal
7600,1781099994.247141,normal
7601,1781099994.248599,normal
7602,1781099994.250395,normal
7603,1781099994.252901,normal
7604,1781099994.254637,normal
7605,1781099994.255906,normal
7606,1781099994.257655,normal
7607,1781099994.259817,normal
7608,1781099994.262066,normal
7609,1781099994.263882,normal
7610,1781099994.265457,normal
7611,1781099994.267230,normal
7612,1781099994.268841,normal
7613,1781099994.270419,normal
7614,1781099994.271435,normal
7615,1781099994.273512,normal
7616,1781099994.275003,normal
7617,1781099994.276712,normal
7618,1781099994.278053,normal
7619,1781099994.280003,normal
7620,1781099994.281596,normal
7621,1781099994.283861,normal
7622,1781099994.285993,normal
7623,1781099994.287727,normal
7624,1781099994.289268,normal
7625,1781099994.290636,normal
7626,1781099994.292556,normal
7627,1781099994.294087,http_flood
7628,1781099994.295215,normal
7629,1781099994.296828,normal
7630,1781099994.298325,normal
7631,1781099994.300297,normal
7632,1781099994.302618,normal
7633,1781099994.304293,normal
7634,1781099994.305959,normal
7635,1781099994.307611,http_flood
7636,1781099994.309006,normal
7637,1781099994.310633,normal
7638,1781099994.312319,normal
7639,1781099994.313658,normal
7640,1781099994.315001,normal
7641,1781099994.316636,normal
7642,1781099994.318523,normal
7643,1781099994.320955,normal
7644,1781099994.323746,normal
7645,1781099994.325182,normal
7646,1781099994.326969,normal
7647,1781099994.328538,normal
7648,1781099994.330625,normal
7649,1781099994.332329,normal
7650,1781099994.334659,normal
7651,1781099994.336388,normal
7652,1781099994.338385,normal
7653,1781099994.340103,normal
7654,1781099994.341993,normal
7655,1781099994.343731,normal
7656,1781099994.345264,normal
7657,1781099994.346909,normal
7658,1781099994.348623,normal
7659,1781099994.349858,normal
7660,1781099994.351200,normal
7661,1781099994.353460,normal
7662,1781099994.355366,normal
7663,1781099994.356990,normal
7664,1781099994.358586,normal
7665,1781099994.360300,normal
7666,1781099994.362599,normal
7667,1781099994.364952,normal
7668,1781099994.366182,normal
7669,1781099994.368250,normal
7670,1781099994.369476,normal
7671,1781099994.371216,normal
7672,1781099994.373352,normal
7673,1781099994.375171,normal
7674,1781099994.376629,normal
7675,1781099994.378636,normal
7676,1781099994.380863,normal
7677,1781099994.382558,normal
7678,1781099994.384276,normal
7679,1781099994.386044,normal
7680,1781099994.388952,normal
7681,1781099994.391016,udp_reflection
7682,1781099994.392707,normal
7683,1781099994.394879,normal
7684,1781099994.396390,normal
7685,1781099994.398703,normal
7686,1781099994.400095,udp_reflection
7687,1781099994.403604,normal
7688,1781099994.406129,normal
7689,1781099994.408299,normal
7690,1781099994.409846,normal
7691,1781099994.411655,normal
7692,1781099994.413677,normal
7693,1781099994.415012,normal
7694,1781099994.416359,normal
7695,1781099994.417942,normal
7696,1781099994.419743,normal
7697,1781099994.421072,normal
7698,1781099994.422532,normal
7699,1781099994.424368,normal
7700,1781099994.426062,normal
7701,1781099994.427618,normal
7702,1781099994.429234,http_flood
7703,1781099994.431405,normal
7704,1781099994.433738,normal
7705,1781099994.434867,normal
7706,1781099994.436788,normal
7707,1781099994.438481,normal
7708,1781099994.441263,normal
7709,1781099994.443625,normal
7710,1781099994.445413,normal
7711,1781099994.447160,normal
7712,1781099994.448556,normal
7713,1781099994.450263,normal
7714,1781099994.451899,normal
7715,1781099994.454082,normal
7716,1781099994.455747,normal
7717,1781099994.457233,normal
7718,1781099994.458751,normal
7719,1781099994.460091,normal
7720,1781099994.461525,normal
7721,1781099994.463100,http_flood
7722,1781099994.465139,normal
7723,1781099994.466982,normal
7724,1781099994.468656,normal
7725,1781099994.470647,normal
7726,1781099994.472262,normal
7727,1781099994.474252,http_flood
7728,1781099994.475723,normal
7729,1781099994.476988,normal
7730,1781099994.478177,normal
7731,1781099994.479720,normal
7732,1781099994.482128,normal
7733,1781099994.483456,normal
7734,1781099994.486252,normal
7735,1781099994.487653,normal
7736,1781099994.490069,normal
7737,1781099994.492107,normal
7738,1781099994.493460,normal
7739,1781099994.495353,udp_reflection
7740,1781099994.497171,normal
7741,1781099994.500181,normal
7742,1781099994.502362,normal
7743,1781099994.503877,normal
7744,1781099994.505848,normal
7745,1781099994.507197,normal
7746,1781099994.509965,normal
7747,1781099994.512037,normal
7748,1781099994.513671,normal
7749,1781099994.515392,normal
7750,1781099994.517056,normal
7751,1781099994.519125,normal
7752,1781099994.521069,normal
7753,1781099994.523494,normal
7754,1781099994.526381,normal
7755,1781099994.528432,normal
7756,1781099994.530502,normal
7757,1781099994.532185,normal
7758,1781099994.534022,normal
7759,1781099994.535324,normal
7760,1781099994.537249,normal
7761,1781099994.538476,normal
7762,1781099994.539948,normal
7763,1781099994.541260,normal
7764,1781099994.542750,normal
7765,1781099994.544734,normal
7766,1781099994.547142,normal
7767,1781099994.548897,normal
7768,1781099994.550509,normal
7769,1781099994.552553,normal
7770,1781099994.553937,normal
7771,1781099994.555700,normal
7772,1781099994.557760,normal
7773,1781099994.559239,normal
7774,1781099994.560525,normal
7775,1781099994.562179,normal
7776,1781099994.564385,normal
7777,1781099994.566373,normal
7778,1781099994.568705,normal
7779,1781099994.570596,normal
7780,1781099994.572380,normal
7781,1781099994.574597,normal
7782,1781099994.576289,normal
7783,1781099994.578034,normal
7784,1781099994.579711,normal
7785,1781099994.581362,normal
7786,1781099994.583316,normal
7787,1781099994.585053,normal
7788,1781099994.586827,normal
7789,1781099994.589110,normal
7790,1781099994.591088,normal
7791,1781099994.593112,normal
7792,1781099994.594883,normal
7793,1781099994.596305,normal
7794,1781099994.597682,normal
7795,1781099994.599253,normal
7796,1781099994.601040,normal
7797,1781099994.602520,normal
7798,1781099994.605134,normal
7799,1781099994.606715,normal
7800,1781099994.608109,normal
7801,1781099994.610152,normal
7802,1781099994.612360,normal
7803,1781099994.615255,normal
7804,1781099994.616977,normal
7805,1781099994.618317,normal
7806,1781099994.619839,normal
7807,1781099994.621379,normal
7808,1781099994.623287,normal
7809,1781099994.625120,normal
7810,1781099994.626393,normal
7811,1781099994.628260,normal
7812,1781099994.629605,normal
7813,1781099994.630984,normal
7814,1781099994.633120,normal
7815,1781099994.634652,normal
7816,1781099994.636107,normal
7817,1781099994.638145,normal
7818,1781099994.639772,normal
7819,1781099994.641343,normal
7820,1781099994.643159,normal
7821,1781099994.644867,normal
7822,1781099994.646923,normal
7823,1781099994.648401,normal
7824,1781099994.649694,normal
7825,1781099994.651544,normal
7826,1781099994.653403,normal
7827,1781099994.655177,normal
7828,1781099994.657249,normal
7829,1781099994.659501,normal
7830,1781099994.661127,normal
7831,1781099994.662605,normal
7832,1781099994.664665,normal
7833,1781099994.666771,normal
7834,1781099994.668557,normal
7835,1781099994.670097,normal
7836,1781099994.672987,normal
7837,1781099994.674986,normal
7838,1781099994.677056,normal
7839,1781099994.678705,normal
7840,1781099994.680309,normal
7841,1781099994.682194,normal
7842,1781099994.684092,normal
7843,1781099994.685316,normal
7844,1781099994.687113,normal
7845,1781099994.688943,normal
7846,1781099994.690325,normal
7847,1781099994.692335,normal
7848,1781099994.693999,normal
7849,1781099994.695832,normal
7850,1781099994.697337,normal
7851,1781099994.699185,normal
7852,1781099994.700920,normal
7853,1781099994.702696,normal
7854,1781099994.704538,normal
7855,1781099994.705930,normal
7856,1781099994.707608,normal
7857,1781099994.709527,normal
7858,1781099994.711481,normal
7859,1781099994.713649,normal
7860,1781099994.716593,normal
7861,1781099994.718540,normal
7862,1781099994.720505,normal
7863,1781099994.722270,normal
7864,1781099994.724163,normal
7865,1781099994.725827,normal
7866,1781099994.728238,normal
7867,1781099994.730703,normal
7868,1781099994.732114,normal
7869,1781099994.734193,normal
7870,1781099994.736003,normal
7871,1781099994.738060,normal
7872,1781099994.739933,normal
7873,1781099994.742003,normal
7874,1781099994.743623,normal
7875,1781099994.745404,normal
7876,1781099994.747961,normal
7877,1781099994.749699,normal
7878,1781099994.752253,normal
7879,1781099994.753723,normal
7880,1781099994.755846,normal
7881,1781099994.757296,normal
7882,1781099994.758649,normal
7883,1781099994.760196,normal
7884,1781099994.761891,normal
7885,1781099994.764249,normal
7886,1781099994.766107,normal
7887,1781099994.768506,normal
7888,1781099994.770219,normal
7889,1781099994.771770,normal
7890,1781099994.773771,normal
7891,1781099994.775709,normal
7892,1781099994.778302,normal
7893,1781099994.780008,normal
7894,1781099994.781968,normal
7895,1781099994.783859,normal
7896,1781099994.785091,normal
7897,1781099994.787049,normal
7898,1781099994.789221,normal
7899,1781099994.791182,normal
7900,1781099994.792690,normal
7901,1781099994.794309,normal
7902,1781099994.797198,normal
7903,1781099994.798779,normal
7904,1781099994.800289,normal
7905,1781099994.801803,normal
7906,1781099994.803406,normal
7907,1781099994.805128,normal
7908,1781099994.807520,normal
7909,1781099994.809191,normal
7910,1781099994.810515,normal
7911,1781099994.812681,normal
7912,1781099994.814942,normal
7913,1781099994.817001,normal
7914,1781099994.818263,normal
7915,1781099994.820238,normal
7916,1781099994.822382,normal
7917,1781099994.824686,normal
7918,1781099994.825900,normal
7919,1781099994.827792,normal
7920,1781099994.829722,normal
7921,1781099994.831199,normal
7922,1781099994.832800,normal
7923,1781099994.834574,normal
7924,1781099994.836211,normal
7925,1781099994.838282,normal
7926,1781099994.841022,normal
7927,1781099994.842702,normal
7928,1781099994.844736,normal
7929,1781099994.846884,normal
7930,1781099994.848428,normal
7931,1781099994.850648,normal
7932,1781099994.852133,normal
7933,1781099994.853917,normal
7934,1781099994.855478,normal
7935,1781099994.856989,normal
7936,1781099994.858762,normal
7937,1781099994.860715,normal
7938,1781099994.862357,normal
7939,1781099994.864059,normal
7940,1781099994.865637,normal
7941,1781099994.867235,normal
7942,1781099994.869292,normal
7943,1781099994.871229,normal
7944,1781099994.873302,normal
7945,1781099994.874659,normal
7946,1781099994.876556,normal
7947,1781099994.879594,normal
7948,1781099994.881486,syn_flood
7949,1781099994.883275,normal
7950,1781099994.885001,normal
7951,1781099994.886194,normal
7952,1781099994.887741,normal
7953,1781099994.889618,normal
7954,1781099994.891994,normal
7955,1781099994.893559,normal
7956,1781099994.896480,normal
7957,1781099994.898545,normal
7958,1781099994.899738,normal
7959,1781099994.901788,normal
7960,1781099994.904003,normal
7961,1781099994.906707,normal
7962,1781099994.908933,normal
7963,1781099994.910707,normal
7964,1781099994.912346,http_flood
7965,1781099994.914018,normal
7966,1781099994.916369,normal
7967,1781099994.918173,normal
7968,1781099994.920810,normal
7969,1781099994.922823,normal
7970,1781099994.924424,normal
7971,1781099994.926158,normal
7972,1781099994.927810,normal
7973,1781099994.929568,normal
7974,1781099994.931934,normal
7975,1781099994.933541,normal
7976,1781099994.935891,normal
7977,1781099994.937510,normal
7978,1781099994.939348,normal
7979,1781099994.941373,normal
7980,1781099994.942501,normal
7981,1781099994.944196,normal
7982,1781099994.945821,normal
7983,1781099994.947158,normal
7984,1781099994.949337,normal
7985,1781099994.950625,normal
7986,1781099994.952209,normal
7987,1781099994.954252,normal
7988,1781099994.956526,normal
7989,1781099994.957951,normal
7990,1781099994.959325,normal
7991,1781099994.961020,normal
7992,1781099994.962905,normal
7993,1781099994.964502,normal
7994,1781099994.965719,normal
7995,1781099994.967924,normal
7996,1781099994.970097,normal
7997,1781099994.971781,syn_flood
7998,1781099994.973449,normal
7999,1781099994.974830,normal
8000,1781099994.976559,normal
8001,1781099994.977700,http_flood
8002,1781099994.979230,normal
8003,1781099994.980641,normal
8004,1781099994.982195,normal
8005,1781099994.984736,normal
8006,1781099994.986234,normal
8007,1781099994.987678,normal
8008,1781099994.989453,normal
8009,1781099994.991783,normal
8010,1781099994.993418,normal
8011,1781099994.995286,normal
8012,1781099994.996756,normal
8013,1781099994.998409,normal
8014,1781099995.000144,normal
8015,1781099995.001534,normal
8016,1781099995.003068,normal
8017,1781099995.004787,normal
8018,1781099995.006802,normal
8019,1781099995.008432,normal
8020,1781099995.009923,normal
8021,1781099995.011750,normal
8022,1781099995.013372,normal
8023,1781099995.014793,normal
8024,1781099995.016999,normal
8025,1781099995.018388,normal
8026,1781099995.020048,normal
8027,1781099995.022443,normal
8028,1781099995.023995,normal
8029,1781099995.025906,normal
8030,1781099995.027284,normal
8031,1781099995.028869,normal
8032,1781099995.031038,normal
8033,1781099995.032543,normal
8034,1781099995.034594,normal
8035,1781099995.035861,normal
8036,1781099995.038140,normal
8037,1781099995.039925,normal
8038,1781099995.042028,normal
8039,1781099995.044242,normal
8040,1781099995.045748,normal
8041,1781099995.048026,normal
8042,1781099995.049754,normal
8043,1781099995.051483,normal
8044,1781099995.052933,http_flood
8045,1781099995.054539,normal
8046,1781099995.056364,normal
8047,1781099995.058189,normal
8048,1781099995.059710,normal
8049,1781099995.061486,normal
8050,1781099995.062887,normal
8051,1781099995.064703,normal
8052,1781099995.066580,normal
8053,1781099995.068837,normal
8054,1781099995.070729,normal
8055,1781099995.072572,normal
8056,1781099995.073541,normal
8057,1781099995.074974,normal
8058,1781099995.076731,normal
8059,1781099995.078625,normal
8060,1781099995.080763,normal
8061,1781099995.082184,normal
8062,1781099995.084118,normal
8063,1781099995.085214,normal
8064,1781099995.088027,normal
8065,1781099995.090293,normal
8066,1781099995.092802,normal
8067,1781099995.094305,normal
8068,1781099995.096513,normal
8069,1781099995.098286,normal
8070,1781099995.099922,normal
8071,1781099995.102127,normal
8072,1781099995.103744,normal
8073,1781099995.105940,normal
8074,1781099995.107815,normal
8075,1781099995.109753,normal
8076,1781099995.111643,http_flood
8077,1781099995.114499,normal
8078,1781099995.116237,normal
8079,1781099995.118193,normal
8080,1781099995.119835,normal
8081,1781099995.121983,normal
8082,1781099995.123651,normal
8083,1781099995.126079,normal
8084,1781099995.128133,normal
8085,1781099995.130898,normal
8086,1781099995.133247,normal
8087,1781099995.135127,normal
8088,1781099995.137499,normal
8089,1781099995.138757,normal
8090,1781099995.139975,normal
8091,1781099995.142408,normal
8092,1781099995.144071,normal
8093,1781099995.145787,normal
8094,1781099995.147497,normal
8095,1781099995.150289,normal
8096,1781099995.152229,normal
8097,1781099995.154413,normal
8098,1781099995.155705,normal
8099,1781099995.158396,normal
8100,1781099995.160257,normal
8101,1781099995.162732,normal
8102,1781099995.164676,normal
8103,1781099995.167031,normal
8104,1781099995.168899,http_flood
8105,1781099995.171129,normal
8106,1781099995.172959,normal
8107,1781099995.174636,udp_reflection
8108,1781099995.176702,normal
8109,1781099995.178762,normal
8110,1781099995.180190,normal
8111,1781099995.181996,normal
8112,1781099995.183917,normal
8113,1781099995.185309,normal
8114,1781099995.187713,normal
8115,1781099995.190031,normal
8116,1781099995.191670,normal
8117,1781099995.193545,normal
8118,1781099995.194896,normal
8119,1781099995.197088,normal
8120,1781099995.198823,normal
8121,1781099995.200319,normal
8122,1781099995.202221,normal
8123,1781099995.204000,normal
8124,1781099995.205498,normal
8125,1781099995.207402,normal
8126,1781099995.209332,normal
8127,1781099995.211449,normal
8128,1781099995.213203,normal
8129,1781099995.214777,normal
8130,1781099995.216960,normal
8131,1781099995.218487,normal
8132,1781099995.221006,normal
8133,1781099995.223149,normal
8134,1781099995.225389,normal
8135,1781099995.227117,normal
8136,1781099995.229168,normal
8137,1781099995.230910,normal
8138,1781099995.233798,normal
8139,1781099995.235483,normal
8140,1781099995.237561,normal
8141,1781099995.239393,udp_reflection
8142,1781099995.241007,normal
8143,1781099995.242705,normal
8144,1781099995.244821,normal
8145,1781099995.246945,normal
8146,1781099995.248502,normal
8147,1781099995.249706,normal
8148,1781099995.251573,normal
8149,1781099995.252909,normal
8150,1781099995.255524,normal
8151,1781099995.257474,normal
8152,1781099995.259714,normal
8153,1781099995.261017,normal
8154,1781099995.262615,normal
8155,1781099995.264520,normal
8156,1781099995.266188,normal
8157,1781099995.267985,normal
8158,1781099995.269998,normal
8159,1781099995.271525,normal
8160,1781099995.273508,normal
8161,1781099995.276000,normal
8162,1781099995.277473,normal
8163,1781099995.279341,normal
8164,1781099995.281302,normal
8165,1781099995.282737,normal
8166,1781099995.284562,normal
8167,1781099995.286698,normal
8168,1781099995.288380,normal
8169,1781099995.289745,normal
8170,1781099995.291466,normal
8171,1781099995.293107,normal
8172,1781099995.294717,normal
8173,1781099995.296843,normal
8174,1781099995.298785,normal
8175,1781099995.301013,udp_reflection
8176,1781099995.303025,normal
8177,1781099995.306094,normal
8178,1781099995.307842,normal
8179,1781099995.309321,normal
8180,1781099995.310902,normal
8181,1781099995.313757,normal
8182,1781099995.315434,normal
8183,1781099995.317299,normal
8184,1781099995.319822,normal
8185,1781099995.321283,normal
8186,1781099995.323232,normal
8187,1781099995.324646,normal
8188,1781099995.326063,normal
8189,1781099995.327465,normal
8190,1781099995.328873,normal
8191,1781099995.330699,normal
8192,1781099995.333033,normal
8193,1781099995.336245,normal
8194,1781099995.338997,normal
8195,1781099995.340837,normal
8196,1781099995.342698,normal
8197,1781099995.345736,normal
8198,1781099995.347530,normal
8199,1781099995.349196,normal
8200,1781099995.350190,normal
8201,1781099995.352870,normal
8202,1781099995.354797,normal
8203,1781099995.356415,normal
8204,1781099995.357805,normal
8205,1781099995.359801,normal
8206,1781099995.361295,normal
8207,1781099995.362900,normal
8208,1781099995.365789,normal
8209,1781099995.367252,normal
8210,1781099995.369131,normal
8211,1781099995.370929,http_flood
8212,1781099995.372357,normal
8213,1781099995.374363,normal
8214,1781099995.376837,syn_flood
8215,1781099995.379190,normal
8216,1781099995.380463,normal
8217,1781099995.381575,normal
8218,1781099995.383332,normal
8219,1781099995.385088,normal
8220,1781099995.387947,normal
8221,1781099995.389503,normal
8222,1781099995.391095,normal
8223,1781099995.393014,normal
8224,1781099995.394597,normal
8225,1781099995.395664,normal
8226,1781099995.397004,normal
8227,1781099995.398241,normal
8228,1781099995.400338,normal
8229,1781099995.402442,normal
8230,1781099995.404050,normal
8231,1781099995.406337,normal
8232,1781099995.408798,normal
8233,1781099995.410401,normal
8234,1781099995.412106,normal
8235,1781099995.414141,normal
8236,1781099995.416634,normal
8237,1781099995.418606,normal
8238,1781099995.420154,normal
8239,1781099995.422590,normal
8240,1781099995.423712,normal
8241,1781099995.425177,normal
8242,1781099995.427662,normal
8243,1781099995.430558,normal
8244,1781099995.432862,normal
8245,1781099995.434199,normal
8246,1781099995.435700,normal
8247,1781099995.437482,normal
8248,1781099995.438948,normal
8249,1781099995.441752,normal
8250,1781099995.444216,normal
8251,1781099995.446234,normal
8252,1781099995.448220,normal
8253,1781099995.450122,normal
8254,1781099995.452541,normal
8255,1781099995.454155,normal
8256,1781099995.456108,normal
8257,1781099995.459351,normal
8258,1781099995.461056,normal
8259,1781099995.462825,normal
8260,1781099995.464370,normal
8261,1781099995.466921,normal
8262,1781099995.469014,normal
8263,1781099995.470886,normal
8264,1781099995.472109,normal
8265,1781099995.473538,normal
8266,1781099995.475370,normal
8267,1781099995.477555,normal
8268,1781099995.480663,udp_reflection
8269,1781099995.483486,normal
8270,1781099995.484900,normal
8271,1781099995.487051,normal
8272,1781099995.488772,normal
8273,1781099995.490856,normal
8274,1781099995.493323,normal
8275,1781099995.494973,normal
8276,1781099995.496977,normal
8277,1781099995.499089,normal
8278,1781099995.500807,normal
8279,1781099995.502349,normal
8280,1781099995.503926,normal
8281,1781099995.505794,normal
8282,1781099995.508021,normal
8283,1781099995.509842,normal
8284,1781099995.511293,normal
8285,1781099995.513628,normal
8286,1781099995.514973,normal
8287,1781099995.516917,normal
8288,1781099995.518800,normal
8289,1781099995.520992,normal
8290,1781099995.522549,normal
8291,1781099995.524226,normal
8292,1781099995.525552,normal
8293,1781099995.527855,normal
8294,1781099995.529514,normal
8295,1781099995.531284,normal
8296,1781099995.532938,normal
8297,1781099995.534800,normal
8298,1781099995.536721,normal
8299,1781099995.538669,normal
8300,1781099995.539875,normal
8301,1781099995.542093,normal
8302,1781099995.544493,normal
8303,1781099995.545966,normal
8304,1781099995.547507,normal
8305,1781099995.550150,normal
8306,1781099995.552186,normal
8307,1781099995.553832,normal
8308,1781099995.555636,normal
8309,1781099995.557422,normal
8310,1781099995.558958,normal
8311,1781099995.561585,normal
8312,1781099995.563020,syn_flood
8313,1781099995.565785,normal
8314,1781099995.567991,normal
8315,1781099995.569622,normal
8316,1781099995.570945,normal
8317,1781099995.572303,normal
8318,1781099995.574662,normal
8319,1781099995.576889,normal
8320,1781099995.578708,normal
8321,1781099995.580283,normal
8322,1781099995.581781,normal
8323,1781099995.582890,normal
8324,1781099995.584873,normal
8325,1781099995.585987,normal
8326,1781099995.587777,normal
8327,1781099995.590323,normal
8328,1781099995.592274,normal
8329,1781099995.594169,normal
8330,1781099995.597199,normal
8331,1781099995.599749,normal
8332,1781099995.601396,normal
8333,1781099995.603552,normal
8334,1781099995.605956,normal
8335,1781099995.608036,normal
8336,1781099995.609792,normal
8337,1781099995.611992,normal
8338,1781099995.613806,normal
8339,1781099995.615356,normal
8340,1781099995.617627,normal
8341,1781099995.619132,normal
8342,1781099995.620821,normal
8343,1781099995.622759,normal
8344,1781099995.625511,normal
8345,1781099995.626594,normal
8346,1781099995.628448,normal
8347,1781099995.630226,normal
8348,1781099995.631812,normal
8349,1781099995.633732,normal
8350,1781099995.635685,normal
8351,1781099995.637657,normal
8352,1781099995.638986,normal
8353,1781099995.641093,normal
8354,1781099995.642245,normal
8355,1781099995.643508,normal
8356,1781099995.644843,normal
8357,1781099995.646289,normal
8358,1781099995.648320,normal
8359,1781099995.650797,normal
8360,1781099995.653914,normal
8361,1781099995.656270,normal
8362,1781099995.659059,normal
8363,1781099995.661543,normal
8364,1781099995.662493,normal
8365,1781099995.663881,normal
8366,1781099995.665518,normal
8367,1781099995.667848,normal
8368,1781099995.670211,normal
8369,1781099995.672301,normal
8370,1781099995.673847,normal
8371,1781099995.676281,normal
8372,1781099995.678477,normal
8373,1781099995.681226,normal
8374,1781099995.683346,normal
8375,1781099995.685316,normal
8376,1781099995.687407,normal
8377,1781099995.690218,normal
8378,1781099995.692079,normal
8379,1781099995.693555,normal
8380,1781099995.696570,normal
8381,1781099995.698532,normal
8382,1781099995.700470,normal
8383,1781099995.702070,normal
8384,1781099995.703761,normal
8385,1781099995.705479,normal
8386,1781099995.707269,normal
8387,1781099995.708901,normal
8388,1781099995.710503,normal
8389,1781099995.712595,normal
8390,1781099995.715523,normal
8391,1781099995.718261,normal
8392,1781099995.720470,normal
8393,1781099995.722335,normal
8394,1781099995.723783,normal
8395,1781099995.725776,normal
8396,1781099995.727968,normal
8397,1781099995.729475,normal
8398,1781099995.731543,normal
8399,1781099995.733901,normal
8400,1781099995.735321,normal
8401,1781099995.737316,normal
8402,1781099995.739109,normal
8403,1781099995.741918,normal
8404,1781099995.743914,normal
8405,1781099995.745414,normal
8406,1781099995.746673,normal
8407,1781099995.748315,normal
8408,1781099995.750339,normal
8409,1781099995.752372,normal
8410,1781099995.754416,normal
8411,1781099995.756639,normal
8412,1781099995.758258,normal
8413,1781099995.759642,normal
8414,1781099995.761346,normal
8415,1781099995.762800,normal
8416,1781099995.765306,normal
8417,1781099995.767656,normal
8418,1781099995.768980,normal
8419,1781099995.770731,normal
8420,1781099995.772764,normal
8421,1781099995.775357,normal
8422,1781099995.777141,normal
8423,1781099995.779804,normal
8424,1781099995.782474,normal
8425,1781099995.784275,normal
8426,1781099995.785887,normal
8427,1781099995.787792,normal
8428,1781099995.790380,normal
8429,1781099995.792395,normal
8430,1781099995.794547,normal
8431,1781099995.796912,normal
8432,1781099995.799345,normal
8433,1781099995.800704,normal
8434,1781099995.802509,normal
8435,1781099995.804457,normal
8436,1781099995.806687,normal
8437,1781099995.808174,normal
8438,1781099995.810182,normal
8439,1781099995.813601,normal
8440,1781099995.815380,normal
8441,1781099995.817032,normal
8442,1781099995.819498,normal
8443,1781099995.820993,normal
8444,1781099995.823254,normal
8445,1781099995.824842,normal
8446,1781099995.826703,normal
8447,1781099995.829026,normal
8448,1781099995.830369,normal
8449,1781099995.832807,normal
8450,1781099995.834888,normal
8451,1781099995.837838,normal
8452,1781099995.839724,normal
8453,1781099995.841212,normal
8454,1781099995.842851,normal
8455,1781099995.844213,normal
8456,1781099995.845718,normal
8457,1781099995.847901,normal
8458,1781099995.849865,normal
8459,1781099995.852060,normal
8460,1781099995.854094,normal
8461,1781099995.856092,normal
8462,1781099995.857285,normal
8463,1781099995.859070,normal
8464,1781099995.860950,normal
8465,1781099995.862833,normal
8466,1781099995.864628,normal
8467,1781099995.866801,normal
8468,1781099995.868967,normal
8469,1781099995.871444,normal
8470,1781099995.873995,normal
8471,1781099995.875254,normal
8472,1781099995.877272,normal
8473,1781099995.878911,normal
8474,1781099995.880615,syn_flood
8475,1781099995.882584,normal
8476,1781099995.883892,normal
8477,1781099995.885726,normal
8478,1781099995.887626,normal
8479,1781099995.889748,normal
8480,1781099995.891510,normal
8481,1781099995.892910,normal
8482,1781099995.894427,normal
8483,1781099995.895845,normal
8484,1781099995.897974,normal
8485,1781099995.899950,normal
8486,1781099995.901824,normal
8487,1781099995.904585,normal
8488,1781099995.906189,normal
8489,1781099995.908507,normal
8490,1781099995.910217,normal
8491,1781099995.911938,normal
8492,1781099995.914231,normal
8493,1781099995.915545,normal
8494,1781099995.918098,normal
8495,1781099995.920214,normal
8496,1781099995.922425,normal
8497,1781099995.923863,normal
8498,1781099995.925923,normal
8499,1781099995.927404,normal
8500,1781099995.928592,normal
8501,1781099995.929858,normal
8502,1781099995.932217,normal
8503,1781099995.934335,normal
8504,1781099995.936029,normal
8505,1781099995.937684,normal
8506,1781099995.939162,normal
8507,1781099995.941566,normal
8508,1781099995.942722,normal
8509,1781099995.945947,normal
8510,1781099995.947407,normal
8511,1781099995.948957,normal
8512,1781099995.950443,normal
8513,1781099995.952352,normal
8514,1781099995.954236,normal
8515,1781099995.955847,normal
8516,1781099995.957732,normal
8517,1781099995.959809,normal
8518,1781099995.961401,normal
8519,1781099995.962689,normal
8520,1781099995.964425,normal
8521,1781099995.966188,normal
8522,1781099995.968409,normal
8523,1781099995.970374,normal
8524,1781099995.972048,normal
8525,1781099995.973509,normal
8526,1781099995.975356,normal
8527,1781099995.977610,normal
8528,1781099995.979437,normal
8529,1781099995.980729,normal
8530,1781099995.982637,normal
8531,1781099995.984427,normal
8532,1781099995.986742,normal
8533,1781099995.988663,normal
8534,1781099995.991624,normal
8535,1781099995.993323,normal
8536,1781099995.995112,http_flood
8537,1781099995.996902,normal
8538,1781099995.999559,normal
8539,1781099996.000629,normal
8540,1781099996.002617,normal
8541,1781099996.004217,normal
8542,1781099996.006427,normal
8543,1781099996.007804,normal
8544,1781099996.009714,normal
8545,1781099996.011317,normal
8546,1781099996.012665,normal
8547,1781099996.014437,normal
8548,1781099996.016454,normal
8549,1781099996.018217,normal
8550,1781099996.021145,normal
8551,1781099996.023026,normal
8552,1781099996.025310,normal
8553,1781099996.027239,normal
8554,1781099996.028480,normal
8555,1781099996.030230,normal
8556,1781099996.032870,normal
8557,1781099996.035008,normal
8558,1781099996.038539,normal
8559,1781099996.039746,normal
8560,1781099996.041021,normal
8561,1781099996.042810,normal
8562,1781099996.044883,normal
8563,1781099996.046920,normal
8564,1781099996.048972,normal
8565,1781099996.050875,normal
8566,1781099996.052716,normal
8567,1781099996.055544,normal
8568,1781099996.057524,normal
8569,1781099996.059425,normal
8570,1781099996.061170,normal
8571,1781099996.062848,normal
8572,1781099996.064057,normal
8573,1781099996.066599,normal
8574,1781099996.068816,normal
8575,1781099996.070584,normal
8576,1781099996.072191,normal
8577,1781099996.073712,normal
8578,1781099996.075195,normal
8579,1781099996.076843,normal
8580,1781099996.078241,normal
8581,1781099996.079792,normal
8582,1781099996.081709,normal
8583,1781099996.083797,normal
8584,1781099996.085636,normal
8585,1781099996.087338,normal
8586,1781099996.088970,normal
8587,1781099996.090590,normal
8588,1781099996.093311,normal
8589,1781099996.095236,normal
8590,1781099996.097509,normal
8591,1781099996.099099,normal
8592,1781099996.100511,normal
8593,1781099996.103467,normal
8594,1781099996.105838,normal
8595,1781099996.108255,normal
8596,1781099996.110095,udp_reflection
8597,1781099996.112046,normal
8598,1781099996.113558,normal
8599,1781099996.115461,normal
8600,1781099996.117442,normal
8601,1781099996.119122,normal
8602,1781099996.120783,normal
8603,1781099996.122513,normal
8604,1781099996.125009,normal
8605,1781099996.126487,normal
8606,1781099996.128819,normal
8607,1781099996.130531,normal
8608,1781099996.132164,normal
8609,1781099996.134265,normal
8610,1781099996.135521,normal
8611,1781099996.137951,normal
8612,1781099996.139433,normal
8613,1781099996.141115,normal
8614,1781099996.142551,normal
8615,1781099996.144459,normal
8616,1781099996.146277,normal
8617,1781099996.147606,normal
8618,1781099996.149721,normal
8619,1781099996.151835,normal
8620,1781099996.154006,normal
8621,1781099996.155570,normal
8622,1781099996.156609,normal
8623,1781099996.158722,normal
8624,1781099996.160602,normal
8625,1781099996.162095,normal
8626,1781099996.163613,normal
8627,1781099996.165508,normal
8628,1781099996.167305,normal
8629,1781099996.168828,normal
8630,1781099996.170061,normal
8631,1781099996.172910,udp_reflection
8632,1781099996.174599,normal
8633,1781099996.176094,normal
8634,1781099996.177703,normal
8635,1781099996.179554,normal
8636,1781099996.181061,normal
8637,1781099996.182572,normal
8638,1781099996.184348,normal
8639,1781099996.186609,normal
8640,1781099996.188815,normal
8641,1781099996.191634,normal
8642,1781099996.193228,normal
8643,1781099996.195208,normal
8644,1781099996.196836,udp_reflection
8645,1781099996.198494,normal
8646,1781099996.200314,normal
8647,1781099996.202413,normal
8648,1781099996.204490,normal
8649,1781099996.205811,normal
8650,1781099996.208638,normal
8651,1781099996.210254,normal
8652,1781099996.212587,normal
8653,1781099996.214554,normal
8654,1781099996.216658,normal
8655,1781099996.218813,normal
8656,1781099996.221232,normal
8657,1781099996.222816,normal
8658,1781099996.225353,normal
8659,1781099996.227925,normal
8660,1781099996.229632,normal
8661,1781099996.230776,normal
8662,1781099996.232884,normal
8663,1781099996.235330,normal
8664,1781099996.237314,normal
8665,1781099996.239170,normal
8666,1781099996.240857,normal
8667,1781099996.241957,normal
8668,1781099996.243530,normal
8669,1781099996.245576,normal
8670,1781099996.247699,normal
8671,1781099996.249985,normal
8672,1781099996.251439,normal
8673,1781099996.253429,normal
8674,1781099996.255255,normal
8675,1781099996.257311,normal
8676,1781099996.258775,normal
8677,1781099996.261224,normal
8678,1781099996.263577,normal
8679,1781099996.265144,normal
8680,1781099996.266511,normal
8681,1781099996.268281,normal
8682,1781099996.269989,normal
8683,1781099996.272312,normal
8684,1781099996.274006,normal
8685,1781099996.275484,normal
8686,1781099996.277611,normal
8687,1781099996.280016,normal
8688,1781099996.281784,normal
8689,1781099996.284055,normal
8690,1781099996.285282,normal
8691,1781099996.286708,normal
8692,1781099996.288571,normal
8693,1781099996.290379,normal
8694,1781099996.292290,normal
8695,1781099996.293919,normal
8696,1781099996.295624,normal
8697,1781099996.297505,normal
8698,1781099996.299274,normal
8699,1781099996.300705,normal
8700,1781099996.303460,normal
8701,1781099996.306027,normal
8702,1781099996.309085,normal
8703,1781099996.311046,normal
8704,1781099996.313181,normal
8705,1781099996.315800,normal
8706,1781099996.317196,normal
8707,1781099996.319210,normal
8708,1781099996.321452,normal
8709,1781099996.323246,normal
8710,1781099996.325062,normal
8711,1781099996.326404,normal
8712,1781099996.327510,normal
8713,1781099996.330117,normal
8714,1781099996.332488,normal
8715,1781099996.334594,normal
8716,1781099996.336515,udp_reflection
8717,1781099996.338276,normal
8718,1781099996.340985,normal
8719,1781099996.342366,normal
8720,1781099996.345122,normal
8721,1781099996.346596,normal
8722,1781099996.348962,normal
8723,1781099996.351007,normal
8724,1781099996.353318,normal
8725,1781099996.355387,normal
8726,1781099996.357166,normal
8727,1781099996.359569,normal
8728,1781099996.361691,normal
8729,1781099996.364153,http_flood
8730,1781099996.366017,normal
8731,1781099996.367780,normal
8732,1781099996.368842,normal
8733,1781099996.369974,normal
8734,1781099996.372718,normal
8735,1781099996.374072,normal
8736,1781099996.375784,normal
8737,1781099996.378086,normal
8738,1781099996.379735,syn_flood
8739,1781099996.381117,normal
8740,1781099996.382362,normal
8741,1781099996.384051,normal
8742,1781099996.386530,normal
8743,1781099996.388469,normal
8744,1781099996.390607,normal
8745,1781099996.392702,normal
8746,1781099996.394521,normal
8747,1781099996.396889,normal
8748,1781099996.398663,normal
8749,1781099996.400141,normal
8750,1781099996.401801,normal
8751,1781099996.403636,normal
8752,1781099996.405109,normal
8753,1781099996.407713,normal
8754,1781099996.409770,normal
8755,1781099996.412146,normal
8756,1781099996.413859,normal
8757,1781099996.416145,normal
8758,1781099996.418000,normal
8759,1781099996.419872,normal
8760,1781099996.421875,syn_flood
8761,1781099996.423235,normal
8762,1781099996.425172,normal
8763,1781099996.427445,normal
8764,1781099996.429215,normal
8765,1781099996.430865,normal
8766,1781099996.432452,normal
8767,1781099996.433854,normal
8768,1781099996.435499,normal
8769,1781099996.437354,normal
8770,1781099996.438915,normal
8771,1781099996.440786,normal
8772,1781099996.442789,normal
8773,1781099996.443914,normal
8774,1781099996.445736,http_flood
8775,1781099996.447893,normal
8776,1781099996.449874,normal
8777,1781099996.451982,normal
8778,1781099996.453820,normal
8779,1781099996.455814,normal
8780,1781099996.457824,normal
8781,1781099996.459394,http_flood
8782,1781099996.461361,normal
8783,1781099996.462764,normal
8784,1781099996.464786,normal
8785,1781099996.466745,normal
8786,1781099996.468982,normal
8787,1781099996.470978,normal
8788,1781099996.472830,normal
8789,1781099996.475497,normal
8790,1781099996.477139,normal
8791,1781099996.479679,normal
8792,1781099996.481417,normal
8793,1781099996.482606,normal
8794,1781099996.484326,normal
8795,1781099996.485586,normal
8796,1781099996.487589,normal
8797,1781099996.489816,normal
8798,1781099996.491479,normal
8799,1781099996.493150,normal
8800,1781099996.495462,normal
8801,1781099996.497833,normal
8802,1781099996.499613,normal
8803,1781099996.501529,normal
8804,1781099996.502769,normal
8805,1781099996.504784,normal
8806,1781099996.507691,normal
8807,1781099996.510271,normal
8808,1781099996.512123,normal
8809,1781099996.514563,normal
8810,1781099996.516727,normal
8811,1781099996.518506,normal
8812,1781099996.519902,normal
8813,1781099996.521882,normal
8814,1781099996.523877,normal
8815,1781099996.525668,normal
8816,1781099996.527321,normal
8817,1781099996.529164,normal
8818,1781099996.530717,normal
8819,1781099996.532427,normal
8820,1781099996.534002,normal
8821,1781099996.536202,normal
8822,1781099996.537641,normal
8823,1781099996.539200,normal
8824,1781099996.540948,normal
8825,1781099996.542322,normal
8826,1781099996.543875,normal
8827,1781099996.545684,normal
8828,1781099996.547562,normal
8829,1781099996.549418,normal
8830,1781099996.551612,normal
8831,1781099996.554124,normal
8832,1781099996.556221,normal
8833,1781099996.557473,normal
8834,1781099996.560276,normal
8835,1781099996.561598,normal
8836,1781099996.563424,normal
8837,1781099996.565161,normal
8838,1781099996.566812,normal
8839,1781099996.569008,normal
8840,1781099996.571001,normal
8841,1781099996.573200,normal
8842,1781099996.575397,normal
8843,1781099996.577137,normal
8844,1781099996.578611,normal
8845,1781099996.580134,normal
8846,1781099996.582116,normal
8847,1781099996.583317,normal
8848,1781099996.584713,normal
8849,1781099996.587202,normal
8850,1781099996.588879,normal
8851,1781099996.591301,normal
8852,1781099996.593050,normal
8853,1781099996.594550,normal
8854,1781099996.596579,normal
8855,1781099996.598893,normal
8856,1781099996.600573,normal
8857,1781099996.602526,normal
8858,1781099996.604625,normal
8859,1781099996.606873,normal
8860,1781099996.608220,normal
8861,1781099996.610681,normal
8862,1781099996.613001,normal
8863,1781099996.614833,normal
8864,1781099996.616997,normal
8865,1781099996.618456,http_flood
8866,1781099996.621062,normal
8867,1781099996.622779,normal
8868,1781099996.625790,normal
8869,1781099996.627831,normal
8870,1781099996.629279,normal
8871,1781099996.630745,normal
8872,1781099996.632500,normal
8873,1781099996.634920,normal
8874,1781099996.636571,normal
8875,1781099996.638017,normal
8876,1781099996.640670,normal
8877,1781099996.643374,normal
8878,1781099996.645833,normal
8879,1781099996.648163,normal
8880,1781099996.650731,normal
8881,1781099996.652529,normal
8882,1781099996.654693,normal
8883,1781099996.656664,normal
8884,1781099996.658446,normal
8885,1781099996.660165,normal
8886,1781099996.662678,normal
8887,1781099996.664664,normal
8888,1781099996.667114,normal
8889,1781099996.669246,normal
8890,1781099996.671246,normal
8891,1781099996.672844,normal
8892,1781099996.674968,normal
8893,1781099996.676599,normal
8894,1781099996.678388,normal
8895,1781099996.679461,normal
8896,1781099996.681572,normal
8897,1781099996.683680,normal
8898,1781099996.685445,normal
8899,1781099996.688127,normal
8900,1781099996.689842,normal
8901,1781099996.691901,normal
8902,1781099996.694891,normal
8903,1781099996.697381,normal
8904,1781099996.698649,normal
8905,1781099996.700757,normal
8906,1781099996.702533,http_flood
8907,1781099996.703918,normal
8908,1781099996.706643,normal
8909,1781099996.708744,normal
8910,1781099996.711166,normal
8911,1781099996.712758,normal
8912,1781099996.715351,normal
8913,1781099996.716899,normal
8914,1781099996.719550,normal
8915,1781099996.721736,normal
8916,1781099996.722993,normal
8917,1781099996.724528,normal
8918,1781099996.726753,normal
8919,1781099996.728338,normal
8920,1781099996.730166,normal
8921,1781099996.732200,udp_reflection
8922,1781099996.734509,normal
8923,1781099996.736488,normal
8924,1781099996.739085,normal
8925,1781099996.740506,normal
8926,1781099996.742581,normal
8927,1781099996.744769,normal
8928,1781099996.746507,normal
8929,1781099996.748198,normal
8930,1781099996.749716,normal
8931,1781099996.750852,normal
8932,1781099996.752646,normal
8933,1781099996.754192,normal
8934,1781099996.755677,normal
8935,1781099996.757590,normal
8936,1781099996.759421,normal
8937,1781099996.762342,normal
8938,1781099996.764662,normal
8939,1781099996.766040,udp_reflection
8940,1781099996.767521,normal
8941,1781099996.769654,normal
8942,1781099996.772015,normal
8943,1781099996.774016,normal
8944,1781099996.776042,normal
8945,1781099996.778219,normal
8946,1781099996.780205,normal
8947,1781099996.781691,normal
8948,1781099996.784113,normal
8949,1781099996.785559,normal
8950,1781099996.786648,normal
8951,1781099996.788214,normal
8952,1781099996.790390,normal
8953,1781099996.792849,normal
8954,1781099996.795022,normal
8955,1781099996.796757,normal
8956,1781099996.799532,normal
8957,1781099996.801422,normal
8958,1781099996.802918,normal
8959,1781099996.805927,normal
8960,1781099996.807744,normal
8961,1781099996.809884,normal
8962,1781099996.812126,normal
8963,1781099996.813850,normal
8964,1781099996.816571,normal
8965,1781099996.818361,normal
8966,1781099996.820750,normal
8967,1781099996.822979,normal
8968,1781099996.824756,normal
8969,1781099996.826674,normal
8970,1781099996.828833,normal
8971,1781099996.830502,normal
8972,1781099996.831782,normal
8973,1781099996.833590,normal
8974,1781099996.834949,normal
8975,1781099996.836655,normal
8976,1781099996.838565,normal
8977,1781099996.841129,normal
8978,1781099996.842610,normal
8979,1781099996.844326,normal
8980,1781099996.846285,normal
8981,1781099996.848324,normal
8982,1781099996.850334,normal
8983,1781099996.852489,normal
8984,1781099996.853620,normal
8985,1781099996.855690,normal
8986,1781099996.858222,normal
8987,1781099996.860375,normal
8988,1781099996.862163,normal
8989,1781099996.863986,normal
8990,1781099996.866304,normal
8991,1781099996.868761,normal
8992,1781099996.869869,normal
8993,1781099996.871567,normal
8994,1781099996.873027,normal
8995,1781099996.875314,normal
8996,1781099996.877353,normal
8997,1781099996.879159,normal
8998,1781099996.881430,normal
8999,1781099996.883898,normal
9000,1781099996.885724,normal
9001,1781099996.887861,normal
9002,1781099996.889854,normal
9003,1781099996.891950,normal
9004,1781099996.894009,normal
9005,1781099996.895774,normal
9006,1781099996.897663,normal
9007,1781099996.900360,normal
9008,1781099996.902326,normal
9009,1781099996.904538,normal
9010,1781099996.906586,normal
9011,1781099996.908664,normal
9012,1781099996.910106,normal
9013,1781099996.911951,normal
9014,1781099996.914275,normal
9015,1781099996.916186,normal
9016,1781099996.917857,http_flood
9017,1781099996.919772,normal
9018,1781099996.921231,normal
9019,1781099996.923120,normal
9020,1781099996.924442,normal
9021,1781099996.925722,normal
9022,1781099996.927462,normal
9023,1781099996.929186,normal
9024,1781099996.931712,normal
9025,1781099996.933854,normal
9026,1781099996.935990,normal
9027,1781099996.937758,normal
9028,1781099996.939345,normal
9029,1781099996.941383,normal
9030,1781099996.943419,normal
9031,1781099996.945346,normal
9032,1781099996.947408,normal
9033,1781099996.950009,normal
9034,1781099996.951545,normal
9035,1781099996.953233,normal
9036,1781099996.956015,normal
9037,1781099996.958890,normal
9038,1781099996.961639,normal
9039,1781099996.962854,normal
9040,1781099996.964676,normal
9041,1781099996.965827,normal
9042,1781099996.968508,normal
9043,1781099996.970243,normal
9044,1781099996.972257,normal
9045,1781099996.973892,normal
9046,1781099996.976160,normal
9047,1781099996.978454,normal
9048,1781099996.980616,normal
9049,1781099996.982328,normal
9050,1781099996.983986,normal
9051,1781099996.986130,normal
9052,1781099996.987633,http_flood
9053,1781099996.989801,normal
9054,1781099996.991950,normal
9055,1781099996.994096,normal
9056,1781099996.995718,normal
9057,1781099996.997152,normal
9058,1781099996.999158,normal
9059,1781099997.000989,normal
9060,1781099997.002420,normal
9061,1781099997.004122,normal
9062,1781099997.006188,normal
9063,1781099997.008292,normal
9064,1781099997.009738,normal
9065,1781099997.012305,normal
9066,1781099997.015225,normal
9067,1781099997.017127,normal
9068,1781099997.019069,normal
9069,1781099997.021210,udp_reflection
9070,1781099997.023963,normal
9071,1781099997.025846,normal
9072,1781099997.027727,normal
9073,1781099997.029481,normal
9074,1781099997.030699,normal
9075,1781099997.032690,normal
9076,1781099997.034581,normal
9077,1781099997.036041,normal
9078,1781099997.037845,normal
9079,1781099997.039555,normal
9080,1781099997.041561,normal
9081,1781099997.043538,normal
9082,1781099997.045327,normal
9083,1781099997.047302,normal
9084,1781099997.049569,normal
9085,1781099997.051364,normal
9086,1781099997.052539,normal
9087,1781099997.054932,normal
9088,1781099997.057061,normal
9089,1781099997.059348,normal
9090,1781099997.060754,normal
9091,1781099997.062956,normal
9092,1781099997.064906,normal
9093,1781099997.067032,normal
9094,1781099997.068142,normal
9095,1781099997.070897,normal
9096,1781099997.073521,normal
9097,1781099997.075223,normal
9098,1781099997.077657,normal
9099,1781099997.079534,normal
9100,1781099997.081378,normal
9101,1781099997.082879,normal
9102,1781099997.084574,normal
9103,1781099997.087014,normal
9104,1781099997.088810,normal
9105,1781099997.091033,normal
9106,1781099997.092412,normal
9107,1781099997.093933,normal
9108,1781099997.096150,normal
9109,1781099997.098106,normal
9110,1781099997.099860,normal
9111,1781099997.101438,normal
9112,1781099997.103310,normal
9113,1781099997.104844,normal
9114,1781099997.107172,normal
9115,1781099997.109871,normal
9116,1781099997.111404,normal
9117,1781099997.113202,normal
9118,1781099997.115829,normal
9119,1781099997.117531,normal
9120,1781099997.119363,normal
9121,1781099997.120962,normal
9122,1781099997.122338,normal
9123,1781099997.123708,normal
9124,1781099997.126037,normal
9125,1781099997.127648,normal
9126,1781099997.129446,normal
9127,1781099997.131465,normal
9128,1781099997.133444,normal
9129,1781099997.135207,normal
9130,1781099997.137232,normal
9131,1781099997.138386,normal
9132,1781099997.140053,normal
9133,1781099997.141734,normal
9134,1781099997.143132,normal
9135,1781099997.145550,normal
9136,1781099997.147378,normal
9137,1781099997.149929,normal
9138,1781099997.151355,normal
9139,1781099997.153546,normal
9140,1781099997.155270,normal
9141,1781099997.156920,normal
9142,1781099997.158387,normal
9143,1781099997.159879,normal
9144,1781099997.162253,normal
9145,1781099997.163558,normal
9146,1781099997.164782,normal
9147,1781099997.166978,normal
9148,1781099997.169013,normal
9149,1781099997.170868,normal
9150,1781099997.172318,normal
9151,1781099997.174679,normal
9152,1781099997.176825,normal
9153,1781099997.178295,normal
9154,1781099997.179622,normal
9155,1781099997.180849,normal
9156,1781099997.182649,normal
9157,1781099997.184572,normal
9158,1781099997.186805,normal
9159,1781099997.188407,normal
9160,1781099997.189962,normal
9161,1781099997.192275,normal
9162,1781099997.195349,normal
9163,1781099997.197396,normal
9164,1781099997.199259,normal
9165,1781099997.201009,normal
9166,1781099997.202723,normal
9167,1781099997.204339,normal
9168,1781099997.206514,normal
9169,1781099997.207944,normal
9170,1781099997.210122,normal
9171,1781099997.211874,udp_reflection
9172,1781099997.213482,normal
9173,1781099997.215297,normal
9174,1781099997.217096,normal
9175,1781099997.220370,normal
9176,1781099997.221950,normal
9177,1781099997.223416,normal
9178,1781099997.224858,normal
9179,1781099997.226596,normal
9180,1781099997.228537,normal
9181,1781099997.230389,normal
9182,1781099997.232598,normal
9183,1781099997.234302,normal
9184,1781099997.237391,normal
9185,1781099997.239071,normal
9186,1781099997.240256,normal
9187,1781099997.242722,normal
9188,1781099997.244653,normal
9189,1781099997.246442,normal
9190,1781099997.248530,normal
9191,1781099997.250429,normal
9192,1781099997.252405,normal
9193,1781099997.254413,normal
9194,1781099997.256412,udp_reflection
9195,1781099997.258072,normal
9196,1781099997.260108,normal
9197,1781099997.262336,normal
9198,1781099997.264386,normal
9199,1781099997.265875,normal
9200,1781099997.267290,normal
9201,1781099997.268651,normal
9202,1781099997.270700,normal
9203,1781099997.272184,normal
9204,1781099997.274627,normal
9205,1781099997.276909,normal
9206,1781099997.279264,normal
9207,1781099997.281214,normal
9208,1781099997.283421,normal
9209,1781099997.284833,normal
9210,1781099997.287259,normal
9211,1781099997.289718,normal
9212,1781099997.291401,normal
9213,1781099997.293831,normal
9214,1781099997.295752,normal
9215,1781099997.297621,normal
9216,1781099997.299235,normal
9217,1781099997.300581,normal
9218,1781099997.301846,normal
9219,1781099997.303905,normal
9220,1781099997.305686,normal
9221,1781099997.307328,normal
9222,1781099997.309148,normal
9223,1781099997.310689,normal
9224,1781099997.312192,normal
9225,1781099997.313785,normal
9226,1781099997.315140,normal
9227,1781099997.317148,normal
9228,1781099997.318744,normal
9229,1781099997.320321,normal
9230,1781099997.322198,normal
9231,1781099997.323819,normal
9232,1781099997.325405,normal
9233,1781099997.327223,normal
9234,1781099997.328690,normal
9235,1781099997.331262,normal
9236,1781099997.333567,normal
9237,1781099997.335929,normal
9238,1781099997.337692,normal
9239,1781099997.339462,normal
9240,1781099997.340774,normal
9241,1781099997.342442,normal
9242,1781099997.344060,normal
9243,1781099997.346324,normal
9244,1781099997.348485,normal
9245,1781099997.350135,normal
9246,1781099997.352091,udp_reflection
9247,1781099997.354432,normal
9248,1781099997.356330,normal
9249,1781099997.358366,normal
9250,1781099997.359800,normal
9251,1781099997.363592,normal
9252,1781099997.365034,udp_reflection
9253,1781099997.366786,normal
9254,1781099997.368844,normal
9255,1781099997.370479,normal
9256,1781099997.372025,normal
9257,1781099997.373798,normal
9258,1781099997.375437,normal
9259,1781099997.377071,normal
9260,1781099997.379178,normal
9261,1781099997.380961,normal
9262,1781099997.382560,normal
9263,1781099997.384333,normal
9264,1781099997.386301,normal
9265,1781099997.388936,normal
9266,1781099997.391268,normal
9267,1781099997.392764,normal
9268,1781099997.394093,normal
9269,1781099997.396181,normal
9270,1781099997.398400,normal
9271,1781099997.399983,normal
9272,1781099997.402207,normal
9273,1781099997.403454,normal
9274,1781099997.405483,normal
9275,1781099997.407886,normal
9276,1781099997.409710,normal
9277,1781099997.411386,normal
9278,1781099997.413072,normal
9279,1781099997.414869,normal
9280,1781099997.416447,normal
9281,1781099997.417947,normal
9282,1781099997.420037,udp_reflection
9283,1781099997.421393,normal
9284,1781099997.422882,normal
9285,1781099997.425314,normal
9286,1781099997.427036,normal
9287,1781099997.428341,normal
9288,1781099997.431143,normal
9289,1781099997.432933,normal
9290,1781099997.435220,normal
9291,1781099997.437634,normal
9292,1781099997.440201,normal
9293,1781099997.442013,normal
9294,1781099997.444174,normal
9295,1781099997.445871,normal
9296,1781099997.447612,normal
9297,1781099997.449853,http_flood
9298,1781099997.451277,normal
9299,1781099997.452583,normal
9300,1781099997.454436,normal
9301,1781099997.456066,normal
9302,1781099997.457448,normal
9303,1781099997.459135,normal
9304,1781099997.461177,normal
9305,1781099997.462615,normal
9306,1781099997.464436,normal
9307,1781099997.466165,normal
9308,1781099997.467432,normal
9309,1781099997.469248,normal
9310,1781099997.471062,normal
9311,1781099997.473809,normal
9312,1781099997.477035,normal
9313,1781099997.478791,normal
9314,1781099997.481262,normal
9315,1781099997.484290,normal
9316,1781099997.486422,normal
9317,1781099997.488700,normal
9318,1781099997.490080,syn_flood
9319,1781099997.492331,normal
9320,1781099997.493892,normal
9321,1781099997.496212,normal
9322,1781099997.498412,normal
9323,1781099997.500303,normal
9324,1781099997.502540,normal
9325,1781099997.504929,normal
9326,1781099997.507122,normal
9327,1781099997.508610,normal
9328,1781099997.509803,normal
9329,1781099997.512154,normal
9330,1781099997.513727,normal
9331,1781099997.516073,normal
9332,1781099997.517918,normal
9333,1781099997.520361,normal
9334,1781099997.521847,normal
9335,1781099997.523468,normal
9336,1781099997.524818,normal
9337,1781099997.527091,normal
9338,1781099997.529131,normal
9339,1781099997.530416,normal
9340,1781099997.532712,normal
9341,1781099997.534066,normal
9342,1781099997.535791,normal
9343,1781099997.538011,normal
9344,1781099997.540153,normal
9345,1781099997.541795,normal
9346,1781099997.543160,normal
9347,1781099997.544824,normal
9348,1781099997.547262,normal
9349,1781099997.550005,normal
9350,1781099997.551674,normal
9351,1781099997.553656,normal
9352,1781099997.555657,normal
9353,1781099997.557265,normal
9354,1781099997.558959,normal
9355,1781099997.560429,normal
9356,1781099997.562861,normal
9357,1781099997.564487,normal
9358,1781099997.566847,udp_reflection
9359,1781099997.568465,normal
9360,1781099997.570450,normal
9361,1781099997.572108,normal
9362,1781099997.574018,normal
9363,1781099997.576040,normal
9364,1781099997.577865,normal
9365,1781099997.580004,normal
9366,1781099997.581638,normal
9367,1781099997.584188,normal
9368,1781099997.585955,normal
9369,1781099997.588609,normal
9370,1781099997.591009,normal
9371,1781099997.593335,normal
9372,1781099997.594810,normal
9373,1781099997.596640,normal
9374,1781099997.598383,http_flood
9375,1781099997.600782,normal
9376,1781099997.602502,normal
9377,1781099997.604680,normal
9378,1781099997.606240,normal
9379,1781099997.607641,normal
9380,1781099997.609223,normal
9381,1781099997.610926,normal
9382,1781099997.613249,normal
9383,1781099997.614981,normal
9384,1781099997.617124,normal
9385,1781099997.619108,normal
9386,1781099997.621496,normal
9387,1781099997.623949,http_flood
9388,1781099997.626579,normal
9389,1781099997.628013,normal
9390,1781099997.629761,normal
9391,1781099997.631744,normal
9392,1781099997.632990,normal
9393,1781099997.634575,normal
9394,1781099997.636284,normal
9395,1781099997.638448,normal
9396,1781099997.640747,normal
9397,1781099997.642534,normal
9398,1781099997.644176,normal
9399,1781099997.646519,normal
9400,1781099997.648175,normal
9401,1781099997.650132,normal
9402,1781099997.652849,normal
9403,1781099997.654444,normal
9404,1781099997.656572,normal
9405,1781099997.658314,normal
9406,1781099997.659537,normal
9407,1781099997.661254,normal
9408,1781099997.662793,normal
9409,1781099997.664247,normal
9410,1781099997.665750,syn_flood
9411,1781099997.667363,normal
9412,1781099997.669539,normal
9413,1781099997.671517,normal
9414,1781099997.673475,normal
9415,1781099997.675399,normal
9416,1781099997.677846,normal
9417,1781099997.679725,normal
9418,1781099997.682229,normal
9419,1781099997.684322,normal
9420,1781099997.686798,normal
9421,1781099997.688202,normal
9422,1781099997.691375,normal
9423,1781099997.693407,normal
9424,1781099997.695832,normal
9425,1781099997.697816,normal
9426,1781099997.700751,normal
9427,1781099997.702987,normal
9428,1781099997.704774,normal
9429,1781099997.706305,normal
9430,1781099997.707990,normal
9431,1781099997.710247,normal
9432,1781099997.711988,normal
9433,1781099997.713724,normal
9434,1781099997.715311,normal
9435,1781099997.718128,normal
9436,1781099997.719642,normal
9437,1781099997.721655,normal
9438,1781099997.723145,normal
9439,1781099997.725745,normal
9440,1781099997.727867,normal
9441,1781099997.729382,normal
9442,1781099997.731323,normal
9443,1781099997.733563,normal
9444,1781099997.735376,normal
9445,1781099997.737596,normal
9446,1781099997.739261,normal
9447,1781099997.741385,normal
9448,1781099997.742312,normal
9449,1781099997.743843,normal
9450,1781099997.745555,normal
9451,1781099997.746777,normal
9452,1781099997.748423,normal
9453,1781099997.750210,normal
9454,1781099997.751554,normal
9455,1781099997.753567,normal
9456,1781099997.754586,normal
9457,1781099997.757142,normal
9458,1781099997.758857,normal
9459,1781099997.760541,normal
9460,1781099997.761776,normal
9461,1781099997.763979,normal
9462,1781099997.766306,normal
9463,1781099997.768288,syn_flood
9464,1781099997.769984,normal
9465,1781099997.771937,normal
9466,1781099997.774019,normal
9467,1781099997.775926,normal
9468,1781099997.777460,normal
9469,1781099997.779362,normal
9470,1781099997.780994,normal
9471,1781099997.782035,normal
9472,1781099997.784339,normal
9473,1781099997.786158,normal
9474,1781099997.787404,http_flood
9475,1781099997.789041,normal
9476,1781099997.790607,normal
9477,1781099997.792004,normal
9478,1781099997.793696,normal
9479,1781099997.794991,normal
9480,1781099997.796381,normal
9481,1781099997.798086,normal
9482,1781099997.799644,normal
9483,1781099997.801393,normal
9484,1781099997.803127,normal
9485,1781099997.805135,normal
9486,1781099997.806711,normal
9487,1781099997.808151,normal
9488,1781099997.809746,normal
9489,1781099997.812060,normal
9490,1781099997.814354,normal
9491,1781099997.815767,normal
9492,1781099997.817495,normal
9493,1781099997.819138,normal
9494,1781099997.821464,normal
9495,1781099997.824093,normal
9496,1781099997.825933,normal
9497,1781099997.827325,normal
9498,1781099997.828843,normal
9499,1781099997.830828,normal
9500,1781099997.832371,normal
9501,1781099997.834626,normal
9502,1781099997.836563,normal
9503,1781099997.837854,normal
9504,1781099997.839983,normal
9505,1781099997.841230,normal
9506,1781099997.843349,normal
9507,1781099997.845063,normal
9508,1781099997.846566,normal
9509,1781099997.849514,normal
9510,1781099997.850883,normal
9511,1781099997.852382,normal
9512,1781099997.853899,normal
9513,1781099997.856243,normal
9514,1781099997.857855,normal
9515,1781099997.859767,normal
9516,1781099997.861185,normal
9517,1781099997.863185,normal
9518,1781099997.865953,normal
9519,1781099997.868009,normal
9520,1781099997.869924,normal
9521,1781099997.871192,normal
9522,1781099997.872705,normal
9523,1781099997.874561,normal
9524,1781099997.876630,normal
9525,1781099997.879080,normal
9526,1781099997.880462,normal
9527,1781099997.882951,normal
9528,1781099997.885314,normal
9529,1781099997.886961,normal
9530,1781099997.888586,normal
9531,1781099997.890388,normal
9532,1781099997.891746,normal
9533,1781099997.893787,normal
9534,1781099997.895506,normal
9535,1781099997.897299,normal
9536,1781099997.898603,normal
9537,1781099997.901343,normal
9538,1781099997.903226,normal
9539,1781099997.905241,normal
9540,1781099997.907065,normal
9541,1781099997.908983,normal
9542,1781099997.910853,normal
9543,1781099997.912943,normal
9544,1781099997.914698,normal
9545,1781099997.915992,normal
9546,1781099997.917377,normal
9547,1781099997.918481,normal
9548,1781099997.919832,normal
9549,1781099997.921855,normal
9550,1781099997.923304,normal
9551,1781099997.924909,normal
9552,1781099997.926434,normal
9553,1781099997.927716,normal
9554,1781099997.929458,normal
9555,1781099997.930916,normal
9556,1781099997.932889,normal
9557,1781099997.934583,normal
9558,1781099997.937194,normal
9559,1781099997.939063,normal
9560,1781099997.941615,normal
9561,1781099997.943731,normal
9562,1781099997.945942,normal
9563,1781099997.947488,normal
9564,1781099997.949347,normal
9565,1781099997.950914,normal
9566,1781099997.953204,normal
9567,1781099997.955384,normal
9568,1781099997.957042,normal
9569,1781099997.958959,normal
9570,1781099997.960361,normal
9571,1781099997.962968,normal
9572,1781099997.964600,normal
9573,1781099997.966449,normal
9574,1781099997.968454,normal
9575,1781099997.969974,normal
9576,1781099997.971552,normal
9577,1781099997.973763,normal
9578,1781099997.975494,normal
9579,1781099997.977835,normal
9580,1781099997.979254,http_flood
9581,1781099997.981354,normal
9582,1781099997.983381,normal
9583,1781099997.985080,normal
9584,1781099997.988012,normal
9585,1781099997.989993,normal
9586,1781099997.991601,normal
9587,1781099997.993157,normal
9588,1781099997.994364,normal
9589,1781099997.996142,normal
9590,1781099997.997898,normal
9591,1781099997.999642,normal
9592,1781099998.001700,normal
9593,1781099998.003033,normal
9594,1781099998.004845,normal
9595,1781099998.006886,normal
9596,1781099998.008161,normal
9597,1781099998.009416,normal
9598,1781099998.011700,normal
9599,1781099998.014424,normal
9600,1781099998.016026,normal
9601,1781099998.018268,normal
9602,1781099998.020070,normal
9603,1781099998.022007,normal
9604,1781099998.023570,normal
9605,1781099998.025834,normal
9606,1781099998.027969,normal
9607,1781099998.030021,normal
9608,1781099998.032817,normal
9609,1781099998.034715,normal
9610,1781099998.037049,normal
9611,1781099998.038603,normal
9612,1781099998.040471,http_flood
9613,1781099998.042361,normal
9614,1781099998.044473,normal
9615,1781099998.046593,normal
9616,1781099998.047967,normal
9617,1781099998.050175,normal
9618,1781099998.051837,normal
9619,1781099998.055072,normal
9620,1781099998.056692,udp_reflection
9621,1781099998.058497,normal
9622,1781099998.060903,normal
9623,1781099998.062516,normal
9624,1781099998.064334,normal
9625,1781099998.066319,normal
9626,1781099998.068215,normal
9627,1781099998.069992,normal
9628,1781099998.071543,normal
9629,1781099998.073567,normal
9630,1781099998.075489,normal
9631,1781099998.076915,normal
9632,1781099998.078885,normal
9633,1781099998.081103,normal
9634,1781099998.082565,normal
9635,1781099998.084293,normal
9636,1781099998.086348,normal
9637,1781099998.088652,normal
9638,1781099998.090673,normal
9639,1781099998.092589,normal
9640,1781099998.094589,normal
9641,1781099998.096095,normal
9642,1781099998.098471,normal
9643,1781099998.100564,normal
9644,1781099998.102128,normal
9645,1781099998.103901,normal
9646,1781099998.106072,normal
9647,1781099998.107721,normal
9648,1781099998.110572,normal
9649,1781099998.112270,normal
9650,1781099998.114305,normal
9651,1781099998.116235,normal
9652,1781099998.118302,normal
9653,1781099998.120362,normal
9654,1781099998.121873,normal
9655,1781099998.123798,normal
9656,1781099998.125943,normal
9657,1781099998.127341,normal
9658,1781099998.128759,normal
9659,1781099998.130466,normal
9660,1781099998.132435,normal
9661,1781099998.133893,normal
9662,1781099998.136048,normal
9663,1781099998.138207,normal
9664,1781099998.140524,normal
9665,1781099998.141719,normal
9666,1781099998.143368,normal
9667,1781099998.145160,normal
9668,1781099998.146728,normal
9669,1781099998.148433,normal
9670,1781099998.150708,normal
9671,1781099998.153873,normal
9672,1781099998.155569,normal
9673,1781099998.157375,normal
9674,1781099998.158663,normal
9675,1781099998.160008,normal
9676,1781099998.162859,normal
9677,1781099998.164928,normal
9678,1781099998.166900,normal
9679,1781099998.169442,normal
9680,1781099998.170868,normal
9681,1781099998.172737,normal
9682,1781099998.174601,normal
9683,1781099998.176657,normal
9684,1781099998.178902,normal
9685,1781099998.180915,normal
9686,1781099998.182184,normal
9687,1781099998.183840,normal
9688,1781099998.185857,normal
9689,1781099998.187974,normal
9690,1781099998.189577,normal
9691,1781099998.191546,normal
9692,1781099998.193301,normal
9693,1781099998.195122,normal
9694,1781099998.196607,normal
9695,1781099998.198447,normal
9696,1781099998.200214,normal
9697,1781099998.201813,normal
9698,1781099998.203929,normal
9699,1781099998.205159,normal
9700,1781099998.206896,normal
9701,1781099998.208823,normal
9702,1781099998.210510,normal
9703,1781099998.212132,normal
9704,1781099998.214285,normal
9705,1781099998.216810,normal
9706,1781099998.219054,normal
9707,1781099998.220313,normal
9708,1781099998.222071,normal
9709,1781099998.223819,normal
9710,1781099998.227147,normal
9711,1781099998.229492,normal
9712,1781099998.231013,normal
9713,1781099998.232239,normal
9714,1781099998.234470,normal
9715,1781099998.235989,normal
9716,1781099998.237711,normal
9717,1781099998.239292,normal
9718,1781099998.241440,normal
9719,1781099998.242714,normal
9720,1781099998.244251,normal
9721,1781099998.245367,normal
9722,1781099998.247201,normal
9723,1781099998.249039,normal
9724,1781099998.251374,normal
9725,1781099998.253375,normal
9726,1781099998.254556,normal
9727,1781099998.256624,normal
9728,1781099998.257822,normal
9729,1781099998.259591,normal
9730,1781099998.261932,normal
9731,1781099998.263663,normal
9732,1781099998.265820,normal
9733,1781099998.267859,normal
9734,1781099998.269248,normal
9735,1781099998.270680,normal
9736,1781099998.272507,normal
9737,1781099998.273940,normal
9738,1781099998.276096,normal
9739,1781099998.277391,normal
9740,1781099998.278988,normal
9741,1781099998.281007,normal
9742,1781099998.283932,normal
9743,1781099998.285900,normal
9744,1781099998.287794,normal
9745,1781099998.289594,udp_reflection
9746,1781099998.291579,normal
9747,1781099998.294038,syn_flood
9748,1781099998.296277,normal
9749,1781099998.298193,normal
9750,1781099998.299650,normal
9751,1781099998.301725,normal
9752,1781099998.302903,normal
9753,1781099998.304791,normal
9754,1781099998.306489,normal
9755,1781099998.307837,normal
9756,1781099998.309687,normal
9757,1781099998.311215,normal
9758,1781099998.313183,normal
9759,1781099998.315050,normal
9760,1781099998.317214,normal
9761,1781099998.319231,normal
9762,1781099998.320815,normal
9763,1781099998.322470,normal
9764,1781099998.323629,normal
9765,1781099998.326680,normal
9766,1781099998.328552,normal
9767,1781099998.329913,normal
9768,1781099998.331363,normal
9769,1781099998.332715,normal
9770,1781099998.334437,normal
9771,1781099998.336414,normal
9772,1781099998.337659,normal
9773,1781099998.339477,normal
9774,1781099998.340849,normal
9775,1781099998.342666,normal
9776,1781099998.344812,normal
9777,1781099998.346708,normal
9778,1781099998.348318,normal
9779,1781099998.350654,normal
9780,1781099998.352193,http_flood
9781,1781099998.354574,normal
9782,1781099998.356014,normal
9783,1781099998.358093,normal
9784,1781099998.360043,normal
9785,1781099998.361769,normal
9786,1781099998.363479,normal
9787,1781099998.365438,normal
9788,1781099998.367000,normal
9789,1781099998.368978,normal
9790,1781099998.371610,normal
9791,1781099998.373141,normal
9792,1781099998.375517,normal
9793,1781099998.377222,normal
9794,1781099998.379137,normal
9795,1781099998.381105,normal
9796,1781099998.382469,normal
9797,1781099998.384421,normal
9798,1781099998.386142,normal
9799,1781099998.387903,normal
9800,1781099998.390168,normal
9801,1781099998.391245,normal
9802,1781099998.393087,normal
9803,1781099998.394250,normal
9804,1781099998.396245,normal
9805,1781099998.397641,normal
9806,1781099998.399306,normal
9807,1781099998.400922,normal
9808,1781099998.402315,normal
9809,1781099998.404327,normal
9810,1781099998.405754,normal
9811,1781099998.407112,normal
9812,1781099998.409127,normal
9813,1781099998.410534,normal
9814,1781099998.412259,normal
9815,1781099998.415661,normal
9816,1781099998.417332,normal
9817,1781099998.419619,normal
9818,1781099998.421652,normal
9819,1781099998.422830,normal
9820,1781099998.424217,normal
9821,1781099998.425687,normal
9822,1781099998.427141,normal
9823,1781099998.428353,normal
9824,1781099998.430245,normal
9825,1781099998.431604,normal
9826,1781099998.433096,normal
9827,1781099998.434597,normal
9828,1781099998.436292,normal
9829,1781099998.438473,normal
9830,1781099998.440248,normal
9831,1781099998.441720,normal
9832,1781099998.443005,normal
9833,1781099998.444741,normal
9834,1781099998.446472,normal
9835,1781099998.447895,normal
9836,1781099998.449701,normal
9837,1781099998.451177,normal
9838,1781099998.452373,normal
9839,1781099998.454355,normal
9840,1781099998.455622,normal
9841,1781099998.457563,normal
9842,1781099998.459435,normal
9843,1781099998.461368,udp_reflection
9844,1781099998.462653,normal
9845,1781099998.464226,normal
9846,1781099998.465859,normal
9847,1781099998.467638,normal
9848,1781099998.469812,normal
9849,1781099998.471960,normal
9850,1781099998.473659,normal
9851,1781099998.475300,normal
9852,1781099998.476575,normal
9853,1781099998.478256,normal
9854,1781099998.480834,normal
9855,1781099998.483015,normal
9856,1781099998.485348,normal
9857,1781099998.486723,normal
9858,1781099998.488351,normal
9859,1781099998.489770,normal
9860,1781099998.491528,normal
9861,1781099998.493167,normal
9862,1781099998.494664,normal
9863,1781099998.496197,normal
9864,1781099998.497860,normal
9865,1781099998.499728,normal
9866,1781099998.501434,normal
9867,1781099998.503195,normal
9868,1781099998.504788,normal
9869,1781099998.506904,normal
9870,1781099998.508226,normal
9871,1781099998.509902,normal
9872,1781099998.511042,normal
9873,1781099998.512610,normal
9874,1781099998.514621,normal
9875,1781099998.517116,normal
9876,1781099998.519497,normal
9877,1781099998.520748,normal
9878,1781099998.522263,normal
9879,1781099998.524250,normal
9880,1781099998.526098,normal
9881,1781099998.527460,normal
9882,1781099998.528815,normal
9883,1781099998.530783,normal
9884,1781099998.532694,normal
9885,1781099998.534585,normal
9886,1781099998.536622,normal
9887,1781099998.537945,normal
9888,1781099998.539381,normal
9889,1781099998.541106,syn_flood
9890,1781099998.542757,normal
9891,1781099998.544414,normal
9892,1781099998.546243,normal
9893,1781099998.548110,normal
9894,1781099998.549298,normal
9895,1781099998.551100,normal
9896,1781099998.552879,normal
9897,1781099998.553966,normal
9898,1781099998.555509,normal
9899,1781099998.557370,normal
9900,1781099998.560052,normal
9901,1781099998.561785,normal
9902,1781099998.563764,normal
9903,1781099998.565182,normal
9904,1781099998.566592,normal
9905,1781099998.568074,normal
9906,1781099998.569402,http_flood
9907,1781099998.571453,normal
9908,1781099998.572994,normal
9909,1781099998.575111,normal
9910,1781099998.577002,normal
9911,1781099998.578902,normal
9912,1781099998.580454,normal
9913,1781099998.582003,normal
9914,1781099998.583745,normal
9915,1781099998.585198,normal
9916,1781099998.586537,normal
9917,1781099998.588442,normal
9918,1781099998.589580,normal
9919,1781099998.591155,normal
9920,1781099998.592390,normal
9921,1781099998.593636,normal
9922,1781099998.595083,normal
9923,1781099998.596973,normal
9924,1781099998.597727,normal
9925,1781099998.599308,normal
9926,1781099998.601018,normal
9927,1781099998.602059,normal
9928,1781099998.604718,normal
9929,1781099998.606827,normal
9930,1781099998.608961,normal
9931,1781099998.610528,normal
9932,1781099998.612078,normal
9933,1781099998.613834,normal
9934,1781099998.615322,normal
9935,1781099998.616974,normal
9936,1781099998.618271,normal
9937,1781099998.619397,normal
9938,1781099998.622270,normal
9939,1781099998.623881,normal
9940,1781099998.625976,normal
9941,1781099998.627856,normal
9942,1781099998.629792,normal
9943,1781099998.631797,normal
9944,1781099998.632976,normal
9945,1781099998.634070,normal
9946,1781099998.635823,normal
9947,1781099998.637671,normal
9948,1781099998.639048,normal
9949,1781099998.640936,normal
9950,1781099998.643161,normal
9951,1781099998.645046,normal
9952,1781099998.647480,normal
9953,1781099998.648858,normal
9954,1781099998.649982,normal
9955,1781099998.651480,normal
9956,1781099998.652718,normal
9957,1781099998.654829,normal
9958,1781099998.656584,normal
9959,1781099998.658145,normal
9960,1781099998.660204,normal
9961,1781099998.662441,normal
9962,1781099998.663941,normal
9963,1781099998.665601,normal
9964,1781099998.667105,normal
9965,1781099998.668746,normal
9966,1781099998.670233,normal
9967,1781099998.672268,normal
9968,1781099998.673613,normal
9969,1781099998.675033,normal
9970,1781099998.676537,normal
9971,1781099998.677959,normal
9972,1781099998.679695,normal
9973,1781099998.681808,normal
9974,1781099998.683435,normal
9975,1781099998.685343,normal
9976,1781099998.686509,normal
9977,1781099998.689029,normal
9978,1781099998.690637,normal
9979,1781099998.691991,normal
9980,1781099998.693463,normal
9981,1781099998.695987,normal
9982,1781099998.697459,normal
9983,1781099998.699275,normal
9984,1781099998.700945,normal
9985,1781099998.702436,normal
9986,1781099998.703866,normal
9987,1781099998.705383,normal
9988,1781099998.707037,normal
9989,1781099998.708541,normal
9990,1781099998.711100,normal
9991,1781099998.712522,normal
9992,1781099998.713799,normal
9993,1781099998.715652,normal
9994,1781099998.717337,normal
9995,1781099998.718820,normal
9996,1781099998.720230,normal
9997,1781099998.721922,normal
9998,1781099998.723595,normal
9999,1781099998.724979,normal
10000,1781099998.727913,normal
10001,1781099998.729488,normal
10002,1781099998.730950,normal
10003,1781099998.733043,normal
10004,1781099998.734991,normal
10005,1781099998.737015,normal
10006,1781099998.738701,normal
10007,1781099998.739836,normal
10008,1781099998.741753,normal
10009,1781099998.743732,normal
10010,1781099998.745778,normal
10011,1781099998.747391,normal
10012,1781099998.748873,normal
10013,1781099998.751223,normal
10014,1781099998.752666,normal
10015,1781099998.754530,normal
10016,1781099998.755578,normal
10017,1781099998.757516,normal
10018,1781099998.758918,normal
10019,1781099998.761179,normal
10020,1781099998.762623,normal
10021,1781099998.764082,normal
10022,1781099998.765378,normal
10023,1781099998.767345,normal
10024,1781099998.768945,normal
10025,1781099998.770317,normal
10026,1781099998.771588,normal
10027,1781099998.773280,normal
10028,1781099998.774951,normal
10029,1781099998.777235,normal
10030,1781099998.779217,normal
10031,1781099998.781224,normal
10032,1781099998.782707,normal
10033,1781099998.784286,normal
10034,1781099998.785565,normal
10035,1781099998.787252,normal
10036,1781099998.789327,normal
10037,1781099998.791177,normal
10038,1781099998.792166,normal
10039,1781099998.793858,normal
10040,1781099998.795979,normal
10041,1781099998.796891,normal
10042,1781099998.798724,normal
10043,1781099998.801154,normal
10044,1781099998.802737,normal
10045,1781099998.804046,normal
10046,1781099998.805744,normal
10047,1781099998.807420,normal
10048,1781099998.809749,normal
10049,1781099998.811429,normal
10050,1781099998.812827,normal
10051,1781099998.815112,normal
10052,1781099998.817260,normal
10053,1781099998.818670,http_flood
10054,1781099998.820577,normal
10055,1781099998.821904,normal
10056,1781099998.823443,normal
10057,1781099998.825871,normal
10058,1781099998.827152,normal
10059,1781099998.828714,normal
10060,1781099998.830143,normal
10061,1781099998.831622,normal
10062,1781099998.833484,normal
10063,1781099998.834775,syn_flood
10064,1781099998.836462,normal
10065,1781099998.838518,normal
10066,1781099998.840146,normal
10067,1781099998.841786,normal
10068,1781099998.843112,normal
10069,1781099998.844703,syn_flood
10070,1781099998.846911,normal
10071,1781099998.849030,normal
10072,1781099998.850134,normal
10073,1781099998.851797,normal
10074,1781099998.853179,normal
10075,1781099998.854726,normal
10076,1781099998.856220,normal
10077,1781099998.858388,normal
10078,1781099998.859915,normal
10079,1781099998.862236,normal
10080,1781099998.865196,normal
10081,1781099998.868237,normal
10082,1781099998.869955,normal
10083,1781099998.871847,normal
10084,1781099998.873420,normal
10085,1781099998.875818,normal
10086,1781099998.877383,normal
10087,1781099998.878751,udp_reflection
10088,1781099998.880604,normal
10089,1781099998.882072,normal
10090,1781099998.883544,normal
10091,1781099998.885165,normal
10092,1781099998.886953,normal
10093,1781099998.889555,normal
10094,1781099998.890819,normal
10095,1781099998.892436,normal
10096,1781099998.893752,normal
10097,1781099998.895768,normal
10098,1781099998.897634,normal
10099,1781099998.899093,normal
10100,1781099998.901077,normal
10101,1781099998.902448,normal
10102,1781099998.903664,normal
10103,1781099998.905464,normal
10104,1781099998.906992,normal
10105,1781099998.909120,normal
10106,1781099998.910888,normal
10107,1781099998.912349,normal
10108,1781099998.913995,normal
10109,1781099998.916025,normal
10110,1781099998.917182,normal
10111,1781099998.919423,normal
10112,1781099998.921698,normal
10113,1781099998.923315,normal
10114,1781099998.925786,normal
10115,1781099998.927350,normal
10116,1781099998.929003,normal
10117,1781099998.930492,normal
10118,1781099998.932324,normal
10119,1781099998.934001,normal
10120,1781099998.935698,normal
10121,1781099998.937119,normal
10122,1781099998.938548,normal
10123,1781099998.939928,normal
10124,1781099998.942239,normal
10125,1781099998.943974,normal
10126,1781099998.945450,normal
10127,1781099998.946606,normal
10128,1781099998.947955,normal
10129,1781099998.949851,normal
10130,1781099998.951534,normal
10131,1781099998.952529,normal
10132,1781099998.954610,normal
10133,1781099998.956147,normal
10134,1781099998.957666,normal
10135,1781099998.959413,normal
10136,1781099998.961598,normal
10137,1781099998.963480,normal
10138,1781099998.964639,normal
10139,1781099998.965878,normal
10140,1781099998.967214,normal
10141,1781099998.968719,normal
10142,1781099998.970770,normal
10143,1781099998.972677,normal
10144,1781099998.974691,normal
10145,1781099998.975965,normal
10146,1781099998.978204,normal
10147,1781099998.980040,normal
10148,1781099998.981176,normal
10149,1781099998.982750,normal
10150,1781099998.983942,normal
10151,1781099998.985248,normal
10152,1781099998.986465,normal
10153,1781099998.987973,normal
10154,1781099998.990041,normal
10155,1781099998.991508,normal
10156,1781099998.993730,normal
10157,1781099998.995300,normal
10158,1781099998.997129,normal
10159,1781099998.998680,normal
10160,1781099999.000430,normal
10161,1781099999.002050,normal
10162,1781099999.003705,normal
10163,1781099999.005562,normal
10164,1781099999.007040,normal
10165,1781099999.008726,normal
10166,1781099999.010398,normal
10167,1781099999.012046,normal
10168,1781099999.014493,normal
10169,1781099999.015918,normal
10170,1781099999.017241,normal
10171,1781099999.019627,normal
10172,1781099999.021240,normal
10173,1781099999.023028,normal
10174,1781099999.024417,normal
10175,1781099999.026042,normal
10176,1781099999.028585,normal
10177,1781099999.030209,normal
10178,1781099999.031878,normal
10179,1781099999.033279,normal
10180,1781099999.035035,normal
10181,1781099999.036413,normal
10182,1781099999.037913,normal
10183,1781099999.039378,normal
10184,1781099999.040999,normal
10185,1781099999.042913,normal
10186,1781099999.043864,normal
10187,1781099999.045301,normal
10188,1781099999.047426,normal
10189,1781099999.048753,udp_reflection
10190,1781099999.050086,normal
10191,1781099999.051690,normal
10192,1781099999.052846,normal
10193,1781099999.053849,normal
10194,1781099999.055839,normal
10195,1781099999.057598,normal
10196,1781099999.058906,udp_reflection
10197,1781099999.059957,normal
10198,1781099999.062765,normal
10199,1781099999.064215,normal
10200,1781099999.065656,normal
10201,1781099999.066894,normal
10202,1781099999.068688,normal
10203,1781099999.070538,normal
10204,1781099999.071592,normal
10205,1781099999.073068,normal
10206,1781099999.074484,normal
10207,1781099999.075932,normal
10208,1781099999.077760,normal
10209,1781099999.079739,normal
10210,1781099999.081005,normal
10211,1781099999.082715,normal
10212,1781099999.083861,normal
10213,1781099999.085372,normal
10214,1781099999.086745,normal
10215,1781099999.089162,normal
10216,1781099999.090898,normal
10217,1781099999.091999,normal
10218,1781099999.093365,normal
10219,1781099999.094615,normal
10220,1781099999.096133,normal
10221,1781099999.097948,normal
10222,1781099999.099918,normal
10223,1781099999.101235,normal
10224,1781099999.102965,normal
10225,1781099999.104805,normal
10226,1781099999.106683,normal
10227,1781099999.109041,normal
10228,1781099999.110591,normal
10229,1781099999.111984,normal
10230,1781099999.113331,normal
10231,1781099999.116216,normal
10232,1781099999.117090,normal
10233,1781099999.118475,normal
10234,1781099999.119913,normal
10235,1781099999.121454,normal
10236,1781099999.122966,normal
10237,1781099999.124246,http_flood
10238,1781099999.125618,syn_flood
10239,1781099999.126757,normal
10240,1781099999.128126,http_flood
10241,1781099999.129840,normal
10242,1781099999.131020,normal
10243,1781099999.133394,normal
10244,1781099999.134977,normal
10245,1781099999.136167,normal
10246,1781099999.137724,normal
10247,1781099999.138739,normal
10248,1781099999.140359,normal
10249,1781099999.142820,normal
10250,1781099999.144782,normal
10251,1781099999.146013,normal
10252,1781099999.147127,normal
10253,1781099999.148956,normal
10254,1781099999.150576,normal
10255,1781099999.152276,normal
10256,1781099999.153561,normal
10257,1781099999.155128,normal
10258,1781099999.156804,normal
10259,1781099999.158345,normal
10260,1781099999.160284,normal
10261,1781099999.161870,normal
10262,1781099999.163283,normal
10263,1781099999.164994,normal
10264,1781099999.167264,normal
10265,1781099999.168986,normal
10266,1781099999.170785,normal
10267,1781099999.172053,normal
10268,1781099999.174012,normal
10269,1781099999.175523,normal
10270,1781099999.177078,normal
10271,1781099999.178793,normal
10272,1781099999.180995,normal
10273,1781099999.182215,normal
10274,1781099999.184071,normal
10275,1781099999.186760,normal
10276,1781099999.188084,normal
10277,1781099999.189682,normal
10278,1781099999.191190,normal
10279,1781099999.193449,normal
10280,1781099999.194878,normal
10281,1781099999.196723,normal
10282,1781099999.198074,normal
10283,1781099999.199991,normal
10284,1781099999.202024,normal
10285,1781099999.203381,normal
10286,1781099999.204603,normal
10287,1781099999.205842,normal
10288,1781099999.206991,normal
10289,1781099999.208337,normal
10290,1781099999.209509,normal
10291,1781099999.211338,normal
10292,1781099999.213582,normal
10293,1781099999.215361,normal
10294,1781099999.217044,normal
10295,1781099999.218728,normal
10296,1781099999.220423,normal
10297,1781099999.222029,normal
10298,1781099999.223764,normal
10299,1781099999.225161,normal
10300,1781099999.226785,normal
10301,1781099999.228117,normal
10302,1781099999.229971,normal
10303,1781099999.232262,normal
10304,1781099999.233691,normal
10305,1781099999.235180,normal
10306,1781099999.237281,normal
10307,1781099999.238629,normal
10308,1781099999.240322,normal
10309,1781099999.241796,normal
10310,1781099999.243649,normal
10311,1781099999.244901,normal
10312,1781099999.246282,normal
10313,1781099999.247983,normal
10314,1781099999.249846,normal
10315,1781099999.251537,normal
10316,1781099999.252905,normal
10317,1781099999.254433,normal
10318,1781099999.255810,normal
10319,1781099999.257473,normal
10320,1781099999.259162,normal
10321,1781099999.260777,normal
10322,1781099999.261910,normal
10323,1781099999.263872,syn_flood
10324,1781099999.265276,normal
10325,1781099999.266922,normal
10326,1781099999.268830,normal
10327,1781099999.270322,normal
10328,1781099999.272111,normal
10329,1781099999.273507,normal
10330,1781099999.275434,normal
10331,1781099999.277044,normal
10332,1781099999.278378,normal
10333,1781099999.279886,normal
10334,1781099999.281499,normal
10335,1781099999.283001,normal
10336,1781099999.285101,normal
10337,1781099999.286019,normal
10338,1781099999.287503,normal
10339,1781099999.289195,normal
10340,1781099999.290804,normal
10341,1781099999.292149,normal
10342,1781099999.294211,normal
10343,1781099999.295407,normal
10344,1781099999.297386,normal
10345,1781099999.298458,normal
10346,1781099999.299536,normal
10347,1781099999.301052,normal
10348,1781099999.301993,normal
10349,1781099999.303805,normal
10350,1781099999.305658,normal
10351,1781099999.306989,normal
10352,1781099999.307921,normal
10353,1781099999.309118,normal
10354,1781099999.310419,normal
10355,1781099999.312018,udp_reflection
10356,1781099999.314021,normal
10357,1781099999.315170,normal
10358,1781099999.316888,normal
10359,1781099999.318403,normal
10360,1781099999.320650,normal
10361,1781099999.322571,normal
10362,1781099999.323899,normal
10363,1781099999.325063,normal
10364,1781099999.327015,normal
10365,1781099999.328225,normal
10366,1781099999.330381,normal
10367,1781099999.331799,normal
10368,1781099999.333488,normal
10369,1781099999.335634,normal
10370,1781099999.337034,normal
10371,1781099999.338654,normal
10372,1781099999.340275,http_flood
10373,1781099999.342176,normal
10374,1781099999.344022,normal
10375,1781099999.345265,normal
10376,1781099999.346176,http_flood
10377,1781099999.347826,normal
10378,1781099999.349804,normal
10379,1781099999.351744,normal
10380,1781099999.353678,normal
10381,1781099999.355347,normal
10382,1781099999.356769,normal
10383,1781099999.358464,normal
10384,1781099999.359843,normal
10385,1781099999.361191,normal
10386,1781099999.363786,normal
10387,1781099999.364733,normal
10388,1781099999.366443,normal
10389,1781099999.368001,normal
10390,1781099999.369646,normal
10391,1781099999.371322,normal
10392,1781099999.373128,normal
10393,1781099999.374432,normal
10394,1781099999.376088,normal
10395,1781099999.376914,normal
10396,1781099999.378280,normal
10397,1781099999.379533,normal
10398,1781099999.381176,normal
10399,1781099999.383137,normal
10400,1781099999.384721,normal
10401,1781099999.386791,normal
10402,1781099999.388695,normal
10403,1781099999.390321,normal
10404,1781099999.392498,normal
10405,1781099999.393961,normal
10406,1781099999.396005,normal
10407,1781099999.397173,normal
10408,1781099999.398454,normal
10409,1781099999.400080,normal
10410,1781099999.401236,normal
10411,1781099999.403287,normal
10412,1781099999.404536,normal
10413,1781099999.406160,normal
10414,1781099999.407889,normal
10415,1781099999.410166,normal
10416,1781099999.411661,normal
10417,1781099999.412985,normal
10418,1781099999.413979,normal
10419,1781099999.415944,normal
10420,1781099999.417488,normal
10421,1781099999.418935,normal
10422,1781099999.420115,normal
10423,1781099999.421934,normal
10424,1781099999.424303,normal
10425,1781099999.425478,normal
10426,1781099999.427236,normal
10427,1781099999.428895,normal
10428,1781099999.430347,normal
10429,1781099999.432121,normal
10430,1781099999.434367,normal
10431,1781099999.436049,udp_reflection
10432,1781099999.438454,normal
10433,1781099999.440724,normal
10434,1781099999.442163,normal
10435,1781099999.443927,normal
10436,1781099999.445093,normal
10437,1781099999.446507,normal
10438,1781099999.447539,normal
10439,1781099999.449683,normal
10440,1781099999.451282,normal
10441,1781099999.453058,normal
10442,1781099999.454412,normal
10443,1781099999.456270,normal
10444,1781099999.457838,normal
10445,1781099999.459325,normal
10446,1781099999.460661,normal
10447,1781099999.462061,normal
10448,1781099999.463124,normal
10449,1781099999.464362,normal
10450,1781099999.465425,normal
10451,1781099999.467093,normal
10452,1781099999.468516,normal
10453,1781099999.469715,normal
10454,1781099999.471237,normal
10455,1781099999.472736,normal
10456,1781099999.474421,normal
10457,1781099999.476027,normal
10458,1781099999.477164,normal
10459,1781099999.478548,normal
10460,1781099999.480566,normal
10461,1781099999.481683,normal
10462,1781099999.483117,normal
10463,1781099999.484744,normal
10464,1781099999.486190,normal
10465,1781099999.487840,normal
10466,1781099999.489571,normal
10467,1781099999.491099,normal
10468,1781099999.492425,normal
10469,1781099999.494223,normal
10470,1781099999.495930,normal
10471,1781099999.497538,normal
10472,1781099999.498957,normal
10473,1781099999.501517,normal
10474,1781099999.502600,normal
10475,1781099999.504032,normal
10476,1781099999.506099,normal
10477,1781099999.507805,normal
10478,1781099999.508643,normal
10479,1781099999.510986,normal
10480,1781099999.512405,normal
10481,1781099999.513482,normal
10482,1781099999.515153,normal
10483,1781099999.516321,normal
10484,1781099999.517701,normal
10485,1781099999.519815,normal
10486,1781099999.520964,normal
10487,1781099999.522537,normal
10488,1781099999.524095,normal
10489,1781099999.525450,normal
10490,1781099999.526886,normal
10491,1781099999.528328,normal
10492,1781099999.530669,normal
10493,1781099999.533083,http_flood
10494,1781099999.534233,normal
10495,1781099999.535937,normal
10496,1781099999.537624,normal
10497,1781099999.539680,normal
10498,1781099999.541693,normal
10499,1781099999.542963,normal
10500,1781099999.544115,normal
10501,1781099999.545273,normal
10502,1781099999.546645,normal
10503,1781099999.547747,normal
10504,1781099999.549274,normal
10505,1781099999.550790,normal
10506,1781099999.551979,normal
10507,1781099999.553273,normal
10508,1781099999.554981,normal
10509,1781099999.556137,normal
10510,1781099999.557821,normal
10511,1781099999.559024,normal
10512,1781099999.560304,normal
10513,1781099999.562220,normal
10514,1781099999.563862,normal
10515,1781099999.565677,normal
10516,1781099999.567732,normal
10517,1781099999.569337,normal
10518,1781099999.570990,normal
10519,1781099999.572399,normal
10520,1781099999.574543,normal
10521,1781099999.576499,normal
10522,1781099999.578294,normal
10523,1781099999.579708,normal
10524,1781099999.581123,normal
10525,1781099999.582852,normal
10526,1781099999.584550,normal
10527,1781099999.586163,normal
10528,1781099999.587598,normal
10529,1781099999.589252,normal
10530,1781099999.590590,normal
10531,1781099999.591737,normal
10532,1781099999.593662,normal
10533,1781099999.595497,normal
10534,1781099999.597847,normal
10535,1781099999.599109,normal
10536,1781099999.601261,normal
10537,1781099999.602468,normal
10538,1781099999.603824,normal
10539,1781099999.605764,normal
10540,1781099999.606996,normal
10541,1781099999.607929,normal
10542,1781099999.608808,normal
10543,1781099999.610346,normal
10544,1781099999.612370,normal
10545,1781099999.613530,normal
10546,1781099999.615253,normal
10547,1781099999.616494,normal
10548,1781099999.618212,normal
10549,1781099999.619355,normal
10550,1781099999.621261,normal
10551,1781099999.623090,normal
10552,1781099999.624686,normal
10553,1781099999.626428,normal
10554,1781099999.627855,normal
10555,1781099999.629128,normal
10556,1781099999.631111,normal
10557,1781099999.632834,normal
10558,1781099999.635075,normal
10559,1781099999.636184,normal
10560,1781099999.637762,normal
10561,1781099999.639621,normal
10562,1781099999.641024,normal
10563,1781099999.642482,normal
10564,1781099999.643955,normal
10565,1781099999.645461,normal
10566,1781099999.647128,normal
10567,1781099999.649078,normal
10568,1781099999.651107,normal
10569,1781099999.652586,normal
10570,1781099999.654013,normal
10571,1781099999.655658,normal
10572,1781099999.656960,normal
10573,1781099999.658508,normal
10574,1781099999.660298,normal
10575,1781099999.661712,normal
10576,1781099999.663103,normal
10577,1781099999.664588,normal
10578,1781099999.666235,normal
10579,1781099999.667557,normal
10580,1781099999.669050,normal
10581,1781099999.670797,normal
10582,1781099999.672052,normal
10583,1781099999.673198,normal
10584,1781099999.675675,syn_flood
10585,1781099999.677018,normal
10586,1781099999.678233,normal
10587,1781099999.679578,normal
10588,1781099999.680525,normal
10589,1781099999.682019,normal
10590,1781099999.683312,normal
10591,1781099999.684959,normal
10592,1781099999.686232,normal
10593,1781099999.687711,normal
10594,1781099999.688867,normal
10595,1781099999.690714,normal
10596,1781099999.692005,normal
10597,1781099999.693932,normal
10598,1781099999.694899,normal
10599,1781099999.695914,normal
10600,1781099999.697520,normal
10601,1781099999.699049,normal
10602,1781099999.700446,normal
10603,1781099999.702031,normal
10604,1781099999.703534,normal
10605,1781099999.704774,normal
10606,1781099999.706261,normal
10607,1781099999.707506,normal
10608,1781099999.708556,normal
10609,1781099999.709687,normal
10610,1781099999.711802,normal
10611,1781099999.713324,normal
10612,1781099999.715248,normal
10613,1781099999.717103,normal
10614,1781099999.718132,normal
10615,1781099999.719213,normal
10616,1781099999.720648,normal
10617,1781099999.722548,normal
10618,1781099999.723610,normal
10619,1781099999.725045,normal
10620,1781099999.726234,normal
10621,1781099999.727484,normal
10622,1781099999.728751,normal
10623,1781099999.730313,normal
10624,1781099999.731384,normal
10625,1781099999.732628,normal
10626,1781099999.734185,normal
10627,1781099999.735312,normal
10628,1781099999.736796,normal
10629,1781099999.738170,normal
10630,1781099999.739578,normal
10631,1781099999.741089,normal
10632,1781099999.742527,normal
10633,1781099999.743859,normal
10634,1781099999.745173,normal
10635,1781099999.746455,normal
10636,1781099999.747701,normal
10637,1781099999.749210,normal
10638,1781099999.751065,normal
10639,1781099999.752577,normal
10640,1781099999.754487,normal
10641,1781099999.755888,normal
10642,1781099999.757296,normal
10643,1781099999.758811,normal
10644,1781099999.760853,normal
10645,1781099999.762569,normal
10646,1781099999.764350,normal
10647,1781099999.765831,normal
10648,1781099999.767208,normal
10649,1781099999.768586,normal
10650,1781099999.770154,normal
10651,1781099999.772037,normal
10652,1781099999.773812,normal
10653,1781099999.775431,normal
10654,1781099999.777274,normal
10655,1781099999.778395,normal
10656,1781099999.780426,normal
10657,1781099999.781487,normal
10658,1781099999.783051,normal
10659,1781099999.784207,normal
10660,1781099999.785622,normal
10661,1781099999.786637,normal
10662,1781099999.788617,normal
10663,1781099999.791502,http_flood
10664,1781099999.793044,normal
10665,1781099999.794899,normal
10666,1781099999.796400,normal
10667,1781099999.797526,normal
10668,1781099999.799020,normal
10669,1781099999.800387,normal
10670,1781099999.801888,normal
10671,1781099999.803590,normal
10672,1781099999.804665,normal
10673,1781099999.805788,normal
10674,1781099999.807221,normal
10675,1781099999.808541,normal
10676,1781099999.810193,normal
10677,1781099999.811474,normal
10678,1781099999.812804,normal
10679,1781099999.814593,normal
10680,1781099999.815969,normal
10681,1781099999.817222,normal
10682,1781099999.818600,normal
10683,1781099999.819884,normal
10684,1781099999.820787,normal
10685,1781099999.822047,udp_reflection
10686,1781099999.823783,normal
10687,1781099999.825183,normal
10688,1781099999.826459,normal
10689,1781099999.828228,normal
10690,1781099999.829315,normal
10691,1781099999.830670,normal
10692,1781099999.831928,normal
10693,1781099999.833110,normal
10694,1781099999.834808,normal
10695,1781099999.836873,normal
10696,1781099999.838708,normal
10697,1781099999.840063,normal
10698,1781099999.841371,normal
10699,1781099999.842987,normal
10700,1781099999.845162,normal
10701,1781099999.846689,normal
10702,1781099999.848153,normal
10703,1781099999.849878,normal
10704,1781099999.852005,normal
10705,1781099999.854122,normal
10706,1781099999.855698,normal
10707,1781099999.856889,normal
10708,1781099999.858849,normal
10709,1781099999.860540,normal
10710,1781099999.861615,normal
10711,1781099999.862643,normal
10712,1781099999.863942,normal
10713,1781099999.864847,normal
10714,1781099999.866206,normal
10715,1781099999.868063,normal
10716,1781099999.869739,normal
10717,1781099999.871320,normal
10718,1781099999.872664,normal
10719,1781099999.874110,normal
10720,1781099999.876363,normal
10721,1781099999.877991,normal
10722,1781099999.879152,normal
10723,1781099999.880452,normal
10724,1781099999.881558,normal
10725,1781099999.882761,normal
10726,1781099999.885159,normal
10727,1781099999.886578,normal
10728,1781099999.888354,normal
10729,1781099999.889611,normal
10730,1781099999.891827,normal
10731,1781099999.893525,normal
10732,1781099999.895510,normal
10733,1781099999.896925,normal
10734,1781099999.898300,normal
10735,1781099999.900176,normal
10736,1781099999.901536,normal
10737,1781099999.903507,normal
10738,1781099999.904541,normal
10739,1781099999.905349,normal
10740,1781099999.906744,normal
10741,1781099999.908101,normal
10742,1781099999.910225,normal
10743,1781099999.911473,normal
10744,1781099999.912741,normal
10745,1781099999.914310,normal
10746,1781099999.916065,normal
10747,1781099999.917273,normal
10748,1781099999.918550,normal
10749,1781099999.919546,normal
10750,1781099999.920903,normal
10751,1781099999.922287,normal
10752,1781099999.923672,normal
10753,1781099999.925178,normal
10754,1781099999.926590,normal
10755,1781099999.927844,normal
10756,1781099999.929193,normal
10757,1781099999.930623,normal
10758,1781099999.931903,normal
10759,1781099999.933009,normal
10760,1781099999.934574,normal
10761,1781099999.935601,normal
10762,1781099999.937452,normal
10763,1781099999.938730,normal
10764,1781099999.940387,normal
10765,1781099999.941566,normal
10766,1781099999.942980,normal
10767,1781099999.944472,normal
10768,1781099999.946126,normal
10769,1781099999.947327,normal
10770,1781099999.948940,normal
10771,1781099999.950126,normal
10772,1781099999.951591,normal
10773,1781099999.953255,normal
10774,1781099999.954266,normal
10775,1781099999.955423,normal
10776,1781099999.957026,normal
10777,1781099999.958669,normal
10778,1781099999.960253,normal
10779,1781099999.961884,normal
10780,1781099999.963361,normal
10781,1781099999.964415,normal
10782,1781099999.966195,normal
10783,1781099999.967821,normal
10784,1781099999.969266,normal
10785,1781099999.970994,normal
10786,1781099999.973032,normal
10787,1781099999.974462,normal
10788,1781099999.975714,normal
10789,1781099999.977319,normal
10790,1781099999.979057,normal
10791,1781099999.980619,normal
10792,1781099999.981934,normal
10793,1781099999.983215,normal
10794,1781099999.984785,normal
10795,1781099999.985909,normal
10796,1781099999.987489,normal
10797,1781099999.989010,normal
10798,1781099999.990841,normal
10799,1781099999.992496,normal
10800,1781099999.993410,normal
10801,1781099999.994722,normal
10802,1781099999.996088,normal
10803,1781099999.997966,normal
10804,1781099999.999834,normal
10805,1781100000.001243,normal
10806,1781100000.002567,normal
10807,1781100000.003892,normal
10808,1781100000.004995,normal
10809,1781100000.006471,normal
10810,1781100000.007780,normal
10811,1781100000.009143,normal
10812,1781100000.010891,normal
10813,1781100000.012224,normal
10814,1781100000.013676,normal
10815,1781100000.015188,normal
10816,1781100000.016938,normal
10817,1781100000.018263,normal
10818,1781100000.019845,normal
10819,1781100000.021571,normal
10820,1781100000.022824,normal
10821,1781100000.024136,normal
10822,1781100000.025560,normal
10823,1781100000.026628,normal
10824,1781100000.027907,normal
10825,1781100000.029445,normal
10826,1781100000.030747,normal
10827,1781100000.032169,normal
10828,1781100000.033302,normal
10829,1781100000.034740,normal
10830,1781100000.036230,normal
10831,1781100000.037687,normal
10832,1781100000.038780,normal
10833,1781100000.040120,normal
10834,1781100000.041924,normal
10835,1781100000.043303,normal
10836,1781100000.045040,normal
10837,1781100000.046136,normal
10838,1781100000.047575,normal
10839,1781100000.048756,normal
10840,1781100000.049623,normal
10841,1781100000.051180,normal
10842,1781100000.052646,normal
10843,1781100000.053916,normal
10844,1781100000.055290,normal
10845,1781100000.056798,normal
10846,1781100000.058319,normal
10847,1781100000.059390,normal
10848,1781100000.060983,normal
10849,1781100000.062233,normal
10850,1781100000.064287,normal
10851,1781100000.065917,normal
10852,1781100000.067109,normal
10853,1781100000.069158,normal
10854,1781100000.070560,normal
10855,1781100000.071813,normal
10856,1781100000.073068,normal
10857,1781100000.074588,normal
10858,1781100000.076161,normal
10859,1781100000.077222,normal
10860,1781100000.079012,normal
10861,1781100000.080644,normal
10862,1781100000.081850,normal
10863,1781100000.083126,normal
10864,1781100000.084815,normal
10865,1781100000.086052,normal
10866,1781100000.087616,normal
10867,1781100000.089492,normal
10868,1781100000.090603,normal
10869,1781100000.091804,normal
10870,1781100000.093180,normal
10871,1781100000.094204,normal
10872,1781100000.095543,normal
10873,1781100000.097127,normal
10874,1781100000.098533,normal
10875,1781100000.099990,normal
10876,1781100000.101271,normal
10877,1781100000.102528,normal
10878,1781100000.103750,normal
10879,1781100000.105207,normal
10880,1781100000.106654,normal
10881,1781100000.107457,normal
10882,1781100000.109123,normal
10883,1781100000.110396,normal
10884,1781100000.111433,normal
10885,1781100000.112605,syn_flood
10886,1781100000.113937,normal
10887,1781100000.115027,normal
10888,1781100000.117319,normal
10889,1781100000.118465,normal
10890,1781100000.120015,normal
10891,1781100000.121449,normal
10892,1781100000.123028,normal
10893,1781100000.124220,normal
10894,1781100000.125768,normal
10895,1781100000.126932,normal
10896,1781100000.128523,syn_flood
10897,1781100000.129748,normal
10898,1781100000.131191,normal
10899,1781100000.132893,normal
10900,1781100000.134240,normal
10901,1781100000.136116,normal
10902,1781100000.137777,normal
10903,1781100000.139440,normal
10904,1781100000.141315,normal
10905,1781100000.142721,normal
10906,1781100000.144518,normal
10907,1781100000.145866,normal
10908,1781100000.147021,normal
10909,1781100000.148134,normal
10910,1781100000.149764,normal
10911,1781100000.151274,normal
10912,1781100000.153526,normal
10913,1781100000.154984,normal
10914,1781100000.156841,normal
10915,1781100000.158437,normal
10916,1781100000.159672,normal
10917,1781100000.160962,normal
10918,1781100000.162416,normal
10919,1781100000.163734,normal
10920,1781100000.165015,normal
10921,1781100000.166514,normal
10922,1781100000.167965,normal
10923,1781100000.168889,normal
10924,1781100000.169969,normal
10925,1781100000.171168,normal
10926,1781100000.172557,normal
10927,1781100000.173989,normal
10928,1781100000.175498,normal
10929,1781100000.177017,normal
10930,1781100000.178958,normal
10931,1781100000.180511,normal
10932,1781100000.181826,normal
10933,1781100000.183567,normal
10934,1781100000.184499,normal
10935,1781100000.186085,normal
10936,1781100000.187557,normal
10937,1781100000.188798,normal
10938,1781100000.189842,normal
10939,1781100000.191786,normal
10940,1781100000.192934,normal
10941,1781100000.194307,normal
10942,1781100000.195226,normal
10943,1781100000.196929,normal
10944,1781100000.198218,normal
10945,1781100000.199632,normal
10946,1781100000.200924,normal
10947,1781100000.202673,normal
10948,1781100000.203913,normal
10949,1781100000.204916,normal
10950,1781100000.206109,normal
10951,1781100000.207275,normal
10952,1781100000.209093,normal
10953,1781100000.210426,normal
10954,1781100000.211883,normal
10955,1781100000.213341,normal
10956,1781100000.215056,normal
10957,1781100000.216434,syn_flood
10958,1781100000.218459,normal
10959,1781100000.220020,normal
10960,1781100000.222007,normal
10961,1781100000.223327,normal
10962,1781100000.224322,normal
10963,1781100000.226044,normal
10964,1781100000.227345,normal
10965,1781100000.228943,normal
10966,1781100000.230607,normal
10967,1781100000.231859,normal
10968,1781100000.233660,normal
10969,1781100000.235116,normal
10970,1781100000.236976,normal
10971,1781100000.238256,normal
10972,1781100000.239474,normal
10973,1781100000.240428,normal
10974,1781100000.242492,normal
10975,1781100000.244308,http_flood
10976,1781100000.246615,normal
10977,1781100000.247945,normal
10978,1781100000.249359,normal
10979,1781100000.250797,normal
10980,1781100000.252312,normal
10981,1781100000.253786,normal
10982,1781100000.254907,normal
10983,1781100000.255810,normal
10984,1781100000.257178,normal
10985,1781100000.258662,normal
10986,1781100000.260039,normal
10987,1781100000.261211,normal
10988,1781100000.262973,normal
10989,1781100000.264113,normal
10990,1781100000.265503,normal
10991,1781100000.267089,normal
10992,1781100000.268780,normal
10993,1781100000.269822,normal
10994,1781100000.271676,normal
10995,1781100000.272874,normal
10996,1781100000.274190,normal
10997,1781100000.275145,normal
10998,1781100000.276804,normal
10999,1781100000.277967,normal
11000,1781100000.279588,normal
11001,1781100000.280788,normal
11002,1781100000.282860,normal
11003,1781100000.284018,normal
11004,1781100000.285741,normal
11005,1781100000.287231,normal
11006,1781100000.288366,normal
11007,1781100000.290479,normal
11008,1781100000.291516,udp_reflection
11009,1781100000.292733,normal
11010,1781100000.293771,normal
11011,1781100000.295137,normal
11012,1781100000.296653,normal
11013,1781100000.297806,normal
11014,1781100000.299048,normal
11015,1781100000.300272,normal
11016,1781100000.302081,normal
11017,1781100000.303709,normal
11018,1781100000.305776,normal
11019,1781100000.307298,normal
11020,1781100000.308771,normal
11021,1781100000.309777,normal
11022,1781100000.310984,normal
11023,1781100000.312687,normal
11024,1781100000.313756,normal
11025,1781100000.315408,normal
11026,1781100000.317053,normal
11027,1781100000.319232,normal
11028,1781100000.320551,normal
11029,1781100000.321939,normal
11030,1781100000.323244,normal
11031,1781100000.324779,normal
11032,1781100000.326295,normal
11033,1781100000.328004,normal
11034,1781100000.329613,normal
11035,1781100000.331076,normal
11036,1781100000.332607,normal
11037,1781100000.334166,normal
11038,1781100000.335432,normal
11039,1781100000.336948,normal
11040,1781100000.338784,normal
11041,1781100000.340262,normal
11042,1781100000.341320,normal
11043,1781100000.342815,normal
11044,1781100000.344146,normal
11045,1781100000.345200,normal
11046,1781100000.346410,normal
11047,1781100000.348144,normal
11048,1781100000.349390,normal
11049,1781100000.350735,normal
11050,1781100000.352174,normal
11051,1781100000.353787,normal
11052,1781100000.356343,normal
11053,1781100000.357767,normal
11054,1781100000.359005,normal
11055,1781100000.360063,normal
11056,1781100000.361797,normal
11057,1781100000.363210,normal
11058,1781100000.364748,normal
11059,1781100000.366317,normal
11060,1781100000.368244,normal
11061,1781100000.369992,normal
11062,1781100000.371295,normal
11063,1781100000.372959,normal
11064,1781100000.374629,normal
11065,1781100000.375700,normal
11066,1781100000.377282,normal
11067,1781100000.378362,normal
11068,1781100000.379963,normal
11069,1781100000.381253,normal
11070,1781100000.382479,normal
11071,1781100000.384138,normal
11072,1781100000.385518,normal
11073,1781100000.387166,normal
11074,1781100000.389228,normal
11075,1781100000.390465,normal
11076,1781100000.391992,normal
11077,1781100000.392905,normal
11078,1781100000.393829,normal
11079,1781100000.395154,normal
11080,1781100000.396644,normal
11081,1781100000.398950,normal
11082,1781100000.400114,normal
11083,1781100000.401433,normal
11084,1781100000.402464,normal
11085,1781100000.403978,normal
11086,1781100000.404999,normal
11087,1781100000.406422,normal
11088,1781100000.407929,normal
11089,1781100000.408924,normal
11090,1781100000.410355,normal
11091,1781100000.411792,normal
11092,1781100000.414115,normal
11093,1781100000.415535,normal
11094,1781100000.416667,normal
11095,1781100000.418750,normal
11096,1781100000.419982,normal
11097,1781100000.421286,normal
11098,1781100000.422628,normal
11099,1781100000.424630,normal
11100,1781100000.426095,normal
11101,1781100000.427221,normal
11102,1781100000.428775,normal
11103,1781100000.430603,normal
11104,1781100000.431934,normal
11105,1781100000.432824,normal
11106,1781100000.434369,normal
11107,1781100000.435888,normal
11108,1781100000.437414,normal
11109,1781100000.438656,normal
11110,1781100000.439945,normal
11111,1781100000.441059,normal
11112,1781100000.442684,normal
11113,1781100000.444459,normal
11114,1781100000.445956,syn_flood
11115,1781100000.447815,syn_flood
11116,1781100000.449364,normal
11117,1781100000.450781,normal
11118,1781100000.451766,normal
11119,1781100000.453511,normal
11120,1781100000.454882,normal
11121,1781100000.456051,normal
11122,1781100000.457313,normal
11123,1781100000.458232,normal
11124,1781100000.459198,normal
11125,1781100000.460738,normal
11126,1781100000.462209,normal
11127,1781100000.463444,normal
11128,1781100000.464846,normal
11129,1781100000.466599,normal
11130,1781100000.468448,normal
11131,1781100000.470116,normal
11132,1781100000.471480,normal
11133,1781100000.472869,normal
11134,1781100000.474168,normal
11135,1781100000.475097,normal
11136,1781100000.476344,normal
11137,1781100000.477852,normal
11138,1781100000.478830,normal
11139,1781100000.480205,normal
11140,1781100000.481585,normal
11141,1781100000.482979,normal
11142,1781100000.484564,normal
11143,1781100000.486320,normal
11144,1781100000.487724,normal
11145,1781100000.488854,normal
11146,1781100000.490026,udp_reflection
11147,1781100000.491646,normal
11148,1781100000.493842,normal
11149,1781100000.494854,normal
11150,1781100000.496553,normal
11151,1781100000.498091,normal
11152,1781100000.499112,normal
11153,1781100000.499963,normal
11154,1781100000.501301,normal
11155,1781100000.502407,normal
11156,1781100000.503669,normal
11157,1781100000.504445,normal
11158,1781100000.506031,normal
11159,1781100000.507277,normal
11160,1781100000.508656,normal
11161,1781100000.509813,normal
11162,1781100000.510834,normal
11163,1781100000.511966,normal
11164,1781100000.513870,normal
11165,1781100000.515048,normal
11166,1781100000.516294,normal
11167,1781100000.517492,normal
11168,1781100000.518761,normal
11169,1781100000.520051,normal
11170,1781100000.521596,http_flood
11171,1781100000.523124,normal
11172,1781100000.524686,normal
11173,1781100000.525950,normal
11174,1781100000.527034,normal
11175,1781100000.528056,normal
11176,1781100000.529386,normal
11177,1781100000.531028,normal
11178,1781100000.532718,normal
11179,1781100000.534023,normal
11180,1781100000.535216,normal
11181,1781100000.536170,normal
11182,1781100000.537738,normal
11183,1781100000.539602,normal
11184,1781100000.540914,normal
11185,1781100000.542827,normal
11186,1781100000.544743,normal
11187,1781100000.546119,normal
11188,1781100000.546937,normal
11189,1781100000.548201,normal
11190,1781100000.549987,normal
11191,1781100000.551107,normal
11192,1781100000.552239,normal
11193,1781100000.553593,normal
11194,1781100000.554443,normal
11195,1781100000.556009,normal
11196,1781100000.557585,normal
11197,1781100000.558247,normal
11198,1781100000.559676,normal
11199,1781100000.560973,normal
11200,1781100000.561800,normal
11201,1781100000.563053,normal
11202,1781100000.564420,normal
11203,1781100000.565526,normal
11204,1781100000.567360,normal
11205,1781100000.569479,normal
11206,1781100000.571262,normal
11207,1781100000.572220,normal
11208,1781100000.573648,normal
11209,1781100000.575226,normal
11210,1781100000.576764,normal
11211,1781100000.578030,normal
11212,1781100000.580033,normal
11213,1781100000.581450,normal
11214,1781100000.583066,normal
11215,1781100000.584260,normal
11216,1781100000.585602,normal
11217,1781100000.587213,normal
11218,1781100000.588261,normal
11219,1781100000.589743,normal
11220,1781100000.591194,normal
11221,1781100000.592540,normal
11222,1781100000.593897,normal
11223,1781100000.595852,normal
11224,1781100000.596930,normal
11225,1781100000.598423,normal
11226,1781100000.599867,normal
11227,1781100000.601112,normal
11228,1781100000.602065,normal
11229,1781100000.603046,normal
11230,1781100000.604657,normal
11231,1781100000.606018,normal
11232,1781100000.606956,normal
11233,1781100000.608782,normal
11234,1781100000.609756,normal
11235,1781100000.612110,normal
11236,1781100000.613805,normal
11237,1781100000.615267,normal
11238,1781100000.616878,normal
11239,1781100000.618265,normal
11240,1781100000.620128,normal
11241,1781100000.621786,normal
11242,1781100000.623577,normal
11243,1781100000.624827,normal
11244,1781100000.626105,normal
11245,1781100000.627154,normal
11246,1781100000.628389,normal
11247,1781100000.629756,normal
11248,1781100000.631627,normal
11249,1781100000.632518,normal
11250,1781100000.633769,normal
11251,1781100000.635752,normal
11252,1781100000.636819,normal
11253,1781100000.638452,normal
11254,1781100000.639404,normal
11255,1781100000.640792,normal
11256,1781100000.642082,normal
11257,1781100000.643291,normal
11258,1781100000.644845,normal
11259,1781100000.645818,normal
11260,1781100000.646828,normal
11261,1781100000.648262,normal
11262,1781100000.649213,normal
11263,1781100000.650217,syn_flood
11264,1781100000.651525,normal
11265,1781100000.652622,normal
11266,1781100000.653809,normal
11267,1781100000.655040,normal
11268,1781100000.656246,normal
11269,1781100000.657113,normal
11270,1781100000.658977,normal
11271,1781100000.660062,normal
11272,1781100000.661246,normal
11273,1781100000.662880,normal
11274,1781100000.663987,normal
11275,1781100000.665373,normal
11276,1781100000.666694,normal
11277,1781100000.668297,http_flood
11278,1781100000.669103,normal
11279,1781100000.670266,normal
11280,1781100000.672179,normal
11281,1781100000.673811,normal
11282,1781100000.675188,normal
11283,1781100000.676365,normal
11284,1781100000.677379,normal
11285,1781100000.679411,normal
11286,1781100000.681056,normal
11287,1781100000.682527,normal
11288,1781100000.683862,normal
11289,1781100000.685161,normal
11290,1781100000.686299,normal
11291,1781100000.687203,normal
11292,1781100000.688579,normal
11293,1781100000.689913,normal
11294,1781100000.691047,normal
11295,1781100000.692392,normal
11296,1781100000.694008,normal
11297,1781100000.695314,normal
11298,1781100000.696310,normal
11299,1781100000.698174,normal
11300,1781100000.699969,normal
11301,1781100000.701209,normal
11302,1781100000.702341,normal
11303,1781100000.703617,normal
11304,1781100000.705298,normal
11305,1781100000.706328,normal
11306,1781100000.707599,normal
11307,1781100000.708979,normal
11308,1781100000.710617,normal
11309,1781100000.711840,normal
11310,1781100000.713352,normal
11311,1781100000.714673,normal
11312,1781100000.716222,normal
11313,1781100000.717928,normal
11314,1781100000.719448,normal
11315,1781100000.721002,normal
11316,1781100000.722140,normal
11317,1781100000.723473,normal
11318,1781100000.724814,normal
11319,1781100000.726616,normal
11320,1781100000.727939,normal
11321,1781100000.729495,normal
11322,1781100000.730915,normal
11323,1781100000.732013,http_flood
11324,1781100000.733569,normal
11325,1781100000.734669,normal
11326,1781100000.736151,syn_flood
11327,1781100000.737502,normal
11328,1781100000.739083,normal
11329,1781100000.740381,normal
11330,1781100000.741333,normal
11331,1781100000.742778,normal
11332,1781100000.744102,normal
11333,1781100000.745444,normal
11334,1781100000.747132,normal
11335,1781100000.748606,normal
11336,1781100000.750742,normal
11337,1781100000.751855,normal
11338,1781100000.753135,normal
11339,1781100000.754380,normal
11340,1781100000.755380,normal
11341,1781100000.756783,normal
11342,1781100000.757844,normal
11343,1781100000.759121,normal
11344,1781100000.760164,normal
11345,1781100000.761315,normal
11346,1781100000.762609,normal
11347,1781100000.764041,normal
11348,1781100000.764832,normal
11349,1781100000.766188,normal
11350,1781100000.767355,normal
11351,1781100000.769037,normal
11352,1781100000.770370,normal
11353,1781100000.771353,normal
11354,1781100000.772487,normal
11355,1781100000.773648,normal
11356,1781100000.775743,normal
11357,1781100000.777013,normal
11358,1781100000.778049,normal
11359,1781100000.778983,http_flood
11360,1781100000.779811,normal
11361,1781100000.782006,normal
11362,1781100000.783011,normal
11363,1781100000.784206,normal
11364,1781100000.785502,normal
11365,1781100000.786863,normal
11366,1781100000.788113,normal
11367,1781100000.789579,normal
11368,1781100000.790858,normal
11369,1781100000.792017,normal
11370,1781100000.793156,normal
11371,1781100000.794538,normal
11372,1781100000.795642,normal
11373,1781100000.796602,syn_flood
11374,1781100000.798169,normal
11375,1781100000.800173,udp_reflection
11376,1781100000.801682,normal
11377,1781100000.803131,normal
11378,1781100000.804508,normal
11379,1781100000.805588,normal
11380,1781100000.806628,normal
11381,1781100000.807610,normal
11382,1781100000.809005,normal
11383,1781100000.810002,normal
11384,1781100000.811365,normal
11385,1781100000.813080,normal
11386,1781100000.814463,normal
11387,1781100000.815537,normal
11388,1781100000.817174,normal
11389,1781100000.818206,normal
11390,1781100000.820244,normal
11391,1781100000.821651,normal
11392,1781100000.822521,normal
11393,1781100000.823889,normal
11394,1781100000.825146,normal
11395,1781100000.826344,normal
11396,1781100000.827378,normal
11397,1781100000.828632,normal
11398,1781100000.830100,normal
11399,1781100000.831920,normal
11400,1781100000.833615,normal
11401,1781100000.834883,normal
11402,1781100000.835854,normal
11403,1781100000.836856,normal
11404,1781100000.838165,normal
11405,1781100000.839401,normal
11406,1781100000.840503,normal
11407,1781100000.841559,normal
11408,1781100000.842631,normal
11409,1781100000.844236,normal
11410,1781100000.845130,normal
11411,1781100000.846159,normal
11412,1781100000.847522,normal
11413,1781100000.848747,normal
11414,1781100000.850162,normal
11415,1781100000.851720,normal
11416,1781100000.852673,normal
11417,1781100000.853814,normal
11418,1781100000.855498,normal
11419,1781100000.856550,normal
11420,1781100000.857518,normal
11421,1781100000.858716,normal
11422,1781100000.859780,normal
11423,1781100000.861178,normal
11424,1781100000.862517,normal
11425,1781100000.863587,normal
11426,1781100000.864880,normal
11427,1781100000.865855,normal
11428,1781100000.867075,normal
11429,1781100000.868418,normal
11430,1781100000.869994,normal
11431,1781100000.871481,normal
11432,1781100000.872249,normal
11433,1781100000.874123,normal
11434,1781100000.875508,normal
11435,1781100000.876855,normal
11436,1781100000.878137,normal
11437,1781100000.879454,normal
11438,1781100000.880340,normal
11439,1781100000.881876,normal
11440,1781100000.882912,normal
11441,1781100000.884382,normal
11442,1781100000.885588,normal
11443,1781100000.886835,normal
11444,1781100000.887975,normal
11445,1781100000.889708,normal
11446,1781100000.890950,normal
11447,1781100000.892051,normal
11448,1781100000.893483,normal
11449,1781100000.894624,normal
11450,1781100000.896033,normal
11451,1781100000.897460,normal
11452,1781100000.899500,normal
11453,1781100000.901252,normal
11454,1781100000.902129,normal
11455,1781100000.903064,normal
11456,1781100000.904360,normal
11457,1781100000.905213,normal
11458,1781100000.906978,normal
11459,1781100000.908024,normal
11460,1781100000.909886,normal
11461,1781100000.911250,normal
11462,1781100000.912736,normal
11463,1781100000.914636,normal
11464,1781100000.915815,normal
11465,1781100000.916759,normal
11466,1781100000.918239,normal
11467,1781100000.919871,normal
11468,1781100000.921189,normal
11469,1781100000.922807,normal
11470,1781100000.924712,normal
11471,1781100000.925869,normal
11472,1781100000.927408,normal
11473,1781100000.929234,normal
11474,1781100000.930249,normal
11475,1781100000.931333,normal
11476,1781100000.932371,normal
11477,1781100000.933270,normal
11478,1781100000.934376,normal
11479,1781100000.935637,normal
11480,1781100000.936851,normal
11481,1781100000.937779,normal
11482,1781100000.939082,normal
11483,1781100000.940121,normal
11484,1781100000.941871,normal
11485,1781100000.943196,normal
11486,1781100000.944200,normal
11487,1781100000.945663,normal
11488,1781100000.947172,normal
11489,1781100000.948208,normal
11490,1781100000.950099,normal
11491,1781100000.951429,normal
11492,1781100000.953209,normal
11493,1781100000.954327,normal
11494,1781100000.955896,normal
11495,1781100000.957143,normal
11496,1781100000.958667,normal
11497,1781100000.959947,normal
11498,1781100000.961571,normal
11499,1781100000.962900,normal
11500,1781100000.964534,normal
11501,1781100000.965596,normal
11502,1781100000.966628,normal
11503,1781100000.967679,normal
11504,1781100000.969159,normal
11505,1781100000.970722,normal
11506,1781100000.972476,normal
11507,1781100000.973467,normal
11508,1781100000.974630,normal
11509,1781100000.975742,normal
11510,1781100000.977030,normal
11511,1781100000.978329,normal
11512,1781100000.979237,normal
11513,1781100000.980283,normal
11514,1781100000.981509,normal
11515,1781100000.982711,normal
11516,1781100000.983665,normal
11517,1781100000.985297,normal
11518,1781100000.986175,normal
11519,1781100000.987198,normal
11520,1781100000.988643,normal
11521,1781100000.989754,normal
11522,1781100000.990746,normal
11523,1781100000.993080,normal
11524,1781100000.994443,normal
11525,1781100000.995677,normal
11526,1781100000.997150,normal
11527,1781100000.998248,normal
11528,1781100000.999586,normal
11529,1781100001.000687,normal
11530,1781100001.001707,normal
11531,1781100001.002900,normal
11532,1781100001.004442,normal
11533,1781100001.005510,normal
11534,1781100001.006953,normal
11535,1781100001.008427,normal
11536,1781100001.009331,normal
11537,1781100001.011091,normal
11538,1781100001.012582,normal
11539,1781100001.014486,normal
11540,1781100001.015706,normal
11541,1781100001.016777,normal
11542,1781100001.018137,normal
11543,1781100001.019442,normal
11544,1781100001.020337,normal
11545,1781100001.021587,normal
11546,1781100001.022580,normal
11547,1781100001.023758,normal
11548,1781100001.024523,normal
11549,1781100001.026512,normal
11550,1781100001.027807,normal
11551,1781100001.029085,normal
11552,1781100001.030346,normal
11553,1781100001.032924,normal
11554,1781100001.033941,normal
11555,1781100001.035119,normal
11556,1781100001.036132,normal
11557,1781100001.037806,normal
11558,1781100001.038926,normal
11559,1781100001.039588,normal
11560,1781100001.040943,normal
11561,1781100001.042105,normal
11562,1781100001.043236,normal
11563,1781100001.045228,normal
11564,1781100001.047099,normal
11565,1781100001.047994,normal
11566,1781100001.049448,normal
11567,1781100001.050797,normal
11568,1781100001.052196,normal
11569,1781100001.053671,normal
11570,1781100001.055138,normal
11571,1781100001.056487,normal
11572,1781100001.057991,udp_reflection
11573,1781100001.059311,normal
11574,1781100001.060260,normal
11575,1781100001.061271,normal
11576,1781100001.062367,normal
11577,1781100001.063760,normal
11578,1781100001.064832,normal
11579,1781100001.066074,normal
11580,1781100001.066988,normal
11581,1781100001.068017,normal
11582,1781100001.070033,normal
11583,1781100001.071074,normal
11584,1781100001.072042,normal
11585,1781100001.074215,normal
11586,1781100001.075466,normal
11587,1781100001.076876,normal
11588,1781100001.078359,normal
11589,1781100001.079552,normal
11590,1781100001.080990,normal
11591,1781100001.082206,normal
11592,1781100001.084098,normal
11593,1781100001.085966,normal
11594,1781100001.087326,normal
11595,1781100001.089409,http_flood
11596,1781100001.090561,normal
11597,1781100001.091765,normal
11598,1781100001.093377,normal
11599,1781100001.094337,normal
11600,1781100001.095262,normal
11601,1781100001.096377,normal
11602,1781100001.097407,normal
11603,1781100001.098619,normal
11604,1781100001.100097,normal
11605,1781100001.101152,normal
11606,1781100001.102423,normal
11607,1781100001.103857,normal
11608,1781100001.105186,normal
11609,1781100001.106480,normal
11610,1781100001.107576,normal
11611,1781100001.109259,normal
11612,1781100001.110421,normal
11613,1781100001.111736,http_flood
11614,1781100001.113363,normal
11615,1781100001.114755,normal
11616,1781100001.115730,normal
11617,1781100001.116641,normal
11618,1781100001.117479,normal
11619,1781100001.118461,normal
11620,1781100001.120025,normal
11621,1781100001.120886,normal
11622,1781100001.121995,syn_flood
11623,1781100001.123053,normal
11624,1781100001.124179,normal
