packet_index,timestamp,label
0,1781099976.165674,syn_flood
1,1781099976.168646,normal
2,1781099976.171871,syn_flood
3,1781099976.175343,normal
4,1781099976.178827,normal
5,1781099976.183129,normal
6,1781099976.187225,normal
7,1781099976.189875,normal
8,1781099976.191570,normal
9,1781099976.194742,normal
10,1781099976.199711,normal
11,1781099976.204184,normal
12,1781099976.208649,normal
13,1781099976.211370,normal
14,1781099976.214455,syn_flood
15,1781099976.217029,normal
16,1781099976.219683,normal
17,1781099976.222709,normal
18,1781099976.225914,syn_flood
19,1781099976.228641,normal
20,1781099976.232132,normal
21,1781099976.235635,normal
22,1781099976.240770,normal
23,1781099976.243138,normal
24,1781099976.246332,normal
25,1781099976.250052,normal
26,1781099976.253329,normal
27,1781099976.256477,normal
28,1781099976.259540,normal
29,1781099976.262908,normal
30,1781099976.265291,normal
31,1781099976.268348,normal
32,1781099976.270899,normal
33,1781099976.274132,normal
34,1781099976.277319,normal
35,1781099976.281422,normal
36,1781099976.284828,normal
37,1781099976.288346,normal
38,1781099976.291127,normal
39,1781099976.294567,syn_flood
40,1781099976.297935,normal
41,1781099976.301525,normal
42,1781099976.305156,normal
43,1781099976.307932,normal
44,1781099976.310677,normal
45,1781099976.315652,normal
46,1781099976.318857,normal
47,1781099976.321873,normal
48,1781099976.325477,normal
49,1781099976.327139,normal
50,1781099976.331186,normal
51,1781099976.335279,normal
52,1781099976.337645,normal
53,1781099976.340192,syn_flood
54,1781099976.344824,normal
55,1781099976.348669,normal
56,1781099976.351358,normal
57,1781099976.353417,normal
58,1781099976.355521,normal
59,1781099976.358027,syn_flood
60,1781099976.361702,normal
61,1781099976.363938,normal
62,1781099976.367069,normal
63,1781099976.370248,normal
64,1781099976.372989,normal
65,1781099976.376990,normal
66,1781099976.380287,normal
67,1781099976.383994,normal
68,1781099976.387540,normal
69,1781099976.390558,normal
70,1781099976.392957,normal
71,1781099976.395554,normal
72,1781099976.397690,normal
73,1781099976.400219,normal
74,1781099976.402923,normal
75,1781099976.406438,normal
76,1781099976.409279,normal
77,1781099976.412067,normal
78,1781099976.413925,normal
79,1781099976.417583,normal
80,1781099976.421081,syn_flood
81,1781099976.424452,normal
82,1781099976.426847,normal
83,1781099976.429530,normal
84,1781099976.432726,normal
85,1781099976.434914,normal
86,1781099976.437768,syn_flood
87,1781099976.440738,normal
88,1781099976.443292,normal
89,1781099976.445827,normal
90,1781099976.449049,normal
91,1781099976.452121,normal
92,1781099976.455455,normal
93,1781099976.458889,syn_flood
94,1781099976.461481,normal
95,1781099976.463979,normal
96,1781099976.467219,normal
97,1781099976.470052,syn_flood
98,1781099976.472795,normal
99,1781099976.475858,normal
100,1781099976.479502,normal
101,1781099976.483748,normal
102,1781099976.487011,normal
103,1781099976.491040,normal
104,1781099976.493637,normal
105,1781099976.496627,normal
106,1781099976.499482,normal
107,1781099976.502708,normal
108,1781099976.506460,normal
109,1781099976.509834,normal
110,1781099976.512464,normal
111,1781099976.515597,syn_flood
112,1781099976.517898,normal
113,1781099976.520088,normal
114,1781099976.523141,normal
115,1781099976.525539,normal
116,1781099976.527754,normal
117,1781099976.530458,syn_flood
118,1781099976.532793,normal
119,1781099976.535276,normal
120,1781099976.537662,normal
121,1781099976.540452,normal
122,1781099976.543639,normal
123,1781099976.547253,normal
124,1781099976.550967,normal
125,1781099976.552778,normal
126,1781099976.555109,normal
127,1781099976.558819,syn_flood
128,1781099976.561666,normal
129,1781099976.564266,normal
130,1781099976.567246,normal
131,1781099976.570729,normal
132,1781099976.573359,normal
133,1781099976.576709,normal
134,1781099976.580388,normal
135,1781099976.582574,normal
136,1781099976.586366,normal
137,1781099976.588959,syn_flood
138,1781099976.593035,syn_flood
139,1781099976.596754,normal
140,1781099976.601945,normal
141,1781099976.605000,normal
142,1781099976.609727,normal
143,1781099976.613652,normal
144,1781099976.616642,normal
145,1781099976.618741,normal
146,1781099976.621444,normal
147,1781099976.624628,syn_flood
148,1781099976.627738,syn_flood
149,1781099976.629992,normal
150,1781099976.632495,normal
151,1781099976.634972,normal
152,1781099976.637210,normal
153,1781099976.640758,normal
154,1781099976.643350,normal
155,1781099976.646826,normal
156,1781099976.649930,normal
157,1781099976.652661,normal
158,1781099976.654799,normal
159,1781099976.657967,normal
160,1781099976.660891,syn_flood
161,1781099976.665444,syn_flood
162,1781099976.668822,normal
163,1781099976.672021,syn_flood
164,1781099976.674636,normal
165,1781099976.677829,normal
166,1781099976.681338,normal
167,1781099976.683565,normal
168,1781099976.686466,normal
169,1781099976.689438,normal
170,1781099976.691336,normal
171,1781099976.693794,normal
172,1781099976.696944,normal
173,1781099976.699125,normal
174,1781099976.701350,normal
175,1781099976.704339,syn_flood
176,1781099976.706864,normal
177,1781099976.709488,normal
178,1781099976.713656,normal
179,1781099976.715638,normal
180,1781099976.718465,normal
181,1781099976.721377,normal
182,1781099976.723023,normal
183,1781099976.726310,normal
184,1781099976.728795,normal
185,1781099976.732679,normal
186,1781099976.735999,normal
187,1781099976.737830,normal
188,1781099976.740377,normal
189,1781099976.742825,normal
190,1781099976.746144,normal
191,1781099976.750457,normal
192,1781099976.752491,syn_flood
193,1781099976.754972,normal
194,1781099976.757746,normal
195,1781099976.759851,normal
196,1781099976.762550,normal
197,1781099976.766642,syn_flood
198,1781099976.769925,normal
199,1781099976.772362,syn_flood
200,1781099976.776630,normal
201,1781099976.778300,syn_flood
202,1781099976.780962,normal
203,1781099976.784822,normal
204,1781099976.787081,normal
205,1781099976.789956,normal
206,1781099976.792906,normal
207,1781099976.794971,syn_flood
208,1781099976.798455,syn_flood
209,1781099976.801055,normal
210,1781099976.803482,syn_flood
211,1781099976.808261,normal
212,1781099976.810690,normal
213,1781099976.812957,syn_flood
214,1781099976.815837,normal
215,1781099976.819261,normal
216,1781099976.821174,normal
217,1781099976.823633,normal
218,1781099976.825631,syn_flood
219,1781099976.828636,syn_flood
220,1781099976.831106,syn_flood
221,1781099976.834368,normal
222,1781099976.837424,normal
223,1781099976.840429,normal
224,1781099976.842492,normal
225,1781099976.845369,syn_flood
226,1781099976.848584,normal
227,1781099976.851088,normal
228,1781099976.854433,normal
229,1781099976.858105,normal
230,1781099976.861380,normal
231,1781099976.864239,syn_flood
232,1781099976.867472,syn_flood
233,1781099976.870091,normal
234,1781099976.872634,normal
235,1781099976.874540,normal
236,1781099976.877430,syn_flood
237,1781099976.880972,normal
238,1781099976.883276,normal
239,1781099976.886205,normal
240,1781099976.888664,normal
241,1781099976.890919,normal
242,1781099976.893392,syn_flood
243,1781099976.896703,syn_flood
244,1781099976.898697,normal
245,1781099976.901960,normal
246,1781099976.904622,normal
247,1781099976.907975,syn_flood
248,1781099976.909710,normal
249,1781099976.912657,normal
250,1781099976.915777,normal
251,1781099976.918823,normal
252,1781099976.922775,normal
253,1781099976.925972,syn_flood
254,1781099976.928544,syn_flood
255,1781099976.931226,normal
256,1781099976.934502,normal
257,1781099976.937220,normal
258,1781099976.939830,normal
259,1781099976.942590,syn_flood
260,1781099976.944667,normal
261,1781099976.946530,normal
262,1781099976.949570,syn_flood
263,1781099976.952393,normal
264,1781099976.954441,normal
265,1781099976.956780,normal
266,1781099976.958588,normal
267,1781099976.962286,normal
268,1781099976.965821,normal
269,1781099976.969006,syn_flood
270,1781099976.971883,syn_flood
271,1781099976.974785,syn_flood
272,1781099976.977002,normal
273,1781099976.979336,normal
274,1781099976.981143,normal
275,1781099976.984004,normal
276,1781099976.987496,normal
277,1781099976.989717,normal
278,1781099976.992242,normal
279,1781099976.995393,normal
280,1781099976.998226,syn_flood
281,1781099977.000072,normal
282,1781099977.003214,normal
283,1781099977.005599,syn_flood
284,1781099977.008428,normal
285,1781099977.010964,normal
286,1781099977.014134,normal
287,1781099977.017055,normal
288,1781099977.020292,normal
289,1781099977.022162,syn_flood
290,1781099977.024171,normal
291,1781099977.027132,normal
292,1781099977.029755,normal
293,1781099977.032868,normal
294,1781099977.036122,normal
295,1781099977.038111,syn_flood
296,1781099977.041760,normal
297,1781099977.045235,normal
298,1781099977.047328,normal
299,1781099977.050036,normal
300,1781099977.052058,normal
301,1781099977.055329,normal
302,1781099977.057834,normal
303,1781099977.060529,syn_flood
304,1781099977.063250,normal
305,1781099977.065147,normal
306,1781099977.067939,syn_flood
307,1781099977.071127,normal
308,1781099977.073671,normal
309,1781099977.076645,normal
310,1781099977.078677,normal
311,1781099977.081659,normal
312,1781099977.084402,normal
313,1781099977.087058,syn_flood
314,1781099977.090317,normal
315,1781099977.093835,syn_flood
316,1781099977.096689,normal
317,1781099977.099153,normal
318,1781099977.101387,normal
319,1781099977.103678,normal
320,1781099977.106642,syn_flood
321,1781099977.109661,normal
322,1781099977.112171,syn_flood
323,1781099977.114766,normal
324,1781099977.118015,normal
325,1781099977.120273,normal
326,1781099977.122098,normal
327,1781099977.124037,normal
328,1781099977.126615,normal
329,1781099977.128525,normal
330,1781099977.130591,normal
331,1781099977.132812,normal
332,1781099977.135002,normal
333,1781099977.137197,normal
334,1781099977.139284,normal
335,1781099977.141582,normal
336,1781099977.144478,normal
337,1781099977.147135,syn_flood
338,1781099977.148844,normal
339,1781099977.151664,normal
340,1781099977.154328,normal
341,1781099977.158068,syn_flood
342,1781099977.160409,normal
343,1781099977.162775,syn_flood
344,1781099977.165594,syn_flood
345,1781099977.167137,normal
346,1781099977.169634,normal
347,1781099977.173472,normal
348,1781099977.176067,syn_flood
349,1781099977.178032,normal
350,1781099977.181206,normal
351,1781099977.183336,normal
352,1781099977.186100,syn_flood
353,1781099977.188331,normal
354,1781099977.191425,normal
355,1781099977.192986,normal
356,1781099977.195674,normal
357,1781099977.198274,normal
358,1781099977.200951,normal
359,1781099977.203302,syn_flood
360,1781099977.206075,normal
361,1781099977.208560,normal
362,1781099977.210266,normal
363,1781099977.212366,syn_flood
364,1781099977.214092,syn_flood
365,1781099977.216799,normal
366,1781099977.219488,normal
367,1781099977.222100,normal
368,1781099977.224359,normal
369,1781099977.227485,normal
370,1781099977.230455,normal
371,1781099977.232911,normal
372,1781099977.234563,normal
373,1781099977.237493,normal
374,1781099977.240390,normal
375,1781099977.243488,normal
376,1781099977.245227,normal
377,1781099977.246979,normal
378,1781099977.248165,normal
379,1781099977.249989,syn_flood
380,1781099977.252916,normal
381,1781099977.257033,normal
382,1781099977.259038,normal
383,1781099977.261125,normal
384,1781099977.263272,normal
385,1781099977.265740,normal
386,1781099977.270326,normal
387,1781099977.272702,normal
388,1781099977.275472,normal
389,1781099977.278189,normal
390,1781099977.280269,normal
391,1781099977.283458,normal
392,1781099977.285893,normal
393,1781099977.287947,normal
394,1781099977.290198,normal
395,1781099977.292687,normal
396,1781099977.294966,normal
397,1781099977.297451,normal
398,1781099977.299739,normal
399,1781099977.302395,normal
400,1781099977.305196,normal
401,1781099977.307607,normal
402,1781099977.310330,normal
403,1781099977.313586,normal
404,1781099977.315523,normal
405,1781099977.318776,syn_flood
406,1781099977.321115,normal
407,1781099977.323694,syn_flood
408,1781099977.326668,normal
409,1781099977.329317,normal
410,1781099977.332249,normal
411,1781099977.334786,syn_flood
412,1781099977.337386,normal
413,1781099977.340736,syn_flood
414,1781099977.342798,normal
415,1781099977.345749,normal
416,1781099977.347903,normal
417,1781099977.350466,normal
418,1781099977.353072,normal
419,1781099977.355026,normal
420,1781099977.356958,normal
421,1781099977.359185,normal
422,1781099977.361660,syn_flood
423,1781099977.363522,normal
424,1781099977.366344,normal
425,1781099977.370667,syn_flood
426,1781099977.373229,normal
427,1781099977.377065,normal
428,1781099977.379236,normal
429,1781099977.381246,normal
430,1781099977.383908,normal
431,1781099977.387694,normal
432,1781099977.390183,syn_flood
433,1781099977.393396,normal
434,1781099977.395966,normal
435,1781099977.398560,syn_flood
436,1781099977.401525,normal
437,1781099977.403469,syn_flood
438,1781099977.406016,normal
439,1781099977.407836,normal
440,1781099977.411405,syn_flood
441,1781099977.413808,normal
442,1781099977.416469,normal
443,1781099977.419066,normal
444,1781099977.421667,normal
445,1781099977.423846,normal
446,1781099977.425767,syn_flood
447,1781099977.428123,normal
448,1781099977.430532,syn_flood
449,1781099977.432441,normal
450,1781099977.434261,normal
451,1781099977.436237,normal
452,1781099977.438265,syn_flood
453,1781099977.440900,normal
454,1781099977.443270,normal
455,1781099977.446691,normal
456,1781099977.448984,normal
457,1781099977.451507,normal
458,1781099977.455574,normal
459,1781099977.457836,normal
460,1781099977.460048,normal
461,1781099977.462991,normal
462,1781099977.465822,normal
463,1781099977.467952,normal
464,1781099977.470414,normal
465,1781099977.473408,normal
466,1781099977.476792,normal
467,1781099977.479025,normal
468,1781099977.481354,normal
469,1781099977.484588,normal
470,1781099977.486593,syn_flood
471,1781099977.489649,normal
472,1781099977.491760,normal
473,1781099977.494940,normal
474,1781099977.497596,normal
475,1781099977.500594,syn_flood
476,1781099977.503853,syn_flood
477,1781099977.506449,syn_flood
478,1781099977.508584,normal
479,1781099977.510979,normal
480,1781099977.513164,normal
481,1781099977.516051,syn_flood
482,1781099977.518111,normal
483,1781099977.521888,normal
484,1781099977.524186,normal
485,1781099977.526994,syn_flood
486,1781099977.529965,normal
487,1781099977.531800,normal
488,1781099977.534627,normal
489,1781099977.537469,syn_flood
490,1781099977.540640,normal
491,1781099977.543722,normal
492,1781099977.547155,syn_flood
493,1781099977.549557,normal
494,1781099977.552941,normal
495,1781099977.555776,normal
496,1781099977.558172,syn_flood
497,1781099977.561102,syn_flood
498,1781099977.563290,normal
499,1781099977.565333,syn_flood
500,1781099977.567413,normal
501,1781099977.570752,syn_flood
502,1781099977.573490,normal
503,1781099977.575699,normal
504,1781099977.577791,normal
505,1781099977.579803,normal
506,1781099977.583611,normal
507,1781099977.586071,normal
508,1781099977.588234,normal
509,1781099977.590320,normal
510,1781099977.591858,normal
511,1781099977.593423,normal
512,1781099977.595355,syn_flood
513,1781099977.596983,normal
514,1781099977.599004,syn_flood
515,1781099977.601164,normal
516,1781099977.604093,syn_flood
517,1781099977.606511,syn_flood
518,1781099977.609452,syn_flood
519,1781099977.611379,syn_flood
520,1781099977.614164,normal
521,1781099977.616361,normal
522,1781099977.618223,normal
523,1781099977.622368,normal
524,1781099977.624763,normal
525,1781099977.626980,normal
526,1781099977.629004,syn_flood
527,1781099977.632259,syn_flood
528,1781099977.634243,syn_flood
529,1781099977.637063,normal
530,1781099977.639339,normal
531,1781099977.641344,normal
532,1781099977.643552,normal
533,1781099977.645763,normal
534,1781099977.647780,syn_flood
535,1781099977.650828,normal
536,1781099977.652886,syn_flood
537,1781099977.655697,normal
538,1781099977.659019,normal
539,1781099977.661770,normal
540,1781099977.664531,syn_flood
541,1781099977.667123,syn_flood
542,1781099977.669315,normal
543,1781099977.671319,normal
544,1781099977.674825,normal
545,1781099977.676234,normal
546,1781099977.677491,normal
547,1781099977.680618,normal
548,1781099977.682816,normal
549,1781099977.684456,syn_flood
550,1781099977.686581,normal
551,1781099977.689520,normal
552,1781099977.692568,normal
553,1781099977.694439,normal
554,1781099977.697373,syn_flood
555,1781099977.699440,normal
556,1781099977.701447,normal
557,1781099977.704329,syn_flood
558,1781099977.707057,normal
559,1781099977.708426,normal
560,1781099977.710309,normal
561,1781099977.712264,normal
562,1781099977.715351,normal
563,1781099977.718102,normal
564,1781099977.720084,syn_flood
565,1781099977.722331,normal
566,1781099977.724984,normal
567,1781099977.727442,syn_flood
568,1781099977.729698,normal
569,1781099977.733848,normal
570,1781099977.736782,normal
571,1781099977.738855,normal
572,1781099977.741662,syn_flood
573,1781099977.744043,normal
574,1781099977.746493,normal
575,1781099977.748410,normal
576,1781099977.750829,normal
577,1781099977.752515,normal
578,1781099977.754871,normal
579,1781099977.756572,normal
580,1781099977.758688,syn_flood
581,1781099977.760514,syn_flood
582,1781099977.762190,normal
583,1781099977.765120,normal
584,1781099977.767828,normal
585,1781099977.770902,syn_flood
586,1781099977.772996,normal
587,1781099977.775415,syn_flood
588,1781099977.777893,normal
589,1781099977.780091,syn_flood
590,1781099977.782232,normal
591,1781099977.784377,syn_flood
592,1781099977.786387,syn_flood
593,1781099977.790032,syn_flood
594,1781099977.792581,syn_flood
595,1781099977.795004,normal
596,1781099977.797103,normal
597,1781099977.799437,normal
598,1781099977.802468,normal
599,1781099977.804501,normal
600,1781099977.807426,normal
601,1781099977.810139,normal
602,1781099977.812891,syn_flood
603,1781099977.815041,normal
604,1781099977.818201,normal
605,1781099977.820071,normal
606,1781099977.822035,syn_flood
607,1781099977.824972,normal
608,1781099977.826875,normal
609,1781099977.829550,syn_flood
610,1781099977.831529,syn_flood
611,1781099977.833260,normal
612,1781099977.835151,normal
613,1781099977.837740,normal
614,1781099977.839593,syn_flood
615,1781099977.841441,syn_flood
616,1781099977.844116,normal
617,1781099977.845693,normal
618,1781099977.848657,normal
619,1781099977.850728,normal
620,1781099977.852651,syn_flood
621,1781099977.855022,normal
622,1781099977.856836,normal
623,1781099977.858428,normal
624,1781099977.861114,normal
625,1781099977.863064,normal
626,1781099977.865652,normal
627,1781099977.867651,normal
628,1781099977.869645,normal
629,1781099977.871377,normal
630,1781099977.873171,normal
631,1781099977.876300,normal
632,1781099977.880370,normal
633,1781099977.882324,syn_flood
634,1781099977.883913,syn_flood
635,1781099977.885410,normal
636,1781099977.887877,syn_flood
637,1781099977.890204,syn_flood
638,1781099977.893035,normal
639,1781099977.895556,normal
640,1781099977.898520,normal
641,1781099977.900486,normal
642,1781099977.902717,syn_flood
643,1781099977.904644,normal
644,1781099977.906532,syn_flood
645,1781099977.907804,normal
646,1781099977.910915,normal
647,1781099977.913453,normal
648,1781099977.915335,normal
649,1781099977.916880,normal
650,1781099977.918642,normal
651,1781099977.920282,normal
652,1781099977.922403,normal
653,1781099977.924862,normal
654,1781099977.927255,normal
655,1781099977.929672,syn_flood
656,1781099977.932526,syn_flood
657,1781099977.935340,syn_flood
658,1781099977.938438,normal
659,1781099977.940829,syn_flood
660,1781099977.942805,normal
661,1781099977.944999,normal
662,1781099977.947202,normal
663,1781099977.949664,normal
664,1781099977.951773,normal
665,1781099977.953642,normal
666,1781099977.955991,normal
667,1781099977.958154,normal
668,1781099977.961412,syn_flood
669,1781099977.963213,normal
670,1781099977.966888,normal
671,1781099977.968771,normal
672,1781099977.971211,normal
673,1781099977.973101,normal
674,1781099977.975351,normal
675,1781099977.977337,normal
676,1781099977.978799,normal
677,1781099977.980744,normal
678,1781099977.983899,syn_flood
679,1781099977.986198,normal
680,1781099977.989084,normal
681,1781099977.991042,normal
682,1781099977.992287,normal
683,1781099977.993590,normal
684,1781099977.996220,normal
685,1781099977.998215,normal
686,1781099977.999933,syn_flood
687,1781099978.002469,normal
688,1781099978.004996,normal
689,1781099978.007735,normal
690,1781099978.009442,syn_flood
691,1781099978.012153,normal
692,1781099978.013658,syn_flood
693,1781099978.015771,normal
694,1781099978.017752,syn_flood
695,1781099978.020061,normal
696,1781099978.022075,normal
697,1781099978.024635,normal
698,1781099978.026590,normal
699,1781099978.028832,normal
700,1781099978.031357,syn_flood
701,1781099978.034364,normal
702,1781099978.035613,normal
703,1781099978.037122,syn_flood
704,1781099978.039094,normal
705,1781099978.041112,normal
706,1781099978.042801,normal
707,1781099978.045018,normal
708,1781099978.047015,normal
709,1781099978.048929,syn_flood
710,1781099978.050868,syn_flood
711,1781099978.052815,normal
712,1781099978.054376,syn_flood
713,1781099978.056586,normal
714,1781099978.059458,normal
715,1781099978.061052,normal
716,1781099978.063218,normal
717,1781099978.065897,normal
718,1781099978.068187,normal
719,1781099978.071391,normal
720,1781099978.073936,syn_flood
721,1781099978.075855,normal
722,1781099978.078312,normal
723,1781099978.079983,normal
724,1781099978.081991,normal
725,1781099978.084532,normal
726,1781099978.086357,normal
727,1781099978.088956,normal
728,1781099978.090585,normal
729,1781099978.092830,syn_flood
730,1781099978.094436,normal
731,1781099978.096503,normal
732,1781099978.098378,normal
733,1781099978.100406,syn_flood
734,1781099978.102215,syn_flood
735,1781099978.105088,normal
736,1781099978.107198,syn_flood
737,1781099978.109164,normal
738,1781099978.111175,syn_flood
739,1781099978.114075,normal
740,1781099978.115593,normal
741,1781099978.118160,normal
742,1781099978.120903,normal
743,1781099978.122502,syn_flood
744,1781099978.124333,normal
745,1781099978.126765,normal
746,1781099978.129389,normal
747,1781099978.131013,syn_flood
748,1781099978.132860,syn_flood
749,1781099978.135541,normal
750,1781099978.137182,syn_flood
751,1781099978.138861,normal
752,1781099978.141201,normal
753,1781099978.142841,syn_flood
754,1781099978.144448,normal
755,1781099978.146520,normal
756,1781099978.148654,normal
757,1781099978.151096,normal
758,1781099978.153912,normal
759,1781099978.155416,normal
760,1781099978.157883,normal
761,1781099978.160715,normal
762,1781099978.161760,normal
763,1781099978.164305,normal
764,1781099978.166111,syn_flood
765,1781099978.168612,normal
766,1781099978.170185,normal
767,1781099978.172079,normal
768,1781099978.174233,syn_flood
769,1781099978.176663,normal
770,1781099978.178860,normal
771,1781099978.180898,normal
772,1781099978.183631,syn_flood
773,1781099978.185484,normal
774,1781099978.187512,syn_flood
775,1781099978.189466,normal
776,1781099978.191837,syn_flood
777,1781099978.193569,normal
778,1781099978.195914,normal
779,1781099978.197752,normal
780,1781099978.199341,normal
781,1781099978.201424,normal
782,1781099978.203101,syn_flood
783,1781099978.205797,normal
784,1781099978.207414,syn_flood
785,1781099978.209924,syn_flood
786,1781099978.212156,normal
787,1781099978.214391,normal
788,1781099978.216999,normal
789,1781099978.218557,normal
790,1781099978.220553,normal
791,1781099978.223409,normal
792,1781099978.225208,normal
793,1781099978.227468,normal
794,1781099978.229348,normal
795,1781099978.231942,syn_flood
796,1781099978.233858,normal
797,1781099978.235698,normal
798,1781099978.238266,normal
799,1781099978.240602,normal
800,1781099978.241781,normal
801,1781099978.243825,normal
802,1781099978.245905,syn_flood
803,1781099978.248349,normal
804,1781099978.250048,normal
805,1781099978.252942,syn_flood
806,1781099978.255281,normal
807,1781099978.258627,normal
808,1781099978.260593,normal
809,1781099978.263055,normal
810,1781099978.265656,normal
811,1781099978.268173,normal
812,1781099978.269774,normal
813,1781099978.272222,normal
814,1781099978.274620,normal
815,1781099978.276098,normal
816,1781099978.278975,normal
817,1781099978.280870,syn_flood
818,1781099978.283943,normal
819,1781099978.285915,syn_flood
820,1781099978.287543,normal
821,1781099978.289368,syn_flood
822,1781099978.291328,normal
823,1781099978.293403,normal
824,1781099978.295185,normal
825,1781099978.297237,syn_flood
826,1781099978.298949,syn_flood
827,1781099978.301290,normal
828,1781099978.302891,normal
829,1781099978.304981,normal
830,1781099978.306909,syn_flood
831,1781099978.309007,normal
832,1781099978.311026,normal
833,1781099978.312596,syn_flood
834,1781099978.314454,syn_flood
835,1781099978.317401,normal
836,1781099978.319660,normal
837,1781099978.321999,syn_flood
838,1781099978.323741,normal
839,1781099978.326185,normal
840,1781099978.328685,normal
841,1781099978.331167,normal
842,1781099978.333390,normal
843,1781099978.334860,syn_flood
844,1781099978.336331,normal
845,1781099978.337938,normal
846,1781099978.340858,normal
847,1781099978.342789,normal
848,1781099978.345011,normal
849,1781099978.347124,syn_flood
850,1781099978.348482,normal
851,1781099978.350089,normal
852,1781099978.352095,normal
853,1781099978.354531,syn_flood
854,1781099978.357283,syn_flood
855,1781099978.358633,normal
856,1781099978.360139,normal
857,1781099978.362034,normal
858,1781099978.364013,syn_flood
859,1781099978.366624,normal
860,1781099978.369120,syn_flood
861,1781099978.371142,normal
862,1781099978.373397,syn_flood
863,1781099978.374884,normal
864,1781099978.376832,normal
865,1781099978.379613,syn_flood
866,1781099978.381304,normal
867,1781099978.382897,normal
868,1781099978.384283,syn_flood
869,1781099978.386350,syn_flood
870,1781099978.388582,normal
871,1781099978.390223,syn_flood
872,1781099978.392375,normal
873,1781099978.394245,syn_flood
874,1781099978.395672,syn_flood
875,1781099978.397608,normal
876,1781099978.400287,normal
877,1781099978.402078,normal
878,1781099978.404197,normal
879,1781099978.406499,syn_flood
880,1781099978.408548,normal
881,1781099978.410821,normal
882,1781099978.412934,normal
883,1781099978.415677,syn_flood
884,1781099978.418012,normal
885,1781099978.420308,normal
886,1781099978.422958,normal
887,1781099978.424679,syn_flood
888,1781099978.427420,normal
889,1781099978.429242,normal
890,1781099978.431090,syn_flood
891,1781099978.433321,normal
892,1781099978.435431,syn_flood
893,1781099978.438159,syn_flood
894,1781099978.439439,syn_flood
895,1781099978.441000,syn_flood
896,1781099978.442633,syn_flood
897,1781099978.445960,normal
898,1781099978.448931,syn_flood
899,1781099978.450991,syn_flood
900,1781099978.452416,normal
901,1781099978.455402,normal
902,1781099978.457376,normal
903,1781099978.459211,normal
904,1781099978.460921,normal
905,1781099978.462914,normal
906,1781099978.466602,normal
907,1781099978.469382,normal
908,1781099978.471407,syn_flood
909,1781099978.473548,normal
910,1781099978.475733,normal
911,1781099978.477831,normal
912,1781099978.479976,normal
913,1781099978.481121,syn_flood
914,1781099978.483234,normal
915,1781099978.485860,normal
916,1781099978.487893,normal
917,1781099978.489722,syn_flood
918,1781099978.491747,normal
919,1781099978.493875,syn_flood
920,1781099978.495663,normal
921,1781099978.497819,syn_flood
922,1781099978.500199,syn_flood
923,1781099978.502715,normal
924,1781099978.504055,syn_flood
925,1781099978.505294,normal
926,1781099978.507746,normal
927,1781099978.509962,normal
928,1781099978.512470,normal
929,1781099978.514325,normal
930,1781099978.516344,syn_flood
931,1781099978.518097,normal
932,1781099978.520006,normal
933,1781099978.522112,normal
934,1781099978.523871,normal
935,1781099978.526144,normal
936,1781099978.529114,normal
937,1781099978.531229,normal
938,1781099978.532922,normal
939,1781099978.534301,syn_flood
940,1781099978.536926,normal
941,1781099978.538911,normal
942,1781099978.541214,normal
943,1781099978.544363,normal
944,1781099978.546824,normal
945,1781099978.549415,syn_flood
946,1781099978.551446,normal
947,1781099978.553042,normal
948,1781099978.554641,normal
949,1781099978.556412,syn_flood
950,1781099978.558504,normal
951,1781099978.560079,normal
952,1781099978.562284,syn_flood
953,1781099978.565149,normal
954,1781099978.568063,normal
955,1781099978.570863,normal
956,1781099978.572948,normal
957,1781099978.575504,syn_flood
958,1781099978.577374,normal
959,1781099978.579768,normal
960,1781099978.581311,normal
961,1781099978.583957,normal
962,1781099978.585432,normal
963,1781099978.588071,syn_flood
964,1781099978.589510,normal
965,1781099978.591328,syn_flood
966,1781099978.593307,syn_flood
967,1781099978.595018,normal
968,1781099978.596975,normal
969,1781099978.598420,syn_flood
970,1781099978.600374,normal
971,1781099978.602512,normal
972,1781099978.604311,normal
973,1781099978.606278,normal
974,1781099978.607968,normal
975,1781099978.610303,normal
976,1781099978.611820,normal
977,1781099978.613459,normal
978,1781099978.615077,normal
979,1781099978.616742,normal
980,1781099978.618319,syn_flood
981,1781099978.621229,normal
982,1781099978.623273,normal
983,1781099978.624527,normal
984,1781099978.625767,syn_flood
985,1781099978.627700,syn_flood
986,1781099978.630440,normal
987,1781099978.632908,normal
988,1781099978.634599,normal
989,1781099978.636545,normal
990,1781099978.638366,normal
991,1781099978.639977,normal
992,1781099978.642135,normal
993,1781099978.644186,normal
994,1781099978.645848,normal
995,1781099978.647725,normal
996,1781099978.650356,normal
997,1781099978.651406,syn_flood
998,1781099978.653215,normal
999,1781099978.654752,syn_flood
1000,1781099978.657529,syn_flood
1001,1781099978.659179,normal
1002,1781099978.660573,syn_flood
1003,1781099978.661767,normal
1004,1781099978.663924,syn_flood
1005,1781099978.667249,normal
1006,1781099978.670023,normal
1007,1781099978.672287,normal
1008,1781099978.674091,syn_flood
1009,1781099978.675672,syn_flood
1010,1781099978.677494,normal
1011,1781099978.680138,normal
1012,1781099978.681963,normal
1013,1781099978.684052,normal
1014,1781099978.685822,normal
1015,1781099978.687144,normal
1016,1781099978.689016,syn_flood
1017,1781099978.691313,normal
1018,1781099978.694081,normal
1019,1781099978.696416,normal
1020,1781099978.698291,normal
1021,1781099978.699883,normal
1022,1781099978.702499,normal
1023,1781099978.704096,normal
1024,1781099978.705940,normal
1025,1781099978.708292,syn_flood
1026,1781099978.710356,syn_flood
1027,1781099978.712577,syn_flood
1028,1781099978.714733,syn_flood
1029,1781099978.716936,syn_flood
1030,1781099978.718594,syn_flood
1031,1781099978.720437,normal
1032,1781099978.723199,normal
1033,1781099978.725519,syn_flood
1034,1781099978.727091,syn_flood
1035,1781099978.729318,normal
1036,1781099978.730473,normal
1037,1781099978.731935,normal
1038,1781099978.733790,syn_flood
1039,1781099978.735354,normal
1040,1781099978.737402,syn_flood
1041,1781099978.740309,syn_flood
1042,1781099978.742096,syn_flood
1043,1781099978.743696,syn_flood
1044,1781099978.745740,normal
1045,1781099978.747307,normal
1046,1781099978.749995,normal
1047,1781099978.751762,normal
1048,1781099978.753432,normal
1049,1781099978.755714,syn_flood
1050,1781099978.756860,normal
1051,1781099978.759313,syn_flood
1052,1781099978.760772,normal
1053,1781099978.762926,normal
1054,1781099978.765217,normal
1055,1781099978.767782,syn_flood
1056,1781099978.770269,normal
1057,1781099978.772362,normal
1058,1781099978.774020,normal
1059,1781099978.776215,normal
1060,1781099978.777514,normal
1061,1781099978.780106,normal
1062,1781099978.781778,syn_flood
1063,1781099978.783768,normal
1064,1781099978.785419,normal
1065,1781099978.787280,normal
1066,1781099978.789193,normal
1067,1781099978.791175,syn_flood
1068,1781099978.792763,normal
1069,1781099978.794139,normal
1070,1781099978.795818,normal
1071,1781099978.798083,syn_flood
1072,1781099978.799869,normal
1073,1781099978.802327,syn_flood
1074,1781099978.805445,syn_flood
1075,1781099978.807896,normal
1076,1781099978.809748,normal
1077,1781099978.811465,normal
1078,1781099978.813041,normal
1079,1781099978.815107,normal
1080,1781099978.816382,syn_flood
1081,1781099978.817648,syn_flood
1082,1781099978.819199,normal
1083,1781099978.820992,normal
1084,1781099978.822443,syn_flood
1085,1781099978.824545,normal
1086,1781099978.826155,syn_flood
1087,1781099978.827835,normal
1088,1781099978.830573,syn_flood
1089,1781099978.832621,normal
1090,1781099978.834702,normal
1091,1781099978.836184,normal
1092,1781099978.837813,syn_flood
1093,1781099978.839882,normal
1094,1781099978.841803,syn_flood
1095,1781099978.843560,normal
1096,1781099978.846082,normal
1097,1781099978.847642,normal
1098,1781099978.849011,normal
1099,1781099978.851764,normal
1100,1781099978.854055,normal
1101,1781099978.855623,normal
1102,1781099978.857650,normal
1103,1781099978.859847,normal
1104,1781099978.861428,normal
1105,1781099978.863181,syn_flood
1106,1781099978.864772,syn_flood
1107,1781099978.867382,normal
1108,1781099978.869423,syn_flood
1109,1781099978.870788,syn_flood
1110,1781099978.872918,syn_flood
1111,1781099978.874864,syn_flood
1112,1781099978.876944,syn_flood
1113,1781099978.878531,normal
1114,1781099978.880346,normal
1115,1781099978.882109,normal
1116,1781099978.884411,syn_flood
1117,1781099978.886666,normal
1118,1781099978.888381,normal
1119,1781099978.889410,syn_flood
1120,1781099978.891077,normal
1121,1781099978.892480,normal
1122,1781099978.894286,syn_flood
1123,1781099978.895763,normal
1124,1781099978.898381,normal
1125,1781099978.900233,syn_flood
1126,1781099978.901502,normal
1127,1781099978.902883,normal
1128,1781099978.904582,syn_flood
1129,1781099978.906101,normal
1130,1781099978.907810,syn_flood
1131,1781099978.909390,syn_flood
1132,1781099978.910879,normal
1133,1781099978.912418,normal
1134,1781099978.914384,normal
1135,1781099978.916537,normal
1136,1781099978.918276,normal
1137,1781099978.920406,normal
1138,1781099978.922049,normal
1139,1781099978.924179,syn_flood
1140,1781099978.926116,syn_flood
1141,1781099978.927505,syn_flood
1142,1781099978.929252,syn_flood
1143,1781099978.931033,normal
1144,1781099978.933299,normal
1145,1781099978.935389,normal
1146,1781099978.937217,normal
1147,1781099978.939171,normal
1148,1781099978.940396,normal
1149,1781099978.942003,normal
1150,1781099978.943376,normal
1151,1781099978.945252,normal
1152,1781099978.947728,normal
1153,1781099978.949136,syn_flood
1154,1781099978.951109,normal
1155,1781099978.953150,syn_flood
1156,1781099978.954829,normal
1157,1781099978.956789,syn_flood
1158,1781099978.958157,normal
1159,1781099978.960019,normal
1160,1781099978.961351,syn_flood
1161,1781099978.963687,normal
1162,1781099978.965410,normal
1163,1781099978.967867,normal
1164,1781099978.969595,normal
1165,1781099978.970951,normal
1166,1781099978.972405,normal
1167,1781099978.974785,normal
1168,1781099978.976447,syn_flood
1169,1781099978.977957,syn_flood
1170,1781099978.979241,normal
1171,1781099978.981376,normal
1172,1781099978.983572,normal
1173,1781099978.984963,normal
1174,1781099978.987409,syn_flood
1175,1781099978.988811,normal
1176,1781099978.990178,normal
1177,1781099978.992072,normal
1178,1781099978.994999,normal
1179,1781099978.996840,normal
1180,1781099978.999022,normal
1181,1781099979.000703,normal
1182,1781099979.002115,syn_flood
1183,1781099979.003587,syn_flood
1184,1781099979.005421,normal
1185,1781099979.008217,normal
1186,1781099979.009773,syn_flood
1187,1781099979.011510,normal
1188,1781099979.013443,normal
1189,1781099979.015436,normal
1190,1781099979.017279,syn_flood
1191,1781099979.019354,syn_flood
1192,1781099979.020899,syn_flood
1193,1781099979.023448,normal
1194,1781099979.025524,syn_flood
1195,1781099979.027255,normal
1196,1781099979.029099,normal
1197,1781099979.030382,normal
1198,1781099979.031748,syn_flood
1199,1781099979.034090,syn_flood
1200,1781099979.035888,normal
1201,1781099979.037868,syn_flood
1202,1781099979.039862,normal
1203,1781099979.041141,normal
1204,1781099979.042814,syn_flood
1205,1781099979.045559,normal
1206,1781099979.047643,normal
1207,1781099979.049329,normal
1208,1781099979.051169,normal
1209,1781099979.053762,normal
1210,1781099979.055361,syn_flood
1211,1781099979.057133,syn_flood
1212,1781099979.058943,normal
1213,1781099979.061353,normal
1214,1781099979.063395,normal
1215,1781099979.064903,normal
1216,1781099979.066866,normal
1217,1781099979.068104,normal
1218,1781099979.070782,normal
1219,1781099979.072739,normal
1220,1781099979.074474,normal
1221,1781099979.075566,normal
1222,1781099979.077045,normal
1223,1781099979.078707,syn_flood
1224,1781099979.080901,normal
1225,1781099979.082211,syn_flood
1226,1781099979.084105,syn_flood
1227,1781099979.086146,normal
1228,1781099979.087985,syn_flood
1229,1781099979.090676,normal
1230,1781099979.092751,normal
1231,1781099979.095565,normal
1232,1781099979.097357,normal
1233,1781099979.098883,normal
1234,1781099979.100875,normal
1235,1781099979.102449,syn_flood
1236,1781099979.104700,syn_flood
1237,1781099979.106745,syn_flood
1238,1781099979.108023,syn_flood
1239,1781099979.109694,normal
1240,1781099979.111955,syn_flood
1241,1781099979.113602,syn_flood
1242,1781099979.115401,normal
1243,1781099979.117435,syn_flood
1244,1781099979.119196,normal
1245,1781099979.121366,normal
1246,1781099979.123580,syn_flood
1247,1781099979.126071,normal
1248,1781099979.128348,normal
1249,1781099979.131163,syn_flood
1250,1781099979.132486,syn_flood
1251,1781099979.134402,normal
1252,1781099979.135952,normal
1253,1781099979.137443,normal
1254,1781099979.138849,syn_flood
1255,1781099979.140406,normal
1256,1781099979.142771,normal
1257,1781099979.144819,syn_flood
1258,1781099979.146463,syn_flood
1259,1781099979.148986,normal
1260,1781099979.150934,normal
1261,1781099979.153013,syn_flood
1262,1781099979.154263,syn_flood
1263,1781099979.155793,normal
1264,1781099979.157585,normal
1265,1781099979.159195,normal
1266,1781099979.160707,syn_flood
1267,1781099979.163110,syn_flood
1268,1781099979.165303,normal
1269,1781099979.166855,normal
1270,1781099979.168717,normal
1271,1781099979.170417,syn_flood
1272,1781099979.172730,normal
1273,1781099979.174032,syn_flood
1274,1781099979.175669,syn_flood
1275,1781099979.177538,normal
1276,1781099979.179134,syn_flood
1277,1781099979.181172,normal
1278,1781099979.183290,normal
1279,1781099979.185087,normal
1280,1781099979.186739,normal
1281,1781099979.188039,normal
1282,1781099979.189447,normal
1283,1781099979.191127,normal
1284,1781099979.193198,normal
1285,1781099979.195008,normal
1286,1781099979.196860,normal
1287,1781099979.198290,syn_flood
1288,1781099979.199999,normal
1289,1781099979.201660,normal
1290,1781099979.203202,normal
1291,1781099979.204350,normal
1292,1781099979.206307,normal
1293,1781099979.208043,normal
1294,1781099979.209904,normal
1295,1781099979.212223,normal
1296,1781099979.215342,normal
1297,1781099979.216882,normal
1298,1781099979.218558,syn_flood
1299,1781099979.219536,syn_flood
1300,1781099979.221363,normal
1301,1781099979.223202,normal
1302,1781099979.225239,syn_flood
1303,1781099979.226703,normal
1304,1781099979.228384,syn_flood
1305,1781099979.230341,normal
1306,1781099979.231894,syn_flood
1307,1781099979.233598,syn_flood
1308,1781099979.235251,syn_flood
1309,1781099979.237215,normal
1310,1781099979.239459,normal
1311,1781099979.241143,normal
1312,1781099979.242934,syn_flood
1313,1781099979.244570,normal
1314,1781099979.246069,normal
1315,1781099979.247512,syn_flood
1316,1781099979.249028,normal
1317,1781099979.250942,normal
1318,1781099979.252555,normal
1319,1781099979.254488,syn_flood
1320,1781099979.255951,syn_flood
1321,1781099979.257375,normal
1322,1781099979.259357,syn_flood
1323,1781099979.260691,syn_flood
1324,1781099979.262420,syn_flood
1325,1781099979.263429,syn_flood
1326,1781099979.264563,normal
1327,1781099979.266232,normal
1328,1781099979.267966,normal
1329,1781099979.269400,normal
1330,1781099979.271976,normal
1331,1781099979.273934,syn_flood
1332,1781099979.275464,normal
1333,1781099979.277406,syn_flood
1334,1781099979.278776,normal
1335,1781099979.280863,normal
1336,1781099979.282562,normal
1337,1781099979.284706,normal
1338,1781099979.286767,normal
1339,1781099979.289068,normal
1340,1781099979.291045,normal
1341,1781099979.293366,normal
1342,1781099979.295145,normal
1343,1781099979.296736,syn_flood
1344,1781099979.298694,normal
1345,1781099979.301224,normal
1346,1781099979.303250,normal
1347,1781099979.304895,normal
1348,1781099979.306743,normal
1349,1781099979.307518,syn_flood
1350,1781099979.308956,syn_flood
1351,1781099979.310382,normal
1352,1781099979.311844,normal
1353,1781099979.314363,normal
1354,1781099979.316321,normal
1355,1781099979.317649,syn_flood
1356,1781099979.318973,syn_flood
1357,1781099979.321379,normal
1358,1781099979.323545,normal
1359,1781099979.325911,syn_flood
1360,1781099979.328236,syn_flood
1361,1781099979.329866,normal
1362,1781099979.331893,normal
1363,1781099979.333923,normal
1364,1781099979.335590,normal
1365,1781099979.337549,syn_flood
1366,1781099979.339319,syn_flood
1367,1781099979.340909,syn_flood
1368,1781099979.342283,normal
1369,1781099979.343506,syn_flood
1370,1781099979.344898,normal
1371,1781099979.346860,syn_flood
1372,1781099979.348761,syn_flood
1373,1781099979.350257,normal
1374,1781099979.351973,normal
1375,1781099979.353580,normal
1376,1781099979.355584,normal
1377,1781099979.357298,normal
1378,1781099979.359599,normal
1379,1781099979.360973,normal
1380,1781099979.363580,normal
1381,1781099979.365066,normal
1382,1781099979.366338,normal
1383,1781099979.367617,syn_flood
1384,1781099979.368928,syn_flood
1385,1781099979.370974,normal
1386,1781099979.372959,syn_flood
1387,1781099979.374369,syn_flood
1388,1781099979.376994,syn_flood
1389,1781099979.378524,syn_flood
1390,1781099979.380884,syn_flood
1391,1781099979.382433,syn_flood
1392,1781099979.383700,normal
1393,1781099979.385063,syn_flood
1394,1781099979.386416,normal
1395,1781099979.388133,syn_flood
1396,1781099979.390138,normal
1397,1781099979.391669,normal
1398,1781099979.393499,normal
1399,1781099979.394740,normal
1400,1781099979.396382,normal
1401,1781099979.398511,normal
1402,1781099979.400427,syn_flood
1403,1781099979.402739,normal
1404,1781099979.404210,syn_flood
1405,1781099979.406322,syn_flood
1406,1781099979.408689,normal
1407,1781099979.410239,syn_flood
1408,1781099979.412004,normal
1409,1781099979.413593,normal
1410,1781099979.415767,normal
1411,1781099979.417097,normal
1412,1781099979.419193,syn_flood
1413,1781099979.420799,syn_flood
1414,1781099979.422393,normal
1415,1781099979.424210,syn_flood
1416,1781099979.425635,syn_flood
1417,1781099979.427049,syn_flood
1418,1781099979.428789,normal
1419,1781099979.430346,normal
1420,1781099979.432028,syn_flood
1421,1781099979.433526,normal
1422,1781099979.435180,syn_flood
1423,1781099979.437001,normal
1424,1781099979.438410,normal
1425,1781099979.440558,normal
1426,1781099979.442052,syn_flood
1427,1781099979.443479,syn_flood
1428,1781099979.444808,normal
1429,1781099979.446183,normal
1430,1781099979.447460,normal
1431,1781099979.449279,normal
1432,1781099979.451194,normal
1433,1781099979.452496,syn_flood
1434,1781099979.454657,normal
1435,1781099979.456728,normal
1436,1781099979.458158,syn_flood
1437,1781099979.460119,normal
1438,1781099979.462043,normal
1439,1781099979.463439,normal
1440,1781099979.465055,normal
1441,1781099979.466362,normal
1442,1781099979.467565,syn_flood
1443,1781099979.469614,normal
1444,1781099979.471030,normal
1445,1781099979.473116,normal
1446,1781099979.474729,normal
1447,1781099979.476365,normal
1448,1781099979.478235,normal
1449,1781099979.479461,normal
1450,1781099979.480595,normal
1451,1781099979.482226,syn_flood
1452,1781099979.484557,syn_flood
1453,1781099979.486242,normal
1454,1781099979.487919,normal
1455,1781099979.489778,syn_flood
1456,1781099979.491462,normal
1457,1781099979.493616,normal
1458,1781099979.495213,normal
1459,1781099979.496740,normal
1460,1781099979.498331,syn_flood
1461,1781099979.499575,normal
1462,1781099979.501124,normal
1463,1781099979.503020,normal
1464,1781099979.505024,syn_flood
1465,1781099979.506716,syn_flood
1466,1781099979.508910,syn_flood
1467,1781099979.510245,normal
1468,1781099979.512138,normal
1469,1781099979.513602,syn_flood
1470,1781099979.515101,normal
1471,1781099979.516270,syn_flood
1472,1781099979.517679,normal
1473,1781099979.519876,syn_flood
1474,1781099979.522006,normal
1475,1781099979.523571,normal
1476,1781099979.525516,normal
1477,1781099979.526892,normal
1478,1781099979.528722,normal
1479,1781099979.531063,normal
1480,1781099979.533147,normal
1481,1781099979.534910,normal
1482,1781099979.537461,syn_flood
1483,1781099979.538967,normal
1484,1781099979.540814,normal
1485,1781099979.542030,normal
1486,1781099979.543383,normal
1487,1781099979.545391,syn_flood
1488,1781099979.547432,normal
1489,1781099979.548790,normal
1490,1781099979.551425,syn_flood
1491,1781099979.552862,normal
1492,1781099979.554827,normal
1493,1781099979.556270,syn_flood
1494,1781099979.558695,normal
1495,1781099979.560604,syn_flood
1496,1781099979.562800,normal
1497,1781099979.564179,syn_flood
1498,1781099979.565379,normal
1499,1781099979.567282,syn_flood
1500,1781099979.568925,syn_flood
1501,1781099979.570760,normal
1502,1781099979.572189,normal
1503,1781099979.574012,normal
1504,1781099979.575372,syn_flood
1505,1781099979.576868,syn_flood
1506,1781099979.578293,normal
1507,1781099979.580223,syn_flood
1508,1781099979.582107,normal
1509,1781099979.583631,normal
1510,1781099979.584867,normal
1511,1781099979.587150,normal
1512,1781099979.588898,syn_flood
1513,1781099979.589982,syn_flood
1514,1781099979.591141,syn_flood
1515,1781099979.592426,normal
1516,1781099979.594634,syn_flood
1517,1781099979.595877,normal
1518,1781099979.597242,normal
1519,1781099979.598591,normal
1520,1781099979.599701,normal
1521,1781099979.601326,syn_flood
1522,1781099979.602852,syn_flood
1523,1781099979.603846,normal
1524,1781099979.604980,normal
1525,1781099979.606536,syn_flood
1526,1781099979.609320,syn_flood
1527,1781099979.610911,normal
1528,1781099979.612669,normal
1529,1781099979.614343,normal
1530,1781099979.615906,syn_flood
1531,1781099979.616933,syn_flood
1532,1781099979.618297,syn_flood
1533,1781099979.620149,normal
1534,1781099979.621506,normal
1535,1781099979.623291,normal
1536,1781099979.624908,normal
1537,1781099979.626781,normal
1538,1781099979.628323,syn_flood
1539,1781099979.629695,normal
1540,1781099979.631444,normal
1541,1781099979.632809,syn_flood
1542,1781099979.634405,syn_flood
1543,1781099979.636366,normal
1544,1781099979.637666,syn_flood
1545,1781099979.639794,normal
1546,1781099979.642354,syn_flood
1547,1781099979.643847,syn_flood
1548,1781099979.646522,normal
1549,1781099979.648160,normal
1550,1781099979.649829,normal
1551,1781099979.651174,normal
1552,1781099979.652503,syn_flood
1553,1781099979.654059,syn_flood
1554,1781099979.656566,syn_flood
1555,1781099979.657682,normal
1556,1781099979.659085,syn_flood
1557,1781099979.660588,normal
1558,1781099979.662138,normal
1559,1781099979.663852,syn_flood
1560,1781099979.665032,normal
1561,1781099979.666624,syn_flood
1562,1781099979.668504,syn_flood
1563,1781099979.670185,syn_flood
1564,1781099979.672029,syn_flood
1565,1781099979.673705,normal
1566,1781099979.674993,normal
1567,1781099979.676033,normal
1568,1781099979.677499,normal
1569,1781099979.679062,syn_flood
1570,1781099979.680288,syn_flood
1571,1781099979.682679,normal
1572,1781099979.684072,normal
1573,1781099979.685538,normal
1574,1781099979.686888,normal
1575,1781099979.687983,syn_flood
1576,1781099979.689570,normal
1577,1781099979.691221,normal
1578,1781099979.693038,syn_flood
1579,1781099979.695215,syn_flood
1580,1781099979.697508,normal
1581,1781099979.698531,syn_flood
1582,1781099979.700282,normal
1583,1781099979.701989,normal
1584,1781099979.703531,normal
1585,1781099979.705642,normal
1586,1781099979.707516,syn_flood
1587,1781099979.708945,normal
1588,1781099979.710793,syn_flood
1589,1781099979.712198,syn_flood
1590,1781099979.714949,normal
1591,1781099979.717074,normal
1592,1781099979.718374,normal
1593,1781099979.720351,syn_flood
1594,1781099979.722340,syn_flood
1595,1781099979.724238,normal
1596,1781099979.725506,syn_flood
1597,1781099979.726541,syn_flood
1598,1781099979.727781,normal
1599,1781099979.729342,normal
1600,1781099979.730931,normal
1601,1781099979.732656,syn_flood
1602,1781099979.734869,normal
1603,1781099979.736268,syn_flood
1604,1781099979.737725,normal
1605,1781099979.739296,normal
1606,1781099979.740830,normal
1607,1781099979.742118,syn_flood
1608,1781099979.743938,normal
1609,1781099979.745336,syn_flood
1610,1781099979.746780,normal
1611,1781099979.748094,syn_flood
1612,1781099979.750376,syn_flood
1613,1781099979.752040,syn_flood
1614,1781099979.753668,syn_flood
1615,1781099979.755670,normal
1616,1781099979.757647,normal
1617,1781099979.759060,syn_flood
1618,1781099979.760493,normal
1619,1781099979.761849,normal
1620,1781099979.763442,normal
1621,1781099979.764920,syn_flood
1622,1781099979.765963,normal
1623,1781099979.767887,syn_flood
1624,1781099979.769056,normal
1625,1781099979.771013,syn_flood
1626,1781099979.772202,syn_flood
1627,1781099979.773804,syn_flood
1628,1781099979.775439,syn_flood
1629,1781099979.776863,normal
1630,1781099979.778638,syn_flood
1631,1781099979.779995,normal
1632,1781099979.781243,normal
1633,1781099979.782842,syn_flood
1634,1781099979.784953,normal
1635,1781099979.786246,normal
1636,1781099979.787672,normal
1637,1781099979.789252,normal
1638,1781099979.790538,syn_flood
1639,1781099979.792029,normal
1640,1781099979.793597,syn_flood
1641,1781099979.795613,normal
1642,1781099979.796538,syn_flood
1643,1781099979.798351,normal
1644,1781099979.799373,normal
1645,1781099979.801206,normal
1646,1781099979.802654,syn_flood
1647,1781099979.804002,syn_flood
1648,1781099979.805345,syn_flood
1649,1781099979.807441,normal
1650,1781099979.809583,normal
1651,1781099979.811034,normal
1652,1781099979.812956,syn_flood
1653,1781099979.815035,normal
1654,1781099979.816963,normal
1655,1781099979.818198,normal
1656,1781099979.819620,normal
1657,1781099979.821571,normal
1658,1781099979.823244,normal
1659,1781099979.824827,syn_flood
1660,1781099979.826430,syn_flood
1661,1781099979.828184,syn_flood
1662,1781099979.829734,normal
1663,1781099979.831665,normal
1664,1781099979.833166,normal
1665,1781099979.834441,normal
1666,1781099979.835313,normal
1667,1781099979.836651,normal
1668,1781099979.837694,normal
1669,1781099979.839439,syn_flood
1670,1781099979.840482,normal
1671,1781099979.842083,normal
1672,1781099979.843682,syn_flood
1673,1781099979.844931,normal
1674,1781099979.846238,syn_flood
1675,1781099979.848021,syn_flood
1676,1781099979.849610,normal
1677,1781099979.850733,normal
1678,1781099979.852206,normal
1679,1781099979.853760,normal
1680,1781099979.856030,syn_flood
1681,1781099979.857255,normal
1682,1781099979.859060,normal
1683,1781099979.862183,syn_flood
1684,1781099979.863666,syn_flood
1685,1781099979.864828,normal
1686,1781099979.866215,normal
1687,1781099979.868403,normal
1688,1781099979.869463,normal
1689,1781099979.870827,syn_flood
1690,1781099979.872101,normal
1691,1781099979.873734,syn_flood
1692,1781099979.875049,normal
1693,1781099979.876163,syn_flood
1694,1781099979.878161,normal
1695,1781099979.879303,syn_flood
1696,1781099979.880512,syn_flood
1697,1781099979.881741,normal
1698,1781099979.883496,normal
1699,1781099979.884928,syn_flood
1700,1781099979.886084,normal
1701,1781099979.887361,normal
1702,1781099979.889962,normal
1703,1781099979.891622,syn_flood
1704,1781099979.892793,normal
1705,1781099979.893947,syn_flood
1706,1781099979.895171,syn_flood
1707,1781099979.896847,syn_flood
1708,1781099979.897912,normal
1709,1781099979.899487,normal
1710,1781099979.901335,syn_flood
1711,1781099979.903050,normal
1712,1781099979.904361,normal
1713,1781099979.906119,normal
1714,1781099979.907354,normal
1715,1781099979.908703,normal
1716,1781099979.910461,normal
1717,1781099979.912111,normal
1718,1781099979.913607,syn_flood
1719,1781099979.915161,normal
1720,1781099979.916311,normal
1721,1781099979.917819,normal
1722,1781099979.919979,normal
1723,1781099979.921675,syn_flood
1724,1781099979.922916,normal
1725,1781099979.924311,syn_flood
1726,1781099979.925977,normal
1727,1781099979.927925,normal
1728,1781099979.929468,syn_flood
1729,1781099979.930732,syn_flood
1730,1781099979.932330,syn_flood
1731,1781099979.933680,normal
1732,1781099979.935610,normal
1733,1781099979.937451,normal
1734,1781099979.938426,normal
1735,1781099979.940223,normal
1736,1781099979.941590,syn_flood
1737,1781099979.942759,syn_flood
1738,1781099979.943821,syn_flood
1739,1781099979.944873,normal
1740,1781099979.946399,syn_flood
1741,1781099979.948339,normal
1742,1781099979.949898,syn_flood
1743,1781099979.950938,normal
1744,1781099979.952577,normal
1745,1781099979.953712,normal
1746,1781099979.955442,syn_flood
1747,1781099979.957165,syn_flood
1748,1781099979.958458,normal
1749,1781099979.959916,syn_flood
1750,1781099979.961169,syn_flood
1751,1781099979.962944,normal
1752,1781099979.964228,syn_flood
1753,1781099979.965186,syn_flood
1754,1781099979.966739,syn_flood
1755,1781099979.968360,normal
1756,1781099979.970058,syn_flood
1757,1781099979.972424,syn_flood
1758,1781099979.973875,normal
1759,1781099979.975961,normal
1760,1781099979.977872,normal
1761,1781099979.978955,syn_flood
1762,1781099979.980377,normal
1763,1781099979.982235,syn_flood
1764,1781099979.983580,normal
1765,1781099979.985516,normal
1766,1781099979.986990,normal
1767,1781099979.989352,normal
1768,1781099979.990976,normal
1769,1781099979.991956,syn_flood
1770,1781099979.993223,syn_flood
1771,1781099979.995153,normal
1772,1781099979.997044,normal
1773,1781099979.998870,normal
1774,1781099980.000197,syn_flood
1775,1781099980.002255,syn_flood
1776,1781099980.004056,syn_flood
1777,1781099980.005621,normal
1778,1781099980.006881,normal
1779,1781099980.008293,normal
1780,1781099980.009482,normal
1781,1781099980.010969,normal
1782,1781099980.012500,normal
1783,1781099980.013998,syn_flood
1784,1781099980.016027,syn_flood
1785,1781099980.017292,normal
1786,1781099980.018416,normal
1787,1781099980.019999,normal
1788,1781099980.021393,syn_flood
1789,1781099980.022357,syn_flood
1790,1781099980.023739,normal
1791,1781099980.025425,normal
1792,1781099980.026885,normal
1793,1781099980.028543,normal
1794,1781099980.029887,normal
1795,1781099980.030745,normal
1796,1781099980.032325,syn_flood
1797,1781099980.033723,normal
1798,1781099980.035350,normal
1799,1781099980.036976,normal
1800,1781099980.038309,normal
1801,1781099980.039516,syn_flood
1802,1781099980.040987,normal
1803,1781099980.042048,normal
1804,1781099980.043421,syn_flood
1805,1781099980.044827,normal
1806,1781099980.046468,normal
1807,1781099980.048458,syn_flood
1808,1781099980.050686,syn_flood
1809,1781099980.052549,normal
1810,1781099980.054074,normal
1811,1781099980.055608,syn_flood
1812,1781099980.056981,normal
1813,1781099980.058386,syn_flood
1814,1781099980.059463,syn_flood
1815,1781099980.061458,normal
1816,1781099980.062720,syn_flood
1817,1781099980.064044,syn_flood
1818,1781099980.065365,syn_flood
1819,1781099980.067397,syn_flood
1820,1781099980.068942,normal
1821,1781099980.070489,normal
1822,1781099980.072199,normal
1823,1781099980.074205,normal
1824,1781099980.075997,syn_flood
1825,1781099980.077663,syn_flood
1826,1781099980.079834,syn_flood
1827,1781099980.080890,normal
1828,1781099980.081910,syn_flood
1829,1781099980.083274,normal
1830,1781099980.085182,syn_flood
1831,1781099980.086307,normal
1832,1781099980.088342,normal
1833,1781099980.089605,syn_flood
1834,1781099980.091356,syn_flood
1835,1781099980.093584,normal
1836,1781099980.094778,normal
1837,1781099980.096416,syn_flood
1838,1781099980.097789,normal
1839,1781099980.099390,normal
1840,1781099980.100494,normal
1841,1781099980.101418,syn_flood
1842,1781099980.102554,syn_flood
1843,1781099980.103886,syn_flood
1844,1781099980.105415,normal
1845,1781099980.106770,syn_flood
1846,1781099980.109124,syn_flood
1847,1781099980.110194,normal
1848,1781099980.111461,normal
1849,1781099980.112864,syn_flood
1850,1781099980.114069,normal
1851,1781099980.115473,normal
1852,1781099980.116661,normal
1853,1781099980.118779,normal
1854,1781099980.119913,syn_flood
1855,1781099980.121334,syn_flood
1856,1781099980.123355,syn_flood
1857,1781099980.125030,syn_flood
1858,1781099980.126466,normal
1859,1781099980.127579,syn_flood
1860,1781099980.128782,normal
1861,1781099980.129798,normal
1862,1781099980.130768,syn_flood
1863,1781099980.132171,syn_flood
1864,1781099980.134079,syn_flood
1865,1781099980.135738,normal
1866,1781099980.137875,normal
1867,1781099980.138778,normal
1868,1781099980.140190,syn_flood
1869,1781099980.141529,normal
1870,1781099980.142776,syn_flood
1871,1781099980.143991,syn_flood
1872,1781099980.145738,normal
1873,1781099980.147560,syn_flood
1874,1781099980.148914,normal
1875,1781099980.150264,syn_flood
1876,1781099980.151454,syn_flood
1877,1781099980.152599,normal
1878,1781099980.154029,syn_flood
1879,1781099980.155507,syn_flood
1880,1781099980.157537,syn_flood
1881,1781099980.158548,syn_flood
1882,1781099980.159663,normal
1883,1781099980.161476,syn_flood
1884,1781099980.162972,normal
1885,1781099980.164284,normal
1886,1781099980.165833,normal
1887,1781099980.167487,syn_flood
1888,1781099980.168783,syn_flood
1889,1781099980.170295,normal
1890,1781099980.171573,syn_flood
1891,1781099980.172785,syn_flood
1892,1781099980.174316,normal
1893,1781099980.175551,syn_flood
1894,1781099980.176948,normal
1895,1781099980.178145,normal
1896,1781099980.179326,syn_flood
1897,1781099980.180493,syn_flood
1898,1781099980.181637,syn_flood
1899,1781099980.182986,syn_flood
1900,1781099980.184577,normal
1901,1781099980.186339,syn_flood
1902,1781099980.187797,normal
1903,1781099980.189519,normal
1904,1781099980.191052,syn_flood
1905,1781099980.192609,normal
1906,1781099980.195088,syn_flood
1907,1781099980.196369,normal
1908,1781099980.197889,normal
1909,1781099980.199471,syn_flood
1910,1781099980.200574,normal
1911,1781099980.201752,syn_flood
1912,1781099980.202683,syn_flood
1913,1781099980.204208,normal
1914,1781099980.205694,syn_flood
1915,1781099980.207169,syn_flood
1916,1781099980.208690,syn_flood
1917,1781099980.210365,syn_flood
1918,1781099980.211661,syn_flood
1919,1781099980.213426,normal
1920,1781099980.214779,syn_flood
1921,1781099980.215929,syn_flood
1922,1781099980.217436,syn_flood
1923,1781099980.218619,syn_flood
1924,1781099980.219988,normal
1925,1781099980.221049,syn_flood
1926,1781099980.222656,syn_flood
1927,1781099980.224335,normal
1928,1781099980.226003,syn_flood
1929,1781099980.227697,normal
1930,1781099980.229228,syn_flood
1931,1781099980.231338,syn_flood
1932,1781099980.232758,normal
1933,1781099980.234420,syn_flood
1934,1781099980.236002,normal
1935,1781099980.237661,normal
1936,1781099980.239195,normal
1937,1781099980.240454,syn_flood
1938,1781099980.241905,normal
1939,1781099980.242950,normal
1940,1781099980.244551,normal
1941,1781099980.246482,normal
1942,1781099980.247706,normal
1943,1781099980.249619,normal
1944,1781099980.250883,syn_flood
1945,1781099980.252043,normal
1946,1781099980.252881,syn_flood
1947,1781099980.253963,normal
1948,1781099980.255296,normal
1949,1781099980.256688,syn_flood
1950,1781099980.258020,syn_flood
1951,1781099980.259377,normal
1952,1781099980.260578,normal
1953,1781099980.261945,syn_flood
1954,1781099980.264262,syn_flood
1955,1781099980.265452,normal
1956,1781099980.266958,syn_flood
1957,1781099980.267775,syn_flood
1958,1781099980.268692,normal
1959,1781099980.270451,syn_flood
1960,1781099980.271724,normal
1961,1781099980.273283,syn_flood
1962,1781099980.275050,normal
1963,1781099980.276518,syn_flood
1964,1781099980.278458,normal
1965,1781099980.279731,syn_flood
1966,1781099980.281257,normal
1967,1781099980.282275,syn_flood
1968,1781099980.283728,syn_flood
1969,1781099980.284924,syn_flood
1970,1781099980.286068,syn_flood
1971,1781099980.288283,syn_flood
1972,1781099980.289523,syn_flood
1973,1781099980.290902,syn_flood
1974,1781099980.292075,normal
1975,1781099980.294213,syn_flood
1976,1781099980.295212,normal
1977,1781099980.296945,syn_flood
1978,1781099980.298377,syn_flood
1979,1781099980.299947,normal
1980,1781099980.302456,normal
1981,1781099980.303725,syn_flood
1982,1781099980.304963,normal
1983,1781099980.306473,syn_flood
1984,1781099980.307686,normal
1985,1781099980.308787,syn_flood
1986,1781099980.310136,normal
1987,1781099980.312165,normal
1988,1781099980.313323,normal
1989,1781099980.314238,syn_flood
1990,1781099980.315656,syn_flood
1991,1781099980.316585,normal
1992,1781099980.317863,syn_flood
1993,1781099980.318848,normal
1994,1781099980.320431,normal
1995,1781099980.321409,normal
1996,1781099980.322623,syn_flood
1997,1781099980.324191,syn_flood
1998,1781099980.325259,normal
1999,1781099980.326398,normal
2000,1781099980.328235,syn_flood
2001,1781099980.330187,syn_flood
2002,1781099980.331551,normal
2003,1781099980.332777,syn_flood
2004,1781099980.334186,normal
2005,1781099980.335465,normal
2006,1781099980.336801,syn_flood
2007,1781099980.338115,syn_flood
2008,1781099980.339553,normal
2009,1781099980.340904,normal
2010,1781099980.342620,normal
2011,1781099980.344260,syn_flood
2012,1781099980.345554,normal
2013,1781099980.347133,syn_flood
2014,1781099980.349271,normal
2015,1781099980.350413,syn_flood
2016,1781099980.352304,syn_flood
2017,1781099980.353284,normal
2018,1781099980.354494,normal
2019,1781099980.355841,syn_flood
2020,1781099980.357231,syn_flood
2021,1781099980.358470,syn_flood
2022,1781099980.359871,normal
2023,1781099980.361221,normal
2024,1781099980.362797,normal
2025,1781099980.364214,normal
2026,1781099980.365136,normal
2027,1781099980.366362,normal
2028,1781099980.367477,syn_flood
2029,1781099980.369431,syn_flood
2030,1781099980.370667,syn_flood
2031,1781099980.371754,normal
2032,1781099980.373569,normal
2033,1781099980.374727,syn_flood
2034,1781099980.376382,syn_flood
2035,1781099980.377946,syn_flood
2036,1781099980.379738,syn_flood
2037,1781099980.381231,syn_flood
2038,1781099980.382667,syn_flood
2039,1781099980.384109,syn_flood
2040,1781099980.385051,syn_flood
2041,1781099980.386480,syn_flood
2042,1781099980.387760,normal
2043,1781099980.389059,normal
2044,1781099980.390164,normal
2045,1781099980.391648,syn_flood
2046,1781099980.393065,syn_flood
2047,1781099980.394494,syn_flood
2048,1781099980.396167,normal
2049,1781099980.398093,normal
2050,1781099980.399448,normal
2051,1781099980.401186,normal
2052,1781099980.403312,syn_flood
2053,1781099980.404543,normal
2054,1781099980.405931,syn_flood
2055,1781099980.407089,normal
2056,1781099980.407927,syn_flood
2057,1781099980.409417,syn_flood
2058,1781099980.410744,syn_flood
2059,1781099980.411905,syn_flood
2060,1781099980.413419,syn_flood
2061,1781099980.414880,normal
2062,1781099980.415783,syn_flood
2063,1781099980.416712,normal
2064,1781099980.417605,syn_flood
2065,1781099980.418763,syn_flood
2066,1781099980.419962,syn_flood
2067,1781099980.421718,syn_flood
2068,1781099980.423353,syn_flood
2069,1781099980.424290,normal
2070,1781099980.425453,syn_flood
2071,1781099980.426591,syn_flood
2072,1781099980.428194,normal
2073,1781099980.429242,syn_flood
2074,1781099980.430377,normal
2075,1781099980.431970,syn_flood
2076,1781099980.433165,syn_flood
2077,1781099980.434282,syn_flood
2078,1781099980.435316,syn_flood
2079,1781099980.436598,syn_flood
2080,1781099980.437955,syn_flood
2081,1781099980.439445,syn_flood
2082,1781099980.441070,syn_flood
2083,1781099980.442467,syn_flood
2084,1781099980.443842,syn_flood
2085,1781099980.444963,syn_flood
2086,1781099980.446471,syn_flood
2087,1781099980.447383,normal
2088,1781099980.448356,syn_flood
2089,1781099980.449777,syn_flood
2090,1781099980.450921,normal
2091,1781099980.452736,syn_flood
2092,1781099980.454161,syn_flood
2093,1781099980.456068,normal
2094,1781099980.457206,normal
2095,1781099980.458831,syn_flood
2096,1781099980.459828,normal
2097,1781099980.461000,syn_flood
2098,1781099980.463114,syn_flood
2099,1781099980.465161,normal
2100,1781099980.465995,normal
2101,1781099980.467242,normal
2102,1781099980.468958,normal
2103,1781099980.469907,syn_flood
2104,1781099980.471496,syn_flood
2105,1781099980.472593,syn_flood
2106,1781099980.474045,syn_flood
2107,1781099980.475417,syn_flood
2108,1781099980.476696,syn_flood
2109,1781099980.478059,syn_flood
2110,1781099980.479645,normal
2111,1781099980.480731,normal
2112,1781099980.482620,normal
2113,1781099980.483635,syn_flood
2114,1781099980.485131,syn_flood
2115,1781099980.486598,syn_flood
2116,1781099980.488001,syn_flood
2117,1781099980.489440,syn_flood
2118,1781099980.491195,syn_flood
2119,1781099980.492730,normal
2120,1781099980.494553,syn_flood
2121,1781099980.495949,normal
2122,1781099980.497561,normal
2123,1781099980.498711,syn_flood
2124,1781099980.500879,syn_flood
2125,1781099980.502425,normal
2126,1781099980.504052,normal
2127,1781099980.505401,syn_flood
2128,1781099980.507006,normal
2129,1781099980.508108,normal
2130,1781099980.510550,syn_flood
2131,1781099980.511524,syn_flood
2132,1781099980.512798,syn_flood
2133,1781099980.514897,normal
2134,1781099980.517110,normal
2135,1781099980.518995,syn_flood
2136,1781099980.520033,normal
2137,1781099980.522192,syn_flood
2138,1781099980.524020,normal
2139,1781099980.525408,normal
2140,1781099980.527520,syn_flood
2141,1781099980.529631,syn_flood
2142,1781099980.531238,normal
2143,1781099980.533685,syn_flood
2144,1781099980.534978,normal
2145,1781099980.536983,syn_flood
2146,1781099980.538425,syn_flood
2147,1781099980.539958,syn_flood
2148,1781099980.541507,syn_flood
2149,1781099980.543702,normal
2150,1781099980.545253,syn_flood
2151,1781099980.546703,normal
2152,1781099980.548781,syn_flood
2153,1781099980.550587,normal
2154,1781099980.553129,normal
2155,1781099980.554578,normal
2156,1781099980.556169,syn_flood
2157,1781099980.558335,syn_flood
2158,1781099980.560083,normal
2159,1781099980.561687,normal
2160,1781099980.563509,syn_flood
2161,1781099980.564896,normal
2162,1781099980.566455,syn_flood
2163,1781099980.568123,normal
2164,1781099980.569522,syn_flood
2165,1781099980.571238,normal
2166,1781099980.573015,normal
2167,1781099980.574641,syn_flood
2168,1781099980.577163,normal
2169,1781099980.578590,syn_flood
2170,1781099980.579672,normal
2171,1781099980.581703,normal
2172,1781099980.583486,syn_flood
2173,1781099980.585293,syn_flood
2174,1781099980.586513,syn_flood
2175,1781099980.588260,syn_flood
2176,1781099980.589392,syn_flood
2177,1781099980.590534,syn_flood
2178,1781099980.592572,syn_flood
2179,1781099980.595074,syn_flood
2180,1781099980.596230,syn_flood
2181,1781099980.597759,normal
2182,1781099980.600548,syn_flood
2183,1781099980.602273,normal
2184,1781099980.603957,normal
2185,1781099980.606117,syn_flood
2186,1781099980.607962,normal
2187,1781099980.609551,syn_flood
2188,1781099980.611348,normal
2189,1781099980.613671,syn_flood
2190,1781099980.615939,normal
2191,1781099980.618044,syn_flood
2192,1781099980.619427,normal
2193,1781099980.621199,normal
2194,1781099980.622589,syn_flood
2195,1781099980.624188,syn_flood
2196,1781099980.625702,syn_flood
2197,1781099980.628082,syn_flood
2198,1781099980.629081,normal
2199,1781099980.631057,normal
2200,1781099980.633596,normal
2201,1781099980.635268,normal
2202,1781099980.637546,normal
2203,1781099980.639562,syn_flood
2204,1781099980.641799,normal
2205,1781099980.643857,syn_flood
2206,1781099980.645384,syn_flood
2207,1781099980.646885,normal
2208,1781099980.648821,normal
2209,1781099980.650912,syn_flood
2210,1781099980.651932,syn_flood
2211,1781099980.653969,syn_flood
2212,1781099980.655866,syn_flood
2213,1781099980.657718,normal
2214,1781099980.659614,syn_flood
2215,1781099980.661467,syn_flood
2216,1781099980.663176,normal
2217,1781099980.665375,syn_flood
2218,1781099980.667154,normal
2219,1781099980.668864,normal
2220,1781099980.670771,syn_flood
2221,1781099980.672541,syn_flood
2222,1781099980.673605,normal
2223,1781099980.675638,syn_flood
2224,1781099980.677523,normal
2225,1781099980.678998,syn_flood
2226,1781099980.680945,normal
2227,1781099980.682629,syn_flood
2228,1781099980.684451,normal
2229,1781099980.686216,normal
2230,1781099980.688824,syn_flood
2231,1781099980.690413,normal
2232,1781099980.692485,syn_flood
2233,1781099980.693821,syn_flood
2234,1781099980.695800,normal
2235,1781099980.697531,normal
2236,1781099980.699137,syn_flood
2237,1781099980.701117,normal
2238,1781099980.702936,syn_flood
2239,1781099980.704143,syn_flood
2240,1781099980.705929,syn_flood
2241,1781099980.707561,syn_flood
2242,1781099980.709146,syn_flood
2243,1781099980.711107,normal
2244,1781099980.712415,normal
2245,1781099980.714176,syn_flood
2246,1781099980.715954,normal
2247,1781099980.717453,normal
2248,1781099980.719341,syn_flood
2249,1781099980.720526,syn_flood
2250,1781099980.722335,syn_flood
2251,1781099980.723766,syn_flood
2252,1781099980.725061,normal
2253,1781099980.726961,normal
2254,1781099980.728467,syn_flood
2255,1781099980.730544,normal
2256,1781099980.732431,syn_flood
2257,1781099980.733835,syn_flood
2258,1781099980.735240,syn_flood
2259,1781099980.737186,normal
2260,1781099980.739171,syn_flood
2261,1781099980.741002,normal
2262,1781099980.742634,syn_flood
2263,1781099980.744521,syn_flood
2264,1781099980.746651,syn_flood
2265,1781099980.749386,syn_flood
2266,1781099980.751334,normal
2267,1781099980.753086,syn_flood
2268,1781099980.755077,syn_flood
2269,1781099980.756498,normal
2270,1781099980.759729,normal
2271,1781099980.761011,syn_flood
2272,1781099980.763026,normal
2273,1781099980.764637,normal
2274,1781099980.766980,syn_flood
2275,1781099980.769188,normal
2276,1781099980.770389,syn_flood
2277,1781099980.772172,normal
2278,1781099980.774073,syn_flood
2279,1781099980.777794,syn_flood
2280,1781099980.779641,normal
2281,1781099980.782327,syn_flood
2282,1781099980.784186,syn_flood
2283,1781099980.785288,syn_flood
2284,1781099980.787366,normal
2285,1781099980.789428,normal
2286,1781099980.791232,syn_flood
2287,1781099980.793051,normal
2288,1781099980.795491,syn_flood
2289,1781099980.797939,normal
2290,1781099980.800234,syn_flood
2291,1781099980.802273,normal
2292,1781099980.803795,syn_flood
2293,1781099980.805494,syn_flood
2294,1781099980.807360,syn_flood
2295,1781099980.809394,syn_flood
2296,1781099980.810750,syn_flood
2297,1781099980.812470,syn_flood
2298,1781099980.814613,syn_flood
2299,1781099980.816655,syn_flood
2300,1781099980.818499,normal
2301,1781099980.820147,syn_flood
2302,1781099980.821597,syn_flood
2303,1781099980.823325,normal
2304,1781099980.825930,syn_flood
2305,1781099980.827171,normal
2306,1781099980.828922,normal
2307,1781099980.832213,normal
2308,1781099980.834065,normal
2309,1781099980.836288,syn_flood
2310,1781099980.838094,syn_flood
2311,1781099980.840297,syn_flood
2312,1781099980.842171,syn_flood
2313,1781099980.843933,syn_flood
2314,1781099980.846098,normal
2315,1781099980.848407,syn_flood
2316,1781099980.850040,normal
2317,1781099980.851816,syn_flood
2318,1781099980.854346,syn_flood
2319,1781099980.856735,syn_flood
2320,1781099980.858320,syn_flood
2321,1781099980.859588,syn_flood
2322,1781099980.861599,normal
2323,1781099980.863548,normal
2324,1781099980.865623,syn_flood
2325,1781099980.868159,syn_flood
2326,1781099980.870316,syn_flood
2327,1781099980.872258,syn_flood
2328,1781099980.873593,syn_flood
2329,1781099980.875501,syn_flood
2330,1781099980.877552,syn_flood
2331,1781099980.878959,normal
2332,1781099980.880724,syn_flood
2333,1781099980.883111,syn_flood
2334,1781099980.884894,normal
2335,1781099980.887106,normal
2336,1781099980.889035,syn_flood
2337,1781099980.890776,normal
2338,1781099980.893085,normal
2339,1781099980.894809,syn_flood
2340,1781099980.897064,syn_flood
2341,1781099980.899361,normal
2342,1781099980.901444,syn_flood
2343,1781099980.903451,syn_flood
2344,1781099980.905920,syn_flood
2345,1781099980.907276,normal
2346,1781099980.909920,normal
2347,1781099980.911415,normal
2348,1781099980.913548,normal
2349,1781099980.915493,normal
2350,1781099980.917094,normal
2351,1781099980.918423,syn_flood
2352,1781099980.920175,syn_flood
2353,1781099980.922606,syn_flood
2354,1781099980.924750,normal
2355,1781099980.926662,normal
2356,1781099980.928233,syn_flood
2357,1781099980.930141,syn_flood
2358,1781099980.932221,syn_flood
2359,1781099980.934444,normal
2360,1781099980.937405,normal
2361,1781099980.939579,normal
2362,1781099980.940904,normal
2363,1781099980.942443,normal
2364,1781099980.945217,syn_flood
2365,1781099980.947092,syn_flood
2366,1781099980.948674,normal
2367,1781099980.950043,normal
2368,1781099980.951259,normal
2369,1781099980.952706,syn_flood
2370,1781099980.954484,syn_flood
2371,1781099980.957091,syn_flood
2372,1781099980.960017,syn_flood
2373,1781099980.961276,syn_flood
2374,1781099980.963366,normal
2375,1781099980.966066,syn_flood
2376,1781099980.968078,syn_flood
2377,1781099980.970058,syn_flood
2378,1781099980.972422,syn_flood
2379,1781099980.974097,syn_flood
2380,1781099980.976207,normal
2381,1781099980.977687,syn_flood
2382,1781099980.979003,syn_flood
2383,1781099980.980802,normal
2384,1781099980.982170,normal
2385,1781099980.983515,syn_flood
2386,1781099980.986144,syn_flood
2387,1781099980.988044,syn_flood
2388,1781099980.989725,normal
2389,1781099980.991623,normal
2390,1781099980.993388,normal
2391,1781099980.994954,normal
2392,1781099980.996885,normal
2393,1781099980.998699,normal
2394,1781099981.000379,normal
2395,1781099981.001697,normal
2396,1781099981.003375,normal
2397,1781099981.005062,syn_flood
2398,1781099981.008217,syn_flood
2399,1781099981.009832,normal
2400,1781099981.012106,normal
2401,1781099981.013643,syn_flood
2402,1781099981.015200,normal
2403,1781099981.017069,syn_flood
2404,1781099981.018672,normal
2405,1781099981.019905,normal
2406,1781099981.021199,syn_flood
2407,1781099981.023493,syn_flood
2408,1781099981.025447,syn_flood
2409,1781099981.027636,syn_flood
2410,1781099981.029212,normal
2411,1781099981.030440,syn_flood
2412,1781099981.033418,syn_flood
2413,1781099981.034851,syn_flood
2414,1781099981.036981,syn_flood
2415,1781099981.038724,normal
2416,1781099981.041081,normal
2417,1781099981.043012,syn_flood
2418,1781099981.044704,syn_flood
2419,1781099981.046368,syn_flood
2420,1781099981.049588,syn_flood
2421,1781099981.051581,normal
2422,1781099981.053421,syn_flood
2423,1781099981.055064,normal
2424,1781099981.057085,syn_flood
2425,1781099981.060138,normal
2426,1781099981.061900,syn_flood
2427,1781099981.064077,syn_flood
2428,1781099981.066204,syn_flood
2429,1781099981.068452,syn_flood
2430,1781099981.071407,syn_flood
2431,1781099981.073088,syn_flood
2432,1781099981.074436,normal
2433,1781099981.076565,syn_flood
2434,1781099981.079072,syn_flood
2435,1781099981.081816,syn_flood
2436,1781099981.084552,normal
2437,1781099981.087049,syn_flood
2438,1781099981.088541,syn_flood
2439,1781099981.091426,syn_flood
2440,1781099981.094185,syn_flood
2441,1781099981.096685,syn_flood
2442,1781099981.098506,normal
2443,1781099981.101179,normal
2444,1781099981.103340,syn_flood
2445,1781099981.105847,syn_flood
2446,1781099981.107465,normal
2447,1781099981.108958,normal
2448,1781099981.110686,syn_flood
2449,1781099981.112132,syn_flood
2450,1781099981.114297,syn_flood
2451,1781099981.116049,normal
2452,1781099981.117526,normal
2453,1781099981.119872,syn_flood
2454,1781099981.121794,syn_flood
2455,1781099981.123449,syn_flood
2456,1781099981.126413,syn_flood
2457,1781099981.128946,syn_flood
2458,1781099981.130796,syn_flood
2459,1781099981.132765,syn_flood
2460,1781099981.134701,syn_flood
2461,1781099981.136383,normal
2462,1781099981.138647,syn_flood
2463,1781099981.140306,syn_flood
2464,1781099981.142600,normal
2465,1781099981.144941,normal
2466,1781099981.146350,syn_flood
2467,1781099981.148405,normal
2468,1781099981.150821,normal
2469,1781099981.152839,syn_flood
2470,1781099981.155506,syn_flood
2471,1781099981.157252,syn_flood
2472,1781099981.158960,normal
2473,1781099981.160419,normal
2474,1781099981.162723,syn_flood
2475,1781099981.164624,syn_flood
2476,1781099981.167482,syn_flood
2477,1781099981.169588,normal
2478,1781099981.171067,normal
2479,1781099981.173098,syn_flood
2480,1781099981.174956,syn_flood
2481,1781099981.177197,syn_flood
2482,1781099981.178628,normal
2483,1781099981.180375,normal
2484,1781099981.181748,syn_flood
2485,1781099981.183493,normal
2486,1781099981.185101,syn_flood
2487,1781099981.186364,syn_flood
2488,1781099981.189382,syn_flood
2489,1781099981.191526,normal
2490,1781099981.192913,normal
2491,1781099981.194970,syn_flood
2492,1781099981.197096,normal
2493,1781099981.200106,syn_flood
2494,1781099981.202486,syn_flood
2495,1781099981.204653,syn_flood
2496,1781099981.206337,normal
2497,1781099981.208793,normal
2498,1781099981.210439,normal
2499,1781099981.212183,normal
2500,1781099981.214390,syn_flood
2501,1781099981.215771,syn_flood
2502,1781099981.218261,syn_flood
2503,1781099981.221103,normal
2504,1781099981.222690,syn_flood
2505,1781099981.224817,normal
2506,1781099981.226145,syn_flood
2507,1781099981.227992,normal
2508,1781099981.229967,syn_flood
2509,1781099981.232308,syn_flood
2510,1781099981.236076,normal
2511,1781099981.237707,normal
2512,1781099981.239661,syn_flood
2513,1781099981.241648,syn_flood
2514,1781099981.243616,syn_flood
2515,1781099981.245488,syn_flood
2516,1781099981.246857,syn_flood
2517,1781099981.248958,syn_flood
2518,1781099981.250719,normal
2519,1781099981.253372,syn_flood
2520,1781099981.256061,syn_flood
2521,1781099981.257622,normal
2522,1781099981.259304,syn_flood
2523,1781099981.261220,normal
2524,1781099981.264045,syn_flood
2525,1781099981.265949,syn_flood
2526,1781099981.267352,syn_flood
2527,1781099981.269449,normal
2528,1781099981.272202,syn_flood
2529,1781099981.273676,syn_flood
2530,1781099981.276085,normal
2531,1781099981.277300,syn_flood
2532,1781099981.278921,syn_flood
2533,1781099981.281392,normal
2534,1781099981.283696,syn_flood
2535,1781099981.286323,syn_flood
2536,1781099981.288547,syn_flood
2537,1781099981.290500,normal
2538,1781099981.292684,syn_flood
2539,1781099981.295181,syn_flood
2540,1781099981.296797,syn_flood
2541,1781099981.298631,normal
2542,1781099981.301563,syn_flood
2543,1781099981.303373,syn_flood
2544,1781099981.305780,syn_flood
2545,1781099981.307708,syn_flood
2546,1781099981.309681,syn_flood
2547,1781099981.311870,normal
2548,1781099981.313359,syn_flood
2549,1781099981.315568,normal
2550,1781099981.317511,normal
2551,1781099981.319836,syn_flood
2552,1781099981.322294,syn_flood
2553,1781099981.324102,syn_flood
2554,1781099981.326029,syn_flood
2555,1781099981.328209,syn_flood
2556,1781099981.330960,syn_flood
2557,1781099981.332851,normal
2558,1781099981.334715,syn_flood
2559,1781099981.336403,syn_flood
2560,1781099981.338591,syn_flood
2561,1781099981.340230,syn_flood
2562,1781099981.342435,syn_flood
2563,1781099981.343962,normal
2564,1781099981.346498,syn_flood
2565,1781099981.348614,syn_flood
2566,1781099981.350081,syn_flood
2567,1781099981.351771,syn_flood
2568,1781099981.353637,syn_flood
2569,1781099981.355873,syn_flood
2570,1781099981.357506,syn_flood
2571,1781099981.359231,syn_flood
2572,1781099981.360600,syn_flood
2573,1781099981.362738,normal
2574,1781099981.364183,syn_flood
2575,1781099981.365949,syn_flood
2576,1781099981.368453,syn_flood
2577,1781099981.371259,syn_flood
2578,1781099981.373231,normal
2579,1781099981.374588,syn_flood
2580,1781099981.376490,syn_flood
2581,1781099981.378763,syn_flood
2582,1781099981.380752,syn_flood
2583,1781099981.383733,normal
2584,1781099981.386329,syn_flood
2585,1781099981.388467,syn_flood
2586,1781099981.391306,syn_flood
2587,1781099981.393439,normal
2588,1781099981.395236,syn_flood
2589,1781099981.397349,syn_flood
2590,1781099981.399639,syn_flood
2591,1781099981.401219,normal
2592,1781099981.403348,normal
2593,1781099981.405152,normal
2594,1781099981.407257,normal
2595,1781099981.409588,syn_flood
2596,1781099981.411959,syn_flood
2597,1781099981.415483,syn_flood
2598,1781099981.418430,syn_flood
2599,1781099981.420104,normal
2600,1781099981.421674,syn_flood
2601,1781099981.424742,syn_flood
2602,1781099981.426921,syn_flood
2603,1781099981.428636,syn_flood
2604,1781099981.431237,syn_flood
2605,1781099981.433499,syn_flood
2606,1781099981.434969,syn_flood
2607,1781099981.437142,syn_flood
2608,1781099981.439141,syn_flood
2609,1781099981.440803,normal
2610,1781099981.442945,normal
2611,1781099981.445436,normal
2612,1781099981.447400,syn_flood
2613,1781099981.449475,normal
2614,1781099981.452136,normal
2615,1781099981.454564,syn_flood
2616,1781099981.457211,normal
2617,1781099981.458979,syn_flood
2618,1781099981.460920,syn_flood
2619,1781099981.462926,normal
2620,1781099981.464995,syn_flood
2621,1781099981.468155,normal
2622,1781099981.469885,syn_flood
2623,1781099981.472827,syn_flood
2624,1781099981.474655,syn_flood
2625,1781099981.476279,normal
2626,1781099981.477763,normal
2627,1781099981.480871,syn_flood
2628,1781099981.483877,syn_flood
2629,1781099981.486546,normal
2630,1781099981.488445,syn_flood
2631,1781099981.489863,syn_flood
2632,1781099981.492096,syn_flood
2633,1781099981.493729,normal
2634,1781099981.495983,syn_flood
2635,1781099981.498325,syn_flood
2636,1781099981.500826,normal
2637,1781099981.502370,syn_flood
2638,1781099981.504617,syn_flood
2639,1781099981.506361,syn_flood
2640,1781099981.508300,normal
2641,1781099981.509810,syn_flood
2642,1781099981.512508,syn_flood
2643,1781099981.514731,syn_flood
2644,1781099981.517637,syn_flood
2645,1781099981.519933,normal
2646,1781099981.521854,normal
2647,1781099981.523442,syn_flood
2648,1781099981.525682,syn_flood
2649,1781099981.527498,syn_flood
2650,1781099981.529263,syn_flood
2651,1781099981.531490,syn_flood
2652,1781099981.533483,syn_flood
2653,1781099981.535054,syn_flood
2654,1781099981.537285,normal
2655,1781099981.540534,syn_flood
2656,1781099981.542293,syn_flood
2657,1781099981.544145,syn_flood
2658,1781099981.546560,syn_flood
2659,1781099981.549812,syn_flood
2660,1781099981.552334,syn_flood
2661,1781099981.555377,syn_flood
2662,1781099981.556842,syn_flood
2663,1781099981.559873,syn_flood
2664,1781099981.561731,syn_flood
2665,1781099981.563711,syn_flood
2666,1781099981.565841,syn_flood
2667,1781099981.567860,syn_flood
2668,1781099981.570045,syn_flood
2669,1781099981.571604,normal
2670,1781099981.573744,normal
2671,1781099981.575340,syn_flood
2672,1781099981.578210,syn_flood
2673,1781099981.579828,normal
2674,1781099981.582459,syn_flood
2675,1781099981.584725,syn_flood
2676,1781099981.586761,syn_flood
2677,1781099981.588877,syn_flood
2678,1781099981.590885,syn_flood
2679,1781099981.593251,normal
2680,1781099981.594706,syn_flood
2681,1781099981.596673,syn_flood
2682,1781099981.598955,normal
2683,1781099981.600638,syn_flood
2684,1781099981.602670,normal
2685,1781099981.604629,syn_flood
2686,1781099981.606854,syn_flood
2687,1781099981.608999,normal
2688,1781099981.610885,normal
2689,1781099981.612732,syn_flood
2690,1781099981.615213,syn_flood
2691,1781099981.617327,syn_flood
2692,1781099981.619843,normal
2693,1781099981.620884,syn_flood
2694,1781099981.623351,normal
2695,1781099981.624891,syn_flood
2696,1781099981.627205,syn_flood
2697,1781099981.629344,syn_flood
2698,1781099981.631931,syn_flood
2699,1781099981.633637,syn_flood
2700,1781099981.636123,syn_flood
2701,1781099981.638513,normal
2702,1781099981.640876,normal
2703,1781099981.642756,normal
2704,1781099981.644471,syn_flood
2705,1781099981.647342,normal
2706,1781099981.649882,syn_flood
2707,1781099981.651612,normal
2708,1781099981.653522,syn_flood
2709,1781099981.654949,syn_flood
2710,1781099981.657602,syn_flood
2711,1781099981.660440,normal
2712,1781099981.661885,syn_flood
2713,1781099981.664272,syn_flood
2714,1781099981.665765,syn_flood
2715,1781099981.667054,normal
2716,1781099981.668820,syn_flood
2717,1781099981.671021,normal
2718,1781099981.674103,syn_flood
2719,1781099981.676278,syn_flood
2720,1781099981.677906,syn_flood
2721,1781099981.680183,syn_flood
2722,1781099981.683228,normal
2723,1781099981.685168,normal
2724,1781099981.686372,syn_flood
2725,1781099981.688655,syn_flood
2726,1781099981.690663,normal
2727,1781099981.692494,normal
2728,1781099981.694633,normal
2729,1781099981.696617,syn_flood
2730,1781099981.698411,syn_flood
2731,1781099981.700264,syn_flood
2732,1781099981.701748,normal
2733,1781099981.704336,normal
2734,1781099981.706324,syn_flood
2735,1781099981.708085,syn_flood
2736,1781099981.709676,normal
2737,1781099981.711645,syn_flood
2738,1781099981.714116,normal
2739,1781099981.716568,syn_flood
2740,1781099981.718480,syn_flood
2741,1781099981.721766,syn_flood
2742,1781099981.723488,normal
2743,1781099981.725455,syn_flood
2744,1781099981.726971,syn_flood
2745,1781099981.729646,normal
2746,1781099981.731477,syn_flood
2747,1781099981.734032,normal
2748,1781099981.735748,normal
2749,1781099981.738798,normal
2750,1781099981.740661,syn_flood
2751,1781099981.743008,syn_flood
2752,1781099981.744953,syn_flood
2753,1781099981.746984,normal
2754,1781099981.749095,syn_flood
2755,1781099981.751129,normal
2756,1781099981.753410,syn_flood
2757,1781099981.755802,normal
2758,1781099981.757922,normal
2759,1781099981.759744,syn_flood
2760,1781099981.761460,syn_flood
2761,1781099981.763300,syn_flood
2762,1781099981.764971,syn_flood
2763,1781099981.767298,syn_flood
2764,1781099981.769299,syn_flood
2765,1781099981.771676,syn_flood
2766,1781099981.774246,normal
2767,1781099981.776740,syn_flood
2768,1781099981.778917,normal
2769,1781099981.780617,normal
2770,1781099981.782541,syn_flood
2771,1781099981.784112,syn_flood
2772,1781099981.786268,normal
2773,1781099981.788135,normal
2774,1781099981.789740,normal
2775,1781099981.791517,syn_flood
2776,1781099981.793415,syn_flood
2777,1781099981.795396,syn_flood
2778,1781099981.797321,normal
2779,1781099981.799326,normal
2780,1781099981.800574,normal
2781,1781099981.802907,syn_flood
2782,1781099981.804679,syn_flood
2783,1781099981.806823,syn_flood
2784,1781099981.808261,syn_flood
2785,1781099981.809839,normal
2786,1781099981.811225,syn_flood
2787,1781099981.813113,syn_flood
2788,1781099981.815230,syn_flood
2789,1781099981.817069,syn_flood
2790,1781099981.820073,syn_flood
2791,1781099981.822244,syn_flood
2792,1781099981.823612,normal
2793,1781099981.825775,normal
2794,1781099981.827781,normal
2795,1781099981.829689,normal
2796,1781099981.831720,syn_flood
2797,1781099981.833360,normal
2798,1781099981.835522,syn_flood
2799,1781099981.837724,syn_flood
2800,1781099981.839134,syn_flood
2801,1781099981.840516,normal
2802,1781099981.842627,syn_flood
2803,1781099981.845092,syn_flood
2804,1781099981.848715,syn_flood
2805,1781099981.850558,syn_flood
2806,1781099981.852986,syn_flood
2807,1781099981.854796,syn_flood
2808,1781099981.856555,syn_flood
2809,1781099981.858634,normal
2810,1781099981.861297,syn_flood
2811,1781099981.863311,syn_flood
2812,1781099981.864558,syn_flood
2813,1781099981.866428,normal
2814,1781099981.868030,normal
2815,1781099981.870877,syn_flood
2816,1781099981.873083,normal
2817,1781099981.874686,syn_flood
2818,1781099981.876982,syn_flood
2819,1781099981.879098,syn_flood
2820,1781099981.880826,syn_flood
2821,1781099981.883469,syn_flood
2822,1781099981.885193,normal
2823,1781099981.886542,syn_flood
2824,1781099981.888239,syn_flood
2825,1781099981.891256,syn_flood
2826,1781099981.893594,syn_flood
2827,1781099981.895167,syn_flood
2828,1781099981.897615,syn_flood
2829,1781099981.899651,syn_flood
2830,1781099981.901703,syn_flood
2831,1781099981.904279,syn_flood
2832,1781099981.906538,normal
2833,1781099981.908986,syn_flood
2834,1781099981.911698,syn_flood
2835,1781099981.912908,syn_flood
2836,1781099981.915535,syn_flood
2837,1781099981.917386,syn_flood
2838,1781099981.919791,syn_flood
2839,1781099981.921643,syn_flood
2840,1781099981.923331,syn_flood
2841,1781099981.925229,syn_flood
2842,1781099981.926777,syn_flood
2843,1781099981.928652,syn_flood
2844,1781099981.930930,syn_flood
2845,1781099981.932492,syn_flood
2846,1781099981.934324,normal
2847,1781099981.936205,syn_flood
2848,1781099981.938685,syn_flood
2849,1781099981.940614,syn_flood
2850,1781099981.942669,normal
2851,1781099981.945118,syn_flood
2852,1781099981.947686,syn_flood
2853,1781099981.950129,syn_flood
2854,1781099981.952961,syn_flood
2855,1781099981.954528,syn_flood
2856,1781099981.955914,syn_flood
2857,1781099981.957337,syn_flood
2858,1781099981.959159,syn_flood
2859,1781099981.961030,syn_flood
2860,1781099981.962746,syn_flood
2861,1781099981.964110,syn_flood
2862,1781099981.965890,syn_flood
2863,1781099981.968084,normal
2864,1781099981.969472,syn_flood
2865,1781099981.972274,syn_flood
2866,1781099981.974384,syn_flood
2867,1781099981.976678,normal
2868,1781099981.978832,syn_flood
2869,1781099981.980786,syn_flood
2870,1781099981.982692,syn_flood
2871,1781099981.986178,syn_flood
2872,1781099981.988041,syn_flood
2873,1781099981.989823,syn_flood
2874,1781099981.992558,normal
2875,1781099981.994896,syn_flood
2876,1781099981.996895,syn_flood
2877,1781099981.998854,normal
2878,1781099982.000512,syn_flood
2879,1781099982.002329,normal
2880,1781099982.005275,normal
2881,1781099982.007004,normal
2882,1781099982.008796,syn_flood
2883,1781099982.010393,normal
2884,1781099982.012445,syn_flood
2885,1781099982.013821,normal
2886,1781099982.014960,syn_flood
2887,1781099982.017052,syn_flood
2888,1781099982.018729,syn_flood
2889,1781099982.020773,syn_flood
2890,1781099982.022248,normal
2891,1781099982.023852,normal
2892,1781099982.026042,syn_flood
2893,1781099982.027088,syn_flood
2894,1781099982.028719,syn_flood
2895,1781099982.030151,normal
2896,1781099982.031502,normal
2897,1781099982.033986,syn_flood
2898,1781099982.035177,syn_flood
2899,1781099982.036419,syn_flood
2900,1781099982.037492,syn_flood
2901,1781099982.039423,syn_flood
2902,1781099982.040621,syn_flood
2903,1781099982.043125,syn_flood
2904,1781099982.044786,normal
2905,1781099982.046811,normal
2906,1781099982.048848,syn_flood
2907,1781099982.050636,syn_flood
2908,1781099982.053186,syn_flood
2909,1781099982.054627,syn_flood
2910,1781099982.057282,syn_flood
2911,1781099982.059222,syn_flood
2912,1781099982.060545,syn_flood
2913,1781099982.061999,syn_flood
2914,1781099982.064083,syn_flood
2915,1781099982.066065,syn_flood
2916,1781099982.067615,normal
2917,1781099982.069111,normal
2918,1781099982.071280,syn_flood
2919,1781099982.073666,syn_flood
2920,1781099982.075898,syn_flood
2921,1781099982.077512,syn_flood
2922,1781099982.079463,syn_flood
2923,1781099982.080739,syn_flood
2924,1781099982.082623,syn_flood
2925,1781099982.084209,normal
2926,1781099982.086440,syn_flood
2927,1781099982.089174,syn_flood
2928,1781099982.091487,normal
2929,1781099982.093676,syn_flood
2930,1781099982.095459,normal
2931,1781099982.097429,syn_flood
2932,1781099982.099176,syn_flood
2933,1781099982.101258,syn_flood
2934,1781099982.103622,syn_flood
2935,1781099982.105480,syn_flood
2936,1781099982.107004,syn_flood
2937,1781099982.109456,normal
2938,1781099982.111519,syn_flood
2939,1781099982.113306,syn_flood
2940,1781099982.115134,syn_flood
2941,1781099982.117035,syn_flood
2942,1781099982.118922,syn_flood
2943,1781099982.121727,syn_flood
2944,1781099982.123855,normal
2945,1781099982.125149,normal
2946,1781099982.126871,syn_flood
2947,1781099982.128540,syn_flood
2948,1781099982.130751,syn_flood
2949,1781099982.132329,syn_flood
2950,1781099982.135378,syn_flood
2951,1781099982.137619,normal
2952,1781099982.139048,syn_flood
2953,1781099982.140656,normal
2954,1781099982.142054,syn_flood
2955,1781099982.144300,normal
2956,1781099982.146147,syn_flood
2957,1781099982.148350,syn_flood
2958,1781099982.150581,syn_flood
2959,1781099982.152872,syn_flood
2960,1781099982.154514,syn_flood
2961,1781099982.156989,syn_flood
2962,1781099982.158998,syn_flood
2963,1781099982.160739,syn_flood
2964,1781099982.163168,syn_flood
2965,1781099982.165080,syn_flood
2966,1781099982.167626,syn_flood
2967,1781099982.169632,syn_flood
2968,1781099982.171587,syn_flood
2969,1781099982.173613,normal
2970,1781099982.175429,syn_flood
2971,1781099982.178516,normal
2972,1781099982.180412,syn_flood
2973,1781099982.182639,syn_flood
2974,1781099982.184751,syn_flood
2975,1781099982.186578,syn_flood
2976,1781099982.189066,normal
2977,1781099982.190346,syn_flood
2978,1781099982.192784,syn_flood
2979,1781099982.194398,syn_flood
2980,1781099982.196399,normal
2981,1781099982.198592,syn_flood
2982,1781099982.200391,syn_flood
2983,1781099982.202597,syn_flood
2984,1781099982.204503,syn_flood
2985,1781099982.206250,syn_flood
2986,1781099982.207930,normal
2987,1781099982.209652,syn_flood
2988,1781099982.211188,syn_flood
2989,1781099982.213170,normal
2990,1781099982.215441,normal
2991,1781099982.217458,syn_flood
2992,1781099982.219067,syn_flood
2993,1781099982.220041,syn_flood
2994,1781099982.222355,syn_flood
2995,1781099982.224349,syn_flood
2996,1781099982.226067,syn_flood
2997,1781099982.228136,syn_flood
2998,1781099982.230282,syn_flood
2999,1781099982.232984,syn_flood
3000,1781099982.234697,syn_flood
3001,1781099982.236266,syn_flood
3002,1781099982.238120,syn_flood
3003,1781099982.239912,syn_flood
3004,1781099982.241420,normal
3005,1781099982.244703,syn_flood
3006,1781099982.245907,syn_flood
3007,1781099982.248055,normal
3008,1781099982.249478,normal
3009,1781099982.250847,normal
3010,1781099982.252396,syn_flood
3011,1781099982.254584,syn_flood
3012,1781099982.256097,syn_flood
3013,1781099982.258058,syn_flood
3014,1781099982.259700,normal
3015,1781099982.262170,syn_flood
3016,1781099982.264191,syn_flood
3017,1781099982.266005,syn_flood
3018,1781099982.268031,syn_flood
3019,1781099982.269808,syn_flood
3020,1781099982.272369,syn_flood
3021,1781099982.274106,normal
3022,1781099982.275573,syn_flood
3023,1781099982.277036,syn_flood
3024,1781099982.278697,syn_flood
3025,1781099982.280175,normal
3026,1781099982.281920,syn_flood
3027,1781099982.284165,normal
3028,1781099982.285856,syn_flood
3029,1781099982.287348,syn_flood
3030,1781099982.288816,syn_flood
3031,1781099982.290342,syn_flood
3032,1781099982.291965,normal
3033,1781099982.294297,normal
3034,1781099982.295505,syn_flood
3035,1781099982.297315,normal
3036,1781099982.299317,syn_flood
3037,1781099982.301718,syn_flood
3038,1781099982.303776,syn_flood
3039,1781099982.305878,syn_flood
3040,1781099982.308133,syn_flood
3041,1781099982.309508,syn_flood
3042,1781099982.310836,syn_flood
3043,1781099982.312771,normal
3044,1781099982.314824,normal
3045,1781099982.316716,syn_flood
3046,1781099982.317975,syn_flood
3047,1781099982.319786,syn_flood
3048,1781099982.322314,syn_flood
3049,1781099982.324302,syn_flood
3050,1781099982.325957,syn_flood
3051,1781099982.327912,syn_flood
3052,1781099982.330029,syn_flood
3053,1781099982.332118,syn_flood
3054,1781099982.333617,syn_flood
3055,1781099982.335000,syn_flood
3056,1781099982.335969,syn_flood
3057,1781099982.337808,syn_flood
3058,1781099982.338996,syn_flood
3059,1781099982.340331,syn_flood
3060,1781099982.341797,normal
3061,1781099982.343399,syn_flood
3062,1781099982.345572,syn_flood
3063,1781099982.347335,syn_flood
3064,1781099982.349445,syn_flood
3065,1781099982.351289,syn_flood
3066,1781099982.353428,normal
3067,1781099982.355491,syn_flood
3068,1781099982.357735,syn_flood
3069,1781099982.359310,syn_flood
3070,1781099982.361156,syn_flood
3071,1781099982.363188,syn_flood
3072,1781099982.364645,syn_flood
3073,1781099982.366379,syn_flood
3074,1781099982.367767,syn_flood
3075,1781099982.369438,syn_flood
3076,1781099982.371806,syn_flood
3077,1781099982.373831,syn_flood
3078,1781099982.375550,syn_flood
3079,1781099982.377077,normal
3080,1781099982.379233,syn_flood
3081,1781099982.380622,normal
3082,1781099982.382268,syn_flood
3083,1781099982.383841,syn_flood
3084,1781099982.385648,syn_flood
3085,1781099982.386854,syn_flood
3086,1781099982.388295,syn_flood
3087,1781099982.389972,syn_flood
3088,1781099982.391505,syn_flood
3089,1781099982.393940,syn_flood
3090,1781099982.395608,syn_flood
3091,1781099982.397028,normal
3092,1781099982.398084,syn_flood
3093,1781099982.399805,syn_flood
3094,1781099982.400909,syn_flood
3095,1781099982.402534,syn_flood
3096,1781099982.404230,syn_flood
3097,1781099982.406042,syn_flood
3098,1781099982.407259,syn_flood
3099,1781099982.408555,syn_flood
3100,1781099982.409917,syn_flood
3101,1781099982.411555,syn_flood
3102,1781099982.412847,syn_flood
3103,1781099982.415413,syn_flood
3104,1781099982.416887,syn_flood
3105,1781099982.418065,syn_flood
3106,1781099982.420474,syn_flood
3107,1781099982.421723,syn_flood
3108,1781099982.422956,syn_flood
3109,1781099982.424550,syn_flood
3110,1781099982.426356,syn_flood
3111,1781099982.427920,syn_flood
3112,1781099982.429862,syn_flood
3113,1781099982.430988,syn_flood
3114,1781099982.433525,syn_flood
3115,1781099982.434973,syn_flood
3116,1781099982.436337,syn_flood
3117,1781099982.438008,normal
3118,1781099982.440167,syn_flood
3119,1781099982.441577,syn_flood
3120,1781099982.442926,syn_flood
3121,1781099982.444620,syn_flood
3122,1781099982.446557,normal
3123,1781099982.448028,syn_flood
3124,1781099982.449836,syn_flood
3125,1781099982.452286,syn_flood
3126,1781099982.453664,syn_flood
3127,1781099982.454903,syn_flood
3128,1781099982.456917,normal
3129,1781099982.458851,syn_flood
3130,1781099982.461113,syn_flood
3131,1781099982.463149,syn_flood
3132,1781099982.465151,syn_flood
3133,1781099982.466921,syn_flood
3134,1781099982.468525,normal
3135,1781099982.470327,syn_flood
3136,1781099982.471599,syn_flood
3137,1781099982.473090,normal
3138,1781099982.474995,normal
3139,1781099982.476710,syn_flood
3140,1781099982.478323,syn_flood
3141,1781099982.480137,syn_flood
3142,1781099982.482167,syn_flood
3143,1781099982.483627,syn_flood
3144,1781099982.484885,syn_flood
3145,1781099982.486313,normal
3146,1781099982.488152,syn_flood
3147,1781099982.490031,normal
3148,1781099982.492092,syn_flood
3149,1781099982.493502,syn_flood
3150,1781099982.495367,syn_flood
3151,1781099982.496800,syn_flood
3152,1781099982.498039,syn_flood
3153,1781099982.499603,syn_flood
3154,1781099982.501187,normal
3155,1781099982.502313,syn_flood
3156,1781099982.503844,normal
3157,1781099982.505324,syn_flood
3158,1781099982.506902,syn_flood
3159,1781099982.507937,syn_flood
3160,1781099982.509305,syn_flood
3161,1781099982.511165,syn_flood
3162,1781099982.512794,syn_flood
3163,1781099982.515587,syn_flood
3164,1781099982.517540,syn_flood
3165,1781099982.519153,syn_flood
3166,1781099982.520741,syn_flood
3167,1781099982.521839,syn_flood
3168,1781099982.523838,syn_flood
3169,1781099982.525060,normal
3170,1781099982.526522,syn_flood
3171,1781099982.528106,syn_flood
3172,1781099982.529890,syn_flood
3173,1781099982.530967,syn_flood
3174,1781099982.533628,normal
3175,1781099982.535052,syn_flood
3176,1781099982.536653,syn_flood
3177,1781099982.538844,syn_flood
3178,1781099982.540402,syn_flood
3179,1781099982.542135,syn_flood
3180,1781099982.543888,normal
3181,1781099982.545463,syn_flood
3182,1781099982.546687,syn_flood
3183,1781099982.548228,syn_flood
3184,1781099982.549552,syn_flood
3185,1781099982.551387,syn_flood
3186,1781099982.553339,syn_flood
3187,1781099982.555010,syn_flood
3188,1781099982.556882,syn_flood
3189,1781099982.558865,syn_flood
3190,1781099982.560267,normal
3191,1781099982.561572,syn_flood
3192,1781099982.562871,syn_flood
3193,1781099982.564162,syn_flood
3194,1781099982.565578,syn_flood
3195,1781099982.566981,syn_flood
3196,1781099982.569072,syn_flood
3197,1781099982.571113,syn_flood
3198,1781099982.573283,normal
3199,1781099982.575751,syn_flood
3200,1781099982.577331,syn_flood
3201,1781099982.578844,syn_flood
3202,1781099982.580175,syn_flood
3203,1781099982.581421,syn_flood
3204,1781099982.583097,syn_flood
3205,1781099982.584952,syn_flood
3206,1781099982.586400,syn_flood
3207,1781099982.587945,normal
3208,1781099982.589535,syn_flood
3209,1781099982.590808,syn_flood
3210,1781099982.592457,syn_flood
3211,1781099982.594600,syn_flood
3212,1781099982.596325,syn_flood
3213,1781099982.598305,syn_flood
3214,1781099982.600040,syn_flood
3215,1781099982.601564,syn_flood
3216,1781099982.603598,syn_flood
3217,1781099982.605306,syn_flood
3218,1781099982.607230,syn_flood
3219,1781099982.608313,syn_flood
3220,1781099982.609595,normal
3221,1781099982.610995,syn_flood
3222,1781099982.612309,syn_flood
3223,1781099982.614266,syn_flood
3224,1781099982.615375,syn_flood
3225,1781099982.617168,syn_flood
3226,1781099982.618311,syn_flood
3227,1781099982.619837,syn_flood
3228,1781099982.621414,syn_flood
3229,1781099982.623266,syn_flood
3230,1781099982.625012,syn_flood
3231,1781099982.626623,syn_flood
3232,1781099982.627961,syn_flood
3233,1781099982.630006,syn_flood
3234,1781099982.632170,syn_flood
3235,1781099982.633880,syn_flood
3236,1781099982.635513,syn_flood
3237,1781099982.636615,syn_flood
3238,1781099982.638150,normal
3239,1781099982.639406,syn_flood
3240,1781099982.640671,normal
3241,1781099982.642486,syn_flood
3242,1781099982.644257,syn_flood
3243,1781099982.645930,syn_flood
3244,1781099982.647516,syn_flood
3245,1781099982.649497,syn_flood
3246,1781099982.651558,syn_flood
3247,1781099982.652977,syn_flood
3248,1781099982.654588,syn_flood
3249,1781099982.655804,syn_flood
3250,1781099982.657152,syn_flood
3251,1781099982.658939,normal
3252,1781099982.660759,syn_flood
3253,1781099982.662509,syn_flood
3254,1781099982.665312,normal
3255,1781099982.667043,syn_flood
3256,1781099982.668568,syn_flood
3257,1781099982.669920,syn_flood
3258,1781099982.671366,syn_flood
3259,1781099982.672646,syn_flood
3260,1781099982.674222,syn_flood
3261,1781099982.676176,syn_flood
3262,1781099982.677709,syn_flood
3263,1781099982.679130,normal
3264,1781099982.680444,syn_flood
3265,1781099982.681818,syn_flood
3266,1781099982.682815,syn_flood
3267,1781099982.684615,syn_flood
3268,1781099982.686790,syn_flood
3269,1781099982.689006,syn_flood
3270,1781099982.690780,syn_flood
3271,1781099982.693073,syn_flood
3272,1781099982.694592,syn_flood
3273,1781099982.696392,syn_flood
3274,1781099982.697501,normal
3275,1781099982.699116,syn_flood
3276,1781099982.700832,syn_flood
3277,1781099982.702161,syn_flood
3278,1781099982.703780,normal
3279,1781099982.705162,syn_flood
3280,1781099982.706537,normal
3281,1781099982.707988,normal
3282,1781099982.709782,syn_flood
3283,1781099982.711609,syn_flood
3284,1781099982.713320,syn_flood
3285,1781099982.714892,syn_flood
3286,1781099982.716558,syn_flood
3287,1781099982.718393,syn_flood
3288,1781099982.719769,syn_flood
3289,1781099982.720977,normal
3290,1781099982.722776,syn_flood
3291,1781099982.724162,syn_flood
3292,1781099982.725999,syn_flood
3293,1781099982.727183,syn_flood
3294,1781099982.728596,syn_flood
3295,1781099982.730896,syn_flood
3296,1781099982.732554,syn_flood
3297,1781099982.733652,syn_flood
3298,1781099982.734661,syn_flood
3299,1781099982.736321,syn_flood
3300,1781099982.737849,syn_flood
3301,1781099982.739194,syn_flood
3302,1781099982.740903,syn_flood
3303,1781099982.741945,normal
3304,1781099982.743456,normal
3305,1781099982.745207,syn_flood
3306,1781099982.747056,syn_flood
3307,1781099982.748841,normal
3308,1781099982.750880,syn_flood
3309,1781099982.752619,syn_flood
3310,1781099982.754780,syn_flood
3311,1781099982.756471,syn_flood
3312,1781099982.757804,syn_flood
3313,1781099982.759684,normal
3314,1781099982.761323,syn_flood
3315,1781099982.762826,syn_flood
3316,1781099982.765010,syn_flood
3317,1781099982.766501,syn_flood
3318,1781099982.768432,normal
3319,1781099982.770888,normal
3320,1781099982.772867,syn_flood
3321,1781099982.774016,syn_flood
3322,1781099982.775915,syn_flood
3323,1781099982.777067,syn_flood
3324,1781099982.778567,syn_flood
3325,1781099982.779643,syn_flood
3326,1781099982.781310,syn_flood
3327,1781099982.782573,syn_flood
3328,1781099982.783797,syn_flood
3329,1781099982.785503,syn_flood
3330,1781099982.787286,syn_flood
3331,1781099982.789068,syn_flood
3332,1781099982.791031,syn_flood
3333,1781099982.792725,syn_flood
3334,1781099982.794710,syn_flood
3335,1781099982.796164,syn_flood
3336,1781099982.797208,syn_flood
3337,1781099982.799240,syn_flood
3338,1781099982.800363,syn_flood
3339,1781099982.801819,syn_flood
3340,1781099982.803041,syn_flood
3341,1781099982.804074,normal
3342,1781099982.805537,syn_flood
3343,1781099982.807108,syn_flood
3344,1781099982.808625,syn_flood
3345,1781099982.809915,syn_flood
3346,1781099982.811696,syn_flood
3347,1781099982.813164,syn_flood
3348,1781099982.814508,syn_flood
3349,1781099982.815993,syn_flood
3350,1781099982.818336,normal
3351,1781099982.820133,syn_flood
3352,1781099982.821312,syn_flood
3353,1781099982.822877,syn_flood
3354,1781099982.824912,syn_flood
3355,1781099982.826317,syn_flood
3356,1781099982.827762,syn_flood
3357,1781099982.829506,normal
3358,1781099982.830873,syn_flood
3359,1781099982.831992,syn_flood
3360,1781099982.834339,syn_flood
3361,1781099982.835587,syn_flood
3362,1781099982.837091,syn_flood
3363,1781099982.838690,syn_flood
3364,1781099982.840271,normal
3365,1781099982.841604,syn_flood
3366,1781099982.842957,syn_flood
3367,1781099982.844338,syn_flood
3368,1781099982.845695,syn_flood
3369,1781099982.847236,syn_flood
3370,1781099982.849376,syn_flood
3371,1781099982.850546,syn_flood
3372,1781099982.852078,normal
3373,1781099982.853395,normal
3374,1781099982.854782,normal
3375,1781099982.856347,syn_flood
3376,1781099982.857313,syn_flood
3377,1781099982.858827,syn_flood
3378,1781099982.860126,syn_flood
3379,1781099982.861353,syn_flood
3380,1781099982.862492,syn_flood
3381,1781099982.864380,syn_flood
3382,1781099982.865757,syn_flood
3383,1781099982.867039,normal
3384,1781099982.869170,syn_flood
3385,1781099982.871181,normal
3386,1781099982.872391,syn_flood
3387,1781099982.873679,syn_flood
3388,1781099982.875045,syn_flood
3389,1781099982.876391,syn_flood
3390,1781099982.877417,syn_flood
3391,1781099982.878730,syn_flood
3392,1781099982.880291,syn_flood
3393,1781099982.881872,syn_flood
3394,1781099982.883760,syn_flood
3395,1781099982.885191,syn_flood
3396,1781099982.886548,syn_flood
3397,1781099982.887590,syn_flood
3398,1781099982.888619,normal
3399,1781099982.889839,normal
3400,1781099982.891205,syn_flood
3401,1781099982.893065,syn_flood
3402,1781099982.894539,syn_flood
3403,1781099982.895817,normal
3404,1781099982.897791,syn_flood
3405,1781099982.898987,syn_flood
3406,1781099982.900722,syn_flood
3407,1781099982.902500,normal
3408,1781099982.904099,syn_flood
3409,1781099982.905705,syn_flood
3410,1781099982.906756,normal
3411,1781099982.909316,syn_flood
3412,1781099982.910518,normal
3413,1781099982.912408,syn_flood
3414,1781099982.914629,syn_flood
3415,1781099982.916041,syn_flood
3416,1781099982.917553,normal
3417,1781099982.919295,syn_flood
3418,1781099982.920964,syn_flood
3419,1781099982.922570,syn_flood
3420,1781099982.923782,syn_flood
3421,1781099982.925708,syn_flood
3422,1781099982.927071,syn_flood
3423,1781099982.928379,syn_flood
3424,1781099982.929727,syn_flood
3425,1781099982.930846,syn_flood
3426,1781099982.931882,syn_flood
3427,1781099982.933508,normal
3428,1781099982.935065,syn_flood
3429,1781099982.936243,syn_flood
3430,1781099982.937642,syn_flood
3431,1781099982.939254,syn_flood
3432,1781099982.940514,syn_flood
3433,1781099982.942681,syn_flood
3434,1781099982.944554,syn_flood
3435,1781099982.945828,syn_flood
3436,1781099982.946881,syn_flood
3437,1781099982.948131,syn_flood
3438,1781099982.949682,syn_flood
3439,1781099982.951909,syn_flood
3440,1781099982.953449,normal
3441,1781099982.955671,syn_flood
3442,1781099982.957306,syn_flood
3443,1781099982.958421,syn_flood
3444,1781099982.959536,syn_flood
3445,1781099982.960819,syn_flood
3446,1781099982.962090,syn_flood
3447,1781099982.964449,syn_flood
3448,1781099982.966107,syn_flood
3449,1781099982.967303,syn_flood
3450,1781099982.968740,syn_flood
3451,1781099982.970556,syn_flood
3452,1781099982.972650,normal
3453,1781099982.973891,syn_flood
3454,1781099982.975169,normal
3455,1781099982.976479,syn_flood
3456,1781099982.978103,syn_flood
3457,1781099982.979397,syn_flood
3458,1781099982.980898,syn_flood
3459,1781099982.982198,syn_flood
3460,1781099982.983729,syn_flood
3461,1781099982.984430,syn_flood
3462,1781099982.986340,normal
3463,1781099982.987487,syn_flood
3464,1781099982.988519,syn_flood
3465,1781099982.989741,syn_flood
3466,1781099982.990923,syn_flood
3467,1781099982.992358,syn_flood
3468,1781099982.993612,syn_flood
3469,1781099982.995050,normal
3470,1781099982.996206,normal
3471,1781099982.997776,normal
3472,1781099982.999126,syn_flood
3473,1781099983.000416,syn_flood
3474,1781099983.001681,syn_flood
3475,1781099983.002961,syn_flood
3476,1781099983.004205,syn_flood
3477,1781099983.005661,syn_flood
3478,1781099983.007296,syn_flood
3479,1781099983.009158,syn_flood
3480,1781099983.010549,syn_flood
3481,1781099983.011945,syn_flood
3482,1781099983.013296,syn_flood
3483,1781099983.014915,normal
3484,1781099983.016324,syn_flood
3485,1781099983.017397,syn_flood
3486,1781099983.018733,syn_flood
3487,1781099983.020079,syn_flood
3488,1781099983.020952,syn_flood
3489,1781099983.022128,syn_flood
3490,1781099983.023721,syn_flood
3491,1781099983.024937,syn_flood
3492,1781099983.026272,syn_flood
3493,1781099983.027155,syn_flood
3494,1781099983.028710,syn_flood
3495,1781099983.030255,syn_flood
3496,1781099983.031996,syn_flood
3497,1781099983.033335,normal
3498,1781099983.034770,syn_flood
3499,1781099983.036005,syn_flood
3500,1781099983.037495,syn_flood
3501,1781099983.039447,syn_flood
3502,1781099983.041264,syn_flood
3503,1781099983.043362,syn_flood
3504,1781099983.044667,syn_flood
3505,1781099983.046069,syn_flood
3506,1781099983.046947,syn_flood
3507,1781099983.048236,syn_flood
3508,1781099983.050145,syn_flood
3509,1781099983.051131,syn_flood
3510,1781099983.052709,syn_flood
3511,1781099983.054069,normal
3512,1781099983.055797,syn_flood
3513,1781099983.057131,syn_flood
3514,1781099983.058625,syn_flood
3515,1781099983.059609,syn_flood
3516,1781099983.061059,syn_flood
3517,1781099983.062173,syn_flood
3518,1781099983.063529,syn_flood
3519,1781099983.064527,syn_flood
3520,1781099983.065884,syn_flood
3521,1781099983.067306,syn_flood
3522,1781099983.068563,normal
3523,1781099983.069913,syn_flood
3524,1781099983.071381,syn_flood
3525,1781099983.073093,normal
3526,1781099983.074424,normal
3527,1781099983.075647,normal
3528,1781099983.076754,syn_flood
3529,1781099983.077911,syn_flood
3530,1781099983.079082,syn_flood
3531,1781099983.080461,syn_flood
3532,1781099983.081568,syn_flood
3533,1781099983.083035,syn_flood
3534,1781099983.084257,syn_flood
3535,1781099983.085618,syn_flood
3536,1781099983.086810,syn_flood
3537,1781099983.088279,syn_flood
3538,1781099983.089855,syn_flood
3539,1781099983.091204,syn_flood
3540,1781099983.092571,syn_flood
3541,1781099983.094711,normal
3542,1781099983.096097,syn_flood
3543,1781099983.097551,syn_flood
3544,1781099983.098690,syn_flood
3545,1781099983.099820,syn_flood
3546,1781099983.101150,syn_flood
3547,1781099983.102765,normal
3548,1781099983.104126,syn_flood
3549,1781099983.105338,syn_flood
3550,1781099983.106491,syn_flood
3551,1781099983.107808,syn_flood
3552,1781099983.109026,syn_flood
3553,1781099983.110308,syn_flood
3554,1781099983.111356,syn_flood
3555,1781099983.112170,syn_flood
3556,1781099983.113882,syn_flood
3557,1781099983.115513,syn_flood
3558,1781099983.116693,syn_flood
3559,1781099983.118043,syn_flood
3560,1781099983.118963,normal
3561,1781099983.120273,syn_flood
3562,1781099983.121541,syn_flood
3563,1781099983.123133,normal
3564,1781099983.124259,syn_flood
3565,1781099983.125939,syn_flood
3566,1781099983.127538,syn_flood
3567,1781099983.128917,syn_flood
3568,1781099983.130251,syn_flood
3569,1781099983.131256,syn_flood
3570,1781099983.133220,syn_flood
3571,1781099983.134352,syn_flood
3572,1781099983.135931,syn_flood
3573,1781099983.137644,syn_flood
3574,1781099983.138535,syn_flood
3575,1781099983.139500,syn_flood
3576,1781099983.140939,syn_flood
3577,1781099983.142236,syn_flood
3578,1781099983.143915,syn_flood
3579,1781099983.145331,syn_flood
3580,1781099983.146853,syn_flood
3581,1781099983.148256,syn_flood
3582,1781099983.149215,syn_flood
3583,1781099983.150069,syn_flood
3584,1781099983.151315,syn_flood
3585,1781099983.152476,syn_flood
3586,1781099983.153517,syn_flood
3587,1781099983.154820,normal
3588,1781099983.156153,syn_flood
3589,1781099983.157419,syn_flood
3590,1781099983.158947,syn_flood
3591,1781099983.160316,syn_flood
3592,1781099983.161409,syn_flood
3593,1781099983.162627,syn_flood
3594,1781099983.164076,syn_flood
3595,1781099983.165288,syn_flood
3596,1781099983.166496,syn_flood
3597,1781099983.167934,syn_flood
3598,1781099983.169296,syn_flood
3599,1781099983.170398,syn_flood
3600,1781099983.171355,normal
3601,1781099983.172455,syn_flood
3602,1781099983.174032,syn_flood
3603,1781099983.175381,normal
3604,1781099983.176459,syn_flood
3605,1781099983.177318,syn_flood
3606,1781099983.178975,normal
3607,1781099983.180255,syn_flood
3608,1781099983.181394,normal
3609,1781099983.182465,syn_flood
3610,1781099983.183834,normal
3611,1781099983.185143,syn_flood
3612,1781099983.186603,normal
3613,1781099983.187998,syn_flood
3614,1781099983.189061,syn_flood
3615,1781099983.190266,syn_flood
3616,1781099983.191212,syn_flood
3617,1781099983.192210,syn_flood
3618,1781099983.193425,syn_flood
3619,1781099983.194504,syn_flood
3620,1781099983.196004,syn_flood
3621,1781099983.197447,syn_flood
3622,1781099983.199077,syn_flood
3623,1781099983.199780,syn_flood
3624,1781099983.200822,syn_flood
3625,1781099983.201898,syn_flood
3626,1781099983.203412,normal
3627,1781099983.204166,normal
3628,1781099983.205246,syn_flood
3629,1781099983.206516,syn_flood
3630,1781099983.207246,normal
3631,1781099983.208597,syn_flood
3632,1781099983.209749,syn_flood
3633,1781099983.210935,syn_flood
3634,1781099983.212394,syn_flood
3635,1781099983.213705,syn_flood
3636,1781099983.214733,syn_flood
3637,1781099983.216223,syn_flood
3638,1781099983.217664,syn_flood
3639,1781099983.218892,syn_flood
3640,1781099983.219716,syn_flood
3641,1781099983.221493,normal
3642,1781099983.222466,syn_flood
3643,1781099983.223523,normal
3644,1781099983.225151,syn_flood
3645,1781099983.226737,syn_flood
3646,1781099983.227638,syn_flood
3647,1781099983.228793,syn_flood
3648,1781099983.229666,syn_flood
3649,1781099983.230679,syn_flood
3650,1781099983.232117,syn_flood
3651,1781099983.233547,normal
3652,1781099983.234789,syn_flood
3653,1781099983.236106,syn_flood
3654,1781099983.237248,syn_flood
3655,1781099983.238811,syn_flood
3656,1781099983.239985,normal
3657,1781099983.241318,syn_flood
3658,1781099983.242576,syn_flood
3659,1781099983.243892,normal
3660,1781099983.244895,syn_flood
3661,1781099983.245976,syn_flood
3662,1781099983.247087,syn_flood
3663,1781099983.248841,syn_flood
3664,1781099983.250275,syn_flood
3665,1781099983.251778,syn_flood
3666,1781099983.254096,normal
3667,1781099983.255572,syn_flood
3668,1781099983.257329,syn_flood
3669,1781099983.259176,syn_flood
3670,1781099983.259882,syn_flood
3671,1781099983.261281,normal
3672,1781099983.262692,syn_flood
3673,1781099983.263723,syn_flood
3674,1781099983.265251,syn_flood
3675,1781099983.266543,syn_flood
3676,1781099983.267400,syn_flood
3677,1781099983.268547,syn_flood
3678,1781099983.269715,syn_flood
3679,1781099983.270884,syn_flood
3680,1781099983.271663,syn_flood
3681,1781099983.272495,syn_flood
3682,1781099983.273501,syn_flood
3683,1781099983.274648,syn_flood
3684,1781099983.276004,syn_flood
3685,1781099983.277417,syn_flood
3686,1781099983.278758,syn_flood
3687,1781099983.279662,syn_flood
3688,1781099983.280838,syn_flood
3689,1781099983.282144,syn_flood
3690,1781099983.283089,syn_flood
3691,1781099983.284639,normal
3692,1781099983.286222,normal
3693,1781099983.287454,normal
3694,1781099983.288710,syn_flood
3695,1781099983.290303,syn_flood
3696,1781099983.291317,syn_flood
3697,1781099983.292809,syn_flood
3698,1781099983.293815,syn_flood
3699,1781099983.295213,syn_flood
3700,1781099983.296215,syn_flood
3701,1781099983.297081,syn_flood
3702,1781099983.298449,syn_flood
3703,1781099983.299795,normal
3704,1781099983.301236,syn_flood
3705,1781099983.302170,syn_flood
3706,1781099983.303387,syn_flood
3707,1781099983.304897,normal
3708,1781099983.306354,syn_flood
3709,1781099983.308033,syn_flood
3710,1781099983.309258,syn_flood
3711,1781099983.310485,syn_flood
3712,1781099983.311800,syn_flood
3713,1781099983.313256,syn_flood
3714,1781099983.314658,syn_flood
3715,1781099983.315941,syn_flood
3716,1781099983.317085,syn_flood
3717,1781099983.318116,syn_flood
3718,1781099983.318901,syn_flood
3719,1781099983.319895,syn_flood
3720,1781099983.320974,syn_flood
3721,1781099983.322440,syn_flood
3722,1781099983.323503,syn_flood
3723,1781099983.324816,syn_flood
3724,1781099983.326349,syn_flood
3725,1781099983.327611,syn_flood
3726,1781099983.328840,syn_flood
3727,1781099983.330348,syn_flood
3728,1781099983.331513,syn_flood
3729,1781099983.332763,syn_flood
3730,1781099983.333776,syn_flood
3731,1781099983.334584,syn_flood
3732,1781099983.335512,syn_flood
3733,1781099983.336943,syn_flood
3734,1781099983.338502,syn_flood
3735,1781099983.339324,syn_flood
3736,1781099983.341109,syn_flood
3737,1781099983.342455,syn_flood
3738,1781099983.343366,syn_flood
3739,1781099983.344572,syn_flood
3740,1781099983.345507,syn_flood
3741,1781099983.347009,syn_flood
3742,1781099983.348100,syn_flood
3743,1781099983.349694,syn_flood
3744,1781099983.350560,syn_flood
3745,1781099983.351643,syn_flood
3746,1781099983.352656,syn_flood
3747,1781099983.353725,syn_flood
3748,1781099983.354870,syn_flood
3749,1781099983.355626,syn_flood
3750,1781099983.356737,syn_flood
3751,1781099983.357951,syn_flood
3752,1781099983.359413,syn_flood
3753,1781099983.360543,syn_flood
3754,1781099983.361866,syn_flood
3755,1781099983.362838,syn_flood
3756,1781099983.364801,syn_flood
3757,1781099983.366410,syn_flood
3758,1781099983.367534,syn_flood
3759,1781099983.368615,syn_flood
3760,1781099983.369845,normal
3761,1781099983.370824,syn_flood
3762,1781099983.372452,syn_flood
3763,1781099983.373492,syn_flood
3764,1781099983.374794,syn_flood
3765,1781099983.375948,syn_flood
3766,1781099983.376964,syn_flood
3767,1781099983.378838,syn_flood
3768,1781099983.380140,syn_flood
3769,1781099983.381280,syn_flood
3770,1781099983.382259,syn_flood
3771,1781099983.383529,syn_flood
3772,1781099983.384810,syn_flood
3773,1781099983.386664,syn_flood
3774,1781099983.387654,syn_flood
3775,1781099983.388457,syn_flood
3776,1781099983.389354,syn_flood
3777,1781099983.390508,syn_flood
3778,1781099983.391700,syn_flood
3779,1781099983.392839,syn_flood
3780,1781099983.393930,syn_flood
3781,1781099983.394848,syn_flood
3782,1781099983.396053,syn_flood
3783,1781099983.396920,syn_flood
3784,1781099983.397709,syn_flood
3785,1781099983.399457,syn_flood
3786,1781099983.400395,syn_flood
3787,1781099983.401632,syn_flood
3788,1781099983.402990,syn_flood
3789,1781099983.404110,syn_flood
3790,1781099983.405572,syn_flood
3791,1781099983.406857,syn_flood
3792,1781099983.407758,syn_flood
3793,1781099983.408994,syn_flood
3794,1781099983.410024,syn_flood
3795,1781099983.411225,syn_flood
3796,1781099983.412656,syn_flood
3797,1781099983.413481,syn_flood
3798,1781099983.414576,syn_flood
3799,1781099983.416350,syn_flood
3800,1781099983.417212,syn_flood
3801,1781099983.418558,syn_flood
3802,1781099983.419661,syn_flood
3803,1781099983.420869,syn_flood
3804,1781099983.422254,syn_flood
3805,1781099983.423291,syn_flood
3806,1781099983.424677,syn_flood
3807,1781099983.425659,syn_flood
3808,1781099983.426850,syn_flood
3809,1781099983.427690,syn_flood
3810,1781099983.428706,syn_flood
3811,1781099983.429791,syn_flood
3812,1781099983.431493,syn_flood
3813,1781099983.432383,syn_flood
3814,1781099983.433374,syn_flood
3815,1781099983.434188,syn_flood
3816,1781099983.435355,syn_flood
3817,1781099983.436397,syn_flood
3818,1781099983.438245,syn_flood
3819,1781099983.439301,syn_flood
3820,1781099983.440381,syn_flood
3821,1781099983.441452,syn_flood
3822,1781099983.442691,syn_flood
3823,1781099983.443577,syn_flood
3824,1781099983.444698,syn_flood
3825,1781099983.445916,syn_flood
3826,1781099983.446795,syn_flood
3827,1781099983.447585,syn_flood
3828,1781099983.448415,syn_flood
3829,1781099983.449535,syn_flood
3830,1781099983.450385,syn_flood
3831,1781099983.451351,syn_flood
3832,1781099983.452461,syn_flood
3833,1781099983.453892,syn_flood
3834,1781099983.455067,syn_flood
3835,1781099983.456331,syn_flood
3836,1781099983.457153,syn_flood
3837,1781099983.458600,syn_flood
3838,1781099983.459731,syn_flood
3839,1781099983.460629,syn_flood
3840,1781099983.461629,syn_flood
3841,1781099983.462571,syn_flood
3842,1781099983.463412,syn_flood
3843,1781099983.465381,syn_flood
3844,1781099983.467327,syn_flood
3845,1781099983.468138,syn_flood
3846,1781099983.469278,syn_flood
3847,1781099983.470819,syn_flood
3848,1781099983.471705,syn_flood
3849,1781099983.472631,syn_flood
3850,1781099983.473435,syn_flood
3851,1781099983.474823,syn_flood
3852,1781099983.476253,syn_flood
3853,1781099983.477591,syn_flood
3854,1781099983.478741,syn_flood
3855,1781099983.479800,syn_flood
3856,1781099983.480777,syn_flood
3857,1781099983.482116,syn_flood
3858,1781099983.483097,syn_flood
3859,1781099983.484007,syn_flood
3860,1781099983.485301,syn_flood
3861,1781099983.486081,syn_flood
3862,1781099983.487226,syn_flood
3863,1781099983.488194,syn_flood
3864,1781099983.489154,syn_flood
3865,1781099983.490721,syn_flood
3866,1781099983.492006,syn_flood
3867,1781099983.492794,syn_flood
3868,1781099983.493897,syn_flood
3869,1781099983.494866,syn_flood
3870,1781099983.495816,syn_flood
3871,1781099983.496900,syn_flood
3872,1781099983.497734,syn_flood
3873,1781099983.498578,syn_flood
3874,1781099983.500093,syn_flood
3875,1781099983.501320,syn_flood
3876,1781099983.502456,syn_flood
3877,1781099983.503906,syn_flood
3878,1781099983.505032,syn_flood
3879,1781099983.506123,syn_flood
3880,1781099983.507186,syn_flood
3881,1781099983.508536,syn_flood
3882,1781099983.509461,syn_flood
3883,1781099983.511292,syn_flood
3884,1781099983.512518,syn_flood
3885,1781099983.513627,syn_flood
3886,1781099983.515144,syn_flood
3887,1781099983.516137,syn_flood
3888,1781099983.518140,syn_flood
3889,1781099983.519140,syn_flood
3890,1781099983.520070,syn_flood
3891,1781099983.521320,syn_flood
3892,1781099983.522405,syn_flood
3893,1781099983.523735,syn_flood
3894,1781099983.525051,syn_flood
3895,1781099983.526203,syn_flood
3896,1781099983.527126,syn_flood
3897,1781099983.527892,syn_flood
3898,1781099983.528801,syn_flood
3899,1781099983.530202,syn_flood
3900,1781099983.531605,syn_flood
3901,1781099983.532677,syn_flood
3902,1781099983.533640,syn_flood
3903,1781099983.534787,syn_flood
3904,1781099983.536734,syn_flood
3905,1781099983.537799,syn_flood
3906,1781099983.539309,syn_flood
3907,1781099983.540165,syn_flood
3908,1781099983.541336,syn_flood
3909,1781099983.542694,syn_flood
3910,1781099983.544428,syn_flood
3911,1781099983.545568,syn_flood
3912,1781099983.546421,normal
3913,1781099983.547370,syn_flood
3914,1781099983.548211,syn_flood
3915,1781099983.549344,syn_flood
3916,1781099983.550225,syn_flood
3917,1781099983.551192,syn_flood
3918,1781099983.552434,syn_flood
3919,1781099983.553675,syn_flood
3920,1781099983.554762,syn_flood
3921,1781099983.555848,syn_flood
3922,1781099983.557002,syn_flood
3923,1781099983.557864,syn_flood
3924,1781099983.559037,syn_flood
3925,1781099983.560091,syn_flood
3926,1781099983.561027,syn_flood
3927,1781099983.561947,syn_flood
3928,1781099983.563064,syn_flood
3929,1781099983.563917,syn_flood
3930,1781099983.564869,syn_flood
3931,1781099983.566191,syn_flood
3932,1781099983.567439,syn_flood
3933,1781099983.568729,syn_flood
3934,1781099983.569537,syn_flood
3935,1781099983.570305,syn_flood
3936,1781099983.571301,syn_flood
3937,1781099983.572657,syn_flood
3938,1781099983.573611,syn_flood
3939,1781099983.575223,syn_flood
3940,1781099983.576452,normal
3941,1781099983.578212,syn_flood
3942,1781099983.579774,syn_flood
3943,1781099983.580584,syn_flood
3944,1781099983.581873,syn_flood
3945,1781099983.582671,syn_flood
3946,1781099983.583382,syn_flood
3947,1781099983.585047,syn_flood
3948,1781099983.585930,syn_flood
3949,1781099983.586666,syn_flood
3950,1781099983.587961,syn_flood
3951,1781099983.588805,syn_flood
3952,1781099983.589854,syn_flood
3953,1781099983.591337,syn_flood
3954,1781099983.592136,syn_flood
3955,1781099983.593507,normal
3956,1781099983.594991,syn_flood
3957,1781099983.595924,syn_flood
3958,1781099983.596845,syn_flood
3959,1781099983.598115,syn_flood
3960,1781099983.598938,syn_flood
3961,1781099983.599811,syn_flood
3962,1781099983.600641,syn_flood
3963,1781099983.602268,syn_flood
3964,1781099983.603606,normal
3965,1781099983.604577,syn_flood
3966,1781099983.605793,syn_flood
3967,1781099983.606869,syn_flood
3968,1781099983.607570,syn_flood
3969,1781099983.608290,syn_flood
3970,1781099983.609532,syn_flood
3971,1781099983.610667,syn_flood
3972,1781099983.611503,syn_flood
3973,1781099983.612895,normal
3974,1781099983.613995,normal
3975,1781099983.615294,syn_flood
3976,1781099983.616256,syn_flood
3977,1781099983.617236,syn_flood
3978,1781099983.618130,syn_flood
3979,1781099983.619164,syn_flood
3980,1781099983.619991,syn_flood
3981,1781099983.621391,syn_flood
3982,1781099983.622107,syn_flood
3983,1781099983.623474,syn_flood
3984,1781099983.624389,syn_flood
3985,1781099983.625954,syn_flood
3986,1781099983.627377,normal
3987,1781099983.628358,syn_flood
3988,1781099983.629070,syn_flood
3989,1781099983.629802,syn_flood
3990,1781099983.630452,syn_flood
3991,1781099983.631585,syn_flood
3992,1781099983.632609,syn_flood
3993,1781099983.633585,syn_flood
3994,1781099983.634877,normal
3995,1781099983.635949,syn_flood
3996,1781099983.637033,syn_flood
3997,1781099983.638096,syn_flood
3998,1781099983.639119,syn_flood
3999,1781099983.639965,normal
4000,1781099983.641544,syn_flood
4001,1781099983.642879,normal
4002,1781099983.643832,syn_flood
4003,1781099983.645197,syn_flood
4004,1781099983.646055,syn_flood
4005,1781099983.647131,syn_flood
4006,1781099983.648350,syn_flood
4007,1781099983.649273,normal
4008,1781099983.650269,normal
4009,1781099983.651191,syn_flood
4010,1781099983.652118,syn_flood
4011,1781099983.653231,syn_flood
4012,1781099983.654250,syn_flood
4013,1781099983.655299,syn_flood
4014,1781099983.656260,syn_flood
4015,1781099983.657499,syn_flood
4016,1781099983.658637,syn_flood
4017,1781099983.659967,syn_flood
4018,1781099983.661199,normal
4019,1781099983.662394,normal
4020,1781099983.663281,syn_flood
4021,1781099983.664613,normal
4022,1781099983.666162,syn_flood
4023,1781099983.667373,syn_flood
4024,1781099983.668667,syn_flood
4025,1781099983.669961,syn_flood
4026,1781099983.670815,normal
4027,1781099983.671444,syn_flood
4028,1781099983.672170,normal
4029,1781099983.673370,syn_flood
4030,1781099983.674503,syn_flood
4031,1781099983.675630,syn_flood
4032,1781099983.676705,syn_flood
4033,1781099983.677670,syn_flood
4034,1781099983.678371,syn_flood
4035,1781099983.679536,syn_flood
4036,1781099983.680959,syn_flood
4037,1781099983.681775,syn_flood
4038,1781099983.682590,syn_flood
4039,1781099983.683679,syn_flood
4040,1781099983.684763,syn_flood
4041,1781099983.685738,syn_flood
4042,1781099983.686927,syn_flood
4043,1781099983.687834,normal
4044,1781099983.688715,syn_flood
4045,1781099983.689604,syn_flood
4046,1781099983.690808,syn_flood
4047,1781099983.691713,syn_flood
4048,1781099983.692376,syn_flood
4049,1781099983.693485,syn_flood
4050,1781099983.694393,syn_flood
4051,1781099983.695279,syn_flood
4052,1781099983.696121,syn_flood
4053,1781099983.696967,syn_flood
4054,1781099983.697930,syn_flood
4055,1781099983.698615,syn_flood
4056,1781099983.700129,syn_flood
4057,1781099983.701498,syn_flood
4058,1781099983.702638,syn_flood
4059,1781099983.703767,syn_flood
4060,1781099983.704987,syn_flood
4061,1781099983.705906,syn_flood
4062,1781099983.707152,syn_flood
4063,1781099983.708485,syn_flood
4064,1781099983.710188,normal
4065,1781099983.711448,normal
4066,1781099983.712574,syn_flood
4067,1781099983.713666,syn_flood
4068,1781099983.714679,normal
4069,1781099983.716012,normal
4070,1781099983.717120,syn_flood
4071,1781099983.718180,normal
4072,1781099983.719534,syn_flood
4073,1781099983.720427,syn_flood
4074,1781099983.721819,syn_flood
4075,1781099983.722958,syn_flood
4076,1781099983.723895,syn_flood
4077,1781099983.725092,syn_flood
4078,1781099983.726064,normal
4079,1781099983.727059,syn_flood
4080,1781099983.728095,syn_flood
4081,1781099983.729713,syn_flood
4082,1781099983.730742,normal
4083,1781099983.732311,syn_flood
4084,1781099983.733130,syn_flood
4085,1781099983.734037,syn_flood
4086,1781099983.735355,syn_flood
4087,1781099983.736840,syn_flood
4088,1781099983.737961,normal
4089,1781099983.738812,syn_flood
4090,1781099983.739780,syn_flood
4091,1781099983.741135,syn_flood
4092,1781099983.741929,normal
4093,1781099983.743383,syn_flood
4094,1781099983.744059,syn_flood
4095,1781099983.745294,syn_flood
4096,1781099983.746212,syn_flood
4097,1781099983.747347,syn_flood
4098,1781099983.748231,syn_flood
4099,1781099983.749014,syn_flood
4100,1781099983.749912,syn_flood
4101,1781099983.751193,syn_flood
4102,1781099983.752507,normal
4103,1781099983.753160,syn_flood
4104,1781099983.754496,syn_flood
4105,1781099983.755780,syn_flood
4106,1781099983.757438,normal
4107,1781099983.758886,normal
4108,1781099983.760072,normal
4109,1781099983.760961,normal
4110,1781099983.761858,normal
4111,1781099983.763337,syn_flood
4112,1781099983.764364,syn_flood
4113,1781099983.765441,syn_flood
4114,1781099983.766485,syn_flood
4115,1781099983.767620,syn_flood
4116,1781099983.768398,normal
4117,1781099983.769655,syn_flood
4118,1781099983.770268,syn_flood
4119,1781099983.770967,syn_flood
4120,1781099983.772332,syn_flood
4121,1781099983.773054,syn_flood
4122,1781099983.773942,syn_flood
4123,1781099983.774984,syn_flood
4124,1781099983.776357,syn_flood
4125,1781099983.777760,syn_flood
4126,1781099983.778702,syn_flood
4127,1781099983.780019,normal
4128,1781099983.780839,syn_flood
4129,1781099983.781930,syn_flood
4130,1781099983.782734,syn_flood
4131,1781099983.784218,syn_flood
4132,1781099983.785577,normal
4133,1781099983.786657,syn_flood
4134,1781099983.787731,syn_flood
4135,1781099983.788787,normal
4136,1781099983.789700,syn_flood
4137,1781099983.790835,syn_flood
4138,1781099983.791892,syn_flood
4139,1781099983.793530,normal
4140,1781099983.794337,syn_flood
4141,1781099983.795145,syn_flood
4142,1781099983.796376,syn_flood
4143,1781099983.797598,syn_flood
4144,1781099983.798598,syn_flood
4145,1781099983.799674,syn_flood
4146,1781099983.800329,normal
4147,1781099983.801047,syn_flood
4148,1781099983.801888,syn_flood
4149,1781099983.803174,syn_flood
4150,1781099983.804376,syn_flood
4151,1781099983.805472,syn_flood
4152,1781099983.806916,syn_flood
4153,1781099983.807777,syn_flood
4154,1781099983.809271,syn_flood
4155,1781099983.810195,syn_flood
4156,1781099983.810752,normal
4157,1781099983.811842,syn_flood
4158,1781099983.812917,syn_flood
4159,1781099983.814189,normal
4160,1781099983.815265,syn_flood
4161,1781099983.816336,normal
4162,1781099983.817094,normal
4163,1781099983.818026,syn_flood
4164,1781099983.818887,syn_flood
4165,1781099983.819957,normal
4166,1781099983.820892,syn_flood
4167,1781099983.821816,syn_flood
4168,1781099983.822966,syn_flood
4169,1781099983.823971,syn_flood
4170,1781099983.825156,syn_flood
4171,1781099983.826301,syn_flood
4172,1781099983.827163,syn_flood
4173,1781099983.828067,syn_flood
4174,1781099983.828916,syn_flood
4175,1781099983.830504,syn_flood
4176,1781099983.831687,syn_flood
4177,1781099983.832903,syn_flood
4178,1781099983.834120,syn_flood
4179,1781099983.835244,syn_flood
4180,1781099983.836221,syn_flood
4181,1781099983.837811,syn_flood
4182,1781099983.839089,syn_flood
4183,1781099983.840008,syn_flood
4184,1781099983.840959,syn_flood
4185,1781099983.841882,normal
4186,1781099983.843238,syn_flood
4187,1781099983.844119,normal
4188,1781099983.844753,syn_flood
4189,1781099983.845690,syn_flood
4190,1781099983.846881,syn_flood
4191,1781099983.848266,syn_flood
4192,1781099983.849201,syn_flood
4193,1781099983.850585,syn_flood
4194,1781099983.851596,normal
4195,1781099983.852488,normal
4196,1781099983.853928,syn_flood
4197,1781099983.855085,syn_flood
4198,1781099983.855947,syn_flood
4199,1781099983.857159,syn_flood
4200,1781099983.858244,syn_flood
4201,1781099983.859264,syn_flood
4202,1781099983.860067,normal
4203,1781099983.860952,syn_flood
4204,1781099983.862722,syn_flood
4205,1781099983.863882,syn_flood
4206,1781099983.864907,syn_flood
4207,1781099983.866032,syn_flood
4208,1781099983.867276,syn_flood
4209,1781099983.868351,syn_flood
4210,1781099983.869352,syn_flood
4211,1781099983.870284,syn_flood
4212,1781099983.871384,syn_flood
4213,1781099983.872944,syn_flood
4214,1781099983.873720,syn_flood
4215,1781099983.874621,syn_flood
4216,1781099983.875512,syn_flood
4217,1781099983.876379,syn_flood
4218,1781099983.877596,syn_flood
4219,1781099983.878595,syn_flood
4220,1781099983.879522,syn_flood
4221,1781099983.880696,syn_flood
4222,1781099983.881473,normal
4223,1781099983.882332,syn_flood
4224,1781099983.883190,syn_flood
4225,1781099983.884135,syn_flood
4226,1781099983.885261,syn_flood
4227,1781099983.886598,normal
4228,1781099983.887492,syn_flood
4229,1781099983.888748,syn_flood
4230,1781099983.889662,syn_flood
4231,1781099983.890684,syn_flood
4232,1781099983.891717,syn_flood
4233,1781099983.892734,syn_flood
4234,1781099983.894166,normal
4235,1781099983.895028,syn_flood
4236,1781099983.895942,normal
4237,1781099983.897037,syn_flood
4238,1781099983.897878,syn_flood
4239,1781099983.899193,normal
4240,1781099983.899963,syn_flood
4241,1781099983.900973,syn_flood
4242,1781099983.902111,syn_flood
4243,1781099983.903237,syn_flood
4244,1781099983.903974,syn_flood
4245,1781099983.905277,normal
4246,1781099983.906556,syn_flood
4247,1781099983.907865,normal
4248,1781099983.908534,syn_flood
4249,1781099983.909338,normal
4250,1781099983.910106,syn_flood
4251,1781099983.911155,normal
4252,1781099983.911969,syn_flood
4253,1781099983.912843,syn_flood
4254,1781099983.913820,syn_flood
4255,1781099983.914894,syn_flood
4256,1781099983.915843,syn_flood
4257,1781099983.916500,syn_flood
4258,1781099983.917331,syn_flood
4259,1781099983.919023,syn_flood
4260,1781099983.919837,syn_flood
4261,1781099983.920609,normal
4262,1781099983.922035,syn_flood
4263,1781099983.923025,syn_flood
4264,1781099983.924047,syn_flood
4265,1781099983.925140,syn_flood
4266,1781099983.926002,syn_flood
4267,1781099983.926709,syn_flood
4268,1781099983.927469,syn_flood
4269,1781099983.928499,syn_flood
4270,1781099983.929478,syn_flood
4271,1781099983.930538,syn_flood
4272,1781099983.931310,normal
4273,1781099983.932419,syn_flood
4274,1781099983.933284,syn_flood
4275,1781099983.934343,syn_flood
4276,1781099983.935314,syn_flood
4277,1781099983.936152,syn_flood
4278,1781099983.937154,syn_flood
4279,1781099983.938499,syn_flood
4280,1781099983.939780,syn_flood
4281,1781099983.940723,syn_flood
4282,1781099983.941447,syn_flood
4283,1781099983.942542,syn_flood
4284,1781099983.943411,normal
4285,1781099983.944340,syn_flood
4286,1781099983.945338,syn_flood
4287,1781099983.946867,syn_flood
4288,1781099983.947739,syn_flood
4289,1781099983.948591,normal
4290,1781099983.949714,normal
4291,1781099983.950710,syn_flood
4292,1781099983.952139,syn_flood
4293,1781099983.952791,normal
4294,1781099983.953806,syn_flood
4295,1781099983.954598,syn_flood
4296,1781099983.955423,normal
4297,1781099983.956154,syn_flood
4298,1781099983.956959,syn_flood
4299,1781099983.958073,normal
4300,1781099983.959037,syn_flood
4301,1781099983.959847,syn_flood
4302,1781099983.960868,syn_flood
4303,1781099983.961892,syn_flood
4304,1781099983.962702,syn_flood
4305,1781099983.963490,syn_flood
4306,1781099983.964307,syn_flood
4307,1781099983.965444,syn_flood
4308,1781099983.966336,syn_flood
4309,1781099983.967558,syn_flood
4310,1781099983.968429,syn_flood
4311,1781099983.969619,syn_flood
4312,1781099983.970295,syn_flood
4313,1781099983.971389,syn_flood
4314,1781099983.972294,syn_flood
4315,1781099983.973095,syn_flood
4316,1781099983.973986,syn_flood
4317,1781099983.975188,syn_flood
4318,1781099983.976061,syn_flood
4319,1781099983.977430,syn_flood
4320,1781099983.978836,syn_flood
4321,1781099983.979782,syn_flood
4322,1781099983.980972,normal
4323,1781099983.981761,syn_flood
4324,1781099983.982688,syn_flood
4325,1781099983.983489,normal
4326,1781099983.984274,syn_flood
4327,1781099983.985473,syn_flood
4328,1781099983.986529,normal
4329,1781099983.987418,normal
4330,1781099983.988255,syn_flood
4331,1781099983.989195,normal
4332,1781099983.989888,syn_flood
4333,1781099983.990642,normal
4334,1781099983.991541,syn_flood
4335,1781099983.992553,syn_flood
4336,1781099983.993497,syn_flood
4337,1781099983.994197,normal
4338,1781099983.995422,syn_flood
4339,1781099983.996526,syn_flood
4340,1781099983.997585,normal
4341,1781099983.998629,normal
4342,1781099983.999511,syn_flood
4343,1781099984.000135,syn_flood
4344,1781099984.001189,normal
4345,1781099984.001832,syn_flood
4346,1781099984.002915,syn_flood
4347,1781099984.004221,normal
4348,1781099984.005290,normal
4349,1781099984.006162,syn_flood
4350,1781099984.006982,syn_flood
4351,1781099984.007832,syn_flood
4352,1781099984.008693,syn_flood
4353,1781099984.009507,syn_flood
4354,1781099984.010582,normal
4355,1781099984.011698,syn_flood
4356,1781099984.012674,syn_flood
4357,1781099984.013709,syn_flood
4358,1781099984.014600,syn_flood
4359,1781099984.015844,normal
4360,1781099984.017152,syn_flood
4361,1781099984.018308,syn_flood
4362,1781099984.019500,syn_flood
4363,1781099984.020407,syn_flood
4364,1781099984.022166,syn_flood
4365,1781099984.022905,syn_flood
4366,1781099984.023872,syn_flood
4367,1781099984.024856,syn_flood
4368,1781099984.026150,syn_flood
4369,1781099984.027226,syn_flood
4370,1781099984.028164,normal
4371,1781099984.028919,syn_flood
4372,1781099984.030051,syn_flood
4373,1781099984.030857,normal
4374,1781099984.031651,syn_flood
4375,1781099984.032379,syn_flood
4376,1781099984.033453,syn_flood
4377,1781099984.034580,syn_flood
4378,1781099984.035722,syn_flood
4379,1781099984.036908,normal
4380,1781099984.037781,syn_flood
4381,1781099984.038925,normal
4382,1781099984.039573,normal
4383,1781099984.040149,syn_flood
4384,1781099984.041281,syn_flood
4385,1781099984.042309,syn_flood
4386,1781099984.043331,syn_flood
4387,1781099984.044402,normal
4388,1781099984.045853,syn_flood
4389,1781099984.047061,syn_flood
4390,1781099984.047930,normal
4391,1781099984.048741,normal
4392,1781099984.049453,syn_flood
4393,1781099984.050333,syn_flood
4394,1781099984.050966,normal
4395,1781099984.051932,syn_flood
4396,1781099984.053123,normal
4397,1781099984.054127,normal
4398,1781099984.054763,normal
4399,1781099984.055492,normal
4400,1781099984.056340,syn_flood
4401,1781099984.057494,syn_flood
4402,1781099984.059013,normal
4403,1781099984.059880,syn_flood
4404,1781099984.060911,syn_flood
4405,1781099984.061993,syn_flood
4406,1781099984.062864,normal
4407,1781099984.063942,syn_flood
4408,1781099984.065180,syn_flood
4409,1781099984.066215,syn_flood
4410,1781099984.067132,syn_flood
4411,1781099984.068144,normal
4412,1781099984.069066,syn_flood
4413,1781099984.070038,syn_flood
4414,1781099984.071109,syn_flood
4415,1781099984.072220,normal
4416,1781099984.073627,syn_flood
4417,1781099984.074179,syn_flood
4418,1781099984.075537,syn_flood
4419,1781099984.076207,normal
4420,1781099984.077067,syn_flood
4421,1781099984.078013,syn_flood
4422,1781099984.078830,normal
4423,1781099984.079549,normal
4424,1781099984.080201,normal
4425,1781099984.080898,syn_flood
4426,1781099984.082002,syn_flood
4427,1781099984.082903,syn_flood
4428,1781099984.084145,syn_flood
4429,1781099984.084861,syn_flood
4430,1781099984.086112,syn_flood
4431,1781099984.087116,normal
4432,1781099984.088239,syn_flood
4433,1781099984.089236,syn_flood
4434,1781099984.090178,syn_flood
4435,1781099984.091090,normal
4436,1781099984.091701,normal
4437,1781099984.092278,syn_flood
4438,1781099984.093506,syn_flood
4439,1781099984.094550,syn_flood
4440,1781099984.095466,syn_flood
4441,1781099984.096332,normal
4442,1781099984.097593,normal
4443,1781099984.098733,normal
4444,1781099984.099561,syn_flood
4445,1781099984.100350,syn_flood
4446,1781099984.101123,normal
4447,1781099984.102936,syn_flood
4448,1781099984.104141,normal
4449,1781099984.104940,syn_flood
4450,1781099984.105872,syn_flood
4451,1781099984.107135,normal
4452,1781099984.108234,syn_flood
4453,1781099984.109580,syn_flood
4454,1781099984.110342,normal
4455,1781099984.110948,normal
4456,1781099984.111626,normal
4457,1781099984.112678,syn_flood
4458,1781099984.113667,syn_flood
4459,1781099984.114831,syn_flood
4460,1781099984.115668,syn_flood
4461,1781099984.117198,normal
4462,1781099984.118176,syn_flood
4463,1781099984.119673,normal
4464,1781099984.120699,syn_flood
4465,1781099984.121359,syn_flood
4466,1781099984.122403,syn_flood
4467,1781099984.123239,syn_flood
4468,1781099984.123988,syn_flood
4469,1781099984.124921,syn_flood
4470,1781099984.126246,syn_flood
4471,1781099984.127155,syn_flood
4472,1781099984.128108,syn_flood
4473,1781099984.129359,syn_flood
4474,1781099984.129985,syn_flood
4475,1781099984.131738,normal
4476,1781099984.132774,syn_flood
4477,1781099984.133759,syn_flood
4478,1781099984.134665,syn_flood
4479,1781099984.135841,syn_flood
4480,1781099984.136984,syn_flood
4481,1781099984.137920,syn_flood
4482,1781099984.139103,syn_flood
4483,1781099984.140267,syn_flood
4484,1781099984.141279,syn_flood
4485,1781099984.142263,syn_flood
4486,1781099984.143346,syn_flood
4487,1781099984.144356,syn_flood
4488,1781099984.145423,syn_flood
4489,1781099984.146390,normal
4490,1781099984.147043,normal
4491,1781099984.148082,normal
4492,1781099984.148767,syn_flood
4493,1781099984.149730,syn_flood
4494,1781099984.150660,syn_flood
4495,1781099984.151355,syn_flood
4496,1781099984.152330,syn_flood
4497,1781099984.153629,syn_flood
4498,1781099984.154932,normal
4499,1781099984.156028,syn_flood
4500,1781099984.156987,syn_flood
4501,1781099984.158093,syn_flood
4502,1781099984.158795,syn_flood
4503,1781099984.160214,syn_flood
4504,1781099984.161406,syn_flood
4505,1781099984.162424,syn_flood
4506,1781099984.163382,normal
4507,1781099984.164175,syn_flood
4508,1781099984.165244,syn_flood
4509,1781099984.166543,syn_flood
4510,1781099984.167632,syn_flood
4511,1781099984.169118,syn_flood
4512,1781099984.170704,normal
4513,1781099984.171922,normal
4514,1781099984.172982,syn_flood
4515,1781099984.174010,syn_flood
4516,1781099984.175319,syn_flood
4517,1781099984.176578,syn_flood
4518,1781099984.177341,normal
4519,1781099984.178428,normal
4520,1781099984.179404,syn_flood
4521,1781099984.180242,syn_flood
4522,1781099984.181223,syn_flood
4523,1781099984.182020,syn_flood
4524,1781099984.183060,syn_flood
4525,1781099984.184362,syn_flood
4526,1781099984.185067,syn_flood
4527,1781099984.186009,normal
4528,1781099984.187094,syn_flood
4529,1781099984.188274,syn_flood
4530,1781099984.189296,normal
4531,1781099984.190635,syn_flood
4532,1781099984.191600,syn_flood
4533,1781099984.192524,syn_flood
4534,1781099984.193122,normal
4535,1781099984.194176,syn_flood
4536,1781099984.195250,syn_flood
4537,1781099984.196248,syn_flood
4538,1781099984.197376,normal
4539,1781099984.198101,syn_flood
4540,1781099984.199006,syn_flood
4541,1781099984.200268,syn_flood
4542,1781099984.201477,syn_flood
4543,1781099984.202522,syn_flood
4544,1781099984.203597,syn_flood
4545,1781099984.204591,syn_flood
4546,1781099984.205330,normal
4547,1781099984.206399,normal
4548,1781099984.207466,normal
4549,1781099984.208364,syn_flood
4550,1781099984.209397,syn_flood
4551,1781099984.210483,normal
4552,1781099984.211233,normal
4553,1781099984.211938,syn_flood
4554,1781099984.213002,syn_flood
4555,1781099984.214170,normal
4556,1781099984.215653,syn_flood
4557,1781099984.216953,normal
4558,1781099984.217797,syn_flood
4559,1781099984.219190,syn_flood
4560,1781099984.220192,syn_flood
4561,1781099984.221019,syn_flood
4562,1781099984.221916,normal
4563,1781099984.222772,syn_flood
4564,1781099984.223832,syn_flood
4565,1781099984.224548,syn_flood
4566,1781099984.225655,syn_flood
4567,1781099984.226643,syn_flood
4568,1781099984.227840,syn_flood
4569,1781099984.229472,syn_flood
4570,1781099984.230465,normal
4571,1781099984.231473,normal
4572,1781099984.233003,syn_flood
4573,1781099984.234136,normal
4574,1781099984.235008,syn_flood
4575,1781099984.236079,syn_flood
4576,1781099984.237482,normal
4577,1781099984.239004,syn_flood
4578,1781099984.239997,syn_flood
4579,1781099984.241678,normal
4580,1781099984.242701,syn_flood
4581,1781099984.243920,normal
4582,1781099984.244867,syn_flood
4583,1781099984.245651,syn_flood
4584,1781099984.246838,syn_flood
4585,1781099984.247980,normal
4586,1781099984.248847,syn_flood
4587,1781099984.250001,normal
4588,1781099984.250836,normal
4589,1781099984.252060,syn_flood
4590,1781099984.252863,syn_flood
4591,1781099984.254190,syn_flood
4592,1781099984.255279,normal
4593,1781099984.256417,normal
4594,1781099984.257490,syn_flood
4595,1781099984.258985,normal
4596,1781099984.260019,syn_flood
4597,1781099984.261237,syn_flood
4598,1781099984.262162,normal
4599,1781099984.262934,syn_flood
4600,1781099984.263685,syn_flood
4601,1781099984.264741,normal
4602,1781099984.265852,syn_flood
4603,1781099984.267291,normal
4604,1781099984.268307,normal
4605,1781099984.269797,normal
4606,1781099984.270820,syn_flood
4607,1781099984.271729,syn_flood
4608,1781099984.272916,syn_flood
4609,1781099984.273982,syn_flood
4610,1781099984.275211,syn_flood
4611,1781099984.276461,syn_flood
4612,1781099984.277264,syn_flood
4613,1781099984.278147,normal
4614,1781099984.278942,normal
4615,1781099984.280229,normal
4616,1781099984.281201,syn_flood
4617,1781099984.282326,syn_flood
4618,1781099984.283098,normal
4619,1781099984.284402,syn_flood
4620,1781099984.285364,normal
4621,1781099984.286774,syn_flood
4622,1781099984.287585,syn_flood
4623,1781099984.288835,syn_flood
4624,1781099984.289793,syn_flood
4625,1781099984.290653,normal
4626,1781099984.291642,normal
4627,1781099984.293015,syn_flood
4628,1781099984.294279,syn_flood
4629,1781099984.296262,syn_flood
4630,1781099984.297499,normal
4631,1781099984.298560,normal
4632,1781099984.299421,syn_flood
4633,1781099984.300479,normal
4634,1781099984.301747,syn_flood
4635,1781099984.303133,normal
4636,1781099984.304420,syn_flood
4637,1781099984.305372,syn_flood
4638,1781099984.306407,syn_flood
4639,1781099984.307211,syn_flood
4640,1781099984.308060,syn_flood
4641,1781099984.309679,syn_flood
4642,1781099984.310868,syn_flood
4643,1781099984.311792,syn_flood
4644,1781099984.312788,syn_flood
4645,1781099984.313989,normal
4646,1781099984.314986,normal
4647,1781099984.316359,normal
4648,1781099984.317658,syn_flood
4649,1781099984.318630,syn_flood
4650,1781099984.319753,normal
4651,1781099984.321050,syn_flood
4652,1781099984.321860,syn_flood
4653,1781099984.323097,syn_flood
4654,1781099984.324277,syn_flood
4655,1781099984.325205,normal
4656,1781099984.326206,normal
4657,1781099984.327395,syn_flood
4658,1781099984.328575,normal
4659,1781099984.329395,syn_flood
4660,1781099984.330542,normal
4661,1781099984.331744,syn_flood
4662,1781099984.333087,normal
4663,1781099984.334070,syn_flood
4664,1781099984.335312,syn_flood
4665,1781099984.336495,normal
4666,1781099984.337371,syn_flood
4667,1781099984.338424,syn_flood
4668,1781099984.339252,normal
4669,1781099984.340124,syn_flood
4670,1781099984.341220,normal
4671,1781099984.341962,syn_flood
4672,1781099984.342841,syn_flood
4673,1781099984.344012,syn_flood
4674,1781099984.345240,syn_flood
4675,1781099984.346380,normal
4676,1781099984.347422,syn_flood
4677,1781099984.348583,syn_flood
4678,1781099984.349699,syn_flood
4679,1781099984.350705,normal
4680,1781099984.351563,syn_flood
4681,1781099984.352779,syn_flood
4682,1781099984.354025,normal
4683,1781099984.354812,syn_flood
4684,1781099984.355874,syn_flood
4685,1781099984.356677,syn_flood
4686,1781099984.357380,syn_flood
4687,1781099984.358413,normal
4688,1781099984.359538,normal
4689,1781099984.360495,syn_flood
4690,1781099984.362261,normal
4691,1781099984.363383,syn_flood
4692,1781099984.364288,syn_flood
4693,1781099984.365362,syn_flood
4694,1781099984.366589,syn_flood
4695,1781099984.367677,syn_flood
4696,1781099984.368557,normal
4697,1781099984.369396,normal
4698,1781099984.370598,syn_flood
4699,1781099984.371376,normal
4700,1781099984.372443,syn_flood
4701,1781099984.373636,syn_flood
4702,1781099984.374433,syn_flood
4703,1781099984.375709,normal
4704,1781099984.376456,normal
4705,1781099984.377413,syn_flood
4706,1781099984.378175,syn_flood
4707,1781099984.379138,syn_flood
4708,1781099984.380583,syn_flood
4709,1781099984.381333,syn_flood
4710,1781099984.382162,syn_flood
4711,1781099984.383256,syn_flood
4712,1781099984.384122,normal
4713,1781099984.385258,normal
4714,1781099984.386571,normal
4715,1781099984.387717,syn_flood
4716,1781099984.388774,syn_flood
4717,1781099984.389606,syn_flood
4718,1781099984.390586,syn_flood
4719,1781099984.392076,syn_flood
4720,1781099984.393263,syn_flood
4721,1781099984.394246,syn_flood
4722,1781099984.395269,syn_flood
4723,1781099984.396356,syn_flood
4724,1781099984.397348,syn_flood
4725,1781099984.398157,normal
4726,1781099984.399146,normal
4727,1781099984.400451,syn_flood
4728,1781099984.401173,syn_flood
4729,1781099984.402448,syn_flood
4730,1781099984.403420,syn_flood
4731,1781099984.404840,syn_flood
4732,1781099984.405820,syn_flood
4733,1781099984.406660,syn_flood
4734,1781099984.407649,syn_flood
4735,1781099984.409096,syn_flood
4736,1781099984.409893,normal
4737,1781099984.411068,syn_flood
4738,1781099984.411927,syn_flood
4739,1781099984.412958,syn_flood
4740,1781099984.413924,syn_flood
4741,1781099984.415073,syn_flood
4742,1781099984.416448,syn_flood
4743,1781099984.417802,syn_flood
4744,1781099984.418773,syn_flood
4745,1781099984.419650,syn_flood
4746,1781099984.420819,syn_flood
4747,1781099984.421784,normal
4748,1781099984.422957,syn_flood
4749,1781099984.424267,normal
4750,1781099984.425173,syn_flood
4751,1781099984.426167,syn_flood
4752,1781099984.427245,syn_flood
4753,1781099984.428871,syn_flood
4754,1781099984.430230,syn_flood
4755,1781099984.431358,syn_flood
4756,1781099984.432274,normal
4757,1781099984.433741,syn_flood
4758,1781099984.434557,syn_flood
4759,1781099984.435601,normal
4760,1781099984.436369,normal
4761,1781099984.437418,normal
4762,1781099984.438668,syn_flood
4763,1781099984.439688,syn_flood
4764,1781099984.440582,syn_flood
4765,1781099984.441614,syn_flood
4766,1781099984.442708,syn_flood
4767,1781099984.444345,syn_flood
4768,1781099984.445177,syn_flood
4769,1781099984.446186,syn_flood
4770,1781099984.447019,syn_flood
4771,1781099984.447826,syn_flood
4772,1781099984.448725,syn_flood
4773,1781099984.449612,syn_flood
4774,1781099984.451080,syn_flood
4775,1781099984.452249,syn_flood
4776,1781099984.453358,syn_flood
4777,1781099984.454215,normal
4778,1781099984.455569,syn_flood
4779,1781099984.456776,syn_flood
4780,1781099984.457569,syn_flood
4781,1781099984.458544,normal
4782,1781099984.459560,syn_flood
4783,1781099984.460435,normal
4784,1781099984.461313,syn_flood
4785,1781099984.462806,syn_flood
4786,1781099984.463958,normal
4787,1781099984.465163,normal
4788,1781099984.466220,syn_flood
4789,1781099984.467019,syn_flood
4790,1781099984.468346,syn_flood
4791,1781099984.469802,syn_flood
4792,1781099984.470886,normal
4793,1781099984.471879,syn_flood
4794,1781099984.473578,syn_flood
4795,1781099984.474616,syn_flood
4796,1781099984.475421,syn_flood
4797,1781099984.476339,normal
4798,1781099984.477577,normal
4799,1781099984.478520,syn_flood
4800,1781099984.479882,normal
4801,1781099984.480854,normal
4802,1781099984.482097,syn_flood
4803,1781099984.482906,normal
4804,1781099984.483958,syn_flood
4805,1781099984.485001,syn_flood
4806,1781099984.486190,syn_flood
4807,1781099984.487234,syn_flood
4808,1781099984.488501,normal
4809,1781099984.489990,syn_flood
4810,1781099984.491164,normal
4811,1781099984.492309,syn_flood
4812,1781099984.493468,normal
4813,1781099984.494841,normal
4814,1781099984.495874,normal
4815,1781099984.497178,normal
4816,1781099984.498262,syn_flood
4817,1781099984.499419,syn_flood
4818,1781099984.500998,syn_flood
4819,1781099984.501792,normal
4820,1781099984.502758,syn_flood
4821,1781099984.503972,normal
4822,1781099984.504962,syn_flood
4823,1781099984.506424,normal
4824,1781099984.507648,syn_flood
4825,1781099984.508933,normal
4826,1781099984.509856,syn_flood
4827,1781099984.510820,syn_flood
4828,1781099984.512728,syn_flood
4829,1781099984.513752,syn_flood
4830,1781099984.514641,normal
4831,1781099984.515530,syn_flood
4832,1781099984.516516,syn_flood
4833,1781099984.517963,syn_flood
4834,1781099984.519373,syn_flood
4835,1781099984.520276,syn_flood
4836,1781099984.521380,normal
4837,1781099984.522800,normal
4838,1781099984.523915,syn_flood
4839,1781099984.524804,syn_flood
4840,1781099984.525986,normal
4841,1781099984.526726,syn_flood
4842,1781099984.527982,syn_flood
4843,1781099984.529249,syn_flood
4844,1781099984.530108,syn_flood
4845,1781099984.531170,syn_flood
4846,1781099984.532232,normal
4847,1781099984.533199,syn_flood
4848,1781099984.534085,syn_flood
4849,1781099984.535123,normal
4850,1781099984.536224,normal
4851,1781099984.537442,normal
4852,1781099984.538335,normal
4853,1781099984.539728,syn_flood
4854,1781099984.540943,normal
4855,1781099984.541838,syn_flood
4856,1781099984.543588,syn_flood
4857,1781099984.544646,syn_flood
4858,1781099984.545450,syn_flood
4859,1781099984.546273,syn_flood
4860,1781099984.547894,syn_flood
4861,1781099984.548967,normal
4862,1781099984.550752,normal
4863,1781099984.552079,normal
4864,1781099984.553212,syn_flood
4865,1781099984.554873,syn_flood
4866,1781099984.555874,syn_flood
4867,1781099984.556926,syn_flood
4868,1781099984.558051,syn_flood
4869,1781099984.558916,syn_flood
4870,1781099984.560150,syn_flood
4871,1781099984.561184,normal
4872,1781099984.562117,syn_flood
4873,1781099984.562960,normal
4874,1781099984.564650,syn_flood
4875,1781099984.565923,syn_flood
4876,1781099984.567131,syn_flood
4877,1781099984.568199,syn_flood
4878,1781099984.569479,syn_flood
4879,1781099984.570416,syn_flood
4880,1781099984.571680,syn_flood
4881,1781099984.572776,syn_flood
4882,1781099984.574493,syn_flood
4883,1781099984.575921,syn_flood
4884,1781099984.577324,syn_flood
4885,1781099984.578364,syn_flood
4886,1781099984.579306,syn_flood
4887,1781099984.581028,normal
4888,1781099984.581972,syn_flood
4889,1781099984.582995,syn_flood
4890,1781099984.584208,syn_flood
4891,1781099984.585453,syn_flood
4892,1781099984.586160,syn_flood
4893,1781099984.587295,normal
4894,1781099984.588291,syn_flood
4895,1781099984.589190,syn_flood
4896,1781099984.590132,normal
4897,1781099984.591073,normal
4898,1781099984.592488,syn_flood
4899,1781099984.593536,syn_flood
4900,1781099984.594307,syn_flood
4901,1781099984.595167,syn_flood
4902,1781099984.596067,syn_flood
4903,1781099984.597121,syn_flood
4904,1781099984.598061,normal
4905,1781099984.599185,syn_flood
4906,1781099984.600057,syn_flood
4907,1781099984.601296,syn_flood
4908,1781099984.602482,syn_flood
4909,1781099984.603268,syn_flood
4910,1781099984.604959,syn_flood
4911,1781099984.606081,syn_flood
4912,1781099984.607418,syn_flood
4913,1781099984.608095,syn_flood
4914,1781099984.609704,syn_flood
4915,1781099984.610945,normal
4916,1781099984.611974,normal
4917,1781099984.613325,normal
4918,1781099984.614458,syn_flood
4919,1781099984.615480,syn_flood
4920,1781099984.616789,syn_flood
4921,1781099984.617912,syn_flood
4922,1781099984.619089,syn_flood
4923,1781099984.621099,syn_flood
4924,1781099984.622169,syn_flood
4925,1781099984.623623,normal
4926,1781099984.624550,normal
4927,1781099984.625439,syn_flood
4928,1781099984.626321,syn_flood
4929,1781099984.627531,normal
4930,1781099984.628628,syn_flood
4931,1781099984.629652,syn_flood
4932,1781099984.630924,syn_flood
4933,1781099984.632041,syn_flood
4934,1781099984.633389,syn_flood
4935,1781099984.634584,syn_flood
4936,1781099984.635681,syn_flood
4937,1781099984.636905,syn_flood
4938,1781099984.638031,syn_flood
4939,1781099984.639015,syn_flood
4940,1781099984.640034,syn_flood
4941,1781099984.641093,syn_flood
4942,1781099984.642200,syn_flood
4943,1781099984.643756,syn_flood
4944,1781099984.644774,syn_flood
4945,1781099984.645772,syn_flood
4946,1781099984.647013,syn_flood
4947,1781099984.648423,syn_flood
4948,1781099984.649397,syn_flood
4949,1781099984.650389,syn_flood
4950,1781099984.651640,syn_flood
4951,1781099984.652921,syn_flood
4952,1781099984.654158,syn_flood
4953,1781099984.656013,syn_flood
4954,1781099984.656905,normal
4955,1781099984.658129,normal
4956,1781099984.658939,syn_flood
4957,1781099984.660141,syn_flood
4958,1781099984.661734,normal
4959,1781099984.662836,syn_flood
4960,1781099984.664221,syn_flood
4961,1781099984.665326,normal
4962,1781099984.666046,syn_flood
4963,1781099984.667332,syn_flood
4964,1781099984.669842,syn_flood
4965,1781099984.670854,syn_flood
4966,1781099984.671739,normal
4967,1781099984.673231,syn_flood
4968,1781099984.674674,syn_flood
4969,1781099984.675806,syn_flood
4970,1781099984.676852,syn_flood
4971,1781099984.677803,syn_flood
4972,1781099984.678720,syn_flood
4973,1781099984.680317,syn_flood
4974,1781099984.681310,normal
4975,1781099984.682155,syn_flood
4976,1781099984.683009,syn_flood
4977,1781099984.683869,normal
4978,1781099984.685581,normal
4979,1781099984.687073,syn_flood
4980,1781099984.688129,syn_flood
4981,1781099984.689131,syn_flood
4982,1781099984.689957,syn_flood
4983,1781099984.690746,syn_flood
4984,1781099984.691574,syn_flood
4985,1781099984.692621,normal
4986,1781099984.693956,syn_flood
4987,1781099984.695192,syn_flood
4988,1781099984.696306,syn_flood
4989,1781099984.697853,syn_flood
4990,1781099984.698840,syn_flood
4991,1781099984.699965,normal
4992,1781099984.700971,syn_flood
4993,1781099984.702081,syn_flood
4994,1781099984.702975,syn_flood
4995,1781099984.704362,normal
4996,1781099984.705557,syn_flood
4997,1781099984.706958,normal
4998,1781099984.708383,normal
4999,1781099984.709388,syn_flood
5000,1781099984.710753,syn_flood
5001,1781099984.711905,syn_flood
5002,1781099984.713760,syn_flood
5003,1781099984.715370,syn_flood
5004,1781099984.716581,syn_flood
5005,1781099984.717301,syn_flood
5006,1781099984.718803,normal
5007,1781099984.719909,syn_flood
5008,1781099984.720963,syn_flood
5009,1781099984.722397,syn_flood
5010,1781099984.723655,syn_flood
5011,1781099984.724530,normal
5012,1781099984.725425,syn_flood
5013,1781099984.726384,normal
5014,1781099984.727813,syn_flood
5015,1781099984.729367,normal
5016,1781099984.730615,normal
5017,1781099984.731514,syn_flood
5018,1781099984.732386,syn_flood
5019,1781099984.733512,syn_flood
5020,1781099984.734374,syn_flood
5021,1781099984.735309,syn_flood
5022,1781099984.736724,syn_flood
5023,1781099984.738070,syn_flood
5024,1781099984.740144,syn_flood
5025,1781099984.741507,syn_flood
5026,1781099984.742680,syn_flood
5027,1781099984.743971,syn_flood
5028,1781099984.745203,normal
5029,1781099984.746340,normal
5030,1781099984.747277,syn_flood
5031,1781099984.748335,syn_flood
5032,1781099984.749865,syn_flood
5033,1781099984.750994,syn_flood
5034,1781099984.751731,syn_flood
5035,1781099984.752640,syn_flood
5036,1781099984.754056,normal
5037,1781099984.754932,syn_flood
5038,1781099984.756085,syn_flood
5039,1781099984.757204,syn_flood
5040,1781099984.759170,syn_flood
5041,1781099984.760276,syn_flood
5042,1781099984.761101,syn_flood
5043,1781099984.762191,normal
5044,1781099984.763406,syn_flood
5045,1781099984.764430,syn_flood
5046,1781099984.765196,syn_flood
5047,1781099984.766154,syn_flood
5048,1781099984.767541,syn_flood
5049,1781099984.768698,syn_flood
5050,1781099984.770177,syn_flood
5051,1781099984.771904,syn_flood
5052,1781099984.773198,normal
5053,1781099984.774389,normal
5054,1781099984.775575,syn_flood
5055,1781099984.777163,syn_flood
5056,1781099984.777968,syn_flood
5057,1781099984.779324,syn_flood
5058,1781099984.780627,syn_flood
5059,1781099984.782013,normal
5060,1781099984.783339,normal
5061,1781099984.784161,syn_flood
5062,1781099984.785258,syn_flood
5063,1781099984.786588,syn_flood
5064,1781099984.787711,syn_flood
5065,1781099984.789001,syn_flood
5066,1781099984.789812,syn_flood
5067,1781099984.791013,syn_flood
5068,1781099984.791931,syn_flood
5069,1781099984.793430,syn_flood
5070,1781099984.794304,syn_flood
5071,1781099984.795486,syn_flood
5072,1781099984.796500,normal
5073,1781099984.798061,syn_flood
5074,1781099984.799209,syn_flood
5075,1781099984.800308,syn_flood
5076,1781099984.801298,syn_flood
5077,1781099984.802594,syn_flood
5078,1781099984.803704,syn_flood
5079,1781099984.804824,syn_flood
5080,1781099984.806056,syn_flood
5081,1781099984.807326,syn_flood
5082,1781099984.808616,syn_flood
5083,1781099984.810242,syn_flood
5084,1781099984.811500,syn_flood
5085,1781099984.813081,syn_flood
5086,1781099984.814441,syn_flood
5087,1781099984.815598,normal
5088,1781099984.816592,normal
5089,1781099984.817789,syn_flood
5090,1781099984.818578,syn_flood
5091,1781099984.820155,syn_flood
5092,1781099984.821304,syn_flood
5093,1781099984.822769,syn_flood
5094,1781099984.823771,syn_flood
5095,1781099984.825313,syn_flood
5096,1781099984.826356,syn_flood
5097,1781099984.827379,normal
5098,1781099984.828146,syn_flood
5099,1781099984.829101,syn_flood
5100,1781099984.830664,syn_flood
5101,1781099984.831823,syn_flood
5102,1781099984.832768,syn_flood
5103,1781099984.833654,syn_flood
5104,1781099984.834795,syn_flood
5105,1781099984.835984,syn_flood
5106,1781099984.837170,syn_flood
5107,1781099984.838407,syn_flood
5108,1781099984.839310,normal
5109,1781099984.840470,syn_flood
5110,1781099984.841578,syn_flood
5111,1781099984.842673,syn_flood
5112,1781099984.843961,syn_flood
5113,1781099984.845345,syn_flood
5114,1781099984.846518,normal
5115,1781099984.847576,normal
5116,1781099984.849069,normal
5117,1781099984.849889,syn_flood
5118,1781099984.850994,syn_flood
5119,1781099984.852095,syn_flood
5120,1781099984.853305,normal
5121,1781099984.854443,syn_flood
5122,1781099984.855676,syn_flood
5123,1781099984.856692,syn_flood
5124,1781099984.858201,syn_flood
5125,1781099984.859488,syn_flood
5126,1781099984.860770,normal
5127,1781099984.861745,syn_flood
5128,1781099984.862835,syn_flood
5129,1781099984.864669,normal
5130,1781099984.865607,syn_flood
5131,1781099984.866782,syn_flood
5132,1781099984.868364,syn_flood
5133,1781099984.869492,syn_flood
5134,1781099984.870787,syn_flood
5135,1781099984.871992,syn_flood
5136,1781099984.873127,syn_flood
5137,1781099984.874477,syn_flood
5138,1781099984.875736,syn_flood
5139,1781099984.877671,syn_flood
5140,1781099984.879275,syn_flood
5141,1781099984.880663,syn_flood
5142,1781099984.882597,syn_flood
5143,1781099984.883557,syn_flood
5144,1781099984.884803,syn_flood
5145,1781099984.885935,syn_flood
5146,1781099984.887133,syn_flood
5147,1781099984.888418,normal
5148,1781099984.889769,normal
5149,1781099984.891236,syn_flood
5150,1781099984.892927,syn_flood
5151,1781099984.893698,syn_flood
5152,1781099984.894861,syn_flood
5153,1781099984.895858,syn_flood
5154,1781099984.897215,syn_flood
5155,1781099984.898389,syn_flood
5156,1781099984.899472,syn_flood
5157,1781099984.900937,syn_flood
5158,1781099984.901930,syn_flood
5159,1781099984.903177,syn_flood
5160,1781099984.904056,syn_flood
5161,1781099984.905353,syn_flood
5162,1781099984.906447,syn_flood
5163,1781099984.908122,syn_flood
5164,1781099984.909760,normal
5165,1781099984.911361,syn_flood
5166,1781099984.912540,syn_flood
5167,1781099984.913584,syn_flood
5168,1781099984.914685,syn_flood
5169,1781099984.916243,syn_flood
5170,1781099984.917445,syn_flood
5171,1781099984.918851,syn_flood
5172,1781099984.920183,syn_flood
5173,1781099984.921075,syn_flood
5174,1781099984.922508,syn_flood
5175,1781099984.923793,syn_flood
5176,1781099984.924843,syn_flood
5177,1781099984.926041,syn_flood
5178,1781099984.926936,syn_flood
5179,1781099984.928069,syn_flood
5180,1781099984.929357,normal
5181,1781099984.930691,syn_flood
5182,1781099984.931716,normal
5183,1781099984.933089,syn_flood
5184,1781099984.934177,syn_flood
5185,1781099984.935650,syn_flood
5186,1781099984.936977,syn_flood
5187,1781099984.938409,syn_flood
5188,1781099984.939723,syn_flood
5189,1781099984.941017,syn_flood
5190,1781099984.942407,normal
5191,1781099984.943714,syn_flood
5192,1781099984.944961,syn_flood
5193,1781099984.946207,syn_flood
5194,1781099984.947492,syn_flood
5195,1781099984.948369,syn_flood
5196,1781099984.949629,syn_flood
5197,1781099984.951003,syn_flood
5198,1781099984.952291,syn_flood
5199,1781099984.953384,syn_flood
5200,1781099984.954702,normal
5201,1781099984.955831,syn_flood
5202,1781099984.956957,syn_flood
5203,1781099984.958039,syn_flood
5204,1781099984.959499,normal
5205,1781099984.960833,syn_flood
5206,1781099984.962646,syn_flood
5207,1781099984.964262,syn_flood
5208,1781099984.966274,syn_flood
5209,1781099984.967349,syn_flood
5210,1781099984.968611,syn_flood
5211,1781099984.969931,syn_flood
5212,1781099984.971832,syn_flood
5213,1781099984.973516,syn_flood
5214,1781099984.974820,syn_flood
5215,1781099984.975966,syn_flood
5216,1781099984.977048,normal
5217,1781099984.978230,syn_flood
5218,1781099984.979369,syn_flood
5219,1781099984.981014,syn_flood
5220,1781099984.982369,syn_flood
5221,1781099984.983823,syn_flood
5222,1781099984.985101,syn_flood
5223,1781099984.986767,syn_flood
5224,1781099984.987876,syn_flood
5225,1781099984.988838,syn_flood
5226,1781099984.990291,syn_flood
5227,1781099984.991349,syn_flood
5228,1781099984.992416,syn_flood
5229,1781099984.993836,syn_flood
5230,1781099984.995413,syn_flood
5231,1781099984.996606,syn_flood
5232,1781099984.997840,syn_flood
5233,1781099985.000194,normal
5234,1781099985.001573,syn_flood
5235,1781099985.002820,syn_flood
5236,1781099985.004541,syn_flood
5237,1781099985.006010,syn_flood
5238,1781099985.007534,syn_flood
5239,1781099985.008645,syn_flood
5240,1781099985.009809,syn_flood
5241,1781099985.011256,syn_flood
5242,1781099985.012905,syn_flood
5243,1781099985.014745,syn_flood
5244,1781099985.015833,syn_flood
5245,1781099985.017828,syn_flood
5246,1781099985.019139,syn_flood
5247,1781099985.020128,syn_flood
5248,1781099985.021633,syn_flood
5249,1781099985.023204,syn_flood
5250,1781099985.024296,syn_flood
5251,1781099985.025798,syn_flood
5252,1781099985.026711,syn_flood
5253,1781099985.027981,syn_flood
5254,1781099985.028903,syn_flood
5255,1781099985.030086,syn_flood
5256,1781099985.031322,syn_flood
5257,1781099985.032272,syn_flood
5258,1781099985.033105,syn_flood
5259,1781099985.034089,syn_flood
5260,1781099985.035645,syn_flood
5261,1781099985.036582,syn_flood
5262,1781099985.038222,syn_flood
5263,1781099985.039738,syn_flood
5264,1781099985.040936,syn_flood
5265,1781099985.042036,syn_flood
5266,1781099985.043235,normal
5267,1781099985.044252,syn_flood
5268,1781099985.045416,syn_flood
5269,1781099985.046531,syn_flood
5270,1781099985.048140,syn_flood
5271,1781099985.049258,normal
5272,1781099985.050632,normal
5273,1781099985.051957,syn_flood
5274,1781099985.053268,syn_flood
5275,1781099985.054298,syn_flood
5276,1781099985.055315,syn_flood
5277,1781099985.056581,syn_flood
5278,1781099985.058444,syn_flood
5279,1781099985.059592,syn_flood
5280,1781099985.060958,syn_flood
5281,1781099985.063079,normal
5282,1781099985.064517,syn_flood
5283,1781099985.065453,syn_flood
5284,1781099985.066831,syn_flood
5285,1781099985.067858,syn_flood
5286,1781099985.069426,syn_flood
5287,1781099985.070464,normal
5288,1781099985.071750,syn_flood
5289,1781099985.073015,syn_flood
5290,1781099985.074898,syn_flood
5291,1781099985.075827,syn_flood
5292,1781099985.076773,syn_flood
5293,1781099985.077843,syn_flood
5294,1781099985.079252,syn_flood
5295,1781099985.081078,syn_flood
5296,1781099985.082305,syn_flood
5297,1781099985.083416,syn_flood
5298,1781099985.085081,syn_flood
5299,1781099985.086527,syn_flood
5300,1781099985.088146,syn_flood
5301,1781099985.089157,syn_flood
5302,1781099985.090415,syn_flood
5303,1781099985.091447,syn_flood
5304,1781099985.093211,syn_flood
5305,1781099985.094764,syn_flood
5306,1781099985.096156,syn_flood
5307,1781099985.097079,syn_flood
5308,1781099985.098353,syn_flood
5309,1781099985.099676,syn_flood
5310,1781099985.100960,syn_flood
5311,1781099985.102154,syn_flood
5312,1781099985.103647,syn_flood
5313,1781099985.105117,syn_flood
5314,1781099985.107126,syn_flood
5315,1781099985.108553,syn_flood
5316,1781099985.110607,syn_flood
5317,1781099985.111678,syn_flood
5318,1781099985.112993,syn_flood
5319,1781099985.114457,syn_flood
5320,1781099985.115505,syn_flood
5321,1781099985.117198,normal
5322,1781099985.118293,syn_flood
5323,1781099985.119260,syn_flood
5324,1781099985.120730,syn_flood
5325,1781099985.122431,syn_flood
5326,1781099985.123790,syn_flood
5327,1781099985.126065,syn_flood
5328,1781099985.127291,syn_flood
5329,1781099985.128180,syn_flood
5330,1781099985.129864,syn_flood
5331,1781099985.131319,syn_flood
5332,1781099985.132447,syn_flood
5333,1781099985.133443,syn_flood
5334,1781099985.134773,syn_flood
5335,1781099985.136136,syn_flood
5336,1781099985.137848,syn_flood
5337,1781099985.139707,syn_flood
5338,1781099985.141423,syn_flood
5339,1781099985.142463,syn_flood
5340,1781099985.144088,syn_flood
5341,1781099985.145371,syn_flood
5342,1781099985.146377,syn_flood
5343,1781099985.147999,syn_flood
5344,1781099985.149219,syn_flood
5345,1781099985.150431,syn_flood
5346,1781099985.152154,syn_flood
5347,1781099985.153201,syn_flood
5348,1781099985.154607,syn_flood
5349,1781099985.156133,syn_flood
5350,1781099985.157625,syn_flood
5351,1781099985.159077,syn_flood
5352,1781099985.160396,syn_flood
5353,1781099985.161882,syn_flood
5354,1781099985.163341,syn_flood
5355,1781099985.165136,syn_flood
5356,1781099985.166622,syn_flood
5357,1781099985.167723,syn_flood
5358,1781099985.169506,syn_flood
5359,1781099985.170572,syn_flood
5360,1781099985.172322,syn_flood
5361,1781099985.174085,syn_flood
5362,1781099985.175210,syn_flood
5363,1781099985.176265,normal
5364,1781099985.177555,syn_flood
5365,1781099985.179102,syn_flood
5366,1781099985.180616,syn_flood
5367,1781099985.181527,syn_flood
5368,1781099985.183471,syn_flood
5369,1781099985.185093,syn_flood
5370,1781099985.186304,syn_flood
5371,1781099985.188411,syn_flood
5372,1781099985.189769,syn_flood
5373,1781099985.191059,syn_flood
5374,1781099985.192306,syn_flood
5375,1781099985.194141,syn_flood
5376,1781099985.195937,syn_flood
5377,1781099985.197114,syn_flood
5378,1781099985.198912,syn_flood
5379,1781099985.199800,syn_flood
5380,1781099985.200937,syn_flood
5381,1781099985.202325,syn_flood
5382,1781099985.203459,syn_flood
5383,1781099985.205291,syn_flood
5384,1781099985.206754,syn_flood
5385,1781099985.208323,syn_flood
5386,1781099985.209550,syn_flood
5387,1781099985.210745,syn_flood
5388,1781099985.211764,syn_flood
5389,1781099985.212908,syn_flood
5390,1781099985.214132,syn_flood
5391,1781099985.215952,syn_flood
5392,1781099985.217123,syn_flood
5393,1781099985.218926,normal
5394,1781099985.220381,syn_flood
5395,1781099985.221787,syn_flood
5396,1781099985.222934,syn_flood
5397,1781099985.224608,syn_flood
5398,1781099985.225560,syn_flood
5399,1781099985.227529,syn_flood
5400,1781099985.229332,syn_flood
5401,1781099985.230484,syn_flood
5402,1781099985.231399,syn_flood
5403,1781099985.233262,syn_flood
5404,1781099985.234849,syn_flood
5405,1781099985.235941,syn_flood
5406,1781099985.237250,syn_flood
5407,1781099985.238348,syn_flood
5408,1781099985.239760,syn_flood
5409,1781099985.240864,syn_flood
5410,1781099985.243251,syn_flood
5411,1781099985.244535,syn_flood
5412,1781099985.245739,syn_flood
5413,1781099985.246900,syn_flood
5414,1781099985.248447,syn_flood
5415,1781099985.249603,syn_flood
5416,1781099985.251044,syn_flood
5417,1781099985.252824,syn_flood
5418,1781099985.254324,syn_flood
5419,1781099985.255406,syn_flood
5420,1781099985.256990,syn_flood
5421,1781099985.258491,syn_flood
5422,1781099985.259638,syn_flood
5423,1781099985.261698,syn_flood
5424,1781099985.263258,syn_flood
5425,1781099985.264522,syn_flood
5426,1781099985.266078,syn_flood
5427,1781099985.267799,syn_flood
5428,1781099985.269101,syn_flood
5429,1781099985.270511,syn_flood
5430,1781099985.272744,syn_flood
5431,1781099985.274039,syn_flood
5432,1781099985.275403,syn_flood
5433,1781099985.277160,syn_flood
5434,1781099985.279044,syn_flood
5435,1781099985.280262,syn_flood
5436,1781099985.281662,syn_flood
5437,1781099985.283865,syn_flood
5438,1781099985.285378,syn_flood
5439,1781099985.286932,syn_flood
5440,1781099985.288354,syn_flood
5441,1781099985.289749,syn_flood
5442,1781099985.291051,syn_flood
5443,1781099985.292031,syn_flood
5444,1781099985.293374,syn_flood
5445,1781099985.295012,syn_flood
5446,1781099985.296726,syn_flood
5447,1781099985.298481,syn_flood
5448,1781099985.299536,syn_flood
5449,1781099985.300928,syn_flood
5450,1781099985.303010,syn_flood
5451,1781099985.304462,syn_flood
5452,1781099985.305887,syn_flood
5453,1781099985.307219,syn_flood
5454,1781099985.309108,syn_flood
5455,1781099985.310263,syn_flood
5456,1781099985.311241,syn_flood
5457,1781099985.312660,syn_flood
5458,1781099985.313535,syn_flood
5459,1781099985.315033,syn_flood
5460,1781099985.316709,syn_flood
5461,1781099985.318326,syn_flood
5462,1781099985.319433,syn_flood
5463,1781099985.321376,syn_flood
5464,1781099985.322793,syn_flood
5465,1781099985.324303,syn_flood
5466,1781099985.325911,syn_flood
5467,1781099985.327174,syn_flood
5468,1781099985.329154,syn_flood
5469,1781099985.331379,syn_flood
5470,1781099985.332622,syn_flood
5471,1781099985.334189,syn_flood
5472,1781099985.336033,syn_flood
5473,1781099985.337671,syn_flood
5474,1781099985.339135,syn_flood
5475,1781099985.340689,syn_flood
5476,1781099985.342119,syn_flood
5477,1781099985.343441,syn_flood
5478,1781099985.345037,syn_flood
5479,1781099985.346477,syn_flood
5480,1781099985.348330,syn_flood
5481,1781099985.349957,syn_flood
5482,1781099985.352187,syn_flood
5483,1781099985.353596,syn_flood
5484,1781099985.355047,syn_flood
5485,1781099985.356476,syn_flood
5486,1781099985.358325,syn_flood
5487,1781099985.359719,syn_flood
5488,1781099985.361125,syn_flood
5489,1781099985.362125,syn_flood
5490,1781099985.363662,syn_flood
5491,1781099985.365034,syn_flood
5492,1781099985.366582,syn_flood
5493,1781099985.367998,syn_flood
5494,1781099985.369082,syn_flood
5495,1781099985.370220,syn_flood
5496,1781099985.371408,syn_flood
5497,1781099985.372737,syn_flood
5498,1781099985.374082,syn_flood
5499,1781099985.375550,syn_flood
5500,1781099985.376750,syn_flood
5501,1781099985.378294,syn_flood
5502,1781099985.380122,syn_flood
5503,1781099985.381135,syn_flood
5504,1781099985.382925,syn_flood
5505,1781099985.385344,syn_flood
5506,1781099985.386926,syn_flood
5507,1781099985.388118,syn_flood
5508,1781099985.389977,syn_flood
5509,1781099985.391616,syn_flood
5510,1781099985.393096,syn_flood
5511,1781099985.394318,syn_flood
5512,1781099985.396144,syn_flood
5513,1781099985.398040,syn_flood
5514,1781099985.400229,syn_flood
5515,1781099985.401779,syn_flood
5516,1781099985.403335,syn_flood
5517,1781099985.405256,syn_flood
5518,1781099985.406505,syn_flood
5519,1781099985.408178,syn_flood
5520,1781099985.409610,syn_flood
5521,1781099985.411313,syn_flood
5522,1781099985.412731,syn_flood
5523,1781099985.413865,syn_flood
5524,1781099985.415782,syn_flood
5525,1781099985.417415,syn_flood
5526,1781099985.418829,syn_flood
5527,1781099985.419964,syn_flood
5528,1781099985.421815,normal
5529,1781099985.423051,syn_flood
5530,1781099985.425101,syn_flood
5531,1781099985.427179,syn_flood
5532,1781099985.429111,syn_flood
5533,1781099985.430793,syn_flood
5534,1781099985.431753,syn_flood
5535,1781099985.433483,syn_flood
5536,1781099985.435079,syn_flood
5537,1781099985.436633,syn_flood
5538,1781099985.439227,syn_flood
5539,1781099985.441378,syn_flood
5540,1781099985.442870,syn_flood
5541,1781099985.444083,syn_flood
5542,1781099985.446493,syn_flood
5543,1781099985.448549,syn_flood
5544,1781099985.449953,syn_flood
5545,1781099985.451550,syn_flood
5546,1781099985.452618,syn_flood
5547,1781099985.454259,syn_flood
5548,1781099985.456045,syn_flood
5549,1781099985.457750,syn_flood
5550,1781099985.458999,syn_flood
5551,1781099985.459967,syn_flood
5552,1781099985.461725,syn_flood
5553,1781099985.463276,syn_flood
5554,1781099985.464774,syn_flood
5555,1781099985.466460,syn_flood
5556,1781099985.467818,syn_flood
5557,1781099985.469145,syn_flood
5558,1781099985.471042,syn_flood
5559,1781099985.472437,syn_flood
5560,1781099985.473829,syn_flood
5561,1781099985.475791,syn_flood
5562,1781099985.477664,syn_flood
5563,1781099985.479460,syn_flood
5564,1781099985.480985,syn_flood
5565,1781099985.483040,syn_flood
5566,1781099985.484553,syn_flood
5567,1781099985.485843,syn_flood
5568,1781099985.487721,syn_flood
5569,1781099985.489103,syn_flood
5570,1781099985.490391,syn_flood
5571,1781099985.492221,syn_flood
5572,1781099985.494089,syn_flood
5573,1781099985.496765,syn_flood
5574,1781099985.498388,syn_flood
5575,1781099985.499704,syn_flood
5576,1781099985.501052,syn_flood
5577,1781099985.502865,syn_flood
5578,1781099985.505012,syn_flood
5579,1781099985.506309,syn_flood
5580,1781099985.507983,syn_flood
5581,1781099985.509886,syn_flood
5582,1781099985.511468,syn_flood
5583,1781099985.513045,syn_flood
5584,1781099985.514789,syn_flood
5585,1781099985.516790,syn_flood
5586,1781099985.518637,syn_flood
5587,1781099985.519893,syn_flood
5588,1781099985.520871,syn_flood
5589,1781099985.522403,syn_flood
5590,1781099985.524010,syn_flood
5591,1781099985.525817,syn_flood
5592,1781099985.527013,syn_flood
5593,1781099985.528614,syn_flood
5594,1781099985.530450,syn_flood
5595,1781099985.532522,syn_flood
5596,1781099985.534258,syn_flood
5597,1781099985.535776,syn_flood
5598,1781099985.537205,syn_flood
5599,1781099985.538324,syn_flood
5600,1781099985.540309,syn_flood
5601,1781099985.541794,syn_flood
5602,1781099985.542942,syn_flood
5603,1781099985.544480,syn_flood
5604,1781099985.546352,syn_flood
5605,1781099985.548026,syn_flood
5606,1781099985.549877,syn_flood
5607,1781099985.552513,syn_flood
5608,1781099985.553951,syn_flood
5609,1781099985.555898,syn_flood
5610,1781099985.557708,syn_flood
5611,1781099985.559677,syn_flood
5612,1781099985.560808,syn_flood
5613,1781099985.562214,syn_flood
5614,1781099985.563560,syn_flood
5615,1781099985.564922,syn_flood
5616,1781099985.566655,syn_flood
5617,1781099985.567784,syn_flood
5618,1781099985.569408,syn_flood
5619,1781099985.570824,syn_flood
5620,1781099985.572557,syn_flood
5621,1781099985.573863,syn_flood
5622,1781099985.575487,syn_flood
5623,1781099985.576756,syn_flood
5624,1781099985.578160,syn_flood
5625,1781099985.579435,normal
5626,1781099985.582508,syn_flood
5627,1781099985.584373,syn_flood
5628,1781099985.585841,syn_flood
5629,1781099985.587477,syn_flood
5630,1781099985.588438,syn_flood
5631,1781099985.589848,syn_flood
5632,1781099985.592182,syn_flood
5633,1781099985.593979,syn_flood
5634,1781099985.595260,syn_flood
5635,1781099985.597408,syn_flood
5636,1781099985.599912,syn_flood
5637,1781099985.601681,syn_flood
5638,1781099985.603310,syn_flood
5639,1781099985.605041,syn_flood
5640,1781099985.606361,syn_flood
5641,1781099985.607723,syn_flood
5642,1781099985.609876,syn_flood
5643,1781099985.611255,syn_flood
5644,1781099985.612858,syn_flood
5645,1781099985.614968,syn_flood
5646,1781099985.616425,syn_flood
5647,1781099985.618214,syn_flood
5648,1781099985.619753,syn_flood
5649,1781099985.621387,syn_flood
5650,1781099985.623037,syn_flood
5651,1781099985.624551,syn_flood
5652,1781099985.625951,syn_flood
5653,1781099985.627297,syn_flood
5654,1781099985.628901,normal
5655,1781099985.630247,syn_flood
5656,1781099985.631961,syn_flood
5657,1781099985.633255,syn_flood
5658,1781099985.634940,syn_flood
5659,1781099985.636730,syn_flood
5660,1781099985.638693,syn_flood
5661,1781099985.640368,syn_flood
5662,1781099985.641619,syn_flood
5663,1781099985.643202,syn_flood
5664,1781099985.644679,syn_flood
5665,1781099985.646576,syn_flood
5666,1781099985.649189,normal
5667,1781099985.650479,syn_flood
5668,1781099985.652394,syn_flood
5669,1781099985.654890,syn_flood
5670,1781099985.657042,syn_flood
5671,1781099985.659469,syn_flood
5672,1781099985.661160,syn_flood
5673,1781099985.663130,syn_flood
5674,1781099985.664592,syn_flood
5675,1781099985.666322,syn_flood
5676,1781099985.667913,syn_flood
5677,1781099985.669751,syn_flood
5678,1781099985.671681,syn_flood
5679,1781099985.673495,syn_flood
5680,1781099985.675268,syn_flood
5681,1781099985.676548,syn_flood
5682,1781099985.679407,syn_flood
5683,1781099985.680953,syn_flood
5684,1781099985.682436,syn_flood
5685,1781099985.683721,syn_flood
5686,1781099985.685277,syn_flood
5687,1781099985.686823,syn_flood
5688,1781099985.688731,syn_flood
5689,1781099985.691171,syn_flood
5690,1781099985.693384,normal
5691,1781099985.695256,syn_flood
5692,1781099985.696695,syn_flood
5693,1781099985.698625,syn_flood
5694,1781099985.700271,syn_flood
5695,1781099985.701538,syn_flood
5696,1781099985.704480,syn_flood
5697,1781099985.706366,syn_flood
5698,1781099985.708033,syn_flood
5699,1781099985.709715,syn_flood
5700,1781099985.711082,syn_flood
5701,1781099985.712669,syn_flood
5702,1781099985.714373,syn_flood
5703,1781099985.715954,syn_flood
5704,1781099985.717503,syn_flood
5705,1781099985.718992,syn_flood
5706,1781099985.720058,syn_flood
5707,1781099985.721779,syn_flood
5708,1781099985.723234,syn_flood
5709,1781099985.724811,syn_flood
5710,1781099985.726176,syn_flood
5711,1781099985.727603,syn_flood
5712,1781099985.729140,syn_flood
5713,1781099985.731401,syn_flood
5714,1781099985.733692,syn_flood
5715,1781099985.735282,syn_flood
5716,1781099985.737487,syn_flood
5717,1781099985.738712,syn_flood
5718,1781099985.740900,syn_flood
5719,1781099985.742240,syn_flood
5720,1781099985.743783,syn_flood
5721,1781099985.745316,syn_flood
5722,1781099985.746965,syn_flood
5723,1781099985.748941,syn_flood
5724,1781099985.750246,syn_flood
5725,1781099985.752181,syn_flood
5726,1781099985.753097,syn_flood
5727,1781099985.754267,syn_flood
5728,1781099985.756305,syn_flood
5729,1781099985.757657,syn_flood
5730,1781099985.759026,syn_flood
5731,1781099985.760620,syn_flood
5732,1781099985.762413,syn_flood
5733,1781099985.764237,syn_flood
5734,1781099985.767038,syn_flood
5735,1781099985.769286,syn_flood
5736,1781099985.771330,syn_flood
5737,1781099985.773027,syn_flood
5738,1781099985.774462,syn_flood
5739,1781099985.775850,normal
5740,1781099985.778754,syn_flood
5741,1781099985.780235,syn_flood
5742,1781099985.782335,syn_flood
5743,1781099985.784395,syn_flood
5744,1781099985.786295,syn_flood
5745,1781099985.789147,syn_flood
5746,1781099985.790643,syn_flood
5747,1781099985.793242,syn_flood
5748,1781099985.795427,syn_flood
5749,1781099985.797343,syn_flood
5750,1781099985.799453,syn_flood
5751,1781099985.801176,syn_flood
5752,1781099985.802990,syn_flood
5753,1781099985.804170,syn_flood
5754,1781099985.806045,syn_flood
5755,1781099985.807472,syn_flood
5756,1781099985.809642,syn_flood
5757,1781099985.810867,syn_flood
5758,1781099985.812256,syn_flood
5759,1781099985.813488,syn_flood
5760,1781099985.814934,syn_flood
5761,1781099985.817173,syn_flood
5762,1781099985.818575,syn_flood
5763,1781099985.820858,normal
5764,1781099985.823362,syn_flood
5765,1781099985.825467,syn_flood
5766,1781099985.827382,syn_flood
5767,1781099985.829006,syn_flood
5768,1781099985.831603,syn_flood
5769,1781099985.833213,syn_flood
5770,1781099985.834711,syn_flood
5771,1781099985.836606,syn_flood
5772,1781099985.838319,syn_flood
5773,1781099985.840111,syn_flood
5774,1781099985.841819,syn_flood
5775,1781099985.843613,syn_flood
5776,1781099985.844999,syn_flood
5777,1781099985.846748,syn_flood
5778,1781099985.848468,syn_flood
5779,1781099985.850001,syn_flood
5780,1781099985.851689,syn_flood
5781,1781099985.853564,syn_flood
5782,1781099985.855241,syn_flood
5783,1781099985.857462,syn_flood
5784,1781099985.860008,syn_flood
5785,1781099985.861850,syn_flood
5786,1781099985.862860,syn_flood
5787,1781099985.864445,syn_flood
5788,1781099985.866084,syn_flood
5789,1781099985.868353,syn_flood
5790,1781099985.870186,syn_flood
5791,1781099985.872362,normal
5792,1781099985.874242,syn_flood
5793,1781099985.875991,syn_flood
5794,1781099985.878370,syn_flood
5795,1781099985.880325,syn_flood
5796,1781099985.881615,syn_flood
5797,1781099985.883640,syn_flood
5798,1781099985.885586,syn_flood
5799,1781099985.887249,syn_flood
5800,1781099985.888524,syn_flood
5801,1781099985.889540,syn_flood
5802,1781099985.891450,syn_flood
5803,1781099985.893250,syn_flood
5804,1781099985.894638,syn_flood
5805,1781099985.896224,syn_flood
5806,1781099985.897536,syn_flood
5807,1781099985.899326,syn_flood
5808,1781099985.902410,syn_flood
5809,1781099985.904456,syn_flood
5810,1781099985.906162,syn_flood
5811,1781099985.908011,syn_flood
5812,1781099985.910323,syn_flood
5813,1781099985.912709,syn_flood
5814,1781099985.914568,syn_flood
5815,1781099985.916303,syn_flood
5816,1781099985.918288,syn_flood
5817,1781099985.920073,syn_flood
5818,1781099985.921553,syn_flood
5819,1781099985.923265,syn_flood
5820,1781099985.925334,syn_flood
5821,1781099985.926679,syn_flood
5822,1781099985.928421,syn_flood
5823,1781099985.930788,syn_flood
5824,1781099985.932741,syn_flood
5825,1781099985.935138,syn_flood
5826,1781099985.936922,syn_flood
5827,1781099985.938350,syn_flood
5828,1781099985.941216,syn_flood
5829,1781099985.943051,syn_flood
5830,1781099985.944863,syn_flood
5831,1781099985.946300,syn_flood
5832,1781099985.948419,syn_flood
5833,1781099985.949452,syn_flood
5834,1781099985.951509,syn_flood
5835,1781099985.953742,normal
5836,1781099985.955348,syn_flood
5837,1781099985.957129,syn_flood
5838,1781099985.959003,syn_flood
5839,1781099985.960219,syn_flood
5840,1781099985.962034,syn_flood
5841,1781099985.963265,syn_flood
5842,1781099985.965999,syn_flood
5843,1781099985.967648,syn_flood
5844,1781099985.969317,syn_flood
5845,1781099985.971040,syn_flood
5846,1781099985.972721,syn_flood
5847,1781099985.974368,syn_flood
5848,1781099985.976107,syn_flood
5849,1781099985.978365,syn_flood
5850,1781099985.979859,syn_flood
5851,1781099985.981518,syn_flood
5852,1781099985.983577,syn_flood
5853,1781099985.985496,syn_flood
5854,1781099985.987186,syn_flood
5855,1781099985.989104,syn_flood
5856,1781099985.990406,syn_flood
5857,1781099985.991963,syn_flood
5858,1781099985.993422,syn_flood
5859,1781099985.995117,syn_flood
5860,1781099985.996482,syn_flood
5861,1781099985.998093,syn_flood
5862,1781099985.999706,syn_flood
5863,1781099986.001938,syn_flood
5864,1781099986.003416,normal
5865,1781099986.005081,syn_flood
5866,1781099986.006301,syn_flood
5867,1781099986.007753,syn_flood
5868,1781099986.009614,syn_flood
5869,1781099986.011380,syn_flood
5870,1781099986.012933,syn_flood
5871,1781099986.015122,syn_flood
5872,1781099986.016918,syn_flood
5873,1781099986.019460,syn_flood
5874,1781099986.021075,syn_flood
5875,1781099986.022697,syn_flood
5876,1781099986.024181,syn_flood
5877,1781099986.025894,syn_flood
5878,1781099986.027877,syn_flood
5879,1781099986.029480,normal
5880,1781099986.031920,syn_flood
5881,1781099986.033241,syn_flood
5882,1781099986.035585,syn_flood
5883,1781099986.036878,syn_flood
5884,1781099986.038030,syn_flood
5885,1781099986.041175,syn_flood
5886,1781099986.043046,syn_flood
5887,1781099986.044428,normal
5888,1781099986.046349,syn_flood
5889,1781099986.047993,syn_flood
5890,1781099986.049846,syn_flood
5891,1781099986.052589,syn_flood
5892,1781099986.054432,syn_flood
5893,1781099986.055907,syn_flood
5894,1781099986.057352,syn_flood
5895,1781099986.059523,syn_flood
5896,1781099986.061671,syn_flood
5897,1781099986.063617,syn_flood
5898,1781099986.065340,syn_flood
5899,1781099986.066797,syn_flood
5900,1781099986.068566,syn_flood
5901,1781099986.069883,syn_flood
5902,1781099986.071509,syn_flood
5903,1781099986.073871,syn_flood
5904,1781099986.075569,syn_flood
5905,1781099986.077715,syn_flood
5906,1781099986.079525,syn_flood
5907,1781099986.082340,syn_flood
5908,1781099986.084636,syn_flood
5909,1781099986.086326,syn_flood
5910,1781099986.087719,syn_flood
5911,1781099986.089328,syn_flood
5912,1781099986.091532,syn_flood
5913,1781099986.093715,syn_flood
5914,1781099986.095940,syn_flood
5915,1781099986.097763,syn_flood
5916,1781099986.099480,syn_flood
5917,1781099986.100848,syn_flood
5918,1781099986.102693,syn_flood
5919,1781099986.105611,syn_flood
5920,1781099986.107573,syn_flood
5921,1781099986.109155,syn_flood
5922,1781099986.111571,syn_flood
5923,1781099986.112836,syn_flood
5924,1781099986.114568,syn_flood
5925,1781099986.116863,syn_flood
5926,1781099986.118418,syn_flood
5927,1781099986.121080,syn_flood
5928,1781099986.122593,syn_flood
5929,1781099986.124434,syn_flood
5930,1781099986.126454,syn_flood
5931,1781099986.129063,syn_flood
5932,1781099986.131930,syn_flood
5933,1781099986.133914,syn_flood
5934,1781099986.135401,syn_flood
5935,1781099986.137305,syn_flood
5936,1781099986.138680,syn_flood
5937,1781099986.140354,syn_flood
5938,1781099986.141933,syn_flood
5939,1781099986.143312,syn_flood
5940,1781099986.144797,syn_flood
5941,1781099986.146946,syn_flood
5942,1781099986.148355,syn_flood
5943,1781099986.150087,syn_flood
5944,1781099986.152554,syn_flood
5945,1781099986.153875,syn_flood
5946,1781099986.156190,syn_flood
5947,1781099986.158317,syn_flood
5948,1781099986.159640,syn_flood
5949,1781099986.161270,syn_flood
5950,1781099986.163337,syn_flood
5951,1781099986.165372,syn_flood
5952,1781099986.167676,syn_flood
5953,1781099986.169880,syn_flood
5954,1781099986.171032,syn_flood
5955,1781099986.173275,syn_flood
5956,1781099986.174814,syn_flood
5957,1781099986.176728,syn_flood
5958,1781099986.178044,syn_flood
5959,1781099986.179673,syn_flood
5960,1781099986.181998,syn_flood
5961,1781099986.184305,syn_flood
5962,1781099986.186436,syn_flood
5963,1781099986.188020,syn_flood
5964,1781099986.190074,syn_flood
5965,1781099986.191954,syn_flood
5966,1781099986.193758,syn_flood
5967,1781099986.195665,syn_flood
5968,1781099986.197528,syn_flood
5969,1781099986.199747,syn_flood
5970,1781099986.201565,syn_flood
5971,1781099986.204492,syn_flood
5972,1781099986.206565,syn_flood
5973,1781099986.208368,syn_flood
5974,1781099986.210271,syn_flood
5975,1781099986.212435,syn_flood
5976,1781099986.214083,syn_flood
5977,1781099986.215796,syn_flood
5978,1781099986.217950,syn_flood
5979,1781099986.219650,syn_flood
5980,1781099986.221745,syn_flood
5981,1781099986.223411,syn_flood
5982,1781099986.225211,syn_flood
5983,1781099986.227210,syn_flood
5984,1781099986.229207,syn_flood
5985,1781099986.231307,syn_flood
5986,1781099986.233911,syn_flood
5987,1781099986.235177,syn_flood
5988,1781099986.237400,syn_flood
5989,1781099986.239583,syn_flood
5990,1781099986.241846,syn_flood
5991,1781099986.243460,syn_flood
5992,1781099986.244665,syn_flood
5993,1781099986.246537,syn_flood
5994,1781099986.249197,syn_flood
5995,1781099986.251202,syn_flood
5996,1781099986.252799,syn_flood
5997,1781099986.254336,syn_flood
5998,1781099986.256674,syn_flood
5999,1781099986.258150,syn_flood
6000,1781099986.259062,syn_flood
6001,1781099986.260692,syn_flood
6002,1781099986.262856,syn_flood
6003,1781099986.264929,syn_flood
6004,1781099986.267046,syn_flood
6005,1781099986.269157,syn_flood
6006,1781099986.270344,syn_flood
6007,1781099986.272597,syn_flood
6008,1781099986.274377,syn_flood
6009,1781099986.276092,syn_flood
6010,1781099986.277338,syn_flood
6011,1781099986.280215,syn_flood
6012,1781099986.282100,syn_flood
6013,1781099986.284015,syn_flood
6014,1781099986.285477,normal
6015,1781099986.287277,syn_flood
6016,1781099986.288734,syn_flood
6017,1781099986.290241,syn_flood
6018,1781099986.292443,syn_flood
6019,1781099986.294396,syn_flood
6020,1781099986.296027,syn_flood
6021,1781099986.298051,syn_flood
6022,1781099986.299693,syn_flood
6023,1781099986.301776,syn_flood
6024,1781099986.303682,syn_flood
6025,1781099986.305341,syn_flood
6026,1781099986.308061,syn_flood
6027,1781099986.309912,syn_flood
6028,1781099986.312145,syn_flood
6029,1781099986.313883,syn_flood
6030,1781099986.316108,syn_flood
6031,1781099986.317503,syn_flood
6032,1781099986.318985,syn_flood
6033,1781099986.320762,syn_flood
6034,1781099986.322912,syn_flood
6035,1781099986.325064,syn_flood
6036,1781099986.327240,syn_flood
6037,1781099986.329458,syn_flood
6038,1781099986.332159,syn_flood
6039,1781099986.333904,syn_flood
6040,1781099986.335928,syn_flood
6041,1781099986.337947,syn_flood
6042,1781099986.340137,syn_flood
6043,1781099986.342005,syn_flood
6044,1781099986.344724,syn_flood
6045,1781099986.346278,syn_flood
6046,1781099986.347997,syn_flood
6047,1781099986.349699,syn_flood
6048,1781099986.352111,syn_flood
6049,1781099986.354260,syn_flood
6050,1781099986.356081,syn_flood
6051,1781099986.359936,syn_flood
6052,1781099986.361285,syn_flood
6053,1781099986.363316,syn_flood
6054,1781099986.365637,syn_flood
6055,1781099986.367802,syn_flood
6056,1781099986.369385,syn_flood
6057,1781099986.371215,syn_flood
6058,1781099986.373010,syn_flood
6059,1781099986.374645,syn_flood
6060,1781099986.376940,syn_flood
6061,1781099986.379073,syn_flood
6062,1781099986.381027,syn_flood
6063,1781099986.383158,syn_flood
6064,1781099986.385031,syn_flood
6065,1781099986.387103,syn_flood
6066,1781099986.389099,syn_flood
6067,1781099986.390374,syn_flood
6068,1781099986.392162,syn_flood
6069,1781099986.393959,syn_flood
6070,1781099986.395855,syn_flood
6071,1781099986.397802,syn_flood
6072,1781099986.399084,syn_flood
6073,1781099986.401950,syn_flood
6074,1781099986.403750,syn_flood
6075,1781099986.405724,syn_flood
6076,1781099986.407344,syn_flood
6077,1781099986.410018,syn_flood
6078,1781099986.412789,syn_flood
6079,1781099986.414435,syn_flood
6080,1781099986.415503,syn_flood
6081,1781099986.418622,syn_flood
6082,1781099986.420310,syn_flood
6083,1781099986.422313,syn_flood
6084,1781099986.424386,syn_flood
6085,1781099986.426001,syn_flood
6086,1781099986.427954,syn_flood
6087,1781099986.429966,syn_flood
6088,1781099986.432117,syn_flood
6089,1781099986.434105,syn_flood
6090,1781099986.435768,syn_flood
6091,1781099986.437339,syn_flood
6092,1781099986.439129,syn_flood
6093,1781099986.441549,syn_flood
6094,1781099986.443578,syn_flood
6095,1781099986.444792,syn_flood
6096,1781099986.446836,syn_flood
6097,1781099986.448830,syn_flood
6098,1781099986.451667,syn_flood
6099,1781099986.453986,syn_flood
6100,1781099986.455408,syn_flood
6101,1781099986.457515,syn_flood
6102,1781099986.460109,syn_flood
6103,1781099986.462544,syn_flood
6104,1781099986.464186,syn_flood
6105,1781099986.465872,syn_flood
6106,1781099986.468510,syn_flood
6107,1781099986.471220,syn_flood
6108,1781099986.472938,syn_flood
6109,1781099986.474715,syn_flood
6110,1781099986.476619,syn_flood
6111,1781099986.478167,syn_flood
6112,1781099986.479891,syn_flood
6113,1781099986.482149,syn_flood
6114,1781099986.484363,syn_flood
6115,1781099986.485359,syn_flood
6116,1781099986.487571,syn_flood
6117,1781099986.489181,syn_flood
6118,1781099986.491982,syn_flood
6119,1781099986.494268,syn_flood
6120,1781099986.496166,syn_flood
6121,1781099986.498014,syn_flood
6122,1781099986.499696,syn_flood
6123,1781099986.502291,syn_flood
6124,1781099986.503444,syn_flood
6125,1781099986.506118,syn_flood
6126,1781099986.508307,syn_flood
6127,1781099986.510667,syn_flood
6128,1781099986.512444,syn_flood
6129,1781099986.514286,syn_flood
6130,1781099986.515772,syn_flood
6131,1781099986.517282,syn_flood
6132,1781099986.520617,syn_flood
6133,1781099986.522032,syn_flood
6134,1781099986.523904,syn_flood
6135,1781099986.525898,syn_flood
6136,1781099986.527823,syn_flood
6137,1781099986.529675,syn_flood
6138,1781099986.531857,syn_flood
6139,1781099986.534194,syn_flood
6140,1781099986.536726,syn_flood
6141,1781099986.538801,syn_flood
6142,1781099986.540823,syn_flood
6143,1781099986.542602,syn_flood
6144,1781099986.544954,syn_flood
6145,1781099986.546906,syn_flood
6146,1781099986.548716,syn_flood
6147,1781099986.550674,syn_flood
6148,1781099986.552279,syn_flood
6149,1781099986.554243,syn_flood
6150,1781099986.556567,syn_flood
6151,1781099986.559293,syn_flood
6152,1781099986.561013,syn_flood
6153,1781099986.562718,syn_flood
6154,1781099986.564361,syn_flood
6155,1781099986.566164,syn_flood
6156,1781099986.568337,syn_flood
6157,1781099986.569971,syn_flood
6158,1781099986.572720,syn_flood
6159,1781099986.574651,syn_flood
6160,1781099986.576122,syn_flood
6161,1781099986.578269,syn_flood
6162,1781099986.580602,syn_flood
6163,1781099986.583821,syn_flood
6164,1781099986.586275,syn_flood
6165,1781099986.587926,syn_flood
6166,1781099986.590371,syn_flood
6167,1781099986.592306,syn_flood
6168,1781099986.594075,syn_flood
6169,1781099986.595639,syn_flood
6170,1781099986.597401,syn_flood
6171,1781099986.598732,syn_flood
6172,1781099986.600225,syn_flood
6173,1781099986.602309,syn_flood
6174,1781099986.604707,syn_flood
6175,1781099986.605999,syn_flood
6176,1781099986.608381,syn_flood
6177,1781099986.610445,syn_flood
6178,1781099986.611870,syn_flood
6179,1781099986.613669,syn_flood
6180,1781099986.616412,syn_flood
6181,1781099986.618621,syn_flood
6182,1781099986.620234,syn_flood
6183,1781099986.623042,syn_flood
6184,1781099986.624897,syn_flood
6185,1781099986.626678,syn_flood
6186,1781099986.628948,syn_flood
6187,1781099986.631102,syn_flood
6188,1781099986.633350,syn_flood
6189,1781099986.634937,syn_flood
6190,1781099986.637249,syn_flood
6191,1781099986.639776,syn_flood
6192,1781099986.641943,syn_flood
6193,1781099986.643965,syn_flood
6194,1781099986.646018,syn_flood
6195,1781099986.648560,syn_flood
6196,1781099986.650522,syn_flood
6197,1781099986.653189,syn_flood
6198,1781099986.655417,syn_flood
6199,1781099986.658365,syn_flood
6200,1781099986.661396,syn_flood
6201,1781099986.663442,syn_flood
6202,1781099986.665121,syn_flood
6203,1781099986.666598,syn_flood
6204,1781099986.667911,syn_flood
6205,1781099986.669472,syn_flood
6206,1781099986.671220,syn_flood
6207,1781099986.673630,syn_flood
6208,1781099986.674987,syn_flood
6209,1781099986.677285,syn_flood
6210,1781099986.678903,syn_flood
6211,1781099986.681185,syn_flood
6212,1781099986.683188,syn_flood
6213,1781099986.686117,syn_flood
6214,1781099986.687927,syn_flood
6215,1781099986.689851,syn_flood
6216,1781099986.691211,syn_flood
6217,1781099986.692704,syn_flood
6218,1781099986.694445,syn_flood
6219,1781099986.696004,syn_flood
6220,1781099986.697831,syn_flood
6221,1781099986.699515,syn_flood
6222,1781099986.701091,syn_flood
6223,1781099986.703110,syn_flood
6224,1781099986.705831,syn_flood
6225,1781099986.707901,syn_flood
6226,1781099986.710781,syn_flood
6227,1781099986.712763,syn_flood
6228,1781099986.715275,syn_flood
6229,1781099986.717842,syn_flood
6230,1781099986.719768,syn_flood
6231,1781099986.722201,syn_flood
6232,1781099986.724197,syn_flood
6233,1781099986.725913,syn_flood
6234,1781099986.728397,syn_flood
6235,1781099986.730331,syn_flood
6236,1781099986.732322,syn_flood
6237,1781099986.733512,syn_flood
6238,1781099986.735500,syn_flood
6239,1781099986.736718,syn_flood
6240,1781099986.738358,syn_flood
6241,1781099986.740916,syn_flood
6242,1781099986.743588,syn_flood
6243,1781099986.746543,syn_flood
6244,1781099986.748866,syn_flood
6245,1781099986.750351,syn_flood
6246,1781099986.752371,syn_flood
6247,1781099986.754134,syn_flood
6248,1781099986.756524,syn_flood
6249,1781099986.759136,syn_flood
6250,1781099986.760735,syn_flood
6251,1781099986.762691,syn_flood
6252,1781099986.765148,syn_flood
6253,1781099986.767084,syn_flood
6254,1781099986.768798,syn_flood
6255,1781099986.771206,syn_flood
6256,1781099986.773347,syn_flood
6257,1781099986.776170,syn_flood
6258,1781099986.777847,syn_flood
6259,1781099986.779648,syn_flood
6260,1781099986.781838,syn_flood
6261,1781099986.783143,syn_flood
6262,1781099986.785287,syn_flood
6263,1781099986.787234,syn_flood
6264,1781099986.789357,syn_flood
6265,1781099986.790870,syn_flood
6266,1781099986.792335,syn_flood
6267,1781099986.793638,syn_flood
6268,1781099986.797158,normal
6269,1781099986.799604,syn_flood
6270,1781099986.802168,syn_flood
6271,1781099986.803805,syn_flood
6272,1781099986.805873,syn_flood
6273,1781099986.807862,syn_flood
6274,1781099986.809552,syn_flood
6275,1781099986.811241,syn_flood
6276,1781099986.814109,syn_flood
6277,1781099986.815666,syn_flood
6278,1781099986.818010,syn_flood
6279,1781099986.819750,syn_flood
6280,1781099986.822947,syn_flood
6281,1781099986.825036,syn_flood
6282,1781099986.828036,syn_flood
6283,1781099986.829397,syn_flood
6284,1781099986.831070,syn_flood
6285,1781099986.832813,syn_flood
6286,1781099986.834733,syn_flood
6287,1781099986.837343,syn_flood
6288,1781099986.838970,syn_flood
6289,1781099986.840981,syn_flood
6290,1781099986.843171,syn_flood
6291,1781099986.845343,syn_flood
6292,1781099986.847229,syn_flood
6293,1781099986.848790,syn_flood
6294,1781099986.851125,syn_flood
6295,1781099986.853701,syn_flood
6296,1781099986.855643,syn_flood
6297,1781099986.857456,syn_flood
6298,1781099986.859521,syn_flood
6299,1781099986.861287,syn_flood
6300,1781099986.862708,syn_flood
6301,1781099986.864652,syn_flood
6302,1781099986.866318,normal
6303,1781099986.868067,syn_flood
6304,1781099986.870756,syn_flood
6305,1781099986.873411,syn_flood
6306,1781099986.875628,syn_flood
6307,1781099986.877427,syn_flood
6308,1781099986.879082,syn_flood
6309,1781099986.881264,syn_flood
6310,1781099986.882711,syn_flood
6311,1781099986.884438,syn_flood
6312,1781099986.887037,syn_flood
6313,1781099986.889268,syn_flood
6314,1781099986.891288,syn_flood
6315,1781099986.892500,syn_flood
6316,1781099986.895121,syn_flood
6317,1781099986.897736,syn_flood
6318,1781099986.900204,syn_flood
6319,1781099986.902382,syn_flood
6320,1781099986.904172,syn_flood
6321,1781099986.906566,syn_flood
6322,1781099986.908751,syn_flood
6323,1781099986.910398,syn_flood
6324,1781099986.913152,syn_flood
6325,1781099986.914923,syn_flood
6326,1781099986.916338,syn_flood
6327,1781099986.918731,syn_flood
6328,1781099986.921115,syn_flood
6329,1781099986.923267,syn_flood
6330,1781099986.924840,syn_flood
6331,1781099986.926952,syn_flood
6332,1781099986.929837,syn_flood
6333,1781099986.931814,syn_flood
6334,1781099986.933541,syn_flood
6335,1781099986.934772,syn_flood
6336,1781099986.936903,syn_flood
6337,1781099986.939400,syn_flood
6338,1781099986.942339,syn_flood
6339,1781099986.943448,syn_flood
6340,1781099986.945286,syn_flood
6341,1781099986.947369,syn_flood
6342,1781099986.949477,syn_flood
6343,1781099986.951102,syn_flood
6344,1781099986.952629,syn_flood
6345,1781099986.953766,syn_flood
6346,1781099986.955652,syn_flood
6347,1781099986.957714,syn_flood
6348,1781099986.959773,syn_flood
6349,1781099986.961451,syn_flood
6350,1781099986.963505,syn_flood
6351,1781099986.965500,syn_flood
6352,1781099986.967211,syn_flood
6353,1781099986.969142,syn_flood
6354,1781099986.971070,syn_flood
6355,1781099986.973747,syn_flood
6356,1781099986.975698,syn_flood
6357,1781099986.978776,normal
6358,1781099986.980050,syn_flood
6359,1781099986.982249,syn_flood
6360,1781099986.986123,syn_flood
6361,1781099986.987667,syn_flood
6362,1781099986.989282,syn_flood
6363,1781099986.991022,syn_flood
6364,1781099986.993583,normal
6365,1781099986.995859,syn_flood
6366,1781099986.997641,syn_flood
6367,1781099987.000232,syn_flood
6368,1781099987.002060,syn_flood
6369,1781099987.003961,syn_flood
6370,1781099987.005621,syn_flood
6371,1781099987.007343,syn_flood
6372,1781099987.009213,syn_flood
6373,1781099987.011510,syn_flood
6374,1781099987.013220,syn_flood
6375,1781099987.016267,syn_flood
6376,1781099987.018812,syn_flood
6377,1781099987.020637,syn_flood
6378,1781099987.022211,syn_flood
6379,1781099987.025668,syn_flood
6380,1781099987.027756,syn_flood
6381,1781099987.030056,syn_flood
6382,1781099987.031972,syn_flood
6383,1781099987.034068,syn_flood
6384,1781099987.036447,syn_flood
6385,1781099987.037795,syn_flood
6386,1781099987.040306,syn_flood
6387,1781099987.042039,syn_flood
6388,1781099987.044064,syn_flood
6389,1781099987.045480,syn_flood
6390,1781099987.048667,syn_flood
6391,1781099987.050869,syn_flood
6392,1781099987.052306,syn_flood
6393,1781099987.054075,syn_flood
6394,1781099987.056221,syn_flood
6395,1781099987.058001,syn_flood
6396,1781099987.061418,syn_flood
6397,1781099987.063343,syn_flood
6398,1781099987.064757,syn_flood
6399,1781099987.066533,syn_flood
6400,1781099987.069054,syn_flood
6401,1781099987.071284,syn_flood
6402,1781099987.072940,syn_flood
6403,1781099987.074335,syn_flood
6404,1781099987.076692,syn_flood
6405,1781099987.078308,syn_flood
6406,1781099987.080153,syn_flood
6407,1781099987.082880,syn_flood
6408,1781099987.084738,syn_flood
6409,1781099987.086280,syn_flood
6410,1781099987.088553,syn_flood
6411,1781099987.090604,syn_flood
6412,1781099987.092333,syn_flood
6413,1781099987.094146,syn_flood
6414,1781099987.095882,syn_flood
6415,1781099987.097472,syn_flood
6416,1781099987.099216,syn_flood
6417,1781099987.100428,syn_flood
6418,1781099987.102040,syn_flood
6419,1781099987.104768,syn_flood
6420,1781099987.108289,syn_flood
6421,1781099987.110094,syn_flood
6422,1781099987.114032,syn_flood
6423,1781099987.115788,syn_flood
6424,1781099987.117957,syn_flood
6425,1781099987.120010,syn_flood
6426,1781099987.121507,syn_flood
6427,1781099987.123110,syn_flood
6428,1781099987.125431,syn_flood
6429,1781099987.127233,syn_flood
6430,1781099987.129267,syn_flood
6431,1781099987.130871,syn_flood
6432,1781099987.133681,normal
6433,1781099987.135691,syn_flood
6434,1781099987.137647,normal
6435,1781099987.140470,syn_flood
6436,1781099987.141747,syn_flood
6437,1781099987.143184,syn_flood
6438,1781099987.144819,syn_flood
6439,1781099987.146138,syn_flood
6440,1781099987.147740,syn_flood
6441,1781099987.149659,syn_flood
6442,1781099987.151221,syn_flood
6443,1781099987.152680,syn_flood
6444,1781099987.153954,syn_flood
6445,1781099987.157467,syn_flood
6446,1781099987.159235,syn_flood
6447,1781099987.160789,syn_flood
6448,1781099987.163116,syn_flood
6449,1781099987.164928,syn_flood
6450,1781099987.166687,syn_flood
6451,1781099987.168158,syn_flood
6452,1781099987.170067,syn_flood
6453,1781099987.171487,syn_flood
6454,1781099987.172745,syn_flood
6455,1781099987.174477,syn_flood
6456,1781099987.176282,syn_flood
6457,1781099987.179025,syn_flood
6458,1781099987.181074,syn_flood
6459,1781099987.182939,syn_flood
6460,1781099987.185349,syn_flood
6461,1781099987.187111,syn_flood
6462,1781099987.189169,syn_flood
6463,1781099987.190724,syn_flood
6464,1781099987.192344,syn_flood
6465,1781099987.193989,syn_flood
6466,1781099987.196054,syn_flood
6467,1781099987.197722,syn_flood
6468,1781099987.200052,syn_flood
6469,1781099987.201999,syn_flood
6470,1781099987.203341,syn_flood
6471,1781099987.205298,syn_flood
6472,1781099987.206729,syn_flood
6473,1781099987.208856,syn_flood
6474,1781099987.211070,syn_flood
6475,1781099987.213637,syn_flood
6476,1781099987.215757,syn_flood
6477,1781099987.217041,syn_flood
6478,1781099987.219163,syn_flood
6479,1781099987.221368,syn_flood
6480,1781099987.222749,syn_flood
6481,1781099987.224238,syn_flood
6482,1781099987.226561,syn_flood
6483,1781099987.228106,syn_flood
6484,1781099987.230960,syn_flood
6485,1781099987.232830,syn_flood
6486,1781099987.235774,syn_flood
6487,1781099987.237453,syn_flood
6488,1781099987.238777,syn_flood
6489,1781099987.240384,syn_flood
6490,1781099987.242057,syn_flood
6491,1781099987.244063,syn_flood
6492,1781099987.245625,syn_flood
6493,1781099987.247322,normal
6494,1781099987.248616,syn_flood
6495,1781099987.250180,normal
6496,1781099987.252203,syn_flood
6497,1781099987.254083,syn_flood
6498,1781099987.255995,syn_flood
6499,1781099987.257878,syn_flood
6500,1781099987.259410,syn_flood
6501,1781099987.261103,syn_flood
6502,1781099987.262841,syn_flood
6503,1781099987.265000,syn_flood
6504,1781099987.266454,syn_flood
6505,1781099987.268157,syn_flood
6506,1781099987.270350,syn_flood
6507,1781099987.272468,syn_flood
6508,1781099987.274466,syn_flood
6509,1781099987.276834,syn_flood
6510,1781099987.278873,syn_flood
6511,1781099987.280523,normal
6512,1781099987.281976,syn_flood
6513,1781099987.283791,syn_flood
6514,1781099987.285233,syn_flood
6515,1781099987.286750,syn_flood
6516,1781099987.288841,normal
6517,1781099987.290620,syn_flood
6518,1781099987.292626,syn_flood
6519,1781099987.295068,syn_flood
6520,1781099987.297644,syn_flood
6521,1781099987.299756,syn_flood
6522,1781099987.301772,syn_flood
6523,1781099987.303846,syn_flood
6524,1781099987.305851,syn_flood
6525,1781099987.308432,syn_flood
6526,1781099987.310443,syn_flood
6527,1781099987.312379,syn_flood
6528,1781099987.314215,syn_flood
6529,1781099987.316077,syn_flood
6530,1781099987.318062,syn_flood
6531,1781099987.319895,syn_flood
6532,1781099987.321271,syn_flood
6533,1781099987.323055,syn_flood
6534,1781099987.324146,syn_flood
6535,1781099987.326282,syn_flood
6536,1781099987.328288,normal
6537,1781099987.329918,syn_flood
6538,1781099987.331602,syn_flood
6539,1781099987.333674,syn_flood
6540,1781099987.335533,syn_flood
6541,1781099987.338042,syn_flood
6542,1781099987.339778,syn_flood
6543,1781099987.342247,normal
6544,1781099987.343902,syn_flood
6545,1781099987.346147,syn_flood
6546,1781099987.348466,syn_flood
6547,1781099987.350102,syn_flood
6548,1781099987.351350,syn_flood
6549,1781099987.353803,syn_flood
6550,1781099987.355546,syn_flood
6551,1781099987.358035,normal
6552,1781099987.359970,syn_flood
6553,1781099987.361567,syn_flood
6554,1781099987.363114,syn_flood
6555,1781099987.365519,syn_flood
6556,1781099987.367781,syn_flood
6557,1781099987.369688,syn_flood
6558,1781099987.371598,syn_flood
6559,1781099987.373165,syn_flood
6560,1781099987.375384,syn_flood
6561,1781099987.378024,syn_flood
6562,1781099987.380064,syn_flood
6563,1781099987.381693,syn_flood
6564,1781099987.383997,syn_flood
6565,1781099987.386074,syn_flood
6566,1781099987.388081,syn_flood
6567,1781099987.389538,syn_flood
6568,1781099987.391766,syn_flood
6569,1781099987.393358,syn_flood
6570,1781099987.395135,syn_flood
6571,1781099987.397172,syn_flood
6572,1781099987.398612,syn_flood
6573,1781099987.400635,syn_flood
6574,1781099987.402749,syn_flood
6575,1781099987.403972,syn_flood
6576,1781099987.405736,syn_flood
6577,1781099987.407714,syn_flood
6578,1781099987.409544,syn_flood
6579,1781099987.411415,syn_flood
6580,1781099987.413022,syn_flood
6581,1781099987.415547,syn_flood
6582,1781099987.417787,syn_flood
6583,1781099987.419444,syn_flood
6584,1781099987.421601,syn_flood
6585,1781099987.423786,normal
6586,1781099987.425474,syn_flood
6587,1781099987.427215,syn_flood
6588,1781099987.428886,syn_flood
6589,1781099987.431024,syn_flood
6590,1781099987.432974,syn_flood
6591,1781099987.435164,syn_flood
6592,1781099987.436785,syn_flood
6593,1781099987.439020,normal
6594,1781099987.440938,syn_flood
6595,1781099987.443056,syn_flood
6596,1781099987.444429,syn_flood
6597,1781099987.446352,syn_flood
6598,1781099987.449602,syn_flood
6599,1781099987.451431,normal
6600,1781099987.452850,syn_flood
6601,1781099987.454590,syn_flood
6602,1781099987.456070,normal
6603,1781099987.457162,syn_flood
6604,1781099987.459346,syn_flood
6605,1781099987.461186,syn_flood
6606,1781099987.462935,syn_flood
6607,1781099987.464444,syn_flood
6608,1781099987.466251,syn_flood
6609,1781099987.468648,syn_flood
6610,1781099987.470248,syn_flood
6611,1781099987.472446,normal
6612,1781099987.474495,syn_flood
6613,1781099987.475963,syn_flood
6614,1781099987.478151,syn_flood
6615,1781099987.479739,syn_flood
6616,1781099987.482327,syn_flood
6617,1781099987.484442,syn_flood
6618,1781099987.486196,syn_flood
6619,1781099987.487412,syn_flood
6620,1781099987.488559,syn_flood
6621,1781099987.490220,normal
6622,1781099987.491651,syn_flood
6623,1781099987.493694,syn_flood
6624,1781099987.495625,syn_flood
6625,1781099987.497479,syn_flood
6626,1781099987.498812,syn_flood
6627,1781099987.500321,syn_flood
6628,1781099987.502300,syn_flood
6629,1781099987.503694,syn_flood
6630,1781099987.505228,syn_flood
6631,1781099987.507648,syn_flood
6632,1781099987.509665,syn_flood
6633,1781099987.511731,syn_flood
6634,1781099987.513169,syn_flood
6635,1781099987.514800,syn_flood
6636,1781099987.516944,syn_flood
6637,1781099987.518142,syn_flood
6638,1781099987.519962,normal
6639,1781099987.521690,syn_flood
6640,1781099987.523334,syn_flood
6641,1781099987.525453,syn_flood
6642,1781099987.527479,syn_flood
6643,1781099987.529770,syn_flood
6644,1781099987.532041,normal
6645,1781099987.533634,syn_flood
6646,1781099987.535173,syn_flood
6647,1781099987.537208,normal
6648,1781099987.539398,syn_flood
6649,1781099987.541085,syn_flood
6650,1781099987.543419,syn_flood
6651,1781099987.545039,syn_flood
6652,1781099987.546908,syn_flood
6653,1781099987.548138,syn_flood
6654,1781099987.549772,syn_flood
6655,1781099987.551387,syn_flood
6656,1781099987.553003,syn_flood
6657,1781099987.555279,syn_flood
6658,1781099987.556801,normal
6659,1781099987.559005,syn_flood
6660,1781099987.560611,syn_flood
6661,1781099987.562419,syn_flood
6662,1781099987.564539,syn_flood
6663,1781099987.565748,syn_flood
6664,1781099987.568868,syn_flood
6665,1781099987.570702,syn_flood
6666,1781099987.572781,syn_flood
6667,1781099987.574095,syn_flood
6668,1781099987.575433,syn_flood
6669,1781099987.576591,syn_flood
6670,1781099987.577949,syn_flood
6671,1781099987.579489,syn_flood
6672,1781099987.581240,syn_flood
6673,1781099987.583390,syn_flood
6674,1781099987.585406,syn_flood
6675,1781099987.587185,syn_flood
6676,1781099987.588951,syn_flood
6677,1781099987.590440,syn_flood
6678,1781099987.591917,syn_flood
6679,1781099987.593951,syn_flood
6680,1781099987.595405,syn_flood
6681,1781099987.597273,syn_flood
6682,1781099987.599525,syn_flood
6683,1781099987.601357,syn_flood
6684,1781099987.603810,syn_flood
6685,1781099987.605470,syn_flood
6686,1781099987.607116,syn_flood
6687,1781099987.609025,syn_flood
6688,1781099987.610376,syn_flood
6689,1781099987.611995,syn_flood
6690,1781099987.613529,syn_flood
6691,1781099987.614987,syn_flood
6692,1781099987.616619,syn_flood
6693,1781099987.618431,syn_flood
6694,1781099987.620097,syn_flood
6695,1781099987.621275,syn_flood
6696,1781099987.622716,syn_flood
6697,1781099987.624536,syn_flood
6698,1781099987.626556,syn_flood
6699,1781099987.628392,syn_flood
6700,1781099987.630529,syn_flood
6701,1781099987.631917,syn_flood
6702,1781099987.633005,syn_flood
6703,1781099987.634179,normal
6704,1781099987.636110,syn_flood
6705,1781099987.637639,normal
6706,1781099987.639210,syn_flood
6707,1781099987.640782,syn_flood
6708,1781099987.643457,syn_flood
6709,1781099987.644861,syn_flood
6710,1781099987.646979,syn_flood
6711,1781099987.648346,syn_flood
6712,1781099987.650438,syn_flood
6713,1781099987.652343,normal
6714,1781099987.654430,syn_flood
6715,1781099987.656194,syn_flood
6716,1781099987.658371,syn_flood
6717,1781099987.660018,syn_flood
6718,1781099987.661703,syn_flood
6719,1781099987.663311,syn_flood
6720,1781099987.665171,normal
6721,1781099987.666609,normal
6722,1781099987.668359,syn_flood
6723,1781099987.670119,syn_flood
6724,1781099987.671488,normal
6725,1781099987.673402,syn_flood
6726,1781099987.674874,syn_flood
6727,1781099987.677003,syn_flood
6728,1781099987.678877,syn_flood
6729,1781099987.680371,syn_flood
6730,1781099987.682339,normal
6731,1781099987.684479,syn_flood
6732,1781099987.686366,syn_flood
6733,1781099987.688070,syn_flood
6734,1781099987.690930,syn_flood
6735,1781099987.692852,syn_flood
6736,1781099987.694675,syn_flood
6737,1781099987.695648,normal
6738,1781099987.697473,syn_flood
6739,1781099987.699312,syn_flood
6740,1781099987.701719,normal
6741,1781099987.703715,normal
6742,1781099987.705483,normal
6743,1781099987.707199,syn_flood
6744,1781099987.709196,syn_flood
6745,1781099987.710284,syn_flood
6746,1781099987.711938,syn_flood
6747,1781099987.713850,syn_flood
6748,1781099987.715712,syn_flood
6749,1781099987.717507,syn_flood
6750,1781099987.719425,syn_flood
6751,1781099987.720852,syn_flood
6752,1781099987.721972,syn_flood
6753,1781099987.723800,syn_flood
6754,1781099987.725330,syn_flood
6755,1781099987.726825,syn_flood
6756,1781099987.728782,syn_flood
6757,1781099987.730371,syn_flood
6758,1781099987.732105,syn_flood
6759,1781099987.733976,syn_flood
6760,1781099987.735377,syn_flood
6761,1781099987.736595,syn_flood
6762,1781099987.738048,syn_flood
6763,1781099987.739864,syn_flood
6764,1781099987.741564,syn_flood
6765,1781099987.743371,syn_flood
6766,1781099987.745580,syn_flood
6767,1781099987.747814,normal
6768,1781099987.749263,syn_flood
6769,1781099987.750302,syn_flood
6770,1781099987.752686,syn_flood
6771,1781099987.754052,syn_flood
6772,1781099987.756074,syn_flood
6773,1781099987.757353,syn_flood
6774,1781099987.758809,syn_flood
6775,1781099987.759929,syn_flood
6776,1781099987.761756,syn_flood
6777,1781099987.762991,syn_flood
6778,1781099987.764487,syn_flood
6779,1781099987.766450,syn_flood
6780,1781099987.768099,syn_flood
6781,1781099987.769798,syn_flood
6782,1781099987.771335,syn_flood
6783,1781099987.772568,syn_flood
6784,1781099987.775160,syn_flood
6785,1781099987.776724,syn_flood
6786,1781099987.778227,normal
6787,1781099987.779683,syn_flood
6788,1781099987.781476,syn_flood
6789,1781099987.782937,syn_flood
6790,1781099987.784735,syn_flood
6791,1781099987.786773,syn_flood
6792,1781099987.788250,syn_flood
6793,1781099987.789932,syn_flood
6794,1781099987.791642,syn_flood
6795,1781099987.793363,syn_flood
6796,1781099987.794890,syn_flood
6797,1781099987.796674,syn_flood
6798,1781099987.798190,normal
6799,1781099987.799439,syn_flood
6800,1781099987.800968,normal
6801,1781099987.802488,syn_flood
6802,1781099987.804101,syn_flood
6803,1781099987.805798,syn_flood
6804,1781099987.807161,syn_flood
6805,1781099987.808980,syn_flood
6806,1781099987.810789,syn_flood
6807,1781099987.811996,syn_flood
6808,1781099987.814062,syn_flood
6809,1781099987.815501,syn_flood
6810,1781099987.817628,syn_flood
6811,1781099987.819828,syn_flood
6812,1781099987.821257,syn_flood
6813,1781099987.823232,normal
6814,1781099987.824581,syn_flood
6815,1781099987.826075,normal
6816,1781099987.827620,syn_flood
6817,1781099987.829985,syn_flood
6818,1781099987.832132,syn_flood
6819,1781099987.833598,syn_flood
6820,1781099987.835576,syn_flood
6821,1781099987.837122,syn_flood
6822,1781099987.839183,syn_flood
6823,1781099987.841057,syn_flood
6824,1781099987.842594,normal
6825,1781099987.844738,syn_flood
6826,1781099987.846528,normal
6827,1781099987.847934,syn_flood
6828,1781099987.849450,syn_flood
6829,1781099987.850705,syn_flood
6830,1781099987.852308,syn_flood
6831,1781099987.854584,syn_flood
6832,1781099987.856648,syn_flood
6833,1781099987.858378,syn_flood
6834,1781099987.860380,syn_flood
6835,1781099987.862433,syn_flood
6836,1781099987.863982,syn_flood
6837,1781099987.866596,syn_flood
6838,1781099987.868216,syn_flood
6839,1781099987.869714,syn_flood
6840,1781099987.871391,normal
6841,1781099987.873147,normal
6842,1781099987.875007,syn_flood
6843,1781099987.876682,syn_flood
6844,1781099987.878337,syn_flood
6845,1781099987.879616,syn_flood
6846,1781099987.881121,syn_flood
6847,1781099987.882897,syn_flood
6848,1781099987.884811,syn_flood
6849,1781099987.886853,syn_flood
6850,1781099987.887914,normal
6851,1781099987.889527,syn_flood
6852,1781099987.891052,syn_flood
6853,1781099987.892654,syn_flood
6854,1781099987.894597,normal
6855,1781099987.895750,normal
6856,1781099987.897923,syn_flood
6857,1781099987.899261,normal
6858,1781099987.901221,syn_flood
6859,1781099987.902645,syn_flood
6860,1781099987.904595,normal
6861,1781099987.906086,syn_flood
6862,1781099987.907410,syn_flood
6863,1781099987.908828,syn_flood
6864,1781099987.909611,syn_flood
6865,1781099987.911022,syn_flood
6866,1781099987.912643,normal
6867,1781099987.914150,syn_flood
6868,1781099987.915729,syn_flood
6869,1781099987.917096,syn_flood
6870,1781099987.919176,syn_flood
6871,1781099987.921274,syn_flood
6872,1781099987.922272,syn_flood
6873,1781099987.923660,syn_flood
6874,1781099987.924747,syn_flood
6875,1781099987.926641,syn_flood
6876,1781099987.928290,syn_flood
6877,1781099987.930088,syn_flood
6878,1781099987.931621,syn_flood
6879,1781099987.933180,syn_flood
6880,1781099987.934325,syn_flood
6881,1781099987.935739,syn_flood
6882,1781099987.937157,syn_flood
6883,1781099987.938168,syn_flood
6884,1781099987.940309,syn_flood
6885,1781099987.941364,syn_flood
6886,1781099987.943256,syn_flood
6887,1781099987.944918,syn_flood
6888,1781099987.946609,normal
6889,1781099987.948479,syn_flood
6890,1781099987.949845,syn_flood
6891,1781099987.951149,syn_flood
6892,1781099987.952744,syn_flood
6893,1781099987.954295,syn_flood
6894,1781099987.956648,normal
6895,1781099987.958316,syn_flood
6896,1781099987.960029,normal
6897,1781099987.961386,syn_flood
6898,1781099987.962922,syn_flood
6899,1781099987.965247,syn_flood
6900,1781099987.967298,syn_flood
6901,1781099987.968619,syn_flood
6902,1781099987.969991,syn_flood
6903,1781099987.970964,syn_flood
6904,1781099987.972188,syn_flood
6905,1781099987.973389,syn_flood
6906,1781099987.975510,normal
6907,1781099987.977380,syn_flood
6908,1781099987.979170,syn_flood
6909,1781099987.980325,syn_flood
6910,1781099987.981768,syn_flood
6911,1781099987.983880,syn_flood
6912,1781099987.985157,syn_flood
6913,1781099987.986724,syn_flood
6914,1781099987.988277,syn_flood
6915,1781099987.990044,syn_flood
6916,1781099987.991549,syn_flood
6917,1781099987.993190,syn_flood
6918,1781099987.995182,normal
6919,1781099987.996928,syn_flood
6920,1781099987.998594,syn_flood
6921,1781099988.000018,syn_flood
6922,1781099988.001848,syn_flood
6923,1781099988.003065,syn_flood
6924,1781099988.004537,syn_flood
6925,1781099988.005847,syn_flood
6926,1781099988.007333,syn_flood
6927,1781099988.008434,syn_flood
6928,1781099988.010163,syn_flood
6929,1781099988.011460,syn_flood
6930,1781099988.013194,syn_flood
6931,1781099988.014671,syn_flood
6932,1781099988.016429,syn_flood
6933,1781099988.017521,syn_flood
6934,1781099988.019403,normal
6935,1781099988.020135,syn_flood
6936,1781099988.021369,normal
6937,1781099988.023371,syn_flood
6938,1781099988.024598,normal
6939,1781099988.026842,syn_flood
6940,1781099988.028272,syn_flood
6941,1781099988.029514,normal
6942,1781099988.031406,normal
6943,1781099988.033103,syn_flood
6944,1781099988.034092,syn_flood
6945,1781099988.035429,syn_flood
6946,1781099988.036850,syn_flood
6947,1781099988.038350,normal
6948,1781099988.039457,normal
6949,1781099988.040475,syn_flood
6950,1781099988.041872,syn_flood
6951,1781099988.042702,syn_flood
6952,1781099988.044200,normal
6953,1781099988.045499,syn_flood
6954,1781099988.047583,syn_flood
6955,1781099988.048996,syn_flood
6956,1781099988.050472,syn_flood
6957,1781099988.051961,syn_flood
6958,1781099988.053531,syn_flood
6959,1781099988.054949,syn_flood
6960,1781099988.055921,syn_flood
6961,1781099988.057253,syn_flood
6962,1781099988.058944,normal
6963,1781099988.060253,syn_flood
6964,1781099988.061793,syn_flood
6965,1781099988.063030,syn_flood
6966,1781099988.064240,syn_flood
6967,1781099988.066015,syn_flood
6968,1781099988.067972,syn_flood
6969,1781099988.069154,syn_flood
6970,1781099988.070263,syn_flood
6971,1781099988.071844,normal
6972,1781099988.073568,syn_flood
6973,1781099988.075052,syn_flood
6974,1781099988.076721,syn_flood
6975,1781099988.077963,syn_flood
6976,1781099988.079340,normal
6977,1781099988.080284,normal
6978,1781099988.082055,syn_flood
6979,1781099988.083873,syn_flood
6980,1781099988.085189,syn_flood
6981,1781099988.086751,syn_flood
6982,1781099988.088223,normal
6983,1781099988.089579,syn_flood
6984,1781099988.090562,syn_flood
6985,1781099988.091632,syn_flood
6986,1781099988.093055,syn_flood
6987,1781099988.094432,normal
6988,1781099988.095796,normal
6989,1781099988.097003,syn_flood
6990,1781099988.099344,normal
6991,1781099988.101118,syn_flood
6992,1781099988.102385,syn_flood
6993,1781099988.104362,normal
6994,1781099988.105555,normal
6995,1781099988.106739,syn_flood
6996,1781099988.107848,syn_flood
6997,1781099988.109073,syn_flood
6998,1781099988.109979,syn_flood
6999,1781099988.111139,syn_flood
7000,1781099988.112461,syn_flood
7001,1781099988.113917,syn_flood
7002,1781099988.115353,syn_flood
7003,1781099988.116911,syn_flood
7004,1781099988.118327,syn_flood
7005,1781099988.119503,syn_flood
7006,1781099988.121062,normal
7007,1781099988.122221,syn_flood
7008,1781099988.123466,syn_flood
7009,1781099988.124717,normal
7010,1781099988.126330,syn_flood
7011,1781099988.127614,syn_flood
7012,1781099988.129558,normal
7013,1781099988.131057,syn_flood
7014,1781099988.132443,syn_flood
7015,1781099988.134110,syn_flood
7016,1781099988.135617,syn_flood
7017,1781099988.137037,syn_flood
7018,1781099988.138613,syn_flood
7019,1781099988.140430,syn_flood
7020,1781099988.142121,normal
7021,1781099988.143544,syn_flood
7022,1781099988.144493,syn_flood
7023,1781099988.145702,syn_flood
7024,1781099988.147776,syn_flood
7025,1781099988.149139,normal
7026,1781099988.150448,normal
7027,1781099988.151289,normal
7028,1781099988.152318,syn_flood
7029,1781099988.154155,normal
7030,1781099988.155249,syn_flood
7031,1781099988.157203,syn_flood
7032,1781099988.158605,syn_flood
7033,1781099988.159849,normal
7034,1781099988.161262,syn_flood
7035,1781099988.162594,normal
7036,1781099988.164344,syn_flood
7037,1781099988.166371,syn_flood
7038,1781099988.167544,syn_flood
7039,1781099988.168807,syn_flood
7040,1781099988.169876,syn_flood
7041,1781099988.171729,syn_flood
7042,1781099988.173541,syn_flood
7043,1781099988.175199,normal
7044,1781099988.176273,syn_flood
7045,1781099988.177657,syn_flood
7046,1781099988.178903,syn_flood
7047,1781099988.180253,syn_flood
7048,1781099988.181713,syn_flood
7049,1781099988.182683,syn_flood
7050,1781099988.184475,syn_flood
7051,1781099988.186871,syn_flood
7052,1781099988.188198,syn_flood
7053,1781099988.189381,normal
7054,1781099988.190839,syn_flood
7055,1781099988.192240,syn_flood
7056,1781099988.194013,normal
7057,1781099988.195045,normal
7058,1781099988.196599,syn_flood
7059,1781099988.197642,syn_flood
7060,1781099988.199208,normal
7061,1781099988.200462,syn_flood
7062,1781099988.202094,syn_flood
7063,1781099988.203403,syn_flood
7064,1781099988.204768,normal
7065,1781099988.206027,normal
7066,1781099988.207545,syn_flood
7067,1781099988.208999,syn_flood
7068,1781099988.210043,normal
7069,1781099988.211296,syn_flood
7070,1781099988.212763,syn_flood
7071,1781099988.213962,syn_flood
7072,1781099988.214972,syn_flood
7073,1781099988.216713,syn_flood
7074,1781099988.218127,syn_flood
7075,1781099988.220015,syn_flood
7076,1781099988.221553,syn_flood
7077,1781099988.223347,syn_flood
7078,1781099988.224277,syn_flood
7079,1781099988.225908,syn_flood
7080,1781099988.227497,syn_flood
7081,1781099988.228932,normal
7082,1781099988.230509,syn_flood
7083,1781099988.231903,syn_flood
7084,1781099988.233241,normal
7085,1781099988.233906,normal
7086,1781099988.234828,syn_flood
7087,1781099988.235980,syn_flood
7088,1781099988.237094,syn_flood
7089,1781099988.238415,syn_flood
7090,1781099988.239550,normal
7091,1781099988.240574,syn_flood
7092,1781099988.241976,syn_flood
7093,1781099988.243203,syn_flood
7094,1781099988.244364,syn_flood
7095,1781099988.245665,syn_flood
7096,1781099988.246715,normal
7097,1781099988.247701,syn_flood
7098,1781099988.248699,syn_flood
7099,1781099988.249886,normal
7100,1781099988.250955,syn_flood
7101,1781099988.252392,syn_flood
7102,1781099988.254793,normal
7103,1781099988.256049,syn_flood
7104,1781099988.257290,normal
7105,1781099988.258624,syn_flood
7106,1781099988.260226,syn_flood
7107,1781099988.261316,syn_flood
7108,1781099988.262213,syn_flood
7109,1781099988.263536,syn_flood
7110,1781099988.264724,normal
7111,1781099988.266687,syn_flood
7112,1781099988.268549,syn_flood
7113,1781099988.269583,syn_flood
7114,1781099988.270722,normal
7115,1781099988.272608,normal
7116,1781099988.273901,syn_flood
7117,1781099988.275106,syn_flood
7118,1781099988.276231,syn_flood
7119,1781099988.277663,syn_flood
7120,1781099988.279266,normal
7121,1781099988.280375,syn_flood
7122,1781099988.281818,syn_flood
7123,1781099988.283102,normal
7124,1781099988.284607,syn_flood
7125,1781099988.285906,syn_flood
7126,1781099988.287566,syn_flood
7127,1781099988.288635,syn_flood
7128,1781099988.289600,syn_flood
7129,1781099988.290693,syn_flood
7130,1781099988.291936,syn_flood
7131,1781099988.293113,normal
7132,1781099988.294265,syn_flood
7133,1781099988.295305,syn_flood
7134,1781099988.297038,syn_flood
7135,1781099988.298619,syn_flood
7136,1781099988.299502,syn_flood
7137,1781099988.301128,normal
7138,1781099988.302662,syn_flood
7139,1781099988.303812,syn_flood
7140,1781099988.305223,normal
7141,1781099988.306935,syn_flood
7142,1781099988.308553,syn_flood
7143,1781099988.309988,syn_flood
7144,1781099988.311471,normal
7145,1781099988.313025,syn_flood
7146,1781099988.313990,normal
7147,1781099988.314944,syn_flood
7148,1781099988.316286,normal
7149,1781099988.317514,syn_flood
7150,1781099988.318785,normal
7151,1781099988.320163,syn_flood
7152,1781099988.321410,syn_flood
7153,1781099988.322740,syn_flood
7154,1781099988.324179,syn_flood
7155,1781099988.325647,syn_flood
7156,1781099988.326914,normal
7157,1781099988.327846,syn_flood
7158,1781099988.329227,syn_flood
7159,1781099988.330440,syn_flood
7160,1781099988.331719,normal
7161,1781099988.332688,normal
7162,1781099988.333700,syn_flood
7163,1781099988.334595,syn_flood
7164,1781099988.335643,normal
7165,1781099988.336987,normal
7166,1781099988.338702,normal
7167,1781099988.340102,syn_flood
7168,1781099988.341202,syn_flood
7169,1781099988.341929,syn_flood
7170,1781099988.343149,normal
7171,1781099988.344405,syn_flood
7172,1781099988.345628,normal
7173,1781099988.347228,normal
7174,1781099988.348177,syn_flood
7175,1781099988.349647,syn_flood
7176,1781099988.351128,syn_flood
7177,1781099988.352620,normal
7178,1781099988.354240,syn_flood
7179,1781099988.355596,syn_flood
7180,1781099988.356613,syn_flood
7181,1781099988.358235,syn_flood
7182,1781099988.359386,normal
7183,1781099988.360316,normal
7184,1781099988.361473,syn_flood
7185,1781099988.362981,normal
7186,1781099988.364035,normal
7187,1781099988.365441,syn_flood
7188,1781099988.366276,syn_flood
7189,1781099988.367922,syn_flood
7190,1781099988.368896,syn_flood
7191,1781099988.370349,syn_flood
7192,1781099988.371945,syn_flood
7193,1781099988.372635,normal
7194,1781099988.373636,syn_flood
7195,1781099988.374822,normal
7196,1781099988.376009,normal
7197,1781099988.377410,syn_flood
7198,1781099988.378460,syn_flood
7199,1781099988.379784,syn_flood
7200,1781099988.380834,syn_flood
7201,1781099988.382165,normal
7202,1781099988.383682,syn_flood
7203,1781099988.384815,syn_flood
7204,1781099988.386138,syn_flood
7205,1781099988.387262,syn_flood
7206,1781099988.388716,syn_flood
7207,1781099988.389899,syn_flood
7208,1781099988.391063,normal
7209,1781099988.392223,syn_flood
7210,1781099988.393594,normal
7211,1781099988.394948,normal
7212,1781099988.396234,syn_flood
7213,1781099988.397348,syn_flood
7214,1781099988.398594,syn_flood
7215,1781099988.400078,syn_flood
7216,1781099988.401125,syn_flood
7217,1781099988.402763,normal
7218,1781099988.404355,syn_flood
7219,1781099988.405590,syn_flood
7220,1781099988.407479,normal
7221,1781099988.408551,syn_flood
7222,1781099988.409592,syn_flood
7223,1781099988.410852,syn_flood
7224,1781099988.412306,syn_flood
7225,1781099988.414682,syn_flood
7226,1781099988.416340,syn_flood
7227,1781099988.417428,syn_flood
7228,1781099988.418766,syn_flood
7229,1781099988.420085,syn_flood
7230,1781099988.421332,syn_flood
7231,1781099988.422443,syn_flood
7232,1781099988.424112,normal
7233,1781099988.425810,syn_flood
7234,1781099988.426767,normal
7235,1781099988.427670,normal
7236,1781099988.428969,syn_flood
7237,1781099988.430750,normal
7238,1781099988.432214,syn_flood
7239,1781099988.433279,normal
7240,1781099988.434233,syn_flood
7241,1781099988.435708,normal
7242,1781099988.436431,normal
7243,1781099988.437582,normal
7244,1781099988.439099,syn_flood
7245,1781099988.440241,syn_flood
7246,1781099988.441263,syn_flood
7247,1781099988.442499,normal
7248,1781099988.444203,syn_flood
7249,1781099988.445903,syn_flood
7250,1781099988.447212,syn_flood
7251,1781099988.448309,syn_flood
7252,1781099988.450007,syn_flood
7253,1781099988.451343,syn_flood
7254,1781099988.452919,normal
7255,1781099988.454048,normal
7256,1781099988.455386,syn_flood
7257,1781099988.456872,syn_flood
7258,1781099988.457938,normal
7259,1781099988.459054,syn_flood
7260,1781099988.460312,syn_flood
7261,1781099988.461470,syn_flood
7262,1781099988.462846,syn_flood
7263,1781099988.464164,syn_flood
7264,1781099988.465320,syn_flood
7265,1781099988.466342,syn_flood
7266,1781099988.467503,syn_flood
7267,1781099988.468465,syn_flood
7268,1781099988.469750,syn_flood
7269,1781099988.471103,syn_flood
7270,1781099988.472296,syn_flood
7271,1781099988.473299,syn_flood
7272,1781099988.474032,syn_flood
7273,1781099988.475130,syn_flood
7274,1781099988.476431,normal
7275,1781099988.477697,syn_flood
7276,1781099988.478909,normal
7277,1781099988.480081,syn_flood
7278,1781099988.481203,syn_flood
7279,1781099988.482639,syn_flood
7280,1781099988.484026,normal
7281,1781099988.485029,syn_flood
7282,1781099988.486366,syn_flood
7283,1781099988.487400,syn_flood
7284,1781099988.488881,syn_flood
7285,1781099988.490384,syn_flood
7286,1781099988.491303,normal
7287,1781099988.492245,syn_flood
7288,1781099988.493133,syn_flood
7289,1781099988.494253,normal
7290,1781099988.495176,syn_flood
7291,1781099988.496263,syn_flood
7292,1781099988.497326,syn_flood
7293,1781099988.498682,syn_flood
7294,1781099988.500109,normal
7295,1781099988.501333,syn_flood
7296,1781099988.502316,normal
7297,1781099988.503394,syn_flood
7298,1781099988.504773,syn_flood
7299,1781099988.506296,normal
7300,1781099988.507413,normal
7301,1781099988.508536,syn_flood
7302,1781099988.509860,syn_flood
7303,1781099988.510944,syn_flood
7304,1781099988.511932,syn_flood
7305,1781099988.513429,syn_flood
7306,1781099988.514386,syn_flood
7307,1781099988.515367,normal
7308,1781099988.516674,syn_flood
7309,1781099988.517353,normal
7310,1781099988.519360,normal
7311,1781099988.520400,syn_flood
7312,1781099988.521699,syn_flood
7313,1781099988.522971,normal
7314,1781099988.524343,syn_flood
7315,1781099988.525461,normal
7316,1781099988.526989,syn_flood
7317,1781099988.527845,syn_flood
7318,1781099988.528902,syn_flood
7319,1781099988.530386,normal
7320,1781099988.531499,syn_flood
7321,1781099988.532618,syn_flood
7322,1781099988.533578,syn_flood
7323,1781099988.534660,normal
7324,1781099988.535765,normal
7325,1781099988.536951,syn_flood
7326,1781099988.538741,syn_flood
7327,1781099988.539870,syn_flood
7328,1781099988.541151,syn_flood
7329,1781099988.542040,normal
7330,1781099988.542675,syn_flood
7331,1781099988.543841,syn_flood
7332,1781099988.544933,syn_flood
7333,1781099988.546221,syn_flood
7334,1781099988.547504,normal
7335,1781099988.548644,syn_flood
7336,1781099988.549272,normal
7337,1781099988.550302,syn_flood
7338,1781099988.551515,syn_flood
7339,1781099988.552948,syn_flood
7340,1781099988.554046,normal
7341,1781099988.555203,syn_flood
7342,1781099988.556374,normal
7343,1781099988.557395,normal
7344,1781099988.558682,syn_flood
7345,1781099988.559879,normal
7346,1781099988.561752,syn_flood
7347,1781099988.563164,syn_flood
7348,1781099988.564647,normal
7349,1781099988.565721,syn_flood
7350,1781099988.567022,normal
7351,1781099988.567926,syn_flood
7352,1781099988.568694,syn_flood
7353,1781099988.569724,syn_flood
7354,1781099988.570975,syn_flood
7355,1781099988.572001,syn_flood
7356,1781099988.573490,syn_flood
7357,1781099988.574887,syn_flood
7358,1781099988.575860,normal
7359,1781099988.576788,normal
7360,1781099988.577842,syn_flood
7361,1781099988.578870,syn_flood
7362,1781099988.580752,syn_flood
7363,1781099988.581805,normal
7364,1781099988.583122,syn_flood
7365,1781099988.583832,syn_flood
7366,1781099988.584945,syn_flood
7367,1781099988.585999,syn_flood
7368,1781099988.587030,normal
7369,1781099988.588232,syn_flood
7370,1781099988.589474,syn_flood
7371,1781099988.590360,normal
7372,1781099988.591569,normal
7373,1781099988.592403,syn_flood
7374,1781099988.593472,normal
7375,1781099988.594517,syn_flood
7376,1781099988.595833,normal
7377,1781099988.596863,normal
7378,1781099988.598055,syn_flood
7379,1781099988.599083,syn_flood
7380,1781099988.600461,syn_flood
7381,1781099988.601264,syn_flood
7382,1781099988.602126,syn_flood
7383,1781099988.603209,syn_flood
7384,1781099988.604214,syn_flood
7385,1781099988.605235,normal
7386,1781099988.606064,normal
7387,1781099988.606862,normal
7388,1781099988.608405,syn_flood
7389,1781099988.610248,syn_flood
7390,1781099988.610878,syn_flood
7391,1781099988.611589,syn_flood
7392,1781099988.612958,normal
7393,1781099988.613826,syn_flood
7394,1781099988.614830,normal
7395,1781099988.615714,normal
7396,1781099988.617362,syn_flood
7397,1781099988.618624,syn_flood
7398,1781099988.619879,syn_flood
7399,1781099988.621188,normal
7400,1781099988.621989,syn_flood
7401,1781099988.623393,normal
7402,1781099988.624677,syn_flood
7403,1781099988.625678,normal
7404,1781099988.627195,normal
7405,1781099988.628233,syn_flood
7406,1781099988.629388,syn_flood
7407,1781099988.630374,syn_flood
7408,1781099988.631413,syn_flood
7409,1781099988.632481,normal
7410,1781099988.634092,normal
7411,1781099988.635019,syn_flood
7412,1781099988.636137,syn_flood
7413,1781099988.637290,syn_flood
7414,1781099988.639096,syn_flood
7415,1781099988.640054,syn_flood
7416,1781099988.640843,syn_flood
7417,1781099988.642558,syn_flood
7418,1781099988.643531,normal
7419,1781099988.645055,syn_flood
7420,1781099988.645918,syn_flood
7421,1781099988.646862,normal
7422,1781099988.648259,normal
7423,1781099988.649153,syn_flood
7424,1781099988.649980,syn_flood
7425,1781099988.651039,syn_flood
7426,1781099988.652254,syn_flood
7427,1781099988.653193,normal
7428,1781099988.654222,syn_flood
7429,1781099988.655740,normal
7430,1781099988.656866,syn_flood
7431,1781099988.658408,syn_flood
7432,1781099988.659600,syn_flood
7433,1781099988.661285,normal
7434,1781099988.662337,syn_flood
7435,1781099988.663270,syn_flood
7436,1781099988.664698,syn_flood
7437,1781099988.665982,syn_flood
7438,1781099988.666785,syn_flood
7439,1781099988.668030,normal
7440,1781099988.668874,syn_flood
7441,1781099988.669638,syn_flood
7442,1781099988.670558,syn_flood
7443,1781099988.671727,syn_flood
7444,1781099988.673205,normal
7445,1781099988.674284,normal
7446,1781099988.675325,normal
7447,1781099988.676231,syn_flood
7448,1781099988.677361,normal
7449,1781099988.678228,syn_flood
7450,1781099988.679842,syn_flood
7451,1781099988.680795,syn_flood
7452,1781099988.681835,syn_flood
7453,1781099988.682935,normal
7454,1781099988.684087,syn_flood
7455,1781099988.685987,syn_flood
7456,1781099988.687222,syn_flood
7457,1781099988.688547,syn_flood
7458,1781099988.689611,syn_flood
7459,1781099988.690464,syn_flood
7460,1781099988.691494,syn_flood
7461,1781099988.692524,syn_flood
7462,1781099988.693710,syn_flood
7463,1781099988.695259,syn_flood
7464,1781099988.696684,syn_flood
7465,1781099988.697811,syn_flood
7466,1781099988.699542,syn_flood
7467,1781099988.700389,normal
7468,1781099988.701970,syn_flood
7469,1781099988.703077,syn_flood
7470,1781099988.704355,normal
7471,1781099988.705192,syn_flood
7472,1781099988.706081,syn_flood
7473,1781099988.707561,syn_flood
7474,1781099988.708847,syn_flood
7475,1781099988.709888,syn_flood
7476,1781099988.710888,syn_flood
7477,1781099988.711663,syn_flood
7478,1781099988.712858,normal
7479,1781099988.713915,syn_flood
7480,1781099988.715258,normal
7481,1781099988.715882,syn_flood
7482,1781099988.716868,syn_flood
7483,1781099988.717733,normal
7484,1781099988.718691,syn_flood
7485,1781099988.719722,syn_flood
7486,1781099988.720988,syn_flood
7487,1781099988.722207,normal
7488,1781099988.723173,syn_flood
7489,1781099988.724456,syn_flood
7490,1781099988.725980,syn_flood
7491,1781099988.727491,syn_flood
7492,1781099988.728545,normal
7493,1781099988.729441,syn_flood
7494,1781099988.730344,normal
7495,1781099988.731899,syn_flood
7496,1781099988.732830,syn_flood
7497,1781099988.733835,normal
7498,1781099988.734986,syn_flood
7499,1781099988.736441,normal
7500,1781099988.737687,syn_flood
7501,1781099988.738748,syn_flood
7502,1781099988.739834,syn_flood
7503,1781099988.740633,syn_flood
7504,1781099988.741651,normal
7505,1781099988.742796,syn_flood
7506,1781099988.743892,normal
7507,1781099988.744881,syn_flood
7508,1781099988.746093,syn_flood
7509,1781099988.746936,normal
7510,1781099988.748048,syn_flood
7511,1781099988.748866,syn_flood
7512,1781099988.750108,syn_flood
7513,1781099988.751135,syn_flood
7514,1781099988.752601,syn_flood
7515,1781099988.753581,normal
7516,1781099988.754731,syn_flood
7517,1781099988.755842,syn_flood
7518,1781099988.756998,syn_flood
7519,1781099988.758190,syn_flood
7520,1781099988.759473,syn_flood
7521,1781099988.760493,syn_flood
7522,1781099988.761542,syn_flood
7523,1781099988.762841,syn_flood
7524,1781099988.763986,normal
7525,1781099988.765227,syn_flood
7526,1781099988.766441,syn_flood
7527,1781099988.767241,syn_flood
7528,1781099988.768096,syn_flood
7529,1781099988.769480,syn_flood
7530,1781099988.770247,syn_flood
7531,1781099988.771883,syn_flood
7532,1781099988.772755,syn_flood
7533,1781099988.773849,syn_flood
7534,1781099988.775069,syn_flood
7535,1781099988.776402,syn_flood
7536,1781099988.777756,syn_flood
7537,1781099988.778736,syn_flood
7538,1781099988.780386,syn_flood
7539,1781099988.781544,syn_flood
7540,1781099988.782424,syn_flood
7541,1781099988.783427,syn_flood
7542,1781099988.784321,syn_flood
7543,1781099988.786079,normal
7544,1781099988.787051,syn_flood
7545,1781099988.788176,syn_flood
7546,1781099988.789129,normal
7547,1781099988.790155,syn_flood
7548,1781099988.791098,normal
7549,1781099988.791931,syn_flood
7550,1781099988.793112,normal
7551,1781099988.794124,syn_flood
7552,1781099988.796157,syn_flood
7553,1781099988.797301,normal
7554,1781099988.798291,syn_flood
7555,1781099988.799282,normal
7556,1781099988.800282,normal
7557,1781099988.801850,syn_flood
7558,1781099988.803056,syn_flood
7559,1781099988.804387,normal
7560,1781099988.805362,syn_flood
7561,1781099988.806197,syn_flood
7562,1781099988.807293,syn_flood
7563,1781099988.808332,syn_flood
7564,1781099988.809532,syn_flood
7565,1781099988.810684,syn_flood
7566,1781099988.811872,syn_flood
7567,1781099988.812692,syn_flood
7568,1781099988.813519,syn_flood
7569,1781099988.814776,syn_flood
7570,1781099988.815667,normal
7571,1781099988.816910,normal
7572,1781099988.818158,syn_flood
7573,1781099988.818989,syn_flood
7574,1781099988.820117,syn_flood
7575,1781099988.821371,syn_flood
7576,1781099988.822363,syn_flood
7577,1781099988.823247,syn_flood
7578,1781099988.824219,syn_flood
7579,1781099988.825086,syn_flood
7580,1781099988.826060,syn_flood
7581,1781099988.827041,syn_flood
7582,1781099988.828493,syn_flood
7583,1781099988.829513,syn_flood
7584,1781099988.830474,syn_flood
7585,1781099988.831277,syn_flood
7586,1781099988.832167,syn_flood
7587,1781099988.833478,syn_flood
7588,1781099988.834382,syn_flood
7589,1781099988.835461,syn_flood
7590,1781099988.836765,syn_flood
7591,1781099988.837981,syn_flood
7592,1781099988.838899,syn_flood
7593,1781099988.839955,syn_flood
7594,1781099988.840912,normal
7595,1781099988.841865,syn_flood
7596,1781099988.842984,normal
7597,1781099988.844242,syn_flood
7598,1781099988.845275,normal
7599,1781099988.846243,syn_flood
7600,1781099988.847349,normal
7601,1781099988.848362,syn_flood
7602,1781099988.849674,syn_flood
7603,1781099988.850828,normal
7604,1781099988.851766,syn_flood
7605,1781099988.853143,syn_flood
7606,1781099988.854072,syn_flood
7607,1781099988.854892,normal
7608,1781099988.855765,syn_flood
7609,1781099988.856834,normal
7610,1781099988.857809,normal
7611,1781099988.858877,normal
7612,1781099988.859723,normal
7613,1781099988.860700,syn_flood
7614,1781099988.861879,syn_flood
7615,1781099988.862582,syn_flood
7616,1781099988.863513,syn_flood
7617,1781099988.864686,normal
7618,1781099988.865819,normal
7619,1781099988.866597,syn_flood
7620,1781099988.867352,syn_flood
7621,1781099988.869020,syn_flood
7622,1781099988.869868,normal
7623,1781099988.870885,syn_flood
7624,1781099988.872170,syn_flood
7625,1781099988.873593,syn_flood
7626,1781099988.875201,syn_flood
7627,1781099988.876311,normal
7628,1781099988.877139,syn_flood
7629,1781099988.878324,syn_flood
7630,1781099988.879181,syn_flood
7631,1781099988.880523,normal
7632,1781099988.881317,syn_flood
7633,1781099988.882248,normal
7634,1781099988.883794,normal
7635,1781099988.884993,normal
7636,1781099988.886147,normal
7637,1781099988.887126,syn_flood
7638,1781099988.888163,syn_flood
7639,1781099988.889256,syn_flood
7640,1781099988.890079,syn_flood
7641,1781099988.891547,syn_flood
7642,1781099988.892349,syn_flood
7643,1781099988.893370,syn_flood
7644,1781099988.894383,syn_flood
7645,1781099988.895175,syn_flood
7646,1781099988.896069,syn_flood
7647,1781099988.896966,syn_flood
7648,1781099988.898007,syn_flood
7649,1781099988.898965,normal
7650,1781099988.899947,syn_flood
7651,1781099988.901094,syn_flood
7652,1781099988.902013,syn_flood
7653,1781099988.902894,normal
7654,1781099988.903888,syn_flood
7655,1781099988.904939,syn_flood
7656,1781099988.905999,syn_flood
7657,1781099988.906702,normal
7658,1781099988.907760,normal
7659,1781099988.908706,syn_flood
7660,1781099988.909895,normal
7661,1781099988.911065,syn_flood
7662,1781099988.912401,syn_flood
7663,1781099988.913656,syn_flood
7664,1781099988.914488,normal
7665,1781099988.915761,syn_flood
7666,1781099988.917181,syn_flood
7667,1781099988.917936,syn_flood
7668,1781099988.919367,syn_flood
7669,1781099988.920104,syn_flood
7670,1781099988.921059,syn_flood
7671,1781099988.921880,syn_flood
7672,1781099988.922762,syn_flood
7673,1781099988.923696,syn_flood
7674,1781099988.924731,syn_flood
7675,1781099988.925809,normal
7676,1781099988.926987,syn_flood
7677,1781099988.927826,normal
7678,1781099988.928910,syn_flood
7679,1781099988.929742,syn_flood
7680,1781099988.930861,syn_flood
7681,1781099988.931760,normal
7682,1781099988.932496,syn_flood
7683,1781099988.933313,syn_flood
7684,1781099988.934182,normal
7685,1781099988.935257,syn_flood
7686,1781099988.936338,syn_flood
7687,1781099988.937863,syn_flood
7688,1781099988.938611,syn_flood
7689,1781099988.939415,syn_flood
7690,1781099988.940450,syn_flood
7691,1781099988.941272,syn_flood
7692,1781099988.942663,normal
7693,1781099988.943815,syn_flood
7694,1781099988.944885,syn_flood
7695,1781099988.945606,syn_flood
7696,1781099988.946397,syn_flood
7697,1781099988.947464,syn_flood
7698,1781099988.948311,syn_flood
7699,1781099988.949657,syn_flood
7700,1781099988.950794,syn_flood
7701,1781099988.951602,syn_flood
7702,1781099988.952771,normal
7703,1781099988.953770,syn_flood
7704,1781099988.954678,syn_flood
7705,1781099988.955624,syn_flood
7706,1781099988.956783,syn_flood
7707,1781099988.958280,normal
7708,1781099988.959249,syn_flood
7709,1781099988.960381,syn_flood
7710,1781099988.962005,normal
7711,1781099988.962979,normal
7712,1781099988.963739,syn_flood
7713,1781099988.964907,syn_flood
7714,1781099988.966062,normal
7715,1781099988.967226,normal
7716,1781099988.967948,syn_flood
7717,1781099988.969049,normal
7718,1781099988.970234,syn_flood
7719,1781099988.970983,syn_flood
7720,1781099988.971987,normal
7721,1781099988.972842,normal
7722,1781099988.973763,syn_flood
7723,1781099988.974582,syn_flood
7724,1781099988.975200,syn_flood
7725,1781099988.975855,syn_flood
7726,1781099988.977161,syn_flood
7727,1781099988.978033,syn_flood
7728,1781099988.978956,syn_flood
7729,1781099988.980004,syn_flood
7730,1781099988.981107,syn_flood
7731,1781099988.981815,normal
7732,1781099988.982536,syn_flood
7733,1781099988.983474,syn_flood
7734,1781099988.984267,syn_flood
7735,1781099988.985040,syn_flood
7736,1781099988.986329,syn_flood
7737,1781099988.987588,syn_flood
7738,1781099988.988514,syn_flood
7739,1781099988.989356,syn_flood
7740,1781099988.990413,syn_flood
7741,1781099988.991692,syn_flood
7742,1781099988.992350,syn_flood
7743,1781099988.993043,syn_flood
7744,1781099988.993941,syn_flood
7745,1781099988.995139,syn_flood
7746,1781099988.996262,syn_flood
7747,1781099988.997200,syn_flood
7748,1781099988.998011,syn_flood
7749,1781099988.999869,syn_flood
7750,1781099989.001119,syn_flood
7751,1781099989.001916,syn_flood
7752,1781099989.003295,syn_flood
7753,1781099989.004318,normal
7754,1781099989.005500,syn_flood
7755,1781099989.006449,syn_flood
7756,1781099989.007150,normal
7757,1781099989.008222,syn_flood
7758,1781099989.009180,syn_flood
7759,1781099989.010248,syn_flood
7760,1781099989.011102,syn_flood
7761,1781099989.011809,syn_flood
7762,1781099989.012715,normal
7763,1781099989.013445,normal
7764,1781099989.014529,normal
7765,1781099989.015608,syn_flood
7766,1781099989.016509,syn_flood
7767,1781099989.017323,normal
7768,1781099989.018898,syn_flood
7769,1781099989.020284,syn_flood
7770,1781099989.021452,syn_flood
7771,1781099989.022134,syn_flood
7772,1781099989.022846,syn_flood
7773,1781099989.023858,syn_flood
7774,1781099989.024747,normal
7775,1781099989.025987,syn_flood
7776,1781099989.026978,syn_flood
7777,1781099989.028332,syn_flood
7778,1781099989.029360,syn_flood
7779,1781099989.030333,syn_flood
7780,1781099989.031186,syn_flood
7781,1781099989.032226,syn_flood
7782,1781099989.033268,syn_flood
7783,1781099989.033956,syn_flood
7784,1781099989.034810,syn_flood
7785,1781099989.035931,syn_flood
7786,1781099989.036874,syn_flood
7787,1781099989.037928,syn_flood
7788,1781099989.038774,syn_flood
7789,1781099989.039292,syn_flood
7790,1781099989.040194,normal
7791,1781099989.041085,syn_flood
7792,1781099989.042350,syn_flood
7793,1781099989.043592,syn_flood
7794,1781099989.044405,normal
7795,1781099989.045423,syn_flood
7796,1781099989.046489,syn_flood
7797,1781099989.047591,syn_flood
7798,1781099989.048291,syn_flood
7799,1781099989.049165,syn_flood
7800,1781099989.050170,syn_flood
7801,1781099989.050950,syn_flood
7802,1781099989.052231,syn_flood
7803,1781099989.053131,syn_flood
7804,1781099989.054139,syn_flood
7805,1781099989.055053,syn_flood
7806,1781099989.055907,syn_flood
7807,1781099989.056762,syn_flood
7808,1781099989.058332,syn_flood
7809,1781099989.059104,syn_flood
7810,1781099989.059967,syn_flood
7811,1781099989.060885,syn_flood
7812,1781099989.062083,syn_flood
7813,1781099989.063162,syn_flood
7814,1781099989.064401,syn_flood
7815,1781099989.065276,syn_flood
7816,1781099989.066222,syn_flood
7817,1781099989.067323,syn_flood
7818,1781099989.068362,syn_flood
7819,1781099989.069201,syn_flood
7820,1781099989.070430,syn_flood
7821,1781099989.071211,syn_flood
7822,1781099989.072774,syn_flood
7823,1781099989.073741,syn_flood
7824,1781099989.074647,syn_flood
7825,1781099989.075639,syn_flood
7826,1781099989.076736,normal
7827,1781099989.078299,syn_flood
7828,1781099989.079344,syn_flood
7829,1781099989.080416,syn_flood
7830,1781099989.081814,syn_flood
7831,1781099989.082978,syn_flood
7832,1781099989.084130,syn_flood
7833,1781099989.084908,syn_flood
7834,1781099989.085693,syn_flood
7835,1781099989.086699,syn_flood
7836,1781099989.088339,normal
7837,1781099989.089048,normal
7838,1781099989.090371,syn_flood
7839,1781099989.091745,syn_flood
7840,1781099989.092890,normal
7841,1781099989.093785,normal
7842,1781099989.095133,syn_flood
7843,1781099989.096326,syn_flood
7844,1781099989.097797,syn_flood
7845,1781099989.098782,normal
7846,1781099989.099815,syn_flood
7847,1781099989.100955,normal
7848,1781099989.101787,syn_flood
7849,1781099989.102917,normal
7850,1781099989.103878,syn_flood
7851,1781099989.105285,syn_flood
7852,1781099989.106177,syn_flood
7853,1781099989.107005,normal
7854,1781099989.107935,syn_flood
7855,1781099989.108957,syn_flood
7856,1781099989.109997,syn_flood
7857,1781099989.111145,syn_flood
7858,1781099989.112338,syn_flood
7859,1781099989.113589,syn_flood
7860,1781099989.114509,syn_flood
7861,1781099989.115360,syn_flood
7862,1781099989.116329,syn_flood
7863,1781099989.117047,syn_flood
7864,1781099989.117950,syn_flood
7865,1781099989.118749,syn_flood
7866,1781099989.119657,syn_flood
7867,1781099989.121031,syn_flood
7868,1781099989.121980,syn_flood
7869,1781099989.122995,syn_flood
7870,1781099989.123764,syn_flood
7871,1781099989.124757,syn_flood
7872,1781099989.125435,syn_flood
7873,1781099989.126393,syn_flood
7874,1781099989.127182,syn_flood
7875,1781099989.128539,syn_flood
7876,1781099989.129422,syn_flood
7877,1781099989.130686,syn_flood
7878,1781099989.131900,syn_flood
7879,1781099989.132717,normal
7880,1781099989.134302,syn_flood
7881,1781099989.135081,normal
7882,1781099989.136365,normal
7883,1781099989.137639,syn_flood
7884,1781099989.138762,syn_flood
7885,1781099989.139805,syn_flood
7886,1781099989.141334,syn_flood
7887,1781099989.142344,syn_flood
7888,1781099989.143373,syn_flood
7889,1781099989.144427,syn_flood
7890,1781099989.145482,syn_flood
7891,1781099989.146170,syn_flood
7892,1781099989.147191,syn_flood
7893,1781099989.148252,syn_flood
7894,1781099989.149405,syn_flood
7895,1781099989.150346,syn_flood
7896,1781099989.151412,syn_flood
7897,1781099989.152443,syn_flood
7898,1781099989.154248,syn_flood
7899,1781099989.155059,syn_flood
7900,1781099989.156514,syn_flood
7901,1781099989.157312,syn_flood
7902,1781099989.158109,syn_flood
7903,1781099989.159199,normal
7904,1781099989.160263,syn_flood
7905,1781099989.161067,syn_flood
7906,1781099989.162138,syn_flood
7907,1781099989.163379,syn_flood
7908,1781099989.164560,syn_flood
7909,1781099989.165549,syn_flood
7910,1781099989.166783,syn_flood
7911,1781099989.167483,syn_flood
7912,1781099989.168183,syn_flood
7913,1781099989.169007,syn_flood
7914,1781099989.169974,syn_flood
7915,1781099989.171098,syn_flood
7916,1781099989.172157,normal
7917,1781099989.173135,syn_flood
7918,1781099989.174014,syn_flood
7919,1781099989.174742,normal
7920,1781099989.176010,syn_flood
7921,1781099989.177571,syn_flood
7922,1781099989.178601,syn_flood
7923,1781099989.179797,syn_flood
7924,1781099989.180867,syn_flood
7925,1781099989.182595,syn_flood
7926,1781099989.183574,syn_flood
7927,1781099989.184883,syn_flood
7928,1781099989.185942,syn_flood
7929,1781099989.186942,syn_flood
7930,1781099989.187956,syn_flood
7931,1781099989.188528,syn_flood
7932,1781099989.189542,syn_flood
7933,1781099989.190593,syn_flood
7934,1781099989.191262,syn_flood
7935,1781099989.192166,syn_flood
7936,1781099989.193014,syn_flood
7937,1781099989.194055,normal
7938,1781099989.195343,syn_flood
7939,1781099989.196060,syn_flood
7940,1781099989.196970,syn_flood
7941,1781099989.197912,syn_flood
7942,1781099989.199350,syn_flood
7943,1781099989.200483,syn_flood
7944,1781099989.201343,syn_flood
7945,1781099989.202674,syn_flood
7946,1781099989.203643,syn_flood
7947,1781099989.204679,syn_flood
7948,1781099989.206548,syn_flood
7949,1781099989.207631,syn_flood
7950,1781099989.208587,syn_flood
7951,1781099989.209462,syn_flood
7952,1781099989.210558,syn_flood
7953,1781099989.211549,normal
7954,1781099989.212298,syn_flood
7955,1781099989.213559,syn_flood
7956,1781099989.214516,syn_flood
7957,1781099989.215518,syn_flood
7958,1781099989.216701,syn_flood
7959,1781099989.218019,syn_flood
7960,1781099989.218628,syn_flood
7961,1781099989.219419,syn_flood
7962,1781099989.220464,syn_flood
7963,1781099989.221172,syn_flood
7964,1781099989.222213,syn_flood
7965,1781099989.223052,syn_flood
7966,1781099989.224010,syn_flood
7967,1781099989.225004,syn_flood
7968,1781099989.226155,syn_flood
7969,1781099989.227424,syn_flood
7970,1781099989.228383,syn_flood
7971,1781099989.229267,syn_flood
7972,1781099989.230328,syn_flood
7973,1781099989.231113,syn_flood
7974,1781099989.231851,syn_flood
7975,1781099989.232871,syn_flood
7976,1781099989.233997,syn_flood
7977,1781099989.235235,syn_flood
7978,1781099989.236152,syn_flood
7979,1781099989.237725,syn_flood
7980,1781099989.238831,syn_flood
7981,1781099989.239567,syn_flood
7982,1781099989.240584,syn_flood
7983,1781099989.241836,syn_flood
7984,1781099989.243238,normal
7985,1781099989.244214,syn_flood
7986,1781099989.244904,syn_flood
7987,1781099989.245636,syn_flood
7988,1781099989.246503,syn_flood
7989,1781099989.247260,syn_flood
7990,1781099989.248265,syn_flood
7991,1781099989.249221,syn_flood
7992,1781099989.250276,syn_flood
7993,1781099989.251162,syn_flood
7994,1781099989.252034,syn_flood
7995,1781099989.252941,syn_flood
7996,1781099989.254147,syn_flood
7997,1781099989.255273,syn_flood
7998,1781099989.256379,syn_flood
7999,1781099989.257301,syn_flood
8000,1781099989.258857,syn_flood
8001,1781099989.259677,syn_flood
8002,1781099989.260499,normal
8003,1781099989.262080,normal
8004,1781099989.263168,syn_flood
8005,1781099989.264557,syn_flood
8006,1781099989.265554,syn_flood
8007,1781099989.266472,syn_flood
8008,1781099989.267640,syn_flood
8009,1781099989.268616,syn_flood
8010,1781099989.269655,syn_flood
8011,1781099989.270565,syn_flood
8012,1781099989.271598,syn_flood
8013,1781099989.273094,normal
8014,1781099989.274092,syn_flood
8015,1781099989.275234,normal
8016,1781099989.276610,syn_flood
8017,1781099989.277184,syn_flood
8018,1781099989.278621,syn_flood
8019,1781099989.279760,syn_flood
8020,1781099989.280603,normal
8021,1781099989.281493,syn_flood
8022,1781099989.282436,syn_flood
8023,1781099989.283565,syn_flood
8024,1781099989.284319,syn_flood
8025,1781099989.285325,syn_flood
8026,1781099989.286426,syn_flood
8027,1781099989.287986,syn_flood
8028,1781099989.288914,syn_flood
8029,1781099989.290185,normal
8030,1781099989.291396,syn_flood
8031,1781099989.292293,syn_flood
8032,1781099989.293117,syn_flood
8033,1781099989.294252,syn_flood
8034,1781099989.295231,syn_flood
8035,1781099989.296106,syn_flood
8036,1781099989.296655,syn_flood
8037,1781099989.297348,syn_flood
8038,1781099989.298007,syn_flood
8039,1781099989.299238,normal
8040,1781099989.300058,syn_flood
8041,1781099989.301078,syn_flood
8042,1781099989.302232,syn_flood
8043,1781099989.303508,syn_flood
8044,1781099989.304526,syn_flood
8045,1781099989.305694,syn_flood
8046,1781099989.306907,syn_flood
8047,1781099989.308072,syn_flood
8048,1781099989.308832,syn_flood
8049,1781099989.309627,syn_flood
8050,1781099989.310592,syn_flood
8051,1781099989.311684,syn_flood
8052,1781099989.312821,syn_flood
8053,1781099989.313555,syn_flood
8054,1781099989.314361,syn_flood
8055,1781099989.315218,syn_flood
8056,1781099989.316327,syn_flood
8057,1781099989.317386,syn_flood
8058,1781099989.318360,normal
8059,1781099989.319272,syn_flood
8060,1781099989.320060,syn_flood
8061,1781099989.320901,syn_flood
8062,1781099989.321667,syn_flood
8063,1781099989.323083,syn_flood
8064,1781099989.324516,normal
8065,1781099989.325814,syn_flood
8066,1781099989.327114,syn_flood
8067,1781099989.327961,syn_flood
8068,1781099989.328545,syn_flood
8069,1781099989.329541,syn_flood
8070,1781099989.330805,syn_flood
8071,1781099989.331883,syn_flood
8072,1781099989.332731,syn_flood
8073,1781099989.334345,syn_flood
8074,1781099989.335585,syn_flood
8075,1781099989.336526,syn_flood
8076,1781099989.337405,syn_flood
8077,1781099989.338825,syn_flood
8078,1781099989.339684,syn_flood
8079,1781099989.340712,syn_flood
8080,1781099989.341461,syn_flood
8081,1781099989.342759,syn_flood
8082,1781099989.343859,syn_flood
8083,1781099989.345028,syn_flood
8084,1781099989.345922,syn_flood
8085,1781099989.347011,syn_flood
8086,1781099989.348088,syn_flood
8087,1781099989.348913,syn_flood
8088,1781099989.350249,syn_flood
8089,1781099989.351448,syn_flood
8090,1781099989.352625,syn_flood
8091,1781099989.353867,syn_flood
8092,1781099989.354552,syn_flood
8093,1781099989.356059,syn_flood
8094,1781099989.357438,syn_flood
8095,1781099989.358537,syn_flood
8096,1781099989.359438,syn_flood
8097,1781099989.360384,syn_flood
8098,1781099989.361336,syn_flood
8099,1781099989.362647,syn_flood
8100,1781099989.363517,syn_flood
8101,1781099989.364364,syn_flood
8102,1781099989.365404,syn_flood
8103,1781099989.366474,syn_flood
8104,1781099989.367348,syn_flood
8105,1781099989.368456,syn_flood
8106,1781099989.369352,syn_flood
8107,1781099989.370011,syn_flood
8108,1781099989.371485,syn_flood
8109,1781099989.372885,syn_flood
8110,1781099989.373735,syn_flood
8111,1781099989.374515,syn_flood
8112,1781099989.375698,syn_flood
8113,1781099989.376541,syn_flood
8114,1781099989.377599,syn_flood
8115,1781099989.378614,syn_flood
8116,1781099989.379812,syn_flood
8117,1781099989.380542,syn_flood
8118,1781099989.381332,syn_flood
8119,1781099989.382487,normal
8120,1781099989.383610,syn_flood
8121,1781099989.384611,syn_flood
8122,1781099989.385773,syn_flood
8123,1781099989.386778,syn_flood
8124,1781099989.387793,syn_flood
8125,1781099989.389099,normal
8126,1781099989.390174,syn_flood
8127,1781099989.391285,syn_flood
8128,1781099989.392359,syn_flood
8129,1781099989.393103,syn_flood
8130,1781099989.394292,syn_flood
8131,1781099989.395076,syn_flood
8132,1781099989.396414,syn_flood
8133,1781099989.397649,syn_flood
8134,1781099989.398848,syn_flood
8135,1781099989.400058,syn_flood
8136,1781099989.400773,syn_flood
8137,1781099989.402056,syn_flood
8138,1781099989.403220,syn_flood
8139,1781099989.404203,syn_flood
8140,1781099989.405293,syn_flood
8141,1781099989.406614,syn_flood
8142,1781099989.407695,syn_flood
8143,1781099989.408888,syn_flood
8144,1781099989.409837,syn_flood
8145,1781099989.410854,syn_flood
8146,1781099989.411793,syn_flood
8147,1781099989.412935,syn_flood
8148,1781099989.413504,syn_flood
8149,1781099989.414673,syn_flood
8150,1781099989.415401,normal
8151,1781099989.416586,syn_flood
8152,1781099989.417576,syn_flood
8153,1781099989.418745,syn_flood
8154,1781099989.419739,syn_flood
8155,1781099989.420836,syn_flood
8156,1781099989.421670,syn_flood
8157,1781099989.422691,syn_flood
8158,1781099989.423787,syn_flood
8159,1781099989.425012,syn_flood
8160,1781099989.425608,syn_flood
8161,1781099989.426317,syn_flood
8162,1781099989.427408,syn_flood
8163,1781099989.429024,syn_flood
8164,1781099989.430323,syn_flood
8165,1781099989.431437,syn_flood
8166,1781099989.432401,syn_flood
8167,1781099989.433270,syn_flood
8168,1781099989.434266,syn_flood
8169,1781099989.435127,syn_flood
8170,1781099989.436093,syn_flood
8171,1781099989.436714,syn_flood
8172,1781099989.437596,syn_flood
8173,1781099989.438563,syn_flood
8174,1781099989.439688,syn_flood
8175,1781099989.440651,syn_flood
8176,1781099989.441539,syn_flood
8177,1781099989.442886,syn_flood
8178,1781099989.443914,syn_flood
8179,1781099989.444912,syn_flood
8180,1781099989.445997,syn_flood
8181,1781099989.447095,syn_flood
8182,1781099989.447893,normal
8183,1781099989.448814,syn_flood
8184,1781099989.449811,syn_flood
8185,1781099989.451145,syn_flood
8186,1781099989.452664,syn_flood
8187,1781099989.454101,syn_flood
8188,1781099989.455247,syn_flood
8189,1781099989.455871,syn_flood
8190,1781099989.456619,syn_flood
8191,1781099989.457350,syn_flood
8192,1781099989.458360,syn_flood
8193,1781099989.459375,syn_flood
8194,1781099989.460118,syn_flood
8195,1781099989.461267,syn_flood
8196,1781099989.462022,syn_flood
8197,1781099989.462866,syn_flood
8198,1781099989.464066,syn_flood
8199,1781099989.465173,syn_flood
8200,1781099989.466523,syn_flood
8201,1781099989.467407,syn_flood
8202,1781099989.468740,syn_flood
8203,1781099989.469809,syn_flood
8204,1781099989.470985,syn_flood
8205,1781099989.471716,syn_flood
8206,1781099989.472774,syn_flood
8207,1781099989.474079,syn_flood
8208,1781099989.475169,syn_flood
8209,1781099989.476520,syn_flood
8210,1781099989.477371,syn_flood
8211,1781099989.478161,syn_flood
8212,1781099989.479093,syn_flood
8213,1781099989.479881,syn_flood
8214,1781099989.480885,syn_flood
8215,1781099989.481726,syn_flood
8216,1781099989.482553,syn_flood
8217,1781099989.483875,syn_flood
8218,1781099989.484625,syn_flood
8219,1781099989.485577,syn_flood
8220,1781099989.486781,syn_flood
8221,1781099989.488377,syn_flood
8222,1781099989.489281,syn_flood
8223,1781099989.490524,syn_flood
8224,1781099989.491707,syn_flood
8225,1781099989.492987,syn_flood
8226,1781099989.493909,syn_flood
8227,1781099989.494711,syn_flood
8228,1781099989.495759,syn_flood
8229,1781099989.496739,syn_flood
8230,1781099989.497963,syn_flood
8231,1781099989.499188,syn_flood
8232,1781099989.500413,syn_flood
8233,1781099989.501534,syn_flood
8234,1781099989.502442,syn_flood
8235,1781099989.504213,syn_flood
8236,1781099989.505139,syn_flood
8237,1781099989.505970,syn_flood
8238,1781099989.507491,syn_flood
8239,1781099989.508689,syn_flood
8240,1781099989.509795,syn_flood
8241,1781099989.510943,syn_flood
8242,1781099989.512060,syn_flood
8243,1781099989.512879,syn_flood
8244,1781099989.514065,syn_flood
8245,1781099989.515408,syn_flood
8246,1781099989.516200,syn_flood
8247,1781099989.517315,syn_flood
8248,1781099989.518310,syn_flood
8249,1781099989.519047,syn_flood
8250,1781099989.520396,syn_flood
8251,1781099989.521868,syn_flood
8252,1781099989.522596,syn_flood
8253,1781099989.523540,syn_flood
8254,1781099989.524561,syn_flood
8255,1781099989.525420,syn_flood
8256,1781099989.526706,syn_flood
8257,1781099989.527828,syn_flood
8258,1781099989.528819,syn_flood
8259,1781099989.529514,syn_flood
8260,1781099989.530660,syn_flood
8261,1781099989.531520,syn_flood
8262,1781099989.532783,syn_flood
8263,1781099989.534322,syn_flood
8264,1781099989.535159,syn_flood
8265,1781099989.536983,syn_flood
8266,1781099989.538113,syn_flood
8267,1781099989.539205,syn_flood
8268,1781099989.540167,syn_flood
8269,1781099989.541192,syn_flood
8270,1781099989.541925,syn_flood
8271,1781099989.543029,syn_flood
8272,1781099989.544512,syn_flood
8273,1781099989.545854,syn_flood
8274,1781099989.547102,syn_flood
8275,1781099989.548195,syn_flood
8276,1781099989.549410,syn_flood
8277,1781099989.550431,syn_flood
8278,1781099989.551910,syn_flood
8279,1781099989.553148,syn_flood
8280,1781099989.554379,syn_flood
8281,1781099989.555240,syn_flood
8282,1781099989.556082,syn_flood
8283,1781099989.557318,syn_flood
8284,1781099989.558216,syn_flood
8285,1781099989.559000,syn_flood
8286,1781099989.560092,syn_flood
8287,1781099989.560889,syn_flood
8288,1781099989.561755,syn_flood
8289,1781099989.562785,syn_flood
8290,1781099989.564106,syn_flood
8291,1781099989.565454,syn_flood
8292,1781099989.566643,normal
8293,1781099989.567656,syn_flood
8294,1781099989.568969,syn_flood
8295,1781099989.569890,syn_flood
8296,1781099989.571103,syn_flood
8297,1781099989.572245,syn_flood
8298,1781099989.573446,syn_flood
8299,1781099989.574879,syn_flood
8300,1781099989.576236,syn_flood
8301,1781099989.577652,syn_flood
8302,1781099989.579035,syn_flood
8303,1781099989.580154,syn_flood
8304,1781099989.581809,syn_flood
8305,1781099989.582980,syn_flood
8306,1781099989.584167,syn_flood
8307,1781099989.585202,syn_flood
8308,1781099989.586482,syn_flood
8309,1781099989.587560,syn_flood
8310,1781099989.588598,syn_flood
8311,1781099989.589373,syn_flood
8312,1781099989.590684,syn_flood
8313,1781099989.591810,syn_flood
8314,1781099989.592977,syn_flood
8315,1781099989.594013,syn_flood
8316,1781099989.594842,syn_flood
8317,1781099989.596177,syn_flood
8318,1781099989.597028,syn_flood
8319,1781099989.598623,syn_flood
8320,1781099989.599872,syn_flood
8321,1781099989.601073,syn_flood
8322,1781099989.601834,syn_flood
8323,1781099989.603100,syn_flood
8324,1781099989.604010,syn_flood
8325,1781099989.605225,syn_flood
8326,1781099989.606569,syn_flood
8327,1781099989.607218,syn_flood
8328,1781099989.608372,syn_flood
8329,1781099989.609629,syn_flood
8330,1781099989.610357,syn_flood
8331,1781099989.611391,syn_flood
8332,1781099989.612343,syn_flood
8333,1781099989.613902,syn_flood
8334,1781099989.614842,syn_flood
8335,1781099989.615956,syn_flood
8336,1781099989.616664,syn_flood
8337,1781099989.617606,syn_flood
8338,1781099989.618682,syn_flood
8339,1781099989.619526,syn_flood
8340,1781099989.620982,syn_flood
8341,1781099989.622221,syn_flood
8342,1781099989.623214,syn_flood
8343,1781099989.624265,syn_flood
8344,1781099989.625631,syn_flood
8345,1781099989.626409,syn_flood
8346,1781099989.627353,syn_flood
8347,1781099989.628100,syn_flood
8348,1781099989.629075,syn_flood
8349,1781099989.629844,syn_flood
8350,1781099989.630609,syn_flood
8351,1781099989.631619,syn_flood
8352,1781099989.632614,syn_flood
8353,1781099989.633590,syn_flood
8354,1781099989.635054,syn_flood
8355,1781099989.636198,syn_flood
8356,1781099989.637020,normal
8357,1781099989.638871,syn_flood
8358,1781099989.640143,syn_flood
8359,1781099989.641692,syn_flood
8360,1781099989.642476,syn_flood
8361,1781099989.643322,syn_flood
8362,1781099989.644056,syn_flood
8363,1781099989.644950,syn_flood
8364,1781099989.646514,syn_flood
8365,1781099989.647232,syn_flood
8366,1781099989.648462,normal
8367,1781099989.649782,syn_flood
8368,1781099989.650783,syn_flood
8369,1781099989.652098,syn_flood
8370,1781099989.653047,syn_flood
8371,1781099989.654462,syn_flood
8372,1781099989.655960,syn_flood
8373,1781099989.656821,syn_flood
8374,1781099989.657933,syn_flood
8375,1781099989.659211,syn_flood
8376,1781099989.659951,syn_flood
8377,1781099989.661130,syn_flood
8378,1781099989.662380,syn_flood
8379,1781099989.663524,syn_flood
8380,1781099989.664913,syn_flood
8381,1781099989.665798,syn_flood
8382,1781099989.667050,syn_flood
8383,1781099989.667825,syn_flood
8384,1781099989.668960,syn_flood
8385,1781099989.669986,syn_flood
8386,1781099989.671003,syn_flood
8387,1781099989.672307,syn_flood
8388,1781099989.673591,syn_flood
8389,1781099989.674614,syn_flood
8390,1781099989.675411,syn_flood
8391,1781099989.676408,syn_flood
8392,1781099989.677898,syn_flood
8393,1781099989.679010,syn_flood
8394,1781099989.680679,syn_flood
8395,1781099989.681558,syn_flood
8396,1781099989.682493,syn_flood
8397,1781099989.683611,syn_flood
8398,1781099989.684910,syn_flood
8399,1781099989.685829,syn_flood
8400,1781099989.688128,syn_flood
8401,1781099989.689356,syn_flood
8402,1781099989.690411,syn_flood
8403,1781099989.691369,normal
8404,1781099989.692697,syn_flood
8405,1781099989.693733,syn_flood
8406,1781099989.694588,syn_flood
8407,1781099989.695789,syn_flood
8408,1781099989.697118,syn_flood
8409,1781099989.697803,normal
8410,1781099989.699413,syn_flood
8411,1781099989.701186,syn_flood
8412,1781099989.702085,syn_flood
8413,1781099989.703119,syn_flood
8414,1781099989.704103,syn_flood
8415,1781099989.705298,syn_flood
8416,1781099989.706772,syn_flood
8417,1781099989.707582,syn_flood
8418,1781099989.708509,syn_flood
8419,1781099989.709494,syn_flood
8420,1781099989.710450,syn_flood
8421,1781099989.711803,syn_flood
8422,1781099989.712706,syn_flood
8423,1781099989.714260,syn_flood
8424,1781099989.715144,syn_flood
8425,1781099989.716171,syn_flood
8426,1781099989.717144,syn_flood
8427,1781099989.718374,syn_flood
8428,1781099989.719286,syn_flood
8429,1781099989.720330,syn_flood
8430,1781099989.721528,syn_flood
8431,1781099989.722923,syn_flood
8432,1781099989.724199,syn_flood
8433,1781099989.725526,syn_flood
8434,1781099989.726497,syn_flood
8435,1781099989.727311,syn_flood
8436,1781099989.728591,syn_flood
8437,1781099989.729985,syn_flood
8438,1781099989.730757,syn_flood
8439,1781099989.731606,syn_flood
8440,1781099989.732655,syn_flood
8441,1781099989.733693,syn_flood
8442,1781099989.734816,syn_flood
8443,1781099989.736339,syn_flood
8444,1781099989.737402,syn_flood
8445,1781099989.738598,syn_flood
8446,1781099989.739627,syn_flood
8447,1781099989.740473,syn_flood
8448,1781099989.741353,syn_flood
8449,1781099989.742211,syn_flood
8450,1781099989.743619,syn_flood
8451,1781099989.744432,syn_flood
8452,1781099989.745682,syn_flood
8453,1781099989.746662,syn_flood
8454,1781099989.747761,syn_flood
8455,1781099989.748705,syn_flood
8456,1781099989.749769,syn_flood
8457,1781099989.750783,syn_flood
8458,1781099989.751993,syn_flood
8459,1781099989.753003,syn_flood
8460,1781099989.753957,syn_flood
8461,1781099989.755231,syn_flood
8462,1781099989.756335,syn_flood
8463,1781099989.757516,syn_flood
8464,1781099989.758554,syn_flood
8465,1781099989.759823,syn_flood
8466,1781099989.760792,syn_flood
8467,1781099989.762441,syn_flood
8468,1781099989.763813,syn_flood
8469,1781099989.764909,syn_flood
8470,1781099989.766565,syn_flood
8471,1781099989.767364,syn_flood
8472,1781099989.768021,syn_flood
8473,1781099989.768687,syn_flood
8474,1781099989.769730,syn_flood
8475,1781099989.770745,syn_flood
8476,1781099989.772045,syn_flood
8477,1781099989.773248,syn_flood
8478,1781099989.774564,syn_flood
8479,1781099989.775948,syn_flood
8480,1781099989.777664,syn_flood
8481,1781099989.778924,syn_flood
8482,1781099989.779969,syn_flood
8483,1781099989.781381,syn_flood
8484,1781099989.783195,syn_flood
8485,1781099989.784312,syn_flood
8486,1781099989.785511,syn_flood
8487,1781099989.786660,syn_flood
8488,1781099989.787735,syn_flood
8489,1781099989.788758,syn_flood
8490,1781099989.789878,syn_flood
8491,1781099989.791075,normal
8492,1781099989.792372,syn_flood
8493,1781099989.793523,syn_flood
8494,1781099989.794782,syn_flood
8495,1781099989.796283,syn_flood
8496,1781099989.798049,syn_flood
8497,1781099989.799310,syn_flood
8498,1781099989.800492,syn_flood
8499,1781099989.802038,syn_flood
8500,1781099989.803211,syn_flood
8501,1781099989.804877,syn_flood
8502,1781099989.805937,syn_flood
8503,1781099989.807482,syn_flood
8504,1781099989.809034,syn_flood
8505,1781099989.810464,syn_flood
8506,1781099989.811390,syn_flood
8507,1781099989.812823,syn_flood
8508,1781099989.814096,syn_flood
8509,1781099989.815250,syn_flood
8510,1781099989.816544,syn_flood
8511,1781099989.817742,syn_flood
8512,1781099989.819215,syn_flood
8513,1781099989.820412,normal
8514,1781099989.821905,syn_flood
8515,1781099989.823557,syn_flood
8516,1781099989.824927,syn_flood
8517,1781099989.826931,syn_flood
8518,1781099989.828390,syn_flood
8519,1781099989.829964,syn_flood
8520,1781099989.831481,syn_flood
8521,1781099989.832479,normal
8522,1781099989.833960,syn_flood
8523,1781099989.835481,syn_flood
8524,1781099989.837394,syn_flood
8525,1781099989.838651,normal
8526,1781099989.839514,syn_flood
8527,1781099989.840991,syn_flood
8528,1781099989.842153,syn_flood
8529,1781099989.843955,syn_flood
8530,1781099989.845200,syn_flood
8531,1781099989.846328,syn_flood
8532,1781099989.847687,normal
8533,1781099989.849088,normal
8534,1781099989.850514,syn_flood
8535,1781099989.851660,syn_flood
8536,1781099989.853124,syn_flood
8537,1781099989.854564,syn_flood
8538,1781099989.855592,syn_flood
8539,1781099989.857268,syn_flood
8540,1781099989.858666,syn_flood
8541,1781099989.860000,syn_flood
8542,1781099989.861578,syn_flood
8543,1781099989.863066,syn_flood
8544,1781099989.864324,syn_flood
8545,1781099989.865448,syn_flood
8546,1781099989.867133,syn_flood
8547,1781099989.868526,syn_flood
8548,1781099989.869859,syn_flood
8549,1781099989.871359,syn_flood
8550,1781099989.872492,syn_flood
8551,1781099989.873652,syn_flood
8552,1781099989.874597,syn_flood
8553,1781099989.876493,normal
8554,1781099989.877963,syn_flood
8555,1781099989.879327,syn_flood
8556,1781099989.880486,syn_flood
8557,1781099989.881922,syn_flood
8558,1781099989.883766,syn_flood
8559,1781099989.885170,normal
8560,1781099989.886656,syn_flood
8561,1781099989.887895,normal
8562,1781099989.889519,syn_flood
8563,1781099989.890462,syn_flood
8564,1781099989.891691,syn_flood
8565,1781099989.892721,syn_flood
8566,1781099989.894749,syn_flood
8567,1781099989.896396,syn_flood
8568,1781099989.897414,syn_flood
8569,1781099989.898386,syn_flood
8570,1781099989.900134,normal
8571,1781099989.901266,syn_flood
8572,1781099989.903249,syn_flood
8573,1781099989.904472,syn_flood
8574,1781099989.906011,syn_flood
8575,1781099989.907825,normal
8576,1781099989.909085,syn_flood
8577,1781099989.910327,syn_flood
8578,1781099989.911776,syn_flood
8579,1781099989.912924,normal
8580,1781099989.914300,syn_flood
8581,1781099989.915417,syn_flood
8582,1781099989.916835,syn_flood
8583,1781099989.918021,normal
8584,1781099989.919199,syn_flood
8585,1781099989.920190,syn_flood
8586,1781099989.921196,syn_flood
8587,1781099989.922184,syn_flood
8588,1781099989.923242,syn_flood
8589,1781099989.924391,syn_flood
8590,1781099989.926147,syn_flood
8591,1781099989.927391,syn_flood
8592,1781099989.928619,normal
8593,1781099989.929989,syn_flood
8594,1781099989.931419,syn_flood
8595,1781099989.932884,syn_flood
8596,1781099989.934191,syn_flood
8597,1781099989.935593,syn_flood
8598,1781099989.936828,syn_flood
8599,1781099989.938464,syn_flood
8600,1781099989.940101,syn_flood
8601,1781099989.941795,syn_flood
8602,1781099989.943279,syn_flood
8603,1781099989.944571,syn_flood
8604,1781099989.946801,normal
8605,1781099989.948835,syn_flood
8606,1781099989.950243,syn_flood
8607,1781099989.951852,syn_flood
8608,1781099989.953103,syn_flood
8609,1781099989.954370,syn_flood
8610,1781099989.955560,syn_flood
8611,1781099989.956819,syn_flood
8612,1781099989.958066,syn_flood
8613,1781099989.959893,syn_flood
8614,1781099989.961397,normal
8615,1781099989.962493,syn_flood
8616,1781099989.963720,syn_flood
8617,1781099989.965357,syn_flood
8618,1781099989.967282,normal
8619,1781099989.968637,syn_flood
8620,1781099989.970226,normal
8621,1781099989.971203,syn_flood
8622,1781099989.972903,syn_flood
8623,1781099989.974100,normal
8624,1781099989.975715,syn_flood
8625,1781099989.976588,syn_flood
8626,1781099989.977741,syn_flood
8627,1781099989.978836,syn_flood
8628,1781099989.980716,syn_flood
8629,1781099989.982769,normal
8630,1781099989.985124,syn_flood
8631,1781099989.986374,syn_flood
8632,1781099989.987690,normal
8633,1781099989.989298,syn_flood
8634,1781099989.990611,syn_flood
8635,1781099989.991664,syn_flood
8636,1781099989.993363,syn_flood
8637,1781099989.994717,syn_flood
8638,1781099989.996261,syn_flood
8639,1781099989.998016,syn_flood
8640,1781099989.998905,syn_flood
8641,1781099990.000641,syn_flood
8642,1781099990.001484,syn_flood
8643,1781099990.002702,syn_flood
8644,1781099990.003824,syn_flood
8645,1781099990.004976,syn_flood
8646,1781099990.006049,syn_flood
8647,1781099990.007099,syn_flood
8648,1781099990.009124,syn_flood
8649,1781099990.010721,syn_flood
8650,1781099990.011837,syn_flood
8651,1781099990.013194,syn_flood
8652,1781099990.014560,syn_flood
8653,1781099990.016074,syn_flood
8654,1781099990.017771,syn_flood
8655,1781099990.018818,syn_flood
8656,1781099990.020023,normal
8657,1781099990.021382,syn_flood
8658,1781099990.022523,syn_flood
8659,1781099990.024013,syn_flood
8660,1781099990.025362,syn_flood
8661,1781099990.026295,syn_flood
8662,1781099990.027719,syn_flood
8663,1781099990.028591,syn_flood
8664,1781099990.029647,normal
8665,1781099990.031100,syn_flood
8666,1781099990.032330,syn_flood
8667,1781099990.033400,syn_flood
8668,1781099990.034557,syn_flood
8669,1781099990.036199,syn_flood
8670,1781099990.037408,syn_flood
8671,1781099990.038875,normal
8672,1781099990.040258,syn_flood
8673,1781099990.041574,syn_flood
8674,1781099990.042933,syn_flood
8675,1781099990.044457,syn_flood
8676,1781099990.045848,syn_flood
8677,1781099990.047240,syn_flood
8678,1781099990.048906,syn_flood
8679,1781099990.050146,syn_flood
8680,1781099990.051163,syn_flood
8681,1781099990.052525,syn_flood
8682,1781099990.054046,syn_flood
8683,1781099990.055856,syn_flood
8684,1781099990.057627,normal
8685,1781099990.058832,syn_flood
8686,1781099990.060405,syn_flood
8687,1781099990.061926,syn_flood
8688,1781099990.063480,syn_flood
8689,1781099990.064753,syn_flood
8690,1781099990.065539,syn_flood
8691,1781099990.067098,syn_flood
8692,1781099990.068839,syn_flood
8693,1781099990.070770,syn_flood
8694,1781099990.071913,syn_flood
8695,1781099990.072884,normal
8696,1781099990.074037,syn_flood
8697,1781099990.075266,normal
8698,1781099990.076623,syn_flood
8699,1781099990.077985,syn_flood
8700,1781099990.079066,syn_flood
8701,1781099990.080093,syn_flood
8702,1781099990.081145,syn_flood
8703,1781099990.082337,syn_flood
8704,1781099990.083794,syn_flood
8705,1781099990.084991,syn_flood
8706,1781099990.086484,syn_flood
8707,1781099990.088347,normal
8708,1781099990.089672,syn_flood
8709,1781099990.091013,syn_flood
8710,1781099990.092056,syn_flood
8711,1781099990.093858,syn_flood
8712,1781099990.095399,syn_flood
8713,1781099990.097336,syn_flood
8714,1781099990.098722,syn_flood
8715,1781099990.099750,syn_flood
8716,1781099990.100734,syn_flood
8717,1781099990.102128,syn_flood
8718,1781099990.103188,syn_flood
8719,1781099990.104749,normal
8720,1781099990.106419,syn_flood
8721,1781099990.107468,syn_flood
8722,1781099990.108768,normal
8723,1781099990.109888,syn_flood
8724,1781099990.111166,syn_flood
8725,1781099990.112900,normal
8726,1781099990.114273,normal
8727,1781099990.116018,syn_flood
8728,1781099990.117669,syn_flood
8729,1781099990.118693,syn_flood
8730,1781099990.119798,normal
8731,1781099990.121063,syn_flood
8732,1781099990.122114,syn_flood
8733,1781099990.123629,syn_flood
8734,1781099990.124813,syn_flood
8735,1781099990.126210,syn_flood
8736,1781099990.127777,syn_flood
8737,1781099990.129225,syn_flood
8738,1781099990.131263,syn_flood
8739,1781099990.132282,syn_flood
8740,1781099990.133533,syn_flood
8741,1781099990.134712,syn_flood
8742,1781099990.136353,syn_flood
8743,1781099990.137783,syn_flood
8744,1781099990.138989,syn_flood
8745,1781099990.140602,syn_flood
8746,1781099990.142184,syn_flood
8747,1781099990.143826,syn_flood
8748,1781099990.145989,syn_flood
8749,1781099990.147612,normal
8750,1781099990.148925,syn_flood
8751,1781099990.150408,syn_flood
8752,1781099990.151975,normal
8753,1781099990.153437,syn_flood
8754,1781099990.154601,syn_flood
8755,1781099990.156254,syn_flood
8756,1781099990.157970,syn_flood
8757,1781099990.159502,syn_flood
8758,1781099990.161000,syn_flood
8759,1781099990.162664,normal
8760,1781099990.164026,syn_flood
8761,1781099990.165854,syn_flood
8762,1781099990.167426,syn_flood
8763,1781099990.168822,syn_flood
8764,1781099990.170488,syn_flood
8765,1781099990.172032,syn_flood
8766,1781099990.173150,syn_flood
8767,1781099990.174523,syn_flood
8768,1781099990.176013,syn_flood
8769,1781099990.177843,syn_flood
8770,1781099990.179024,normal
8771,1781099990.179799,syn_flood
8772,1781099990.180709,syn_flood
8773,1781099990.182021,normal
8774,1781099990.183305,syn_flood
8775,1781099990.184666,syn_flood
8776,1781099990.186134,syn_flood
8777,1781099990.187541,syn_flood
8778,1781099990.189491,syn_flood
8779,1781099990.191056,normal
8780,1781099990.192327,normal
8781,1781099990.193300,syn_flood
8782,1781099990.195209,normal
8783,1781099990.197022,syn_flood
8784,1781099990.199369,normal
8785,1781099990.200675,syn_flood
8786,1781099990.201728,syn_flood
8787,1781099990.203437,syn_flood
8788,1781099990.204888,syn_flood
8789,1781099990.206400,syn_flood
8790,1781099990.207340,syn_flood
8791,1781099990.208749,syn_flood
8792,1781099990.210496,syn_flood
8793,1781099990.211529,syn_flood
8794,1781099990.212422,syn_flood
8795,1781099990.213764,syn_flood
8796,1781099990.215047,syn_flood
8797,1781099990.216382,syn_flood
8798,1781099990.217576,normal
8799,1781099990.218926,syn_flood
8800,1781099990.219937,syn_flood
8801,1781099990.221707,syn_flood
8802,1781099990.223000,syn_flood
8803,1781099990.224458,normal
8804,1781099990.225783,syn_flood
8805,1781099990.227427,syn_flood
8806,1781099990.230083,syn_flood
8807,1781099990.231690,syn_flood
8808,1781099990.233515,syn_flood
8809,1781099990.234986,normal
8810,1781099990.236183,syn_flood
8811,1781099990.237767,syn_flood
8812,1781099990.239341,syn_flood
8813,1781099990.240684,syn_flood
8814,1781099990.242527,syn_flood
8815,1781099990.243914,syn_flood
8816,1781099990.245097,syn_flood
8817,1781099990.246467,syn_flood
8818,1781099990.247508,normal
8819,1781099990.248713,syn_flood
8820,1781099990.250113,syn_flood
8821,1781099990.251213,syn_flood
8822,1781099990.252440,syn_flood
8823,1781099990.253912,syn_flood
8824,1781099990.255527,syn_flood
8825,1781099990.256820,syn_flood
8826,1781099990.258641,syn_flood
8827,1781099990.259737,syn_flood
8828,1781099990.260704,syn_flood
8829,1781099990.261599,syn_flood
8830,1781099990.263167,syn_flood
8831,1781099990.264392,syn_flood
8832,1781099990.265929,syn_flood
8833,1781099990.266910,syn_flood
8834,1781099990.268402,normal
8835,1781099990.269527,syn_flood
8836,1781099990.271162,syn_flood
8837,1781099990.272332,syn_flood
8838,1781099990.273516,syn_flood
8839,1781099990.274605,normal
8840,1781099990.276080,syn_flood
8841,1781099990.277855,normal
8842,1781099990.279328,syn_flood
8843,1781099990.280428,syn_flood
8844,1781099990.281677,syn_flood
8845,1781099990.283347,syn_flood
8846,1781099990.284550,syn_flood
8847,1781099990.285850,normal
8848,1781099990.287231,syn_flood
8849,1781099990.288779,syn_flood
8850,1781099990.290315,syn_flood
8851,1781099990.291216,syn_flood
8852,1781099990.292548,syn_flood
8853,1781099990.294387,syn_flood
8854,1781099990.295737,syn_flood
8855,1781099990.297126,syn_flood
8856,1781099990.298893,syn_flood
8857,1781099990.300521,syn_flood
8858,1781099990.301874,syn_flood
8859,1781099990.303478,syn_flood
8860,1781099990.304838,normal
8861,1781099990.305804,syn_flood
8862,1781099990.307030,normal
8863,1781099990.308284,syn_flood
8864,1781099990.309739,syn_flood
8865,1781099990.311065,normal
8866,1781099990.312649,syn_flood
8867,1781099990.314259,normal
8868,1781099990.315588,syn_flood
8869,1781099990.316738,normal
8870,1781099990.317817,syn_flood
8871,1781099990.319465,normal
8872,1781099990.320666,syn_flood
8873,1781099990.321950,syn_flood
8874,1781099990.323311,syn_flood
8875,1781099990.325070,syn_flood
8876,1781099990.326387,syn_flood
8877,1781099990.327794,syn_flood
8878,1781099990.329320,syn_flood
8879,1781099990.330510,syn_flood
8880,1781099990.332050,syn_flood
8881,1781099990.333803,syn_flood
8882,1781099990.335293,normal
8883,1781099990.336886,syn_flood
8884,1781099990.338218,syn_flood
8885,1781099990.339658,syn_flood
8886,1781099990.341005,syn_flood
8887,1781099990.342246,syn_flood
8888,1781099990.343346,syn_flood
8889,1781099990.344796,syn_flood
8890,1781099990.345864,syn_flood
8891,1781099990.346925,syn_flood
8892,1781099990.348296,normal
8893,1781099990.349178,syn_flood
8894,1781099990.350559,syn_flood
8895,1781099990.351630,syn_flood
8896,1781099990.352809,normal
8897,1781099990.353983,syn_flood
8898,1781099990.355385,syn_flood
8899,1781099990.356996,syn_flood
8900,1781099990.358759,syn_flood
8901,1781099990.359880,syn_flood
8902,1781099990.361524,syn_flood
8903,1781099990.362879,syn_flood
8904,1781099990.363997,normal
8905,1781099990.366070,syn_flood
8906,1781099990.368178,syn_flood
8907,1781099990.369813,syn_flood
8908,1781099990.370937,syn_flood
8909,1781099990.372359,normal
8910,1781099990.373734,syn_flood
8911,1781099990.375055,syn_flood
8912,1781099990.376031,syn_flood
8913,1781099990.377474,syn_flood
8914,1781099990.378681,syn_flood
8915,1781099990.379827,syn_flood
8916,1781099990.381198,normal
8917,1781099990.382841,syn_flood
8918,1781099990.384014,syn_flood
8919,1781099990.385263,normal
8920,1781099990.386499,syn_flood
8921,1781099990.387911,normal
8922,1781099990.389483,syn_flood
8923,1781099990.390989,syn_flood
8924,1781099990.392274,normal
8925,1781099990.393447,normal
8926,1781099990.394595,normal
8927,1781099990.395850,normal
8928,1781099990.397134,syn_flood
8929,1781099990.399280,normal
8930,1781099990.400509,syn_flood
8931,1781099990.401420,syn_flood
8932,1781099990.402905,syn_flood
8933,1781099990.404006,syn_flood
8934,1781099990.405189,syn_flood
8935,1781099990.406310,syn_flood
8936,1781099990.407581,syn_flood
8937,1781099990.408514,syn_flood
8938,1781099990.409681,syn_flood
8939,1781099990.412508,syn_flood
8940,1781099990.414214,syn_flood
8941,1781099990.415541,syn_flood
8942,1781099990.416794,syn_flood
8943,1781099990.417946,syn_flood
8944,1781099990.419921,syn_flood
8945,1781099990.421797,syn_flood
8946,1781099990.422878,syn_flood
8947,1781099990.424142,syn_flood
8948,1781099990.425050,syn_flood
8949,1781099990.426891,syn_flood
8950,1781099990.428113,normal
8951,1781099990.429400,syn_flood
8952,1781099990.430733,syn_flood
8953,1781099990.432233,syn_flood
8954,1781099990.433131,syn_flood
8955,1781099990.434338,syn_flood
8956,1781099990.436586,syn_flood
8957,1781099990.437841,syn_flood
8958,1781099990.439396,syn_flood
8959,1781099990.440951,syn_flood
8960,1781099990.442556,normal
8961,1781099990.443535,syn_flood
8962,1781099990.445297,syn_flood
8963,1781099990.447237,syn_flood
8964,1781099990.448959,syn_flood
8965,1781099990.450180,syn_flood
8966,1781099990.451729,syn_flood
8967,1781099990.453377,syn_flood
8968,1781099990.454911,syn_flood
8969,1781099990.456297,syn_flood
8970,1781099990.457550,syn_flood
8971,1781099990.459209,normal
8972,1781099990.460585,syn_flood
8973,1781099990.461874,normal
8974,1781099990.463757,normal
8975,1781099990.464982,syn_flood
8976,1781099990.466536,syn_flood
8977,1781099990.467784,syn_flood
8978,1781099990.469518,normal
8979,1781099990.471103,syn_flood
8980,1781099990.472665,syn_flood
8981,1781099990.474089,normal
8982,1781099990.475736,syn_flood
8983,1781099990.477278,syn_flood
8984,1781099990.478330,syn_flood
8985,1781099990.479716,syn_flood
8986,1781099990.481120,normal
8987,1781099990.482266,syn_flood
8988,1781099990.484008,syn_flood
8989,1781099990.485250,syn_flood
8990,1781099990.486589,syn_flood
8991,1781099990.487626,syn_flood
8992,1781099990.489104,normal
8993,1781099990.490535,syn_flood
8994,1781099990.491880,syn_flood
8995,1781099990.493051,syn_flood
8996,1781099990.494695,syn_flood
8997,1781099990.496415,syn_flood
8998,1781099990.498517,syn_flood
8999,1781099990.499679,syn_flood
9000,1781099990.501081,normal
9001,1781099990.502414,syn_flood
9002,1781099990.503802,normal
9003,1781099990.505527,syn_flood
9004,1781099990.506627,syn_flood
9005,1781099990.508805,normal
9006,1781099990.510530,syn_flood
9007,1781099990.511497,syn_flood
9008,1781099990.512723,syn_flood
9009,1781099990.514561,syn_flood
9010,1781099990.516481,syn_flood
9011,1781099990.517822,syn_flood
9012,1781099990.519815,syn_flood
9013,1781099990.521025,syn_flood
9014,1781099990.522505,syn_flood
9015,1781099990.524336,syn_flood
9016,1781099990.525822,syn_flood
9017,1781099990.527326,syn_flood
9018,1781099990.528177,normal
9019,1781099990.529677,syn_flood
9020,1781099990.531228,syn_flood
9021,1781099990.532688,normal
9022,1781099990.534212,normal
9023,1781099990.535837,syn_flood
9024,1781099990.537426,normal
9025,1781099990.538983,syn_flood
9026,1781099990.540098,syn_flood
9027,1781099990.541277,normal
9028,1781099990.542536,syn_flood
9029,1781099990.544179,normal
9030,1781099990.545540,syn_flood
9031,1781099990.547239,syn_flood
9032,1781099990.549118,normal
9033,1781099990.550174,normal
9034,1781099990.552005,syn_flood
9035,1781099990.554343,syn_flood
9036,1781099990.555742,normal
9037,1781099990.556831,syn_flood
9038,1781099990.558306,syn_flood
9039,1781099990.559754,syn_flood
9040,1781099990.561479,syn_flood
9041,1781099990.562644,syn_flood
9042,1781099990.563941,syn_flood
9043,1781099990.565459,normal
9044,1781099990.566814,syn_flood
9045,1781099990.568149,normal
9046,1781099990.569931,syn_flood
9047,1781099990.571407,syn_flood
9048,1781099990.572374,syn_flood
9049,1781099990.573923,syn_flood
9050,1781099990.575275,syn_flood
9051,1781099990.577099,syn_flood
9052,1781099990.578125,syn_flood
9053,1781099990.579680,syn_flood
9054,1781099990.582114,normal
9055,1781099990.584131,normal
9056,1781099990.585833,syn_flood
9057,1781099990.587343,normal
9058,1781099990.589446,syn_flood
9059,1781099990.591558,syn_flood
9060,1781099990.592922,syn_flood
9061,1781099990.594031,syn_flood
9062,1781099990.595401,syn_flood
9063,1781099990.597079,syn_flood
9064,1781099990.598676,syn_flood
9065,1781099990.600715,syn_flood
9066,1781099990.602487,syn_flood
9067,1781099990.604213,syn_flood
9068,1781099990.605508,syn_flood
9069,1781099990.607230,normal
9070,1781099990.608242,syn_flood
9071,1781099990.609599,syn_flood
9072,1781099990.610686,syn_flood
9073,1781099990.612578,normal
9074,1781099990.613585,syn_flood
9075,1781099990.615678,syn_flood
9076,1781099990.616739,syn_flood
9077,1781099990.618051,syn_flood
9078,1781099990.619241,syn_flood
9079,1781099990.620537,normal
9080,1781099990.621847,syn_flood
9081,1781099990.622944,syn_flood
9082,1781099990.624130,syn_flood
9083,1781099990.625726,syn_flood
9084,1781099990.626869,normal
9085,1781099990.628845,normal
9086,1781099990.630518,syn_flood
9087,1781099990.632001,syn_flood
9088,1781099990.632883,normal
9089,1781099990.634398,syn_flood
9090,1781099990.635957,syn_flood
9091,1781099990.637516,syn_flood
9092,1781099990.638854,normal
9093,1781099990.640588,syn_flood
9094,1781099990.642681,syn_flood
9095,1781099990.643878,syn_flood
9096,1781099990.645119,syn_flood
9097,1781099990.646576,syn_flood
9098,1781099990.647935,syn_flood
9099,1781099990.649772,normal
9100,1781099990.652211,syn_flood
9101,1781099990.653483,syn_flood
9102,1781099990.654684,syn_flood
9103,1781099990.655816,syn_flood
9104,1781099990.657613,syn_flood
9105,1781099990.659853,syn_flood
9106,1781099990.661213,normal
9107,1781099990.662327,syn_flood
9108,1781099990.663702,syn_flood
9109,1781099990.664949,syn_flood
9110,1781099990.666645,syn_flood
9111,1781099990.667909,syn_flood
9112,1781099990.668965,syn_flood
9113,1781099990.670403,normal
9114,1781099990.672430,syn_flood
9115,1781099990.673683,syn_flood
9116,1781099990.674870,syn_flood
9117,1781099990.675772,syn_flood
9118,1781099990.677269,syn_flood
9119,1781099990.678868,syn_flood
9120,1781099990.680138,syn_flood
9121,1781099990.681794,normal
9122,1781099990.683192,syn_flood
9123,1781099990.684391,syn_flood
9124,1781099990.685589,normal
9125,1781099990.687205,normal
9126,1781099990.688592,syn_flood
9127,1781099990.689763,normal
9128,1781099990.691416,syn_flood
9129,1781099990.693422,syn_flood
9130,1781099990.694763,syn_flood
9131,1781099990.696135,syn_flood
9132,1781099990.697486,syn_flood
9133,1781099990.698595,syn_flood
9134,1781099990.700544,normal
9135,1781099990.702432,syn_flood
9136,1781099990.704145,syn_flood
9137,1781099990.705187,syn_flood
9138,1781099990.706273,syn_flood
9139,1781099990.707267,syn_flood
9140,1781099990.709332,syn_flood
9141,1781099990.710840,syn_flood
9142,1781099990.712681,syn_flood
9143,1781099990.713770,normal
9144,1781099990.714897,syn_flood
9145,1781099990.716190,normal
9146,1781099990.718202,syn_flood
9147,1781099990.719409,syn_flood
9148,1781099990.720561,syn_flood
9149,1781099990.721822,syn_flood
9150,1781099990.723227,syn_flood
9151,1781099990.724697,syn_flood
9152,1781099990.726451,syn_flood
9153,1781099990.727881,normal
9154,1781099990.729153,syn_flood
9155,1781099990.731215,syn_flood
9156,1781099990.732912,syn_flood
9157,1781099990.734056,syn_flood
9158,1781099990.735698,syn_flood
9159,1781099990.737256,syn_flood
9160,1781099990.738856,syn_flood
9161,1781099990.740453,normal
9162,1781099990.741805,syn_flood
9163,1781099990.743387,normal
9164,1781099990.744709,syn_flood
9165,1781099990.746130,syn_flood
9166,1781099990.747935,normal
9167,1781099990.750045,syn_flood
9168,1781099990.751403,normal
9169,1781099990.752946,syn_flood
9170,1781099990.754334,syn_flood
9171,1781099990.756528,syn_flood
9172,1781099990.757655,syn_flood
9173,1781099990.759426,syn_flood
9174,1781099990.761037,syn_flood
9175,1781099990.762214,syn_flood
9176,1781099990.763819,syn_flood
9177,1781099990.765454,normal
9178,1781099990.767022,syn_flood
9179,1781099990.769081,normal
9180,1781099990.770476,syn_flood
9181,1781099990.771520,normal
9182,1781099990.773255,syn_flood
9183,1781099990.775093,syn_flood
9184,1781099990.776544,normal
9185,1781099990.777901,syn_flood
9186,1781099990.779046,syn_flood
9187,1781099990.780595,syn_flood
9188,1781099990.781754,syn_flood
9189,1781099990.783763,normal
9190,1781099990.785600,syn_flood
9191,1781099990.787341,syn_flood
9192,1781099990.789065,syn_flood
9193,1781099990.790557,syn_flood
9194,1781099990.791957,normal
9195,1781099990.793422,syn_flood
9196,1781099990.794904,syn_flood
9197,1781099990.796850,syn_flood
9198,1781099990.798484,syn_flood
9199,1781099990.799376,syn_flood
9200,1781099990.801340,normal
9201,1781099990.802716,syn_flood
9202,1781099990.804382,syn_flood
9203,1781099990.806479,normal
9204,1781099990.807654,syn_flood
9205,1781099990.809160,normal
9206,1781099990.810991,syn_flood
9207,1781099990.812344,syn_flood
9208,1781099990.814093,syn_flood
9209,1781099990.816334,syn_flood
9210,1781099990.817277,syn_flood
9211,1781099990.818912,syn_flood
9212,1781099990.820599,syn_flood
9213,1781099990.822030,normal
9214,1781099990.823177,syn_flood
9215,1781099990.824300,normal
9216,1781099990.825930,normal
9217,1781099990.827672,syn_flood
9218,1781099990.828978,syn_flood
9219,1781099990.830697,normal
9220,1781099990.832871,normal
9221,1781099990.834443,syn_flood
9222,1781099990.835592,syn_flood
9223,1781099990.837110,normal
9224,1781099990.838325,syn_flood
9225,1781099990.839844,syn_flood
9226,1781099990.841933,normal
9227,1781099990.843476,syn_flood
9228,1781099990.845200,syn_flood
9229,1781099990.846603,normal
9230,1781099990.849114,syn_flood
9231,1781099990.850735,syn_flood
9232,1781099990.852655,normal
9233,1781099990.854765,normal
9234,1781099990.856206,syn_flood
9235,1781099990.857850,normal
9236,1781099990.859553,syn_flood
9237,1781099990.860627,syn_flood
9238,1781099990.862028,syn_flood
9239,1781099990.863419,syn_flood
9240,1781099990.864960,normal
9241,1781099990.866161,normal
9242,1781099990.867529,normal
9243,1781099990.868830,syn_flood
9244,1781099990.869962,syn_flood
9245,1781099990.871219,syn_flood
9246,1781099990.872473,syn_flood
9247,1781099990.873829,normal
9248,1781099990.875099,syn_flood
9249,1781099990.876511,syn_flood
9250,1781099990.877576,syn_flood
9251,1781099990.878968,syn_flood
9252,1781099990.880289,syn_flood
9253,1781099990.882643,normal
9254,1781099990.883937,syn_flood
9255,1781099990.885239,normal
9256,1781099990.886238,syn_flood
9257,1781099990.887619,syn_flood
9258,1781099990.889179,normal
9259,1781099990.891310,syn_flood
9260,1781099990.892948,syn_flood
9261,1781099990.894292,syn_flood
9262,1781099990.895755,syn_flood
9263,1781099990.897797,syn_flood
9264,1781099990.899399,syn_flood
9265,1781099990.901193,syn_flood
9266,1781099990.902256,syn_flood
9267,1781099990.903494,syn_flood
9268,1781099990.905054,normal
9269,1781099990.905989,normal
9270,1781099990.907245,normal
9271,1781099990.908599,normal
9272,1781099990.910145,syn_flood
9273,1781099990.910975,normal
9274,1781099990.912398,syn_flood
9275,1781099990.913813,normal
9276,1781099990.915099,syn_flood
9277,1781099990.916647,syn_flood
9278,1781099990.918153,syn_flood
9279,1781099990.921073,syn_flood
9280,1781099990.922147,syn_flood
9281,1781099990.923958,syn_flood
9282,1781099990.925071,syn_flood
9283,1781099990.926825,syn_flood
9284,1781099990.928949,syn_flood
9285,1781099990.930989,syn_flood
9286,1781099990.932748,syn_flood
9287,1781099990.934127,normal
9288,1781099990.935518,normal
9289,1781099990.937295,normal
9290,1781099990.938991,normal
9291,1781099990.940928,syn_flood
9292,1781099990.942548,normal
9293,1781099990.943901,syn_flood
9294,1781099990.945678,normal
9295,1781099990.946954,syn_flood
9296,1781099990.948511,normal
9297,1781099990.950033,syn_flood
9298,1781099990.951692,normal
9299,1781099990.953277,syn_flood
9300,1781099990.954793,syn_flood
9301,1781099990.956084,normal
9302,1781099990.958017,syn_flood
9303,1781099990.959612,normal
9304,1781099990.960804,normal
9305,1781099990.962300,syn_flood
9306,1781099990.963801,normal
9307,1781099990.965768,syn_flood
9308,1781099990.967728,normal
9309,1781099990.969093,syn_flood
9310,1781099990.971531,syn_flood
9311,1781099990.973504,syn_flood
9312,1781099990.975181,normal
9313,1781099990.976906,syn_flood
9314,1781099990.978064,syn_flood
9315,1781099990.979799,syn_flood
9316,1781099990.981958,normal
9317,1781099990.982940,syn_flood
9318,1781099990.984606,syn_flood
9319,1781099990.986298,syn_flood
9320,1781099990.987933,normal
9321,1781099990.989914,syn_flood
9322,1781099990.991050,syn_flood
9323,1781099990.992866,normal
9324,1781099990.994542,syn_flood
9325,1781099990.995912,syn_flood
9326,1781099990.998018,syn_flood
9327,1781099990.999770,syn_flood
9328,1781099991.001736,normal
9329,1781099991.002939,syn_flood
9330,1781099991.005453,syn_flood
9331,1781099991.007318,syn_flood
9332,1781099991.009579,syn_flood
9333,1781099991.010703,syn_flood
9334,1781099991.012212,syn_flood
9335,1781099991.013207,syn_flood
9336,1781099991.015145,syn_flood
9337,1781099991.016739,syn_flood
9338,1781099991.018360,normal
9339,1781099991.020567,syn_flood
9340,1781099991.022265,normal
9341,1781099991.024418,syn_flood
9342,1781099991.025851,normal
9343,1781099991.027323,syn_flood
9344,1781099991.029211,syn_flood
9345,1781099991.030945,syn_flood
9346,1781099991.032592,normal
9347,1781099991.033732,syn_flood
9348,1781099991.035443,syn_flood
9349,1781099991.036860,syn_flood
9350,1781099991.038444,syn_flood
9351,1781099991.040289,syn_flood
9352,1781099991.042754,syn_flood
9353,1781099991.044353,syn_flood
9354,1781099991.045510,normal
9355,1781099991.047429,syn_flood
9356,1781099991.048804,normal
9357,1781099991.049952,syn_flood
9358,1781099991.051608,syn_flood
9359,1781099991.053332,syn_flood
9360,1781099991.055484,syn_flood
9361,1781099991.056491,syn_flood
9362,1781099991.057504,syn_flood
9363,1781099991.059339,syn_flood
9364,1781099991.061333,normal
9365,1781099991.062868,syn_flood
9366,1781099991.064362,syn_flood
9367,1781099991.065773,syn_flood
9368,1781099991.067724,syn_flood
9369,1781099991.069713,syn_flood
9370,1781099991.071565,syn_flood
9371,1781099991.074097,syn_flood
9372,1781099991.075994,normal
9373,1781099991.077306,normal
9374,1781099991.078665,syn_flood
9375,1781099991.080189,syn_flood
9376,1781099991.081544,syn_flood
9377,1781099991.083078,syn_flood
9378,1781099991.085303,syn_flood
9379,1781099991.087188,syn_flood
9380,1781099991.089190,syn_flood
9381,1781099991.090686,normal
9382,1781099991.092055,syn_flood
9383,1781099991.094507,syn_flood
9384,1781099991.096145,normal
9385,1781099991.097854,syn_flood
9386,1781099991.099679,normal
9387,1781099991.101434,syn_flood
9388,1781099991.103304,normal
9389,1781099991.104789,normal
9390,1781099991.106818,syn_flood
9391,1781099991.108401,normal
9392,1781099991.110713,syn_flood
9393,1781099991.112239,syn_flood
9394,1781099991.113721,syn_flood
9395,1781099991.114950,syn_flood
9396,1781099991.116642,syn_flood
9397,1781099991.118217,normal
9398,1781099991.119670,syn_flood
9399,1781099991.120943,syn_flood
9400,1781099991.122614,syn_flood
9401,1781099991.124383,syn_flood
9402,1781099991.125196,syn_flood
9403,1781099991.126858,syn_flood
9404,1781099991.128250,syn_flood
9405,1781099991.130166,syn_flood
9406,1781099991.131711,normal
9407,1781099991.133420,syn_flood
9408,1781099991.135135,syn_flood
9409,1781099991.136554,syn_flood
9410,1781099991.138054,normal
9411,1781099991.139424,syn_flood
9412,1781099991.140863,syn_flood
9413,1781099991.142282,syn_flood
9414,1781099991.143921,syn_flood
9415,1781099991.145801,syn_flood
9416,1781099991.147724,syn_flood
9417,1781099991.149076,syn_flood
9418,1781099991.150850,normal
9419,1781099991.152242,normal
9420,1781099991.154765,syn_flood
9421,1781099991.156655,syn_flood
9422,1781099991.158681,normal
9423,1781099991.160790,normal
9424,1781099991.161898,syn_flood
9425,1781099991.163131,syn_flood
9426,1781099991.165190,syn_flood
9427,1781099991.167245,syn_flood
9428,1781099991.168421,syn_flood
9429,1781099991.170551,syn_flood
9430,1781099991.172308,normal
9431,1781099991.173642,syn_flood
9432,1781099991.175174,syn_flood
9433,1781099991.176695,normal
9434,1781099991.178369,normal
9435,1781099991.180411,normal
9436,1781099991.182064,syn_flood
9437,1781099991.184592,syn_flood
9438,1781099991.185817,syn_flood
9439,1781099991.187390,syn_flood
9440,1781099991.188588,syn_flood
9441,1781099991.190252,syn_flood
9442,1781099991.193607,syn_flood
9443,1781099991.195221,normal
9444,1781099991.197614,syn_flood
9445,1781099991.198609,normal
9446,1781099991.200058,syn_flood
9447,1781099991.201661,syn_flood
9448,1781099991.203993,syn_flood
9449,1781099991.206279,syn_flood
9450,1781099991.207630,normal
9451,1781099991.209369,syn_flood
9452,1781099991.210654,normal
9453,1781099991.212123,normal
9454,1781099991.213206,syn_flood
9455,1781099991.214880,syn_flood
9456,1781099991.216678,normal
9457,1781099991.218180,syn_flood
9458,1781099991.219693,normal
9459,1781099991.221116,syn_flood
9460,1781099991.222206,normal
9461,1781099991.224330,syn_flood
9462,1781099991.226302,syn_flood
9463,1781099991.228036,normal
9464,1781099991.229481,syn_flood
9465,1781099991.231997,syn_flood
9466,1781099991.233800,syn_flood
9467,1781099991.234957,normal
9468,1781099991.236348,syn_flood
9469,1781099991.238076,syn_flood
9470,1781099991.239941,normal
9471,1781099991.241243,normal
9472,1781099991.243585,syn_flood
9473,1781099991.245518,syn_flood
9474,1781099991.247130,syn_flood
9475,1781099991.249653,normal
9476,1781099991.251262,syn_flood
9477,1781099991.253579,syn_flood
9478,1781099991.255426,normal
9479,1781099991.256823,syn_flood
9480,1781099991.258781,syn_flood
9481,1781099991.260928,syn_flood
9482,1781099991.262869,syn_flood
9483,1781099991.264969,normal
9484,1781099991.267151,syn_flood
9485,1781099991.268950,normal
9486,1781099991.270561,normal
9487,1781099991.272164,syn_flood
9488,1781099991.274134,syn_flood
9489,1781099991.275957,syn_flood
9490,1781099991.277503,normal
9491,1781099991.279144,syn_flood
9492,1781099991.280918,syn_flood
9493,1781099991.282285,syn_flood
9494,1781099991.283698,syn_flood
9495,1781099991.286054,syn_flood
9496,1781099991.288137,syn_flood
9497,1781099991.290308,normal
9498,1781099991.292029,syn_flood
9499,1781099991.293682,syn_flood
9500,1781099991.294663,syn_flood
9501,1781099991.296239,normal
9502,1781099991.297607,syn_flood
9503,1781099991.299520,normal
9504,1781099991.301223,normal
9505,1781099991.303015,syn_flood
9506,1781099991.304742,syn_flood
9507,1781099991.306220,syn_flood
9508,1781099991.307743,syn_flood
9509,1781099991.308920,normal
9510,1781099991.310254,normal
9511,1781099991.312009,normal
9512,1781099991.313185,normal
9513,1781099991.315122,normal
9514,1781099991.317120,normal
9515,1781099991.318786,normal
9516,1781099991.321275,syn_flood
9517,1781099991.323887,syn_flood
9518,1781099991.325716,syn_flood
9519,1781099991.327128,syn_flood
9520,1781099991.329100,syn_flood
9521,1781099991.331449,normal
9522,1781099991.332776,syn_flood
9523,1781099991.334741,syn_flood
9524,1781099991.336664,syn_flood
9525,1781099991.338587,syn_flood
9526,1781099991.340545,syn_flood
9527,1781099991.342411,syn_flood
9528,1781099991.344476,syn_flood
9529,1781099991.345328,syn_flood
9530,1781099991.346814,normal
9531,1781099991.348712,normal
9532,1781099991.350896,syn_flood
9533,1781099991.352143,syn_flood
9534,1781099991.353714,syn_flood
9535,1781099991.355088,syn_flood
9536,1781099991.356463,normal
9537,1781099991.358177,normal
9538,1781099991.359843,syn_flood
9539,1781099991.361868,normal
9540,1781099991.363158,syn_flood
9541,1781099991.364532,syn_flood
9542,1781099991.366338,syn_flood
9543,1781099991.368007,syn_flood
9544,1781099991.369765,syn_flood
9545,1781099991.371439,syn_flood
9546,1781099991.373119,normal
9547,1781099991.374283,syn_flood
9548,1781099991.376238,syn_flood
9549,1781099991.378069,syn_flood
9550,1781099991.379601,normal
9551,1781099991.382178,syn_flood
9552,1781099991.384086,syn_flood
9553,1781099991.385622,normal
9554,1781099991.387184,normal
9555,1781099991.388835,syn_flood
9556,1781099991.390397,syn_flood
9557,1781099991.391587,syn_flood
9558,1781099991.393442,syn_flood
9559,1781099991.395829,syn_flood
9560,1781099991.397911,syn_flood
9561,1781099991.399078,syn_flood
9562,1781099991.400586,normal
9563,1781099991.402472,normal
9564,1781099991.404197,syn_flood
9565,1781099991.405837,normal
9566,1781099991.408322,syn_flood
9567,1781099991.410082,syn_flood
9568,1781099991.412111,normal
9569,1781099991.413639,syn_flood
9570,1781099991.415403,syn_flood
9571,1781099991.416726,normal
9572,1781099991.418324,normal
9573,1781099991.419933,syn_flood
9574,1781099991.421346,syn_flood
9575,1781099991.423867,normal
9576,1781099991.425537,normal
9577,1781099991.427225,syn_flood
9578,1781099991.429395,syn_flood
9579,1781099991.431888,syn_flood
9580,1781099991.433579,syn_flood
9581,1781099991.436067,syn_flood
9582,1781099991.437830,syn_flood
9583,1781099991.439380,syn_flood
9584,1781099991.441353,normal
9585,1781099991.443282,normal
9586,1781099991.444831,syn_flood
9587,1781099991.446241,syn_flood
9588,1781099991.447580,normal
9589,1781099991.448885,normal
9590,1781099991.451160,syn_flood
9591,1781099991.452855,syn_flood
9592,1781099991.454184,normal
9593,1781099991.455226,normal
9594,1781099991.457033,syn_flood
9595,1781099991.458509,normal
9596,1781099991.460272,syn_flood
9597,1781099991.462442,syn_flood
9598,1781099991.464684,syn_flood
9599,1781099991.466392,normal
9600,1781099991.467793,normal
9601,1781099991.469823,syn_flood
9602,1781099991.471131,normal
9603,1781099991.472858,normal
9604,1781099991.474354,syn_flood
9605,1781099991.476034,syn_flood
9606,1781099991.477644,syn_flood
9607,1781099991.479837,normal
9608,1781099991.481241,syn_flood
9609,1781099991.482943,syn_flood
9610,1781099991.484561,normal
9611,1781099991.486682,syn_flood
9612,1781099991.488631,normal
9613,1781099991.490056,syn_flood
9614,1781099991.492061,syn_flood
9615,1781099991.493240,syn_flood
9616,1781099991.494833,syn_flood
9617,1781099991.496582,syn_flood
9618,1781099991.497983,syn_flood
9619,1781099991.499934,syn_flood
9620,1781099991.501523,normal
9621,1781099991.502979,syn_flood
9622,1781099991.504316,syn_flood
9623,1781099991.505862,syn_flood
9624,1781099991.508259,syn_flood
9625,1781099991.509853,syn_flood
9626,1781099991.511454,syn_flood
9627,1781099991.513304,normal
9628,1781099991.514755,normal
9629,1781099991.517165,syn_flood
9630,1781099991.518841,normal
9631,1781099991.521022,normal
9632,1781099991.522169,syn_flood
9633,1781099991.524321,normal
9634,1781099991.526188,syn_flood
9635,1781099991.527563,syn_flood
9636,1781099991.529243,normal
9637,1781099991.530386,syn_flood
9638,1781099991.532201,syn_flood
9639,1781099991.533512,normal
9640,1781099991.534989,normal
9641,1781099991.537279,normal
9642,1781099991.539215,syn_flood
9643,1781099991.541144,syn_flood
9644,1781099991.543604,normal
9645,1781099991.544888,normal
9646,1781099991.547145,normal
9647,1781099991.549557,syn_flood
9648,1781099991.550888,syn_flood
9649,1781099991.552682,syn_flood
9650,1781099991.554381,syn_flood
9651,1781099991.556298,syn_flood
9652,1781099991.557811,syn_flood
9653,1781099991.560246,syn_flood
9654,1781099991.562218,syn_flood
9655,1781099991.564007,syn_flood
9656,1781099991.565582,normal
9657,1781099991.567722,syn_flood
9658,1781099991.568868,syn_flood
9659,1781099991.571046,syn_flood
9660,1781099991.572635,syn_flood
9661,1781099991.574090,syn_flood
9662,1781099991.575758,normal
9663,1781099991.577765,syn_flood
9664,1781099991.579401,syn_flood
9665,1781099991.581115,syn_flood
9666,1781099991.582896,syn_flood
9667,1781099991.585368,syn_flood
9668,1781099991.587034,syn_flood
9669,1781099991.588568,normal
9670,1781099991.591004,syn_flood
9671,1781099991.593052,syn_flood
9672,1781099991.594711,normal
9673,1781099991.595861,syn_flood
9674,1781099991.597392,syn_flood
9675,1781099991.598401,normal
9676,1781099991.599842,normal
9677,1781099991.601575,syn_flood
9678,1781099991.602984,syn_flood
9679,1781099991.604603,normal
9680,1781099991.606032,normal
9681,1781099991.607570,syn_flood
9682,1781099991.609045,syn_flood
9683,1781099991.610603,syn_flood
9684,1781099991.612238,syn_flood
9685,1781099991.613816,syn_flood
9686,1781099991.615695,syn_flood
9687,1781099991.617251,syn_flood
9688,1781099991.618478,normal
9689,1781099991.619627,normal
9690,1781099991.621118,normal
9691,1781099991.623165,syn_flood
9692,1781099991.624875,normal
9693,1781099991.626793,syn_flood
9694,1781099991.628751,syn_flood
9695,1781099991.630100,syn_flood
9696,1781099991.631453,syn_flood
9697,1781099991.632944,normal
9698,1781099991.634742,syn_flood
9699,1781099991.636494,syn_flood
9700,1781099991.637846,normal
9701,1781099991.640261,syn_flood
9702,1781099991.642554,syn_flood
9703,1781099991.644162,normal
9704,1781099991.645702,syn_flood
9705,1781099991.647564,syn_flood
9706,1781099991.649682,syn_flood
9707,1781099991.651901,syn_flood
9708,1781099991.653694,syn_flood
9709,1781099991.655135,syn_flood
9710,1781099991.656258,syn_flood
9711,1781099991.657767,normal
9712,1781099991.659115,syn_flood
9713,1781099991.661115,syn_flood
9714,1781099991.662365,normal
9715,1781099991.664023,syn_flood
9716,1781099991.665839,normal
9717,1781099991.667007,normal
9718,1781099991.668456,syn_flood
9719,1781099991.669886,normal
9720,1781099991.671175,syn_flood
9721,1781099991.673775,syn_flood
9722,1781099991.675328,normal
9723,1781099991.676841,normal
9724,1781099991.679139,normal
9725,1781099991.680993,syn_flood
9726,1781099991.682821,normal
9727,1781099991.685399,syn_flood
9728,1781099991.687376,normal
9729,1781099991.689419,syn_flood
9730,1781099991.691037,normal
9731,1781099991.692794,syn_flood
9732,1781099991.695060,normal
9733,1781099991.697591,syn_flood
9734,1781099991.699098,normal
9735,1781099991.700973,syn_flood
9736,1781099991.702747,syn_flood
9737,1781099991.704299,syn_flood
9738,1781099991.707204,syn_flood
9739,1781099991.709105,syn_flood
9740,1781099991.711111,syn_flood
9741,1781099991.713382,syn_flood
9742,1781099991.715290,normal
9743,1781099991.717829,normal
9744,1781099991.719904,normal
9745,1781099991.721188,syn_flood
9746,1781099991.722923,normal
9747,1781099991.724790,syn_flood
9748,1781099991.726334,normal
9749,1781099991.728678,syn_flood
9750,1781099991.730892,syn_flood
9751,1781099991.733411,syn_flood
9752,1781099991.736092,syn_flood
9753,1781099991.738608,syn_flood
9754,1781099991.740523,normal
9755,1781099991.742322,syn_flood
9756,1781099991.744277,normal
9757,1781099991.746763,syn_flood
9758,1781099991.748698,normal
9759,1781099991.750838,syn_flood
9760,1781099991.752035,normal
9761,1781099991.753567,normal
9762,1781099991.756078,syn_flood
9763,1781099991.757406,normal
9764,1781099991.759326,normal
9765,1781099991.760702,syn_flood
9766,1781099991.762416,syn_flood
9767,1781099991.763960,syn_flood
9768,1781099991.765831,syn_flood
9769,1781099991.767315,syn_flood
9770,1781099991.769374,syn_flood
9771,1781099991.771021,syn_flood
9772,1781099991.773017,syn_flood
9773,1781099991.774827,normal
9774,1781099991.776306,syn_flood
9775,1781099991.778620,syn_flood
9776,1781099991.780563,syn_flood
9777,1781099991.782211,normal
9778,1781099991.783813,syn_flood
9779,1781099991.785686,normal
9780,1781099991.786551,normal
9781,1781099991.788333,syn_flood
9782,1781099991.790044,normal
9783,1781099991.792072,normal
9784,1781099991.793560,syn_flood
9785,1781099991.795041,normal
9786,1781099991.797121,syn_flood
9787,1781099991.799265,normal
9788,1781099991.800599,normal
9789,1781099991.801947,normal
9790,1781099991.804003,syn_flood
9791,1781099991.805383,normal
9792,1781099991.808057,syn_flood
9793,1781099991.809760,syn_flood
9794,1781099991.811704,syn_flood
9795,1781099991.813417,syn_flood
9796,1781099991.815176,syn_flood
9797,1781099991.816785,syn_flood
9798,1781099991.818603,syn_flood
9799,1781099991.821160,syn_flood
9800,1781099991.822645,syn_flood
9801,1781099991.824075,syn_flood
9802,1781099991.826298,normal
9803,1781099991.827611,normal
9804,1781099991.830223,syn_flood
9805,1781099991.832107,normal
9806,1781099991.833836,normal
9807,1781099991.835671,syn_flood
9808,1781099991.837608,syn_flood
9809,1781099991.840084,normal
9810,1781099991.841609,normal
9811,1781099991.843621,normal
9812,1781099991.845265,syn_flood
9813,1781099991.846651,syn_flood
9814,1781099991.848849,normal
9815,1781099991.850471,normal
9816,1781099991.852369,normal
9817,1781099991.854270,syn_flood
9818,1781099991.856118,normal
9819,1781099991.858047,syn_flood
9820,1781099991.859952,syn_flood
9821,1781099991.861089,normal
9822,1781099991.863045,syn_flood
9823,1781099991.865074,syn_flood
9824,1781099991.866671,syn_flood
9825,1781099991.868089,syn_flood
9826,1781099991.869641,normal
9827,1781099991.871276,syn_flood
9828,1781099991.873156,syn_flood
9829,1781099991.874862,syn_flood
9830,1781099991.876641,normal
9831,1781099991.878615,syn_flood
9832,1781099991.880137,normal
9833,1781099991.881910,normal
9834,1781099991.883367,syn_flood
9835,1781099991.884978,normal
9836,1781099991.886342,syn_flood
9837,1781099991.887988,syn_flood
9838,1781099991.889623,normal
9839,1781099991.891495,normal
9840,1781099991.895529,syn_flood
9841,1781099991.897078,normal
9842,1781099991.898632,syn_flood
9843,1781099991.900784,normal
9844,1781099991.902446,normal
9845,1781099991.905283,normal
9846,1781099991.907279,normal
9847,1781099991.909311,syn_flood
9848,1781099991.911322,syn_flood
9849,1781099991.913084,normal
9850,1781099991.914864,syn_flood
9851,1781099991.917487,syn_flood
9852,1781099991.919657,syn_flood
9853,1781099991.921434,syn_flood
9854,1781099991.923209,syn_flood
9855,1781099991.925597,syn_flood
9856,1781099991.926694,syn_flood
9857,1781099991.928284,syn_flood
9858,1781099991.929523,syn_flood
9859,1781099991.931640,normal
9860,1781099991.933217,normal
9861,1781099991.935340,syn_flood
9862,1781099991.937071,syn_flood
9863,1781099991.938948,normal
9864,1781099991.941541,normal
9865,1781099991.944019,syn_flood
9866,1781099991.946023,syn_flood
9867,1781099991.947843,syn_flood
9868,1781099991.949389,syn_flood
9869,1781099991.951782,normal
9870,1781099991.953163,normal
9871,1781099991.955064,syn_flood
9872,1781099991.957478,normal
9873,1781099991.959200,normal
9874,1781099991.961082,syn_flood
9875,1781099991.963340,syn_flood
9876,1781099991.965121,normal
9877,1781099991.966671,syn_flood
9878,1781099991.968191,syn_flood
9879,1781099991.970579,normal
9880,1781099991.973320,normal
9881,1781099991.974292,syn_flood
9882,1781099991.976082,syn_flood
9883,1781099991.977302,normal
9884,1781099991.979356,syn_flood
9885,1781099991.980792,syn_flood
9886,1781099991.982693,syn_flood
9887,1781099991.985662,syn_flood
9888,1781099991.987777,normal
9889,1781099991.989547,normal
9890,1781099991.991383,syn_flood
9891,1781099991.992872,syn_flood
9892,1781099991.995143,syn_flood
9893,1781099991.997869,normal
9894,1781099991.999792,normal
9895,1781099992.001554,syn_flood
9896,1781099992.003340,syn_flood
9897,1781099992.005516,syn_flood
9898,1781099992.007469,normal
9899,1781099992.009387,normal
9900,1781099992.011319,normal
9901,1781099992.012911,normal
9902,1781099992.014658,normal
9903,1781099992.016848,normal
9904,1781099992.018464,syn_flood
9905,1781099992.019867,syn_flood
9906,1781099992.021526,syn_flood
9907,1781099992.024026,syn_flood
9908,1781099992.025444,normal
9909,1781099992.027162,syn_flood
9910,1781099992.029483,normal
9911,1781099992.031997,normal
9912,1781099992.033393,syn_flood
9913,1781099992.035546,syn_flood
9914,1781099992.037071,syn_flood
9915,1781099992.038558,normal
9916,1781099992.040881,normal
9917,1781099992.042829,syn_flood
9918,1781099992.045415,normal
9919,1781099992.047119,syn_flood
9920,1781099992.049596,syn_flood
9921,1781099992.051200,normal
9922,1781099992.053383,syn_flood
9923,1781099992.055413,syn_flood
9924,1781099992.057582,normal
9925,1781099992.059109,normal
9926,1781099992.060571,normal
9927,1781099992.062946,normal
9928,1781099992.065024,normal
9929,1781099992.066802,normal
9930,1781099992.068372,syn_flood
9931,1781099992.070487,normal
9932,1781099992.072634,normal
9933,1781099992.074771,syn_flood
9934,1781099992.076175,normal
9935,1781099992.078310,syn_flood
9936,1781099992.080224,syn_flood
9937,1781099992.081946,normal
9938,1781099992.083958,syn_flood
9939,1781099992.085579,normal
9940,1781099992.088876,normal
9941,1781099992.091274,syn_flood
9942,1781099992.093294,syn_flood
9943,1781099992.095479,normal
9944,1781099992.096920,syn_flood
9945,1781099992.099916,syn_flood
9946,1781099992.102278,syn_flood
9947,1781099992.103966,normal
9948,1781099992.105268,normal
9949,1781099992.106734,normal
9950,1781099992.108163,normal
9951,1781099992.110245,syn_flood
9952,1781099992.111847,syn_flood
9953,1781099992.115007,syn_flood
9954,1781099992.116716,syn_flood
9955,1781099992.118328,syn_flood
9956,1781099992.119989,syn_flood
9957,1781099992.122490,normal
9958,1781099992.123977,syn_flood
9959,1781099992.126189,normal
9960,1781099992.127630,normal
9961,1781099992.129768,syn_flood
9962,1781099992.131046,syn_flood
9963,1781099992.133225,normal
9964,1781099992.134656,normal
9965,1781099992.137452,syn_flood
9966,1781099992.138893,syn_flood
9967,1781099992.140353,normal
9968,1781099992.142439,syn_flood
9969,1781099992.145148,syn_flood
9970,1781099992.146963,syn_flood
9971,1781099992.149133,normal
9972,1781099992.150613,syn_flood
9973,1781099992.152765,syn_flood
9974,1781099992.154589,syn_flood
9975,1781099992.156630,normal
9976,1781099992.158089,syn_flood
9977,1781099992.160330,normal
9978,1781099992.162023,syn_flood
9979,1781099992.163573,normal
9980,1781099992.165240,syn_flood
9981,1781099992.166163,normal
9982,1781099992.167924,normal
9983,1781099992.169403,syn_flood
9984,1781099992.172268,normal
9985,1781099992.174272,syn_flood
9986,1781099992.176481,syn_flood
9987,1781099992.179023,syn_flood
9988,1781099992.181550,syn_flood
9989,1781099992.183380,normal
9990,1781099992.185410,normal
9991,1781099992.187482,normal
9992,1781099992.190010,normal
9993,1781099992.192042,syn_flood
9994,1781099992.194212,normal
9995,1781099992.196100,normal
9996,1781099992.198009,normal
9997,1781099992.200527,normal
9998,1781099992.202356,normal
9999,1781099992.203613,syn_flood
10000,1781099992.205494,syn_flood
10001,1781099992.207008,syn_flood
10002,1781099992.209122,normal
10003,1781099992.211579,normal
10004,1781099992.214182,syn_flood
10005,1781099992.215986,syn_flood
10006,1781099992.218684,syn_flood
10007,1781099992.221260,normal
10008,1781099992.222738,syn_flood
10009,1781099992.224294,syn_flood
10010,1781099992.226007,normal
10011,1781099992.227481,normal
10012,1781099992.228782,normal
10013,1781099992.230161,normal
10014,1781099992.232000,syn_flood
10015,1781099992.233895,syn_flood
10016,1781099992.235816,normal
10017,1781099992.238758,syn_flood
10018,1781099992.240387,normal
10019,1781099992.242818,syn_flood
10020,1781099992.245275,normal
10021,1781099992.247649,normal
10022,1781099992.249816,normal
10023,1781099992.253281,normal
10024,1781099992.254854,syn_flood
10025,1781099992.256864,normal
10026,1781099992.258779,syn_flood
10027,1781099992.260403,normal
10028,1781099992.262125,syn_flood
10029,1781099992.264106,syn_flood
10030,1781099992.266325,normal
10031,1781099992.267972,syn_flood
10032,1781099992.269641,normal
10033,1781099992.271385,normal
10034,1781099992.273622,syn_flood
10035,1781099992.275722,normal
10036,1781099992.277501,normal
10037,1781099992.279125,normal
10038,1781099992.280566,syn_flood
10039,1781099992.282743,syn_flood
10040,1781099992.285146,normal
10041,1781099992.287396,syn_flood
10042,1781099992.289048,normal
10043,1781099992.290838,syn_flood
10044,1781099992.292357,syn_flood
10045,1781099992.293880,syn_flood
10046,1781099992.295479,syn_flood
10047,1781099992.297735,syn_flood
10048,1781099992.300203,syn_flood
10049,1781099992.303001,syn_flood
10050,1781099992.304748,normal
10051,1781099992.306474,syn_flood
10052,1781099992.308244,syn_flood
10053,1781099992.310809,syn_flood
10054,1781099992.313325,syn_flood
10055,1781099992.314468,normal
10056,1781099992.316462,syn_flood
10057,1781099992.317777,syn_flood
10058,1781099992.320167,normal
10059,1781099992.321780,normal
10060,1781099992.323314,syn_flood
10061,1781099992.325205,normal
10062,1781099992.328084,syn_flood
10063,1781099992.330868,normal
10064,1781099992.332795,normal
10065,1781099992.334218,syn_flood
10066,1781099992.335577,normal
10067,1781099992.337353,syn_flood
10068,1781099992.340131,syn_flood
10069,1781099992.342011,syn_flood
10070,1781099992.343803,syn_flood
10071,1781099992.345724,syn_flood
10072,1781099992.347564,syn_flood
10073,1781099992.349312,syn_flood
10074,1781099992.351933,syn_flood
10075,1781099992.353972,syn_flood
10076,1781099992.355647,syn_flood
10077,1781099992.358277,syn_flood
10078,1781099992.359805,syn_flood
10079,1781099992.361750,normal
10080,1781099992.363048,syn_flood
10081,1781099992.364586,normal
10082,1781099992.366947,syn_flood
10083,1781099992.368792,normal
10084,1781099992.370733,normal
10085,1781099992.372873,syn_flood
10086,1781099992.374095,syn_flood
10087,1781099992.375914,normal
10088,1781099992.377985,normal
10089,1781099992.380702,syn_flood
10090,1781099992.382834,normal
10091,1781099992.384740,normal
10092,1781099992.386733,normal
10093,1781099992.388762,normal
10094,1781099992.391058,syn_flood
10095,1781099992.393269,syn_flood
10096,1781099992.395940,normal
10097,1781099992.398242,normal
10098,1781099992.399659,syn_flood
10099,1781099992.401011,normal
10100,1781099992.402890,syn_flood
10101,1781099992.405104,syn_flood
10102,1781099992.407336,syn_flood
10103,1781099992.408863,normal
10104,1781099992.410828,syn_flood
10105,1781099992.413233,syn_flood
10106,1781099992.414651,syn_flood
10107,1781099992.417579,normal
10108,1781099992.419300,normal
10109,1781099992.421098,syn_flood
10110,1781099992.424308,syn_flood
10111,1781099992.425712,syn_flood
10112,1781099992.427716,syn_flood
10113,1781099992.429681,normal
10114,1781099992.431990,syn_flood
10115,1781099992.434054,normal
10116,1781099992.436014,syn_flood
10117,1781099992.438452,normal
10118,1781099992.439871,syn_flood
10119,1781099992.442323,normal
10120,1781099992.444156,normal
10121,1781099992.446711,syn_flood
10122,1781099992.449396,normal
10123,1781099992.451738,syn_flood
10124,1781099992.453487,normal
10125,1781099992.455053,syn_flood
10126,1781099992.457195,syn_flood
10127,1781099992.459038,normal
10128,1781099992.461827,syn_flood
10129,1781099992.463962,syn_flood
10130,1781099992.466428,syn_flood
10131,1781099992.468084,syn_flood
10132,1781099992.469599,normal
10133,1781099992.471877,syn_flood
10134,1781099992.474199,normal
10135,1781099992.476594,syn_flood
10136,1781099992.478025,syn_flood
10137,1781099992.479246,normal
10138,1781099992.482235,normal
10139,1781099992.483743,normal
10140,1781099992.485103,syn_flood
10141,1781099992.486893,syn_flood
10142,1781099992.488620,normal
10143,1781099992.490268,syn_flood
10144,1781099992.491737,syn_flood
10145,1781099992.494539,syn_flood
10146,1781099992.496494,syn_flood
10147,1781099992.498403,normal
10148,1781099992.500496,syn_flood
10149,1781099992.502453,syn_flood
10150,1781099992.504962,syn_flood
10151,1781099992.506828,normal
10152,1781099992.508507,syn_flood
10153,1781099992.510685,syn_flood
10154,1781099992.512129,normal
10155,1781099992.514614,normal
10156,1781099992.516739,syn_flood
10157,1781099992.519421,syn_flood
10158,1781099992.520688,syn_flood
10159,1781099992.522824,syn_flood
10160,1781099992.525021,syn_flood
10161,1781099992.526525,syn_flood
10162,1781099992.528603,normal
10163,1781099992.530324,syn_flood
10164,1781099992.532792,syn_flood
10165,1781099992.534585,normal
10166,1781099992.536335,normal
10167,1781099992.538614,syn_flood
10168,1781099992.540466,normal
10169,1781099992.543242,syn_flood
10170,1781099992.545876,normal
10171,1781099992.547740,normal
10172,1781099992.549685,normal
10173,1781099992.551170,normal
10174,1781099992.553179,syn_flood
10175,1781099992.555594,syn_flood
10176,1781099992.557576,normal
10177,1781099992.560333,syn_flood
10178,1781099992.563984,syn_flood
10179,1781099992.566427,normal
10180,1781099992.568222,normal
10181,1781099992.570005,normal
10182,1781099992.571412,normal
10183,1781099992.573621,normal
10184,1781099992.575462,normal
10185,1781099992.577075,normal
10186,1781099992.579228,syn_flood
10187,1781099992.582529,normal
10188,1781099992.584537,normal
10189,1781099992.586307,normal
10190,1781099992.588571,syn_flood
10191,1781099992.590374,normal
10192,1781099992.592664,normal
10193,1781099992.594548,normal
10194,1781099992.596123,syn_flood
10195,1781099992.598958,syn_flood
10196,1781099992.601036,normal
10197,1781099992.603149,normal
10198,1781099992.605233,normal
10199,1781099992.607383,normal
10200,1781099992.609657,syn_flood
10201,1781099992.611497,syn_flood
10202,1781099992.613730,syn_flood
10203,1781099992.615443,normal
10204,1781099992.616637,syn_flood
10205,1781099992.618808,normal
10206,1781099992.620467,syn_flood
10207,1781099992.622874,normal
10208,1781099992.624491,syn_flood
10209,1781099992.626475,normal
10210,1781099992.628699,normal
10211,1781099992.630261,syn_flood
10212,1781099992.632281,syn_flood
10213,1781099992.634337,syn_flood
10214,1781099992.637348,normal
10215,1781099992.639846,syn_flood
10216,1781099992.641762,normal
10217,1781099992.643238,normal
10218,1781099992.645803,syn_flood
10219,1781099992.648544,syn_flood
10220,1781099992.650389,normal
10221,1781099992.652629,syn_flood
10222,1781099992.655324,normal
10223,1781099992.656788,syn_flood
10224,1781099992.657951,normal
10225,1781099992.660583,syn_flood
10226,1781099992.663676,normal
10227,1781099992.666459,normal
10228,1781099992.668917,normal
10229,1781099992.671599,normal
10230,1781099992.673014,syn_flood
10231,1781099992.675460,syn_flood
10232,1781099992.679327,normal
10233,1781099992.680762,syn_flood
10234,1781099992.682137,normal
10235,1781099992.683994,syn_flood
10236,1781099992.685729,syn_flood
10237,1781099992.688161,syn_flood
10238,1781099992.691274,syn_flood
10239,1781099992.694045,normal
10240,1781099992.695918,normal
10241,1781099992.698568,syn_flood
10242,1781099992.700336,syn_flood
10243,1781099992.703249,normal
10244,1781099992.704925,normal
10245,1781099992.706584,syn_flood
10246,1781099992.709120,syn_flood
10247,1781099992.712327,normal
10248,1781099992.714183,syn_flood
10249,1781099992.717051,syn_flood
10250,1781099992.718964,syn_flood
10251,1781099992.721249,syn_flood
10252,1781099992.723546,normal
10253,1781099992.725561,syn_flood
10254,1781099992.727152,syn_flood
10255,1781099992.728969,syn_flood
10256,1781099992.731158,normal
10257,1781099992.733306,normal
10258,1781099992.736406,normal
10259,1781099992.738299,normal
10260,1781099992.740754,normal
10261,1781099992.742974,normal
10262,1781099992.744899,syn_flood
10263,1781099992.746675,normal
10264,1781099992.748850,syn_flood
10265,1781099992.750349,normal
10266,1781099992.753163,syn_flood
10267,1781099992.755541,syn_flood
10268,1781099992.756884,syn_flood
10269,1781099992.758402,syn_flood
10270,1781099992.760884,syn_flood
10271,1781099992.762950,normal
10272,1781099992.765062,normal
10273,1781099992.766320,normal
10274,1781099992.769278,syn_flood
10275,1781099992.771979,normal
10276,1781099992.773522,syn_flood
10277,1781099992.775650,normal
10278,1781099992.778169,syn_flood
10279,1781099992.780346,syn_flood
10280,1781099992.782881,normal
10281,1781099992.784471,syn_flood
10282,1781099992.786516,syn_flood
10283,1781099992.789157,syn_flood
10284,1781099992.790969,normal
10285,1781099992.794760,normal
10286,1781099992.796999,syn_flood
10287,1781099992.798440,normal
10288,1781099992.800802,syn_flood
10289,1781099992.803148,syn_flood
10290,1781099992.806026,syn_flood
10291,1781099992.808862,syn_flood
10292,1781099992.810447,normal
10293,1781099992.811838,syn_flood
10294,1781099992.813384,syn_flood
10295,1781099992.816401,normal
10296,1781099992.819409,syn_flood
10297,1781099992.821102,syn_flood
10298,1781099992.823720,normal
10299,1781099992.825778,normal
10300,1781099992.827200,normal
10301,1781099992.829468,normal
10302,1781099992.831575,normal
10303,1781099992.834002,normal
10304,1781099992.835738,normal
10305,1781099992.837395,syn_flood
10306,1781099992.839215,syn_flood
10307,1781099992.840669,syn_flood
10308,1781099992.842904,syn_flood
10309,1781099992.844628,normal
10310,1781099992.846610,normal
10311,1781099992.850106,syn_flood
10312,1781099992.852235,normal
10313,1781099992.854337,normal
10314,1781099992.855905,normal
10315,1781099992.858925,syn_flood
10316,1781099992.862520,syn_flood
10317,1781099992.864364,syn_flood
10318,1781099992.867415,syn_flood
10319,1781099992.869709,syn_flood
10320,1781099992.871320,syn_flood
10321,1781099992.873567,normal
10322,1781099992.875933,normal
10323,1781099992.878901,normal
10324,1781099992.881542,syn_flood
10325,1781099992.885017,normal
10326,1781099992.886450,syn_flood
10327,1781099992.889000,syn_flood
10328,1781099992.890590,syn_flood
10329,1781099992.892792,normal
10330,1781099992.894828,syn_flood
10331,1781099992.897250,syn_flood
10332,1781099992.898953,normal
10333,1781099992.901390,normal
10334,1781099992.903957,syn_flood
10335,1781099992.906455,normal
10336,1781099992.908352,syn_flood
10337,1781099992.911222,normal
10338,1781099992.913041,normal
10339,1781099992.914868,normal
10340,1781099992.917033,normal
10341,1781099992.918929,normal
10342,1781099992.920800,normal
10343,1781099992.923231,syn_flood
10344,1781099992.925364,syn_flood
10345,1781099992.926870,syn_flood
10346,1781099992.929393,syn_flood
10347,1781099992.931498,normal
10348,1781099992.934022,normal
10349,1781099992.935798,syn_flood
10350,1781099992.937942,normal
10351,1781099992.940023,syn_flood
10352,1781099992.941925,syn_flood
10353,1781099992.943602,normal
10354,1781099992.945748,normal
10355,1781099992.947948,syn_flood
10356,1781099992.950644,normal
10357,1781099992.952771,normal
10358,1781099992.955039,normal
10359,1781099992.957239,normal
10360,1781099992.958923,normal
10361,1781099992.960785,syn_flood
10362,1781099992.962133,normal
10363,1781099992.963692,syn_flood
10364,1781099992.966229,syn_flood
10365,1781099992.968670,normal
10366,1781099992.971229,normal
10367,1781099992.973997,syn_flood
10368,1781099992.976607,syn_flood
10369,1781099992.978626,normal
10370,1781099992.981529,syn_flood
10371,1781099992.983866,syn_flood
10372,1781099992.985697,normal
10373,1781099992.987741,syn_flood
10374,1781099992.990545,syn_flood
10375,1781099992.992630,normal
10376,1781099992.994696,normal
10377,1781099992.996609,syn_flood
10378,1781099992.998289,normal
10379,1781099993.000937,syn_flood
10380,1781099993.002390,syn_flood
10381,1781099993.005027,syn_flood
10382,1781099993.006615,normal
10383,1781099993.009474,normal
10384,1781099993.011504,normal
10385,1781099993.013172,syn_flood
10386,1781099993.015943,normal
10387,1781099993.017843,normal
10388,1781099993.019699,syn_flood
10389,1781099993.021671,syn_flood
10390,1781099993.024228,normal
10391,1781099993.026450,syn_flood
10392,1781099993.028637,syn_flood
10393,1781099993.030653,normal
10394,1781099993.032235,normal
10395,1781099993.034810,normal
10396,1781099993.036345,normal
10397,1781099993.038148,normal
10398,1781099993.040483,normal
10399,1781099993.043050,syn_flood
10400,1781099993.046002,normal
10401,1781099993.047239,syn_flood
10402,1781099993.048806,syn_flood
10403,1781099993.051066,syn_flood
10404,1781099993.053662,syn_flood
10405,1781099993.055724,syn_flood
10406,1781099993.057656,syn_flood
10407,1781099993.059721,syn_flood
10408,1781099993.061641,normal
10409,1781099993.064111,normal
10410,1781099993.067320,syn_flood
10411,1781099993.070408,normal
10412,1781099993.072402,normal
10413,1781099993.073716,syn_flood
10414,1781099993.075627,normal
10415,1781099993.077353,syn_flood
10416,1781099993.080231,syn_flood
10417,1781099993.081978,normal
10418,1781099993.083787,syn_flood
10419,1781099993.085604,syn_flood
10420,1781099993.088532,syn_flood
10421,1781099993.090903,normal
10422,1781099993.092370,syn_flood
10423,1781099993.095284,syn_flood
10424,1781099993.097304,syn_flood
10425,1781099993.099262,normal
10426,1781099993.100855,syn_flood
10427,1781099993.102698,normal
10428,1781099993.104705,syn_flood
10429,1781099993.106484,syn_flood
10430,1781099993.109256,syn_flood
10431,1781099993.112149,normal
10432,1781099993.114763,syn_flood
10433,1781099993.116797,normal
10434,1781099993.118828,syn_flood
10435,1781099993.120949,normal
10436,1781099993.123811,syn_flood
10437,1781099993.125600,normal
10438,1781099993.127092,syn_flood
10439,1781099993.129084,syn_flood
10440,1781099993.130980,normal
10441,1781099993.133140,syn_flood
10442,1781099993.135551,syn_flood
10443,1781099993.137612,normal
10444,1781099993.140096,syn_flood
10445,1781099993.142689,syn_flood
10446,1781099993.145792,syn_flood
10447,1781099993.147720,normal
10448,1781099993.149251,normal
10449,1781099993.151481,normal
10450,1781099993.153512,normal
10451,1781099993.156340,normal
10452,1781099993.158132,syn_flood
10453,1781099993.161041,normal
10454,1781099993.163512,normal
10455,1781099993.165721,syn_flood
10456,1781099993.168031,normal
10457,1781099993.171073,normal
10458,1781099993.173496,syn_flood
10459,1781099993.175857,normal
10460,1781099993.178581,normal
10461,1781099993.180582,syn_flood
10462,1781099993.182611,normal
10463,1781099993.185231,normal
10464,1781099993.187549,normal
10465,1781099993.189318,syn_flood
10466,1781099993.190872,syn_flood
10467,1781099993.192402,syn_flood
10468,1781099993.194701,syn_flood
10469,1781099993.196544,normal
10470,1781099993.198742,normal
10471,1781099993.201967,normal
10472,1781099993.203526,syn_flood
10473,1781099993.205005,syn_flood
10474,1781099993.207840,normal
10475,1781099993.210960,normal
10476,1781099993.212886,syn_flood
10477,1781099993.214991,syn_flood
10478,1781099993.218164,syn_flood
10479,1781099993.220214,normal
10480,1781099993.221829,syn_flood
10481,1781099993.224120,normal
10482,1781099993.225821,syn_flood
10483,1781099993.227627,syn_flood
10484,1781099993.229496,normal
10485,1781099993.231865,normal
10486,1781099993.233417,syn_flood
10487,1781099993.236024,syn_flood
10488,1781099993.237965,normal
10489,1781099993.240696,normal
10490,1781099993.243615,syn_flood
10491,1781099993.245126,normal
10492,1781099993.247750,syn_flood
10493,1781099993.249943,normal
10494,1781099993.252501,normal
10495,1781099993.254721,syn_flood
10496,1781099993.257447,normal
10497,1781099993.259524,syn_flood
10498,1781099993.262169,normal
10499,1781099993.265025,normal
10500,1781099993.267731,syn_flood
10501,1781099993.269804,syn_flood
10502,1781099993.272750,syn_flood
10503,1781099993.274752,syn_flood
10504,1781099993.277848,normal
10505,1781099993.280206,syn_flood
10506,1781099993.281903,syn_flood
10507,1781099993.284225,syn_flood
10508,1781099993.286245,syn_flood
10509,1781099993.288538,normal
10510,1781099993.290574,normal
10511,1781099993.293104,normal
10512,1781099993.294967,normal
10513,1781099993.297472,normal
10514,1781099993.299764,syn_flood
10515,1781099993.301260,normal
10516,1781099993.303404,normal
10517,1781099993.305075,normal
10518,1781099993.306690,syn_flood
10519,1781099993.308687,syn_flood
10520,1781099993.311174,normal
10521,1781099993.313527,normal
10522,1781099993.316191,syn_flood
10523,1781099993.318614,normal
10524,1781099993.320634,syn_flood
10525,1781099993.322468,normal
10526,1781099993.326688,syn_flood
10527,1781099993.328620,syn_flood
10528,1781099993.331177,syn_flood
10529,1781099993.333496,normal
10530,1781099993.336146,normal
10531,1781099993.339170,normal
10532,1781099993.343346,syn_flood
10533,1781099993.347113,syn_flood
10534,1781099993.349550,normal
10535,1781099993.352029,normal
10536,1781099993.354433,normal
10537,1781099993.357551,normal
10538,1781099993.359745,syn_flood
10539,1781099993.363647,normal
10540,1781099993.366502,normal
10541,1781099993.369042,normal
10542,1781099993.371868,syn_flood
10543,1781099993.374442,normal
10544,1781099993.375911,syn_flood
10545,1781099993.378801,normal
10546,1781099993.381431,syn_flood
10547,1781099993.384339,normal
10548,1781099993.386183,normal
10549,1781099993.388300,syn_flood
10550,1781099993.390154,normal
10551,1781099993.391764,normal
10552,1781099993.394454,normal
10553,1781099993.397527,normal
10554,1781099993.399895,syn_flood
10555,1781099993.402169,syn_flood
10556,1781099993.404737,normal
10557,1781099993.407678,normal
10558,1781099993.409719,syn_flood
10559,1781099993.411685,syn_flood
10560,1781099993.413458,syn_flood
10561,1781099993.415280,normal
10562,1781099993.417897,normal
10563,1781099993.421136,syn_flood
10564,1781099993.423283,normal
10565,1781099993.424942,normal
10566,1781099993.427164,syn_flood
10567,1781099993.429617,normal
10568,1781099993.431437,normal
10569,1781099993.433526,normal
10570,1781099993.435736,syn_flood
10571,1781099993.437694,normal
10572,1781099993.440357,syn_flood
10573,1781099993.442575,normal
10574,1781099993.443778,syn_flood
10575,1781099993.446105,syn_flood
10576,1781099993.448515,syn_flood
10577,1781099993.451109,syn_flood
10578,1781099993.453382,syn_flood
10579,1781099993.456329,syn_flood
10580,1781099993.459083,normal
10581,1781099993.461281,normal
10582,1781099993.463402,syn_flood
10583,1781099993.465806,normal
10584,1781099993.468422,syn_flood
10585,1781099993.470472,normal
10586,1781099993.471827,normal
10587,1781099993.473787,syn_flood
10588,1781099993.475613,syn_flood
10589,1781099993.478865,syn_flood
10590,1781099993.481575,syn_flood
10591,1781099993.484089,normal
10592,1781099993.487090,syn_flood
10593,1781099993.489352,normal
10594,1781099993.491349,normal
