packet_index,timestamp,label
0,1781099978.487385,syn_flood
1,1781099978.489295,normal
2,1781099978.491083,syn_flood
3,1781099978.492539,normal
4,1781099978.494514,normal
5,1781099978.496246,syn_flood
6,1781099978.497416,udp_reflection
7,1781099978.499031,normal
8,1781099978.500504,normal
9,1781099978.502211,normal
10,1781099978.504169,normal
11,1781099978.506034,normal
12,1781099978.507552,normal
13,1781099978.509374,normal
14,1781099978.510796,normal
15,1781099978.512292,normal
16,1781099978.514046,syn_flood
17,1781099978.515723,http_flood
18,1781099978.518385,normal
19,1781099978.520027,normal
20,1781099978.522104,syn_flood
21,1781099978.523316,normal
22,1781099978.525493,normal
23,1781099978.527679,syn_flood
24,1781099978.529540,normal
25,1781099978.531471,normal
26,1781099978.533326,normal
27,1781099978.535144,normal
28,1781099978.537009,normal
29,1781099978.539473,normal
30,1781099978.541181,http_flood
31,1781099978.542998,syn_flood
32,1781099978.544065,normal
33,1781099978.546002,syn_flood
34,1781099978.547611,normal
35,1781099978.550068,syn_flood
36,1781099978.551570,normal
37,1781099978.552833,normal
38,1781099978.554252,syn_flood
39,1781099978.555801,normal
40,1781099978.557927,syn_flood
41,1781099978.559240,normal
42,1781099978.560619,normal
43,1781099978.562218,normal
44,1781099978.563666,normal
45,1781099978.565316,normal
46,1781099978.566947,normal
47,1781099978.568429,normal
48,1781099978.570640,normal
49,1781099978.572537,normal
50,1781099978.574243,normal
51,1781099978.576066,normal
52,1781099978.577165,normal
53,1781099978.578618,syn_flood
54,1781099978.580076,normal
55,1781099978.582129,normal
56,1781099978.585411,syn_flood
57,1781099978.587530,normal
58,1781099978.590012,syn_flood
59,1781099978.591973,normal
60,1781099978.593793,normal
61,1781099978.595184,syn_flood
62,1781099978.596892,normal
63,1781099978.599097,normal
64,1781099978.600782,syn_flood
65,1781099978.601713,syn_flood
66,1781099978.603000,syn_flood
67,1781099978.605315,normal
68,1781099978.607292,normal
69,1781099978.608875,normal
70,1781099978.610364,normal
71,1781099978.612080,syn_flood
72,1781099978.614498,normal
73,1781099978.616060,normal
74,1781099978.617790,normal
75,1781099978.619432,normal
76,1781099978.621284,normal
77,1781099978.623148,syn_flood
78,1781099978.624726,normal
79,1781099978.626332,normal
80,1781099978.628553,normal
81,1781099978.630216,normal
82,1781099978.631417,normal
83,1781099978.633734,normal
84,1781099978.635837,normal
85,1781099978.637542,normal
86,1781099978.640041,normal
87,1781099978.642085,normal
88,1781099978.643744,normal
89,1781099978.645424,normal
90,1781099978.647140,normal
91,1781099978.648550,normal
92,1781099978.650954,normal
93,1781099978.652296,udp_reflection
94,1781099978.654131,normal
95,1781099978.655728,normal
96,1781099978.657071,udp_reflection
97,1781099978.658688,normal
98,1781099978.660598,normal
99,1781099978.662585,normal
100,1781099978.664016,normal
101,1781099978.665622,normal
102,1781099978.667055,udp_reflection
103,1781099978.668764,normal
104,1781099978.670854,syn_flood
105,1781099978.672680,normal
106,1781099978.674124,normal
107,1781099978.675742,normal
108,1781099978.678174,syn_flood
109,1781099978.679647,syn_flood
110,1781099978.682053,normal
111,1781099978.683770,udp_reflection
112,1781099978.685497,syn_flood
113,1781099978.687559,normal
114,1781099978.689538,syn_flood
115,1781099978.690859,normal
116,1781099978.692569,normal
117,1781099978.694973,normal
118,1781099978.697524,syn_flood
119,1781099978.699445,normal
120,1781099978.701493,normal
121,1781099978.703242,normal
122,1781099978.705039,normal
123,1781099978.707240,normal
124,1781099978.709510,normal
125,1781099978.711451,syn_flood
126,1781099978.713448,normal
127,1781099978.714956,normal
128,1781099978.715856,syn_flood
129,1781099978.717930,normal
130,1781099978.719350,http_flood
131,1781099978.721827,normal
132,1781099978.723941,normal
133,1781099978.725809,normal
134,1781099978.728054,normal
135,1781099978.729648,syn_flood
136,1781099978.730803,normal
137,1781099978.733129,normal
138,1781099978.734501,syn_flood
139,1781099978.736118,normal
140,1781099978.737219,normal
141,1781099978.738801,normal
142,1781099978.740234,normal
143,1781099978.741871,syn_flood
144,1781099978.743437,syn_flood
145,1781099978.745282,syn_flood
146,1781099978.746956,syn_flood
147,1781099978.748393,udp_reflection
148,1781099978.749951,normal
149,1781099978.752164,normal
150,1781099978.754392,normal
151,1781099978.755997,normal
152,1781099978.757850,normal
153,1781099978.759125,normal
154,1781099978.760940,normal
155,1781099978.762399,normal
156,1781099978.763983,udp_reflection
157,1781099978.765536,syn_flood
158,1781099978.767104,normal
159,1781099978.769071,syn_flood
160,1781099978.770449,syn_flood
161,1781099978.773343,syn_flood
162,1781099978.775251,normal
163,1781099978.776687,normal
164,1781099978.778275,syn_flood
165,1781099978.780245,syn_flood
166,1781099978.782419,normal
167,1781099978.784323,normal
168,1781099978.786434,normal
169,1781099978.787968,http_flood
170,1781099978.789960,normal
171,1781099978.791225,http_flood
172,1781099978.792933,syn_flood
173,1781099978.794801,syn_flood
174,1781099978.796242,normal
175,1781099978.797940,normal
176,1781099978.799571,normal
177,1781099978.801047,normal
178,1781099978.802603,normal
179,1781099978.804238,normal
180,1781099978.805609,normal
181,1781099978.807434,normal
182,1781099978.808922,udp_reflection
183,1781099978.810418,normal
184,1781099978.812645,normal
185,1781099978.814604,normal
186,1781099978.816424,syn_flood
187,1781099978.817958,normal
188,1781099978.819591,normal
189,1781099978.821192,udp_reflection
190,1781099978.822813,normal
191,1781099978.824352,normal
192,1781099978.826035,syn_flood
193,1781099978.827886,normal
194,1781099978.829886,syn_flood
195,1781099978.831698,normal
196,1781099978.833840,normal
197,1781099978.835154,normal
198,1781099978.837582,normal
199,1781099978.839453,syn_flood
200,1781099978.841000,normal
201,1781099978.842479,normal
202,1781099978.844198,normal
203,1781099978.845833,syn_flood
204,1781099978.847326,syn_flood
205,1781099978.848921,normal
206,1781099978.850213,syn_flood
207,1781099978.852115,normal
208,1781099978.854510,syn_flood
209,1781099978.856205,normal
210,1781099978.858089,normal
211,1781099978.860534,normal
212,1781099978.861459,normal
213,1781099978.862676,normal
214,1781099978.864383,syn_flood
215,1781099978.866714,normal
216,1781099978.868976,normal
217,1781099978.871504,syn_flood
218,1781099978.873881,normal
219,1781099978.875981,normal
220,1781099978.878463,http_flood
221,1781099978.879809,syn_flood
222,1781099978.880976,normal
223,1781099978.882645,normal
224,1781099978.884915,normal
225,1781099978.886479,normal
226,1781099978.887619,normal
227,1781099978.889355,normal
228,1781099978.891119,normal
229,1781099978.892481,normal
230,1781099978.894257,normal
231,1781099978.895786,normal
232,1781099978.897414,udp_reflection
233,1781099978.898550,normal
234,1781099978.900141,syn_flood
235,1781099978.901570,normal
236,1781099978.903677,normal
237,1781099978.905275,normal
238,1781099978.906853,syn_flood
239,1781099978.908791,normal
240,1781099978.910490,normal
241,1781099978.912549,syn_flood
242,1781099978.914620,normal
243,1781099978.916305,normal
244,1781099978.917844,normal
245,1781099978.919104,normal
246,1781099978.921104,normal
247,1781099978.922726,normal
248,1781099978.924695,normal
249,1781099978.926743,normal
250,1781099978.928763,normal
251,1781099978.930712,normal
252,1781099978.932702,udp_reflection
253,1781099978.934216,http_flood
254,1781099978.935878,normal
255,1781099978.937610,normal
256,1781099978.939998,normal
257,1781099978.941556,normal
258,1781099978.942531,http_flood
259,1781099978.944499,syn_flood
260,1781099978.946109,syn_flood
261,1781099978.948306,normal
262,1781099978.950108,normal
263,1781099978.952694,normal
264,1781099978.954511,http_flood
265,1781099978.955886,normal
266,1781099978.957622,normal
267,1781099978.959562,normal
268,1781099978.961367,syn_flood
269,1781099978.963173,syn_flood
270,1781099978.965209,normal
271,1781099978.966839,syn_flood
272,1781099978.968944,normal
273,1781099978.971328,normal
274,1781099978.973298,normal
275,1781099978.975888,normal
276,1781099978.977705,normal
277,1781099978.980575,syn_flood
278,1781099978.983682,syn_flood
279,1781099978.985217,normal
280,1781099978.987401,udp_reflection
281,1781099978.989030,normal
282,1781099978.991402,syn_flood
283,1781099978.992773,udp_reflection
284,1781099978.994608,normal
285,1781099978.996860,normal
286,1781099978.999313,syn_flood
287,1781099979.001717,http_flood
288,1781099979.003678,normal
289,1781099979.005830,normal
290,1781099979.008721,normal
291,1781099979.009772,syn_flood
292,1781099979.010862,normal
293,1781099979.012496,normal
294,1781099979.015007,normal
295,1781099979.016876,syn_flood
296,1781099979.017981,normal
297,1781099979.019291,normal
298,1781099979.020769,normal
299,1781099979.022773,normal
300,1781099979.024247,normal
301,1781099979.025939,normal
302,1781099979.027422,udp_reflection
303,1781099979.029856,normal
304,1781099979.032345,udp_reflection
305,1781099979.033588,syn_flood
306,1781099979.034925,normal
307,1781099979.037439,normal
308,1781099979.039203,syn_flood
309,1781099979.041685,normal
310,1781099979.043067,normal
311,1781099979.044861,syn_flood
312,1781099979.046227,normal
313,1781099979.047577,normal
314,1781099979.048970,normal
315,1781099979.050417,udp_reflection
316,1781099979.051590,normal
317,1781099979.053571,syn_flood
318,1781099979.055823,normal
319,1781099979.057368,normal
320,1781099979.058837,normal
321,1781099979.060593,normal
322,1781099979.062377,syn_flood
323,1781099979.064430,normal
324,1781099979.066235,normal
325,1781099979.067811,normal
326,1781099979.069411,syn_flood
327,1781099979.070937,normal
328,1781099979.072925,normal
329,1781099979.074516,normal
330,1781099979.077151,normal
331,1781099979.078615,normal
332,1781099979.080330,normal
333,1781099979.082165,normal
334,1781099979.084243,normal
335,1781099979.086683,normal
336,1781099979.088198,normal
337,1781099979.090046,normal
338,1781099979.091580,normal
339,1781099979.093231,normal
340,1781099979.095111,normal
341,1781099979.096454,syn_flood
342,1781099979.098387,normal
343,1781099979.100245,normal
344,1781099979.102092,normal
345,1781099979.103432,normal
346,1781099979.104830,syn_flood
347,1781099979.106153,normal
348,1781099979.108024,normal
349,1781099979.109377,normal
350,1781099979.110757,normal
351,1781099979.112442,normal
352,1781099979.114718,normal
353,1781099979.115961,normal
354,1781099979.117343,normal
355,1781099979.118723,normal
356,1781099979.120177,normal
357,1781099979.121745,normal
358,1781099979.123489,normal
359,1781099979.125272,normal
360,1781099979.126881,normal
361,1781099979.129169,normal
362,1781099979.131404,normal
363,1781099979.133027,syn_flood
364,1781099979.134558,normal
365,1781099979.136177,normal
366,1781099979.137860,normal
367,1781099979.139173,normal
368,1781099979.140581,syn_flood
369,1781099979.141992,normal
370,1781099979.144107,http_flood
371,1781099979.146322,normal
372,1781099979.147883,normal
373,1781099979.150265,normal
374,1781099979.152075,normal
375,1781099979.153721,normal
376,1781099979.155692,normal
377,1781099979.157749,normal
378,1781099979.159137,syn_flood
379,1781099979.160593,normal
380,1781099979.162484,normal
381,1781099979.164295,normal
382,1781099979.166229,syn_flood
383,1781099979.167740,normal
384,1781099979.169191,normal
385,1781099979.170624,normal
386,1781099979.173425,normal
387,1781099979.175942,normal
388,1781099979.178896,normal
389,1781099979.180626,normal
390,1781099979.181824,normal
391,1781099979.183935,normal
392,1781099979.185815,normal
393,1781099979.188052,normal
394,1781099979.190984,syn_flood
395,1781099979.192636,normal
396,1781099979.194127,normal
397,1781099979.195344,normal
398,1781099979.196968,normal
399,1781099979.198417,normal
400,1781099979.200038,normal
401,1781099979.201453,normal
402,1781099979.203096,normal
403,1781099979.204549,syn_flood
404,1781099979.206603,normal
405,1781099979.208709,syn_flood
406,1781099979.210662,normal
407,1781099979.212530,normal
408,1781099979.214412,normal
409,1781099979.216121,normal
410,1781099979.218215,syn_flood
411,1781099979.219893,normal
412,1781099979.221800,normal
413,1781099979.223464,normal
414,1781099979.224716,http_flood
415,1781099979.226877,syn_flood
416,1781099979.228671,syn_flood
417,1781099979.230736,normal
418,1781099979.232458,normal
419,1781099979.233820,normal
420,1781099979.235770,syn_flood
421,1781099979.237181,normal
422,1781099979.239024,normal
423,1781099979.240468,normal
424,1781099979.242941,normal
425,1781099979.244712,syn_flood
426,1781099979.246280,normal
427,1781099979.248287,normal
428,1781099979.250333,syn_flood
429,1781099979.251828,normal
430,1781099979.253498,normal
431,1781099979.255061,normal
432,1781099979.256317,normal
433,1781099979.258378,normal
434,1781099979.260579,syn_flood
435,1781099979.262215,syn_flood
436,1781099979.263497,normal
437,1781099979.265074,normal
438,1781099979.267066,udp_reflection
439,1781099979.268607,normal
440,1781099979.270125,normal
441,1781099979.272440,normal
442,1781099979.273967,normal
443,1781099979.276042,normal
444,1781099979.277864,normal
445,1781099979.281353,syn_flood
446,1781099979.283060,normal
447,1781099979.284881,normal
448,1781099979.286801,normal
449,1781099979.288638,normal
450,1781099979.289953,normal
451,1781099979.291860,normal
452,1781099979.293128,normal
453,1781099979.294599,normal
454,1781099979.297329,normal
455,1781099979.299034,normal
456,1781099979.300726,normal
457,1781099979.303424,normal
458,1781099979.305255,normal
459,1781099979.306771,normal
460,1781099979.307954,syn_flood
461,1781099979.309572,normal
462,1781099979.311729,normal
463,1781099979.313522,normal
464,1781099979.315099,syn_flood
465,1781099979.316310,syn_flood
466,1781099979.317984,normal
467,1781099979.320393,normal
468,1781099979.322164,normal
469,1781099979.324538,http_flood
470,1781099979.326243,normal
471,1781099979.327980,normal
472,1781099979.329505,normal
473,1781099979.330894,normal
474,1781099979.332581,syn_flood
475,1781099979.334195,normal
476,1781099979.336182,normal
477,1781099979.337409,normal
478,1781099979.339800,normal
479,1781099979.341371,normal
480,1781099979.343289,normal
481,1781099979.345127,normal
482,1781099979.347258,normal
483,1781099979.348573,normal
484,1781099979.350611,syn_flood
485,1781099979.352143,normal
486,1781099979.354061,normal
487,1781099979.355483,normal
488,1781099979.356882,syn_flood
489,1781099979.358535,normal
490,1781099979.360114,normal
491,1781099979.362136,syn_flood
492,1781099979.364302,normal
493,1781099979.366388,normal
494,1781099979.367829,normal
495,1781099979.369688,normal
496,1781099979.371399,syn_flood
497,1781099979.373089,normal
498,1781099979.374478,normal
499,1781099979.376179,normal
500,1781099979.377966,normal
501,1781099979.380555,normal
502,1781099979.382271,normal
503,1781099979.384711,normal
504,1781099979.386996,normal
505,1781099979.388345,normal
506,1781099979.390080,normal
507,1781099979.391399,normal
508,1781099979.392804,normal
509,1781099979.394453,normal
510,1781099979.396439,syn_flood
511,1781099979.398122,normal
512,1781099979.399683,normal
513,1781099979.400793,normal
514,1781099979.402450,normal
515,1781099979.404146,syn_flood
516,1781099979.405866,normal
517,1781099979.407969,normal
518,1781099979.409919,normal
519,1781099979.411962,syn_flood
520,1781099979.413629,syn_flood
521,1781099979.415331,normal
522,1781099979.417425,normal
523,1781099979.419341,normal
524,1781099979.421421,syn_flood
525,1781099979.422996,normal
526,1781099979.425241,normal
527,1781099979.426716,http_flood
528,1781099979.429406,normal
529,1781099979.430894,normal
530,1781099979.432224,normal
531,1781099979.434425,normal
532,1781099979.437370,normal
533,1781099979.438839,syn_flood
534,1781099979.440325,normal
535,1781099979.442416,normal
536,1781099979.444342,udp_reflection
537,1781099979.446399,syn_flood
538,1781099979.448168,syn_flood
539,1781099979.450719,http_flood
540,1781099979.452250,normal
541,1781099979.454453,normal
542,1781099979.456302,syn_flood
543,1781099979.458240,normal
544,1781099979.460423,normal
545,1781099979.462295,udp_reflection
546,1781099979.463808,syn_flood
547,1781099979.465449,syn_flood
548,1781099979.466707,normal
549,1781099979.468206,normal
550,1781099979.469634,normal
551,1781099979.471614,normal
552,1781099979.473784,normal
553,1781099979.475526,normal
554,1781099979.477133,normal
555,1781099979.478592,normal
556,1781099979.480111,syn_flood
557,1781099979.481750,normal
558,1781099979.483656,normal
559,1781099979.485332,normal
560,1781099979.487284,normal
561,1781099979.489145,normal
562,1781099979.490716,normal
563,1781099979.492175,normal
564,1781099979.494256,normal
565,1781099979.495884,normal
566,1781099979.497961,normal
567,1781099979.500002,normal
568,1781099979.502235,syn_flood
569,1781099979.504813,normal
570,1781099979.506851,normal
571,1781099979.508610,syn_flood
572,1781099979.510495,syn_flood
573,1781099979.511948,normal
574,1781099979.513180,syn_flood
575,1781099979.514471,normal
576,1781099979.516829,normal
577,1781099979.518922,normal
578,1781099979.520798,normal
579,1781099979.523037,http_flood
580,1781099979.525123,normal
581,1781099979.526295,normal
582,1781099979.527835,normal
583,1781099979.529502,normal
584,1781099979.530966,normal
585,1781099979.532475,syn_flood
586,1781099979.534690,syn_flood
587,1781099979.536846,normal
588,1781099979.538417,syn_flood
589,1781099979.539880,normal
590,1781099979.541161,normal
591,1781099979.543754,syn_flood
592,1781099979.545083,normal
593,1781099979.546639,normal
594,1781099979.548209,normal
595,1781099979.550114,syn_flood
596,1781099979.551410,normal
597,1781099979.552926,syn_flood
598,1781099979.554836,normal
599,1781099979.556666,syn_flood
600,1781099979.559183,normal
601,1781099979.561020,normal
602,1781099979.563699,syn_flood
603,1781099979.565244,normal
604,1781099979.567529,normal
605,1781099979.569292,syn_flood
606,1781099979.570502,normal
607,1781099979.572718,normal
608,1781099979.575419,syn_flood
609,1781099979.577406,normal
610,1781099979.579089,syn_flood
611,1781099979.580990,normal
612,1781099979.583088,normal
613,1781099979.584575,normal
614,1781099979.586034,normal
615,1781099979.587673,normal
616,1781099979.589264,normal
617,1781099979.591285,syn_flood
618,1781099979.593267,normal
619,1781099979.595487,syn_flood
620,1781099979.597729,normal
621,1781099979.599640,http_flood
622,1781099979.601459,syn_flood
623,1781099979.603391,syn_flood
624,1781099979.604661,syn_flood
625,1781099979.606533,normal
626,1781099979.608274,normal
627,1781099979.610701,syn_flood
628,1781099979.612476,normal
629,1781099979.614393,syn_flood
630,1781099979.616156,normal
631,1781099979.617876,normal
632,1781099979.619678,normal
633,1781099979.621056,normal
634,1781099979.623129,normal
635,1781099979.624705,normal
636,1781099979.626500,normal
637,1781099979.628483,normal
638,1781099979.630987,normal
639,1781099979.632582,normal
640,1781099979.634195,normal
641,1781099979.636422,normal
642,1781099979.637934,normal
643,1781099979.639679,normal
644,1781099979.642094,udp_reflection
645,1781099979.643396,udp_reflection
646,1781099979.644521,normal
647,1781099979.646819,syn_flood
648,1781099979.648175,normal
649,1781099979.650059,normal
650,1781099979.652009,normal
651,1781099979.653564,normal
652,1781099979.655472,normal
653,1781099979.657005,normal
654,1781099979.658290,normal
655,1781099979.660213,syn_flood
656,1781099979.662101,normal
657,1781099979.664019,normal
658,1781099979.666073,udp_reflection
659,1781099979.668417,normal
660,1781099979.670099,normal
661,1781099979.671686,normal
662,1781099979.673087,normal
663,1781099979.674716,normal
664,1781099979.676232,normal
665,1781099979.677761,normal
666,1781099979.679513,normal
667,1781099979.680687,normal
668,1781099979.682497,normal
669,1781099979.684243,normal
670,1781099979.685605,normal
671,1781099979.687826,normal
672,1781099979.689740,syn_flood
673,1781099979.691133,normal
674,1781099979.692825,syn_flood
675,1781099979.694461,normal
676,1781099979.696365,normal
677,1781099979.697925,normal
678,1781099979.699746,syn_flood
679,1781099979.701610,http_flood
680,1781099979.703755,normal
681,1781099979.705096,normal
682,1781099979.708138,normal
683,1781099979.710264,normal
684,1781099979.712139,normal
685,1781099979.714046,syn_flood
686,1781099979.715820,normal
687,1781099979.717984,normal
688,1781099979.719417,normal
689,1781099979.721162,normal
690,1781099979.722278,normal
691,1781099979.724691,normal
692,1781099979.726340,normal
693,1781099979.727961,normal
694,1781099979.729677,normal
695,1781099979.731132,normal
696,1781099979.732103,udp_reflection
697,1781099979.734479,normal
698,1781099979.736170,syn_flood
699,1781099979.737956,normal
700,1781099979.739113,syn_flood
701,1781099979.740508,normal
702,1781099979.742581,syn_flood
703,1781099979.745165,normal
704,1781099979.747404,udp_reflection
705,1781099979.748995,normal
706,1781099979.751181,normal
707,1781099979.753153,normal
708,1781099979.754493,http_flood
709,1781099979.756000,http_flood
710,1781099979.757975,syn_flood
711,1781099979.759161,normal
712,1781099979.760827,syn_flood
713,1781099979.763062,normal
714,1781099979.765214,syn_flood
715,1781099979.766926,normal
716,1781099979.768372,normal
717,1781099979.769767,normal
718,1781099979.771096,normal
719,1781099979.772866,http_flood
720,1781099979.774229,normal
721,1781099979.776777,udp_reflection
722,1781099979.777801,normal
723,1781099979.780388,normal
724,1781099979.782490,normal
725,1781099979.784322,normal
726,1781099979.786203,normal
727,1781099979.787588,normal
728,1781099979.789194,normal
729,1781099979.791142,normal
730,1781099979.792966,normal
731,1781099979.794930,normal
732,1781099979.796582,normal
733,1781099979.798631,normal
734,1781099979.800503,normal
735,1781099979.802077,normal
736,1781099979.804016,normal
737,1781099979.806305,normal
738,1781099979.807530,normal
739,1781099979.808696,normal
740,1781099979.809560,normal
741,1781099979.811232,normal
742,1781099979.813002,normal
743,1781099979.814799,normal
744,1781099979.817329,syn_flood
745,1781099979.819329,normal
746,1781099979.820889,normal
747,1781099979.823264,normal
748,1781099979.824861,normal
749,1781099979.827244,normal
750,1781099979.829138,normal
751,1781099979.830416,normal
752,1781099979.833009,normal
753,1781099979.834573,normal
754,1781099979.835747,normal
755,1781099979.837374,syn_flood
756,1781099979.839342,normal
757,1781099979.841397,syn_flood
758,1781099979.842815,normal
759,1781099979.844075,normal
760,1781099979.846205,http_flood
761,1781099979.847726,normal
762,1781099979.849257,normal
763,1781099979.851041,normal
764,1781099979.852734,normal
765,1781099979.854827,normal
766,1781099979.856277,normal
767,1781099979.858227,normal
768,1781099979.860004,normal
769,1781099979.861426,normal
770,1781099979.862864,normal
771,1781099979.864302,syn_flood
772,1781099979.866616,normal
773,1781099979.868721,normal
774,1781099979.869838,normal
775,1781099979.871355,normal
776,1781099979.873044,normal
777,1781099979.875057,normal
778,1781099979.876556,normal
779,1781099979.878377,normal
780,1781099979.880045,normal
781,1781099979.882006,normal
782,1781099979.883747,syn_flood
783,1781099979.885199,normal
784,1781099979.886927,syn_flood
785,1781099979.888009,syn_flood
786,1781099979.890082,syn_flood
787,1781099979.891990,normal
788,1781099979.893649,normal
789,1781099979.895419,normal
790,1781099979.896754,syn_flood
791,1781099979.898639,syn_flood
792,1781099979.900821,syn_flood
793,1781099979.902596,normal
794,1781099979.904889,normal
795,1781099979.906726,normal
796,1781099979.910135,normal
797,1781099979.911886,normal
798,1781099979.913575,normal
799,1781099979.915073,normal
800,1781099979.917076,normal
801,1781099979.919020,syn_flood
802,1781099979.921399,normal
803,1781099979.922632,normal
804,1781099979.924380,syn_flood
805,1781099979.926193,normal
806,1781099979.928190,syn_flood
807,1781099979.930457,normal
808,1781099979.931876,syn_flood
809,1781099979.933547,syn_flood
810,1781099979.934625,normal
811,1781099979.936217,normal
812,1781099979.938143,normal
813,1781099979.939939,normal
814,1781099979.941860,normal
815,1781099979.943687,normal
816,1781099979.946135,syn_flood
817,1781099979.947812,http_flood
818,1781099979.948945,normal
819,1781099979.950366,normal
820,1781099979.951992,normal
821,1781099979.953759,normal
822,1781099979.955773,syn_flood
823,1781099979.958148,normal
824,1781099979.960002,normal
825,1781099979.961306,normal
826,1781099979.963468,normal
827,1781099979.965223,normal
828,1781099979.966906,http_flood
829,1781099979.968410,normal
830,1781099979.969749,normal
831,1781099979.971632,normal
832,1781099979.973310,normal
833,1781099979.975532,normal
834,1781099979.977175,normal
835,1781099979.979093,normal
836,1781099979.980827,syn_flood
837,1781099979.982962,normal
838,1781099979.984787,syn_flood
839,1781099979.986376,normal
840,1781099979.988802,normal
841,1781099979.989975,normal
842,1781099979.991157,normal
843,1781099979.992428,syn_flood
844,1781099979.993873,normal
845,1781099979.995262,normal
846,1781099979.997126,normal
847,1781099979.998502,syn_flood
848,1781099980.000107,normal
849,1781099980.001532,normal
850,1781099980.003439,normal
851,1781099980.005251,normal
852,1781099980.007022,syn_flood
853,1781099980.008772,normal
854,1781099980.010088,normal
855,1781099980.011840,normal
856,1781099980.013486,normal
857,1781099980.014673,syn_flood
858,1781099980.016181,normal
859,1781099980.017970,normal
860,1781099980.019855,syn_flood
861,1781099980.021924,syn_flood
862,1781099980.023906,udp_reflection
863,1781099980.025431,normal
864,1781099980.027194,syn_flood
865,1781099980.029139,normal
866,1781099980.030509,normal
867,1781099980.031997,normal
868,1781099980.035161,normal
869,1781099980.036630,normal
870,1781099980.038568,normal
871,1781099980.040417,normal
872,1781099980.042059,normal
873,1781099980.043619,udp_reflection
874,1781099980.044887,normal
875,1781099980.046895,syn_flood
876,1781099980.048950,normal
877,1781099980.049931,normal
878,1781099980.051484,normal
879,1781099980.054221,normal
880,1781099980.055640,syn_flood
881,1781099980.056873,normal
882,1781099980.058695,normal
883,1781099980.060371,normal
884,1781099980.062200,normal
885,1781099980.064016,normal
886,1781099980.066105,normal
887,1781099980.068495,normal
888,1781099980.069577,normal
889,1781099980.071121,normal
890,1781099980.073276,normal
891,1781099980.075129,normal
892,1781099980.076751,syn_flood
893,1781099980.078473,normal
894,1781099980.080265,syn_flood
895,1781099980.082147,udp_reflection
896,1781099980.083900,syn_flood
897,1781099980.085642,normal
898,1781099980.087424,normal
899,1781099980.089194,normal
900,1781099980.091803,normal
901,1781099980.093640,normal
902,1781099980.095282,normal
903,1781099980.097326,normal
904,1781099980.098845,normal
905,1781099980.100639,normal
906,1781099980.102271,normal
907,1781099980.104300,normal
908,1781099980.106484,normal
909,1781099980.108852,normal
910,1781099980.110200,udp_reflection
911,1781099980.111892,normal
912,1781099980.113935,normal
913,1781099980.116163,normal
914,1781099980.117894,normal
915,1781099980.119390,normal
916,1781099980.121266,normal
917,1781099980.122705,normal
918,1781099980.124732,normal
919,1781099980.127002,normal
920,1781099980.128368,normal
921,1781099980.129853,normal
922,1781099980.131989,normal
923,1781099980.134360,syn_flood
924,1781099980.135887,http_flood
925,1781099980.137934,normal
926,1781099980.139495,udp_reflection
927,1781099980.141087,normal
928,1781099980.142627,normal
929,1781099980.144334,normal
930,1781099980.146149,udp_reflection
931,1781099980.147729,normal
932,1781099980.149373,udp_reflection
933,1781099980.150971,normal
934,1781099980.152628,normal
935,1781099980.154104,normal
936,1781099980.155533,normal
937,1781099980.157056,syn_flood
938,1781099980.159037,normal
939,1781099980.160434,normal
940,1781099980.161873,normal
941,1781099980.163731,normal
942,1781099980.165772,syn_flood
943,1781099980.167361,normal
944,1781099980.168842,normal
945,1781099980.170073,normal
946,1781099980.172040,udp_reflection
947,1781099980.174348,normal
948,1781099980.176106,normal
949,1781099980.177335,syn_flood
950,1781099980.179378,normal
951,1781099980.181137,normal
952,1781099980.182987,normal
953,1781099980.185479,http_flood
954,1781099980.187346,normal
955,1781099980.189093,normal
956,1781099980.190759,normal
957,1781099980.192732,syn_flood
958,1781099980.194401,syn_flood
959,1781099980.196023,normal
960,1781099980.198528,normal
961,1781099980.200654,normal
962,1781099980.202384,normal
963,1781099980.203706,normal
964,1781099980.205685,normal
965,1781099980.209113,normal
966,1781099980.210448,normal
967,1781099980.212462,normal
968,1781099980.214006,normal
969,1781099980.215926,normal
970,1781099980.217569,normal
971,1781099980.219741,normal
972,1781099980.221497,normal
973,1781099980.223644,syn_flood
974,1781099980.225326,syn_flood
975,1781099980.227032,normal
976,1781099980.230112,normal
977,1781099980.231800,normal
978,1781099980.233140,normal
979,1781099980.234876,normal
980,1781099980.237209,syn_flood
981,1781099980.238636,syn_flood
982,1781099980.240806,http_flood
983,1781099980.243051,normal
984,1781099980.244547,normal
985,1781099980.246903,normal
986,1781099980.249390,normal
987,1781099980.251096,normal
988,1781099980.252756,normal
989,1781099980.255107,normal
990,1781099980.256603,normal
991,1781099980.258115,normal
992,1781099980.260352,normal
993,1781099980.262658,normal
994,1781099980.263937,normal
995,1781099980.265730,normal
996,1781099980.267534,normal
997,1781099980.269054,syn_flood
998,1781099980.270864,normal
999,1781099980.272654,normal
1000,1781099980.274383,normal
1001,1781099980.275986,syn_flood
1002,1781099980.278253,syn_flood
1003,1781099980.280602,normal
1004,1781099980.282118,normal
1005,1781099980.283297,http_flood
1006,1781099980.285531,normal
1007,1781099980.288149,normal
1008,1781099980.290248,normal
1009,1781099980.291445,normal
1010,1781099980.293181,normal
1011,1781099980.295072,normal
1012,1781099980.296975,normal
1013,1781099980.298475,normal
1014,1781099980.300357,normal
1015,1781099980.302396,normal
1016,1781099980.304244,syn_flood
1017,1781099980.305858,normal
1018,1781099980.307332,normal
1019,1781099980.309117,normal
1020,1781099980.311262,normal
1021,1781099980.313291,normal
1022,1781099980.314731,normal
1023,1781099980.316750,normal
1024,1781099980.318442,normal
1025,1781099980.320056,normal
1026,1781099980.321741,normal
1027,1781099980.323621,normal
1028,1781099980.325684,normal
1029,1781099980.327663,normal
1030,1781099980.328876,normal
1031,1781099980.330240,syn_flood
1032,1781099980.331743,normal
1033,1781099980.333428,normal
1034,1781099980.335171,http_flood
1035,1781099980.336545,syn_flood
1036,1781099980.338434,normal
1037,1781099980.340838,normal
1038,1781099980.342189,normal
1039,1781099980.343360,normal
1040,1781099980.344685,normal
1041,1781099980.346979,normal
1042,1781099980.348274,normal
1043,1781099980.350112,normal
1044,1781099980.351615,normal
1045,1781099980.352812,udp_reflection
1046,1781099980.354533,normal
1047,1781099980.356876,http_flood
1048,1781099980.358401,normal
1049,1781099980.360235,normal
1050,1781099980.361736,normal
1051,1781099980.363140,normal
1052,1781099980.364756,normal
1053,1781099980.366554,syn_flood
1054,1781099980.368525,normal
1055,1781099980.369728,normal
1056,1781099980.371968,normal
1057,1781099980.374501,normal
1058,1781099980.376158,syn_flood
1059,1781099980.377604,normal
1060,1781099980.379459,syn_flood
1061,1781099980.381054,syn_flood
1062,1781099980.382679,normal
1063,1781099980.384522,normal
1064,1781099980.386503,syn_flood
1065,1781099980.388244,normal
1066,1781099980.389766,normal
1067,1781099980.391411,normal
1068,1781099980.393241,syn_flood
1069,1781099980.394994,normal
1070,1781099980.397019,normal
1071,1781099980.399288,normal
1072,1781099980.400786,normal
1073,1781099980.402716,syn_flood
1074,1781099980.405083,normal
1075,1781099980.406832,syn_flood
1076,1781099980.408725,normal
1077,1781099980.410671,normal
1078,1781099980.411658,normal
1079,1781099980.413442,udp_reflection
1080,1781099980.415565,syn_flood
1081,1781099980.417272,syn_flood
1082,1781099980.418484,normal
1083,1781099980.420070,syn_flood
1084,1781099980.421525,normal
1085,1781099980.423343,normal
1086,1781099980.425105,normal
1087,1781099980.426571,syn_flood
1088,1781099980.428117,normal
1089,1781099980.430268,normal
1090,1781099980.432325,normal
1091,1781099980.434167,normal
1092,1781099980.435470,normal
1093,1781099980.437210,normal
1094,1781099980.439699,normal
1095,1781099980.441843,syn_flood
1096,1781099980.443019,syn_flood
1097,1781099980.445858,normal
1098,1781099980.448323,normal
1099,1781099980.450487,normal
1100,1781099980.452418,normal
1101,1781099980.455032,normal
1102,1781099980.456272,normal
1103,1781099980.458096,syn_flood
1104,1781099980.459844,normal
1105,1781099980.461974,normal
1106,1781099980.464091,http_flood
1107,1781099980.465533,normal
1108,1781099980.467286,normal
1109,1781099980.469354,syn_flood
1110,1781099980.470753,normal
1111,1781099980.472421,normal
1112,1781099980.474059,normal
1113,1781099980.475510,normal
1114,1781099980.477455,udp_reflection
1115,1781099980.479405,normal
1116,1781099980.481122,normal
1117,1781099980.482496,normal
1118,1781099980.484141,normal
1119,1781099980.485405,normal
1120,1781099980.487616,normal
1121,1781099980.489577,normal
1122,1781099980.491540,normal
1123,1781099980.492912,syn_flood
1124,1781099980.494101,normal
1125,1781099980.496259,normal
1126,1781099980.498390,normal
1127,1781099980.500290,syn_flood
1128,1781099980.501632,http_flood
1129,1781099980.503235,normal
1130,1781099980.504886,udp_reflection
1131,1781099980.506201,normal
1132,1781099980.507390,normal
1133,1781099980.509259,normal
1134,1781099980.511051,normal
1135,1781099980.512572,normal
1136,1781099980.514212,normal
1137,1781099980.515798,normal
1138,1781099980.517384,syn_flood
1139,1781099980.519316,normal
1140,1781099980.521294,normal
1141,1781099980.522407,normal
1142,1781099980.524368,normal
1143,1781099980.526177,normal
1144,1781099980.528182,normal
1145,1781099980.530417,normal
1146,1781099980.532230,udp_reflection
1147,1781099980.534144,normal
1148,1781099980.536156,normal
1149,1781099980.538172,normal
1150,1781099980.540358,normal
1151,1781099980.542269,syn_flood
1152,1781099980.544308,normal
1153,1781099980.545557,syn_flood
1154,1781099980.547348,normal
1155,1781099980.548892,normal
1156,1781099980.550748,normal
1157,1781099980.553458,syn_flood
1158,1781099980.555429,normal
1159,1781099980.556718,normal
1160,1781099980.558761,syn_flood
1161,1781099980.560893,normal
1162,1781099980.563477,normal
1163,1781099980.565255,normal
1164,1781099980.567937,normal
1165,1781099980.569690,normal
1166,1781099980.572009,normal
1167,1781099980.573266,udp_reflection
1168,1781099980.574879,normal
1169,1781099980.576436,syn_flood
1170,1781099980.578311,normal
1171,1781099980.579931,normal
1172,1781099980.581503,normal
1173,1781099980.583544,normal
1174,1781099980.585722,normal
1175,1781099980.588102,normal
1176,1781099980.589795,normal
1177,1781099980.592143,normal
1178,1781099980.593833,normal
1179,1781099980.595696,normal
1180,1781099980.597126,normal
1181,1781099980.599098,normal
1182,1781099980.600934,http_flood
1183,1781099980.602334,normal
1184,1781099980.603895,syn_flood
1185,1781099980.606242,normal
1186,1781099980.608124,normal
1187,1781099980.610813,syn_flood
1188,1781099980.612838,normal
1189,1781099980.616449,normal
1190,1781099980.618351,http_flood
1191,1781099980.619803,normal
1192,1781099980.621253,syn_flood
1193,1781099980.623522,normal
1194,1781099980.624922,normal
1195,1781099980.626154,syn_flood
1196,1781099980.627480,normal
1197,1781099980.628863,normal
1198,1781099980.630335,syn_flood
1199,1781099980.632111,syn_flood
1200,1781099980.633801,normal
1201,1781099980.635512,syn_flood
1202,1781099980.637720,normal
1203,1781099980.640256,normal
1204,1781099980.642262,udp_reflection
1205,1781099980.643632,syn_flood
1206,1781099980.645719,http_flood
1207,1781099980.646907,normal
1208,1781099980.648535,normal
1209,1781099980.650116,syn_flood
1210,1781099980.652318,normal
1211,1781099980.653654,normal
1212,1781099980.656125,normal
1213,1781099980.657746,normal
1214,1781099980.659315,syn_flood
1215,1781099980.661023,normal
1216,1781099980.663035,normal
1217,1781099980.665118,normal
1218,1781099980.667262,normal
1219,1781099980.668936,normal
1220,1781099980.671519,normal
1221,1781099980.673871,normal
1222,1781099980.675982,syn_flood
1223,1781099980.678191,normal
1224,1781099980.679787,normal
1225,1781099980.681319,normal
1226,1781099980.683056,normal
1227,1781099980.685652,syn_flood
1228,1781099980.687203,normal
1229,1781099980.688685,normal
1230,1781099980.690460,syn_flood
1231,1781099980.691862,syn_flood
1232,1781099980.693823,normal
1233,1781099980.695625,normal
1234,1781099980.697203,normal
1235,1781099980.698600,normal
1236,1781099980.701524,normal
1237,1781099980.704062,syn_flood
1238,1781099980.706916,normal
1239,1781099980.708332,normal
1240,1781099980.709381,normal
1241,1781099980.711480,normal
1242,1781099980.713233,normal
1243,1781099980.714833,syn_flood
1244,1781099980.717000,normal
1245,1781099980.718078,normal
1246,1781099980.719654,normal
1247,1781099980.721523,normal
1248,1781099980.723237,normal
1249,1781099980.724886,normal
1250,1781099980.726582,normal
1251,1781099980.728558,http_flood
1252,1781099980.730505,normal
1253,1781099980.732572,normal
1254,1781099980.736164,syn_flood
1255,1781099980.738218,normal
1256,1781099980.739801,normal
1257,1781099980.741612,normal
1258,1781099980.743893,normal
1259,1781099980.745985,normal
1260,1781099980.748516,normal
1261,1781099980.750458,normal
1262,1781099980.752054,normal
1263,1781099980.753325,normal
1264,1781099980.755193,normal
1265,1781099980.756643,syn_flood
1266,1781099980.757927,normal
1267,1781099980.760108,normal
1268,1781099980.761982,normal
1269,1781099980.763420,syn_flood
1270,1781099980.765856,normal
1271,1781099980.767929,normal
1272,1781099980.769075,normal
1273,1781099980.771099,normal
1274,1781099980.773034,normal
1275,1781099980.774866,syn_flood
1276,1781099980.776683,normal
1277,1781099980.778602,normal
1278,1781099980.779934,normal
1279,1781099980.781430,normal
1280,1781099980.783019,normal
1281,1781099980.784362,normal
1282,1781099980.785825,normal
1283,1781099980.787111,normal
1284,1781099980.788532,udp_reflection
1285,1781099980.790623,normal
1286,1781099980.793604,normal
1287,1781099980.795115,normal
1288,1781099980.796595,normal
1289,1781099980.798362,syn_flood
1290,1781099980.800699,udp_reflection
1291,1781099980.802783,normal
1292,1781099980.804766,normal
1293,1781099980.806369,normal
1294,1781099980.807909,normal
1295,1781099980.809144,normal
1296,1781099980.810316,normal
1297,1781099980.811870,normal
1298,1781099980.813967,normal
1299,1781099980.815873,normal
1300,1781099980.817609,normal
1301,1781099980.819186,normal
1302,1781099980.820131,normal
1303,1781099980.821773,normal
1304,1781099980.823833,syn_flood
1305,1781099980.825407,normal
1306,1781099980.828514,normal
1307,1781099980.829817,normal
1308,1781099980.831607,normal
1309,1781099980.833101,normal
1310,1781099980.834081,normal
1311,1781099980.835744,syn_flood
1312,1781099980.837828,normal
1313,1781099980.839012,normal
1314,1781099980.840322,syn_flood
1315,1781099980.841876,normal
1316,1781099980.843690,udp_reflection
1317,1781099980.845775,normal
1318,1781099980.847030,normal
1319,1781099980.848711,normal
1320,1781099980.850074,normal
1321,1781099980.852173,normal
1322,1781099980.855241,normal
1323,1781099980.857234,http_flood
1324,1781099980.858793,udp_reflection
1325,1781099980.860859,syn_flood
1326,1781099980.862855,syn_flood
1327,1781099980.864462,syn_flood
1328,1781099980.865799,normal
1329,1781099980.867578,normal
1330,1781099980.869835,normal
1331,1781099980.871621,normal
1332,1781099980.873270,syn_flood
1333,1781099980.874909,normal
1334,1781099980.876707,normal
1335,1781099980.878552,normal
1336,1781099980.879820,syn_flood
1337,1781099980.881669,http_flood
1338,1781099980.883557,normal
1339,1781099980.885787,normal
1340,1781099980.888030,normal
1341,1781099980.889631,normal
1342,1781099980.891099,normal
1343,1781099980.892268,normal
1344,1781099980.893793,normal
1345,1781099980.895518,syn_flood
1346,1781099980.896962,normal
1347,1781099980.898945,normal
1348,1781099980.900461,normal
1349,1781099980.903002,normal
1350,1781099980.904464,normal
1351,1781099980.905637,normal
1352,1781099980.907347,http_flood
1353,1781099980.909490,normal
1354,1781099980.911354,normal
1355,1781099980.913318,syn_flood
1356,1781099980.914587,udp_reflection
1357,1781099980.916039,normal
1358,1781099980.917861,normal
1359,1781099980.919576,normal
1360,1781099980.921968,normal
1361,1781099980.923801,normal
1362,1781099980.925025,syn_flood
1363,1781099980.926942,normal
1364,1781099980.928777,normal
1365,1781099980.930319,normal
1366,1781099980.931565,normal
1367,1781099980.933492,syn_flood
1368,1781099980.935170,normal
1369,1781099980.936389,normal
1370,1781099980.938091,syn_flood
1371,1781099980.939997,normal
1372,1781099980.941561,normal
1373,1781099980.942910,normal
1374,1781099980.944514,normal
1375,1781099980.946359,normal
1376,1781099980.947864,normal
1377,1781099980.949661,normal
1378,1781099980.951286,normal
1379,1781099980.952948,normal
1380,1781099980.954872,normal
1381,1781099980.956243,normal
1382,1781099980.958379,normal
1383,1781099980.959568,syn_flood
1384,1781099980.962015,normal
1385,1781099980.964664,normal
1386,1781099980.966576,normal
1387,1781099980.967990,syn_flood
1388,1781099980.969728,udp_reflection
1389,1781099980.971444,udp_reflection
1390,1781099980.973092,normal
1391,1781099980.974645,udp_reflection
1392,1781099980.976259,syn_flood
1393,1781099980.978072,normal
1394,1781099980.979294,normal
1395,1781099980.981581,http_flood
1396,1781099980.982675,normal
1397,1781099980.984198,normal
1398,1781099980.985764,syn_flood
1399,1781099980.988145,normal
1400,1781099980.989364,syn_flood
1401,1781099980.991731,normal
1402,1781099980.993471,normal
1403,1781099980.995006,normal
1404,1781099980.996231,udp_reflection
1405,1781099980.997808,normal
1406,1781099980.998756,normal
1407,1781099981.000250,normal
1408,1781099981.002006,normal
1409,1781099981.003963,normal
1410,1781099981.005908,normal
1411,1781099981.007590,normal
1412,1781099981.009330,normal
1413,1781099981.011091,normal
1414,1781099981.012728,syn_flood
1415,1781099981.014228,normal
1416,1781099981.015844,normal
1417,1781099981.018098,http_flood
1418,1781099981.019984,normal
1419,1781099981.022020,normal
1420,1781099981.024310,normal
1421,1781099981.026360,syn_flood
1422,1781099981.027784,normal
1423,1781099981.029084,normal
1424,1781099981.030747,normal
1425,1781099981.032109,http_flood
1426,1781099981.033987,normal
1427,1781099981.035496,udp_reflection
1428,1781099981.037118,syn_flood
1429,1781099981.038403,normal
1430,1781099981.039934,syn_flood
1431,1781099981.041667,normal
1432,1781099981.043407,normal
1433,1781099981.045522,normal
1434,1781099981.046576,normal
1435,1781099981.047786,http_flood
1436,1781099981.049146,normal
1437,1781099981.051161,normal
1438,1781099981.052861,normal
1439,1781099981.054439,normal
1440,1781099981.055545,normal
1441,1781099981.056702,normal
1442,1781099981.058545,normal
1443,1781099981.060405,normal
1444,1781099981.062117,normal
1445,1781099981.064615,normal
1446,1781099981.066141,syn_flood
1447,1781099981.067648,normal
1448,1781099981.069864,syn_flood
1449,1781099981.071560,normal
1450,1781099981.073662,normal
1451,1781099981.074846,http_flood
1452,1781099981.076729,normal
1453,1781099981.078430,normal
1454,1781099981.080061,normal
1455,1781099981.083236,syn_flood
1456,1781099981.085548,normal
1457,1781099981.086596,normal
1458,1781099981.087747,normal
1459,1781099981.089499,normal
1460,1781099981.091107,normal
1461,1781099981.092676,syn_flood
1462,1781099981.094972,normal
1463,1781099981.096888,http_flood
1464,1781099981.098848,normal
1465,1781099981.100676,normal
1466,1781099981.103519,normal
1467,1781099981.105126,normal
1468,1781099981.107717,normal
1469,1781099981.109622,normal
1470,1781099981.111730,normal
1471,1781099981.113671,normal
1472,1781099981.115251,syn_flood
1473,1781099981.116548,udp_reflection
1474,1781099981.118664,normal
1475,1781099981.120557,normal
1476,1781099981.122516,normal
1477,1781099981.124794,syn_flood
1478,1781099981.125897,normal
1479,1781099981.128207,normal
1480,1781099981.129437,normal
1481,1781099981.131404,normal
1482,1781099981.132885,normal
1483,1781099981.134870,normal
1484,1781099981.137316,normal
1485,1781099981.139602,normal
1486,1781099981.141688,normal
1487,1781099981.143088,normal
1488,1781099981.145131,syn_flood
1489,1781099981.147038,normal
1490,1781099981.150717,syn_flood
1491,1781099981.153099,syn_flood
1492,1781099981.154220,normal
1493,1781099981.156581,normal
1494,1781099981.159071,normal
1495,1781099981.161052,normal
1496,1781099981.162638,normal
1497,1781099981.165152,normal
1498,1781099981.166555,syn_flood
1499,1781099981.168133,normal
1500,1781099981.169543,normal
1501,1781099981.171643,normal
1502,1781099981.173351,syn_flood
1503,1781099981.175973,syn_flood
1504,1781099981.177637,normal
1505,1781099981.179847,normal
1506,1781099981.181978,syn_flood
1507,1781099981.183663,http_flood
1508,1781099981.185876,http_flood
1509,1781099981.188403,normal
1510,1781099981.189918,normal
1511,1781099981.191875,normal
1512,1781099981.193482,normal
1513,1781099981.195078,normal
1514,1781099981.197881,normal
1515,1781099981.199983,normal
1516,1781099981.201397,normal
1517,1781099981.203261,normal
1518,1781099981.204807,normal
1519,1781099981.207559,syn_flood
1520,1781099981.209060,normal
1521,1781099981.210705,normal
1522,1781099981.211710,normal
1523,1781099981.213137,normal
1524,1781099981.214420,normal
1525,1781099981.216324,normal
1526,1781099981.217771,normal
1527,1781099981.219353,normal
1528,1781099981.220707,normal
1529,1781099981.222899,normal
1530,1781099981.224638,normal
1531,1781099981.226836,normal
1532,1781099981.228831,normal
1533,1781099981.231304,normal
1534,1781099981.232788,normal
1535,1781099981.234406,normal
1536,1781099981.236512,normal
1537,1781099981.238169,normal
1538,1781099981.240160,normal
1539,1781099981.242404,syn_flood
1540,1781099981.244398,syn_flood
1541,1781099981.245933,syn_flood
1542,1781099981.248262,http_flood
1543,1781099981.249573,syn_flood
1544,1781099981.251182,normal
1545,1781099981.253167,normal
1546,1781099981.255144,normal
1547,1781099981.257205,normal
1548,1781099981.258293,normal
1549,1781099981.260129,normal
1550,1781099981.262156,normal
1551,1781099981.264239,normal
1552,1781099981.265941,normal
1553,1781099981.267557,syn_flood
1554,1781099981.269077,normal
1555,1781099981.270993,normal
1556,1781099981.273254,normal
1557,1781099981.275146,normal
1558,1781099981.276669,normal
1559,1781099981.278802,syn_flood
1560,1781099981.280168,normal
1561,1781099981.282630,normal
1562,1781099981.285259,normal
1563,1781099981.287371,normal
1564,1781099981.289092,syn_flood
1565,1781099981.290494,normal
1566,1781099981.292445,normal
1567,1781099981.294118,normal
1568,1781099981.295885,normal
1569,1781099981.298358,normal
1570,1781099981.300565,normal
1571,1781099981.302104,normal
1572,1781099981.304294,normal
1573,1781099981.306001,syn_flood
1574,1781099981.307481,normal
1575,1781099981.309053,normal
1576,1781099981.310125,normal
1577,1781099981.312290,normal
1578,1781099981.314439,normal
1579,1781099981.315995,normal
1580,1781099981.318568,normal
1581,1781099981.320668,syn_flood
1582,1781099981.322084,syn_flood
1583,1781099981.324569,normal
1584,1781099981.326294,normal
1585,1781099981.328439,normal
1586,1781099981.330173,normal
1587,1781099981.332247,normal
1588,1781099981.333627,normal
1589,1781099981.335237,normal
1590,1781099981.337253,normal
1591,1781099981.339071,normal
1592,1781099981.341547,udp_reflection
1593,1781099981.343106,normal
1594,1781099981.344763,normal
1595,1781099981.346728,normal
1596,1781099981.348920,normal
1597,1781099981.350421,normal
1598,1781099981.351659,normal
1599,1781099981.353646,normal
1600,1781099981.355289,syn_flood
1601,1781099981.356751,normal
1602,1781099981.358477,normal
1603,1781099981.360326,syn_flood
1604,1781099981.362457,normal
1605,1781099981.364055,normal
1606,1781099981.365837,syn_flood
1607,1781099981.367275,normal
1608,1781099981.368753,normal
1609,1781099981.370291,normal
1610,1781099981.372186,normal
1611,1781099981.373629,syn_flood
1612,1781099981.375284,normal
1613,1781099981.377435,normal
1614,1781099981.378908,normal
1615,1781099981.380620,syn_flood
1616,1781099981.381914,normal
1617,1781099981.383824,normal
1618,1781099981.385541,normal
1619,1781099981.386791,http_flood
1620,1781099981.388077,normal
1621,1781099981.389250,normal
1622,1781099981.390978,normal
1623,1781099981.392507,normal
1624,1781099981.393814,normal
1625,1781099981.395592,normal
1626,1781099981.397366,syn_flood
1627,1781099981.398722,normal
1628,1781099981.400370,normal
1629,1781099981.402008,normal
1630,1781099981.403762,normal
1631,1781099981.405304,udp_reflection
1632,1781099981.407039,normal
1633,1781099981.409345,normal
1634,1781099981.411299,normal
1635,1781099981.413163,syn_flood
1636,1781099981.414537,normal
1637,1781099981.416493,normal
1638,1781099981.418784,normal
1639,1781099981.421230,normal
1640,1781099981.423032,normal
1641,1781099981.425141,normal
1642,1781099981.427084,normal
1643,1781099981.428789,normal
1644,1781099981.430805,normal
1645,1781099981.432457,normal
1646,1781099981.434557,normal
1647,1781099981.436808,normal
1648,1781099981.438725,normal
1649,1781099981.439937,normal
1650,1781099981.441525,normal
1651,1781099981.443760,syn_flood
1652,1781099981.445374,normal
1653,1781099981.446760,normal
1654,1781099981.448508,normal
1655,1781099981.450161,normal
1656,1781099981.451596,normal
1657,1781099981.453281,http_flood
1658,1781099981.454916,syn_flood
1659,1781099981.456648,normal
1660,1781099981.458796,normal
1661,1781099981.461226,normal
1662,1781099981.462793,normal
1663,1781099981.463831,normal
1664,1781099981.465475,syn_flood
1665,1781099981.466784,normal
1666,1781099981.468180,syn_flood
1667,1781099981.470453,normal
1668,1781099981.472314,udp_reflection
1669,1781099981.475198,syn_flood
1670,1781099981.476791,syn_flood
1671,1781099981.478454,normal
1672,1781099981.480146,normal
1673,1781099981.482071,normal
1674,1781099981.484318,normal
1675,1781099981.485701,normal
1676,1781099981.487429,normal
1677,1781099981.489224,syn_flood
1678,1781099981.491050,normal
1679,1781099981.492905,normal
1680,1781099981.494030,normal
1681,1781099981.495858,normal
1682,1781099981.497829,normal
1683,1781099981.499613,syn_flood
1684,1781099981.501984,normal
1685,1781099981.504047,normal
1686,1781099981.505696,normal
1687,1781099981.507472,normal
1688,1781099981.509784,normal
1689,1781099981.511528,normal
1690,1781099981.513367,normal
1691,1781099981.515705,normal
1692,1781099981.517466,syn_flood
1693,1781099981.519422,normal
1694,1781099981.521807,udp_reflection
1695,1781099981.523134,normal
1696,1781099981.524218,normal
1697,1781099981.525909,normal
1698,1781099981.527727,http_flood
1699,1781099981.529155,normal
1700,1781099981.531103,normal
1701,1781099981.532891,normal
1702,1781099981.534722,udp_reflection
1703,1781099981.535910,normal
1704,1781099981.537524,normal
1705,1781099981.540040,syn_flood
1706,1781099981.541531,normal
1707,1781099981.543302,syn_flood
1708,1781099981.544633,normal
1709,1781099981.546114,normal
1710,1781099981.547472,normal
1711,1781099981.548835,normal
1712,1781099981.550555,normal
1713,1781099981.552212,normal
1714,1781099981.554596,normal
1715,1781099981.556144,normal
1716,1781099981.557478,normal
1717,1781099981.559091,normal
1718,1781099981.560704,http_flood
1719,1781099981.562923,normal
1720,1781099981.564808,normal
1721,1781099981.566939,normal
1722,1781099981.568592,syn_flood
1723,1781099981.569870,normal
1724,1781099981.571192,normal
1725,1781099981.573214,normal
1726,1781099981.575363,normal
1727,1781099981.577291,normal
1728,1781099981.579041,normal
1729,1781099981.580848,normal
1730,1781099981.582220,normal
1731,1781099981.584410,normal
1732,1781099981.585700,normal
1733,1781099981.588783,normal
1734,1781099981.590683,syn_flood
1735,1781099981.593154,normal
1736,1781099981.595479,normal
1737,1781099981.597398,normal
1738,1781099981.599393,normal
1739,1781099981.601290,normal
1740,1781099981.602685,syn_flood
1741,1781099981.604297,normal
1742,1781099981.605822,http_flood
1743,1781099981.607729,normal
1744,1781099981.609530,normal
1745,1781099981.611961,normal
1746,1781099981.613362,udp_reflection
1747,1781099981.616081,normal
1748,1781099981.617936,normal
1749,1781099981.620370,normal
1750,1781099981.622428,normal
1751,1781099981.623880,syn_flood
1752,1781099981.625021,normal
1753,1781099981.627192,normal
1754,1781099981.628869,normal
1755,1781099981.630472,normal
1756,1781099981.631717,normal
1757,1781099981.632924,normal
1758,1781099981.634248,normal
1759,1781099981.635976,normal
1760,1781099981.637956,normal
1761,1781099981.639714,normal
1762,1781099981.641431,syn_flood
1763,1781099981.642958,normal
1764,1781099981.644131,normal
1765,1781099981.645497,normal
1766,1781099981.647787,syn_flood
1767,1781099981.650182,normal
1768,1781099981.651874,syn_flood
1769,1781099981.653563,normal
1770,1781099981.654935,normal
1771,1781099981.656366,normal
1772,1781099981.658016,normal
1773,1781099981.659732,normal
1774,1781099981.661434,normal
1775,1781099981.662989,normal
1776,1781099981.664913,normal
1777,1781099981.667374,normal
1778,1781099981.669590,normal
1779,1781099981.670788,normal
1780,1781099981.673066,normal
1781,1781099981.674500,udp_reflection
1782,1781099981.676841,normal
1783,1781099981.678941,http_flood
1784,1781099981.680127,syn_flood
1785,1781099981.681536,normal
1786,1781099981.683628,normal
1787,1781099981.685270,normal
1788,1781099981.687090,normal
1789,1781099981.689585,normal
1790,1781099981.691396,normal
1791,1781099981.693879,syn_flood
1792,1781099981.695477,udp_reflection
1793,1781099981.697245,normal
1794,1781099981.699489,http_flood
1795,1781099981.701597,normal
1796,1781099981.703626,syn_flood
1797,1781099981.705299,syn_flood
1798,1781099981.707206,normal
1799,1781099981.709541,syn_flood
1800,1781099981.711896,normal
1801,1781099981.713704,normal
1802,1781099981.715131,normal
1803,1781099981.716484,normal
1804,1781099981.718153,syn_flood
1805,1781099981.720203,normal
1806,1781099981.721789,syn_flood
1807,1781099981.724738,syn_flood
1808,1781099981.726623,normal
1809,1781099981.728738,normal
1810,1781099981.730458,normal
1811,1781099981.731930,normal
1812,1781099981.734336,http_flood
1813,1781099981.736861,normal
1814,1781099981.738361,syn_flood
1815,1781099981.740079,normal
1816,1781099981.741980,normal
1817,1781099981.743876,normal
1818,1781099981.745051,normal
1819,1781099981.746716,normal
1820,1781099981.748157,normal
1821,1781099981.749800,syn_flood
1822,1781099981.751736,normal
1823,1781099981.754763,normal
1824,1781099981.756593,normal
1825,1781099981.758023,normal
1826,1781099981.760336,normal
1827,1781099981.762255,normal
1828,1781099981.764318,normal
1829,1781099981.766315,normal
1830,1781099981.768211,normal
1831,1781099981.769679,normal
1832,1781099981.771647,normal
1833,1781099981.773643,normal
1834,1781099981.775365,syn_flood
1835,1781099981.777858,udp_reflection
1836,1781099981.779551,normal
1837,1781099981.780923,syn_flood
1838,1781099981.782482,syn_flood
1839,1781099981.783417,syn_flood
1840,1781099981.784729,normal
1841,1781099981.786412,normal
1842,1781099981.788455,syn_flood
1843,1781099981.790190,normal
1844,1781099981.792149,syn_flood
1845,1781099981.794241,http_flood
1846,1781099981.796170,normal
1847,1781099981.797749,normal
1848,1781099981.799233,normal
1849,1781099981.800446,syn_flood
1850,1781099981.802294,normal
1851,1781099981.804678,normal
1852,1781099981.806510,normal
1853,1781099981.807713,syn_flood
1854,1781099981.810470,syn_flood
1855,1781099981.813951,normal
1856,1781099981.815496,syn_flood
1857,1781099981.816975,normal
1858,1781099981.818465,syn_flood
1859,1781099981.820282,normal
1860,1781099981.821486,http_flood
1861,1781099981.823014,normal
1862,1781099981.825019,normal
1863,1781099981.826381,http_flood
1864,1781099981.828048,normal
1865,1781099981.830387,normal
1866,1781099981.832006,normal
1867,1781099981.834586,normal
1868,1781099981.836544,normal
1869,1781099981.839134,normal
1870,1781099981.841101,normal
1871,1781099981.842422,normal
1872,1781099981.844752,normal
1873,1781099981.846226,normal
1874,1781099981.848128,normal
1875,1781099981.850547,normal
1876,1781099981.852619,normal
1877,1781099981.853957,normal
1878,1781099981.855984,normal
1879,1781099981.857752,normal
1880,1781099981.859720,normal
1881,1781099981.862735,syn_flood
1882,1781099981.864168,normal
1883,1781099981.865605,normal
1884,1781099981.867341,normal
1885,1781099981.868698,normal
1886,1781099981.869846,normal
1887,1781099981.871074,normal
1888,1781099981.872273,syn_flood
1889,1781099981.873896,normal
1890,1781099981.875767,normal
1891,1781099981.877583,normal
1892,1781099981.880160,normal
1893,1781099981.882308,normal
1894,1781099981.883474,normal
1895,1781099981.885332,udp_reflection
1896,1781099981.888950,normal
1897,1781099981.891142,normal
1898,1781099981.893175,syn_flood
1899,1781099981.894827,normal
1900,1781099981.896497,normal
1901,1781099981.898723,normal
1902,1781099981.900405,udp_reflection
1903,1781099981.902140,normal
1904,1781099981.903476,normal
1905,1781099981.905002,normal
1906,1781099981.906781,normal
1907,1781099981.908965,normal
1908,1781099981.911448,normal
1909,1781099981.913176,normal
1910,1781099981.915064,normal
1911,1781099981.916281,normal
1912,1781099981.917872,normal
1913,1781099981.919387,udp_reflection
1914,1781099981.921082,normal
1915,1781099981.923114,normal
1916,1781099981.925706,normal
1917,1781099981.927444,normal
1918,1781099981.928809,syn_flood
1919,1781099981.930413,syn_flood
1920,1781099981.932438,normal
1921,1781099981.934617,normal
1922,1781099981.936780,syn_flood
1923,1781099981.938319,normal
1924,1781099981.939948,syn_flood
1925,1781099981.942183,http_flood
1926,1781099981.944383,syn_flood
1927,1781099981.946167,syn_flood
1928,1781099981.948134,http_flood
1929,1781099981.949718,normal
1930,1781099981.950742,normal
1931,1781099981.953052,normal
1932,1781099981.955352,normal
1933,1781099981.956287,normal
1934,1781099981.958302,normal
1935,1781099981.959472,normal
1936,1781099981.961334,normal
1937,1781099981.963123,normal
1938,1781099981.964762,normal
1939,1781099981.966339,normal
1940,1781099981.968309,normal
1941,1781099981.970158,syn_flood
1942,1781099981.972036,normal
1943,1781099981.973707,normal
1944,1781099981.975166,normal
1945,1781099981.976577,normal
1946,1781099981.978098,normal
1947,1781099981.980144,syn_flood
1948,1781099981.982068,normal
1949,1781099981.984078,normal
1950,1781099981.985621,normal
1951,1781099981.986905,http_flood
1952,1781099981.988727,http_flood
1953,1781099981.990504,normal
1954,1781099981.992145,normal
1955,1781099981.993755,normal
1956,1781099981.995921,syn_flood
1957,1781099981.997655,normal
1958,1781099981.999495,syn_flood
1959,1781099982.001286,normal
1960,1781099982.003335,syn_flood
1961,1781099982.005244,normal
1962,1781099982.006883,normal
1963,1781099982.008281,normal
1964,1781099982.010411,syn_flood
1965,1781099982.011961,syn_flood
1966,1781099982.013559,http_flood
1967,1781099982.015294,normal
1968,1781099982.018092,normal
1969,1781099982.019957,syn_flood
1970,1781099982.021106,normal
1971,1781099982.022628,syn_flood
1972,1781099982.024251,normal
1973,1781099982.025678,normal
1974,1781099982.027387,syn_flood
1975,1781099982.028851,normal
1976,1781099982.030396,normal
1977,1781099982.032324,normal
1978,1781099982.034203,normal
1979,1781099982.036336,normal
1980,1781099982.037685,normal
1981,1781099982.039810,udp_reflection
1982,1781099982.041209,normal
1983,1781099982.042973,normal
1984,1781099982.044439,normal
1985,1781099982.045751,http_flood
1986,1781099982.047264,normal
1987,1781099982.048834,syn_flood
1988,1781099982.050872,normal
1989,1781099982.052305,normal
1990,1781099982.054559,normal
1991,1781099982.055755,syn_flood
1992,1781099982.057539,syn_flood
1993,1781099982.058847,normal
1994,1781099982.060983,normal
1995,1781099982.063037,syn_flood
1996,1781099982.064866,normal
1997,1781099982.066964,normal
1998,1781099982.068702,syn_flood
1999,1781099982.070619,normal
2000,1781099982.072369,normal
2001,1781099982.074086,normal
2002,1781099982.076113,normal
2003,1781099982.077905,syn_flood
2004,1781099982.079126,normal
2005,1781099982.081049,normal
2006,1781099982.082371,normal
2007,1781099982.084308,normal
2008,1781099982.086515,normal
2009,1781099982.088204,normal
2010,1781099982.090679,udp_reflection
2011,1781099982.093171,normal
2012,1781099982.094381,normal
2013,1781099982.095824,normal
2014,1781099982.098640,normal
2015,1781099982.100204,normal
2016,1781099982.101748,normal
2017,1781099982.103519,normal
2018,1781099982.105201,normal
2019,1781099982.106868,http_flood
2020,1781099982.108626,normal
2021,1781099982.110201,udp_reflection
2022,1781099982.112346,normal
2023,1781099982.113850,normal
2024,1781099982.115734,normal
2025,1781099982.117434,normal
2026,1781099982.119587,normal
2027,1781099982.122016,normal
2028,1781099982.123967,normal
2029,1781099982.125518,syn_flood
2030,1781099982.126947,syn_flood
2031,1781099982.128757,normal
2032,1781099982.130158,normal
2033,1781099982.131879,normal
2034,1781099982.133474,normal
2035,1781099982.135393,normal
2036,1781099982.137572,normal
2037,1781099982.139250,normal
2038,1781099982.141078,normal
2039,1781099982.143018,normal
2040,1781099982.145409,http_flood
2041,1781099982.147455,normal
2042,1781099982.150012,normal
2043,1781099982.151694,normal
2044,1781099982.153531,normal
2045,1781099982.155524,normal
2046,1781099982.157181,normal
2047,1781099982.158645,normal
2048,1781099982.160583,normal
2049,1781099982.161711,normal
2050,1781099982.162893,normal
2051,1781099982.164953,normal
2052,1781099982.166689,normal
2053,1781099982.168537,normal
2054,1781099982.170727,normal
2055,1781099982.172390,normal
2056,1781099982.174412,syn_flood
2057,1781099982.176195,normal
2058,1781099982.178199,syn_flood
2059,1781099982.179975,udp_reflection
2060,1781099982.182355,normal
2061,1781099982.184279,normal
2062,1781099982.185390,syn_flood
2063,1781099982.186728,syn_flood
2064,1781099982.188651,normal
2065,1781099982.190710,normal
2066,1781099982.193068,normal
2067,1781099982.194583,syn_flood
2068,1781099982.196734,normal
2069,1781099982.198175,normal
2070,1781099982.199918,syn_flood
2071,1781099982.201570,normal
2072,1781099982.202806,syn_flood
2073,1781099982.204706,normal
2074,1781099982.206594,normal
2075,1781099982.208237,normal
2076,1781099982.209763,udp_reflection
2077,1781099982.211334,normal
2078,1781099982.213148,syn_flood
2079,1781099982.214969,normal
2080,1781099982.216824,normal
2081,1781099982.219006,normal
2082,1781099982.220224,syn_flood
2083,1781099982.221881,udp_reflection
2084,1781099982.223444,normal
2085,1781099982.225684,normal
2086,1781099982.227989,normal
2087,1781099982.229201,udp_reflection
2088,1781099982.230829,normal
2089,1781099982.232824,normal
2090,1781099982.234693,normal
2091,1781099982.236164,normal
2092,1781099982.238060,normal
2093,1781099982.240111,normal
2094,1781099982.242164,normal
2095,1781099982.244489,normal
2096,1781099982.246936,syn_flood
2097,1781099982.248761,normal
2098,1781099982.250541,syn_flood
2099,1781099982.251983,syn_flood
2100,1781099982.253176,normal
2101,1781099982.255177,syn_flood
2102,1781099982.256539,syn_flood
2103,1781099982.258384,normal
2104,1781099982.260061,normal
2105,1781099982.261669,normal
2106,1781099982.263202,normal
2107,1781099982.264841,normal
2108,1781099982.267023,normal
2109,1781099982.269062,normal
2110,1781099982.270727,normal
2111,1781099982.272697,normal
2112,1781099982.274232,normal
2113,1781099982.275929,normal
2114,1781099982.277558,normal
2115,1781099982.279680,normal
2116,1781099982.281381,normal
2117,1781099982.284363,normal
2118,1781099982.286077,normal
2119,1781099982.288326,syn_flood
2120,1781099982.289469,normal
2121,1781099982.291528,normal
2122,1781099982.294189,normal
2123,1781099982.295859,normal
2124,1781099982.297616,normal
2125,1781099982.299134,normal
2126,1781099982.300667,normal
2127,1781099982.303144,normal
2128,1781099982.305125,normal
2129,1781099982.306931,syn_flood
2130,1781099982.308480,normal
2131,1781099982.309697,normal
2132,1781099982.313338,normal
2133,1781099982.314808,normal
2134,1781099982.316127,syn_flood
2135,1781099982.317631,normal
2136,1781099982.319238,normal
2137,1781099982.320854,normal
2138,1781099982.322822,normal
2139,1781099982.324734,normal
2140,1781099982.326747,normal
2141,1781099982.328866,http_flood
2142,1781099982.329992,normal
2143,1781099982.331486,normal
2144,1781099982.333277,normal
2145,1781099982.335441,syn_flood
2146,1781099982.337233,normal
2147,1781099982.338872,normal
2148,1781099982.340343,udp_reflection
2149,1781099982.342080,udp_reflection
2150,1781099982.343815,normal
2151,1781099982.345424,syn_flood
2152,1781099982.346789,syn_flood
2153,1781099982.348674,udp_reflection
2154,1781099982.350274,syn_flood
2155,1781099982.352295,normal
2156,1781099982.354040,normal
2157,1781099982.355833,normal
2158,1781099982.357949,normal
2159,1781099982.360553,normal
2160,1781099982.362293,normal
2161,1781099982.363559,udp_reflection
2162,1781099982.365814,normal
2163,1781099982.367554,normal
2164,1781099982.369220,normal
2165,1781099982.371389,syn_flood
2166,1781099982.373217,normal
2167,1781099982.374634,http_flood
2168,1781099982.376153,http_flood
2169,1781099982.378577,normal
2170,1781099982.380236,normal
2171,1781099982.382003,normal
2172,1781099982.383590,normal
2173,1781099982.385153,normal
2174,1781099982.387085,normal
2175,1781099982.389669,normal
2176,1781099982.391612,syn_flood
2177,1781099982.394042,normal
2178,1781099982.395890,normal
2179,1781099982.397462,normal
2180,1781099982.398797,normal
2181,1781099982.400080,normal
2182,1781099982.401881,normal
2183,1781099982.403142,normal
2184,1781099982.405457,syn_flood
2185,1781099982.407036,normal
2186,1781099982.408423,normal
2187,1781099982.409547,normal
2188,1781099982.412313,normal
2189,1781099982.414094,http_flood
2190,1781099982.416438,normal
2191,1781099982.417926,normal
2192,1781099982.419298,syn_flood
2193,1781099982.421085,normal
2194,1781099982.422816,normal
2195,1781099982.424433,syn_flood
2196,1781099982.426385,normal
2197,1781099982.427891,normal
2198,1781099982.429618,normal
2199,1781099982.431323,syn_flood
2200,1781099982.431960,normal
2201,1781099982.432374,syn_flood
2202,1781099982.432831,normal
2203,1781099982.433641,syn_flood
2204,1781099982.434176,syn_flood
2205,1781099982.434811,syn_flood
2206,1781099982.435310,syn_flood
2207,1781099982.435681,normal
2208,1781099982.435966,syn_flood
2209,1781099982.436305,normal
2210,1781099982.436865,normal
2211,1781099982.437261,udp_reflection
2212,1781099982.437650,syn_flood
2213,1781099982.438292,syn_flood
2214,1781099982.438864,normal
2215,1781099982.439547,syn_flood
2216,1781099982.439991,normal
2217,1781099982.440527,http_flood
2218,1781099982.441398,normal
2219,1781099982.441933,syn_flood
2220,1781099982.442561,normal
2221,1781099982.443047,udp_reflection
2222,1781099982.443804,syn_flood
2223,1781099982.444463,udp_reflection
2224,1781099982.445208,syn_flood
2225,1781099982.445654,syn_flood
2226,1781099982.446322,syn_flood
2227,1781099982.446928,syn_flood
2228,1781099982.447472,syn_flood
2229,1781099982.448081,syn_flood
2230,1781099982.448605,syn_flood
2231,1781099982.449027,syn_flood
2232,1781099982.449661,normal
2233,1781099982.450180,syn_flood
2234,1781099982.450895,normal
2235,1781099982.451522,normal
2236,1781099982.452009,syn_flood
2237,1781099982.452509,syn_flood
2238,1781099982.453033,udp_reflection
2239,1781099982.453934,http_flood
2240,1781099982.454597,http_flood
2241,1781099982.455231,syn_flood
2242,1781099982.455847,normal
2243,1781099982.456287,syn_flood
2244,1781099982.456839,syn_flood
2245,1781099982.457339,syn_flood
2246,1781099982.457869,normal
2247,1781099982.458347,udp_reflection
2248,1781099982.458910,udp_reflection
2249,1781099982.459550,syn_flood
2250,1781099982.459930,syn_flood
2251,1781099982.460594,syn_flood
2252,1781099982.461021,syn_flood
2253,1781099982.461437,syn_flood
2254,1781099982.461901,udp_reflection
2255,1781099982.462640,normal
2256,1781099982.463212,syn_flood
2257,1781099982.463999,http_flood
2258,1781099982.464448,syn_flood
2259,1781099982.465011,syn_flood
2260,1781099982.465548,normal
2261,1781099982.465992,syn_flood
2262,1781099982.466351,syn_flood
2263,1781099982.466699,udp_reflection
2264,1781099982.467525,syn_flood
2265,1781099982.468222,syn_flood
2266,1781099982.468751,syn_flood
2267,1781099982.469402,syn_flood
2268,1781099982.469929,syn_flood
2269,1781099982.470630,udp_reflection
2270,1781099982.471305,normal
2271,1781099982.471773,syn_flood
2272,1781099982.472187,syn_flood
2273,1781099982.472733,normal
2274,1781099982.473372,syn_flood
2275,1781099982.473908,syn_flood
2276,1781099982.474864,syn_flood
2277,1781099982.475327,syn_flood
2278,1781099982.475777,syn_flood
2279,1781099982.476400,udp_reflection
2280,1781099982.476906,syn_flood
2281,1781099982.477585,http_flood
2282,1781099982.478094,http_flood
2283,1781099982.478652,normal
2284,1781099982.479119,syn_flood
2285,1781099982.479590,syn_flood
2286,1781099982.480377,syn_flood
2287,1781099982.480966,syn_flood
2288,1781099982.481417,syn_flood
2289,1781099982.481899,http_flood
2290,1781099982.482548,syn_flood
2291,1781099982.483067,syn_flood
2292,1781099982.483701,normal
2293,1781099982.484149,syn_flood
2294,1781099982.484578,syn_flood
2295,1781099982.485432,syn_flood
2296,1781099982.486068,syn_flood
2297,1781099982.486650,udp_reflection
2298,1781099982.487033,syn_flood
2299,1781099982.487599,normal
2300,1781099982.488389,normal
2301,1781099982.489083,syn_flood
2302,1781099982.489667,syn_flood
2303,1781099982.490260,normal
2304,1781099982.490834,normal
2305,1781099982.491377,normal
2306,1781099982.491959,syn_flood
2307,1781099982.492546,udp_reflection
2308,1781099982.493016,http_flood
2309,1781099982.493623,normal
2310,1781099982.494447,syn_flood
2311,1781099982.494915,syn_flood
2312,1781099982.495515,http_flood
2313,1781099982.496062,syn_flood
2314,1781099982.496621,normal
2315,1781099982.497224,syn_flood
2316,1781099982.497851,normal
2317,1781099982.498226,syn_flood
2318,1781099982.498716,syn_flood
2319,1781099982.499206,syn_flood
2320,1781099982.499929,syn_flood
2321,1781099982.500314,normal
2322,1781099982.501001,http_flood
2323,1781099982.501538,udp_reflection
2324,1781099982.502283,syn_flood
2325,1781099982.502783,http_flood
2326,1781099982.503182,syn_flood
2327,1781099982.503772,udp_reflection
2328,1781099982.504135,syn_flood
2329,1781099982.504859,http_flood
2330,1781099982.505463,syn_flood
2331,1781099982.505901,syn_flood
2332,1781099982.506287,syn_flood
2333,1781099982.506721,syn_flood
2334,1781099982.507398,normal
2335,1781099982.507922,syn_flood
2336,1781099982.508731,normal
2337,1781099982.509331,normal
2338,1781099982.509704,normal
2339,1781099982.510103,udp_reflection
2340,1781099982.510736,normal
2341,1781099982.511227,syn_flood
2342,1781099982.511706,syn_flood
2343,1781099982.512175,syn_flood
2344,1781099982.512918,syn_flood
2345,1781099982.513267,syn_flood
2346,1781099982.513926,udp_reflection
2347,1781099982.514421,syn_flood
2348,1781099982.515178,normal
2349,1781099982.515899,normal
2350,1781099982.516534,syn_flood
2351,1781099982.517033,syn_flood
2352,1781099982.517512,syn_flood
2353,1781099982.518054,syn_flood
2354,1781099982.518511,normal
2355,1781099982.518942,syn_flood
2356,1781099982.519481,http_flood
2357,1781099982.519987,normal
2358,1781099982.520566,syn_flood
2359,1781099982.521083,syn_flood
2360,1781099982.521696,syn_flood
2361,1781099982.522009,syn_flood
2362,1781099982.522621,http_flood
2363,1781099982.523285,syn_flood
2364,1781099982.523789,http_flood
2365,1781099982.524544,normal
2366,1781099982.525236,syn_flood
2367,1781099982.525761,syn_flood
2368,1781099982.526257,syn_flood
2369,1781099982.526685,syn_flood
2370,1781099982.527324,syn_flood
2371,1781099982.527777,syn_flood
2372,1781099982.528321,udp_reflection
2373,1781099982.528992,normal
2374,1781099982.529605,syn_flood
2375,1781099982.530285,normal
2376,1781099982.530848,syn_flood
2377,1781099982.531403,normal
2378,1781099982.531974,syn_flood
2379,1781099982.532314,syn_flood
2380,1781099982.532795,syn_flood
2381,1781099982.533231,syn_flood
2382,1781099982.533861,http_flood
2383,1781099982.534460,syn_flood
2384,1781099982.535016,syn_flood
2385,1781099982.535694,syn_flood
2386,1781099982.536111,syn_flood
2387,1781099982.536541,http_flood
2388,1781099982.537196,syn_flood
2389,1781099982.537932,syn_flood
2390,1781099982.538539,syn_flood
2391,1781099982.539166,syn_flood
2392,1781099982.539594,syn_flood
2393,1781099982.539963,syn_flood
2394,1781099982.540626,udp_reflection
2395,1781099982.541235,syn_flood
2396,1781099982.541851,http_flood
2397,1781099982.542253,syn_flood
2398,1781099982.543325,udp_reflection
2399,1781099982.543998,syn_flood
2400,1781099982.544493,syn_flood
2401,1781099982.545394,syn_flood
2402,1781099982.545744,syn_flood
2403,1781099982.546152,syn_flood
2404,1781099982.546567,syn_flood
2405,1781099982.546991,syn_flood
2406,1781099982.547595,normal
2407,1781099982.548306,normal
2408,1781099982.548746,udp_reflection
2409,1781099982.549372,normal
2410,1781099982.549946,http_flood
2411,1781099982.550500,udp_reflection
2412,1781099982.551003,http_flood
2413,1781099982.551450,udp_reflection
2414,1781099982.551927,normal
2415,1781099982.552610,syn_flood
2416,1781099982.553214,syn_flood
2417,1781099982.553767,syn_flood
2418,1781099982.554213,syn_flood
2419,1781099982.554913,normal
2420,1781099982.555245,syn_flood
2421,1781099982.556089,syn_flood
2422,1781099982.556653,normal
2423,1781099982.557108,syn_flood
2424,1781099982.557700,http_flood
2425,1781099982.558534,syn_flood
2426,1781099982.559055,udp_reflection
2427,1781099982.559804,normal
2428,1781099982.560351,syn_flood
2429,1781099982.560894,http_flood
2430,1781099982.561360,http_flood
2431,1781099982.561788,syn_flood
2432,1781099982.562463,http_flood
2433,1781099982.562760,normal
2434,1781099982.563215,normal
2435,1781099982.563665,syn_flood
2436,1781099982.564328,http_flood
2437,1781099982.564751,syn_flood
2438,1781099982.565570,syn_flood
2439,1781099982.565959,udp_reflection
2440,1781099982.566458,syn_flood
2441,1781099982.567192,normal
2442,1781099982.567812,syn_flood
2443,1781099982.568160,udp_reflection
2444,1781099982.568655,syn_flood
2445,1781099982.569183,normal
2446,1781099982.569766,syn_flood
2447,1781099982.570263,udp_reflection
2448,1781099982.570876,syn_flood
2449,1781099982.571399,http_flood
2450,1781099982.571946,syn_flood
2451,1781099982.572415,udp_reflection
2452,1781099982.572818,syn_flood
2453,1781099982.573592,syn_flood
2454,1781099982.574344,normal
2455,1781099982.574836,udp_reflection
2456,1781099982.575367,syn_flood
2457,1781099982.576217,syn_flood
2458,1781099982.576905,syn_flood
2459,1781099982.577454,normal
2460,1781099982.578056,syn_flood
2461,1781099982.578536,syn_flood
2462,1781099982.579095,http_flood
2463,1781099982.579858,udp_reflection
2464,1781099982.580352,normal
2465,1781099982.580886,syn_flood
2466,1781099982.581341,syn_flood
2467,1781099982.581836,http_flood
2468,1781099982.582470,normal
2469,1781099982.583218,syn_flood
2470,1781099982.583682,syn_flood
2471,1781099982.584595,udp_reflection
2472,1781099982.585110,syn_flood
2473,1781099982.585668,syn_flood
2474,1781099982.586102,syn_flood
2475,1781099982.586811,syn_flood
2476,1781099982.587384,syn_flood
2477,1781099982.587880,syn_flood
2478,1781099982.588448,syn_flood
2479,1781099982.588892,syn_flood
2480,1781099982.589574,udp_reflection
2481,1781099982.590300,udp_reflection
2482,1781099982.590917,syn_flood
2483,1781099982.591387,syn_flood
2484,1781099982.591972,udp_reflection
2485,1781099982.592410,normal
2486,1781099982.593120,normal
2487,1781099982.593894,normal
2488,1781099982.594483,syn_flood
2489,1781099982.595207,syn_flood
2490,1781099982.595528,syn_flood
2491,1781099982.596224,normal
2492,1781099982.596778,syn_flood
2493,1781099982.597227,syn_flood
2494,1781099982.597784,normal
2495,1781099982.598303,normal
2496,1781099982.598871,syn_flood
2497,1781099982.599291,syn_flood
2498,1781099982.599958,syn_flood
2499,1781099982.600714,syn_flood
2500,1781099982.601160,http_flood
2501,1781099982.601694,syn_flood
2502,1781099982.602466,normal
2503,1781099982.602911,syn_flood
2504,1781099982.603459,syn_flood
2505,1781099982.603991,syn_flood
2506,1781099982.604643,syn_flood
2507,1781099982.605179,syn_flood
2508,1781099982.605652,normal
2509,1781099982.606490,syn_flood
2510,1781099982.606912,normal
2511,1781099982.607438,http_flood
2512,1781099982.608125,syn_flood
2513,1781099982.608460,http_flood
2514,1781099982.608949,udp_reflection
2515,1781099982.609505,syn_flood
2516,1781099982.610036,udp_reflection
2517,1781099982.610432,udp_reflection
2518,1781099982.610766,http_flood
2519,1781099982.611399,syn_flood
2520,1781099982.612139,syn_flood
2521,1781099982.612543,syn_flood
2522,1781099982.613026,normal
2523,1781099982.613565,syn_flood
2524,1781099982.613917,normal
2525,1781099982.614487,normal
2526,1781099982.614985,syn_flood
2527,1781099982.615446,syn_flood
2528,1781099982.616043,syn_flood
2529,1781099982.616884,udp_reflection
2530,1781099982.617739,normal
2531,1781099982.618286,normal
2532,1781099982.618689,syn_flood
2533,1781099982.619336,syn_flood
2534,1781099982.619930,syn_flood
2535,1781099982.620398,http_flood
2536,1781099982.620875,syn_flood
2537,1781099982.621369,udp_reflection
2538,1781099982.621990,http_flood
2539,1781099982.622470,udp_reflection
2540,1781099982.622930,udp_reflection
2541,1781099982.623301,syn_flood
2542,1781099982.623895,syn_flood
2543,1781099982.624623,syn_flood
2544,1781099982.625194,udp_reflection
2545,1781099982.625654,normal
2546,1781099982.626162,normal
2547,1781099982.626713,http_flood
2548,1781099982.627283,http_flood
2549,1781099982.627928,syn_flood
2550,1781099982.628386,udp_reflection
2551,1781099982.628895,syn_flood
2552,1781099982.629406,syn_flood
2553,1781099982.629912,udp_reflection
2554,1781099982.630403,normal
2555,1781099982.630903,http_flood
2556,1781099982.631685,syn_flood
2557,1781099982.632191,normal
2558,1781099982.632577,syn_flood
2559,1781099982.633022,syn_flood
2560,1781099982.633577,udp_reflection
2561,1781099982.634118,http_flood
2562,1781099982.634675,syn_flood
2563,1781099982.635164,syn_flood
2564,1781099982.635567,http_flood
2565,1781099982.636182,http_flood
2566,1781099982.636596,http_flood
2567,1781099982.637149,http_flood
2568,1781099982.637970,syn_flood
2569,1781099982.638432,syn_flood
2570,1781099982.638828,syn_flood
2571,1781099982.639370,normal
2572,1781099982.639848,syn_flood
2573,1781099982.640325,syn_flood
2574,1781099982.640812,syn_flood
2575,1781099982.641347,udp_reflection
2576,1781099982.641671,syn_flood
2577,1781099982.642195,normal
2578,1781099982.642830,syn_flood
2579,1781099982.643294,syn_flood
2580,1781099982.643728,syn_flood
2581,1781099982.644297,syn_flood
2582,1781099982.644900,http_flood
2583,1781099982.645419,syn_flood
2584,1781099982.645841,syn_flood
2585,1781099982.646236,syn_flood
2586,1781099982.646796,udp_reflection
2587,1781099982.647201,normal
2588,1781099982.647586,syn_flood
2589,1781099982.648146,http_flood
2590,1781099982.648669,normal
2591,1781099982.649267,syn_flood
2592,1781099982.649769,syn_flood
2593,1781099982.650204,http_flood
2594,1781099982.650622,syn_flood
2595,1781099982.651202,syn_flood
2596,1781099982.652092,syn_flood
2597,1781099982.652608,http_flood
2598,1781099982.653102,syn_flood
2599,1781099982.653798,syn_flood
2600,1781099982.654222,http_flood
2601,1781099982.654681,normal
2602,1781099982.655535,http_flood
2603,1781099982.655960,syn_flood
2604,1781099982.656581,syn_flood
2605,1781099982.657317,normal
2606,1781099982.658050,syn_flood
2607,1781099982.658466,syn_flood
2608,1781099982.658987,syn_flood
2609,1781099982.659390,syn_flood
2610,1781099982.659892,udp_reflection
2611,1781099982.660583,syn_flood
2612,1781099982.661360,normal
2613,1781099982.662323,syn_flood
2614,1781099982.662915,syn_flood
2615,1781099982.663437,http_flood
2616,1781099982.663988,syn_flood
2617,1781099982.664623,syn_flood
2618,1781099982.665096,udp_reflection
2619,1781099982.665588,syn_flood
2620,1781099982.666112,normal
2621,1781099982.666512,syn_flood
2622,1781099982.667100,syn_flood
2623,1781099982.667597,udp_reflection
2624,1781099982.668415,http_flood
2625,1781099982.669240,syn_flood
2626,1781099982.669661,syn_flood
2627,1781099982.670258,syn_flood
2628,1781099982.670956,normal
2629,1781099982.671334,syn_flood
2630,1781099982.671726,syn_flood
2631,1781099982.672420,normal
2632,1781099982.673173,syn_flood
2633,1781099982.673794,syn_flood
2634,1781099982.674514,normal
2635,1781099982.675207,normal
2636,1781099982.675951,syn_flood
2637,1781099982.676466,syn_flood
2638,1781099982.677180,syn_flood
2639,1781099982.677567,syn_flood
2640,1781099982.678252,normal
2641,1781099982.678678,normal
2642,1781099982.679196,udp_reflection
2643,1781099982.679614,syn_flood
2644,1781099982.680249,normal
2645,1781099982.680812,syn_flood
2646,1781099982.681362,normal
2647,1781099982.681718,syn_flood
2648,1781099982.682212,syn_flood
2649,1781099982.683023,syn_flood
2650,1781099982.683594,http_flood
2651,1781099982.684150,http_flood
2652,1781099982.684706,http_flood
2653,1781099982.685146,syn_flood
2654,1781099982.685600,normal
2655,1781099982.686141,syn_flood
2656,1781099982.686522,syn_flood
2657,1781099982.687155,syn_flood
2658,1781099982.687726,syn_flood
2659,1781099982.688151,syn_flood
2660,1781099982.688950,syn_flood
2661,1781099982.689731,syn_flood
2662,1781099982.690517,http_flood
2663,1781099982.691023,http_flood
2664,1781099982.691511,syn_flood
2665,1781099982.692051,normal
2666,1781099982.692488,http_flood
2667,1781099982.692953,syn_flood
2668,1781099982.693519,normal
2669,1781099982.693975,http_flood
2670,1781099982.694612,syn_flood
2671,1781099982.695169,syn_flood
2672,1781099982.695671,syn_flood
2673,1781099982.696138,http_flood
2674,1781099982.696847,syn_flood
2675,1781099982.697552,normal
2676,1781099982.698300,syn_flood
2677,1781099982.698759,http_flood
2678,1781099982.699141,syn_flood
2679,1781099982.699550,http_flood
2680,1781099982.700269,normal
2681,1781099982.700933,normal
2682,1781099982.701562,normal
2683,1781099982.702069,http_flood
2684,1781099982.702694,syn_flood
2685,1781099982.703269,syn_flood
2686,1781099982.703860,normal
2687,1781099982.704987,syn_flood
2688,1781099982.705672,syn_flood
2689,1781099982.706099,http_flood
2690,1781099982.706593,syn_flood
2691,1781099982.706974,udp_reflection
2692,1781099982.707674,syn_flood
2693,1781099982.708143,syn_flood
2694,1781099982.708668,syn_flood
2695,1781099982.709251,http_flood
2696,1781099982.709866,normal
2697,1781099982.710356,udp_reflection
2698,1781099982.710792,normal
2699,1781099982.711252,syn_flood
2700,1781099982.711647,syn_flood
2701,1781099982.712150,udp_reflection
2702,1781099982.712890,http_flood
2703,1781099982.713357,syn_flood
2704,1781099982.713810,syn_flood
2705,1781099982.714409,udp_reflection
2706,1781099982.714928,udp_reflection
2707,1781099982.715514,normal
2708,1781099982.716125,udp_reflection
2709,1781099982.716692,syn_flood
2710,1781099982.717229,syn_flood
2711,1781099982.717964,syn_flood
2712,1781099982.718452,syn_flood
2713,1781099982.719056,udp_reflection
2714,1781099982.719541,syn_flood
2715,1781099982.720210,syn_flood
2716,1781099982.720796,syn_flood
2717,1781099982.721277,udp_reflection
2718,1781099982.721897,syn_flood
2719,1781099982.722467,http_flood
2720,1781099982.723058,syn_flood
2721,1781099982.723619,syn_flood
2722,1781099982.724214,syn_flood
2723,1781099982.724637,syn_flood
2724,1781099982.725114,syn_flood
2725,1781099982.725670,http_flood
2726,1781099982.726281,syn_flood
2727,1781099982.726851,udp_reflection
2728,1781099982.727405,udp_reflection
2729,1781099982.728093,syn_flood
2730,1781099982.728622,syn_flood
2731,1781099982.729157,syn_flood
2732,1781099982.729633,syn_flood
2733,1781099982.730180,syn_flood
2734,1781099982.730860,syn_flood
2735,1781099982.731340,syn_flood
2736,1781099982.731722,udp_reflection
2737,1781099982.732267,syn_flood
2738,1781099982.732892,udp_reflection
2739,1781099982.733520,normal
2740,1781099982.733873,syn_flood
2741,1781099982.734393,normal
2742,1781099982.735269,http_flood
2743,1781099982.735838,normal
2744,1781099982.736506,syn_flood
2745,1781099982.737220,udp_reflection
2746,1781099982.737639,normal
2747,1781099982.738153,syn_flood
2748,1781099982.738693,syn_flood
2749,1781099982.739192,normal
2750,1781099982.739815,normal
2751,1781099982.740307,syn_flood
2752,1781099982.741067,syn_flood
2753,1781099982.741794,syn_flood
2754,1781099982.742372,syn_flood
2755,1781099982.743085,syn_flood
2756,1781099982.743922,syn_flood
2757,1781099982.744620,normal
2758,1781099982.745188,syn_flood
2759,1781099982.745710,syn_flood
2760,1781099982.746140,normal
2761,1781099982.746872,udp_reflection
2762,1781099982.747648,syn_flood
2763,1781099982.748100,syn_flood
2764,1781099982.748805,syn_flood
2765,1781099982.749356,http_flood
2766,1781099982.750044,normal
2767,1781099982.750646,syn_flood
2768,1781099982.751310,http_flood
2769,1781099982.752295,syn_flood
2770,1781099982.752878,syn_flood
2771,1781099982.753554,normal
2772,1781099982.754006,syn_flood
2773,1781099982.754714,syn_flood
2774,1781099982.755445,syn_flood
2775,1781099982.755883,syn_flood
2776,1781099982.756454,syn_flood
2777,1781099982.756843,syn_flood
2778,1781099982.757352,udp_reflection
2779,1781099982.757976,syn_flood
2780,1781099982.758496,normal
2781,1781099982.759080,syn_flood
2782,1781099982.759603,syn_flood
2783,1781099982.760173,syn_flood
2784,1781099982.760731,normal
2785,1781099982.761425,http_flood
2786,1781099982.762105,syn_flood
2787,1781099982.762549,syn_flood
2788,1781099982.763097,syn_flood
2789,1781099982.763654,syn_flood
2790,1781099982.764410,normal
2791,1781099982.765175,syn_flood
2792,1781099982.765676,syn_flood
2793,1781099982.766301,normal
2794,1781099982.766922,normal
2795,1781099982.767475,syn_flood
2796,1781099982.768073,syn_flood
2797,1781099982.768539,udp_reflection
2798,1781099982.768926,syn_flood
2799,1781099982.769602,http_flood
2800,1781099982.770234,syn_flood
2801,1781099982.770813,syn_flood
2802,1781099982.771196,syn_flood
2803,1781099982.771597,udp_reflection
2804,1781099982.772134,syn_flood
2805,1781099982.772561,syn_flood
2806,1781099982.773118,http_flood
2807,1781099982.773722,syn_flood
2808,1781099982.774253,syn_flood
2809,1781099982.774749,syn_flood
2810,1781099982.775205,normal
2811,1781099982.775725,http_flood
2812,1781099982.776528,normal
2813,1781099982.777002,http_flood
2814,1781099982.777622,normal
2815,1781099982.778245,syn_flood
2816,1781099982.778786,normal
2817,1781099982.779308,syn_flood
2818,1781099982.779758,normal
2819,1781099982.780398,http_flood
2820,1781099982.781073,syn_flood
2821,1781099982.781548,syn_flood
2822,1781099982.781996,syn_flood
2823,1781099982.782390,udp_reflection
2824,1781099982.783003,syn_flood
2825,1781099982.783494,syn_flood
2826,1781099982.784162,normal
2827,1781099982.784910,syn_flood
2828,1781099982.785437,syn_flood
2829,1781099982.785770,syn_flood
2830,1781099982.786366,http_flood
2831,1781099982.786733,udp_reflection
2832,1781099982.787178,syn_flood
2833,1781099982.787699,normal
2834,1781099982.788293,normal
2835,1781099982.789156,syn_flood
2836,1781099982.789678,syn_flood
2837,1781099982.790411,syn_flood
2838,1781099982.790723,syn_flood
2839,1781099982.791116,syn_flood
2840,1781099982.791764,normal
2841,1781099982.792195,syn_flood
2842,1781099982.792774,syn_flood
2843,1781099982.793374,normal
2844,1781099982.793925,syn_flood
2845,1781099982.794380,syn_flood
2846,1781099982.794997,http_flood
2847,1781099982.795597,normal
2848,1781099982.796221,syn_flood
2849,1781099982.796737,http_flood
2850,1781099982.797398,http_flood
2851,1781099982.797966,normal
2852,1781099982.798506,normal
2853,1781099982.799199,syn_flood
2854,1781099982.799655,http_flood
2855,1781099982.800510,syn_flood
2856,1781099982.801189,syn_flood
2857,1781099982.801840,syn_flood
2858,1781099982.802179,syn_flood
2859,1781099982.802690,normal
2860,1781099982.803099,normal
2861,1781099982.803679,syn_flood
2862,1781099982.804122,normal
2863,1781099982.804716,normal
2864,1781099982.805147,syn_flood
2865,1781099982.805560,syn_flood
2866,1781099982.806226,syn_flood
2867,1781099982.806776,udp_reflection
2868,1781099982.807371,syn_flood
2869,1781099982.807827,syn_flood
2870,1781099982.808354,normal
2871,1781099982.808975,syn_flood
2872,1781099982.809679,http_flood
2873,1781099982.810023,syn_flood
2874,1781099982.810523,http_flood
2875,1781099982.810903,http_flood
2876,1781099982.811456,normal
2877,1781099982.812118,syn_flood
2878,1781099982.812614,syn_flood
2879,1781099982.813125,syn_flood
2880,1781099982.813813,syn_flood
2881,1781099982.814322,syn_flood
2882,1781099982.814965,http_flood
2883,1781099982.815615,syn_flood
2884,1781099982.816298,syn_flood
2885,1781099982.816825,syn_flood
2886,1781099982.817257,syn_flood
2887,1781099982.817694,syn_flood
2888,1781099982.818059,syn_flood
2889,1781099982.818537,syn_flood
2890,1781099982.818989,syn_flood
2891,1781099982.819455,http_flood
2892,1781099982.819731,udp_reflection
2893,1781099982.820304,udp_reflection
2894,1781099982.821035,udp_reflection
2895,1781099982.821760,syn_flood
2896,1781099982.822337,syn_flood
2897,1781099982.822785,syn_flood
2898,1781099982.823380,syn_flood
2899,1781099982.824023,syn_flood
2900,1781099982.824608,normal
2901,1781099982.825275,syn_flood
2902,1781099982.825895,normal
2903,1781099982.826528,normal
2904,1781099982.826945,syn_flood
2905,1781099982.827439,normal
2906,1781099982.828019,normal
2907,1781099982.828467,normal
2908,1781099982.829085,normal
2909,1781099982.829648,udp_reflection
2910,1781099982.830137,syn_flood
2911,1781099982.830659,normal
2912,1781099982.831116,syn_flood
2913,1781099982.832078,syn_flood
2914,1781099982.832613,http_flood
2915,1781099982.832941,syn_flood
2916,1781099982.833462,syn_flood
2917,1781099982.834120,http_flood
2918,1781099982.834585,udp_reflection
2919,1781099982.834961,udp_reflection
2920,1781099982.835338,syn_flood
2921,1781099982.835760,syn_flood
2922,1781099982.836375,http_flood
2923,1781099982.836998,normal
2924,1781099982.837540,normal
2925,1781099982.838099,http_flood
2926,1781099982.838896,syn_flood
2927,1781099982.839516,syn_flood
2928,1781099982.840096,syn_flood
2929,1781099982.840568,udp_reflection
2930,1781099982.840994,syn_flood
2931,1781099982.841435,http_flood
2932,1781099982.842227,syn_flood
2933,1781099982.842697,syn_flood
2934,1781099982.843278,http_flood
2935,1781099982.843933,syn_flood
2936,1781099982.844546,normal
2937,1781099982.844799,syn_flood
2938,1781099982.845276,syn_flood
2939,1781099982.845806,syn_flood
2940,1781099982.846351,syn_flood
2941,1781099982.846928,normal
2942,1781099982.847545,syn_flood
2943,1781099982.848012,normal
2944,1781099982.848675,syn_flood
2945,1781099982.849095,http_flood
2946,1781099982.849649,normal
2947,1781099982.850212,http_flood
2948,1781099982.850730,udp_reflection
2949,1781099982.851397,normal
2950,1781099982.852119,http_flood
2951,1781099982.852651,syn_flood
2952,1781099982.853395,syn_flood
2953,1781099982.853999,syn_flood
2954,1781099982.854473,syn_flood
2955,1781099982.854956,http_flood
2956,1781099982.855514,syn_flood
2957,1781099982.855953,syn_flood
2958,1781099982.856470,normal
2959,1781099982.857097,syn_flood
2960,1781099982.858050,syn_flood
2961,1781099982.858505,http_flood
2962,1781099982.859097,normal
2963,1781099982.859638,syn_flood
2964,1781099982.860308,udp_reflection
2965,1781099982.860931,syn_flood
2966,1781099982.861550,syn_flood
2967,1781099982.862349,normal
2968,1781099982.862940,http_flood
2969,1781099982.863300,normal
2970,1781099982.864334,http_flood
2971,1781099982.864706,syn_flood
2972,1781099982.865193,syn_flood
2973,1781099982.865629,syn_flood
2974,1781099982.866185,syn_flood
2975,1781099982.866690,syn_flood
2976,1781099982.866991,syn_flood
2977,1781099982.867503,syn_flood
2978,1781099982.867878,syn_flood
2979,1781099982.868357,syn_flood
2980,1781099982.869085,syn_flood
2981,1781099982.869584,syn_flood
2982,1781099982.870147,syn_flood
2983,1781099982.870468,syn_flood
2984,1781099982.870942,http_flood
2985,1781099982.871507,http_flood
2986,1781099982.871904,syn_flood
2987,1781099982.872307,http_flood
2988,1781099982.872674,syn_flood
2989,1781099982.873292,udp_reflection
2990,1781099982.873787,syn_flood
2991,1781099982.874307,syn_flood
2992,1781099982.875007,udp_reflection
2993,1781099982.875623,http_flood
2994,1781099982.876281,syn_flood
2995,1781099982.876812,udp_reflection
2996,1781099982.877371,syn_flood
2997,1781099982.877981,normal
2998,1781099982.878699,syn_flood
2999,1781099982.879054,syn_flood
3000,1781099982.879552,syn_flood
3001,1781099982.880136,syn_flood
3002,1781099982.880732,syn_flood
3003,1781099982.881224,syn_flood
3004,1781099982.881762,normal
3005,1781099982.882385,normal
3006,1781099982.883182,syn_flood
3007,1781099982.883661,syn_flood
3008,1781099982.884253,udp_reflection
3009,1781099982.885024,syn_flood
3010,1781099982.885510,syn_flood
3011,1781099982.885985,syn_flood
3012,1781099982.886456,udp_reflection
3013,1781099982.886932,udp_reflection
3014,1781099982.887414,http_flood
3015,1781099982.888081,syn_flood
3016,1781099982.888535,syn_flood
3017,1781099982.889118,syn_flood
3018,1781099982.889563,normal
3019,1781099982.890195,syn_flood
3020,1781099982.890613,udp_reflection
3021,1781099982.891255,udp_reflection
3022,1781099982.891685,syn_flood
3023,1781099982.892250,udp_reflection
3024,1781099982.892839,udp_reflection
3025,1781099982.893481,http_flood
3026,1781099982.894169,syn_flood
3027,1781099982.894653,normal
3028,1781099982.895270,normal
3029,1781099982.895670,syn_flood
3030,1781099982.896261,normal
3031,1781099982.896761,http_flood
3032,1781099982.897022,syn_flood
3033,1781099982.897549,syn_flood
3034,1781099982.898124,syn_flood
3035,1781099982.898595,syn_flood
3036,1781099982.899176,syn_flood
3037,1781099982.899788,http_flood
3038,1781099982.900336,http_flood
3039,1781099982.901076,syn_flood
3040,1781099982.901552,udp_reflection
3041,1781099982.901988,udp_reflection
3042,1781099982.902463,syn_flood
3043,1781099982.903182,normal
3044,1781099982.903802,normal
3045,1781099982.904231,syn_flood
3046,1781099982.904689,syn_flood
3047,1781099982.905853,udp_reflection
3048,1781099982.906430,udp_reflection
3049,1781099982.907137,syn_flood
3050,1781099982.907502,syn_flood
3051,1781099982.907878,syn_flood
3052,1781099982.908553,syn_flood
3053,1781099982.909047,normal
3054,1781099982.909578,normal
3055,1781099982.910071,udp_reflection
3056,1781099982.910617,syn_flood
3057,1781099982.911052,normal
3058,1781099982.911560,syn_flood
3059,1781099982.912109,syn_flood
3060,1781099982.912515,normal
3061,1781099982.913043,normal
3062,1781099982.913576,http_flood
3063,1781099982.914274,udp_reflection
3064,1781099982.914809,syn_flood
3065,1781099982.915340,udp_reflection
3066,1781099982.915868,syn_flood
3067,1781099982.916470,syn_flood
3068,1781099982.917099,syn_flood
3069,1781099982.917568,syn_flood
3070,1781099982.918119,udp_reflection
3071,1781099982.919003,syn_flood
3072,1781099982.919491,normal
3073,1781099982.919934,syn_flood
3074,1781099982.920492,udp_reflection
3075,1781099982.920949,syn_flood
3076,1781099982.921428,normal
3077,1781099982.921863,http_flood
3078,1781099982.922379,syn_flood
3079,1781099982.923008,syn_flood
3080,1781099982.923443,syn_flood
3081,1781099982.923787,syn_flood
3082,1781099982.924262,normal
3083,1781099982.924834,syn_flood
3084,1781099982.925659,udp_reflection
3085,1781099982.926286,syn_flood
3086,1781099982.926895,syn_flood
3087,1781099982.927464,syn_flood
3088,1781099982.927853,syn_flood
3089,1781099982.928532,syn_flood
3090,1781099982.929349,http_flood
3091,1781099982.929882,syn_flood
3092,1781099982.930354,normal
3093,1781099982.930851,syn_flood
3094,1781099982.931385,http_flood
3095,1781099982.931940,syn_flood
3096,1781099982.932432,normal
3097,1781099982.932787,normal
3098,1781099982.933321,syn_flood
3099,1781099982.933870,syn_flood
3100,1781099982.934437,syn_flood
3101,1781099982.935223,syn_flood
3102,1781099982.935672,http_flood
3103,1781099982.936210,syn_flood
3104,1781099982.936794,normal
3105,1781099982.937589,syn_flood
3106,1781099982.938062,syn_flood
3107,1781099982.938738,syn_flood
3108,1781099982.939169,normal
3109,1781099982.939733,normal
3110,1781099982.940140,syn_flood
3111,1781099982.940790,normal
3112,1781099982.941413,syn_flood
3113,1781099982.942175,normal
3114,1781099982.942788,udp_reflection
3115,1781099982.943136,udp_reflection
3116,1781099982.943642,udp_reflection
3117,1781099982.944341,normal
3118,1781099982.944910,syn_flood
3119,1781099982.945559,syn_flood
3120,1781099982.945966,syn_flood
3121,1781099982.946563,syn_flood
3122,1781099982.947188,syn_flood
3123,1781099982.947654,syn_flood
3124,1781099982.948235,syn_flood
3125,1781099982.948826,normal
3126,1781099982.949430,http_flood
3127,1781099982.949884,http_flood
3128,1781099982.950348,http_flood
3129,1781099982.951120,syn_flood
3130,1781099982.951789,udp_reflection
3131,1781099982.952350,syn_flood
3132,1781099982.952794,udp_reflection
3133,1781099982.953283,udp_reflection
3134,1781099982.953841,syn_flood
3135,1781099982.954270,http_flood
3136,1781099982.955146,syn_flood
3137,1781099982.955760,udp_reflection
3138,1781099982.956519,http_flood
3139,1781099982.956857,syn_flood
3140,1781099982.957522,normal
3141,1781099982.958003,syn_flood
3142,1781099982.958431,syn_flood
3143,1781099982.958794,syn_flood
3144,1781099982.959492,udp_reflection
3145,1781099982.960253,syn_flood
3146,1781099982.961042,syn_flood
3147,1781099982.961618,syn_flood
3148,1781099982.962258,syn_flood
3149,1781099982.962618,http_flood
3150,1781099982.963104,syn_flood
3151,1781099982.963748,syn_flood
3152,1781099982.964336,syn_flood
3153,1781099982.965049,udp_reflection
3154,1781099982.965684,http_flood
3155,1781099982.966037,syn_flood
3156,1781099982.966457,udp_reflection
3157,1781099982.966898,syn_flood
3158,1781099982.967446,syn_flood
3159,1781099982.968008,normal
3160,1781099982.968611,syn_flood
3161,1781099982.969028,syn_flood
3162,1781099982.969628,syn_flood
3163,1781099982.970097,syn_flood
3164,1781099982.970507,syn_flood
3165,1781099982.971015,normal
3166,1781099982.971688,normal
3167,1781099982.972277,syn_flood
3168,1781099982.972934,syn_flood
3169,1781099982.973391,syn_flood
3170,1781099982.973986,syn_flood
3171,1781099982.974547,syn_flood
3172,1781099982.975156,syn_flood
3173,1781099982.975713,syn_flood
3174,1781099982.976155,syn_flood
3175,1781099982.976610,udp_reflection
3176,1781099982.977170,udp_reflection
3177,1781099982.977640,http_flood
3178,1781099982.978020,http_flood
3179,1781099982.978595,udp_reflection
3180,1781099982.979215,syn_flood
3181,1781099982.979761,http_flood
3182,1781099982.980197,syn_flood
3183,1781099982.980891,normal
3184,1781099982.981525,syn_flood
3185,1781099982.981967,udp_reflection
3186,1781099982.982356,normal
3187,1781099982.982796,normal
3188,1781099982.983669,udp_reflection
3189,1781099982.984123,normal
3190,1781099982.984802,syn_flood
3191,1781099982.985393,syn_flood
3192,1781099982.986019,syn_flood
3193,1781099982.986507,normal
3194,1781099982.986885,normal
3195,1781099982.987676,syn_flood
3196,1781099982.988096,http_flood
3197,1781099982.988546,normal
3198,1781099982.989020,udp_reflection
3199,1781099982.989638,syn_flood
3200,1781099982.990147,http_flood
3201,1781099982.990620,syn_flood
3202,1781099982.991094,udp_reflection
3203,1781099982.991778,syn_flood
3204,1781099982.992313,normal
3205,1781099982.992926,normal
3206,1781099982.993451,normal
3207,1781099982.993870,udp_reflection
3208,1781099982.994370,syn_flood
3209,1781099982.994746,http_flood
3210,1781099982.995157,http_flood
3211,1781099982.995576,http_flood
3212,1781099982.996173,syn_flood
3213,1781099982.996638,normal
3214,1781099982.996984,syn_flood
3215,1781099982.997584,syn_flood
3216,1781099982.998155,udp_reflection
3217,1781099982.998547,normal
3218,1781099982.999030,normal
3219,1781099982.999407,syn_flood
3220,1781099983.000046,syn_flood
3221,1781099983.000434,normal
3222,1781099983.000906,syn_flood
3223,1781099983.001323,syn_flood
3224,1781099983.002096,syn_flood
3225,1781099983.002880,normal
3226,1781099983.003439,normal
3227,1781099983.004012,syn_flood
3228,1781099983.004579,syn_flood
3229,1781099983.005131,udp_reflection
3230,1781099983.005826,syn_flood
3231,1781099983.006519,udp_reflection
3232,1781099983.007147,syn_flood
3233,1781099983.007843,syn_flood
3234,1781099983.008195,normal
3235,1781099983.008734,normal
3236,1781099983.009128,syn_flood
3237,1781099983.009673,syn_flood
3238,1781099983.010080,udp_reflection
3239,1781099983.010756,http_flood
3240,1781099983.011279,udp_reflection
3241,1781099983.011837,normal
3242,1781099983.012573,syn_flood
3243,1781099983.013313,normal
3244,1781099983.013914,syn_flood
3245,1781099983.014674,normal
3246,1781099983.015203,syn_flood
3247,1781099983.015739,syn_flood
3248,1781099983.016340,syn_flood
3249,1781099983.016865,http_flood
3250,1781099983.017337,syn_flood
3251,1781099983.017912,http_flood
3252,1781099983.018452,udp_reflection
3253,1781099983.018965,syn_flood
3254,1781099983.019468,normal
3255,1781099983.019917,syn_flood
3256,1781099983.020530,udp_reflection
3257,1781099983.021052,syn_flood
3258,1781099983.021493,syn_flood
3259,1781099983.022014,syn_flood
3260,1781099983.022465,udp_reflection
3261,1781099983.023159,syn_flood
3262,1781099983.023802,syn_flood
3263,1781099983.024248,normal
3264,1781099983.024741,syn_flood
3265,1781099983.025356,http_flood
3266,1781099983.025845,syn_flood
3267,1781099983.026567,udp_reflection
3268,1781099983.027214,syn_flood
3269,1781099983.027922,http_flood
3270,1781099983.028430,normal
3271,1781099983.029102,syn_flood
3272,1781099983.029810,http_flood
3273,1781099983.030696,syn_flood
3274,1781099983.031386,udp_reflection
3275,1781099983.031781,syn_flood
3276,1781099983.032258,normal
3277,1781099983.032934,syn_flood
3278,1781099983.033391,syn_flood
3279,1781099983.033769,syn_flood
3280,1781099983.034343,http_flood
3281,1781099983.034874,normal
3282,1781099983.035583,udp_reflection
3283,1781099983.036124,syn_flood
3284,1781099983.036773,syn_flood
3285,1781099983.037414,syn_flood
3286,1781099983.037918,udp_reflection
3287,1781099983.038359,syn_flood
3288,1781099983.038840,syn_flood
3289,1781099983.039274,http_flood
3290,1781099983.039798,normal
3291,1781099983.040350,syn_flood
3292,1781099983.041042,http_flood
3293,1781099983.041565,syn_flood
3294,1781099983.042129,syn_flood
3295,1781099983.042654,normal
3296,1781099983.043370,syn_flood
3297,1781099983.044061,syn_flood
3298,1781099983.044608,normal
3299,1781099983.045146,syn_flood
3300,1781099983.045743,syn_flood
3301,1781099983.046294,normal
3302,1781099983.046764,syn_flood
3303,1781099983.047226,normal
3304,1781099983.047807,syn_flood
3305,1781099983.048154,syn_flood
3306,1781099983.048905,udp_reflection
3307,1781099983.049406,syn_flood
3308,1781099983.050296,normal
3309,1781099983.050793,syn_flood
3310,1781099983.051282,syn_flood
3311,1781099983.051851,normal
3312,1781099983.052429,http_flood
3313,1781099983.052799,normal
3314,1781099983.053246,udp_reflection
3315,1781099983.053770,syn_flood
3316,1781099983.054222,http_flood
3317,1781099983.055073,syn_flood
3318,1781099983.055523,udp_reflection
3319,1781099983.056090,syn_flood
3320,1781099983.056845,syn_flood
3321,1781099983.057423,syn_flood
3322,1781099983.058004,syn_flood
3323,1781099983.058546,syn_flood
3324,1781099983.059168,normal
3325,1781099983.059532,syn_flood
3326,1781099983.060224,http_flood
3327,1781099983.060898,syn_flood
3328,1781099983.061498,normal
3329,1781099983.062191,syn_flood
3330,1781099983.062685,normal
3331,1781099983.063255,syn_flood
3332,1781099983.063817,udp_reflection
3333,1781099983.064493,syn_flood
3334,1781099983.065176,syn_flood
3335,1781099983.065799,syn_flood
3336,1781099983.066236,syn_flood
3337,1781099983.066795,udp_reflection
3338,1781099983.067294,normal
3339,1781099983.067857,syn_flood
3340,1781099983.068485,http_flood
3341,1781099983.069140,http_flood
3342,1781099983.069674,syn_flood
3343,1781099983.070244,normal
3344,1781099983.070696,normal
3345,1781099983.071199,http_flood
3346,1781099983.071652,syn_flood
3347,1781099983.072093,syn_flood
3348,1781099983.072711,udp_reflection
3349,1781099983.073256,syn_flood
3350,1781099983.073736,http_flood
3351,1781099983.074285,normal
3352,1781099983.074914,syn_flood
3353,1781099983.075295,syn_flood
3354,1781099983.076042,syn_flood
3355,1781099983.076648,udp_reflection
3356,1781099983.077190,normal
3357,1781099983.077805,syn_flood
3358,1781099983.078300,syn_flood
3359,1781099983.078794,syn_flood
3360,1781099983.079353,http_flood
3361,1781099983.079878,syn_flood
3362,1781099983.080658,syn_flood
3363,1781099983.081135,syn_flood
3364,1781099983.081670,syn_flood
3365,1781099983.082162,udp_reflection
3366,1781099983.082792,syn_flood
3367,1781099983.083296,udp_reflection
3368,1781099983.083888,syn_flood
3369,1781099983.084352,normal
3370,1781099983.084795,udp_reflection
3371,1781099983.085287,normal
3372,1781099983.085917,udp_reflection
3373,1781099983.086437,normal
3374,1781099983.087042,normal
3375,1781099983.087548,syn_flood
3376,1781099983.088168,syn_flood
3377,1781099983.088883,normal
3378,1781099983.089329,syn_flood
3379,1781099983.089711,normal
3380,1781099983.090327,udp_reflection
3381,1781099983.091022,normal
3382,1781099983.091563,http_flood
3383,1781099983.092093,syn_flood
3384,1781099983.092746,syn_flood
3385,1781099983.093263,http_flood
3386,1781099983.093911,udp_reflection
3387,1781099983.094294,syn_flood
3388,1781099983.095033,http_flood
3389,1781099983.095460,syn_flood
3390,1781099983.095887,syn_flood
3391,1781099983.096430,syn_flood
3392,1781099983.096967,syn_flood
3393,1781099983.097495,syn_flood
3394,1781099983.098203,http_flood
3395,1781099983.098722,syn_flood
3396,1781099983.099203,syn_flood
3397,1781099983.099541,normal
3398,1781099983.100463,syn_flood
3399,1781099983.100852,udp_reflection
3400,1781099983.101425,http_flood
3401,1781099983.101853,udp_reflection
3402,1781099983.102479,http_flood
3403,1781099983.103273,syn_flood
3404,1781099983.103645,normal
3405,1781099983.104159,syn_flood
3406,1781099983.104451,syn_flood
3407,1781099983.105150,syn_flood
3408,1781099983.105957,normal
3409,1781099983.106775,syn_flood
3410,1781099983.107088,syn_flood
3411,1781099983.107497,syn_flood
3412,1781099983.108137,normal
3413,1781099983.108718,normal
3414,1781099983.109285,syn_flood
3415,1781099983.109934,syn_flood
3416,1781099983.110613,http_flood
3417,1781099983.111250,syn_flood
3418,1781099983.111668,udp_reflection
3419,1781099983.112055,syn_flood
3420,1781099983.112485,normal
3421,1781099983.113025,normal
3422,1781099983.113455,syn_flood
3423,1781099983.114012,http_flood
3424,1781099983.114477,syn_flood
3425,1781099983.114870,syn_flood
3426,1781099983.115351,syn_flood
3427,1781099983.115962,syn_flood
3428,1781099983.116645,udp_reflection
3429,1781099983.117071,syn_flood
3430,1781099983.117686,normal
3431,1781099983.118389,http_flood
3432,1781099983.118814,udp_reflection
3433,1781099983.119231,syn_flood
3434,1781099983.119944,normal
3435,1781099983.120407,syn_flood
3436,1781099983.120767,http_flood
3437,1781099983.121736,http_flood
3438,1781099983.122157,http_flood
3439,1781099983.122652,normal
3440,1781099983.123162,syn_flood
3441,1781099983.123760,syn_flood
3442,1781099983.124319,syn_flood
3443,1781099983.124657,http_flood
3444,1781099983.125078,syn_flood
3445,1781099983.125695,normal
3446,1781099983.126079,syn_flood
3447,1781099983.126627,syn_flood
3448,1781099983.127216,syn_flood
3449,1781099983.127582,syn_flood
3450,1781099983.128051,normal
3451,1781099983.128573,http_flood
3452,1781099983.129219,syn_flood
3453,1781099983.130029,syn_flood
3454,1781099983.130466,syn_flood
3455,1781099983.131062,syn_flood
3456,1781099983.131464,syn_flood
3457,1781099983.132038,syn_flood
3458,1781099983.132517,syn_flood
3459,1781099983.132973,syn_flood
3460,1781099983.133683,syn_flood
3461,1781099983.134084,syn_flood
3462,1781099983.134542,syn_flood
3463,1781099983.135153,syn_flood
3464,1781099983.135633,http_flood
3465,1781099983.136059,syn_flood
3466,1781099983.136605,udp_reflection
3467,1781099983.137448,normal
3468,1781099983.137812,normal
3469,1781099983.138339,syn_flood
3470,1781099983.138961,normal
3471,1781099983.139536,syn_flood
3472,1781099983.140121,syn_flood
3473,1781099983.140749,syn_flood
3474,1781099983.141177,normal
3475,1781099983.141514,syn_flood
3476,1781099983.142231,http_flood
3477,1781099983.142607,syn_flood
3478,1781099983.143172,http_flood
3479,1781099983.143686,syn_flood
3480,1781099983.144166,syn_flood
3481,1781099983.144774,syn_flood
3482,1781099983.145248,syn_flood
3483,1781099983.145778,syn_flood
3484,1781099983.146190,syn_flood
3485,1781099983.146899,syn_flood
3486,1781099983.147439,normal
3487,1781099983.148034,syn_flood
3488,1781099983.148468,syn_flood
3489,1781099983.148990,udp_reflection
3490,1781099983.149512,syn_flood
3491,1781099983.150144,syn_flood
3492,1781099983.150745,udp_reflection
3493,1781099983.151120,normal
3494,1781099983.151667,normal
3495,1781099983.152429,syn_flood
3496,1781099983.153046,syn_flood
3497,1781099983.153575,syn_flood
3498,1781099983.154099,udp_reflection
3499,1781099983.154485,normal
3500,1781099983.155417,syn_flood
3501,1781099983.156169,http_flood
3502,1781099983.156731,syn_flood
3503,1781099983.157415,syn_flood
3504,1781099983.158134,udp_reflection
3505,1781099983.158813,udp_reflection
3506,1781099983.159425,udp_reflection
3507,1781099983.160025,udp_reflection
3508,1781099983.160573,syn_flood
3509,1781099983.161277,syn_flood
3510,1781099983.161846,syn_flood
3511,1781099983.162407,udp_reflection
3512,1781099983.163233,http_flood
3513,1781099983.163757,syn_flood
3514,1781099983.164352,syn_flood
3515,1781099983.164956,udp_reflection
3516,1781099983.165351,syn_flood
3517,1781099983.165981,udp_reflection
3518,1781099983.166563,syn_flood
3519,1781099983.167125,syn_flood
3520,1781099983.167650,syn_flood
3521,1781099983.168250,normal
3522,1781099983.168783,syn_flood
3523,1781099983.169437,syn_flood
3524,1781099983.169780,syn_flood
3525,1781099983.170511,udp_reflection
3526,1781099983.170983,syn_flood
3527,1781099983.171605,syn_flood
3528,1781099983.172354,udp_reflection
3529,1781099983.172943,normal
3530,1781099983.173499,syn_flood
3531,1781099983.174078,http_flood
3532,1781099983.174808,syn_flood
3533,1781099983.175276,http_flood
3534,1781099983.175701,normal
3535,1781099983.176154,syn_flood
3536,1781099983.176623,udp_reflection
3537,1781099983.177259,syn_flood
3538,1781099983.177693,syn_flood
3539,1781099983.178168,syn_flood
3540,1781099983.178753,syn_flood
3541,1781099983.179204,udp_reflection
3542,1781099983.179997,normal
3543,1781099983.180433,syn_flood
3544,1781099983.181158,syn_flood
3545,1781099983.181799,syn_flood
3546,1781099983.182420,syn_flood
3547,1781099983.182994,syn_flood
3548,1781099983.183383,udp_reflection
3549,1781099983.184070,http_flood
3550,1781099983.184785,normal
3551,1781099983.185187,syn_flood
3552,1781099983.186139,syn_flood
3553,1781099983.186792,syn_flood
3554,1781099983.187524,syn_flood
3555,1781099983.187974,syn_flood
3556,1781099983.188612,http_flood
3557,1781099983.189121,normal
3558,1781099983.189743,normal
3559,1781099983.190315,syn_flood
3560,1781099983.190777,normal
3561,1781099983.191340,normal
3562,1781099983.191985,syn_flood
3563,1781099983.192590,udp_reflection
3564,1781099983.192986,syn_flood
3565,1781099983.193671,normal
3566,1781099983.194170,syn_flood
3567,1781099983.194905,normal
3568,1781099983.195575,http_flood
3569,1781099983.196100,syn_flood
3570,1781099983.196514,syn_flood
3571,1781099983.196911,udp_reflection
3572,1781099983.197767,syn_flood
3573,1781099983.198406,normal
3574,1781099983.198941,syn_flood
3575,1781099983.199535,syn_flood
3576,1781099983.200112,syn_flood
3577,1781099983.200602,syn_flood
3578,1781099983.201293,udp_reflection
3579,1781099983.201600,normal
3580,1781099983.202094,syn_flood
3581,1781099983.202582,syn_flood
3582,1781099983.203007,normal
3583,1781099983.203661,syn_flood
3584,1781099983.204267,syn_flood
3585,1781099983.204738,syn_flood
3586,1781099983.205214,http_flood
3587,1781099983.205620,syn_flood
3588,1781099983.206048,syn_flood
3589,1781099983.206523,http_flood
3590,1781099983.207043,udp_reflection
3591,1781099983.207644,http_flood
3592,1781099983.208247,syn_flood
3593,1781099983.208661,syn_flood
3594,1781099983.208994,normal
3595,1781099983.209472,syn_flood
3596,1781099983.209972,http_flood
3597,1781099983.210385,normal
3598,1781099983.210761,syn_flood
3599,1781099983.211091,syn_flood
3600,1781099983.211522,normal
3601,1781099983.211872,normal
3602,1781099983.212392,syn_flood
3603,1781099983.213079,normal
3604,1781099983.213734,syn_flood
3605,1781099983.214280,udp_reflection
3606,1781099983.214696,http_flood
3607,1781099983.215164,syn_flood
3608,1781099983.215610,normal
3609,1781099983.216053,syn_flood
3610,1781099983.216597,syn_flood
3611,1781099983.217200,normal
3612,1781099983.217695,normal
3613,1781099983.218310,syn_flood
3614,1781099983.218803,syn_flood
3615,1781099983.219227,normal
3616,1781099983.219742,syn_flood
3617,1781099983.220426,syn_flood
3618,1781099983.220856,normal
3619,1781099983.221552,syn_flood
3620,1781099983.222118,syn_flood
3621,1781099983.222609,http_flood
3622,1781099983.222979,normal
3623,1781099983.223609,syn_flood
3624,1781099983.224058,syn_flood
3625,1781099983.224465,normal
3626,1781099983.225043,syn_flood
3627,1781099983.225714,syn_flood
3628,1781099983.226115,syn_flood
3629,1781099983.226793,normal
3630,1781099983.227267,syn_flood
3631,1781099983.227720,http_flood
3632,1781099983.228394,http_flood
3633,1781099983.228879,normal
3634,1781099983.229330,syn_flood
3635,1781099983.229956,udp_reflection
3636,1781099983.230543,syn_flood
3637,1781099983.231164,syn_flood
3638,1781099983.231765,syn_flood
3639,1781099983.232383,normal
3640,1781099983.232927,normal
3641,1781099983.233459,syn_flood
3642,1781099983.234065,udp_reflection
3643,1781099983.234710,syn_flood
3644,1781099983.235591,udp_reflection
3645,1781099983.236060,syn_flood
3646,1781099983.236542,udp_reflection
3647,1781099983.237142,udp_reflection
3648,1781099983.237648,udp_reflection
3649,1781099983.238522,normal
3650,1781099983.239039,normal
3651,1781099983.239576,syn_flood
3652,1781099983.240202,syn_flood
3653,1781099983.240777,syn_flood
3654,1781099983.241194,http_flood
3655,1781099983.241734,syn_flood
3656,1781099983.242379,syn_flood
3657,1781099983.243036,syn_flood
3658,1781099983.243672,syn_flood
3659,1781099983.244203,syn_flood
3660,1781099983.244638,syn_flood
3661,1781099983.245181,syn_flood
3662,1781099983.245514,http_flood
3663,1781099983.246058,http_flood
3664,1781099983.246601,syn_flood
3665,1781099983.247327,syn_flood
3666,1781099983.247828,http_flood
3667,1781099983.248522,syn_flood
3668,1781099983.249102,normal
3669,1781099983.249549,udp_reflection
3670,1781099983.250125,syn_flood
3671,1781099983.250802,syn_flood
3672,1781099983.251235,http_flood
3673,1781099983.251734,syn_flood
3674,1781099983.252261,syn_flood
3675,1781099983.252927,syn_flood
3676,1781099983.253569,http_flood
3677,1781099983.254106,normal
3678,1781099983.254660,udp_reflection
3679,1781099983.255168,syn_flood
3680,1781099983.255635,syn_flood
3681,1781099983.256191,syn_flood
3682,1781099983.256625,normal
3683,1781099983.257377,syn_flood
3684,1781099983.258011,syn_flood
3685,1781099983.258663,http_flood
3686,1781099983.259168,syn_flood
3687,1781099983.259676,syn_flood
3688,1781099983.260037,syn_flood
3689,1781099983.260373,syn_flood
3690,1781099983.260926,udp_reflection
3691,1781099983.261316,syn_flood
3692,1781099983.261721,normal
3693,1781099983.262524,syn_flood
3694,1781099983.263141,syn_flood
3695,1781099983.263690,syn_flood
3696,1781099983.264547,udp_reflection
3697,1781099983.265238,syn_flood
3698,1781099983.265671,udp_reflection
3699,1781099983.266254,udp_reflection
3700,1781099983.266727,syn_flood
3701,1781099983.267341,syn_flood
3702,1781099983.268023,syn_flood
3703,1781099983.268910,normal
3704,1781099983.269315,syn_flood
3705,1781099983.270064,normal
3706,1781099983.270601,normal
3707,1781099983.271049,syn_flood
3708,1781099983.271723,udp_reflection
3709,1781099983.272382,normal
3710,1781099983.272855,syn_flood
3711,1781099983.273195,syn_flood
3712,1781099983.273607,http_flood
3713,1781099983.274346,syn_flood
3714,1781099983.274765,udp_reflection
3715,1781099983.275559,syn_flood
3716,1781099983.276167,syn_flood
3717,1781099983.276824,syn_flood
3718,1781099983.277676,normal
3719,1781099983.278240,http_flood
3720,1781099983.278903,normal
3721,1781099983.279413,udp_reflection
3722,1781099983.279933,http_flood
3723,1781099983.280282,normal
3724,1781099983.280795,normal
3725,1781099983.281515,syn_flood
3726,1781099983.282093,syn_flood
3727,1781099983.282623,syn_flood
3728,1781099983.283185,udp_reflection
3729,1781099983.283699,http_flood
3730,1781099983.284407,syn_flood
3731,1781099983.285068,syn_flood
3732,1781099983.285573,http_flood
3733,1781099983.286029,normal
3734,1781099983.286639,http_flood
3735,1781099983.287181,syn_flood
3736,1781099983.287884,syn_flood
3737,1781099983.288390,udp_reflection
3738,1781099983.288905,http_flood
3739,1781099983.289423,syn_flood
3740,1781099983.289866,normal
3741,1781099983.290343,normal
3742,1781099983.291160,syn_flood
3743,1781099983.291778,syn_flood
3744,1781099983.292253,normal
3745,1781099983.292839,syn_flood
3746,1781099983.293361,http_flood
3747,1781099983.293790,http_flood
3748,1781099983.294179,syn_flood
3749,1781099983.294639,normal
3750,1781099983.295276,syn_flood
3751,1781099983.295822,syn_flood
3752,1781099983.296595,syn_flood
3753,1781099983.297102,syn_flood
3754,1781099983.297799,normal
3755,1781099983.298328,udp_reflection
3756,1781099983.298840,udp_reflection
3757,1781099983.299503,udp_reflection
3758,1781099983.299942,udp_reflection
3759,1781099983.300497,syn_flood
3760,1781099983.300947,syn_flood
3761,1781099983.301404,udp_reflection
3762,1781099983.301988,http_flood
3763,1781099983.302455,syn_flood
3764,1781099983.302938,syn_flood
3765,1781099983.303556,normal
3766,1781099983.304089,syn_flood
3767,1781099983.304675,normal
3768,1781099983.305215,syn_flood
3769,1781099983.305638,syn_flood
3770,1781099983.306213,syn_flood
3771,1781099983.306711,udp_reflection
3772,1781099983.307188,syn_flood
3773,1781099983.307720,syn_flood
3774,1781099983.308277,syn_flood
3775,1781099983.308920,syn_flood
3776,1781099983.309441,normal
3777,1781099983.310155,syn_flood
3778,1781099983.310508,syn_flood
3779,1781099983.310856,normal
3780,1781099983.311383,syn_flood
3781,1781099983.311790,syn_flood
3782,1781099983.312216,syn_flood
3783,1781099983.312754,syn_flood
3784,1781099983.313319,syn_flood
3785,1781099983.313801,syn_flood
3786,1781099983.314462,syn_flood
3787,1781099983.315080,syn_flood
3788,1781099983.315566,syn_flood
3789,1781099983.316110,syn_flood
3790,1781099983.316562,normal
3791,1781099983.317363,normal
3792,1781099983.318062,syn_flood
3793,1781099983.318621,syn_flood
3794,1781099983.319246,syn_flood
3795,1781099983.319726,udp_reflection
3796,1781099983.320289,syn_flood
3797,1781099983.321197,http_flood
3798,1781099983.321723,udp_reflection
3799,1781099983.322153,syn_flood
3800,1781099983.322987,http_flood
3801,1781099983.323673,syn_flood
3802,1781099983.324160,syn_flood
3803,1781099983.324810,syn_flood
3804,1781099983.325429,normal
3805,1781099983.325830,syn_flood
3806,1781099983.326456,syn_flood
3807,1781099983.327077,normal
3808,1781099983.327725,normal
3809,1781099983.328239,normal
3810,1781099983.328921,syn_flood
3811,1781099983.329424,syn_flood
3812,1781099983.329862,syn_flood
3813,1781099983.330340,syn_flood
3814,1781099983.331022,udp_reflection
3815,1781099983.331416,syn_flood
3816,1781099983.331887,syn_flood
3817,1781099983.332551,normal
3818,1781099983.333066,syn_flood
3819,1781099983.333574,syn_flood
3820,1781099983.334224,normal
3821,1781099983.334829,normal
3822,1781099983.335343,syn_flood
3823,1781099983.335936,udp_reflection
3824,1781099983.336430,syn_flood
3825,1781099983.336937,udp_reflection
3826,1781099983.337516,syn_flood
3827,1781099983.338095,http_flood
3828,1781099983.338625,syn_flood
3829,1781099983.338982,syn_flood
3830,1781099983.339627,syn_flood
3831,1781099983.340519,normal
3832,1781099983.341301,syn_flood
3833,1781099983.341884,udp_reflection
3834,1781099983.342441,syn_flood
3835,1781099983.343099,normal
3836,1781099983.343756,syn_flood
3837,1781099983.344428,http_flood
3838,1781099983.345111,udp_reflection
3839,1781099983.345733,syn_flood
3840,1781099983.346429,normal
3841,1781099983.346918,syn_flood
3842,1781099983.347615,http_flood
3843,1781099983.347986,normal
3844,1781099983.348531,syn_flood
3845,1781099983.349177,http_flood
3846,1781099983.349826,syn_flood
3847,1781099983.350333,syn_flood
3848,1781099983.350736,syn_flood
3849,1781099983.351320,http_flood
3850,1781099983.351726,syn_flood
3851,1781099983.352135,syn_flood
3852,1781099983.352805,normal
3853,1781099983.353111,udp_reflection
3854,1781099983.353919,http_flood
3855,1781099983.354431,syn_flood
3856,1781099983.355032,syn_flood
3857,1781099983.355646,udp_reflection
3858,1781099983.356261,syn_flood
3859,1781099983.356609,normal
3860,1781099983.357533,syn_flood
3861,1781099983.358156,syn_flood
3862,1781099983.358634,syn_flood
3863,1781099983.359322,udp_reflection
3864,1781099983.359929,normal
3865,1781099983.360401,http_flood
3866,1781099983.360729,syn_flood
3867,1781099983.361274,syn_flood
3868,1781099983.361892,http_flood
3869,1781099983.362363,syn_flood
3870,1781099983.362940,syn_flood
3871,1781099983.363442,http_flood
3872,1781099983.364123,syn_flood
3873,1781099983.364635,syn_flood
3874,1781099983.365176,syn_flood
3875,1781099983.365969,syn_flood
3876,1781099983.366611,syn_flood
3877,1781099983.367142,syn_flood
3878,1781099983.367706,syn_flood
3879,1781099983.368204,syn_flood
3880,1781099983.368637,syn_flood
3881,1781099983.369119,udp_reflection
3882,1781099983.369782,normal
3883,1781099983.370317,syn_flood
3884,1781099983.370826,syn_flood
3885,1781099983.371383,normal
3886,1781099983.371849,syn_flood
3887,1781099983.372822,syn_flood
3888,1781099983.373357,http_flood
3889,1781099983.373940,syn_flood
3890,1781099983.374397,normal
3891,1781099983.374916,normal
3892,1781099983.375459,syn_flood
3893,1781099983.376193,normal
3894,1781099983.376714,normal
3895,1781099983.377075,syn_flood
3896,1781099983.377652,syn_flood
3897,1781099983.378201,udp_reflection
3898,1781099983.378536,syn_flood
3899,1781099983.379189,syn_flood
3900,1781099983.379800,syn_flood
3901,1781099983.380374,syn_flood
3902,1781099983.380958,syn_flood
3903,1781099983.381315,syn_flood
3904,1781099983.381933,syn_flood
3905,1781099983.382357,udp_reflection
3906,1781099983.382785,syn_flood
3907,1781099983.383318,udp_reflection
3908,1781099983.383819,syn_flood
3909,1781099983.384247,syn_flood
3910,1781099983.384662,udp_reflection
3911,1781099983.385209,syn_flood
3912,1781099983.385694,syn_flood
3913,1781099983.386228,syn_flood
3914,1781099983.387047,http_flood
3915,1781099983.387516,http_flood
3916,1781099983.388183,syn_flood
3917,1781099983.388770,syn_flood
3918,1781099983.389308,normal
3919,1781099983.389765,normal
3920,1781099983.390174,syn_flood
3921,1781099983.390820,udp_reflection
3922,1781099983.391284,syn_flood
3923,1781099983.391855,syn_flood
3924,1781099983.392203,syn_flood
3925,1781099983.393091,normal
3926,1781099983.393668,normal
3927,1781099983.394071,http_flood
3928,1781099983.394645,normal
3929,1781099983.395049,syn_flood
3930,1781099983.395629,udp_reflection
3931,1781099983.396206,syn_flood
3932,1781099983.396783,udp_reflection
3933,1781099983.397256,syn_flood
3934,1781099983.397692,syn_flood
3935,1781099983.398286,syn_flood
3936,1781099983.398868,udp_reflection
3937,1781099983.399309,udp_reflection
3938,1781099983.399866,udp_reflection
3939,1781099983.400306,syn_flood
3940,1781099983.400789,udp_reflection
3941,1781099983.401546,syn_flood
3942,1781099983.402007,syn_flood
3943,1781099983.402499,udp_reflection
3944,1781099983.403074,syn_flood
3945,1781099983.403720,syn_flood
3946,1781099983.404253,http_flood
3947,1781099983.404775,syn_flood
3948,1781099983.405433,syn_flood
3949,1781099983.406064,syn_flood
3950,1781099983.406501,normal
3951,1781099983.407032,syn_flood
3952,1781099983.407593,normal
3953,1781099983.408138,syn_flood
3954,1781099983.408715,syn_flood
3955,1781099983.409165,syn_flood
3956,1781099983.409652,syn_flood
3957,1781099983.410091,syn_flood
3958,1781099983.410516,normal
3959,1781099983.411219,syn_flood
3960,1781099983.411950,normal
3961,1781099983.412501,http_flood
3962,1781099983.412955,syn_flood
3963,1781099983.413404,syn_flood
3964,1781099983.414214,normal
3965,1781099983.414781,syn_flood
3966,1781099983.415351,syn_flood
3967,1781099983.415864,udp_reflection
3968,1781099983.416234,syn_flood
3969,1781099983.416858,syn_flood
3970,1781099983.417417,normal
3971,1781099983.418020,syn_flood
3972,1781099983.418728,syn_flood
3973,1781099983.419347,udp_reflection
3974,1781099983.419888,syn_flood
3975,1781099983.420407,syn_flood
3976,1781099983.421129,syn_flood
3977,1781099983.421631,udp_reflection
3978,1781099983.422077,http_flood
3979,1781099983.422583,normal
3980,1781099983.423324,syn_flood
3981,1781099983.423941,syn_flood
3982,1781099983.424445,syn_flood
3983,1781099983.424846,normal
3984,1781099983.425421,http_flood
3985,1781099983.425919,normal
3986,1781099983.426553,syn_flood
3987,1781099983.427073,syn_flood
3988,1781099983.427686,syn_flood
3989,1781099983.428098,syn_flood
3990,1781099983.428672,syn_flood
3991,1781099983.429138,normal
3992,1781099983.429683,http_flood
3993,1781099983.430152,normal
3994,1781099983.430655,syn_flood
3995,1781099983.431270,syn_flood
3996,1781099983.431675,udp_reflection
3997,1781099983.432197,syn_flood
3998,1781099983.432857,normal
3999,1781099983.433416,http_flood
4000,1781099983.434051,syn_flood
4001,1781099983.434882,syn_flood
4002,1781099983.435382,syn_flood
4003,1781099983.435902,normal
4004,1781099983.436359,syn_flood
4005,1781099983.436817,syn_flood
4006,1781099983.437271,syn_flood
4007,1781099983.437764,syn_flood
4008,1781099983.438256,normal
4009,1781099983.438658,normal
4010,1781099983.439062,normal
4011,1781099983.439558,syn_flood
4012,1781099983.440193,syn_flood
4013,1781099983.440782,normal
4014,1781099983.441216,syn_flood
4015,1781099983.442008,normal
4016,1781099983.442493,normal
4017,1781099983.443133,http_flood
4018,1781099983.443750,udp_reflection
4019,1781099983.444317,syn_flood
4020,1781099983.444679,udp_reflection
4021,1781099983.445399,syn_flood
4022,1781099983.445869,syn_flood
4023,1781099983.446454,udp_reflection
4024,1781099983.447090,syn_flood
4025,1781099983.447539,http_flood
4026,1781099983.447984,normal
4027,1781099983.448533,syn_flood
4028,1781099983.449131,normal
4029,1781099983.449795,normal
4030,1781099983.450192,http_flood
4031,1781099983.450595,udp_reflection
4032,1781099983.451188,syn_flood
4033,1781099983.451886,udp_reflection
4034,1781099983.452259,normal
4035,1781099983.452920,syn_flood
4036,1781099983.453454,syn_flood
4037,1781099983.454205,http_flood
4038,1781099983.454669,syn_flood
4039,1781099983.454997,http_flood
4040,1781099983.455659,syn_flood
4041,1781099983.456081,syn_flood
4042,1781099983.456477,syn_flood
4043,1781099983.457002,syn_flood
4044,1781099983.457402,syn_flood
4045,1781099983.458036,udp_reflection
4046,1781099983.458798,syn_flood
4047,1781099983.459344,syn_flood
4048,1781099983.460084,http_flood
4049,1781099983.460592,normal
4050,1781099983.461087,syn_flood
4051,1781099983.461662,udp_reflection
4052,1781099983.462176,syn_flood
4053,1781099983.462809,syn_flood
4054,1781099983.463568,syn_flood
4055,1781099983.464292,http_flood
4056,1781099983.465053,http_flood
4057,1781099983.465464,normal
4058,1781099983.466093,normal
4059,1781099983.466544,syn_flood
4060,1781099983.467186,syn_flood
4061,1781099983.467685,normal
4062,1781099983.468172,normal
4063,1781099983.468700,http_flood
4064,1781099983.469064,syn_flood
4065,1781099983.469643,syn_flood
4066,1781099983.470217,syn_flood
4067,1781099983.470781,syn_flood
4068,1781099983.471195,syn_flood
4069,1781099983.471702,syn_flood
4070,1781099983.472244,syn_flood
4071,1781099983.472756,normal
4072,1781099983.473301,syn_flood
4073,1781099983.473878,syn_flood
4074,1781099983.474425,normal
4075,1781099983.474877,syn_flood
4076,1781099983.475269,syn_flood
4077,1781099983.475754,udp_reflection
4078,1781099983.476274,http_flood
4079,1781099983.476795,syn_flood
4080,1781099983.477298,syn_flood
4081,1781099983.477919,syn_flood
4082,1781099983.478549,syn_flood
4083,1781099983.479150,syn_flood
4084,1781099983.479808,syn_flood
4085,1781099983.480301,syn_flood
4086,1781099983.480661,syn_flood
4087,1781099983.481271,syn_flood
4088,1781099983.481816,syn_flood
4089,1781099983.482380,syn_flood
4090,1781099983.482864,syn_flood
4091,1781099983.483425,syn_flood
4092,1781099983.483990,normal
4093,1781099983.484610,syn_flood
4094,1781099983.485160,normal
4095,1781099983.485814,syn_flood
4096,1781099983.486222,http_flood
4097,1781099983.486623,syn_flood
4098,1781099983.487180,syn_flood
4099,1781099983.487756,udp_reflection
4100,1781099983.488304,syn_flood
4101,1781099983.488806,normal
4102,1781099983.489376,syn_flood
4103,1781099983.489949,syn_flood
4104,1781099983.490487,syn_flood
4105,1781099983.491035,http_flood
4106,1781099983.491687,syn_flood
4107,1781099983.492253,http_flood
4108,1781099983.492955,syn_flood
4109,1781099983.493651,http_flood
4110,1781099983.494466,http_flood
4111,1781099983.495221,syn_flood
4112,1781099983.495752,http_flood
4113,1781099983.496281,http_flood
4114,1781099983.496805,syn_flood
4115,1781099983.497307,syn_flood
4116,1781099983.497904,syn_flood
4117,1781099983.498326,syn_flood
4118,1781099983.498901,syn_flood
4119,1781099983.499604,syn_flood
4120,1781099983.500077,syn_flood
4121,1781099983.500534,normal
4122,1781099983.501030,syn_flood
4123,1781099983.501722,http_flood
4124,1781099983.502205,syn_flood
4125,1781099983.502760,normal
4126,1781099983.503130,syn_flood
4127,1781099983.503633,http_flood
4128,1781099983.504223,http_flood
4129,1781099983.504782,syn_flood
4130,1781099983.505284,syn_flood
4131,1781099983.505763,syn_flood
4132,1781099983.506435,normal
4133,1781099983.507015,syn_flood
4134,1781099983.507686,udp_reflection
4135,1781099983.508509,udp_reflection
4136,1781099983.509158,syn_flood
4137,1781099983.509816,http_flood
4138,1781099983.510300,http_flood
4139,1781099983.511038,normal
4140,1781099983.511703,normal
4141,1781099983.512323,syn_flood
4142,1781099983.512970,syn_flood
4143,1781099983.513460,http_flood
4144,1781099983.513905,syn_flood
4145,1781099983.514463,syn_flood
4146,1781099983.514925,syn_flood
4147,1781099983.515725,http_flood
4148,1781099983.516369,udp_reflection
4149,1781099983.517180,normal
4150,1781099983.517537,normal
4151,1781099983.518229,syn_flood
4152,1781099983.518636,syn_flood
4153,1781099983.519204,syn_flood
4154,1781099983.519591,syn_flood
4155,1781099983.520127,syn_flood
4156,1781099983.520725,syn_flood
4157,1781099983.521278,syn_flood
4158,1781099983.521859,normal
4159,1781099983.522510,normal
4160,1781099983.523041,normal
4161,1781099983.523461,udp_reflection
4162,1781099983.523998,http_flood
4163,1781099983.524416,syn_flood
4164,1781099983.524831,http_flood
4165,1781099983.525449,normal
4166,1781099983.525884,udp_reflection
4167,1781099983.526432,http_flood
4168,1781099983.526778,syn_flood
4169,1781099983.527191,syn_flood
4170,1781099983.527706,syn_flood
4171,1781099983.528506,syn_flood
4172,1781099983.528893,http_flood
4173,1781099983.529274,http_flood
4174,1781099983.529811,normal
4175,1781099983.530318,normal
4176,1781099983.530855,normal
4177,1781099983.531350,syn_flood
4178,1781099983.531782,syn_flood
4179,1781099983.532169,syn_flood
4180,1781099983.533105,udp_reflection
4181,1781099983.534020,syn_flood
4182,1781099983.534631,http_flood
4183,1781099983.535222,syn_flood
4184,1781099983.535779,syn_flood
4185,1781099983.536370,syn_flood
4186,1781099983.536936,normal
4187,1781099983.537544,syn_flood
4188,1781099983.537968,syn_flood
4189,1781099983.538442,syn_flood
4190,1781099983.538974,syn_flood
4191,1781099983.539490,syn_flood
4192,1781099983.539943,syn_flood
4193,1781099983.540546,normal
4194,1781099983.540877,syn_flood
4195,1781099983.541295,syn_flood
4196,1781099983.541903,syn_flood
4197,1781099983.542445,normal
4198,1781099983.543068,normal
4199,1781099983.543627,udp_reflection
4200,1781099983.544193,normal
4201,1781099983.544569,syn_flood
4202,1781099983.545228,syn_flood
4203,1781099983.545830,normal
4204,1781099983.546862,http_flood
4205,1781099983.547452,http_flood
4206,1781099983.548090,normal
4207,1781099983.548683,syn_flood
4208,1781099983.549105,syn_flood
4209,1781099983.549814,http_flood
4210,1781099983.550332,syn_flood
4211,1781099983.550840,syn_flood
4212,1781099983.551634,syn_flood
4213,1781099983.552049,syn_flood
4214,1781099983.552503,normal
4215,1781099983.553103,normal
4216,1781099983.553557,udp_reflection
4217,1781099983.554044,udp_reflection
4218,1781099983.554482,syn_flood
4219,1781099983.554968,syn_flood
4220,1781099983.555539,syn_flood
4221,1781099983.556118,http_flood
4222,1781099983.556468,syn_flood
4223,1781099983.556905,http_flood
4224,1781099983.557379,syn_flood
4225,1781099983.558106,http_flood
4226,1781099983.558754,syn_flood
4227,1781099983.559336,normal
4228,1781099983.559925,syn_flood
4229,1781099983.560520,syn_flood
4230,1781099983.560993,udp_reflection
4231,1781099983.561587,syn_flood
4232,1781099983.562264,udp_reflection
4233,1781099983.562666,normal
4234,1781099983.563109,http_flood
4235,1781099983.563592,udp_reflection
4236,1781099983.564002,udp_reflection
4237,1781099983.564405,syn_flood
4238,1781099983.565062,syn_flood
4239,1781099983.565618,syn_flood
4240,1781099983.566057,http_flood
4241,1781099983.566642,normal
4242,1781099983.567238,normal
4243,1781099983.567884,syn_flood
4244,1781099983.568332,syn_flood
4245,1781099983.568834,normal
4246,1781099983.569171,normal
4247,1781099983.569853,syn_flood
4248,1781099983.570494,syn_flood
4249,1781099983.570982,syn_flood
4250,1781099983.571535,http_flood
4251,1781099983.571987,syn_flood
4252,1781099983.572544,syn_flood
4253,1781099983.573061,syn_flood
4254,1781099983.573502,normal
4255,1781099983.573989,syn_flood
4256,1781099983.574622,syn_flood
4257,1781099983.575320,syn_flood
4258,1781099983.575738,syn_flood
4259,1781099983.576125,syn_flood
4260,1781099983.576776,syn_flood
4261,1781099983.577419,syn_flood
4262,1781099983.577873,udp_reflection
4263,1781099983.578270,syn_flood
4264,1781099983.578776,http_flood
4265,1781099983.579221,syn_flood
4266,1781099983.579681,udp_reflection
4267,1781099983.580257,syn_flood
4268,1781099983.580788,syn_flood
4269,1781099983.581408,syn_flood
4270,1781099983.582010,normal
4271,1781099983.582567,normal
4272,1781099983.582922,http_flood
4273,1781099983.583632,normal
4274,1781099983.584451,normal
4275,1781099983.584975,normal
4276,1781099983.585452,syn_flood
4277,1781099983.585931,http_flood
4278,1781099983.586308,syn_flood
4279,1781099983.586666,http_flood
4280,1781099983.587347,syn_flood
4281,1781099983.588004,syn_flood
4282,1781099983.588508,normal
4283,1781099983.589059,syn_flood
4284,1781099983.589446,syn_flood
4285,1781099983.590073,udp_reflection
4286,1781099983.590668,normal
4287,1781099983.591031,syn_flood
4288,1781099983.591508,syn_flood
4289,1781099983.592246,syn_flood
4290,1781099983.593010,normal
4291,1781099983.593633,syn_flood
4292,1781099983.594052,syn_flood
4293,1781099983.594800,syn_flood
4294,1781099983.595305,normal
4295,1781099983.595845,normal
4296,1781099983.596325,syn_flood
4297,1781099983.596776,syn_flood
4298,1781099983.597398,syn_flood
4299,1781099983.597806,normal
4300,1781099983.598431,udp_reflection
4301,1781099983.598970,syn_flood
4302,1781099983.599519,syn_flood
4303,1781099983.600188,http_flood
4304,1781099983.600724,syn_flood
4305,1781099983.601334,http_flood
4306,1781099983.601984,syn_flood
4307,1781099983.602466,udp_reflection
4308,1781099983.602956,syn_flood
4309,1781099983.603342,normal
4310,1781099983.603735,syn_flood
4311,1781099983.604179,normal
4312,1781099983.604793,syn_flood
4313,1781099983.605258,http_flood
4314,1781099983.605805,syn_flood
4315,1781099983.606200,syn_flood
4316,1781099983.606690,syn_flood
4317,1781099983.607242,syn_flood
4318,1781099983.607783,syn_flood
4319,1781099983.608368,syn_flood
4320,1781099983.609039,syn_flood
4321,1781099983.609515,syn_flood
4322,1781099983.609960,http_flood
4323,1781099983.610604,normal
4324,1781099983.611107,http_flood
4325,1781099983.611593,syn_flood
4326,1781099983.612109,syn_flood
4327,1781099983.612760,syn_flood
4328,1781099983.613301,syn_flood
4329,1781099983.613624,syn_flood
4330,1781099983.614086,normal
4331,1781099983.614884,syn_flood
4332,1781099983.615392,http_flood
4333,1781099983.616216,http_flood
4334,1781099983.616685,normal
4335,1781099983.617270,udp_reflection
4336,1781099983.617940,syn_flood
4337,1781099983.618423,syn_flood
4338,1781099983.619011,http_flood
4339,1781099983.619469,syn_flood
4340,1781099983.619931,udp_reflection
4341,1781099983.620603,syn_flood
4342,1781099983.621133,http_flood
4343,1781099983.621774,http_flood
4344,1781099983.622410,syn_flood
4345,1781099983.622806,syn_flood
4346,1781099983.623389,syn_flood
4347,1781099983.623901,syn_flood
4348,1781099983.624552,syn_flood
4349,1781099983.625215,syn_flood
4350,1781099983.625714,syn_flood
4351,1781099983.626277,syn_flood
4352,1781099983.626628,syn_flood
4353,1781099983.627538,syn_flood
4354,1781099983.628176,udp_reflection
4355,1781099983.628890,udp_reflection
4356,1781099983.629496,syn_flood
4357,1781099983.630318,syn_flood
4358,1781099983.631203,udp_reflection
4359,1781099983.631886,syn_flood
4360,1781099983.632534,normal
4361,1781099983.632956,syn_flood
4362,1781099983.633470,normal
4363,1781099983.634028,syn_flood
4364,1781099983.634750,http_flood
4365,1781099983.635273,http_flood
4366,1781099983.635698,udp_reflection
4367,1781099983.636489,syn_flood
4368,1781099983.637011,udp_reflection
4369,1781099983.637485,syn_flood
4370,1781099983.637873,udp_reflection
4371,1781099983.638398,syn_flood
4372,1781099983.638902,syn_flood
4373,1781099983.639787,normal
4374,1781099983.640142,syn_flood
4375,1781099983.640761,syn_flood
4376,1781099983.641136,syn_flood
4377,1781099983.641674,http_flood
4378,1781099983.642076,syn_flood
4379,1781099983.642648,syn_flood
4380,1781099983.643224,syn_flood
4381,1781099983.643755,syn_flood
4382,1781099983.644251,syn_flood
4383,1781099983.644994,normal
4384,1781099983.645518,syn_flood
4385,1781099983.646093,syn_flood
4386,1781099983.646718,syn_flood
4387,1781099983.647202,http_flood
4388,1781099983.647912,udp_reflection
4389,1781099983.648407,udp_reflection
4390,1781099983.648810,http_flood
4391,1781099983.649161,syn_flood
4392,1781099983.649574,syn_flood
4393,1781099983.650000,syn_flood
4394,1781099983.650515,syn_flood
4395,1781099983.651195,syn_flood
4396,1781099983.651805,http_flood
4397,1781099983.652388,syn_flood
4398,1781099983.652833,normal
4399,1781099983.655030,normal
4400,1781099983.656266,normal
4401,1781099983.658023,normal
4402,1781099983.660091,normal
4403,1781099983.662120,normal
4404,1781099983.664432,normal
4405,1781099983.666188,syn_flood
4406,1781099983.667336,normal
4407,1781099983.668793,normal
4408,1781099983.670491,syn_flood
4409,1781099983.672461,normal
4410,1781099983.673904,normal
4411,1781099983.675362,normal
4412,1781099983.676964,normal
4413,1781099983.678723,normal
4414,1781099983.680147,normal
4415,1781099983.681641,normal
4416,1781099983.683015,normal
4417,1781099983.685325,normal
4418,1781099983.687175,normal
4419,1781099983.689116,udp_reflection
4420,1781099983.691065,normal
4421,1781099983.692864,normal
4422,1781099983.694694,normal
4423,1781099983.696496,normal
4424,1781099983.698393,normal
4425,1781099983.700195,normal
4426,1781099983.702190,syn_flood
4427,1781099983.704033,normal
4428,1781099983.706324,normal
4429,1781099983.708123,normal
4430,1781099983.709713,normal
4431,1781099983.711848,normal
4432,1781099983.713042,syn_flood
4433,1781099983.715205,normal
4434,1781099983.718466,normal
4435,1781099983.720320,syn_flood
4436,1781099983.721655,normal
4437,1781099983.723121,normal
4438,1781099983.724870,normal
4439,1781099983.727452,normal
4440,1781099983.728895,normal
4441,1781099983.730651,normal
4442,1781099983.731729,normal
4443,1781099983.733207,normal
4444,1781099983.735000,normal
4445,1781099983.736842,normal
4446,1781099983.739248,syn_flood
4447,1781099983.741023,normal
4448,1781099983.742943,syn_flood
4449,1781099983.744773,normal
4450,1781099983.747305,syn_flood
4451,1781099983.749380,normal
4452,1781099983.750751,syn_flood
4453,1781099983.752269,normal
4454,1781099983.754452,normal
4455,1781099983.756647,normal
4456,1781099983.758756,syn_flood
4457,1781099983.760490,normal
4458,1781099983.762260,normal
4459,1781099983.764055,normal
4460,1781099983.766240,normal
4461,1781099983.767935,normal
4462,1781099983.769955,normal
4463,1781099983.771470,normal
4464,1781099983.773070,http_flood
4465,1781099983.775241,normal
4466,1781099983.777023,normal
4467,1781099983.779277,normal
4468,1781099983.781543,normal
4469,1781099983.783050,normal
4470,1781099983.784341,normal
4471,1781099983.786169,normal
4472,1781099983.787644,syn_flood
4473,1781099983.788828,normal
4474,1781099983.790571,normal
4475,1781099983.792423,normal
4476,1781099983.794365,normal
4477,1781099983.797040,normal
4478,1781099983.798532,normal
4479,1781099983.800112,syn_flood
4480,1781099983.802093,normal
4481,1781099983.803612,normal
4482,1781099983.805520,udp_reflection
4483,1781099983.807847,normal
4484,1781099983.809464,normal
4485,1781099983.811159,normal
4486,1781099983.812457,normal
4487,1781099983.814181,syn_flood
4488,1781099983.815732,normal
4489,1781099983.817903,normal
4490,1781099983.819798,normal
4491,1781099983.821920,normal
4492,1781099983.823292,syn_flood
4493,1781099983.825419,syn_flood
4494,1781099983.826604,syn_flood
4495,1781099983.829486,normal
4496,1781099983.831361,normal
4497,1781099983.832885,normal
4498,1781099983.834454,http_flood
4499,1781099983.837059,normal
4500,1781099983.838609,normal
4501,1781099983.840628,normal
4502,1781099983.842777,normal
4503,1781099983.844274,normal
4504,1781099983.846222,normal
4505,1781099983.848846,normal
4506,1781099983.851284,normal
4507,1781099983.853299,normal
4508,1781099983.854751,normal
4509,1781099983.856376,normal
4510,1781099983.858500,normal
4511,1781099983.860342,normal
4512,1781099983.861841,normal
4513,1781099983.863513,normal
4514,1781099983.865387,normal
4515,1781099983.867292,normal
4516,1781099983.869099,syn_flood
4517,1781099983.870667,http_flood
4518,1781099983.872255,syn_flood
4519,1781099983.873853,syn_flood
4520,1781099983.875201,normal
4521,1781099983.876590,normal
4522,1781099983.878211,normal
4523,1781099983.879753,normal
4524,1781099983.881413,normal
4525,1781099983.883076,normal
4526,1781099983.884792,normal
4527,1781099983.886546,syn_flood
4528,1781099983.888852,udp_reflection
4529,1781099983.890984,normal
4530,1781099983.892799,normal
4531,1781099983.894928,http_flood
4532,1781099983.896563,normal
4533,1781099983.898672,normal
4534,1781099983.900089,normal
4535,1781099983.901960,normal
4536,1781099983.903366,normal
4537,1781099983.904953,normal
4538,1781099983.906623,normal
4539,1781099983.908740,normal
4540,1781099983.910739,syn_flood
4541,1781099983.913481,normal
4542,1781099983.915148,normal
4543,1781099983.917193,normal
4544,1781099983.918913,normal
4545,1781099983.920572,syn_flood
4546,1781099983.922303,normal
4547,1781099983.924229,normal
4548,1781099983.925899,syn_flood
4549,1781099983.927978,normal
4550,1781099983.929829,normal
4551,1781099983.931849,syn_flood
4552,1781099983.934200,normal
4553,1781099983.935478,normal
4554,1781099983.936920,normal
4555,1781099983.938555,syn_flood
4556,1781099983.940494,normal
4557,1781099983.941859,normal
4558,1781099983.943522,syn_flood
4559,1781099983.945052,normal
4560,1781099983.946263,udp_reflection
4561,1781099983.947827,normal
4562,1781099983.948909,normal
4563,1781099983.950470,normal
4564,1781099983.952498,normal
4565,1781099983.954701,normal
4566,1781099983.956504,normal
4567,1781099983.957989,normal
4568,1781099983.959963,udp_reflection
4569,1781099983.960832,normal
4570,1781099983.962668,normal
4571,1781099983.964703,normal
4572,1781099983.967678,normal
4573,1781099983.969092,http_flood
4574,1781099983.970667,syn_flood
4575,1781099983.972365,normal
4576,1781099983.973712,normal
4577,1781099983.975629,normal
4578,1781099983.977242,http_flood
4579,1781099983.978768,normal
4580,1781099983.980837,syn_flood
4581,1781099983.982462,normal
4582,1781099983.984191,normal
4583,1781099983.986469,udp_reflection
4584,1781099983.988058,normal
4585,1781099983.989289,syn_flood
4586,1781099983.990599,normal
4587,1781099983.992387,normal
4588,1781099983.994479,normal
4589,1781099983.996170,normal
4590,1781099983.998219,syn_flood
4591,1781099983.999717,normal
4592,1781099984.001389,normal
4593,1781099984.003067,normal
4594,1781099984.004667,normal
4595,1781099984.006193,normal
4596,1781099984.008311,udp_reflection
4597,1781099984.010353,http_flood
4598,1781099984.011617,normal
4599,1781099984.013453,udp_reflection
4600,1781099984.015480,normal
4601,1781099984.017714,normal
4602,1781099984.019925,normal
4603,1781099984.021512,normal
4604,1781099984.023522,syn_flood
4605,1781099984.025264,normal
4606,1781099984.027293,normal
4607,1781099984.028961,normal
4608,1781099984.030449,normal
4609,1781099984.031988,normal
4610,1781099984.033913,syn_flood
4611,1781099984.035424,udp_reflection
4612,1781099984.036955,normal
4613,1781099984.039221,syn_flood
4614,1781099984.040853,normal
4615,1781099984.042508,udp_reflection
4616,1781099984.044086,normal
4617,1781099984.046128,normal
4618,1781099984.048292,syn_flood
4619,1781099984.049673,syn_flood
4620,1781099984.051445,normal
4621,1781099984.053215,normal
4622,1781099984.055244,normal
4623,1781099984.056448,normal
4624,1781099984.058491,normal
4625,1781099984.060059,normal
4626,1781099984.061350,normal
4627,1781099984.063437,normal
4628,1781099984.065467,normal
4629,1781099984.066993,normal
4630,1781099984.068549,normal
4631,1781099984.069961,normal
4632,1781099984.070997,normal
4633,1781099984.072812,normal
4634,1781099984.074415,normal
4635,1781099984.076112,normal
4636,1781099984.077957,normal
4637,1781099984.079426,syn_flood
4638,1781099984.081209,normal
4639,1781099984.082848,normal
4640,1781099984.084469,normal
4641,1781099984.085466,normal
4642,1781099984.087095,normal
4643,1781099984.088436,syn_flood
4644,1781099984.089979,normal
4645,1781099984.092149,normal
4646,1781099984.094042,normal
4647,1781099984.095352,normal
4648,1781099984.097380,normal
4649,1781099984.099112,syn_flood
4650,1781099984.101032,normal
4651,1781099984.102494,syn_flood
4652,1781099984.104640,normal
4653,1781099984.105970,normal
4654,1781099984.107967,normal
4655,1781099984.109028,normal
4656,1781099984.111131,normal
4657,1781099984.112963,normal
4658,1781099984.114928,normal
4659,1781099984.116431,normal
4660,1781099984.118449,normal
4661,1781099984.120507,http_flood
4662,1781099984.121701,syn_flood
4663,1781099984.123574,syn_flood
4664,1781099984.125366,normal
4665,1781099984.126592,normal
4666,1781099984.128304,normal
4667,1781099984.129935,normal
4668,1781099984.131810,normal
4669,1781099984.133978,normal
4670,1781099984.135747,normal
4671,1781099984.137113,normal
4672,1781099984.139322,normal
4673,1781099984.140831,syn_flood
4674,1781099984.142773,normal
4675,1781099984.145150,syn_flood
4676,1781099984.147356,normal
4677,1781099984.149066,syn_flood
4678,1781099984.150992,syn_flood
4679,1781099984.153062,syn_flood
4680,1781099984.155619,normal
4681,1781099984.157795,normal
4682,1781099984.159714,http_flood
4683,1781099984.162277,syn_flood
4684,1781099984.164523,normal
4685,1781099984.166155,normal
4686,1781099984.168003,normal
4687,1781099984.169317,normal
4688,1781099984.170634,normal
4689,1781099984.172531,normal
4690,1781099984.174439,normal
4691,1781099984.175875,normal
4692,1781099984.177962,normal
4693,1781099984.179455,syn_flood
4694,1781099984.181509,normal
4695,1781099984.183135,normal
4696,1781099984.184704,normal
4697,1781099984.186996,normal
4698,1781099984.188404,normal
4699,1781099984.189978,normal
4700,1781099984.192235,normal
4701,1781099984.194137,normal
4702,1781099984.196703,syn_flood
4703,1781099984.198384,normal
4704,1781099984.200304,normal
4705,1781099984.201856,normal
4706,1781099984.203705,normal
4707,1781099984.205747,normal
4708,1781099984.207384,normal
4709,1781099984.208517,syn_flood
4710,1781099984.210215,normal
4711,1781099984.211702,normal
4712,1781099984.213322,normal
4713,1781099984.215384,normal
4714,1781099984.217272,syn_flood
4715,1781099984.219093,normal
4716,1781099984.220448,normal
4717,1781099984.222244,normal
4718,1781099984.224106,normal
4719,1781099984.225827,normal
4720,1781099984.227728,normal
4721,1781099984.229451,syn_flood
4722,1781099984.230931,http_flood
4723,1781099984.233038,udp_reflection
4724,1781099984.235316,syn_flood
4725,1781099984.237051,normal
4726,1781099984.238354,udp_reflection
4727,1781099984.239545,normal
4728,1781099984.240888,normal
4729,1781099984.242907,normal
4730,1781099984.244872,normal
4731,1781099984.246902,normal
4732,1781099984.248457,normal
4733,1781099984.251469,normal
4734,1781099984.253425,syn_flood
4735,1781099984.255579,normal
4736,1781099984.257318,normal
4737,1781099984.259268,syn_flood
4738,1781099984.260429,normal
4739,1781099984.262208,http_flood
4740,1781099984.263386,syn_flood
4741,1781099984.266232,normal
4742,1781099984.267293,syn_flood
4743,1781099984.268441,syn_flood
4744,1781099984.270149,normal
4745,1781099984.271919,normal
4746,1781099984.274451,syn_flood
4747,1781099984.276476,normal
4748,1781099984.277810,normal
4749,1781099984.279041,normal
4750,1781099984.281165,normal
4751,1781099984.282618,normal
4752,1781099984.284377,normal
4753,1781099984.286704,normal
4754,1781099984.288718,normal
4755,1781099984.290197,normal
4756,1781099984.291979,normal
4757,1781099984.293826,syn_flood
4758,1781099984.295710,normal
4759,1781099984.297383,syn_flood
4760,1781099984.298828,normal
4761,1781099984.300979,normal
4762,1781099984.303288,normal
4763,1781099984.304700,normal
4764,1781099984.306558,normal
4765,1781099984.308314,normal
4766,1781099984.309476,normal
4767,1781099984.310869,normal
4768,1781099984.312316,normal
4769,1781099984.313944,normal
4770,1781099984.315808,udp_reflection
4771,1781099984.317596,normal
4772,1781099984.318811,normal
4773,1781099984.320946,normal
4774,1781099984.322402,normal
4775,1781099984.323793,normal
4776,1781099984.326287,normal
4777,1781099984.327741,normal
4778,1781099984.329955,normal
4779,1781099984.331677,normal
4780,1781099984.333390,normal
4781,1781099984.334888,syn_flood
4782,1781099984.336930,normal
4783,1781099984.338612,normal
4784,1781099984.339859,normal
4785,1781099984.342879,normal
4786,1781099984.344950,normal
4787,1781099984.346370,normal
4788,1781099984.348474,syn_flood
4789,1781099984.350127,normal
4790,1781099984.352552,normal
4791,1781099984.354558,normal
4792,1781099984.356379,normal
4793,1781099984.359117,http_flood
4794,1781099984.361051,normal
4795,1781099984.363155,normal
4796,1781099984.364513,normal
4797,1781099984.367119,syn_flood
4798,1781099984.368586,normal
4799,1781099984.370702,normal
4800,1781099984.372350,normal
4801,1781099984.374219,http_flood
4802,1781099984.375956,normal
4803,1781099984.378040,normal
4804,1781099984.379580,http_flood
4805,1781099984.382270,syn_flood
4806,1781099984.384062,normal
4807,1781099984.385581,http_flood
4808,1781099984.387072,normal
4809,1781099984.388699,normal
4810,1781099984.391643,syn_flood
4811,1781099984.393159,http_flood
4812,1781099984.394500,normal
4813,1781099984.395858,normal
4814,1781099984.398138,syn_flood
4815,1781099984.400044,normal
4816,1781099984.401279,normal
4817,1781099984.402626,normal
4818,1781099984.404538,normal
4819,1781099984.406562,normal
4820,1781099984.407824,syn_flood
4821,1781099984.410212,normal
4822,1781099984.411977,normal
4823,1781099984.413677,syn_flood
4824,1781099984.415413,syn_flood
4825,1781099984.417470,normal
4826,1781099984.419833,syn_flood
4827,1781099984.421718,normal
4828,1781099984.423620,normal
4829,1781099984.425870,normal
4830,1781099984.427838,normal
4831,1781099984.430018,syn_flood
4832,1781099984.431392,udp_reflection
4833,1781099984.433705,normal
4834,1781099984.435884,syn_flood
4835,1781099984.437305,syn_flood
4836,1781099984.439252,syn_flood
4837,1781099984.440483,normal
4838,1781099984.442373,normal
4839,1781099984.444004,normal
4840,1781099984.447086,syn_flood
4841,1781099984.448846,normal
4842,1781099984.450575,http_flood
4843,1781099984.452340,normal
4844,1781099984.454317,normal
4845,1781099984.455931,syn_flood
4846,1781099984.457669,normal
4847,1781099984.459153,normal
4848,1781099984.461384,normal
4849,1781099984.464361,normal
4850,1781099984.465978,normal
4851,1781099984.467491,normal
4852,1781099984.469479,normal
4853,1781099984.471514,normal
4854,1781099984.473336,normal
4855,1781099984.475487,normal
4856,1781099984.477298,normal
4857,1781099984.479187,normal
4858,1781099984.480535,normal
4859,1781099984.483076,normal
4860,1781099984.484803,normal
4861,1781099984.486050,normal
4862,1781099984.488888,normal
4863,1781099984.490258,normal
4864,1781099984.492025,normal
4865,1781099984.493922,normal
4866,1781099984.495772,syn_flood
4867,1781099984.497196,normal
4868,1781099984.498633,normal
4869,1781099984.500275,normal
4870,1781099984.501720,normal
4871,1781099984.503380,normal
4872,1781099984.504781,normal
4873,1781099984.507221,normal
4874,1781099984.509080,normal
4875,1781099984.511111,normal
4876,1781099984.512811,normal
4877,1781099984.514178,normal
4878,1781099984.516035,normal
4879,1781099984.517435,normal
4880,1781099984.519278,normal
4881,1781099984.521107,normal
4882,1781099984.522349,normal
4883,1781099984.523690,normal
4884,1781099984.525989,normal
4885,1781099984.527791,normal
4886,1781099984.529348,normal
4887,1781099984.531240,normal
4888,1781099984.532772,normal
4889,1781099984.534670,normal
4890,1781099984.536009,normal
4891,1781099984.537510,syn_flood
4892,1781099984.539057,syn_flood
4893,1781099984.541085,normal
4894,1781099984.542528,normal
4895,1781099984.544187,syn_flood
4896,1781099984.545982,normal
4897,1781099984.547532,normal
4898,1781099984.549433,normal
4899,1781099984.550796,syn_flood
4900,1781099984.552372,normal
4901,1781099984.554346,normal
4902,1781099984.556691,normal
4903,1781099984.558279,normal
4904,1781099984.560083,normal
4905,1781099984.562207,normal
4906,1781099984.564739,normal
4907,1781099984.567167,udp_reflection
4908,1781099984.568484,normal
4909,1781099984.570406,normal
4910,1781099984.571655,syn_flood
4911,1781099984.573339,udp_reflection
4912,1781099984.574977,normal
4913,1781099984.576782,normal
4914,1781099984.578345,normal
4915,1781099984.579875,normal
4916,1781099984.581006,normal
4917,1781099984.582867,normal
4918,1781099984.585208,normal
4919,1781099984.586612,normal
4920,1781099984.588676,normal
4921,1781099984.589963,normal
4922,1781099984.591550,normal
4923,1781099984.593646,syn_flood
4924,1781099984.595356,syn_flood
4925,1781099984.597841,normal
4926,1781099984.598900,normal
4927,1781099984.601189,normal
4928,1781099984.603533,normal
4929,1781099984.605860,normal
4930,1781099984.607943,normal
4931,1781099984.609937,normal
4932,1781099984.611783,normal
4933,1781099984.613474,normal
4934,1781099984.615192,normal
4935,1781099984.616699,udp_reflection
4936,1781099984.618816,normal
4937,1781099984.620067,normal
4938,1781099984.621690,normal
4939,1781099984.623375,normal
4940,1781099984.625950,normal
4941,1781099984.627853,normal
4942,1781099984.629618,http_flood
4943,1781099984.631055,normal
4944,1781099984.632621,normal
4945,1781099984.634601,normal
4946,1781099984.635796,normal
4947,1781099984.638090,normal
4948,1781099984.640477,normal
4949,1781099984.642251,normal
4950,1781099984.644584,normal
4951,1781099984.646100,normal
4952,1781099984.648638,syn_flood
4953,1781099984.650057,normal
4954,1781099984.652059,syn_flood
4955,1781099984.653410,syn_flood
4956,1781099984.654996,syn_flood
4957,1781099984.656540,normal
4958,1781099984.658690,normal
4959,1781099984.660881,http_flood
4960,1781099984.662265,normal
4961,1781099984.663757,syn_flood
4962,1781099984.665194,normal
4963,1781099984.667050,normal
4964,1781099984.668491,normal
4965,1781099984.669951,normal
4966,1781099984.671778,syn_flood
4967,1781099984.673310,http_flood
4968,1781099984.675381,normal
4969,1781099984.676676,normal
4970,1781099984.679123,normal
4971,1781099984.680634,normal
4972,1781099984.682260,normal
4973,1781099984.684371,syn_flood
4974,1781099984.685885,normal
4975,1781099984.687394,normal
4976,1781099984.689976,syn_flood
4977,1781099984.691743,syn_flood
4978,1781099984.693674,normal
4979,1781099984.695258,syn_flood
4980,1781099984.696945,normal
4981,1781099984.698669,normal
4982,1781099984.700247,normal
4983,1781099984.701988,syn_flood
4984,1781099984.703784,normal
4985,1781099984.706081,normal
4986,1781099984.707956,syn_flood
4987,1781099984.709275,syn_flood
4988,1781099984.711242,normal
4989,1781099984.713132,normal
4990,1781099984.714541,normal
4991,1781099984.716455,normal
4992,1781099984.718687,normal
4993,1781099984.720280,normal
4994,1781099984.722084,normal
4995,1781099984.725463,normal
4996,1781099984.726905,normal
4997,1781099984.729444,normal
4998,1781099984.731677,syn_flood
4999,1781099984.733190,normal
5000,1781099984.735442,normal
5001,1781099984.736760,normal
5002,1781099984.737984,normal
5003,1781099984.739880,normal
5004,1781099984.741953,syn_flood
5005,1781099984.743762,normal
5006,1781099984.745164,normal
5007,1781099984.747075,normal
5008,1781099984.749288,normal
5009,1781099984.751677,syn_flood
5010,1781099984.753637,udp_reflection
5011,1781099984.755872,normal
5012,1781099984.758113,normal
5013,1781099984.759709,normal
5014,1781099984.761751,normal
5015,1781099984.764027,normal
5016,1781099984.765566,normal
5017,1781099984.767033,normal
5018,1781099984.768837,normal
5019,1781099984.770552,syn_flood
5020,1781099984.771966,normal
5021,1781099984.774433,normal
5022,1781099984.776127,http_flood
5023,1781099984.777706,normal
5024,1781099984.779994,normal
5025,1781099984.781894,normal
5026,1781099984.783762,normal
5027,1781099984.786143,normal
5028,1781099984.788459,syn_flood
5029,1781099984.790983,normal
5030,1781099984.792851,normal
5031,1781099984.794118,syn_flood
5032,1781099984.795875,normal
5033,1781099984.797411,syn_flood
5034,1781099984.799810,normal
5035,1781099984.801152,normal
5036,1781099984.803416,normal
5037,1781099984.805111,normal
5038,1781099984.806641,syn_flood
5039,1781099984.808113,normal
5040,1781099984.809928,syn_flood
5041,1781099984.812003,syn_flood
5042,1781099984.814215,udp_reflection
5043,1781099984.816257,syn_flood
5044,1781099984.818207,normal
5045,1781099984.821028,normal
5046,1781099984.822497,syn_flood
5047,1781099984.824440,normal
5048,1781099984.826786,normal
5049,1781099984.828373,syn_flood
5050,1781099984.830294,normal
5051,1781099984.832029,normal
5052,1781099984.833476,normal
5053,1781099984.835176,udp_reflection
5054,1781099984.836563,normal
5055,1781099984.838149,normal
5056,1781099984.840592,normal
5057,1781099984.841814,normal
5058,1781099984.843285,normal
5059,1781099984.845937,normal
5060,1781099984.847677,normal
5061,1781099984.849978,normal
5062,1781099984.851400,normal
5063,1781099984.852460,normal
5064,1781099984.854884,normal
5065,1781099984.856495,normal
5066,1781099984.858228,normal
5067,1781099984.860241,normal
5068,1781099984.862180,normal
5069,1781099984.864020,normal
5070,1781099984.865211,syn_flood
5071,1781099984.867587,normal
5072,1781099984.869503,syn_flood
5073,1781099984.870711,syn_flood
5074,1781099984.872674,normal
5075,1781099984.874198,normal
5076,1781099984.876326,normal
5077,1781099984.877738,normal
5078,1781099984.879258,normal
5079,1781099984.881231,normal
5080,1781099984.882435,normal
5081,1781099984.884899,udp_reflection
5082,1781099984.886154,normal
5083,1781099984.887504,normal
5084,1781099984.889088,normal
5085,1781099984.891049,normal
5086,1781099984.892890,normal
5087,1781099984.894898,normal
5088,1781099984.896676,syn_flood
5089,1781099984.898098,syn_flood
5090,1781099984.900299,normal
5091,1781099984.902479,syn_flood
5092,1781099984.903913,normal
5093,1781099984.905925,normal
5094,1781099984.908528,syn_flood
5095,1781099984.910265,normal
5096,1781099984.912539,normal
5097,1781099984.914689,udp_reflection
5098,1781099984.916693,normal
5099,1781099984.919317,normal
5100,1781099984.920596,normal
5101,1781099984.921974,http_flood
5102,1781099984.923809,normal
5103,1781099984.925400,normal
5104,1781099984.927307,normal
5105,1781099984.929125,normal
5106,1781099984.930976,normal
5107,1781099984.932542,normal
5108,1781099984.934833,normal
5109,1781099984.936977,normal
5110,1781099984.939912,normal
5111,1781099984.941743,normal
5112,1781099984.943062,normal
5113,1781099984.945243,normal
5114,1781099984.947098,syn_flood
5115,1781099984.948170,syn_flood
5116,1781099984.949447,normal
5117,1781099984.951104,normal
5118,1781099984.952612,normal
5119,1781099984.955617,normal
5120,1781099984.957875,normal
5121,1781099984.959857,normal
5122,1781099984.961641,normal
5123,1781099984.963346,normal
5124,1781099984.964774,syn_flood
5125,1781099984.966761,normal
5126,1781099984.968706,normal
5127,1781099984.970623,syn_flood
5128,1781099984.971886,normal
5129,1781099984.974054,http_flood
5130,1781099984.976875,normal
5131,1781099984.978784,normal
5132,1781099984.980629,normal
5133,1781099984.982478,normal
5134,1781099984.983922,normal
5135,1781099984.985829,syn_flood
5136,1781099984.987803,normal
5137,1781099984.990459,normal
5138,1781099984.992085,normal
5139,1781099984.993756,normal
5140,1781099984.995797,normal
5141,1781099984.997214,normal
5142,1781099984.999216,syn_flood
5143,1781099985.002356,normal
5144,1781099985.004112,normal
5145,1781099985.006643,normal
5146,1781099985.008305,normal
5147,1781099985.010587,http_flood
5148,1781099985.012073,normal
5149,1781099985.013809,normal
5150,1781099985.015528,http_flood
5151,1781099985.017085,normal
5152,1781099985.018523,normal
5153,1781099985.020129,syn_flood
5154,1781099985.022064,normal
5155,1781099985.023384,normal
5156,1781099985.024662,normal
5157,1781099985.026155,normal
5158,1781099985.028275,normal
5159,1781099985.030259,syn_flood
5160,1781099985.032646,normal
5161,1781099985.034396,http_flood
5162,1781099985.035740,normal
5163,1781099985.037579,normal
5164,1781099985.038783,http_flood
5165,1781099985.040710,normal
5166,1781099985.042140,normal
5167,1781099985.045333,normal
5168,1781099985.046652,normal
5169,1781099985.048206,normal
5170,1781099985.050105,normal
5171,1781099985.052145,normal
5172,1781099985.053943,syn_flood
5173,1781099985.056416,syn_flood
5174,1781099985.058100,normal
5175,1781099985.060241,normal
5176,1781099985.062496,normal
5177,1781099985.064597,normal
5178,1781099985.066293,normal
5179,1781099985.068546,normal
5180,1781099985.070613,syn_flood
5181,1781099985.071973,normal
5182,1781099985.073683,normal
5183,1781099985.075135,syn_flood
5184,1781099985.076755,normal
5185,1781099985.078859,normal
5186,1781099985.080718,normal
5187,1781099985.083320,normal
5188,1781099985.085020,syn_flood
5189,1781099985.087268,normal
5190,1781099985.089776,syn_flood
5191,1781099985.091687,normal
5192,1781099985.093106,syn_flood
5193,1781099985.094736,syn_flood
5194,1781099985.097036,normal
5195,1781099985.098897,normal
5196,1781099985.101326,normal
5197,1781099985.103281,normal
5198,1781099985.105033,http_flood
5199,1781099985.106472,normal
5200,1781099985.108374,normal
5201,1781099985.109943,syn_flood
5202,1781099985.111187,normal
5203,1781099985.113355,normal
5204,1781099985.115571,syn_flood
5205,1781099985.117548,normal
5206,1781099985.120866,syn_flood
5207,1781099985.123265,normal
5208,1781099985.124890,normal
5209,1781099985.126926,normal
5210,1781099985.128462,normal
5211,1781099985.129780,normal
5212,1781099985.131895,normal
5213,1781099985.133226,normal
5214,1781099985.135384,normal
5215,1781099985.136948,normal
5216,1781099985.139485,normal
5217,1781099985.141188,syn_flood
5218,1781099985.142926,normal
5219,1781099985.145165,normal
5220,1781099985.147320,normal
5221,1781099985.148793,normal
5222,1781099985.150620,syn_flood
5223,1781099985.152033,normal
5224,1781099985.153390,normal
5225,1781099985.155796,normal
5226,1781099985.157406,syn_flood
5227,1781099985.159053,http_flood
5228,1781099985.161114,syn_flood
5229,1781099985.163195,normal
5230,1781099985.166010,normal
5231,1781099985.167602,normal
5232,1781099985.169232,normal
5233,1781099985.171050,syn_flood
5234,1781099985.172786,normal
5235,1781099985.173980,normal
5236,1781099985.175798,normal
5237,1781099985.177983,normal
5238,1781099985.179669,normal
5239,1781099985.181093,syn_flood
5240,1781099985.182504,normal
5241,1781099985.184255,normal
5242,1781099985.185686,normal
5243,1781099985.187488,syn_flood
5244,1781099985.189214,normal
5245,1781099985.191494,normal
5246,1781099985.193490,normal
5247,1781099985.194982,normal
5248,1781099985.197094,normal
5249,1781099985.198901,normal
5250,1781099985.200603,normal
5251,1781099985.202119,normal
5252,1781099985.203940,normal
5253,1781099985.206332,normal
5254,1781099985.208091,syn_flood
5255,1781099985.209506,normal
5256,1781099985.211517,syn_flood
5257,1781099985.214058,normal
5258,1781099985.215729,normal
5259,1781099985.217594,syn_flood
5260,1781099985.219348,syn_flood
5261,1781099985.221302,normal
5262,1781099985.222764,normal
5263,1781099985.224693,normal
5264,1781099985.225978,normal
5265,1781099985.227810,syn_flood
5266,1781099985.229865,normal
5267,1781099985.231444,normal
5268,1781099985.233141,normal
5269,1781099985.234903,normal
5270,1781099985.237364,normal
5271,1781099985.238797,normal
5272,1781099985.240768,syn_flood
5273,1781099985.242289,normal
5274,1781099985.243874,normal
5275,1781099985.245245,normal
5276,1781099985.246985,normal
5277,1781099985.248181,normal
5278,1781099985.249909,normal
5279,1781099985.251776,normal
5280,1781099985.253093,normal
5281,1781099985.254510,normal
5282,1781099985.256104,normal
5283,1781099985.257581,normal
5284,1781099985.259252,syn_flood
5285,1781099985.260988,normal
5286,1781099985.263364,normal
5287,1781099985.265226,syn_flood
5288,1781099985.266815,syn_flood
5289,1781099985.268117,udp_reflection
5290,1781099985.270464,normal
5291,1781099985.271969,normal
5292,1781099985.273113,syn_flood
5293,1781099985.275318,normal
5294,1781099985.276972,normal
5295,1781099985.278908,normal
5296,1781099985.280106,udp_reflection
5297,1781099985.282128,syn_flood
5298,1781099985.283377,normal
5299,1781099985.285371,normal
5300,1781099985.287909,normal
5301,1781099985.289911,normal
5302,1781099985.291765,normal
5303,1781099985.292919,normal
5304,1781099985.294190,normal
5305,1781099985.296033,normal
5306,1781099985.299154,normal
5307,1781099985.300671,normal
5308,1781099985.302449,normal
5309,1781099985.304351,syn_flood
5310,1781099985.305657,http_flood
5311,1781099985.307874,normal
5312,1781099985.309280,normal
5313,1781099985.311225,normal
5314,1781099985.313038,normal
5315,1781099985.315672,normal
5316,1781099985.317382,normal
5317,1781099985.318973,normal
5318,1781099985.320955,normal
5319,1781099985.323344,syn_flood
5320,1781099985.325252,normal
5321,1781099985.327327,syn_flood
5322,1781099985.329705,normal
5323,1781099985.332198,normal
5324,1781099985.333573,syn_flood
5325,1781099985.335574,normal
5326,1781099985.337074,normal
5327,1781099985.338533,normal
5328,1781099985.340676,normal
5329,1781099985.342743,normal
5330,1781099985.344876,normal
5331,1781099985.346718,normal
5332,1781099985.348797,normal
5333,1781099985.350955,normal
5334,1781099985.352400,normal
5335,1781099985.354132,normal
5336,1781099985.356457,http_flood
5337,1781099985.358256,normal
5338,1781099985.359968,normal
5339,1781099985.361643,normal
5340,1781099985.363262,syn_flood
5341,1781099985.365176,normal
5342,1781099985.367515,syn_flood
5343,1781099985.369514,normal
5344,1781099985.371895,normal
5345,1781099985.373899,normal
5346,1781099985.374822,syn_flood
5347,1781099985.376139,syn_flood
5348,1781099985.378530,normal
5349,1781099985.380692,syn_flood
5350,1781099985.382331,normal
5351,1781099985.383909,syn_flood
5352,1781099985.386024,normal
5353,1781099985.387783,normal
5354,1781099985.389250,http_flood
5355,1781099985.390876,normal
5356,1781099985.392345,normal
5357,1781099985.393524,normal
5358,1781099985.396326,normal
5359,1781099985.398337,syn_flood
5360,1781099985.400257,normal
5361,1781099985.401210,normal
5362,1781099985.403625,normal
5363,1781099985.404994,normal
5364,1781099985.407067,normal
5365,1781099985.409431,normal
5366,1781099985.410988,syn_flood
5367,1781099985.413060,normal
5368,1781099985.414727,normal
5369,1781099985.416677,normal
5370,1781099985.418642,normal
5371,1781099985.420159,normal
5372,1781099985.422021,normal
5373,1781099985.423600,normal
5374,1781099985.425050,normal
5375,1781099985.427103,syn_flood
5376,1781099985.428769,normal
5377,1781099985.431061,normal
5378,1781099985.432631,normal
5379,1781099985.434455,normal
5380,1781099985.436047,syn_flood
5381,1781099985.438584,normal
5382,1781099985.439946,syn_flood
5383,1781099985.441756,http_flood
5384,1781099985.443891,normal
5385,1781099985.445654,normal
5386,1781099985.447354,normal
5387,1781099985.449655,syn_flood
5388,1781099985.451288,normal
5389,1781099985.452961,syn_flood
5390,1781099985.454714,normal
5391,1781099985.456282,normal
5392,1781099985.457522,http_flood
5393,1781099985.458946,normal
5394,1781099985.460898,normal
5395,1781099985.462624,normal
5396,1781099985.464436,normal
5397,1781099985.466249,normal
5398,1781099985.467816,syn_flood
5399,1781099985.469096,normal
5400,1781099985.470417,syn_flood
5401,1781099985.472632,normal
5402,1781099985.473899,syn_flood
5403,1781099985.475524,normal
5404,1781099985.477993,syn_flood
5405,1781099985.480161,syn_flood
5406,1781099985.482576,http_flood
5407,1781099985.483671,normal
5408,1781099985.484942,syn_flood
5409,1781099985.487103,normal
5410,1781099985.489355,normal
5411,1781099985.491304,normal
5412,1781099985.492932,normal
5413,1781099985.494523,http_flood
5414,1781099985.496152,normal
5415,1781099985.497657,normal
5416,1781099985.500016,normal
5417,1781099985.502495,normal
5418,1781099985.503460,http_flood
5419,1781099985.505120,normal
5420,1781099985.506781,normal
5421,1781099985.508946,syn_flood
5422,1781099985.511019,normal
5423,1781099985.512535,normal
5424,1781099985.514375,normal
5425,1781099985.516540,normal
5426,1781099985.519299,normal
5427,1781099985.521653,normal
5428,1781099985.523129,normal
5429,1781099985.525460,normal
5430,1781099985.527260,normal
5431,1781099985.529627,normal
5432,1781099985.531198,normal
5433,1781099985.532663,normal
5434,1781099985.534512,syn_flood
5435,1781099985.536577,syn_flood
5436,1781099985.538209,normal
5437,1781099985.539758,normal
5438,1781099985.541782,normal
5439,1781099985.543901,normal
5440,1781099985.546071,normal
5441,1781099985.547915,normal
5442,1781099985.550083,normal
5443,1781099985.551398,normal
5444,1781099985.552736,normal
5445,1781099985.554256,normal
5446,1781099985.557298,normal
5447,1781099985.558815,normal
5448,1781099985.560878,normal
5449,1781099985.563027,syn_flood
5450,1781099985.564687,syn_flood
5451,1781099985.566917,http_flood
5452,1781099985.568279,normal
5453,1781099985.569967,normal
5454,1781099985.571660,normal
5455,1781099985.573334,normal
5456,1781099985.575324,normal
5457,1781099985.577859,syn_flood
5458,1781099985.579307,normal
5459,1781099985.581173,normal
5460,1781099985.583284,http_flood
5461,1781099985.584670,syn_flood
5462,1781099985.586391,normal
5463,1781099985.588777,udp_reflection
5464,1781099985.590520,normal
5465,1781099985.592562,syn_flood
5466,1781099985.594422,http_flood
5467,1781099985.595790,normal
5468,1781099985.597279,normal
5469,1781099985.598530,normal
5470,1781099985.600618,normal
5471,1781099985.602146,normal
5472,1781099985.604212,normal
5473,1781099985.605481,normal
5474,1781099985.607555,normal
5475,1781099985.608875,normal
5476,1781099985.611091,normal
5477,1781099985.612936,normal
5478,1781099985.614990,normal
5479,1781099985.616332,normal
5480,1781099985.617922,normal
5481,1781099985.619398,normal
5482,1781099985.620589,syn_flood
5483,1781099985.622656,normal
5484,1781099985.624708,http_flood
5485,1781099985.626330,normal
5486,1781099985.628507,normal
5487,1781099985.630119,normal
5488,1781099985.632175,normal
5489,1781099985.633907,normal
5490,1781099985.635904,syn_flood
5491,1781099985.637335,normal
5492,1781099985.639339,normal
5493,1781099985.641965,normal
5494,1781099985.643406,normal
5495,1781099985.645687,syn_flood
5496,1781099985.647200,normal
5497,1781099985.648851,normal
5498,1781099985.650902,normal
5499,1781099985.652247,normal
5500,1781099985.654228,syn_flood
5501,1781099985.655702,normal
5502,1781099985.657610,syn_flood
5503,1781099985.659597,normal
5504,1781099985.661631,normal
5505,1781099985.663360,normal
5506,1781099985.665737,http_flood
5507,1781099985.667521,normal
5508,1781099985.669474,syn_flood
5509,1781099985.671372,normal
5510,1781099985.672885,http_flood
5511,1781099985.674757,normal
5512,1781099985.676427,normal
5513,1781099985.677931,normal
5514,1781099985.679785,http_flood
5515,1781099985.681063,syn_flood
5516,1781099985.682437,normal
5517,1781099985.684526,normal
5518,1781099985.687120,normal
5519,1781099985.688295,syn_flood
5520,1781099985.689756,normal
5521,1781099985.691885,http_flood
5522,1781099985.693612,normal
5523,1781099985.694959,normal
5524,1781099985.696743,syn_flood
5525,1781099985.699116,normal
5526,1781099985.700715,normal
5527,1781099985.701909,syn_flood
5528,1781099985.703947,normal
5529,1781099985.705771,syn_flood
5530,1781099985.707134,normal
5531,1781099985.708720,normal
5532,1781099985.710495,normal
5533,1781099985.712091,syn_flood
5534,1781099985.714154,normal
5535,1781099985.716205,syn_flood
5536,1781099985.717183,normal
5537,1781099985.719539,normal
5538,1781099985.721556,normal
5539,1781099985.723366,udp_reflection
5540,1781099985.724902,normal
5541,1781099985.726569,syn_flood
5542,1781099985.728268,normal
5543,1781099985.729886,normal
5544,1781099985.731524,normal
5545,1781099985.733535,normal
5546,1781099985.735024,normal
5547,1781099985.737001,udp_reflection
5548,1781099985.738627,syn_flood
5549,1781099985.740204,normal
5550,1781099985.742127,normal
5551,1781099985.744208,normal
5552,1781099985.745842,normal
5553,1781099985.747049,normal
5554,1781099985.749474,normal
5555,1781099985.751037,normal
5556,1781099985.753189,normal
5557,1781099985.755423,normal
5558,1781099985.757188,normal
5559,1781099985.758785,syn_flood
5560,1781099985.761232,syn_flood
5561,1781099985.764224,normal
5562,1781099985.766150,normal
5563,1781099985.767885,http_flood
5564,1781099985.769305,normal
5565,1781099985.770317,normal
5566,1781099985.771826,normal
5567,1781099985.773364,normal
5568,1781099985.775671,normal
5569,1781099985.778421,syn_flood
5570,1781099985.779738,syn_flood
5571,1781099985.781726,normal
5572,1781099985.783591,normal
5573,1781099985.785306,syn_flood
5574,1781099985.786963,syn_flood
5575,1781099985.788524,normal
5576,1781099985.790264,normal
5577,1781099985.791665,normal
5578,1781099985.793501,normal
5579,1781099985.795334,normal
5580,1781099985.797272,normal
5581,1781099985.799791,normal
5582,1781099985.801708,normal
5583,1781099985.803766,normal
5584,1781099985.806076,syn_flood
5585,1781099985.807937,normal
5586,1781099985.809932,normal
5587,1781099985.811656,normal
5588,1781099985.813410,normal
5589,1781099985.815237,normal
5590,1781099985.816758,normal
5591,1781099985.818300,normal
5592,1781099985.819885,normal
5593,1781099985.820845,normal
5594,1781099985.822807,normal
5595,1781099985.824501,normal
5596,1781099985.826017,syn_flood
5597,1781099985.827236,normal
5598,1781099985.828264,normal
5599,1781099985.829916,normal
5600,1781099985.831719,normal
5601,1781099985.833227,normal
5602,1781099985.834840,normal
5603,1781099985.837209,normal
5604,1781099985.838824,normal
5605,1781099985.840896,normal
5606,1781099985.842448,normal
5607,1781099985.844268,normal
5608,1781099985.846052,normal
5609,1781099985.848512,normal
5610,1781099985.850675,normal
5611,1781099985.853085,normal
5612,1781099985.855071,syn_flood
5613,1781099985.856299,normal
5614,1781099985.858514,udp_reflection
5615,1781099985.860261,normal
5616,1781099985.861412,normal
5617,1781099985.862984,normal
5618,1781099985.865302,normal
5619,1781099985.867132,normal
5620,1781099985.869361,normal
5621,1781099985.871003,syn_flood
5622,1781099985.872781,normal
5623,1781099985.874798,syn_flood
5624,1781099985.876244,normal
5625,1781099985.878217,normal
5626,1781099985.879639,normal
5627,1781099985.881375,udp_reflection
5628,1781099985.882834,normal
5629,1781099985.884617,udp_reflection
5630,1781099985.887045,normal
5631,1781099985.888253,normal
5632,1781099985.890258,http_flood
5633,1781099985.892328,syn_flood
5634,1781099985.894458,normal
5635,1781099985.895780,normal
5636,1781099985.897382,normal
5637,1781099985.899901,normal
5638,1781099985.901180,normal
5639,1781099985.903968,normal
5640,1781099985.906041,syn_flood
5641,1781099985.908009,normal
5642,1781099985.909421,normal
5643,1781099985.911211,normal
5644,1781099985.912632,syn_flood
5645,1781099985.914501,normal
5646,1781099985.915816,normal
5647,1781099985.918465,normal
5648,1781099985.920126,syn_flood
5649,1781099985.921662,normal
5650,1781099985.922837,normal
5651,1781099985.924382,normal
5652,1781099985.925942,normal
5653,1781099985.926965,normal
5654,1781099985.928588,normal
5655,1781099985.929964,normal
5656,1781099985.931972,normal
5657,1781099985.933619,normal
5658,1781099985.935533,normal
5659,1781099985.937837,normal
5660,1781099985.939167,normal
5661,1781099985.941157,normal
5662,1781099985.942663,normal
5663,1781099985.944734,normal
5664,1781099985.946464,syn_flood
5665,1781099985.948447,syn_flood
5666,1781099985.951605,normal
5667,1781099985.953176,udp_reflection
5668,1781099985.955287,normal
5669,1781099985.956773,normal
5670,1781099985.958378,normal
5671,1781099985.960567,normal
5672,1781099985.962003,normal
5673,1781099985.964162,normal
5674,1781099985.966234,normal
5675,1781099985.968092,normal
5676,1781099985.970047,normal
5677,1781099985.971708,normal
5678,1781099985.973359,normal
5679,1781099985.974730,normal
5680,1781099985.976511,normal
5681,1781099985.978571,normal
5682,1781099985.979932,syn_flood
5683,1781099985.981063,normal
5684,1781099985.983168,normal
5685,1781099985.985579,udp_reflection
5686,1781099985.987302,syn_flood
5687,1781099985.989788,normal
5688,1781099985.991328,syn_flood
5689,1781099985.993749,normal
5690,1781099985.996185,normal
5691,1781099985.998592,normal
5692,1781099986.000768,syn_flood
5693,1781099986.002943,normal
5694,1781099986.004782,normal
5695,1781099986.006728,normal
5696,1781099986.009272,normal
5697,1781099986.010759,normal
5698,1781099986.012527,normal
5699,1781099986.014513,normal
5700,1781099986.016098,normal
5701,1781099986.018056,normal
5702,1781099986.020266,normal
5703,1781099986.022839,normal
5704,1781099986.024127,normal
5705,1781099986.026332,syn_flood
5706,1781099986.028540,normal
5707,1781099986.029739,normal
5708,1781099986.031516,normal
5709,1781099986.033020,udp_reflection
5710,1781099986.034497,normal
5711,1781099986.035964,normal
5712,1781099986.037549,normal
5713,1781099986.039409,normal
5714,1781099986.041645,syn_flood
5715,1781099986.043452,normal
5716,1781099986.045251,normal
5717,1781099986.047422,normal
5718,1781099986.049104,normal
5719,1781099986.050977,normal
5720,1781099986.052799,normal
5721,1781099986.054271,normal
5722,1781099986.055718,normal
5723,1781099986.057199,normal
5724,1781099986.058398,normal
5725,1781099986.060486,normal
5726,1781099986.062905,normal
5727,1781099986.065007,http_flood
5728,1781099986.066216,normal
5729,1781099986.067378,normal
5730,1781099986.070314,normal
5731,1781099986.072460,http_flood
5732,1781099986.075004,normal
5733,1781099986.077704,normal
5734,1781099986.080148,normal
5735,1781099986.081892,normal
5736,1781099986.083525,normal
5737,1781099986.084972,normal
5738,1781099986.086646,normal
5739,1781099986.088592,normal
5740,1781099986.090674,udp_reflection
5741,1781099986.093523,normal
5742,1781099986.095096,normal
5743,1781099986.097055,normal
5744,1781099986.098909,normal
5745,1781099986.100574,syn_flood
5746,1781099986.102444,normal
5747,1781099986.104273,normal
5748,1781099986.106941,normal
5749,1781099986.108827,normal
5750,1781099986.110863,normal
5751,1781099986.112634,normal
5752,1781099986.114737,normal
5753,1781099986.116866,normal
5754,1781099986.118597,normal
5755,1781099986.120878,normal
5756,1781099986.122863,normal
5757,1781099986.124613,syn_flood
5758,1781099986.126457,normal
5759,1781099986.128336,normal
5760,1781099986.130077,normal
5761,1781099986.131407,normal
5762,1781099986.132817,normal
5763,1781099986.134931,syn_flood
5764,1781099986.137467,syn_flood
5765,1781099986.139030,http_flood
5766,1781099986.141105,normal
5767,1781099986.142478,syn_flood
5768,1781099986.144176,syn_flood
5769,1781099986.146188,normal
5770,1781099986.148489,normal
5771,1781099986.150079,normal
5772,1781099986.151865,syn_flood
5773,1781099986.153532,normal
5774,1781099986.155180,normal
5775,1781099986.156991,udp_reflection
5776,1781099986.159024,normal
5777,1781099986.160537,normal
5778,1781099986.162493,udp_reflection
5779,1781099986.164769,http_flood
5780,1781099986.166467,normal
5781,1781099986.168171,normal
5782,1781099986.169608,normal
5783,1781099986.171317,syn_flood
5784,1781099986.173208,normal
5785,1781099986.174965,normal
5786,1781099986.176628,syn_flood
5787,1781099986.178881,normal
5788,1781099986.180532,syn_flood
5789,1781099986.183585,normal
5790,1781099986.185267,normal
5791,1781099986.186672,normal
5792,1781099986.187800,normal
5793,1781099986.189967,normal
5794,1781099986.191736,normal
5795,1781099986.193628,syn_flood
5796,1781099986.195225,normal
5797,1781099986.196826,normal
5798,1781099986.198746,normal
5799,1781099986.201047,normal
5800,1781099986.203589,syn_flood
5801,1781099986.205340,normal
5802,1781099986.206871,normal
5803,1781099986.209134,normal
5804,1781099986.210085,http_flood
5805,1781099986.211750,normal
5806,1781099986.213753,normal
5807,1781099986.215933,normal
5808,1781099986.217524,normal
5809,1781099986.219221,normal
5810,1781099986.220968,normal
5811,1781099986.222711,normal
5812,1781099986.225730,normal
5813,1781099986.227984,normal
5814,1781099986.229687,normal
5815,1781099986.231028,normal
5816,1781099986.233469,normal
5817,1781099986.234975,normal
5818,1781099986.236383,normal
5819,1781099986.238580,normal
5820,1781099986.240520,syn_flood
5821,1781099986.241723,normal
5822,1781099986.243123,normal
5823,1781099986.245867,normal
5824,1781099986.247158,normal
5825,1781099986.249549,normal
5826,1781099986.251333,normal
5827,1781099986.252927,normal
5828,1781099986.255912,normal
5829,1781099986.257465,normal
5830,1781099986.259865,normal
5831,1781099986.261809,normal
5832,1781099986.263461,http_flood
5833,1781099986.265612,normal
5834,1781099986.267510,normal
5835,1781099986.269380,normal
5836,1781099986.271079,normal
5837,1781099986.272752,syn_flood
5838,1781099986.274159,normal
5839,1781099986.275595,http_flood
5840,1781099986.277824,normal
5841,1781099986.279361,syn_flood
5842,1781099986.281283,normal
5843,1781099986.283103,syn_flood
5844,1781099986.284749,normal
5845,1781099986.285759,normal
5846,1781099986.287458,syn_flood
5847,1781099986.289185,normal
5848,1781099986.291761,normal
5849,1781099986.294050,normal
5850,1781099986.296088,normal
5851,1781099986.297989,normal
5852,1781099986.300439,normal
5853,1781099986.302107,normal
5854,1781099986.304415,syn_flood
5855,1781099986.305934,normal
5856,1781099986.307304,normal
5857,1781099986.308939,normal
5858,1781099986.310468,normal
5859,1781099986.312295,normal
5860,1781099986.315270,normal
5861,1781099986.317526,syn_flood
5862,1781099986.319682,syn_flood
5863,1781099986.321162,http_flood
5864,1781099986.322762,normal
5865,1781099986.324399,normal
5866,1781099986.326794,normal
5867,1781099986.327973,normal
5868,1781099986.330027,syn_flood
5869,1781099986.332041,normal
5870,1781099986.333305,normal
5871,1781099986.334594,normal
5872,1781099986.335891,normal
5873,1781099986.337521,normal
5874,1781099986.339571,normal
5875,1781099986.341628,normal
5876,1781099986.344321,normal
5877,1781099986.346208,normal
5878,1781099986.347967,http_flood
5879,1781099986.349407,normal
5880,1781099986.351751,normal
5881,1781099986.353241,normal
5882,1781099986.354558,normal
5883,1781099986.356513,normal
5884,1781099986.358110,normal
5885,1781099986.359909,normal
5886,1781099986.361593,normal
5887,1781099986.363630,syn_flood
5888,1781099986.365509,normal
5889,1781099986.367827,syn_flood
5890,1781099986.369856,normal
5891,1781099986.372024,normal
5892,1781099986.373484,normal
5893,1781099986.375510,http_flood
5894,1781099986.377353,normal
5895,1781099986.379530,syn_flood
5896,1781099986.380960,syn_flood
5897,1781099986.382551,syn_flood
5898,1781099986.384068,syn_flood
5899,1781099986.386757,syn_flood
5900,1781099986.388511,syn_flood
5901,1781099986.390723,http_flood
5902,1781099986.392456,normal
5903,1781099986.394520,normal
5904,1781099986.396234,normal
5905,1781099986.398513,udp_reflection
5906,1781099986.400304,normal
5907,1781099986.401918,normal
5908,1781099986.403434,normal
5909,1781099986.405858,normal
5910,1781099986.408064,normal
5911,1781099986.410206,normal
5912,1781099986.411916,normal
5913,1781099986.413993,normal
5914,1781099986.415294,normal
5915,1781099986.417899,normal
5916,1781099986.419733,normal
5917,1781099986.421250,normal
5918,1781099986.422800,normal
5919,1781099986.424795,normal
5920,1781099986.426995,normal
5921,1781099986.428722,normal
5922,1781099986.430612,normal
5923,1781099986.432479,normal
5924,1781099986.434310,normal
5925,1781099986.435869,normal
5926,1781099986.437607,normal
5927,1781099986.439811,normal
5928,1781099986.441691,syn_flood
5929,1781099986.443463,normal
5930,1781099986.445650,normal
5931,1781099986.448805,normal
5932,1781099986.450553,normal
5933,1781099986.452229,http_flood
5934,1781099986.453939,normal
5935,1781099986.456837,syn_flood
5936,1781099986.458692,udp_reflection
5937,1781099986.461110,syn_flood
5938,1781099986.462746,normal
5939,1781099986.464857,normal
5940,1781099986.467592,normal
5941,1781099986.469047,normal
5942,1781099986.471117,normal
5943,1781099986.473199,syn_flood
5944,1781099986.474883,normal
5945,1781099986.476764,normal
5946,1781099986.478118,normal
5947,1781099986.479955,normal
5948,1781099986.481315,http_flood
5949,1781099986.482769,normal
5950,1781099986.484736,normal
5951,1781099986.486258,normal
5952,1781099986.487705,syn_flood
5953,1781099986.489462,syn_flood
5954,1781099986.491412,normal
5955,1781099986.494034,syn_flood
5956,1781099986.496584,normal
5957,1781099986.497926,normal
5958,1781099986.499821,syn_flood
5959,1781099986.501176,normal
5960,1781099986.502439,normal
5961,1781099986.504165,udp_reflection
5962,1781099986.506086,normal
5963,1781099986.507892,udp_reflection
5964,1781099986.510060,normal
5965,1781099986.512444,normal
5966,1781099986.514260,normal
5967,1781099986.516635,syn_flood
5968,1781099986.517883,normal
5969,1781099986.519600,normal
5970,1781099986.521284,normal
5971,1781099986.522923,normal
5972,1781099986.525913,normal
5973,1781099986.528372,normal
5974,1781099986.529871,normal
5975,1781099986.531112,normal
5976,1781099986.533435,normal
5977,1781099986.535050,syn_flood
5978,1781099986.536474,http_flood
5979,1781099986.538671,syn_flood
5980,1781099986.540251,normal
5981,1781099986.542819,syn_flood
5982,1781099986.544012,normal
5983,1781099986.545589,normal
5984,1781099986.546703,syn_flood
5985,1781099986.547734,normal
5986,1781099986.549183,normal
5987,1781099986.551088,http_flood
5988,1781099986.552933,normal
5989,1781099986.554781,normal
5990,1781099986.556942,normal
5991,1781099986.558545,syn_flood
5992,1781099986.560117,normal
5993,1781099986.561764,normal
5994,1781099986.563443,syn_flood
5995,1781099986.565429,normal
5996,1781099986.566848,normal
5997,1781099986.569315,normal
5998,1781099986.572331,normal
5999,1781099986.574024,normal
6000,1781099986.575975,normal
6001,1781099986.578013,udp_reflection
6002,1781099986.579591,normal
6003,1781099986.582280,normal
6004,1781099986.584333,normal
6005,1781099986.586191,normal
6006,1781099986.588547,normal
6007,1781099986.590294,normal
6008,1781099986.592600,normal
6009,1781099986.594170,normal
6010,1781099986.595324,normal
6011,1781099986.597009,normal
6012,1781099986.599134,syn_flood
6013,1781099986.600967,syn_flood
6014,1781099986.602998,normal
6015,1781099986.604405,normal
6016,1781099986.605641,syn_flood
6017,1781099986.607575,normal
6018,1781099986.609322,normal
6019,1781099986.610445,http_flood
6020,1781099986.612403,normal
6021,1781099986.614202,normal
6022,1781099986.615964,normal
6023,1781099986.617258,syn_flood
6024,1781099986.618564,normal
6025,1781099986.621093,normal
6026,1781099986.623235,syn_flood
6027,1781099986.624724,normal
6028,1781099986.626705,syn_flood
6029,1781099986.628225,normal
6030,1781099986.629410,normal
6031,1781099986.631366,normal
6032,1781099986.632827,normal
6033,1781099986.634548,normal
6034,1781099986.636748,normal
6035,1781099986.638164,normal
6036,1781099986.639532,normal
6037,1781099986.642151,normal
6038,1781099986.644248,normal
6039,1781099986.645782,normal
6040,1781099986.647543,syn_flood
6041,1781099986.648966,normal
6042,1781099986.651374,normal
6043,1781099986.653738,normal
6044,1781099986.655205,normal
6045,1781099986.656650,normal
6046,1781099986.658878,syn_flood
6047,1781099986.660697,normal
6048,1781099986.662437,normal
6049,1781099986.664334,normal
6050,1781099986.666021,syn_flood
6051,1781099986.668415,normal
6052,1781099986.669740,normal
6053,1781099986.671371,normal
6054,1781099986.673534,normal
6055,1781099986.675364,normal
6056,1781099986.677982,normal
6057,1781099986.680335,normal
6058,1781099986.681976,syn_flood
6059,1781099986.684357,normal
6060,1781099986.686521,normal
6061,1781099986.688498,normal
6062,1781099986.690247,normal
6063,1781099986.691885,normal
6064,1781099986.693947,syn_flood
6065,1781099986.695633,normal
6066,1781099986.697485,normal
6067,1781099986.698657,normal
6068,1781099986.700799,normal
6069,1781099986.702239,normal
6070,1781099986.703864,normal
6071,1781099986.705602,syn_flood
6072,1781099986.707185,http_flood
6073,1781099986.709170,normal
6074,1781099986.710903,syn_flood
6075,1781099986.712955,normal
6076,1781099986.714963,normal
6077,1781099986.716499,normal
6078,1781099986.718733,udp_reflection
6079,1781099986.720132,normal
6080,1781099986.722347,normal
6081,1781099986.724154,normal
6082,1781099986.726023,normal
6083,1781099986.727409,normal
6084,1781099986.729064,normal
6085,1781099986.731042,syn_flood
6086,1781099986.732771,normal
6087,1781099986.734788,normal
6088,1781099986.736160,normal
6089,1781099986.738209,http_flood
6090,1781099986.739666,normal
6091,1781099986.742385,normal
6092,1781099986.744458,http_flood
6093,1781099986.746495,normal
6094,1781099986.748118,normal
6095,1781099986.750140,normal
6096,1781099986.752156,normal
6097,1781099986.753495,normal
6098,1781099986.755004,normal
6099,1781099986.756267,normal
6100,1781099986.758331,normal
6101,1781099986.760232,normal
6102,1781099986.762545,udp_reflection
6103,1781099986.764754,normal
6104,1781099986.766595,normal
6105,1781099986.768371,normal
6106,1781099986.769819,syn_flood
6107,1781099986.771122,normal
6108,1781099986.773115,normal
6109,1781099986.774633,normal
6110,1781099986.776558,normal
6111,1781099986.778778,normal
6112,1781099986.781151,normal
6113,1781099986.782699,syn_flood
6114,1781099986.784244,normal
6115,1781099986.785731,normal
6116,1781099986.788597,normal
6117,1781099986.789983,udp_reflection
6118,1781099986.791587,syn_flood
6119,1781099986.793051,normal
6120,1781099986.794556,normal
6121,1781099986.796712,normal
6122,1781099986.798228,normal
6123,1781099986.800259,normal
6124,1781099986.801748,normal
6125,1781099986.803046,normal
6126,1781099986.804261,normal
6127,1781099986.805777,normal
6128,1781099986.807788,normal
6129,1781099986.808720,udp_reflection
6130,1781099986.811016,normal
6131,1781099986.813480,udp_reflection
6132,1781099986.814832,normal
6133,1781099986.817200,normal
6134,1781099986.818776,normal
6135,1781099986.820365,normal
6136,1781099986.823541,normal
6137,1781099986.824787,normal
6138,1781099986.826933,normal
6139,1781099986.829536,normal
6140,1781099986.831846,normal
6141,1781099986.833831,normal
6142,1781099986.835218,normal
6143,1781099986.836678,normal
6144,1781099986.838848,normal
6145,1781099986.840631,normal
6146,1781099986.842972,udp_reflection
6147,1781099986.844661,normal
6148,1781099986.846170,normal
6149,1781099986.848216,normal
6150,1781099986.849892,normal
6151,1781099986.851875,normal
6152,1781099986.853260,normal
6153,1781099986.855904,normal
6154,1781099986.857956,udp_reflection
6155,1781099986.859661,syn_flood
6156,1781099986.861459,normal
6157,1781099986.863217,udp_reflection
6158,1781099986.864645,normal
6159,1781099986.866926,syn_flood
6160,1781099986.868893,syn_flood
6161,1781099986.870970,normal
6162,1781099986.873004,normal
6163,1781099986.874366,syn_flood
6164,1781099986.875915,normal
6165,1781099986.877727,normal
6166,1781099986.879718,normal
6167,1781099986.881424,normal
6168,1781099986.883228,syn_flood
6169,1781099986.885210,normal
6170,1781099986.886784,normal
6171,1781099986.889299,normal
6172,1781099986.891091,normal
6173,1781099986.892522,syn_flood
6174,1781099986.894313,udp_reflection
6175,1781099986.896266,normal
6176,1781099986.898527,normal
6177,1781099986.900186,normal
6178,1781099986.901405,normal
6179,1781099986.903041,normal
6180,1781099986.904744,normal
6181,1781099986.906203,normal
6182,1781099986.907763,syn_flood
6183,1781099986.909245,normal
6184,1781099986.910779,http_flood
6185,1781099986.913136,normal
6186,1781099986.915059,normal
6187,1781099986.917027,normal
6188,1781099986.918650,normal
6189,1781099986.920725,normal
6190,1781099986.922190,normal
6191,1781099986.923280,udp_reflection
6192,1781099986.924936,normal
6193,1781099986.926413,normal
6194,1781099986.928011,normal
6195,1781099986.929734,normal
6196,1781099986.931485,normal
6197,1781099986.933035,normal
6198,1781099986.934613,normal
6199,1781099986.936204,normal
6200,1781099986.937605,normal
6201,1781099986.939471,normal
6202,1781099986.941523,normal
6203,1781099986.943843,normal
6204,1781099986.945763,normal
6205,1781099986.947617,normal
6206,1781099986.949553,syn_flood
6207,1781099986.951375,normal
6208,1781099986.952979,syn_flood
6209,1781099986.955447,syn_flood
6210,1781099986.957595,syn_flood
6211,1781099986.960135,normal
6212,1781099986.961396,normal
6213,1781099986.964292,normal
6214,1781099986.965723,normal
6215,1781099986.967700,normal
6216,1781099986.969392,normal
6217,1781099986.971199,normal
6218,1781099986.972550,normal
6219,1781099986.974917,normal
6220,1781099986.976286,normal
6221,1781099986.978201,normal
6222,1781099986.979704,normal
6223,1781099986.982114,http_flood
6224,1781099986.983566,syn_flood
6225,1781099986.985130,normal
6226,1781099986.987127,normal
6227,1781099986.988579,syn_flood
6228,1781099986.990557,normal
6229,1781099986.992122,normal
6230,1781099986.994567,normal
6231,1781099986.996380,normal
6232,1781099986.997679,http_flood
6233,1781099986.999292,normal
6234,1781099987.001401,syn_flood
6235,1781099987.004294,normal
6236,1781099987.005837,udp_reflection
6237,1781099987.007884,normal
6238,1781099987.009651,normal
6239,1781099987.011525,normal
6240,1781099987.013381,normal
6241,1781099987.014567,syn_flood
6242,1781099987.016036,normal
6243,1781099987.017851,normal
6244,1781099987.019461,normal
6245,1781099987.021049,normal
6246,1781099987.023445,normal
6247,1781099987.025006,syn_flood
6248,1781099987.026832,normal
6249,1781099987.028480,normal
6250,1781099987.031115,normal
6251,1781099987.033306,normal
6252,1781099987.034887,normal
6253,1781099987.036209,normal
6254,1781099987.038341,normal
6255,1781099987.040089,syn_flood
6256,1781099987.041734,syn_flood
6257,1781099987.043561,normal
6258,1781099987.045287,normal
6259,1781099987.046823,normal
6260,1781099987.049398,normal
6261,1781099987.050808,syn_flood
6262,1781099987.052818,normal
6263,1781099987.055244,normal
6264,1781099987.057075,normal
6265,1781099987.058817,normal
6266,1781099987.060849,syn_flood
6267,1781099987.062707,normal
6268,1781099987.064560,normal
6269,1781099987.067603,syn_flood
6270,1781099987.069240,normal
6271,1781099987.070850,syn_flood
6272,1781099987.073049,normal
6273,1781099987.074512,normal
6274,1781099987.076272,syn_flood
6275,1781099987.077740,normal
6276,1781099987.079604,syn_flood
6277,1781099987.081524,normal
6278,1781099987.084208,http_flood
6279,1781099987.085513,normal
6280,1781099987.087106,syn_flood
6281,1781099987.088730,normal
6282,1781099987.091183,normal
6283,1781099987.092491,normal
6284,1781099987.094351,normal
6285,1781099987.096349,normal
6286,1781099987.098271,normal
6287,1781099987.101183,normal
6288,1781099987.103074,normal
6289,1781099987.104429,syn_flood
6290,1781099987.106854,normal
6291,1781099987.109082,normal
6292,1781099987.111320,normal
6293,1781099987.113102,syn_flood
6294,1781099987.114820,syn_flood
6295,1781099987.116548,syn_flood
6296,1781099987.118342,http_flood
6297,1781099987.120581,normal
6298,1781099987.122851,normal
6299,1781099987.124164,normal
6300,1781099987.125804,normal
6301,1781099987.127773,normal
6302,1781099987.129372,syn_flood
6303,1781099987.131022,normal
6304,1781099987.132878,normal
6305,1781099987.135450,syn_flood
6306,1781099987.137462,normal
6307,1781099987.139341,normal
6308,1781099987.141699,normal
6309,1781099987.143451,normal
6310,1781099987.145105,normal
6311,1781099987.147346,normal
6312,1781099987.149833,syn_flood
6313,1781099987.151764,normal
6314,1781099987.155514,normal
6315,1781099987.157670,normal
6316,1781099987.159200,syn_flood
6317,1781099987.161346,syn_flood
6318,1781099987.163320,normal
6319,1781099987.164788,normal
6320,1781099987.166177,normal
6321,1781099987.168125,normal
6322,1781099987.170299,normal
6323,1781099987.172341,normal
6324,1781099987.173471,normal
6325,1781099987.175151,normal
6326,1781099987.177096,normal
6327,1781099987.178909,normal
6328,1781099987.180591,normal
6329,1781099987.182700,normal
6330,1781099987.184881,syn_flood
6331,1781099987.186280,normal
6332,1781099987.187888,udp_reflection
6333,1781099987.189970,normal
6334,1781099987.191926,normal
6335,1781099987.193517,normal
6336,1781099987.194861,syn_flood
6337,1781099987.197300,normal
6338,1781099987.199271,syn_flood
6339,1781099987.201143,normal
6340,1781099987.202608,normal
6341,1781099987.205059,http_flood
6342,1781099987.207970,udp_reflection
6343,1781099987.209527,normal
6344,1781099987.210816,syn_flood
6345,1781099987.212774,normal
6346,1781099987.214463,normal
6347,1781099987.215899,normal
6348,1781099987.217890,normal
6349,1781099987.219767,udp_reflection
6350,1781099987.221050,syn_flood
6351,1781099987.223247,normal
6352,1781099987.225291,normal
6353,1781099987.227022,normal
6354,1781099987.229141,http_flood
6355,1781099987.230309,syn_flood
6356,1781099987.232474,syn_flood
6357,1781099987.234171,normal
6358,1781099987.235531,normal
6359,1781099987.237418,normal
6360,1781099987.239552,normal
6361,1781099987.241813,normal
6362,1781099987.243441,normal
6363,1781099987.245095,normal
6364,1781099987.246791,normal
6365,1781099987.248395,normal
6366,1781099987.250470,normal
6367,1781099987.251815,normal
6368,1781099987.253193,normal
6369,1781099987.254920,normal
6370,1781099987.256429,syn_flood
6371,1781099987.257951,normal
6372,1781099987.259806,normal
6373,1781099987.262138,normal
6374,1781099987.264128,normal
6375,1781099987.266109,normal
6376,1781099987.267833,normal
6377,1781099987.268914,syn_flood
6378,1781099987.270732,http_flood
6379,1781099987.271985,normal
6380,1781099987.274749,normal
6381,1781099987.276655,syn_flood
6382,1781099987.277975,normal
6383,1781099987.280272,normal
6384,1781099987.282450,udp_reflection
6385,1781099987.284087,normal
6386,1781099987.285962,normal
6387,1781099987.287357,normal
6388,1781099987.289335,normal
6389,1781099987.290564,syn_flood
6390,1781099987.292145,normal
6391,1781099987.293941,normal
6392,1781099987.295231,normal
6393,1781099987.296714,normal
6394,1781099987.298663,normal
6395,1781099987.300353,udp_reflection
6396,1781099987.303205,http_flood
6397,1781099987.305030,normal
6398,1781099987.307231,normal
6399,1781099987.309917,normal
6400,1781099987.311365,normal
6401,1781099987.313037,normal
6402,1781099987.314636,normal
6403,1781099987.316936,normal
6404,1781099987.318342,normal
6405,1781099987.320127,normal
6406,1781099987.321321,normal
6407,1781099987.323982,normal
6408,1781099987.325957,normal
6409,1781099987.327579,normal
6410,1781099987.330200,normal
6411,1781099987.332088,normal
6412,1781099987.333709,normal
6413,1781099987.335340,normal
6414,1781099987.336264,normal
6415,1781099987.337477,normal
6416,1781099987.338366,normal
6417,1781099987.339925,syn_flood
6418,1781099987.341946,normal
6419,1781099987.343542,normal
6420,1781099987.345664,normal
6421,1781099987.347631,syn_flood
6422,1781099987.349269,normal
6423,1781099987.350769,normal
6424,1781099987.352122,normal
6425,1781099987.354579,http_flood
6426,1781099987.356608,udp_reflection
6427,1781099987.357790,normal
6428,1781099987.359192,normal
6429,1781099987.361584,normal
6430,1781099987.362961,normal
6431,1781099987.364644,normal
6432,1781099987.366427,normal
6433,1781099987.367826,normal
6434,1781099987.369887,normal
6435,1781099987.371212,normal
6436,1781099987.372591,syn_flood
6437,1781099987.374135,normal
6438,1781099987.376082,syn_flood
6439,1781099987.377501,normal
6440,1781099987.379832,normal
6441,1781099987.381384,syn_flood
6442,1781099987.383377,normal
6443,1781099987.385002,normal
6444,1781099987.387452,normal
6445,1781099987.389225,normal
6446,1781099987.390804,syn_flood
6447,1781099987.393048,normal
6448,1781099987.394922,normal
6449,1781099987.397094,normal
6450,1781099987.398935,normal
6451,1781099987.399990,normal
6452,1781099987.402154,normal
6453,1781099987.404420,normal
6454,1781099987.406710,normal
6455,1781099987.408569,udp_reflection
6456,1781099987.410813,normal
6457,1781099987.412100,normal
6458,1781099987.413755,normal
6459,1781099987.415747,normal
6460,1781099987.416955,normal
6461,1781099987.418709,normal
6462,1781099987.420729,normal
6463,1781099987.421933,syn_flood
6464,1781099987.424164,normal
6465,1781099987.425641,normal
6466,1781099987.427825,syn_flood
6467,1781099987.429946,normal
6468,1781099987.432062,syn_flood
6469,1781099987.434121,syn_flood
6470,1781099987.436116,normal
6471,1781099987.437335,normal
6472,1781099987.439587,normal
6473,1781099987.441275,normal
6474,1781099987.443270,normal
6475,1781099987.445291,normal
6476,1781099987.446784,syn_flood
6477,1781099987.448629,normal
6478,1781099987.451090,normal
6479,1781099987.453089,normal
6480,1781099987.455068,normal
6481,1781099987.456790,normal
6482,1781099987.458080,normal
6483,1781099987.459641,syn_flood
6484,1781099987.461274,normal
6485,1781099987.463166,normal
6486,1781099987.465190,normal
6487,1781099987.466917,normal
6488,1781099987.468370,normal
6489,1781099987.470414,normal
6490,1781099987.472824,normal
6491,1781099987.474189,normal
6492,1781099987.476286,normal
6493,1781099987.477773,normal
6494,1781099987.479459,syn_flood
6495,1781099987.481106,normal
6496,1781099987.482298,normal
6497,1781099987.483792,http_flood
6498,1781099987.485229,normal
6499,1781099987.488124,normal
6500,1781099987.490079,normal
6501,1781099987.492356,normal
6502,1781099987.493789,normal
6503,1781099987.495780,normal
6504,1781099987.497650,normal
6505,1781099987.499136,normal
6506,1781099987.500701,normal
6507,1781099987.502607,normal
6508,1781099987.504012,normal
6509,1781099987.505565,normal
6510,1781099987.507705,normal
6511,1781099987.509494,syn_flood
6512,1781099987.511254,normal
6513,1781099987.512565,normal
6514,1781099987.515116,normal
6515,1781099987.517253,normal
6516,1781099987.518899,normal
6517,1781099987.520201,normal
6518,1781099987.522120,normal
6519,1781099987.524133,normal
6520,1781099987.525671,normal
6521,1781099987.527396,http_flood
6522,1781099987.529056,syn_flood
6523,1781099987.530564,syn_flood
6524,1781099987.532239,normal
6525,1781099987.533695,normal
6526,1781099987.536088,normal
6527,1781099987.537434,normal
6528,1781099987.538956,syn_flood
6529,1781099987.540234,normal
6530,1781099987.541366,normal
6531,1781099987.543042,udp_reflection
6532,1781099987.544576,normal
6533,1781099987.546246,normal
6534,1781099987.548113,normal
6535,1781099987.549868,normal
6536,1781099987.551999,normal
6537,1781099987.554023,normal
6538,1781099987.555259,normal
6539,1781099987.557284,normal
6540,1781099987.559946,normal
6541,1781099987.561988,syn_flood
6542,1781099987.563919,normal
6543,1781099987.565291,normal
6544,1781099987.566726,normal
6545,1781099987.568578,normal
6546,1781099987.570171,normal
6547,1781099987.572285,normal
6548,1781099987.574268,normal
6549,1781099987.576531,udp_reflection
6550,1781099987.578352,normal
6551,1781099987.580744,syn_flood
6552,1781099987.582362,syn_flood
6553,1781099987.584254,normal
6554,1781099987.586194,syn_flood
6555,1781099987.588448,normal
6556,1781099987.589893,normal
6557,1781099987.591942,normal
6558,1781099987.593712,normal
6559,1781099987.595323,normal
6560,1781099987.597343,syn_flood
6561,1781099987.599048,normal
6562,1781099987.600853,syn_flood
6563,1781099987.602662,syn_flood
6564,1781099987.604287,normal
6565,1781099987.605853,normal
6566,1781099987.607503,normal
6567,1781099987.609088,syn_flood
6568,1781099987.610775,syn_flood
6569,1781099987.612640,normal
6570,1781099987.614258,normal
6571,1781099987.616279,normal
6572,1781099987.618517,http_flood
6573,1781099987.619799,normal
6574,1781099987.621748,normal
6575,1781099987.623492,normal
6576,1781099987.625652,http_flood
6577,1781099987.627612,normal
6578,1781099987.629695,normal
6579,1781099987.632063,normal
6580,1781099987.633577,normal
6581,1781099987.635906,normal
6582,1781099987.637609,syn_flood
6583,1781099987.639825,normal
6584,1781099987.642104,normal
6585,1781099987.643868,normal
6586,1781099987.646249,syn_flood
6587,1781099987.648762,normal
6588,1781099987.650340,normal
6589,1781099987.652642,syn_flood
6590,1781099987.654798,syn_flood
6591,1781099987.656741,normal
6592,1781099987.658261,syn_flood
6593,1781099987.659660,normal
6594,1781099987.661842,normal
6595,1781099987.663733,normal
6596,1781099987.665175,normal
6597,1781099987.667078,http_flood
6598,1781099987.667724,syn_flood
6599,1781099987.668468,syn_flood
6600,1781099987.669359,udp_reflection
6601,1781099987.670273,http_flood
6602,1781099987.670968,syn_flood
6603,1781099987.671572,syn_flood
6604,1781099987.672242,syn_flood
6605,1781099987.672862,syn_flood
6606,1781099987.673290,syn_flood
6607,1781099987.673740,http_flood
6608,1781099987.674361,syn_flood
6609,1781099987.674865,normal
6610,1781099987.675353,http_flood
6611,1781099987.676063,syn_flood
6612,1781099987.676589,syn_flood
6613,1781099987.677098,http_flood
6614,1781099987.677573,http_flood
6615,1781099987.678132,normal
6616,1781099987.678459,syn_flood
6617,1781099987.678844,http_flood
6618,1781099987.679382,syn_flood
6619,1781099987.679994,normal
6620,1781099987.680619,syn_flood
6621,1781099987.681285,normal
6622,1781099987.681782,syn_flood
6623,1781099987.682570,http_flood
6624,1781099987.683112,syn_flood
6625,1781099987.683847,normal
6626,1781099987.684442,udp_reflection
6627,1781099987.684908,normal
6628,1781099987.685446,syn_flood
6629,1781099987.685996,syn_flood
6630,1781099987.686510,syn_flood
6631,1781099987.687008,udp_reflection
6632,1781099987.687475,syn_flood
6633,1781099987.687966,normal
6634,1781099987.688502,syn_flood
6635,1781099987.689005,http_flood
6636,1781099987.689802,syn_flood
6637,1781099987.690245,syn_flood
6638,1781099987.690801,syn_flood
6639,1781099987.691359,http_flood
6640,1781099987.691922,syn_flood
6641,1781099987.692407,syn_flood
6642,1781099987.692898,udp_reflection
6643,1781099987.693405,syn_flood
6644,1781099987.693887,http_flood
6645,1781099987.694483,udp_reflection
6646,1781099987.694982,syn_flood
6647,1781099987.695488,syn_flood
6648,1781099987.696155,syn_flood
6649,1781099987.696806,http_flood
6650,1781099987.697250,syn_flood
6651,1781099987.697853,syn_flood
6652,1781099987.698710,normal
6653,1781099987.699468,normal
6654,1781099987.699939,syn_flood
6655,1781099987.700377,syn_flood
6656,1781099987.701148,normal
6657,1781099987.701690,syn_flood
6658,1781099987.702345,syn_flood
6659,1781099987.702799,udp_reflection
6660,1781099987.703328,normal
6661,1781099987.703790,normal
6662,1781099987.704360,syn_flood
6663,1781099987.704811,syn_flood
6664,1781099987.705440,http_flood
6665,1781099987.705866,normal
6666,1781099987.706483,syn_flood
6667,1781099987.706937,syn_flood
6668,1781099987.707524,syn_flood
6669,1781099987.708422,syn_flood
6670,1781099987.709169,normal
6671,1781099987.709697,syn_flood
6672,1781099987.710205,normal
6673,1781099987.710802,syn_flood
6674,1781099987.711279,syn_flood
6675,1781099987.711684,syn_flood
6676,1781099987.712103,normal
6677,1781099987.712636,http_flood
6678,1781099987.713226,syn_flood
6679,1781099987.713920,syn_flood
6680,1781099987.714399,syn_flood
6681,1781099987.714734,syn_flood
6682,1781099987.715506,syn_flood
6683,1781099987.716183,syn_flood
6684,1781099987.716719,syn_flood
6685,1781099987.717197,syn_flood
6686,1781099987.717814,syn_flood
6687,1781099987.718152,udp_reflection
6688,1781099987.718778,syn_flood
6689,1781099987.719618,syn_flood
6690,1781099987.720283,normal
6691,1781099987.720668,syn_flood
6692,1781099987.721337,syn_flood
6693,1781099987.721826,syn_flood
6694,1781099987.722388,syn_flood
6695,1781099987.722903,syn_flood
6696,1781099987.723378,normal
6697,1781099987.723840,syn_flood
6698,1781099987.724467,syn_flood
6699,1781099987.725202,udp_reflection
6700,1781099987.726005,http_flood
6701,1781099987.726324,syn_flood
6702,1781099987.726809,normal
6703,1781099987.727340,syn_flood
6704,1781099987.727975,syn_flood
6705,1781099987.728492,syn_flood
6706,1781099987.729078,syn_flood
6707,1781099987.729607,syn_flood
6708,1781099987.730232,syn_flood
6709,1781099987.730560,syn_flood
6710,1781099987.731054,syn_flood
6711,1781099987.731543,udp_reflection
6712,1781099987.732176,syn_flood
6713,1781099987.733288,syn_flood
6714,1781099987.733916,normal
6715,1781099987.734547,syn_flood
6716,1781099987.735066,syn_flood
6717,1781099987.735660,http_flood
6718,1781099987.736288,syn_flood
6719,1781099987.736635,normal
6720,1781099987.737136,syn_flood
6721,1781099987.737750,normal
6722,1781099987.738354,syn_flood
6723,1781099987.738863,syn_flood
6724,1781099987.739373,udp_reflection
6725,1781099987.739987,syn_flood
6726,1781099987.740438,syn_flood
6727,1781099987.741143,syn_flood
6728,1781099987.741554,syn_flood
6729,1781099987.742011,syn_flood
6730,1781099987.742611,syn_flood
6731,1781099987.743196,http_flood
6732,1781099987.743614,syn_flood
6733,1781099987.744053,normal
6734,1781099987.744688,syn_flood
6735,1781099987.745481,syn_flood
6736,1781099987.745988,http_flood
6737,1781099987.746558,http_flood
6738,1781099987.747095,syn_flood
6739,1781099987.747594,syn_flood
6740,1781099987.747949,udp_reflection
6741,1781099987.748545,normal
6742,1781099987.749167,http_flood
6743,1781099987.749868,syn_flood
6744,1781099987.750472,http_flood
6745,1781099987.751040,udp_reflection
6746,1781099987.751514,normal
6747,1781099987.752285,normal
6748,1781099987.752860,syn_flood
6749,1781099987.753518,http_flood
6750,1781099987.754097,http_flood
6751,1781099987.754662,http_flood
6752,1781099987.755536,udp_reflection
6753,1781099987.755962,syn_flood
6754,1781099987.756432,udp_reflection
6755,1781099987.756979,normal
6756,1781099987.757503,udp_reflection
6757,1781099987.757910,syn_flood
6758,1781099987.758414,syn_flood
6759,1781099987.759054,syn_flood
6760,1781099987.759684,syn_flood
6761,1781099987.760214,syn_flood
6762,1781099987.760827,syn_flood
6763,1781099987.761892,udp_reflection
6764,1781099987.762377,syn_flood
6765,1781099987.762831,syn_flood
6766,1781099987.763220,syn_flood
6767,1781099987.763675,udp_reflection
6768,1781099987.764372,syn_flood
6769,1781099987.765080,http_flood
6770,1781099987.765468,syn_flood
6771,1781099987.766371,syn_flood
6772,1781099987.767155,syn_flood
6773,1781099987.767802,syn_flood
6774,1781099987.768330,normal
6775,1781099987.768843,normal
6776,1781099987.769301,udp_reflection
6777,1781099987.769790,syn_flood
6778,1781099987.770430,syn_flood
6779,1781099987.770876,syn_flood
6780,1781099987.771413,syn_flood
6781,1781099987.771824,syn_flood
6782,1781099987.772451,syn_flood
6783,1781099987.773081,normal
6784,1781099987.773573,syn_flood
6785,1781099987.774073,syn_flood
6786,1781099987.774830,http_flood
6787,1781099987.775316,syn_flood
6788,1781099987.776002,syn_flood
6789,1781099987.776713,normal
6790,1781099987.777371,syn_flood
6791,1781099987.777956,http_flood
6792,1781099987.778460,udp_reflection
6793,1781099987.778855,syn_flood
6794,1781099987.779418,http_flood
6795,1781099987.780101,udp_reflection
6796,1781099987.780576,syn_flood
6797,1781099987.781361,syn_flood
6798,1781099987.781771,syn_flood
6799,1781099987.782398,syn_flood
6800,1781099987.783084,http_flood
6801,1781099987.783493,syn_flood
6802,1781099987.784091,http_flood
6803,1781099987.784827,normal
6804,1781099987.785536,syn_flood
6805,1781099987.786263,syn_flood
6806,1781099987.786788,syn_flood
6807,1781099987.787152,syn_flood
6808,1781099987.787695,syn_flood
6809,1781099987.788213,syn_flood
6810,1781099987.788997,syn_flood
6811,1781099987.789495,syn_flood
6812,1781099987.790059,normal
6813,1781099987.790468,normal
6814,1781099987.791015,syn_flood
6815,1781099987.791672,udp_reflection
6816,1781099987.792170,syn_flood
6817,1781099987.792877,syn_flood
6818,1781099987.793424,syn_flood
6819,1781099987.794013,syn_flood
6820,1781099987.794710,http_flood
6821,1781099987.795225,syn_flood
6822,1781099987.795650,udp_reflection
6823,1781099987.796310,normal
6824,1781099987.797063,udp_reflection
6825,1781099987.797553,http_flood
6826,1781099987.798031,syn_flood
6827,1781099987.798551,syn_flood
6828,1781099987.799214,syn_flood
6829,1781099987.799732,http_flood
6830,1781099987.800281,syn_flood
6831,1781099987.800747,syn_flood
6832,1781099987.801225,syn_flood
6833,1781099987.801932,http_flood
6834,1781099987.802493,syn_flood
6835,1781099987.803081,syn_flood
6836,1781099987.803625,normal
6837,1781099987.804180,syn_flood
6838,1781099987.804732,normal
6839,1781099987.805284,syn_flood
6840,1781099987.805689,normal
6841,1781099987.806137,udp_reflection
6842,1781099987.806640,normal
6843,1781099987.807240,syn_flood
6844,1781099987.807804,syn_flood
6845,1781099987.808227,udp_reflection
6846,1781099987.808819,http_flood
6847,1781099987.809333,syn_flood
6848,1781099987.810200,udp_reflection
6849,1781099987.810698,syn_flood
6850,1781099987.811260,syn_flood
6851,1781099987.811859,normal
6852,1781099987.812452,syn_flood
6853,1781099987.813182,normal
6854,1781099987.813819,normal
6855,1781099987.814388,syn_flood
6856,1781099987.815084,syn_flood
6857,1781099987.815671,syn_flood
6858,1781099987.816265,syn_flood
6859,1781099987.816677,syn_flood
6860,1781099987.817347,udp_reflection
6861,1781099987.817852,syn_flood
6862,1781099987.818501,syn_flood
6863,1781099987.819133,normal
6864,1781099987.819586,syn_flood
6865,1781099987.820013,syn_flood
6866,1781099987.820576,syn_flood
6867,1781099987.821202,syn_flood
6868,1781099987.821756,syn_flood
6869,1781099987.822170,syn_flood
6870,1781099987.822812,syn_flood
6871,1781099987.823384,syn_flood
6872,1781099987.824013,syn_flood
6873,1781099987.824731,normal
6874,1781099987.825165,syn_flood
6875,1781099987.825693,normal
6876,1781099987.826194,normal
6877,1781099987.826823,http_flood
6878,1781099987.827409,normal
6879,1781099987.828002,syn_flood
6880,1781099987.828460,syn_flood
6881,1781099987.828902,syn_flood
6882,1781099987.829328,syn_flood
6883,1781099987.830069,normal
6884,1781099987.830648,syn_flood
6885,1781099987.831241,http_flood
6886,1781099987.831692,udp_reflection
6887,1781099987.832006,http_flood
6888,1781099987.832641,normal
6889,1781099987.833095,syn_flood
6890,1781099987.833571,http_flood
6891,1781099987.834072,udp_reflection
6892,1781099987.834795,syn_flood
6893,1781099987.835355,udp_reflection
6894,1781099987.835882,syn_flood
6895,1781099987.836300,normal
6896,1781099987.836883,syn_flood
6897,1781099987.837554,http_flood
6898,1781099987.837928,syn_flood
6899,1781099987.838549,udp_reflection
6900,1781099987.839076,syn_flood
6901,1781099987.839732,udp_reflection
6902,1781099987.840209,http_flood
6903,1781099987.840641,http_flood
6904,1781099987.841163,http_flood
6905,1781099987.841763,normal
6906,1781099987.842175,normal
6907,1781099987.842671,http_flood
6908,1781099987.843237,normal
6909,1781099987.843711,normal
6910,1781099987.844843,udp_reflection
6911,1781099987.845188,http_flood
6912,1781099987.845605,syn_flood
6913,1781099987.846118,normal
6914,1781099987.846617,normal
6915,1781099987.847076,http_flood
6916,1781099987.847483,normal
6917,1781099987.848151,normal
6918,1781099987.848718,syn_flood
6919,1781099987.849096,syn_flood
6920,1781099987.849540,http_flood
6921,1781099987.850121,syn_flood
6922,1781099987.850519,http_flood
6923,1781099987.850924,normal
6924,1781099987.851392,normal
6925,1781099987.851993,http_flood
6926,1781099987.852297,syn_flood
6927,1781099987.852727,normal
6928,1781099987.853214,normal
6929,1781099987.853708,syn_flood
6930,1781099987.854206,syn_flood
6931,1781099987.854641,syn_flood
6932,1781099987.855125,udp_reflection
6933,1781099987.855745,syn_flood
6934,1781099987.856095,udp_reflection
6935,1781099987.856743,udp_reflection
6936,1781099987.857270,syn_flood
6937,1781099987.857951,http_flood
6938,1781099987.858536,syn_flood
6939,1781099987.859221,syn_flood
6940,1781099987.859602,syn_flood
6941,1781099987.860240,syn_flood
6942,1781099987.860801,syn_flood
6943,1781099987.861418,http_flood
6944,1781099987.861939,syn_flood
6945,1781099987.862777,syn_flood
6946,1781099987.863278,syn_flood
6947,1781099987.863818,syn_flood
6948,1781099987.864731,syn_flood
6949,1781099987.865267,normal
6950,1781099987.865657,syn_flood
6951,1781099987.866070,syn_flood
6952,1781099987.866737,syn_flood
6953,1781099987.867418,syn_flood
6954,1781099987.868024,normal
6955,1781099987.868599,syn_flood
6956,1781099987.869049,syn_flood
6957,1781099987.869649,normal
6958,1781099987.870231,syn_flood
6959,1781099987.870958,syn_flood
6960,1781099987.871418,syn_flood
6961,1781099987.871964,syn_flood
6962,1781099987.872361,udp_reflection
6963,1781099987.872784,syn_flood
6964,1781099987.873365,syn_flood
6965,1781099987.873807,syn_flood
6966,1781099987.874379,syn_flood
6967,1781099987.874866,syn_flood
6968,1781099987.875662,syn_flood
6969,1781099987.876156,udp_reflection
6970,1781099987.876542,syn_flood
6971,1781099987.877023,normal
6972,1781099987.877648,udp_reflection
6973,1781099987.877996,syn_flood
6974,1781099987.878393,syn_flood
6975,1781099987.878758,syn_flood
6976,1781099987.879180,http_flood
6977,1781099987.879766,syn_flood
6978,1781099987.880365,udp_reflection
6979,1781099987.881067,udp_reflection
6980,1781099987.881501,syn_flood
6981,1781099987.881936,normal
6982,1781099987.882348,syn_flood
6983,1781099987.882609,normal
6984,1781099987.883073,udp_reflection
6985,1781099987.883608,syn_flood
6986,1781099987.884094,normal
6987,1781099987.884651,syn_flood
6988,1781099987.885101,syn_flood
6989,1781099987.885578,normal
6990,1781099987.885962,http_flood
6991,1781099987.886632,syn_flood
6992,1781099987.887198,syn_flood
6993,1781099987.887688,syn_flood
6994,1781099987.888335,syn_flood
6995,1781099987.888798,udp_reflection
6996,1781099987.889467,http_flood
6997,1781099987.889939,syn_flood
6998,1781099987.890494,http_flood
6999,1781099987.891168,udp_reflection
7000,1781099987.891587,normal
7001,1781099987.891955,syn_flood
7002,1781099987.892591,syn_flood
7003,1781099987.893178,syn_flood
7004,1781099987.893814,syn_flood
7005,1781099987.894505,http_flood
7006,1781099987.895036,normal
7007,1781099987.895761,syn_flood
7008,1781099987.896106,udp_reflection
7009,1781099987.896564,syn_flood
7010,1781099987.897398,syn_flood
7011,1781099987.897905,http_flood
7012,1781099987.898472,normal
7013,1781099987.899081,syn_flood
7014,1781099987.899616,normal
7015,1781099987.900228,syn_flood
7016,1781099987.900766,syn_flood
7017,1781099987.901517,syn_flood
7018,1781099987.902021,syn_flood
7019,1781099987.902584,syn_flood
7020,1781099987.903070,syn_flood
7021,1781099987.903594,syn_flood
7022,1781099987.904119,normal
7023,1781099987.904598,syn_flood
7024,1781099987.905197,syn_flood
7025,1781099987.905987,syn_flood
7026,1781099987.906410,http_flood
7027,1781099987.907024,normal
7028,1781099987.907706,http_flood
7029,1781099987.908149,syn_flood
7030,1781099987.908656,syn_flood
7031,1781099987.909159,udp_reflection
7032,1781099987.909629,normal
7033,1781099987.910325,syn_flood
7034,1781099987.911186,syn_flood
7035,1781099987.911859,syn_flood
7036,1781099987.912481,syn_flood
7037,1781099987.913094,normal
7038,1781099987.913594,syn_flood
7039,1781099987.914143,syn_flood
7040,1781099987.914838,syn_flood
7041,1781099987.915498,http_flood
7042,1781099987.916113,normal
7043,1781099987.916541,syn_flood
7044,1781099987.917172,syn_flood
7045,1781099987.917637,syn_flood
7046,1781099987.918225,udp_reflection
7047,1781099987.918885,normal
7048,1781099987.919360,syn_flood
7049,1781099987.920213,normal
7050,1781099987.920915,syn_flood
7051,1781099987.921422,syn_flood
7052,1781099987.921915,normal
7053,1781099987.922512,syn_flood
7054,1781099987.922863,http_flood
7055,1781099987.923403,syn_flood
7056,1781099987.923789,syn_flood
7057,1781099987.924381,http_flood
7058,1781099987.925014,udp_reflection
7059,1781099987.925613,normal
7060,1781099987.926101,http_flood
7061,1781099987.926507,udp_reflection
7062,1781099987.927054,syn_flood
7063,1781099987.927486,http_flood
7064,1781099987.927993,syn_flood
7065,1781099987.928705,syn_flood
7066,1781099987.929384,syn_flood
7067,1781099987.929866,syn_flood
7068,1781099987.930367,syn_flood
7069,1781099987.931047,http_flood
7070,1781099987.931745,syn_flood
7071,1781099987.932217,udp_reflection
7072,1781099987.932791,syn_flood
7073,1781099987.933461,syn_flood
7074,1781099987.934094,syn_flood
7075,1781099987.934805,http_flood
7076,1781099987.935291,normal
7077,1781099987.936116,udp_reflection
7078,1781099987.936935,syn_flood
7079,1781099987.937546,syn_flood
7080,1781099987.938068,normal
7081,1781099987.938519,syn_flood
7082,1781099987.939327,udp_reflection
7083,1781099987.939959,syn_flood
7084,1781099987.940522,udp_reflection
7085,1781099987.941191,normal
7086,1781099987.941612,normal
7087,1781099987.942043,syn_flood
7088,1781099987.942573,syn_flood
7089,1781099987.943122,normal
7090,1781099987.943694,syn_flood
7091,1781099987.944490,udp_reflection
7092,1781099987.945026,normal
7093,1781099987.945597,syn_flood
7094,1781099987.946352,udp_reflection
7095,1781099987.946967,syn_flood
7096,1781099987.947412,normal
7097,1781099987.947709,syn_flood
7098,1781099987.948185,syn_flood
7099,1781099987.948735,syn_flood
7100,1781099987.949192,syn_flood
7101,1781099987.949829,syn_flood
7102,1781099987.950517,http_flood
7103,1781099987.950981,normal
7104,1781099987.951467,syn_flood
7105,1781099987.951945,syn_flood
7106,1781099987.952454,http_flood
7107,1781099987.952924,normal
7108,1781099987.953748,syn_flood
7109,1781099987.954162,http_flood
7110,1781099987.954618,syn_flood
7111,1781099987.955125,normal
7112,1781099987.955758,syn_flood
7113,1781099987.956389,syn_flood
7114,1781099987.956859,syn_flood
7115,1781099987.957548,syn_flood
7116,1781099987.958032,syn_flood
7117,1781099987.958504,udp_reflection
7118,1781099987.959003,syn_flood
7119,1781099987.959485,udp_reflection
7120,1781099987.959881,normal
7121,1781099987.960479,udp_reflection
7122,1781099987.960943,http_flood
7123,1781099987.961639,syn_flood
7124,1781099987.962122,http_flood
7125,1781099987.962516,syn_flood
7126,1781099987.962955,syn_flood
7127,1781099987.963458,syn_flood
7128,1781099987.964173,syn_flood
7129,1781099987.964538,normal
7130,1781099987.965238,syn_flood
7131,1781099987.965799,normal
7132,1781099987.966329,normal
7133,1781099987.966820,syn_flood
7134,1781099987.967320,http_flood
7135,1781099987.967731,syn_flood
7136,1781099987.968258,normal
7137,1781099987.969061,udp_reflection
7138,1781099987.969666,syn_flood
7139,1781099987.970057,udp_reflection
7140,1781099987.970677,syn_flood
7141,1781099987.971170,syn_flood
7142,1781099987.971746,normal
7143,1781099987.972227,http_flood
7144,1781099987.972736,normal
7145,1781099987.973106,normal
7146,1781099987.973729,syn_flood
7147,1781099987.974396,syn_flood
7148,1781099987.975015,http_flood
7149,1781099987.975434,syn_flood
7150,1781099987.975752,normal
7151,1781099987.976349,normal
7152,1781099987.976830,udp_reflection
7153,1781099987.977278,http_flood
7154,1781099987.977873,syn_flood
7155,1781099987.978285,syn_flood
7156,1781099987.978598,udp_reflection
7157,1781099987.979118,syn_flood
7158,1781099987.979684,syn_flood
7159,1781099987.980232,syn_flood
7160,1781099987.980642,syn_flood
7161,1781099987.981093,syn_flood
7162,1781099987.981557,syn_flood
7163,1781099987.982234,http_flood
7164,1781099987.982733,http_flood
7165,1781099987.983283,syn_flood
7166,1781099987.983851,syn_flood
7167,1781099987.984352,syn_flood
7168,1781099987.984811,udp_reflection
7169,1781099987.985503,syn_flood
7170,1781099987.986158,syn_flood
7171,1781099987.986724,syn_flood
7172,1781099987.987371,http_flood
7173,1781099987.987980,normal
7174,1781099987.988462,udp_reflection
7175,1781099987.988984,udp_reflection
7176,1781099987.989348,syn_flood
7177,1781099987.989815,normal
7178,1781099987.990267,http_flood
7179,1781099987.990868,syn_flood
7180,1781099987.991356,syn_flood
7181,1781099987.992041,http_flood
7182,1781099987.992598,syn_flood
7183,1781099987.993075,syn_flood
7184,1781099987.993630,udp_reflection
7185,1781099987.994218,syn_flood
7186,1781099987.995053,udp_reflection
7187,1781099987.995509,udp_reflection
7188,1781099987.995949,udp_reflection
7189,1781099987.996538,syn_flood
7190,1781099987.997126,syn_flood
7191,1781099987.997916,normal
7192,1781099987.998398,http_flood
7193,1781099987.998994,syn_flood
7194,1781099987.999647,syn_flood
7195,1781099988.000321,syn_flood
7196,1781099988.000684,syn_flood
7197,1781099988.001236,syn_flood
7198,1781099988.001795,http_flood
7199,1781099988.002433,syn_flood
7200,1781099988.003030,udp_reflection
7201,1781099988.003607,syn_flood
7202,1781099988.004261,syn_flood
7203,1781099988.004758,syn_flood
7204,1781099988.005409,syn_flood
7205,1781099988.006015,udp_reflection
7206,1781099988.006608,syn_flood
7207,1781099988.007261,normal
7208,1781099988.007607,syn_flood
7209,1781099988.008271,syn_flood
7210,1781099988.008639,syn_flood
7211,1781099988.009040,syn_flood
7212,1781099988.009590,syn_flood
7213,1781099988.010096,http_flood
7214,1781099988.010608,normal
7215,1781099988.011104,syn_flood
7216,1781099988.011557,syn_flood
7217,1781099988.012032,syn_flood
7218,1781099988.012487,syn_flood
7219,1781099988.012993,syn_flood
7220,1781099988.013643,normal
7221,1781099988.014159,syn_flood
7222,1781099988.014485,syn_flood
7223,1781099988.015104,syn_flood
7224,1781099988.015815,syn_flood
7225,1781099988.016250,normal
7226,1781099988.016786,syn_flood
7227,1781099988.017242,udp_reflection
7228,1781099988.017705,syn_flood
7229,1781099988.018346,http_flood
7230,1781099988.018905,normal
7231,1781099988.019525,udp_reflection
7232,1781099988.020122,normal
7233,1781099988.020643,syn_flood
7234,1781099988.021091,udp_reflection
7235,1781099988.021850,normal
7236,1781099988.022345,normal
7237,1781099988.022804,syn_flood
7238,1781099988.023472,syn_flood
7239,1781099988.023936,syn_flood
7240,1781099988.024419,syn_flood
7241,1781099988.024976,syn_flood
7242,1781099988.025508,syn_flood
7243,1781099988.026004,syn_flood
7244,1781099988.026599,syn_flood
7245,1781099988.027048,normal
7246,1781099988.027409,syn_flood
7247,1781099988.027975,udp_reflection
7248,1781099988.028556,syn_flood
7249,1781099988.029055,udp_reflection
7250,1781099988.029408,syn_flood
7251,1781099988.029911,udp_reflection
7252,1781099988.030451,syn_flood
7253,1781099988.030890,syn_flood
7254,1781099988.031715,syn_flood
7255,1781099988.032315,syn_flood
7256,1781099988.033037,udp_reflection
7257,1781099988.033572,syn_flood
7258,1781099988.034056,udp_reflection
7259,1781099988.034495,syn_flood
7260,1781099988.035095,http_flood
7261,1781099988.035507,normal
7262,1781099988.035776,syn_flood
7263,1781099988.036282,udp_reflection
7264,1781099988.036907,normal
7265,1781099988.037395,udp_reflection
7266,1781099988.038067,syn_flood
7267,1781099988.038578,http_flood
7268,1781099988.039291,normal
7269,1781099988.039785,udp_reflection
7270,1781099988.040244,syn_flood
7271,1781099988.040780,normal
7272,1781099988.041373,udp_reflection
7273,1781099988.042069,udp_reflection
7274,1781099988.042727,normal
7275,1781099988.043324,syn_flood
7276,1781099988.043670,udp_reflection
7277,1781099988.044377,syn_flood
7278,1781099988.045052,normal
7279,1781099988.045397,syn_flood
7280,1781099988.045968,syn_flood
7281,1781099988.046306,syn_flood
7282,1781099988.046798,syn_flood
7283,1781099988.047442,udp_reflection
7284,1781099988.047894,udp_reflection
7285,1781099988.048374,udp_reflection
7286,1781099988.048841,normal
7287,1781099988.049700,udp_reflection
7288,1781099988.050106,normal
7289,1781099988.050699,syn_flood
7290,1781099988.051102,syn_flood
7291,1781099988.051580,syn_flood
7292,1781099988.052095,normal
7293,1781099988.052788,syn_flood
7294,1781099988.053471,udp_reflection
7295,1781099988.053919,syn_flood
7296,1781099988.054437,normal
7297,1781099988.054731,http_flood
7298,1781099988.055177,normal
7299,1781099988.055866,syn_flood
7300,1781099988.056263,syn_flood
7301,1781099988.056782,syn_flood
7302,1781099988.057256,syn_flood
7303,1781099988.057582,syn_flood
7304,1781099988.058095,syn_flood
7305,1781099988.058564,normal
7306,1781099988.058929,normal
7307,1781099988.059406,udp_reflection
7308,1781099988.059822,syn_flood
7309,1781099988.060381,http_flood
7310,1781099988.060989,syn_flood
7311,1781099988.061336,syn_flood
7312,1781099988.061639,http_flood
7313,1781099988.062038,syn_flood
7314,1781099988.062647,syn_flood
7315,1781099988.063120,normal
7316,1781099988.063579,syn_flood
7317,1781099988.064265,syn_flood
7318,1781099988.064572,udp_reflection
7319,1781099988.065116,normal
7320,1781099988.065634,syn_flood
7321,1781099988.066097,syn_flood
7322,1781099988.066598,http_flood
7323,1781099988.067117,syn_flood
7324,1781099988.067593,syn_flood
7325,1781099988.068223,syn_flood
7326,1781099988.068967,syn_flood
7327,1781099988.069352,syn_flood
7328,1781099988.070006,syn_flood
7329,1781099988.070562,syn_flood
7330,1781099988.070909,udp_reflection
7331,1781099988.071456,udp_reflection
7332,1781099988.072219,normal
7333,1781099988.072628,normal
7334,1781099988.073143,udp_reflection
7335,1781099988.073839,syn_flood
7336,1781099988.074353,syn_flood
7337,1781099988.074717,syn_flood
7338,1781099988.075213,syn_flood
7339,1781099988.075846,syn_flood
7340,1781099988.076346,udp_reflection
7341,1781099988.077059,udp_reflection
7342,1781099988.077758,syn_flood
7343,1781099988.078095,syn_flood
7344,1781099988.078601,syn_flood
7345,1781099988.079207,normal
7346,1781099988.079737,udp_reflection
7347,1781099988.080429,syn_flood
7348,1781099988.081142,syn_flood
7349,1781099988.081656,syn_flood
7350,1781099988.082411,http_flood
7351,1781099988.083017,syn_flood
7352,1781099988.083589,syn_flood
7353,1781099988.084381,http_flood
7354,1781099988.085076,syn_flood
7355,1781099988.085657,syn_flood
7356,1781099988.086287,syn_flood
7357,1781099988.086676,syn_flood
7358,1781099988.087518,syn_flood
7359,1781099988.088180,syn_flood
7360,1781099988.088681,syn_flood
7361,1781099988.089243,syn_flood
7362,1781099988.089837,syn_flood
7363,1781099988.090523,udp_reflection
7364,1781099988.091205,normal
7365,1781099988.091830,normal
7366,1781099988.092307,normal
7367,1781099988.092725,udp_reflection
7368,1781099988.093331,syn_flood
7369,1781099988.093911,syn_flood
7370,1781099988.094426,syn_flood
7371,1781099988.094972,syn_flood
7372,1781099988.095463,syn_flood
7373,1781099988.095995,syn_flood
7374,1781099988.096550,udp_reflection
7375,1781099988.097029,udp_reflection
7376,1781099988.097613,http_flood
7377,1781099988.098184,udp_reflection
7378,1781099988.098698,udp_reflection
7379,1781099988.099390,udp_reflection
7380,1781099988.099899,udp_reflection
7381,1781099988.100264,http_flood
7382,1781099988.100868,syn_flood
7383,1781099988.101775,syn_flood
7384,1781099988.102510,normal
7385,1781099988.102973,http_flood
7386,1781099988.103514,syn_flood
7387,1781099988.104089,syn_flood
7388,1781099988.104776,syn_flood
7389,1781099988.105327,http_flood
7390,1781099988.105901,syn_flood
7391,1781099988.106526,syn_flood
7392,1781099988.107113,normal
7393,1781099988.107561,syn_flood
7394,1781099988.108034,http_flood
7395,1781099988.108779,syn_flood
7396,1781099988.109087,syn_flood
7397,1781099988.109633,http_flood
7398,1781099988.110388,syn_flood
7399,1781099988.110822,http_flood
7400,1781099988.111409,normal
7401,1781099988.112013,syn_flood
7402,1781099988.112548,udp_reflection
7403,1781099988.112988,udp_reflection
7404,1781099988.113964,http_flood
7405,1781099988.114514,syn_flood
7406,1781099988.115214,syn_flood
7407,1781099988.115799,syn_flood
7408,1781099988.116196,http_flood
7409,1781099988.116670,syn_flood
7410,1781099988.117332,syn_flood
7411,1781099988.117918,syn_flood
7412,1781099988.118473,normal
7413,1781099988.118824,syn_flood
7414,1781099988.119477,http_flood
7415,1781099988.119996,syn_flood
7416,1781099988.120507,syn_flood
7417,1781099988.120863,normal
7418,1781099988.121382,syn_flood
7419,1781099988.121971,http_flood
7420,1781099988.122320,syn_flood
7421,1781099988.122739,syn_flood
7422,1781099988.123312,http_flood
7423,1781099988.123793,normal
7424,1781099988.124601,syn_flood
7425,1781099988.125032,syn_flood
7426,1781099988.125561,syn_flood
7427,1781099988.126187,syn_flood
7428,1781099988.126775,syn_flood
7429,1781099988.127342,syn_flood
7430,1781099988.127980,udp_reflection
7431,1781099988.128421,syn_flood
7432,1781099988.129019,udp_reflection
7433,1781099988.129332,syn_flood
7434,1781099988.129879,http_flood
7435,1781099988.130755,syn_flood
7436,1781099988.131449,http_flood
7437,1781099988.131983,normal
7438,1781099988.132650,normal
7439,1781099988.133208,syn_flood
7440,1781099988.133765,syn_flood
7441,1781099988.134288,syn_flood
7442,1781099988.134701,syn_flood
7443,1781099988.135630,udp_reflection
7444,1781099988.135959,http_flood
7445,1781099988.136444,syn_flood
7446,1781099988.137341,syn_flood
7447,1781099988.138187,http_flood
7448,1781099988.138678,syn_flood
7449,1781099988.139315,syn_flood
7450,1781099988.139797,syn_flood
7451,1781099988.140375,normal
7452,1781099988.140749,syn_flood
7453,1781099988.141275,syn_flood
7454,1781099988.141884,syn_flood
7455,1781099988.142461,syn_flood
7456,1781099988.143069,syn_flood
7457,1781099988.143714,syn_flood
7458,1781099988.144241,normal
7459,1781099988.144721,normal
7460,1781099988.145449,syn_flood
7461,1781099988.145902,http_flood
7462,1781099988.146490,http_flood
7463,1781099988.147023,udp_reflection
7464,1781099988.147733,syn_flood
7465,1781099988.148325,syn_flood
7466,1781099988.149163,syn_flood
7467,1781099988.149793,syn_flood
7468,1781099988.150480,normal
7469,1781099988.150926,syn_flood
7470,1781099988.151399,normal
7471,1781099988.151981,syn_flood
7472,1781099988.152460,syn_flood
7473,1781099988.152978,http_flood
7474,1781099988.153351,normal
7475,1781099988.154083,udp_reflection
7476,1781099988.154641,syn_flood
7477,1781099988.155200,syn_flood
7478,1781099988.155756,syn_flood
7479,1781099988.156182,http_flood
7480,1781099988.156697,normal
7481,1781099988.157106,udp_reflection
7482,1781099988.157464,syn_flood
7483,1781099988.158082,normal
7484,1781099988.158536,syn_flood
7485,1781099988.159111,syn_flood
7486,1781099988.159763,normal
7487,1781099988.160256,syn_flood
7488,1781099988.161155,http_flood
7489,1781099988.161596,http_flood
7490,1781099988.162332,syn_flood
7491,1781099988.162915,normal
7492,1781099988.163481,http_flood
7493,1781099988.163916,syn_flood
7494,1781099988.164414,syn_flood
7495,1781099988.164787,normal
7496,1781099988.165298,syn_flood
7497,1781099988.165748,normal
7498,1781099988.166218,http_flood
7499,1781099988.166734,udp_reflection
7500,1781099988.167401,normal
7501,1781099988.168174,syn_flood
7502,1781099988.168666,syn_flood
7503,1781099988.169206,normal
7504,1781099988.169847,syn_flood
7505,1781099988.170553,syn_flood
7506,1781099988.170970,normal
7507,1781099988.171773,syn_flood
7508,1781099988.172451,syn_flood
7509,1781099988.173030,udp_reflection
7510,1781099988.173438,normal
7511,1781099988.173954,udp_reflection
7512,1781099988.174544,syn_flood
7513,1781099988.175356,normal
7514,1781099988.175854,udp_reflection
7515,1781099988.176463,normal
7516,1781099988.176759,syn_flood
7517,1781099988.177181,udp_reflection
7518,1781099988.177812,normal
7519,1781099988.178381,syn_flood
7520,1781099988.178925,normal
7521,1781099988.179381,syn_flood
7522,1781099988.179794,normal
7523,1781099988.180497,syn_flood
7524,1781099988.181039,normal
7525,1781099988.181538,udp_reflection
7526,1781099988.182018,udp_reflection
7527,1781099988.182501,syn_flood
7528,1781099988.182970,udp_reflection
7529,1781099988.183573,syn_flood
7530,1781099988.183890,http_flood
7531,1781099988.184605,http_flood
7532,1781099988.185157,syn_flood
7533,1781099988.185677,http_flood
7534,1781099988.186388,http_flood
7535,1781099988.186954,syn_flood
7536,1781099988.187514,syn_flood
7537,1781099988.187858,syn_flood
7538,1781099988.188277,http_flood
7539,1781099988.188812,syn_flood
7540,1781099988.189396,syn_flood
7541,1781099988.190012,syn_flood
7542,1781099988.190560,syn_flood
7543,1781099988.191010,udp_reflection
7544,1781099988.191518,syn_flood
7545,1781099988.191891,udp_reflection
7546,1781099988.192474,normal
7547,1781099988.193031,syn_flood
7548,1781099988.193614,syn_flood
7549,1781099988.194207,http_flood
7550,1781099988.194864,http_flood
7551,1781099988.195368,syn_flood
7552,1781099988.195908,http_flood
7553,1781099988.196379,syn_flood
7554,1781099988.196980,normal
7555,1781099988.197381,syn_flood
7556,1781099988.198165,syn_flood
7557,1781099988.198705,syn_flood
7558,1781099988.199459,normal
7559,1781099988.200015,syn_flood
7560,1781099988.200430,syn_flood
7561,1781099988.200966,syn_flood
7562,1781099988.201456,syn_flood
7563,1781099988.201970,syn_flood
7564,1781099988.202375,syn_flood
7565,1781099988.203083,normal
7566,1781099988.203763,syn_flood
7567,1781099988.204355,normal
7568,1781099988.204901,normal
7569,1781099988.205540,http_flood
7570,1781099988.206055,syn_flood
7571,1781099988.206583,http_flood
7572,1781099988.207501,normal
7573,1781099988.207889,syn_flood
7574,1781099988.208365,syn_flood
7575,1781099988.208844,normal
7576,1781099988.209511,udp_reflection
7577,1781099988.210114,normal
7578,1781099988.210807,normal
7579,1781099988.211392,normal
7580,1781099988.211788,syn_flood
7581,1781099988.212126,http_flood
7582,1781099988.212647,normal
7583,1781099988.213259,udp_reflection
7584,1781099988.213687,syn_flood
7585,1781099988.214234,syn_flood
7586,1781099988.214703,syn_flood
7587,1781099988.215387,http_flood
7588,1781099988.215772,normal
7589,1781099988.216400,syn_flood
7590,1781099988.217122,syn_flood
7591,1781099988.217789,syn_flood
7592,1781099988.218575,normal
7593,1781099988.219120,http_flood
7594,1781099988.219774,syn_flood
7595,1781099988.220384,syn_flood
7596,1781099988.221000,normal
7597,1781099988.221553,syn_flood
7598,1781099988.222069,http_flood
7599,1781099988.222646,udp_reflection
7600,1781099988.223133,udp_reflection
7601,1781099988.223595,normal
7602,1781099988.224113,normal
7603,1781099988.224810,syn_flood
7604,1781099988.225329,syn_flood
7605,1781099988.225832,normal
7606,1781099988.226492,normal
7607,1781099988.226984,udp_reflection
7608,1781099988.227530,syn_flood
7609,1781099988.228216,normal
7610,1781099988.228621,syn_flood
7611,1781099988.229094,normal
7612,1781099988.229585,syn_flood
7613,1781099988.230020,syn_flood
7614,1781099988.230587,syn_flood
7615,1781099988.231069,syn_flood
7616,1781099988.231781,syn_flood
7617,1781099988.232215,http_flood
7618,1781099988.232692,normal
7619,1781099988.233186,syn_flood
7620,1781099988.233640,syn_flood
7621,1781099988.234034,syn_flood
7622,1781099988.234563,udp_reflection
7623,1781099988.235132,normal
7624,1781099988.235575,http_flood
7625,1781099988.236224,syn_flood
7626,1781099988.236814,http_flood
7627,1781099988.237635,udp_reflection
7628,1781099988.238183,syn_flood
7629,1781099988.238620,syn_flood
7630,1781099988.239178,syn_flood
7631,1781099988.239630,udp_reflection
7632,1781099988.240314,normal
7633,1781099988.240870,syn_flood
7634,1781099988.241393,normal
7635,1781099988.241900,normal
7636,1781099988.242339,syn_flood
7637,1781099988.242883,normal
7638,1781099988.243366,syn_flood
7639,1781099988.243953,syn_flood
7640,1781099988.244347,normal
7641,1781099988.244854,normal
7642,1781099988.245306,syn_flood
7643,1781099988.245727,http_flood
7644,1781099988.246413,syn_flood
7645,1781099988.247223,syn_flood
7646,1781099988.247854,normal
7647,1781099988.248581,syn_flood
7648,1781099988.249097,syn_flood
7649,1781099988.249586,syn_flood
7650,1781099988.250115,syn_flood
7651,1781099988.250526,normal
7652,1781099988.251053,http_flood
7653,1781099988.251763,udp_reflection
7654,1781099988.252316,normal
7655,1781099988.252857,syn_flood
7656,1781099988.253599,normal
7657,1781099988.253989,syn_flood
7658,1781099988.254474,syn_flood
7659,1781099988.255239,http_flood
7660,1781099988.255914,http_flood
7661,1781099988.256534,udp_reflection
7662,1781099988.257141,udp_reflection
7663,1781099988.257524,http_flood
7664,1781099988.258119,normal
7665,1781099988.258745,http_flood
7666,1781099988.259418,syn_flood
7667,1781099988.259913,udp_reflection
7668,1781099988.260617,http_flood
7669,1781099988.260946,udp_reflection
7670,1781099988.261626,syn_flood
7671,1781099988.262066,normal
7672,1781099988.262512,syn_flood
7673,1781099988.262991,syn_flood
7674,1781099988.263556,http_flood
7675,1781099988.264125,udp_reflection
7676,1781099988.264740,syn_flood
7677,1781099988.265200,syn_flood
7678,1781099988.265735,syn_flood
7679,1781099988.266210,syn_flood
7680,1781099988.266766,normal
7681,1781099988.267174,syn_flood
7682,1781099988.267735,syn_flood
7683,1781099988.268125,syn_flood
7684,1781099988.268778,http_flood
7685,1781099988.269360,syn_flood
7686,1781099988.270038,syn_flood
7687,1781099988.270493,udp_reflection
7688,1781099988.271268,udp_reflection
7689,1781099988.272048,syn_flood
7690,1781099988.272556,udp_reflection
7691,1781099988.272895,normal
7692,1781099988.273340,syn_flood
7693,1781099988.274016,syn_flood
7694,1781099988.274744,syn_flood
7695,1781099988.275126,udp_reflection
7696,1781099988.275531,syn_flood
7697,1781099988.276008,normal
7698,1781099988.276453,http_flood
7699,1781099988.276929,syn_flood
7700,1781099988.277451,udp_reflection
7701,1781099988.277998,syn_flood
7702,1781099988.278497,syn_flood
7703,1781099988.279099,syn_flood
7704,1781099988.279824,syn_flood
7705,1781099988.280171,udp_reflection
7706,1781099988.280587,http_flood
7707,1781099988.281152,udp_reflection
7708,1781099988.281709,syn_flood
7709,1781099988.282194,normal
7710,1781099988.282879,syn_flood
7711,1781099988.283294,normal
7712,1781099988.283853,normal
7713,1781099988.284521,normal
7714,1781099988.285162,normal
7715,1781099988.285866,udp_reflection
7716,1781099988.286161,udp_reflection
7717,1781099988.286807,syn_flood
7718,1781099988.287512,syn_flood
7719,1781099988.288003,http_flood
7720,1781099988.288578,syn_flood
7721,1781099988.288979,syn_flood
7722,1781099988.289519,syn_flood
7723,1781099988.289932,syn_flood
7724,1781099988.290578,http_flood
7725,1781099988.291237,syn_flood
7726,1781099988.291843,syn_flood
7727,1781099988.292317,syn_flood
7728,1781099988.292826,syn_flood
7729,1781099988.293435,normal
7730,1781099988.293930,syn_flood
7731,1781099988.294604,udp_reflection
7732,1781099988.295119,syn_flood
7733,1781099988.295714,syn_flood
7734,1781099988.296308,syn_flood
7735,1781099988.296725,http_flood
7736,1781099988.297327,normal
7737,1781099988.297916,syn_flood
7738,1781099988.298321,normal
7739,1781099988.298823,syn_flood
7740,1781099988.299273,normal
7741,1781099988.299828,syn_flood
7742,1781099988.300274,syn_flood
7743,1781099988.300860,udp_reflection
7744,1781099988.301428,http_flood
7745,1781099988.301956,syn_flood
7746,1781099988.302300,normal
7747,1781099988.302826,syn_flood
7748,1781099988.303504,normal
7749,1781099988.303907,normal
7750,1781099988.304326,http_flood
7751,1781099988.304831,syn_flood
7752,1781099988.305346,syn_flood
7753,1781099988.305820,syn_flood
7754,1781099988.306520,udp_reflection
7755,1781099988.307109,normal
7756,1781099988.307533,normal
7757,1781099988.308194,syn_flood
7758,1781099988.308786,syn_flood
7759,1781099988.309221,syn_flood
7760,1781099988.309720,normal
7761,1781099988.310395,normal
7762,1781099988.310923,syn_flood
7763,1781099988.311386,syn_flood
7764,1781099988.311903,syn_flood
7765,1781099988.312446,syn_flood
7766,1781099988.312989,udp_reflection
7767,1781099988.313463,udp_reflection
7768,1781099988.313865,syn_flood
7769,1781099988.314426,udp_reflection
7770,1781099988.314985,syn_flood
7771,1781099988.315512,syn_flood
7772,1781099988.315950,udp_reflection
7773,1781099988.316629,syn_flood
7774,1781099988.317038,normal
7775,1781099988.317496,syn_flood
7776,1781099988.318094,syn_flood
7777,1781099988.318594,normal
7778,1781099988.319340,syn_flood
7779,1781099988.320014,http_flood
7780,1781099988.320386,http_flood
7781,1781099988.320997,syn_flood
7782,1781099988.321579,syn_flood
7783,1781099988.322104,syn_flood
7784,1781099988.322557,normal
7785,1781099988.323032,syn_flood
7786,1781099988.323507,udp_reflection
7787,1781099988.323956,syn_flood
7788,1781099988.324461,syn_flood
7789,1781099988.325354,syn_flood
7790,1781099988.325834,syn_flood
7791,1781099988.326517,syn_flood
7792,1781099988.327105,normal
7793,1781099988.327749,syn_flood
7794,1781099988.328122,normal
7795,1781099988.328568,syn_flood
7796,1781099988.329071,http_flood
7797,1781099988.329618,syn_flood
7798,1781099988.330166,normal
7799,1781099988.330778,syn_flood
7800,1781099988.331366,udp_reflection
7801,1781099988.332020,syn_flood
7802,1781099988.332622,udp_reflection
7803,1781099988.333198,normal
7804,1781099988.333557,syn_flood
7805,1781099988.334167,syn_flood
7806,1781099988.334930,syn_flood
7807,1781099988.335334,syn_flood
7808,1781099988.335842,syn_flood
7809,1781099988.336289,normal
7810,1781099988.336977,syn_flood
7811,1781099988.337610,syn_flood
7812,1781099988.338190,syn_flood
7813,1781099988.338679,normal
7814,1781099988.339198,normal
7815,1781099988.339905,normal
7816,1781099988.340521,syn_flood
7817,1781099988.341211,udp_reflection
7818,1781099988.341736,syn_flood
7819,1781099988.342099,syn_flood
7820,1781099988.342627,syn_flood
7821,1781099988.343126,http_flood
7822,1781099988.343803,udp_reflection
7823,1781099988.344399,udp_reflection
7824,1781099988.344912,udp_reflection
7825,1781099988.345342,syn_flood
7826,1781099988.345867,syn_flood
7827,1781099988.346337,syn_flood
7828,1781099988.346792,normal
7829,1781099988.347380,udp_reflection
7830,1781099988.347883,syn_flood
7831,1781099988.348388,udp_reflection
7832,1781099988.348931,syn_flood
7833,1781099988.349417,syn_flood
7834,1781099988.349906,udp_reflection
7835,1781099988.350328,syn_flood
7836,1781099988.350947,syn_flood
7837,1781099988.351360,udp_reflection
7838,1781099988.351774,normal
7839,1781099988.352254,normal
7840,1781099988.352749,normal
7841,1781099988.353196,syn_flood
7842,1781099988.353673,syn_flood
7843,1781099988.354354,syn_flood
7844,1781099988.354725,syn_flood
7845,1781099988.355287,udp_reflection
7846,1781099988.355917,syn_flood
7847,1781099988.356430,syn_flood
7848,1781099988.357060,syn_flood
7849,1781099988.357668,normal
7850,1781099988.358149,normal
7851,1781099988.358620,normal
7852,1781099988.359142,normal
7853,1781099988.359665,syn_flood
7854,1781099988.360312,syn_flood
7855,1781099988.360938,syn_flood
7856,1781099988.361549,syn_flood
7857,1781099988.362222,syn_flood
7858,1781099988.362577,syn_flood
7859,1781099988.363177,syn_flood
7860,1781099988.363755,syn_flood
7861,1781099988.364652,syn_flood
7862,1781099988.365224,normal
7863,1781099988.365716,syn_flood
7864,1781099988.366139,udp_reflection
7865,1781099988.366864,syn_flood
7866,1781099988.367478,udp_reflection
7867,1781099988.368036,udp_reflection
7868,1781099988.368562,syn_flood
7869,1781099988.369128,normal
7870,1781099988.369762,http_flood
7871,1781099988.370431,syn_flood
7872,1781099988.370901,syn_flood
7873,1781099988.371594,normal
7874,1781099988.372087,udp_reflection
7875,1781099988.372575,syn_flood
7876,1781099988.373052,normal
7877,1781099988.373598,udp_reflection
7878,1781099988.374157,udp_reflection
7879,1781099988.374805,udp_reflection
7880,1781099988.375359,syn_flood
7881,1781099988.375950,syn_flood
7882,1781099988.376756,syn_flood
7883,1781099988.377136,syn_flood
7884,1781099988.377671,normal
7885,1781099988.378344,normal
7886,1781099988.378886,normal
7887,1781099988.379433,normal
7888,1781099988.380028,http_flood
7889,1781099988.380479,syn_flood
7890,1781099988.381036,syn_flood
7891,1781099988.381449,syn_flood
7892,1781099988.382034,normal
7893,1781099988.382424,syn_flood
7894,1781099988.382967,udp_reflection
7895,1781099988.383476,syn_flood
7896,1781099988.383869,udp_reflection
7897,1781099988.384263,syn_flood
7898,1781099988.384638,normal
7899,1781099988.385468,syn_flood
7900,1781099988.385969,syn_flood
7901,1781099988.386566,udp_reflection
7902,1781099988.387065,syn_flood
7903,1781099988.387682,syn_flood
7904,1781099988.388158,syn_flood
7905,1781099988.388516,normal
7906,1781099988.389160,normal
7907,1781099988.389668,syn_flood
7908,1781099988.390009,syn_flood
7909,1781099988.390415,udp_reflection
7910,1781099988.390803,syn_flood
7911,1781099988.391291,normal
7912,1781099988.391877,syn_flood
7913,1781099988.392588,normal
7914,1781099988.393193,http_flood
7915,1781099988.393799,normal
7916,1781099988.394336,syn_flood
7917,1781099988.394773,syn_flood
7918,1781099988.395260,syn_flood
7919,1781099988.395916,syn_flood
7920,1781099988.396346,syn_flood
7921,1781099988.396763,syn_flood
7922,1781099988.397689,syn_flood
7923,1781099988.398483,syn_flood
7924,1781099988.399072,syn_flood
7925,1781099988.399644,syn_flood
7926,1781099988.400302,udp_reflection
7927,1781099988.400921,normal
7928,1781099988.401353,syn_flood
7929,1781099988.401854,udp_reflection
7930,1781099988.402507,http_flood
7931,1781099988.403096,syn_flood
7932,1781099988.403637,syn_flood
7933,1781099988.404228,syn_flood
7934,1781099988.404801,syn_flood
7935,1781099988.405307,syn_flood
7936,1781099988.405864,syn_flood
7937,1781099988.406425,http_flood
7938,1781099988.406859,syn_flood
7939,1781099988.407496,http_flood
7940,1781099988.408401,syn_flood
7941,1781099988.408905,normal
7942,1781099988.409328,http_flood
7943,1781099988.409916,normal
7944,1781099988.410491,http_flood
7945,1781099988.411225,syn_flood
7946,1781099988.411683,syn_flood
7947,1781099988.412442,http_flood
7948,1781099988.412939,syn_flood
7949,1781099988.413632,syn_flood
7950,1781099988.414025,syn_flood
7951,1781099988.414498,syn_flood
7952,1781099988.415146,syn_flood
7953,1781099988.415644,syn_flood
7954,1781099988.416346,syn_flood
7955,1781099988.416986,syn_flood
7956,1781099988.417639,syn_flood
7957,1781099988.418243,http_flood
7958,1781099988.418839,syn_flood
7959,1781099988.419385,syn_flood
7960,1781099988.419899,normal
7961,1781099988.420336,syn_flood
7962,1781099988.420784,http_flood
7963,1781099988.421258,syn_flood
7964,1781099988.421859,udp_reflection
7965,1781099988.422256,http_flood
7966,1781099988.422902,normal
7967,1781099988.423414,syn_flood
7968,1781099988.423962,udp_reflection
7969,1781099988.424661,udp_reflection
7970,1781099988.425210,syn_flood
7971,1781099988.426137,http_flood
7972,1781099988.426896,syn_flood
7973,1781099988.427287,normal
7974,1781099988.427701,udp_reflection
7975,1781099988.428123,syn_flood
7976,1781099988.428658,syn_flood
7977,1781099988.429105,udp_reflection
7978,1781099988.429623,syn_flood
7979,1781099988.430111,udp_reflection
7980,1781099988.430739,normal
7981,1781099988.431130,udp_reflection
7982,1781099988.431716,syn_flood
7983,1781099988.432269,syn_flood
7984,1781099988.432704,normal
7985,1781099988.433254,syn_flood
7986,1781099988.433676,syn_flood
7987,1781099988.434184,syn_flood
7988,1781099988.434918,http_flood
7989,1781099988.435342,syn_flood
7990,1781099988.435926,syn_flood
7991,1781099988.436697,normal
7992,1781099988.437281,syn_flood
7993,1781099988.437745,udp_reflection
7994,1781099988.438218,syn_flood
7995,1781099988.438977,http_flood
7996,1781099988.439507,normal
7997,1781099988.440032,syn_flood
7998,1781099988.440580,syn_flood
7999,1781099988.441507,syn_flood
8000,1781099988.442086,syn_flood
8001,1781099988.442901,syn_flood
8002,1781099988.443470,syn_flood
8003,1781099988.444080,normal
8004,1781099988.444656,udp_reflection
8005,1781099988.445179,syn_flood
8006,1781099988.445880,syn_flood
8007,1781099988.446415,syn_flood
8008,1781099988.447185,syn_flood
8009,1781099988.447750,syn_flood
8010,1781099988.448188,normal
8011,1781099988.448886,udp_reflection
8012,1781099988.449597,syn_flood
8013,1781099988.450343,syn_flood
8014,1781099988.450853,http_flood
8015,1781099988.451444,syn_flood
8016,1781099988.452004,normal
8017,1781099988.452534,syn_flood
8018,1781099988.453206,syn_flood
8019,1781099988.453825,syn_flood
8020,1781099988.454411,syn_flood
8021,1781099988.454905,syn_flood
8022,1781099988.455441,normal
8023,1781099988.455938,http_flood
8024,1781099988.456497,syn_flood
8025,1781099988.457030,syn_flood
8026,1781099988.457591,syn_flood
8027,1781099988.458103,syn_flood
8028,1781099988.458555,normal
8029,1781099988.459081,syn_flood
8030,1781099988.459679,syn_flood
8031,1781099988.460238,syn_flood
8032,1781099988.460755,normal
8033,1781099988.461204,syn_flood
8034,1781099988.461835,http_flood
8035,1781099988.462328,normal
8036,1781099988.462729,syn_flood
8037,1781099988.463364,syn_flood
8038,1781099988.463866,syn_flood
8039,1781099988.464749,normal
8040,1781099988.465142,http_flood
8041,1781099988.465595,syn_flood
8042,1781099988.466069,syn_flood
8043,1781099988.466525,syn_flood
8044,1781099988.467049,syn_flood
8045,1781099988.467893,syn_flood
8046,1781099988.468277,syn_flood
8047,1781099988.468996,syn_flood
8048,1781099988.469770,udp_reflection
8049,1781099988.470392,syn_flood
8050,1781099988.470855,http_flood
8051,1781099988.471343,normal
8052,1781099988.471743,udp_reflection
8053,1781099988.472247,normal
8054,1781099988.473049,syn_flood
8055,1781099988.473460,syn_flood
8056,1781099988.473982,syn_flood
8057,1781099988.474595,syn_flood
8058,1781099988.475106,syn_flood
8059,1781099988.475778,normal
8060,1781099988.476230,syn_flood
8061,1781099988.476745,udp_reflection
8062,1781099988.477250,syn_flood
8063,1781099988.477738,syn_flood
8064,1781099988.478245,syn_flood
8065,1781099988.478830,syn_flood
8066,1781099988.479336,syn_flood
8067,1781099988.479809,syn_flood
8068,1781099988.480338,normal
8069,1781099988.480941,syn_flood
8070,1781099988.481498,normal
8071,1781099988.482275,syn_flood
8072,1781099988.482824,normal
8073,1781099988.483281,udp_reflection
8074,1781099988.483723,syn_flood
8075,1781099988.484124,syn_flood
8076,1781099988.484689,http_flood
8077,1781099988.485218,udp_reflection
8078,1781099988.485974,syn_flood
8079,1781099988.486701,syn_flood
8080,1781099988.487342,syn_flood
8081,1781099988.487834,udp_reflection
8082,1781099988.488786,syn_flood
8083,1781099988.489293,normal
8084,1781099988.489812,http_flood
8085,1781099988.490486,syn_flood
8086,1781099988.491048,normal
8087,1781099988.491616,syn_flood
8088,1781099988.492145,http_flood
8089,1781099988.492632,syn_flood
8090,1781099988.493221,normal
8091,1781099988.493781,http_flood
8092,1781099988.494347,normal
8093,1781099988.494944,syn_flood
8094,1781099988.495415,syn_flood
8095,1781099988.495937,syn_flood
8096,1781099988.496472,syn_flood
8097,1781099988.496930,syn_flood
8098,1781099988.497420,syn_flood
8099,1781099988.497890,syn_flood
8100,1781099988.498387,udp_reflection
8101,1781099988.498945,normal
8102,1781099988.499750,http_flood
8103,1781099988.500122,syn_flood
8104,1781099988.500961,udp_reflection
8105,1781099988.501529,normal
8106,1781099988.502297,normal
8107,1781099988.502839,udp_reflection
8108,1781099988.503342,syn_flood
8109,1781099988.503822,udp_reflection
8110,1781099988.504323,http_flood
8111,1781099988.504854,http_flood
8112,1781099988.505352,syn_flood
8113,1781099988.505941,normal
8114,1781099988.506504,syn_flood
8115,1781099988.507058,http_flood
8116,1781099988.507479,normal
8117,1781099988.508215,udp_reflection
8118,1781099988.508724,normal
8119,1781099988.509347,normal
8120,1781099988.509790,syn_flood
8121,1781099988.510571,normal
8122,1781099988.511101,syn_flood
8123,1781099988.511947,http_flood
8124,1781099988.512571,syn_flood
8125,1781099988.513288,syn_flood
8126,1781099988.514083,syn_flood
8127,1781099988.514860,normal
8128,1781099988.515546,http_flood
8129,1781099988.515909,http_flood
8130,1781099988.516462,syn_flood
8131,1781099988.517028,syn_flood
8132,1781099988.517549,http_flood
8133,1781099988.517945,normal
8134,1781099988.518621,normal
8135,1781099988.519114,syn_flood
8136,1781099988.519837,http_flood
8137,1781099988.520191,udp_reflection
8138,1781099988.520711,syn_flood
8139,1781099988.521122,normal
8140,1781099988.521668,syn_flood
8141,1781099988.522199,syn_flood
8142,1781099988.522800,normal
8143,1781099988.523205,syn_flood
8144,1781099988.523632,syn_flood
8145,1781099988.524191,syn_flood
8146,1781099988.524655,http_flood
8147,1781099988.524989,syn_flood
8148,1781099988.525291,syn_flood
8149,1781099988.525855,normal
8150,1781099988.526371,syn_flood
8151,1781099988.526765,syn_flood
8152,1781099988.527354,syn_flood
8153,1781099988.527771,syn_flood
8154,1781099988.528118,syn_flood
8155,1781099988.528777,syn_flood
8156,1781099988.529271,syn_flood
8157,1781099988.529813,http_flood
8158,1781099988.530452,normal
8159,1781099988.530948,http_flood
8160,1781099988.531779,syn_flood
8161,1781099988.532275,http_flood
8162,1781099988.532862,http_flood
8163,1781099988.533443,udp_reflection
8164,1781099988.534016,syn_flood
8165,1781099988.534812,syn_flood
8166,1781099988.535294,normal
8167,1781099988.535754,normal
8168,1781099988.536234,udp_reflection
8169,1781099988.536545,http_flood
8170,1781099988.536914,syn_flood
8171,1781099988.537598,normal
8172,1781099988.538171,syn_flood
8173,1781099988.538881,normal
8174,1781099988.539391,normal
8175,1781099988.540028,syn_flood
8176,1781099988.540918,normal
8177,1781099988.541439,udp_reflection
8178,1781099988.541887,syn_flood
8179,1781099988.542653,udp_reflection
8180,1781099988.543044,udp_reflection
8181,1781099988.543395,syn_flood
8182,1781099988.544082,syn_flood
8183,1781099988.544778,http_flood
8184,1781099988.545344,udp_reflection
8185,1781099988.545960,udp_reflection
8186,1781099988.546395,syn_flood
8187,1781099988.547011,http_flood
8188,1781099988.547637,http_flood
8189,1781099988.548144,syn_flood
8190,1781099988.548724,normal
8191,1781099988.549176,syn_flood
8192,1781099988.549845,udp_reflection
8193,1781099988.550342,udp_reflection
8194,1781099988.550934,syn_flood
8195,1781099988.551328,syn_flood
8196,1781099988.551883,normal
8197,1781099988.552453,http_flood
8198,1781099988.552969,http_flood
8199,1781099988.553804,syn_flood
8200,1781099988.554235,syn_flood
8201,1781099988.554888,syn_flood
8202,1781099988.555448,normal
8203,1781099988.555837,normal
8204,1781099988.556255,syn_flood
8205,1781099988.556988,syn_flood
8206,1781099988.557501,syn_flood
8207,1781099988.557940,syn_flood
8208,1781099988.558576,syn_flood
8209,1781099988.559340,syn_flood
8210,1781099988.559841,http_flood
8211,1781099988.560485,http_flood
8212,1781099988.560976,syn_flood
8213,1781099988.561434,syn_flood
8214,1781099988.562074,http_flood
8215,1781099988.562697,syn_flood
8216,1781099988.563174,normal
8217,1781099988.563629,normal
8218,1781099988.564440,normal
8219,1781099988.565345,syn_flood
8220,1781099988.565629,normal
8221,1781099988.566063,syn_flood
8222,1781099988.566498,http_flood
8223,1781099988.566939,syn_flood
8224,1781099988.567464,http_flood
8225,1781099988.568012,syn_flood
8226,1781099988.568454,syn_flood
8227,1781099988.569061,syn_flood
8228,1781099988.569488,syn_flood
8229,1781099988.569964,normal
8230,1781099988.570540,syn_flood
8231,1781099988.571085,syn_flood
8232,1781099988.571615,syn_flood
8233,1781099988.572538,syn_flood
8234,1781099988.573025,syn_flood
8235,1781099988.573668,http_flood
8236,1781099988.574191,http_flood
8237,1781099988.574688,syn_flood
8238,1781099988.575167,syn_flood
8239,1781099988.575775,syn_flood
8240,1781099988.576374,syn_flood
8241,1781099988.577049,syn_flood
8242,1781099988.577463,syn_flood
8243,1781099988.578079,http_flood
8244,1781099988.578592,udp_reflection
8245,1781099988.579068,udp_reflection
8246,1781099988.579562,syn_flood
8247,1781099988.580126,http_flood
8248,1781099988.580709,normal
8249,1781099988.581323,udp_reflection
8250,1781099988.581904,syn_flood
8251,1781099988.582407,syn_flood
8252,1781099988.582809,syn_flood
8253,1781099988.583656,udp_reflection
8254,1781099988.584270,normal
8255,1781099988.584881,syn_flood
8256,1781099988.585633,syn_flood
8257,1781099988.586117,syn_flood
8258,1781099988.586814,udp_reflection
8259,1781099988.587333,syn_flood
8260,1781099988.587767,syn_flood
8261,1781099988.588310,udp_reflection
8262,1781099988.588832,syn_flood
8263,1781099988.589298,syn_flood
8264,1781099988.589689,syn_flood
8265,1781099988.590211,syn_flood
8266,1781099988.590811,syn_flood
8267,1781099988.591315,normal
8268,1781099988.592028,syn_flood
8269,1781099988.592575,syn_flood
8270,1781099988.593127,syn_flood
8271,1781099988.593594,udp_reflection
8272,1781099988.594215,syn_flood
8273,1781099988.594714,syn_flood
8274,1781099988.595365,http_flood
8275,1781099988.595958,syn_flood
8276,1781099988.596534,normal
8277,1781099988.597007,udp_reflection
8278,1781099988.597378,syn_flood
8279,1781099988.598005,syn_flood
8280,1781099988.598582,syn_flood
8281,1781099988.599168,normal
8282,1781099988.599558,syn_flood
8283,1781099988.600095,http_flood
8284,1781099988.600696,syn_flood
8285,1781099988.601404,syn_flood
8286,1781099988.602010,syn_flood
8287,1781099988.602594,http_flood
8288,1781099988.603276,udp_reflection
8289,1781099988.603974,syn_flood
8290,1781099988.604768,normal
8291,1781099988.605317,normal
8292,1781099988.605864,syn_flood
8293,1781099988.606583,udp_reflection
8294,1781099988.607081,syn_flood
8295,1781099988.607578,syn_flood
8296,1781099988.608037,syn_flood
8297,1781099988.608541,syn_flood
8298,1781099988.608898,syn_flood
8299,1781099988.609341,udp_reflection
8300,1781099988.609841,http_flood
8301,1781099988.610423,syn_flood
8302,1781099988.610890,normal
8303,1781099988.611387,syn_flood
8304,1781099988.612182,normal
8305,1781099988.612843,normal
8306,1781099988.613356,syn_flood
8307,1781099988.613849,udp_reflection
8308,1781099988.614368,udp_reflection
8309,1781099988.614842,normal
8310,1781099988.615511,http_flood
8311,1781099988.616097,http_flood
8312,1781099988.616583,udp_reflection
8313,1781099988.617030,syn_flood
8314,1781099988.617633,http_flood
8315,1781099988.618173,normal
8316,1781099988.618706,normal
8317,1781099988.619174,udp_reflection
8318,1781099988.619517,syn_flood
8319,1781099988.620037,syn_flood
8320,1781099988.620606,normal
8321,1781099988.621487,http_flood
8322,1781099988.622022,syn_flood
8323,1781099988.622503,syn_flood
8324,1781099988.622939,syn_flood
8325,1781099988.623386,syn_flood
8326,1781099988.623960,syn_flood
8327,1781099988.624450,normal
8328,1781099988.624962,udp_reflection
8329,1781099988.625613,syn_flood
8330,1781099988.626101,syn_flood
8331,1781099988.626771,http_flood
8332,1781099988.627129,udp_reflection
8333,1781099988.627511,syn_flood
8334,1781099988.627972,udp_reflection
8335,1781099988.628552,http_flood
8336,1781099988.629109,normal
8337,1781099988.629683,syn_flood
8338,1781099988.630112,http_flood
8339,1781099988.630749,syn_flood
8340,1781099988.631287,syn_flood
8341,1781099988.631783,udp_reflection
8342,1781099988.632482,syn_flood
8343,1781099988.633008,normal
8344,1781099988.633389,syn_flood
8345,1781099988.633863,http_flood
8346,1781099988.634729,syn_flood
8347,1781099988.635433,syn_flood
8348,1781099988.635965,syn_flood
8349,1781099988.636471,http_flood
8350,1781099988.637155,udp_reflection
8351,1781099988.637722,syn_flood
8352,1781099988.638284,udp_reflection
8353,1781099988.638858,syn_flood
8354,1781099988.639383,syn_flood
8355,1781099988.640247,syn_flood
8356,1781099988.640728,syn_flood
8357,1781099988.641296,http_flood
8358,1781099988.641758,syn_flood
8359,1781099988.642204,syn_flood
8360,1781099988.642687,udp_reflection
8361,1781099988.643325,syn_flood
8362,1781099988.644129,syn_flood
8363,1781099988.644823,udp_reflection
8364,1781099988.645277,normal
8365,1781099988.645796,syn_flood
8366,1781099988.646227,http_flood
8367,1781099988.646773,http_flood
8368,1781099988.647329,syn_flood
8369,1781099988.648025,syn_flood
8370,1781099988.648658,syn_flood
8371,1781099988.649413,normal
8372,1781099988.650063,udp_reflection
8373,1781099988.650694,syn_flood
8374,1781099988.651288,http_flood
8375,1781099988.651836,normal
8376,1781099988.652190,udp_reflection
8377,1781099988.652683,normal
8378,1781099988.653159,normal
8379,1781099988.653603,http_flood
8380,1781099988.654134,normal
8381,1781099988.654711,syn_flood
8382,1781099988.655135,syn_flood
8383,1781099988.655547,syn_flood
8384,1781099988.655987,normal
8385,1781099988.656558,syn_flood
8386,1781099988.657276,syn_flood
8387,1781099988.657667,syn_flood
8388,1781099988.658111,syn_flood
8389,1781099988.658602,syn_flood
8390,1781099988.659102,syn_flood
8391,1781099988.659567,syn_flood
8392,1781099988.660237,syn_flood
8393,1781099988.660635,normal
8394,1781099988.661407,syn_flood
8395,1781099988.662199,syn_flood
8396,1781099988.662817,syn_flood
8397,1781099988.663356,http_flood
8398,1781099988.663702,normal
8399,1781099988.664097,syn_flood
8400,1781099988.664728,syn_flood
8401,1781099988.665519,udp_reflection
8402,1781099988.666114,syn_flood
8403,1781099988.666677,http_flood
8404,1781099988.667159,syn_flood
8405,1781099988.667907,syn_flood
8406,1781099988.668541,http_flood
8407,1781099988.669255,http_flood
8408,1781099988.669740,http_flood
8409,1781099988.670298,syn_flood
8410,1781099988.670758,syn_flood
8411,1781099988.671346,syn_flood
8412,1781099988.671811,normal
8413,1781099988.672188,normal
8414,1781099988.672704,normal
8415,1781099988.673210,syn_flood
8416,1781099988.673684,syn_flood
8417,1781099988.674130,normal
8418,1781099988.674615,syn_flood
8419,1781099988.675214,http_flood
8420,1781099988.675971,syn_flood
8421,1781099988.676587,http_flood
8422,1781099988.676913,syn_flood
8423,1781099988.677377,syn_flood
8424,1781099988.677990,udp_reflection
8425,1781099988.678534,syn_flood
8426,1781099988.678998,syn_flood
8427,1781099988.679564,udp_reflection
8428,1781099988.680185,syn_flood
8429,1781099988.680714,syn_flood
8430,1781099988.681109,normal
8431,1781099988.681643,syn_flood
8432,1781099988.681985,http_flood
8433,1781099988.682528,syn_flood
8434,1781099988.683124,syn_flood
8435,1781099988.683552,syn_flood
8436,1781099988.684172,syn_flood
8437,1781099988.684532,http_flood
8438,1781099988.684969,syn_flood
8439,1781099988.685526,syn_flood
8440,1781099988.686344,http_flood
8441,1781099988.686930,syn_flood
8442,1781099988.687589,syn_flood
8443,1781099988.688395,udp_reflection
8444,1781099988.688754,syn_flood
8445,1781099988.689167,udp_reflection
8446,1781099988.690060,http_flood
8447,1781099988.690599,syn_flood
8448,1781099988.691079,syn_flood
8449,1781099988.691665,syn_flood
8450,1781099988.692307,syn_flood
8451,1781099988.692764,syn_flood
8452,1781099988.693095,http_flood
8453,1781099988.693587,normal
8454,1781099988.694291,syn_flood
8455,1781099988.694797,udp_reflection
8456,1781099988.695291,udp_reflection
8457,1781099988.695810,normal
8458,1781099988.696243,http_flood
8459,1781099988.696927,syn_flood
8460,1781099988.697418,syn_flood
8461,1781099988.698070,normal
8462,1781099988.698495,normal
8463,1781099988.699123,normal
8464,1781099988.699897,syn_flood
8465,1781099988.700490,syn_flood
8466,1781099988.701067,syn_flood
8467,1781099988.701560,syn_flood
8468,1781099988.702374,syn_flood
8469,1781099988.703084,syn_flood
8470,1781099988.703572,udp_reflection
8471,1781099988.704440,http_flood
8472,1781099988.704957,udp_reflection
8473,1781099988.705508,syn_flood
8474,1781099988.706238,normal
8475,1781099988.706914,syn_flood
8476,1781099988.707441,udp_reflection
8477,1781099988.707954,syn_flood
8478,1781099988.708550,normal
8479,1781099988.709006,normal
8480,1781099988.709897,http_flood
8481,1781099988.710298,syn_flood
8482,1781099988.711207,http_flood
8483,1781099988.711757,udp_reflection
8484,1781099988.712309,udp_reflection
8485,1781099988.712859,syn_flood
8486,1781099988.713513,http_flood
8487,1781099988.714143,syn_flood
8488,1781099988.714643,syn_flood
8489,1781099988.715158,udp_reflection
8490,1781099988.715865,udp_reflection
8491,1781099988.716627,syn_flood
8492,1781099988.717151,syn_flood
8493,1781099988.717670,syn_flood
8494,1781099988.718017,syn_flood
8495,1781099988.718427,syn_flood
8496,1781099988.718954,http_flood
8497,1781099988.719350,syn_flood
8498,1781099988.719644,http_flood
8499,1781099988.720089,syn_flood
8500,1781099988.720547,syn_flood
8501,1781099988.720987,syn_flood
8502,1781099988.721597,udp_reflection
8503,1781099988.722043,normal
8504,1781099988.722612,syn_flood
8505,1781099988.723198,normal
8506,1781099988.723980,syn_flood
8507,1781099988.724264,syn_flood
8508,1781099988.724802,http_flood
8509,1781099988.725274,syn_flood
8510,1781099988.725875,syn_flood
8511,1781099988.726466,http_flood
8512,1781099988.726903,syn_flood
8513,1781099988.727458,syn_flood
8514,1781099988.728028,normal
8515,1781099988.728588,syn_flood
8516,1781099988.729220,syn_flood
8517,1781099988.729673,syn_flood
8518,1781099988.730041,http_flood
8519,1781099988.730562,http_flood
8520,1781099988.731116,syn_flood
8521,1781099988.731554,syn_flood
8522,1781099988.731932,syn_flood
8523,1781099988.732545,normal
8524,1781099988.733148,syn_flood
8525,1781099988.733866,normal
8526,1781099988.734374,syn_flood
8527,1781099988.734885,syn_flood
8528,1781099988.735275,normal
8529,1781099988.735872,syn_flood
8530,1781099988.736506,syn_flood
8531,1781099988.737114,normal
8532,1781099988.737654,http_flood
8533,1781099988.738069,syn_flood
8534,1781099988.738477,normal
8535,1781099988.739085,normal
8536,1781099988.739762,syn_flood
8537,1781099988.740256,udp_reflection
8538,1781099988.740952,syn_flood
8539,1781099988.741618,normal
8540,1781099988.742198,syn_flood
8541,1781099988.742826,syn_flood
8542,1781099988.743276,syn_flood
8543,1781099988.743741,syn_flood
8544,1781099988.744217,syn_flood
8545,1781099988.744693,normal
8546,1781099988.745230,udp_reflection
8547,1781099988.745601,syn_flood
8548,1781099988.746031,syn_flood
8549,1781099988.746727,normal
8550,1781099988.747156,syn_flood
8551,1781099988.747612,syn_flood
8552,1781099988.748232,syn_flood
8553,1781099988.748888,syn_flood
8554,1781099988.749306,udp_reflection
8555,1781099988.749797,http_flood
8556,1781099988.750526,syn_flood
8557,1781099988.751031,http_flood
8558,1781099988.751578,syn_flood
8559,1781099988.752033,syn_flood
8560,1781099988.752468,syn_flood
8561,1781099988.753008,udp_reflection
8562,1781099988.753478,syn_flood
8563,1781099988.753977,syn_flood
8564,1781099988.754680,udp_reflection
8565,1781099988.755204,udp_reflection
8566,1781099988.755905,http_flood
8567,1781099988.756456,http_flood
8568,1781099988.757045,syn_flood
8569,1781099988.757597,normal
8570,1781099988.758058,syn_flood
8571,1781099988.758442,syn_flood
8572,1781099988.759161,normal
8573,1781099988.759664,syn_flood
8574,1781099988.760248,syn_flood
8575,1781099988.760672,http_flood
8576,1781099988.761249,http_flood
8577,1781099988.761687,normal
8578,1781099988.762178,syn_flood
8579,1781099988.762513,normal
8580,1781099988.762985,syn_flood
8581,1781099988.763384,udp_reflection
8582,1781099988.763927,syn_flood
8583,1781099988.764615,syn_flood
8584,1781099988.765296,normal
8585,1781099988.765662,syn_flood
8586,1781099988.766263,normal
8587,1781099988.766838,normal
8588,1781099988.767691,syn_flood
8589,1781099988.768376,syn_flood
8590,1781099988.768832,syn_flood
8591,1781099988.769505,syn_flood
8592,1781099988.770024,udp_reflection
8593,1781099988.770509,syn_flood
8594,1781099988.771057,normal
8595,1781099988.771898,udp_reflection
8596,1781099988.772435,syn_flood
8597,1781099988.772712,syn_flood
8598,1781099988.773379,normal
8599,1781099988.773905,syn_flood
8600,1781099988.774646,normal
8601,1781099988.775146,http_flood
8602,1781099988.775735,normal
8603,1781099988.776201,syn_flood
8604,1781099988.776861,syn_flood
8605,1781099988.777274,syn_flood
8606,1781099988.777881,syn_flood
8607,1781099988.778674,http_flood
8608,1781099988.779112,syn_flood
8609,1781099988.779778,syn_flood
8610,1781099988.780309,syn_flood
8611,1781099988.780720,syn_flood
8612,1781099988.781082,syn_flood
8613,1781099988.781645,syn_flood
8614,1781099988.782144,udp_reflection
8615,1781099988.782745,udp_reflection
8616,1781099988.783483,syn_flood
8617,1781099988.783903,syn_flood
8618,1781099988.784601,syn_flood
8619,1781099988.785090,normal
8620,1781099988.785577,udp_reflection
8621,1781099988.786052,normal
8622,1781099988.786391,syn_flood
8623,1781099988.787034,syn_flood
8624,1781099988.787467,syn_flood
8625,1781099988.788006,syn_flood
8626,1781099988.788594,syn_flood
8627,1781099988.789059,syn_flood
8628,1781099988.789751,syn_flood
8629,1781099988.790348,http_flood
8630,1781099988.790826,udp_reflection
8631,1781099988.791463,syn_flood
8632,1781099988.791970,syn_flood
8633,1781099988.792479,syn_flood
8634,1781099988.793186,syn_flood
8635,1781099988.793900,syn_flood
8636,1781099988.794448,syn_flood
8637,1781099988.794945,http_flood
8638,1781099988.795659,normal
8639,1781099988.796330,udp_reflection
8640,1781099988.796981,syn_flood
8641,1781099988.798357,syn_flood
8642,1781099988.798853,syn_flood
8643,1781099988.799350,syn_flood
8644,1781099988.799784,udp_reflection
8645,1781099988.800483,normal
8646,1781099988.801118,udp_reflection
8647,1781099988.801820,syn_flood
8648,1781099988.802308,udp_reflection
8649,1781099988.803001,normal
8650,1781099988.803677,syn_flood
8651,1781099988.804356,syn_flood
8652,1781099988.804935,normal
8653,1781099988.805419,syn_flood
8654,1781099988.805843,syn_flood
8655,1781099988.806514,syn_flood
8656,1781099988.806898,syn_flood
8657,1781099988.807306,normal
8658,1781099988.807959,udp_reflection
8659,1781099988.808527,normal
8660,1781099988.809171,udp_reflection
8661,1781099988.809696,http_flood
8662,1781099988.810229,syn_flood
8663,1781099988.810755,syn_flood
8664,1781099988.811429,normal
8665,1781099988.812039,syn_flood
8666,1781099988.812579,syn_flood
8667,1781099988.813065,syn_flood
8668,1781099988.813575,normal
8669,1781099988.814305,syn_flood
8670,1781099988.814724,normal
8671,1781099988.815178,syn_flood
8672,1781099988.815760,syn_flood
8673,1781099988.816280,syn_flood
8674,1781099988.817024,syn_flood
8675,1781099988.817563,syn_flood
8676,1781099988.818039,udp_reflection
8677,1781099988.818512,http_flood
8678,1781099988.819086,syn_flood
8679,1781099988.819533,normal
8680,1781099988.820103,syn_flood
8681,1781099988.820821,syn_flood
8682,1781099988.821167,normal
8683,1781099988.821687,http_flood
8684,1781099988.822279,udp_reflection
8685,1781099988.822869,syn_flood
8686,1781099988.823227,http_flood
8687,1781099988.823750,syn_flood
8688,1781099988.824207,syn_flood
8689,1781099988.824750,syn_flood
8690,1781099988.825327,syn_flood
8691,1781099988.825965,syn_flood
8692,1781099988.826379,syn_flood
8693,1781099988.826928,udp_reflection
8694,1781099988.827633,syn_flood
8695,1781099988.828387,syn_flood
8696,1781099988.829192,syn_flood
8697,1781099988.829771,syn_flood
8698,1781099988.830343,normal
8699,1781099988.830791,syn_flood
8700,1781099988.831419,syn_flood
8701,1781099988.831933,syn_flood
8702,1781099988.832321,syn_flood
8703,1781099988.832842,syn_flood
8704,1781099988.833283,udp_reflection
8705,1781099988.833734,syn_flood
8706,1781099988.834268,syn_flood
8707,1781099988.834814,normal
8708,1781099988.835337,syn_flood
8709,1781099988.835825,syn_flood
8710,1781099988.836557,syn_flood
8711,1781099988.837243,syn_flood
8712,1781099988.837599,http_flood
8713,1781099988.838404,syn_flood
8714,1781099988.838968,udp_reflection
8715,1781099988.839471,normal
8716,1781099988.839995,syn_flood
8717,1781099988.840595,udp_reflection
8718,1781099988.841099,normal
8719,1781099988.841518,syn_flood
8720,1781099988.842069,syn_flood
8721,1781099988.842621,syn_flood
8722,1781099988.843361,syn_flood
8723,1781099988.843878,normal
8724,1781099988.844567,syn_flood
8725,1781099988.845018,syn_flood
8726,1781099988.845806,syn_flood
8727,1781099988.846319,syn_flood
8728,1781099988.847217,syn_flood
8729,1781099988.847532,http_flood
8730,1781099988.848120,normal
8731,1781099988.848610,normal
8732,1781099988.849041,normal
8733,1781099988.849439,syn_flood
8734,1781099988.850137,syn_flood
8735,1781099988.850883,normal
8736,1781099988.851548,syn_flood
8737,1781099988.852133,http_flood
8738,1781099988.852849,syn_flood
8739,1781099988.853258,syn_flood
8740,1781099988.853770,syn_flood
8741,1781099988.854224,normal
8742,1781099988.854989,normal
8743,1781099988.855653,syn_flood
8744,1781099988.856091,syn_flood
8745,1781099988.856789,syn_flood
8746,1781099988.857232,syn_flood
8747,1781099988.857948,syn_flood
8748,1781099988.858552,syn_flood
8749,1781099988.859079,http_flood
8750,1781099988.859666,syn_flood
8751,1781099988.860161,syn_flood
8752,1781099988.860835,normal
8753,1781099988.861212,udp_reflection
8754,1781099988.861972,syn_flood
8755,1781099988.862520,syn_flood
8756,1781099988.862917,syn_flood
8757,1781099988.863306,udp_reflection
8758,1781099988.864033,udp_reflection
8759,1781099988.864598,syn_flood
8760,1781099988.865209,normal
8761,1781099988.865559,syn_flood
8762,1781099988.866122,http_flood
8763,1781099988.866726,normal
8764,1781099988.867396,syn_flood
8765,1781099988.867825,syn_flood
8766,1781099988.868526,syn_flood
8767,1781099988.869085,http_flood
8768,1781099988.869833,udp_reflection
8769,1781099988.870577,syn_flood
8770,1781099988.870903,syn_flood
8771,1781099988.871294,syn_flood
8772,1781099988.871772,syn_flood
8773,1781099988.872488,syn_flood
8774,1781099988.872905,syn_flood
8775,1781099988.873408,syn_flood
8776,1781099988.873902,syn_flood
8777,1781099988.874488,syn_flood
8778,1781099988.874923,syn_flood
8779,1781099988.875613,udp_reflection
8780,1781099988.876027,syn_flood
8781,1781099988.876843,udp_reflection
8782,1781099988.877152,udp_reflection
8783,1781099988.877826,udp_reflection
8784,1781099988.878361,syn_flood
8785,1781099988.878989,syn_flood
8786,1781099988.879605,normal
8787,1781099988.879911,udp_reflection
8788,1781099988.880367,udp_reflection
8789,1781099988.881066,syn_flood
8790,1781099988.881723,syn_flood
8791,1781099988.882381,normal
8792,1781099988.882932,udp_reflection
8793,1781099988.883566,http_flood
8794,1781099988.884357,syn_flood
8795,1781099988.884862,syn_flood
8796,1781099988.885509,normal
8797,1781099988.887619,normal
8798,1781099988.890494,normal
8799,1781099988.892014,normal
8800,1781099988.893604,syn_flood
8801,1781099988.894834,udp_reflection
8802,1781099988.896673,normal
8803,1781099988.898317,http_flood
8804,1781099988.900405,normal
8805,1781099988.902206,normal
8806,1781099988.904287,normal
8807,1781099988.906705,normal
8808,1781099988.907999,normal
8809,1781099988.910065,normal
8810,1781099988.911677,normal
8811,1781099988.913446,normal
8812,1781099988.915174,normal
8813,1781099988.917480,syn_flood
8814,1781099988.919744,normal
8815,1781099988.921741,syn_flood
8816,1781099988.923655,normal
8817,1781099988.925377,normal
8818,1781099988.927298,syn_flood
8819,1781099988.928759,normal
8820,1781099988.931142,http_flood
8821,1781099988.932550,udp_reflection
8822,1781099988.934346,udp_reflection
8823,1781099988.936749,normal
8824,1781099988.938446,normal
8825,1781099988.939783,http_flood
8826,1781099988.941964,normal
8827,1781099988.943640,http_flood
8828,1781099988.945526,syn_flood
8829,1781099988.947156,normal
8830,1781099988.949466,normal
8831,1781099988.951279,http_flood
8832,1781099988.953681,syn_flood
8833,1781099988.955214,syn_flood
8834,1781099988.956734,syn_flood
8835,1781099988.958575,normal
8836,1781099988.961157,normal
8837,1781099988.962824,normal
8838,1781099988.964362,normal
8839,1781099988.966183,normal
8840,1781099988.967869,syn_flood
8841,1781099988.969795,normal
8842,1781099988.971601,normal
8843,1781099988.973110,normal
8844,1781099988.975311,syn_flood
8845,1781099988.977232,normal
8846,1781099988.979252,normal
8847,1781099988.980968,normal
8848,1781099988.982579,normal
8849,1781099988.983921,normal
8850,1781099988.985704,http_flood
8851,1781099988.987743,syn_flood
8852,1781099988.989820,normal
8853,1781099988.991086,normal
8854,1781099988.992715,syn_flood
8855,1781099988.994586,normal
8856,1781099988.996483,normal
8857,1781099988.998084,normal
8858,1781099989.000535,normal
8859,1781099989.003007,normal
8860,1781099989.004484,normal
8861,1781099989.006695,normal
8862,1781099989.008628,normal
8863,1781099989.010569,syn_flood
8864,1781099989.012181,normal
8865,1781099989.014441,normal
8866,1781099989.016111,normal
8867,1781099989.018192,syn_flood
8868,1781099989.019165,normal
8869,1781099989.021163,normal
8870,1781099989.022966,normal
8871,1781099989.025321,http_flood
8872,1781099989.027184,normal
8873,1781099989.029638,normal
8874,1781099989.031626,syn_flood
8875,1781099989.033200,syn_flood
8876,1781099989.035348,normal
8877,1781099989.036653,udp_reflection
8878,1781099989.038114,normal
8879,1781099989.039140,normal
8880,1781099989.040514,normal
8881,1781099989.041962,normal
8882,1781099989.043823,syn_flood
8883,1781099989.045959,syn_flood
8884,1781099989.047367,normal
8885,1781099989.048795,normal
8886,1781099989.050304,normal
8887,1781099989.051827,normal
8888,1781099989.053815,normal
8889,1781099989.055258,normal
8890,1781099989.056887,syn_flood
8891,1781099989.058586,normal
8892,1781099989.060502,syn_flood
8893,1781099989.063212,normal
8894,1781099989.065686,normal
8895,1781099989.068192,normal
8896,1781099989.069521,normal
8897,1781099989.071041,udp_reflection
8898,1781099989.072799,normal
8899,1781099989.074210,syn_flood
8900,1781099989.076074,http_flood
8901,1781099989.077992,normal
8902,1781099989.079358,normal
8903,1781099989.081379,syn_flood
8904,1781099989.082891,syn_flood
8905,1781099989.084371,normal
8906,1781099989.086049,normal
8907,1781099989.087921,normal
8908,1781099989.089826,normal
8909,1781099989.091897,normal
8910,1781099989.094424,syn_flood
8911,1781099989.096296,normal
8912,1781099989.098341,syn_flood
8913,1781099989.099789,normal
8914,1781099989.102194,normal
8915,1781099989.103840,normal
8916,1781099989.105343,normal
8917,1781099989.106625,normal
8918,1781099989.108361,normal
8919,1781099989.110071,syn_flood
8920,1781099989.111480,syn_flood
8921,1781099989.113458,normal
8922,1781099989.115773,normal
8923,1781099989.117636,normal
8924,1781099989.119532,normal
8925,1781099989.121462,normal
8926,1781099989.123325,normal
8927,1781099989.124410,normal
8928,1781099989.125612,normal
8929,1781099989.127222,normal
8930,1781099989.128735,normal
8931,1781099989.130791,normal
8932,1781099989.132461,normal
8933,1781099989.133963,normal
8934,1781099989.135720,normal
8935,1781099989.137680,normal
8936,1781099989.139762,syn_flood
8937,1781099989.141801,syn_flood
8938,1781099989.143700,normal
8939,1781099989.145685,normal
8940,1781099989.147341,normal
8941,1781099989.149094,syn_flood
8942,1781099989.151706,normal
8943,1781099989.153779,normal
8944,1781099989.155506,syn_flood
8945,1781099989.157355,udp_reflection
8946,1781099989.158965,normal
8947,1781099989.160570,normal
8948,1781099989.162433,normal
8949,1781099989.164042,normal
8950,1781099989.166030,normal
8951,1781099989.169000,syn_flood
8952,1781099989.170359,normal
8953,1781099989.172060,udp_reflection
8954,1781099989.173901,normal
8955,1781099989.174883,syn_flood
8956,1781099989.176273,syn_flood
8957,1781099989.178760,normal
8958,1781099989.180369,normal
8959,1781099989.182494,normal
8960,1781099989.184719,http_flood
8961,1781099989.186378,normal
8962,1781099989.188069,syn_flood
8963,1781099989.189827,syn_flood
8964,1781099989.191457,normal
8965,1781099989.193483,normal
8966,1781099989.196180,normal
8967,1781099989.197895,normal
8968,1781099989.199668,normal
8969,1781099989.201214,normal
8970,1781099989.203320,normal
8971,1781099989.205341,normal
8972,1781099989.207195,normal
8973,1781099989.209051,normal
8974,1781099989.211045,normal
8975,1781099989.213006,normal
8976,1781099989.214389,syn_flood
8977,1781099989.216242,normal
8978,1781099989.217877,http_flood
8979,1781099989.219111,normal
8980,1781099989.220813,normal
8981,1781099989.222627,normal
8982,1781099989.224268,normal
8983,1781099989.225703,normal
8984,1781099989.227512,normal
8985,1781099989.229144,normal
8986,1781099989.231212,normal
8987,1781099989.232992,normal
8988,1781099989.234818,normal
8989,1781099989.235896,normal
8990,1781099989.238092,normal
8991,1781099989.239688,normal
8992,1781099989.241750,normal
8993,1781099989.243629,normal
8994,1781099989.244978,normal
8995,1781099989.246689,normal
8996,1781099989.248372,normal
8997,1781099989.249865,normal
8998,1781099989.251865,normal
8999,1781099989.254067,normal
9000,1781099989.255785,normal
9001,1781099989.256966,http_flood
9002,1781099989.258418,normal
9003,1781099989.260159,normal
9004,1781099989.263295,normal
9005,1781099989.265558,normal
9006,1781099989.267081,normal
9007,1781099989.269490,normal
9008,1781099989.271480,normal
9009,1781099989.272680,normal
9010,1781099989.274411,normal
9011,1781099989.276338,normal
9012,1781099989.278129,normal
9013,1781099989.280592,syn_flood
9014,1781099989.282112,normal
9015,1781099989.286182,syn_flood
9016,1781099989.287866,syn_flood
9017,1781099989.289552,normal
9018,1781099989.291506,syn_flood
9019,1781099989.293201,syn_flood
9020,1781099989.294528,normal
9021,1781099989.296616,normal
9022,1781099989.298567,normal
9023,1781099989.300334,normal
9024,1781099989.301721,normal
9025,1781099989.303690,normal
9026,1781099989.305544,normal
9027,1781099989.307375,normal
9028,1781099989.309131,normal
9029,1781099989.311376,syn_flood
9030,1781099989.312945,normal
9031,1781099989.314123,http_flood
9032,1781099989.316181,normal
9033,1781099989.318164,normal
9034,1781099989.319527,normal
9035,1781099989.321316,normal
9036,1781099989.322799,normal
9037,1781099989.324377,normal
9038,1781099989.326520,normal
9039,1781099989.327930,normal
9040,1781099989.329536,normal
9041,1781099989.331180,normal
9042,1781099989.333856,normal
9043,1781099989.336110,normal
9044,1781099989.338185,syn_flood
9045,1781099989.340091,syn_flood
9046,1781099989.341300,syn_flood
9047,1781099989.343615,http_flood
9048,1781099989.344782,normal
9049,1781099989.346783,normal
9050,1781099989.348555,normal
9051,1781099989.350407,normal
9052,1781099989.352464,normal
9053,1781099989.353489,normal
9054,1781099989.354903,syn_flood
9055,1781099989.357770,normal
9056,1781099989.359315,normal
9057,1781099989.360414,normal
9058,1781099989.362746,normal
9059,1781099989.365020,normal
9060,1781099989.366793,normal
9061,1781099989.368829,normal
9062,1781099989.370951,normal
9063,1781099989.372697,normal
9064,1781099989.374977,normal
9065,1781099989.377463,http_flood
9066,1781099989.379487,normal
9067,1781099989.380669,normal
9068,1781099989.382339,normal
9069,1781099989.383857,normal
9070,1781099989.385286,normal
9071,1781099989.386473,normal
9072,1781099989.388293,normal
9073,1781099989.389890,syn_flood
9074,1781099989.391642,syn_flood
9075,1781099989.393526,normal
9076,1781099989.394999,normal
9077,1781099989.396951,syn_flood
9078,1781099989.398478,normal
9079,1781099989.399734,normal
9080,1781099989.401728,normal
9081,1781099989.403361,normal
9082,1781099989.404441,normal
9083,1781099989.405429,normal
9084,1781099989.407125,normal
9085,1781099989.409255,normal
9086,1781099989.411467,normal
9087,1781099989.412846,syn_flood
9088,1781099989.414926,syn_flood
9089,1781099989.417052,normal
9090,1781099989.418321,normal
9091,1781099989.419213,normal
9092,1781099989.421059,normal
9093,1781099989.422418,normal
9094,1781099989.423750,normal
9095,1781099989.424993,syn_flood
9096,1781099989.426372,syn_flood
9097,1781099989.428626,normal
9098,1781099989.430565,normal
9099,1781099989.431780,normal
9100,1781099989.433945,normal
9101,1781099989.435933,normal
9102,1781099989.438260,normal
9103,1781099989.440395,normal
9104,1781099989.441988,normal
9105,1781099989.444587,syn_flood
9106,1781099989.446167,normal
9107,1781099989.447582,normal
9108,1781099989.449626,normal
9109,1781099989.451477,normal
9110,1781099989.454191,normal
9111,1781099989.456627,normal
9112,1781099989.458180,normal
9113,1781099989.460198,http_flood
9114,1781099989.462050,normal
9115,1781099989.464990,syn_flood
9116,1781099989.466621,normal
9117,1781099989.468214,normal
9118,1781099989.469818,normal
9119,1781099989.471378,http_flood
9120,1781099989.473183,normal
9121,1781099989.474443,normal
9122,1781099989.476792,udp_reflection
9123,1781099989.477950,normal
9124,1781099989.479128,normal
9125,1781099989.480464,normal
9126,1781099989.482420,syn_flood
9127,1781099989.485068,normal
9128,1781099989.487526,normal
9129,1781099989.488719,normal
9130,1781099989.490492,normal
9131,1781099989.491967,normal
9132,1781099989.493590,http_flood
9133,1781099989.495256,syn_flood
9134,1781099989.496543,normal
9135,1781099989.498792,normal
9136,1781099989.500310,normal
9137,1781099989.502045,syn_flood
9138,1781099989.503971,normal
9139,1781099989.506295,normal
9140,1781099989.508148,normal
9141,1781099989.509843,normal
9142,1781099989.511819,normal
9143,1781099989.513198,normal
9144,1781099989.514996,normal
9145,1781099989.515954,syn_flood
9146,1781099989.517800,normal
9147,1781099989.519420,syn_flood
9148,1781099989.520775,normal
9149,1781099989.522053,udp_reflection
9150,1781099989.523891,normal
9151,1781099989.525389,syn_flood
9152,1781099989.527120,normal
9153,1781099989.528784,normal
9154,1781099989.530372,normal
9155,1781099989.532551,http_flood
9156,1781099989.534265,normal
9157,1781099989.535553,syn_flood
9158,1781099989.537097,normal
9159,1781099989.538986,normal
9160,1781099989.540861,udp_reflection
9161,1781099989.542681,http_flood
9162,1781099989.544688,normal
9163,1781099989.546350,normal
9164,1781099989.548735,normal
9165,1781099989.550948,normal
9166,1781099989.552723,normal
9167,1781099989.554232,normal
9168,1781099989.555634,normal
9169,1781099989.557086,syn_flood
9170,1781099989.559428,syn_flood
9171,1781099989.561222,syn_flood
9172,1781099989.562637,normal
9173,1781099989.565329,normal
9174,1781099989.567019,normal
9175,1781099989.569781,normal
9176,1781099989.571471,syn_flood
9177,1781099989.573219,normal
9178,1781099989.574645,normal
9179,1781099989.576782,normal
9180,1781099989.579008,normal
9181,1781099989.580833,normal
9182,1781099989.583054,syn_flood
9183,1781099989.584409,normal
9184,1781099989.586076,normal
9185,1781099989.588155,udp_reflection
9186,1781099989.589484,normal
9187,1781099989.591034,normal
9188,1781099989.592639,normal
9189,1781099989.594633,normal
9190,1781099989.596055,normal
9191,1781099989.597711,normal
9192,1781099989.599507,normal
9193,1781099989.601100,normal
9194,1781099989.603300,normal
9195,1781099989.604670,normal
9196,1781099989.605871,normal
9197,1781099989.607134,normal
9198,1781099989.608835,normal
9199,1781099989.610457,syn_flood
9200,1781099989.612875,http_flood
9201,1781099989.614770,normal
9202,1781099989.616299,normal
9203,1781099989.618264,normal
9204,1781099989.619788,normal
9205,1781099989.621803,normal
9206,1781099989.623832,normal
9207,1781099989.625514,normal
9208,1781099989.627283,normal
9209,1781099989.628759,syn_flood
9210,1781099989.630940,normal
9211,1781099989.633335,normal
9212,1781099989.634663,syn_flood
9213,1781099989.636691,normal
9214,1781099989.638509,normal
9215,1781099989.640101,normal
9216,1781099989.642874,udp_reflection
9217,1781099989.644792,normal
9218,1781099989.646908,syn_flood
9219,1781099989.648635,normal
9220,1781099989.651251,syn_flood
9221,1781099989.653141,normal
9222,1781099989.655160,normal
9223,1781099989.656748,normal
9224,1781099989.658250,syn_flood
9225,1781099989.661023,syn_flood
9226,1781099989.662598,normal
9227,1781099989.663880,normal
9228,1781099989.666001,normal
9229,1781099989.667884,syn_flood
9230,1781099989.669193,normal
9231,1781099989.671214,normal
9232,1781099989.672796,normal
9233,1781099989.674276,normal
9234,1781099989.675629,normal
9235,1781099989.676816,normal
9236,1781099989.678778,udp_reflection
9237,1781099989.680822,normal
9238,1781099989.682431,normal
9239,1781099989.683689,normal
9240,1781099989.685007,normal
9241,1781099989.686262,normal
9242,1781099989.687975,syn_flood
9243,1781099989.689470,normal
9244,1781099989.691146,syn_flood
9245,1781099989.693244,normal
9246,1781099989.694137,syn_flood
9247,1781099989.695177,normal
9248,1781099989.696630,syn_flood
9249,1781099989.698339,normal
9250,1781099989.699954,syn_flood
9251,1781099989.701603,normal
9252,1781099989.703663,normal
9253,1781099989.705057,normal
9254,1781099989.706547,normal
9255,1781099989.708541,normal
9256,1781099989.710527,normal
9257,1781099989.712147,normal
9258,1781099989.713621,normal
9259,1781099989.715227,udp_reflection
9260,1781099989.718192,normal
9261,1781099989.720300,normal
9262,1781099989.723118,normal
9263,1781099989.725380,normal
9264,1781099989.727014,normal
9265,1781099989.728438,normal
9266,1781099989.730608,normal
9267,1781099989.732413,normal
9268,1781099989.734126,syn_flood
9269,1781099989.736631,syn_flood
9270,1781099989.738184,normal
9271,1781099989.740200,normal
9272,1781099989.742325,normal
9273,1781099989.744811,normal
9274,1781099989.746378,normal
9275,1781099989.748533,normal
9276,1781099989.750015,normal
9277,1781099989.753153,normal
9278,1781099989.754538,normal
9279,1781099989.756640,normal
9280,1781099989.758485,normal
9281,1781099989.760295,normal
9282,1781099989.762206,normal
9283,1781099989.764013,normal
9284,1781099989.765569,normal
9285,1781099989.767479,normal
9286,1781099989.769608,normal
9287,1781099989.770744,normal
9288,1781099989.772420,normal
9289,1781099989.774320,normal
9290,1781099989.776133,normal
9291,1781099989.777491,syn_flood
9292,1781099989.779769,normal
9293,1781099989.781142,normal
9294,1781099989.782502,normal
9295,1781099989.784194,normal
9296,1781099989.786383,normal
9297,1781099989.789174,normal
9298,1781099989.791055,normal
9299,1781099989.792290,normal
9300,1781099989.794013,normal
9301,1781099989.795301,normal
9302,1781099989.797660,normal
9303,1781099989.799197,normal
9304,1781099989.800940,normal
9305,1781099989.802580,normal
9306,1781099989.804351,normal
9307,1781099989.805961,normal
9308,1781099989.807629,normal
9309,1781099989.809498,normal
9310,1781099989.812253,normal
9311,1781099989.813864,normal
9312,1781099989.815571,normal
9313,1781099989.817087,normal
9314,1781099989.819323,normal
9315,1781099989.820995,syn_flood
9316,1781099989.822679,normal
9317,1781099989.824111,normal
9318,1781099989.825774,normal
9319,1781099989.827546,normal
9320,1781099989.828792,http_flood
9321,1781099989.831101,normal
9322,1781099989.832310,normal
9323,1781099989.833823,normal
9324,1781099989.835332,normal
9325,1781099989.837765,syn_flood
9326,1781099989.839703,normal
9327,1781099989.841122,normal
9328,1781099989.842852,syn_flood
9329,1781099989.844708,normal
9330,1781099989.846847,http_flood
9331,1781099989.848696,normal
9332,1781099989.850823,normal
9333,1781099989.852311,normal
9334,1781099989.854441,normal
9335,1781099989.856130,normal
9336,1781099989.857814,normal
9337,1781099989.859385,normal
9338,1781099989.861040,normal
9339,1781099989.863302,normal
9340,1781099989.864666,normal
9341,1781099989.867025,normal
9342,1781099989.868430,normal
9343,1781099989.869715,normal
9344,1781099989.871442,normal
9345,1781099989.873000,normal
9346,1781099989.874678,normal
9347,1781099989.876090,normal
9348,1781099989.878077,normal
9349,1781099989.879844,normal
9350,1781099989.881380,normal
9351,1781099989.884046,syn_flood
9352,1781099989.886157,normal
9353,1781099989.887793,http_flood
9354,1781099989.889407,normal
9355,1781099989.890929,syn_flood
9356,1781099989.893013,normal
9357,1781099989.894726,syn_flood
9358,1781099989.896477,normal
9359,1781099989.898540,normal
9360,1781099989.900408,normal
9361,1781099989.902107,normal
9362,1781099989.903528,normal
9363,1781099989.904953,normal
9364,1781099989.907327,normal
9365,1781099989.908809,normal
9366,1781099989.910512,normal
9367,1781099989.913086,normal
9368,1781099989.915645,normal
9369,1781099989.918121,normal
9370,1781099989.919331,normal
9371,1781099989.921385,normal
9372,1781099989.923062,normal
9373,1781099989.924365,normal
9374,1781099989.925973,normal
9375,1781099989.927524,normal
9376,1781099989.928795,syn_flood
9377,1781099989.930816,normal
9378,1781099989.932570,normal
9379,1781099989.934599,syn_flood
9380,1781099989.936486,normal
9381,1781099989.938109,normal
9382,1781099989.939889,normal
9383,1781099989.942427,normal
9384,1781099989.944196,normal
9385,1781099989.945873,normal
9386,1781099989.947812,normal
9387,1781099989.948917,normal
9388,1781099989.951066,normal
9389,1781099989.953084,normal
9390,1781099989.954999,normal
9391,1781099989.957455,udp_reflection
9392,1781099989.959332,normal
9393,1781099989.960401,syn_flood
9394,1781099989.961911,normal
9395,1781099989.963921,normal
9396,1781099989.965973,syn_flood
9397,1781099989.967703,syn_flood
9398,1781099989.969467,normal
9399,1781099989.970652,normal
9400,1781099989.972042,normal
9401,1781099989.973875,normal
9402,1781099989.975859,udp_reflection
9403,1781099989.977199,normal
9404,1781099989.979177,normal
9405,1781099989.981045,normal
9406,1781099989.982219,normal
9407,1781099989.984777,syn_flood
9408,1781099989.986340,normal
9409,1781099989.987643,normal
9410,1781099989.989645,normal
9411,1781099989.991353,normal
9412,1781099989.992616,normal
9413,1781099989.994336,normal
9414,1781099989.996276,normal
9415,1781099989.997994,normal
9416,1781099989.999759,normal
9417,1781099990.001498,normal
9418,1781099990.003827,normal
9419,1781099990.005405,normal
9420,1781099990.007864,normal
9421,1781099990.009915,normal
9422,1781099990.011340,normal
9423,1781099990.014459,normal
9424,1781099990.016359,normal
9425,1781099990.018538,normal
9426,1781099990.021019,normal
9427,1781099990.022589,normal
9428,1781099990.024615,normal
9429,1781099990.026000,syn_flood
9430,1781099990.028519,normal
9431,1781099990.029884,normal
9432,1781099990.031943,normal
9433,1781099990.033599,normal
9434,1781099990.035272,normal
9435,1781099990.036915,normal
9436,1781099990.038846,normal
9437,1781099990.040246,normal
9438,1781099990.041333,normal
9439,1781099990.043425,udp_reflection
9440,1781099990.045094,normal
9441,1781099990.047354,normal
9442,1781099990.049057,normal
9443,1781099990.050883,udp_reflection
9444,1781099990.052567,normal
9445,1781099990.054596,normal
9446,1781099990.056433,normal
9447,1781099990.058270,normal
9448,1781099990.060077,normal
9449,1781099990.062408,syn_flood
9450,1781099990.064205,syn_flood
9451,1781099990.066662,normal
9452,1781099990.069130,normal
9453,1781099990.070924,normal
9454,1781099990.072012,syn_flood
9455,1781099990.074529,http_flood
9456,1781099990.076387,normal
9457,1781099990.077983,syn_flood
9458,1781099990.080110,normal
9459,1781099990.082905,normal
9460,1781099990.084851,normal
9461,1781099990.086811,normal
9462,1781099990.088384,udp_reflection
9463,1781099990.090155,syn_flood
9464,1781099990.092939,syn_flood
9465,1781099990.094275,normal
9466,1781099990.095794,normal
9467,1781099990.097295,syn_flood
9468,1781099990.099099,normal
9469,1781099990.100857,syn_flood
9470,1781099990.102594,normal
9471,1781099990.104710,normal
9472,1781099990.106061,normal
9473,1781099990.108056,syn_flood
9474,1781099990.110015,normal
9475,1781099990.112524,normal
9476,1781099990.114326,normal
9477,1781099990.115727,normal
9478,1781099990.117416,normal
9479,1781099990.119186,normal
9480,1781099990.121291,http_flood
9481,1781099990.123278,normal
9482,1781099990.125831,normal
9483,1781099990.128268,normal
9484,1781099990.129934,normal
9485,1781099990.131413,normal
9486,1781099990.132851,normal
9487,1781099990.134892,normal
9488,1781099990.136914,normal
9489,1781099990.138294,normal
9490,1781099990.140267,normal
9491,1781099990.141953,normal
9492,1781099990.143882,normal
9493,1781099990.145292,syn_flood
9494,1781099990.147167,normal
9495,1781099990.148266,syn_flood
9496,1781099990.150766,normal
9497,1781099990.152292,normal
9498,1781099990.154370,normal
9499,1781099990.155435,normal
9500,1781099990.157297,normal
9501,1781099990.158779,normal
9502,1781099990.161535,normal
9503,1781099990.163099,normal
9504,1781099990.165190,normal
9505,1781099990.166963,normal
9506,1781099990.169152,normal
9507,1781099990.170526,normal
9508,1781099990.172478,normal
9509,1781099990.173988,normal
9510,1781099990.176054,normal
9511,1781099990.177701,normal
9512,1781099990.179645,normal
9513,1781099990.181132,normal
9514,1781099990.183245,normal
9515,1781099990.184709,normal
9516,1781099990.186447,normal
9517,1781099990.188505,syn_flood
9518,1781099990.190346,normal
9519,1781099990.191864,normal
9520,1781099990.193531,normal
9521,1781099990.195283,normal
9522,1781099990.196798,normal
9523,1781099990.198747,http_flood
9524,1781099990.200405,normal
9525,1781099990.202046,normal
9526,1781099990.203162,normal
9527,1781099990.204279,syn_flood
9528,1781099990.205850,syn_flood
9529,1781099990.207282,normal
9530,1781099990.208878,normal
9531,1781099990.210490,normal
9532,1781099990.212431,udp_reflection
9533,1781099990.214259,normal
9534,1781099990.216198,normal
9535,1781099990.217679,normal
9536,1781099990.219165,normal
9537,1781099990.220555,normal
9538,1781099990.222759,normal
9539,1781099990.224749,udp_reflection
9540,1781099990.227064,normal
9541,1781099990.228994,syn_flood
9542,1781099990.231452,syn_flood
9543,1781099990.233262,normal
9544,1781099990.235038,normal
9545,1781099990.236732,normal
9546,1781099990.239200,normal
9547,1781099990.240854,normal
9548,1781099990.242182,http_flood
9549,1781099990.244156,normal
9550,1781099990.245689,syn_flood
9551,1781099990.248063,normal
9552,1781099990.250401,normal
9553,1781099990.252544,normal
9554,1781099990.253607,normal
9555,1781099990.255311,http_flood
9556,1781099990.256809,normal
9557,1781099990.259721,normal
9558,1781099990.261236,normal
9559,1781099990.262799,syn_flood
9560,1781099990.264184,syn_flood
9561,1781099990.266257,http_flood
9562,1781099990.268595,normal
9563,1781099990.270857,syn_flood
9564,1781099990.272399,normal
9565,1781099990.274236,normal
9566,1781099990.275651,syn_flood
9567,1781099990.277116,normal
9568,1781099990.278497,normal
9569,1781099990.280414,normal
9570,1781099990.282201,udp_reflection
9571,1781099990.283713,normal
9572,1781099990.285280,normal
9573,1781099990.287507,http_flood
9574,1781099990.289016,normal
9575,1781099990.291206,normal
9576,1781099990.292932,normal
9577,1781099990.294301,normal
9578,1781099990.295780,http_flood
9579,1781099990.297330,syn_flood
9580,1781099990.299267,normal
9581,1781099990.301018,http_flood
9582,1781099990.303015,normal
9583,1781099990.305427,normal
9584,1781099990.307108,normal
9585,1781099990.308574,normal
9586,1781099990.310082,normal
9587,1781099990.311584,syn_flood
9588,1781099990.313290,normal
9589,1781099990.315838,normal
9590,1781099990.317148,normal
9591,1781099990.318929,syn_flood
9592,1781099990.320802,http_flood
9593,1781099990.322625,syn_flood
9594,1781099990.325158,normal
9595,1781099990.327065,normal
9596,1781099990.328821,normal
9597,1781099990.330668,normal
9598,1781099990.333020,normal
9599,1781099990.334520,normal
9600,1781099990.336082,udp_reflection
9601,1781099990.337438,syn_flood
9602,1781099990.338769,normal
9603,1781099990.340159,normal
9604,1781099990.341942,normal
9605,1781099990.343722,http_flood
9606,1781099990.346225,normal
9607,1781099990.347654,normal
9608,1781099990.349167,normal
9609,1781099990.350986,http_flood
9610,1781099990.352219,normal
9611,1781099990.353518,normal
9612,1781099990.355467,normal
9613,1781099990.356808,syn_flood
9614,1781099990.358766,normal
9615,1781099990.361139,normal
9616,1781099990.362544,syn_flood
9617,1781099990.364055,normal
9618,1781099990.365509,normal
9619,1781099990.367051,syn_flood
9620,1781099990.368139,normal
9621,1781099990.370208,normal
9622,1781099990.372307,normal
9623,1781099990.374010,normal
9624,1781099990.375659,normal
9625,1781099990.377639,normal
9626,1781099990.380406,normal
9627,1781099990.382149,normal
9628,1781099990.383549,normal
9629,1781099990.385586,syn_flood
9630,1781099990.387889,normal
9631,1781099990.389560,normal
9632,1781099990.391120,syn_flood
9633,1781099990.393112,normal
9634,1781099990.394337,normal
9635,1781099990.396031,normal
9636,1781099990.398534,normal
9637,1781099990.400015,normal
9638,1781099990.402263,syn_flood
9639,1781099990.404639,udp_reflection
9640,1781099990.407254,normal
9641,1781099990.408803,normal
9642,1781099990.411057,normal
9643,1781099990.412853,syn_flood
9644,1781099990.415077,normal
9645,1781099990.417423,normal
9646,1781099990.419335,normal
9647,1781099990.421470,normal
9648,1781099990.423646,normal
9649,1781099990.426181,normal
9650,1781099990.427815,normal
9651,1781099990.429526,normal
9652,1781099990.431726,normal
9653,1781099990.433222,normal
9654,1781099990.435019,syn_flood
9655,1781099990.436620,normal
9656,1781099990.438026,syn_flood
9657,1781099990.439459,normal
9658,1781099990.441030,normal
9659,1781099990.442948,http_flood
9660,1781099990.445720,normal
9661,1781099990.447738,normal
9662,1781099990.448828,syn_flood
9663,1781099990.450539,http_flood
9664,1781099990.453396,udp_reflection
9665,1781099990.454785,normal
9666,1781099990.456736,normal
9667,1781099990.458642,normal
9668,1781099990.460482,normal
9669,1781099990.461971,normal
9670,1781099990.464519,normal
9671,1781099990.466536,http_flood
9672,1781099990.467799,normal
9673,1781099990.469996,normal
9674,1781099990.472081,normal
9675,1781099990.474081,http_flood
9676,1781099990.475775,normal
9677,1781099990.477395,normal
9678,1781099990.479070,normal
9679,1781099990.480460,normal
9680,1781099990.482955,normal
9681,1781099990.484137,normal
9682,1781099990.485773,normal
9683,1781099990.487699,normal
9684,1781099990.489318,normal
9685,1781099990.491132,udp_reflection
9686,1781099990.492796,normal
9687,1781099990.493944,normal
9688,1781099990.496162,normal
9689,1781099990.497846,normal
9690,1781099990.499746,udp_reflection
9691,1781099990.501971,normal
9692,1781099990.503137,syn_flood
9693,1781099990.504703,normal
9694,1781099990.507077,normal
9695,1781099990.509180,http_flood
9696,1781099990.511010,normal
9697,1781099990.513310,normal
9698,1781099990.515183,http_flood
9699,1781099990.516817,normal
9700,1781099990.518670,normal
9701,1781099990.520711,normal
9702,1781099990.522817,normal
9703,1781099990.524262,normal
9704,1781099990.526857,normal
9705,1781099990.528898,normal
9706,1781099990.529959,normal
9707,1781099990.531870,http_flood
9708,1781099990.533735,syn_flood
9709,1781099990.535348,http_flood
9710,1781099990.537292,normal
9711,1781099990.538164,syn_flood
9712,1781099990.539927,syn_flood
9713,1781099990.541223,normal
9714,1781099990.543211,normal
9715,1781099990.545355,syn_flood
9716,1781099990.546976,normal
9717,1781099990.548810,normal
9718,1781099990.550529,syn_flood
9719,1781099990.553253,normal
9720,1781099990.554714,syn_flood
9721,1781099990.557376,normal
9722,1781099990.559005,syn_flood
9723,1781099990.561396,normal
9724,1781099990.563053,normal
9725,1781099990.564395,normal
9726,1781099990.566743,normal
9727,1781099990.567863,syn_flood
9728,1781099990.569413,normal
9729,1781099990.571508,normal
9730,1781099990.573256,normal
9731,1781099990.575032,normal
9732,1781099990.576594,http_flood
9733,1781099990.578521,normal
9734,1781099990.580069,normal
9735,1781099990.582929,normal
9736,1781099990.584569,normal
9737,1781099990.586103,normal
9738,1781099990.587754,normal
9739,1781099990.589998,syn_flood
9740,1781099990.591372,syn_flood
9741,1781099990.592952,normal
9742,1781099990.594497,normal
9743,1781099990.595828,normal
9744,1781099990.597673,normal
9745,1781099990.599794,normal
9746,1781099990.601781,normal
9747,1781099990.604049,normal
9748,1781099990.605393,normal
9749,1781099990.606904,normal
9750,1781099990.608143,normal
9751,1781099990.609683,normal
9752,1781099990.611890,normal
9753,1781099990.613230,normal
9754,1781099990.614651,normal
9755,1781099990.616083,normal
9756,1781099990.617868,normal
9757,1781099990.619572,syn_flood
9758,1781099990.621303,normal
9759,1781099990.622649,syn_flood
9760,1781099990.624314,syn_flood
9761,1781099990.626704,normal
9762,1781099990.628197,normal
9763,1781099990.631026,normal
9764,1781099990.632467,normal
9765,1781099990.634285,normal
9766,1781099990.635934,normal
9767,1781099990.637853,normal
9768,1781099990.639033,normal
9769,1781099990.641237,normal
9770,1781099990.643509,udp_reflection
9771,1781099990.644928,normal
9772,1781099990.646791,normal
9773,1781099990.649230,normal
9774,1781099990.650738,normal
9775,1781099990.652404,normal
9776,1781099990.654116,normal
9777,1781099990.655977,syn_flood
9778,1781099990.658269,normal
9779,1781099990.659033,normal
9780,1781099990.660584,syn_flood
9781,1781099990.661744,normal
9782,1781099990.663091,syn_flood
9783,1781099990.665080,syn_flood
9784,1781099990.666564,normal
9785,1781099990.668667,normal
9786,1781099990.669869,syn_flood
9787,1781099990.671427,http_flood
9788,1781099990.674043,normal
9789,1781099990.675569,normal
9790,1781099990.677173,normal
9791,1781099990.678617,normal
9792,1781099990.680425,normal
9793,1781099990.682411,normal
9794,1781099990.684683,normal
9795,1781099990.686051,normal
9796,1781099990.687913,udp_reflection
9797,1781099990.689703,normal
9798,1781099990.691546,normal
9799,1781099990.693660,normal
9800,1781099990.695441,normal
9801,1781099990.697288,normal
9802,1781099990.698763,normal
9803,1781099990.700493,normal
9804,1781099990.702418,normal
9805,1781099990.704255,normal
9806,1781099990.705385,syn_flood
9807,1781099990.706737,normal
9808,1781099990.708328,normal
9809,1781099990.710718,normal
9810,1781099990.713439,normal
9811,1781099990.715264,normal
9812,1781099990.717274,syn_flood
9813,1781099990.720232,http_flood
9814,1781099990.721992,normal
9815,1781099990.723550,normal
9816,1781099990.725606,normal
9817,1781099990.727068,normal
9818,1781099990.729370,syn_flood
9819,1781099990.731327,syn_flood
9820,1781099990.733663,normal
9821,1781099990.735816,normal
9822,1781099990.737971,normal
9823,1781099990.740490,syn_flood
9824,1781099990.741797,normal
9825,1781099990.744572,normal
9826,1781099990.746026,normal
9827,1781099990.747647,normal
9828,1781099990.750056,normal
9829,1781099990.752647,normal
9830,1781099990.754460,normal
9831,1781099990.756413,normal
9832,1781099990.758454,normal
9833,1781099990.759947,normal
9834,1781099990.762141,normal
9835,1781099990.763460,normal
9836,1781099990.766079,syn_flood
9837,1781099990.767567,syn_flood
9838,1781099990.768880,normal
9839,1781099990.770163,normal
9840,1781099990.771878,normal
9841,1781099990.773627,normal
9842,1781099990.775205,syn_flood
9843,1781099990.776824,syn_flood
9844,1781099990.778386,normal
9845,1781099990.780195,normal
9846,1781099990.782669,normal
9847,1781099990.784162,normal
9848,1781099990.785606,syn_flood
9849,1781099990.787103,udp_reflection
9850,1781099990.789610,syn_flood
9851,1781099990.791280,normal
9852,1781099990.792705,normal
9853,1781099990.794190,udp_reflection
9854,1781099990.795964,udp_reflection
9855,1781099990.797848,normal
9856,1781099990.799489,normal
9857,1781099990.801158,normal
9858,1781099990.803964,syn_flood
9859,1781099990.805950,normal
9860,1781099990.807962,http_flood
9861,1781099990.808982,syn_flood
9862,1781099990.811182,normal
9863,1781099990.812386,normal
9864,1781099990.814835,normal
9865,1781099990.816180,http_flood
9866,1781099990.817676,normal
9867,1781099990.819153,http_flood
9868,1781099990.821225,normal
9869,1781099990.822485,normal
9870,1781099990.824310,normal
9871,1781099990.825839,normal
9872,1781099990.827768,normal
9873,1781099990.829279,normal
9874,1781099990.830938,normal
9875,1781099990.834521,normal
9876,1781099990.836118,syn_flood
9877,1781099990.837810,syn_flood
9878,1781099990.839362,normal
9879,1781099990.841726,udp_reflection
9880,1781099990.843758,normal
9881,1781099990.845914,normal
9882,1781099990.847431,syn_flood
9883,1781099990.848774,udp_reflection
9884,1781099990.850597,normal
9885,1781099990.852292,normal
9886,1781099990.853787,normal
9887,1781099990.854974,normal
9888,1781099990.857471,normal
9889,1781099990.859842,normal
9890,1781099990.861427,syn_flood
9891,1781099990.862733,normal
9892,1781099990.864399,normal
9893,1781099990.866891,normal
9894,1781099990.868380,normal
9895,1781099990.870299,normal
9896,1781099990.871859,normal
9897,1781099990.873754,normal
9898,1781099990.875538,normal
9899,1781099990.877615,normal
9900,1781099990.879386,syn_flood
9901,1781099990.880608,normal
9902,1781099990.882155,udp_reflection
9903,1781099990.884542,normal
9904,1781099990.886303,normal
9905,1781099990.889473,udp_reflection
9906,1781099990.891656,normal
9907,1781099990.892976,normal
9908,1781099990.894285,normal
9909,1781099990.896391,normal
9910,1781099990.898056,syn_flood
9911,1781099990.899722,normal
9912,1781099990.901129,normal
9913,1781099990.903034,syn_flood
9914,1781099990.904836,udp_reflection
9915,1781099990.906131,syn_flood
9916,1781099990.907637,normal
9917,1781099990.909894,syn_flood
9918,1781099990.911586,syn_flood
9919,1781099990.912793,normal
9920,1781099990.914867,normal
9921,1781099990.916980,syn_flood
9922,1781099990.918964,normal
9923,1781099990.920767,normal
9924,1781099990.922202,normal
9925,1781099990.924450,normal
9926,1781099990.926565,normal
9927,1781099990.927900,syn_flood
9928,1781099990.929457,normal
9929,1781099990.931029,normal
9930,1781099990.933606,normal
9931,1781099990.935601,normal
9932,1781099990.937524,normal
9933,1781099990.939222,normal
9934,1781099990.940339,normal
9935,1781099990.942166,normal
9936,1781099990.943660,syn_flood
9937,1781099990.945596,normal
9938,1781099990.947328,normal
9939,1781099990.949528,normal
9940,1781099990.950995,normal
9941,1781099990.952608,normal
9942,1781099990.954218,normal
9943,1781099990.956409,normal
9944,1781099990.957986,normal
9945,1781099990.959934,normal
9946,1781099990.961243,normal
9947,1781099990.963026,normal
9948,1781099990.964957,normal
9949,1781099990.966450,normal
9950,1781099990.968075,normal
9951,1781099990.969505,normal
9952,1781099990.971407,normal
9953,1781099990.972821,syn_flood
9954,1781099990.975002,normal
9955,1781099990.976682,normal
9956,1781099990.978245,normal
9957,1781099990.979808,normal
9958,1781099990.981436,syn_flood
9959,1781099990.982554,normal
9960,1781099990.984018,normal
9961,1781099990.985435,normal
9962,1781099990.987348,normal
9963,1781099990.988674,syn_flood
9964,1781099990.990254,normal
9965,1781099990.991562,normal
9966,1781099990.992875,normal
9967,1781099990.994370,syn_flood
9968,1781099990.995843,normal
9969,1781099990.997173,udp_reflection
9970,1781099990.999284,normal
9971,1781099991.001569,normal
9972,1781099991.003614,normal
9973,1781099991.005350,normal
9974,1781099991.006989,normal
9975,1781099991.009365,normal
9976,1781099991.010463,normal
9977,1781099991.012486,syn_flood
9978,1781099991.014173,http_flood
9979,1781099991.015025,syn_flood
9980,1781099991.017067,syn_flood
9981,1781099991.018452,normal
9982,1781099991.020323,udp_reflection
9983,1781099991.021430,normal
9984,1781099991.023345,syn_flood
9985,1781099991.025790,normal
9986,1781099991.027664,normal
9987,1781099991.029580,normal
9988,1781099991.031427,normal
9989,1781099991.033021,normal
9990,1781099991.035297,normal
9991,1781099991.037063,normal
9992,1781099991.038700,normal
9993,1781099991.040699,normal
9994,1781099991.042557,udp_reflection
9995,1781099991.044073,normal
9996,1781099991.045506,normal
9997,1781099991.047140,normal
9998,1781099991.049477,normal
9999,1781099991.051039,normal
10000,1781099991.053293,normal
10001,1781099991.055178,normal
10002,1781099991.057467,normal
10003,1781099991.058826,normal
10004,1781099991.061066,normal
10005,1781099991.063204,normal
10006,1781099991.064338,syn_flood
10007,1781099991.066016,normal
10008,1781099991.067901,normal
10009,1781099991.069394,normal
10010,1781099991.071119,normal
10011,1781099991.073372,normal
10012,1781099991.074678,normal
10013,1781099991.075972,syn_flood
10014,1781099991.078494,normal
10015,1781099991.080656,normal
10016,1781099991.082594,normal
10017,1781099991.084928,normal
10018,1781099991.086502,normal
10019,1781099991.088557,normal
10020,1781099991.090328,normal
10021,1781099991.091948,syn_flood
10022,1781099991.094208,normal
10023,1781099991.095761,http_flood
10024,1781099991.098126,normal
10025,1781099991.100180,http_flood
10026,1781099991.102735,syn_flood
10027,1781099991.105178,http_flood
10028,1781099991.107247,syn_flood
10029,1781099991.108497,normal
10030,1781099991.110213,syn_flood
10031,1781099991.111991,normal
10032,1781099991.113652,normal
10033,1781099991.115782,normal
10034,1781099991.116884,normal
10035,1781099991.118156,normal
10036,1781099991.119736,normal
10037,1781099991.121666,syn_flood
10038,1781099991.123571,normal
10039,1781099991.125656,normal
10040,1781099991.127445,normal
10041,1781099991.128722,normal
10042,1781099991.130286,normal
10043,1781099991.131934,normal
10044,1781099991.133687,normal
10045,1781099991.135486,normal
10046,1781099991.136782,syn_flood
10047,1781099991.138494,syn_flood
10048,1781099991.140781,syn_flood
10049,1781099991.142615,syn_flood
10050,1781099991.144438,normal
10051,1781099991.146047,normal
10052,1781099991.147778,normal
10053,1781099991.150014,normal
10054,1781099991.151787,normal
10055,1781099991.153891,syn_flood
10056,1781099991.155913,normal
10057,1781099991.157127,normal
10058,1781099991.158677,normal
10059,1781099991.161565,normal
10060,1781099991.162978,normal
10061,1781099991.164621,udp_reflection
10062,1781099991.166209,normal
10063,1781099991.167643,normal
10064,1781099991.169396,syn_flood
10065,1781099991.170821,normal
10066,1781099991.172306,normal
10067,1781099991.173609,normal
10068,1781099991.176327,normal
10069,1781099991.178247,normal
10070,1781099991.179942,normal
10071,1781099991.180972,http_flood
10072,1781099991.182382,normal
10073,1781099991.184218,normal
10074,1781099991.185472,normal
10075,1781099991.186851,normal
10076,1781099991.188488,normal
10077,1781099991.190077,http_flood
10078,1781099991.192620,normal
10079,1781099991.194661,normal
10080,1781099991.195904,normal
10081,1781099991.197345,normal
10082,1781099991.199477,normal
10083,1781099991.200967,normal
10084,1781099991.202979,normal
10085,1781099991.204882,syn_flood
10086,1781099991.207151,normal
10087,1781099991.209028,normal
10088,1781099991.210519,normal
10089,1781099991.211973,normal
10090,1781099991.213050,normal
10091,1781099991.214772,normal
10092,1781099991.216809,normal
10093,1781099991.218430,normal
10094,1781099991.220343,syn_flood
10095,1781099991.222216,syn_flood
10096,1781099991.223849,normal
10097,1781099991.225552,normal
10098,1781099991.227796,normal
10099,1781099991.229455,normal
10100,1781099991.232247,syn_flood
10101,1781099991.234550,normal
10102,1781099991.236508,normal
10103,1781099991.238608,normal
10104,1781099991.239880,normal
10105,1781099991.241752,normal
10106,1781099991.243098,normal
10107,1781099991.244462,normal
10108,1781099991.247043,normal
10109,1781099991.248630,normal
10110,1781099991.250011,http_flood
10111,1781099991.251766,normal
10112,1781099991.253176,normal
10113,1781099991.255018,normal
10114,1781099991.257769,normal
10115,1781099991.259755,normal
10116,1781099991.261474,normal
10117,1781099991.263986,normal
10118,1781099991.265475,normal
10119,1781099991.267219,syn_flood
10120,1781099991.268976,normal
10121,1781099991.271114,syn_flood
10122,1781099991.272689,normal
10123,1781099991.275095,normal
10124,1781099991.277969,normal
10125,1781099991.280161,syn_flood
10126,1781099991.281881,normal
10127,1781099991.284431,normal
10128,1781099991.285892,normal
10129,1781099991.288018,http_flood
10130,1781099991.290098,normal
10131,1781099991.291268,normal
10132,1781099991.292637,normal
10133,1781099991.293911,syn_flood
10134,1781099991.295849,http_flood
10135,1781099991.299099,http_flood
10136,1781099991.300659,syn_flood
10137,1781099991.302400,normal
10138,1781099991.304378,normal
10139,1781099991.305545,normal
10140,1781099991.308342,normal
10141,1781099991.309396,normal
10142,1781099991.311682,normal
10143,1781099991.312949,syn_flood
10144,1781099991.315192,normal
10145,1781099991.317314,normal
10146,1781099991.319041,udp_reflection
10147,1781099991.321357,normal
10148,1781099991.323298,normal
10149,1781099991.325259,normal
10150,1781099991.327083,syn_flood
10151,1781099991.328680,normal
10152,1781099991.329900,normal
10153,1781099991.331796,normal
10154,1781099991.333709,normal
10155,1781099991.335291,normal
10156,1781099991.337279,normal
10157,1781099991.338511,normal
10158,1781099991.339667,normal
10159,1781099991.341715,normal
10160,1781099991.343515,normal
10161,1781099991.345353,normal
10162,1781099991.346733,syn_flood
10163,1781099991.347910,syn_flood
10164,1781099991.349708,normal
10165,1781099991.350975,http_flood
10166,1781099991.352589,normal
10167,1781099991.354215,normal
10168,1781099991.355929,syn_flood
10169,1781099991.357050,syn_flood
10170,1781099991.358158,normal
10171,1781099991.359821,normal
10172,1781099991.361742,http_flood
10173,1781099991.363287,normal
10174,1781099991.365268,normal
10175,1781099991.366547,syn_flood
10176,1781099991.368185,normal
10177,1781099991.371116,normal
10178,1781099991.372901,normal
10179,1781099991.374465,syn_flood
10180,1781099991.376486,normal
10181,1781099991.378038,syn_flood
10182,1781099991.379920,syn_flood
10183,1781099991.381387,normal
10184,1781099991.383067,normal
10185,1781099991.385236,normal
10186,1781099991.386884,normal
10187,1781099991.388624,syn_flood
10188,1781099991.390175,normal
10189,1781099991.391512,normal
10190,1781099991.393529,normal
10191,1781099991.395514,normal
10192,1781099991.397047,normal
10193,1781099991.399069,normal
10194,1781099991.400423,normal
10195,1781099991.402444,normal
10196,1781099991.403688,normal
10197,1781099991.405391,normal
10198,1781099991.406824,normal
10199,1781099991.408882,normal
10200,1781099991.411783,http_flood
10201,1781099991.413643,normal
10202,1781099991.415636,syn_flood
10203,1781099991.417795,normal
10204,1781099991.419541,normal
10205,1781099991.421894,normal
10206,1781099991.423987,normal
10207,1781099991.426197,normal
10208,1781099991.428537,syn_flood
10209,1781099991.430092,syn_flood
10210,1781099991.431690,normal
10211,1781099991.432905,normal
10212,1781099991.434678,normal
10213,1781099991.437085,syn_flood
10214,1781099991.438931,syn_flood
10215,1781099991.440505,normal
10216,1781099991.442686,syn_flood
10217,1781099991.444591,normal
10218,1781099991.445973,normal
10219,1781099991.447773,normal
10220,1781099991.449376,normal
10221,1781099991.451488,normal
10222,1781099991.453294,syn_flood
10223,1781099991.455060,normal
10224,1781099991.457161,http_flood
10225,1781099991.458745,normal
10226,1781099991.460014,syn_flood
10227,1781099991.461643,syn_flood
10228,1781099991.463686,normal
10229,1781099991.465350,normal
10230,1781099991.467254,normal
10231,1781099991.469023,normal
10232,1781099991.471306,normal
10233,1781099991.473283,syn_flood
10234,1781099991.475341,normal
10235,1781099991.477220,normal
10236,1781099991.478945,normal
10237,1781099991.480967,normal
10238,1781099991.482562,normal
10239,1781099991.484172,normal
10240,1781099991.485615,normal
10241,1781099991.487234,syn_flood
10242,1781099991.488759,normal
10243,1781099991.490469,normal
10244,1781099991.491813,normal
10245,1781099991.494258,syn_flood
10246,1781099991.496373,normal
10247,1781099991.498217,normal
10248,1781099991.500306,normal
10249,1781099991.502037,normal
10250,1781099991.504060,normal
10251,1781099991.505990,udp_reflection
10252,1781099991.507781,syn_flood
10253,1781099991.509708,syn_flood
10254,1781099991.511343,normal
10255,1781099991.512929,normal
10256,1781099991.515174,syn_flood
10257,1781099991.516900,normal
10258,1781099991.518788,normal
10259,1781099991.520119,normal
10260,1781099991.521964,normal
10261,1781099991.523692,normal
10262,1781099991.525318,syn_flood
10263,1781099991.526672,normal
10264,1781099991.528119,udp_reflection
10265,1781099991.530202,normal
10266,1781099991.531930,udp_reflection
10267,1781099991.533556,normal
10268,1781099991.534871,normal
10269,1781099991.537299,normal
10270,1781099991.538778,normal
10271,1781099991.540745,syn_flood
10272,1781099991.542432,normal
10273,1781099991.543970,normal
10274,1781099991.546827,normal
10275,1781099991.548490,normal
10276,1781099991.550617,normal
10277,1781099991.552845,syn_flood
10278,1781099991.554527,udp_reflection
10279,1781099991.556327,normal
10280,1781099991.558406,syn_flood
10281,1781099991.560422,normal
10282,1781099991.562334,normal
10283,1781099991.563672,normal
10284,1781099991.566304,normal
10285,1781099991.568839,normal
10286,1781099991.570560,normal
10287,1781099991.572084,normal
10288,1781099991.573288,normal
10289,1781099991.574844,normal
10290,1781099991.576743,normal
10291,1781099991.578542,syn_flood
10292,1781099991.580247,syn_flood
10293,1781099991.581578,normal
10294,1781099991.583851,normal
10295,1781099991.585502,normal
10296,1781099991.587395,normal
10297,1781099991.588868,http_flood
10298,1781099991.590385,syn_flood
10299,1781099991.592148,syn_flood
10300,1781099991.594353,normal
10301,1781099991.596107,normal
10302,1781099991.597667,normal
10303,1781099991.599858,normal
10304,1781099991.601533,normal
10305,1781099991.603777,syn_flood
10306,1781099991.605503,normal
10307,1781099991.608422,http_flood
10308,1781099991.610044,normal
10309,1781099991.611056,normal
10310,1781099991.612597,normal
10311,1781099991.614402,syn_flood
10312,1781099991.616277,normal
10313,1781099991.618343,http_flood
10314,1781099991.620813,normal
10315,1781099991.622370,normal
10316,1781099991.624246,normal
10317,1781099991.626085,syn_flood
10318,1781099991.627518,syn_flood
10319,1781099991.629304,normal
10320,1781099991.630911,normal
10321,1781099991.633427,normal
10322,1781099991.635330,normal
10323,1781099991.637013,normal
10324,1781099991.639767,normal
10325,1781099991.641543,normal
10326,1781099991.643146,udp_reflection
10327,1781099991.645908,normal
10328,1781099991.647572,syn_flood
10329,1781099991.649537,normal
10330,1781099991.651217,normal
10331,1781099991.653743,normal
10332,1781099991.655809,normal
10333,1781099991.657678,normal
10334,1781099991.659607,normal
10335,1781099991.661401,normal
10336,1781099991.663023,http_flood
10337,1781099991.664591,normal
10338,1781099991.665915,syn_flood
10339,1781099991.667387,normal
10340,1781099991.669111,udp_reflection
10341,1781099991.671202,syn_flood
10342,1781099991.672666,udp_reflection
10343,1781099991.674128,normal
10344,1781099991.676077,normal
10345,1781099991.678013,syn_flood
10346,1781099991.679620,normal
10347,1781099991.681406,normal
10348,1781099991.683205,normal
10349,1781099991.685100,normal
10350,1781099991.686886,normal
10351,1781099991.688521,normal
10352,1781099991.689701,normal
10353,1781099991.691381,normal
10354,1781099991.693046,http_flood
10355,1781099991.694786,normal
10356,1781099991.697004,normal
10357,1781099991.698884,normal
10358,1781099991.700860,http_flood
10359,1781099991.702686,normal
10360,1781099991.703925,normal
10361,1781099991.706146,normal
10362,1781099991.707977,normal
10363,1781099991.709549,normal
10364,1781099991.711960,normal
10365,1781099991.713944,syn_flood
10366,1781099991.716265,normal
10367,1781099991.718056,syn_flood
10368,1781099991.719507,syn_flood
10369,1781099991.721763,normal
10370,1781099991.723432,normal
10371,1781099991.725044,syn_flood
10372,1781099991.726884,syn_flood
10373,1781099991.728203,normal
10374,1781099991.730759,normal
10375,1781099991.732436,normal
10376,1781099991.735029,syn_flood
10377,1781099991.736868,syn_flood
10378,1781099991.738631,udp_reflection
10379,1781099991.740673,normal
10380,1781099991.742020,normal
10381,1781099991.744158,normal
10382,1781099991.745797,http_flood
10383,1781099991.747674,normal
10384,1781099991.748953,normal
10385,1781099991.750450,syn_flood
10386,1781099991.752156,normal
10387,1781099991.754347,normal
10388,1781099991.756478,normal
10389,1781099991.757946,normal
10390,1781099991.759459,syn_flood
10391,1781099991.761096,normal
10392,1781099991.762703,http_flood
10393,1781099991.764991,normal
10394,1781099991.766933,normal
10395,1781099991.768566,normal
10396,1781099991.770214,normal
10397,1781099991.772398,normal
10398,1781099991.773652,normal
10399,1781099991.775338,normal
10400,1781099991.776813,normal
10401,1781099991.778457,normal
10402,1781099991.779910,syn_flood
10403,1781099991.781315,syn_flood
10404,1781099991.784163,http_flood
10405,1781099991.786336,normal
10406,1781099991.788543,normal
10407,1781099991.789596,syn_flood
10408,1781099991.791207,syn_flood
10409,1781099991.793436,http_flood
10410,1781099991.795424,normal
10411,1781099991.797815,udp_reflection
10412,1781099991.799520,normal
10413,1781099991.801144,normal
10414,1781099991.802346,normal
10415,1781099991.804242,normal
10416,1781099991.805759,syn_flood
10417,1781099991.807473,normal
10418,1781099991.809424,normal
10419,1781099991.811299,normal
10420,1781099991.813650,normal
10421,1781099991.815339,syn_flood
10422,1781099991.817169,normal
10423,1781099991.819675,normal
10424,1781099991.821432,normal
10425,1781099991.823312,normal
10426,1781099991.825043,normal
10427,1781099991.826781,normal
10428,1781099991.828208,normal
10429,1781099991.830149,normal
10430,1781099991.832441,normal
10431,1781099991.833579,normal
10432,1781099991.835088,normal
10433,1781099991.836705,http_flood
10434,1781099991.838451,normal
10435,1781099991.840354,normal
10436,1781099991.842114,normal
10437,1781099991.843298,normal
10438,1781099991.845248,udp_reflection
10439,1781099991.847244,normal
10440,1781099991.849577,normal
10441,1781099991.851039,syn_flood
10442,1781099991.852515,syn_flood
10443,1781099991.854841,normal
10444,1781099991.856514,normal
10445,1781099991.857561,normal
10446,1781099991.859365,normal
10447,1781099991.861645,udp_reflection
10448,1781099991.862968,normal
10449,1781099991.865120,syn_flood
10450,1781099991.866339,normal
10451,1781099991.868886,normal
10452,1781099991.870555,syn_flood
10453,1781099991.872273,normal
10454,1781099991.874137,normal
10455,1781099991.876103,normal
10456,1781099991.877815,normal
10457,1781099991.879543,normal
10458,1781099991.881220,udp_reflection
10459,1781099991.883354,udp_reflection
10460,1781099991.885536,normal
10461,1781099991.887079,normal
10462,1781099991.888650,http_flood
10463,1781099991.890098,normal
10464,1781099991.891377,normal
10465,1781099991.893247,normal
10466,1781099991.895027,normal
10467,1781099991.896388,normal
10468,1781099991.897830,normal
10469,1781099991.899138,normal
10470,1781099991.900275,normal
10471,1781099991.902726,syn_flood
10472,1781099991.904241,syn_flood
10473,1781099991.906409,syn_flood
10474,1781099991.908366,normal
10475,1781099991.910155,http_flood
10476,1781099991.911917,normal
10477,1781099991.913614,syn_flood
10478,1781099991.915344,normal
10479,1781099991.917233,normal
10480,1781099991.920009,syn_flood
10481,1781099991.921575,syn_flood
10482,1781099991.923017,normal
10483,1781099991.924911,normal
10484,1781099991.926856,normal
10485,1781099991.928411,syn_flood
10486,1781099991.930254,normal
10487,1781099991.932737,normal
10488,1781099991.934212,normal
10489,1781099991.936799,normal
10490,1781099991.937915,normal
10491,1781099991.940328,normal
10492,1781099991.942271,normal
10493,1781099991.944341,normal
10494,1781099991.945989,normal
10495,1781099991.947036,normal
10496,1781099991.948661,normal
10497,1781099991.950567,syn_flood
10498,1781099991.953492,normal
10499,1781099991.955706,syn_flood
10500,1781099991.956857,normal
10501,1781099991.958647,normal
10502,1781099991.960089,normal
10503,1781099991.961885,normal
10504,1781099991.964046,normal
10505,1781099991.965495,normal
10506,1781099991.966954,normal
10507,1781099991.969123,syn_flood
10508,1781099991.971025,syn_flood
10509,1781099991.973119,normal
10510,1781099991.976225,udp_reflection
10511,1781099991.978486,normal
10512,1781099991.980122,http_flood
10513,1781099991.981672,normal
10514,1781099991.983575,udp_reflection
10515,1781099991.985838,normal
10516,1781099991.988111,syn_flood
10517,1781099991.989761,syn_flood
10518,1781099991.991399,normal
10519,1781099991.992654,normal
10520,1781099991.994305,normal
10521,1781099991.996000,normal
10522,1781099991.997744,normal
10523,1781099991.999929,syn_flood
10524,1781099992.002308,normal
10525,1781099992.003925,normal
10526,1781099992.005352,normal
10527,1781099992.007286,normal
10528,1781099992.008677,normal
10529,1781099992.010583,normal
10530,1781099992.012043,normal
10531,1781099992.013524,syn_flood
10532,1781099992.015298,normal
10533,1781099992.018094,syn_flood
10534,1781099992.019295,normal
10535,1781099992.020893,normal
10536,1781099992.022496,normal
10537,1781099992.024236,normal
10538,1781099992.025538,normal
10539,1781099992.027598,normal
10540,1781099992.028904,normal
10541,1781099992.031191,normal
10542,1781099992.033351,normal
10543,1781099992.035576,normal
10544,1781099992.037595,normal
10545,1781099992.039966,normal
10546,1781099992.042166,syn_flood
10547,1781099992.043448,normal
10548,1781099992.045546,normal
10549,1781099992.047842,normal
10550,1781099992.049327,syn_flood
10551,1781099992.051577,normal
10552,1781099992.053815,normal
10553,1781099992.055595,normal
10554,1781099992.057215,normal
10555,1781099992.059296,normal
10556,1781099992.060339,udp_reflection
10557,1781099992.061820,udp_reflection
10558,1781099992.063303,normal
10559,1781099992.064766,normal
10560,1781099992.066693,normal
10561,1781099992.067805,normal
10562,1781099992.069621,syn_flood
10563,1781099992.071433,normal
10564,1781099992.073422,normal
10565,1781099992.075564,normal
10566,1781099992.077107,normal
10567,1781099992.079147,normal
10568,1781099992.081876,normal
10569,1781099992.083482,http_flood
10570,1781099992.085056,normal
10571,1781099992.087651,syn_flood
10572,1781099992.088927,normal
10573,1781099992.090144,normal
10574,1781099992.091888,normal
10575,1781099992.094416,normal
10576,1781099992.096660,normal
10577,1781099992.098888,normal
10578,1781099992.100872,normal
10579,1781099992.102150,syn_flood
10580,1781099992.103874,normal
10581,1781099992.105421,udp_reflection
10582,1781099992.106838,normal
10583,1781099992.108621,normal
10584,1781099992.110464,normal
10585,1781099992.112377,normal
10586,1781099992.115917,normal
10587,1781099992.117318,normal
10588,1781099992.119161,normal
10589,1781099992.120506,normal
10590,1781099992.121645,normal
10591,1781099992.123553,normal
10592,1781099992.125935,normal
10593,1781099992.127848,normal
10594,1781099992.129734,syn_flood
10595,1781099992.131294,normal
10596,1781099992.133266,normal
10597,1781099992.135255,normal
10598,1781099992.136800,normal
10599,1781099992.138265,normal
10600,1781099992.140363,normal
10601,1781099992.142522,normal
10602,1781099992.144678,normal
10603,1781099992.145919,normal
10604,1781099992.147830,normal
10605,1781099992.149606,normal
10606,1781099992.150819,syn_flood
10607,1781099992.152721,normal
10608,1781099992.154243,normal
10609,1781099992.156246,syn_flood
10610,1781099992.157735,normal
10611,1781099992.159672,normal
10612,1781099992.161745,normal
10613,1781099992.163413,syn_flood
10614,1781099992.164937,normal
10615,1781099992.166525,normal
10616,1781099992.168150,normal
10617,1781099992.170192,normal
10618,1781099992.172661,syn_flood
10619,1781099992.174171,normal
10620,1781099992.175992,normal
10621,1781099992.177518,normal
10622,1781099992.179180,normal
10623,1781099992.181130,normal
10624,1781099992.182605,normal
10625,1781099992.184738,normal
10626,1781099992.186923,normal
10627,1781099992.188596,normal
10628,1781099992.189729,normal
10629,1781099992.191249,syn_flood
10630,1781099992.192739,normal
10631,1781099992.194041,normal
10632,1781099992.195751,udp_reflection
10633,1781099992.197821,normal
10634,1781099992.199874,syn_flood
10635,1781099992.201422,normal
10636,1781099992.202614,normal
10637,1781099992.204786,syn_flood
10638,1781099992.206904,normal
10639,1781099992.209079,syn_flood
10640,1781099992.211075,normal
10641,1781099992.213085,normal
10642,1781099992.214620,normal
10643,1781099992.216786,normal
10644,1781099992.218940,normal
10645,1781099992.220448,http_flood
10646,1781099992.221914,normal
10647,1781099992.223948,normal
10648,1781099992.225594,normal
10649,1781099992.227060,normal
10650,1781099992.228373,normal
10651,1781099992.230094,http_flood
10652,1781099992.231665,syn_flood
10653,1781099992.233439,normal
10654,1781099992.235491,normal
10655,1781099992.237427,normal
10656,1781099992.239269,syn_flood
10657,1781099992.240927,normal
10658,1781099992.242679,normal
10659,1781099992.244540,normal
10660,1781099992.245984,normal
10661,1781099992.248499,normal
10662,1781099992.250971,syn_flood
10663,1781099992.252819,normal
10664,1781099992.254579,normal
10665,1781099992.256125,normal
10666,1781099992.258471,normal
10667,1781099992.260282,normal
10668,1781099992.262031,normal
10669,1781099992.263276,normal
10670,1781099992.264546,http_flood
10671,1781099992.266224,normal
10672,1781099992.268275,http_flood
10673,1781099992.269495,normal
10674,1781099992.271194,normal
10675,1781099992.272881,normal
10676,1781099992.274041,normal
10677,1781099992.275929,normal
10678,1781099992.277922,syn_flood
10679,1781099992.279509,normal
10680,1781099992.281973,udp_reflection
10681,1781099992.284038,normal
10682,1781099992.285670,normal
10683,1781099992.286880,normal
10684,1781099992.290035,normal
10685,1781099992.291668,http_flood
10686,1781099992.293098,normal
10687,1781099992.295503,normal
10688,1781099992.297160,normal
10689,1781099992.298486,syn_flood
10690,1781099992.300093,syn_flood
10691,1781099992.301950,normal
10692,1781099992.303293,normal
10693,1781099992.304732,normal
10694,1781099992.306681,normal
10695,1781099992.308481,syn_flood
10696,1781099992.310436,normal
10697,1781099992.311533,normal
10698,1781099992.313132,syn_flood
10699,1781099992.315367,normal
10700,1781099992.316708,normal
10701,1781099992.319079,normal
10702,1781099992.321020,normal
10703,1781099992.323016,syn_flood
10704,1781099992.325395,normal
10705,1781099992.326499,normal
10706,1781099992.328112,normal
10707,1781099992.329681,syn_flood
10708,1781099992.331284,syn_flood
10709,1781099992.333245,udp_reflection
10710,1781099992.334648,normal
10711,1781099992.336544,normal
10712,1781099992.338217,normal
10713,1781099992.339466,normal
10714,1781099992.341341,normal
10715,1781099992.343070,normal
10716,1781099992.345006,normal
10717,1781099992.347438,normal
10718,1781099992.349874,normal
10719,1781099992.351449,normal
10720,1781099992.353492,syn_flood
10721,1781099992.355098,normal
10722,1781099992.356780,normal
10723,1781099992.358007,normal
10724,1781099992.359659,normal
10725,1781099992.361227,normal
10726,1781099992.362761,normal
10727,1781099992.364640,http_flood
10728,1781099992.366320,normal
10729,1781099992.369055,normal
10730,1781099992.371219,normal
10731,1781099992.373175,normal
10732,1781099992.375288,normal
10733,1781099992.377166,normal
10734,1781099992.378755,normal
10735,1781099992.380290,syn_flood
10736,1781099992.382066,normal
10737,1781099992.383429,normal
10738,1781099992.385434,normal
10739,1781099992.386934,normal
10740,1781099992.389410,normal
10741,1781099992.391262,normal
10742,1781099992.392815,normal
10743,1781099992.394732,normal
10744,1781099992.396242,http_flood
10745,1781099992.397702,syn_flood
10746,1781099992.399051,normal
10747,1781099992.400795,normal
10748,1781099992.402202,normal
10749,1781099992.404089,normal
10750,1781099992.405625,normal
10751,1781099992.406974,syn_flood
10752,1781099992.408632,syn_flood
10753,1781099992.410154,normal
10754,1781099992.412000,syn_flood
10755,1781099992.414061,syn_flood
10756,1781099992.415773,normal
10757,1781099992.417290,normal
10758,1781099992.418606,normal
10759,1781099992.419923,normal
10760,1781099992.421857,normal
10761,1781099992.423856,normal
10762,1781099992.425264,syn_flood
10763,1781099992.426937,normal
10764,1781099992.429421,normal
10765,1781099992.431043,http_flood
10766,1781099992.432687,syn_flood
10767,1781099992.434381,normal
10768,1781099992.435899,normal
10769,1781099992.438048,syn_flood
10770,1781099992.440080,normal
10771,1781099992.441775,normal
10772,1781099992.444018,normal
10773,1781099992.445865,normal
10774,1781099992.447092,syn_flood
10775,1781099992.448578,syn_flood
10776,1781099992.449960,normal
10777,1781099992.451539,syn_flood
10778,1781099992.453581,syn_flood
10779,1781099992.455345,udp_reflection
10780,1781099992.456887,normal
10781,1781099992.458467,syn_flood
10782,1781099992.460093,normal
10783,1781099992.461366,syn_flood
10784,1781099992.463361,normal
10785,1781099992.465023,normal
10786,1781099992.466840,normal
10787,1781099992.468901,normal
10788,1781099992.470788,http_flood
10789,1781099992.472355,normal
10790,1781099992.474268,syn_flood
10791,1781099992.475662,normal
10792,1781099992.477515,normal
10793,1781099992.479777,normal
10794,1781099992.482256,normal
10795,1781099992.484335,udp_reflection
10796,1781099992.485703,syn_flood
10797,1781099992.487598,normal
10798,1781099992.489471,normal
10799,1781099992.490798,normal
10800,1781099992.492827,http_flood
10801,1781099992.495306,udp_reflection
10802,1781099992.497263,syn_flood
10803,1781099992.498779,normal
10804,1781099992.501149,normal
10805,1781099992.503407,syn_flood
10806,1781099992.506412,normal
10807,1781099992.508320,normal
10808,1781099992.509858,normal
10809,1781099992.511739,normal
10810,1781099992.513625,syn_flood
10811,1781099992.515714,syn_flood
10812,1781099992.517288,normal
10813,1781099992.518857,syn_flood
10814,1781099992.520391,normal
10815,1781099992.521801,normal
10816,1781099992.523678,syn_flood
10817,1781099992.525752,normal
10818,1781099992.527419,normal
10819,1781099992.528770,normal
10820,1781099992.530900,normal
10821,1781099992.532820,normal
10822,1781099992.534636,normal
10823,1781099992.536259,normal
10824,1781099992.537925,normal
10825,1781099992.540340,udp_reflection
10826,1781099992.542069,normal
10827,1781099992.543765,udp_reflection
10828,1781099992.545567,http_flood
10829,1781099992.546736,normal
10830,1781099992.549231,normal
10831,1781099992.550809,normal
10832,1781099992.553937,normal
10833,1781099992.555444,normal
10834,1781099992.558225,normal
10835,1781099992.560268,normal
10836,1781099992.562874,normal
10837,1781099992.564289,normal
10838,1781099992.565765,syn_flood
10839,1781099992.566858,normal
10840,1781099992.568778,normal
10841,1781099992.570356,udp_reflection
10842,1781099992.572145,normal
10843,1781099992.573724,syn_flood
10844,1781099992.574823,normal
10845,1781099992.577068,normal
10846,1781099992.578852,normal
10847,1781099992.580205,normal
10848,1781099992.581718,normal
10849,1781099992.583348,normal
10850,1781099992.584645,normal
10851,1781099992.586260,syn_flood
10852,1781099992.588324,syn_flood
10853,1781099992.589667,normal
10854,1781099992.591075,normal
10855,1781099992.592652,normal
10856,1781099992.594351,syn_flood
10857,1781099992.596425,normal
10858,1781099992.598186,normal
10859,1781099992.599871,syn_flood
10860,1781099992.601706,normal
10861,1781099992.603467,udp_reflection
10862,1781099992.605388,normal
10863,1781099992.607220,syn_flood
10864,1781099992.608591,normal
10865,1781099992.610523,normal
10866,1781099992.613222,normal
10867,1781099992.614844,udp_reflection
10868,1781099992.617274,normal
10869,1781099992.618732,syn_flood
10870,1781099992.619886,normal
10871,1781099992.622436,normal
10872,1781099992.623801,normal
10873,1781099992.625389,normal
10874,1781099992.627472,normal
10875,1781099992.629014,normal
10876,1781099992.631042,http_flood
10877,1781099992.632514,normal
10878,1781099992.633785,normal
10879,1781099992.635052,normal
10880,1781099992.636761,normal
10881,1781099992.638607,normal
10882,1781099992.640348,syn_flood
10883,1781099992.641806,normal
10884,1781099992.644094,normal
10885,1781099992.645431,http_flood
10886,1781099992.647005,normal
10887,1781099992.649521,normal
10888,1781099992.651335,normal
10889,1781099992.653376,normal
10890,1781099992.655597,normal
10891,1781099992.657690,normal
10892,1781099992.659840,syn_flood
10893,1781099992.661324,normal
10894,1781099992.662885,normal
10895,1781099992.664505,normal
10896,1781099992.667626,normal
10897,1781099992.669044,normal
10898,1781099992.671014,syn_flood
10899,1781099992.672561,normal
10900,1781099992.674309,normal
10901,1781099992.675846,http_flood
10902,1781099992.676937,normal
10903,1781099992.678899,syn_flood
10904,1781099992.680697,normal
10905,1781099992.682337,http_flood
10906,1781099992.684106,normal
10907,1781099992.686692,syn_flood
10908,1781099992.688420,normal
10909,1781099992.689980,http_flood
10910,1781099992.692103,normal
10911,1781099992.693366,http_flood
10912,1781099992.695383,normal
10913,1781099992.697149,normal
10914,1781099992.698857,normal
10915,1781099992.700422,normal
10916,1781099992.702840,normal
10917,1781099992.704787,normal
10918,1781099992.706841,syn_flood
10919,1781099992.708880,normal
10920,1781099992.710453,normal
10921,1781099992.712407,normal
10922,1781099992.714645,normal
10923,1781099992.716001,normal
10924,1781099992.717793,normal
10925,1781099992.719820,normal
10926,1781099992.721682,syn_flood
10927,1781099992.723195,normal
10928,1781099992.724855,normal
10929,1781099992.726425,normal
10930,1781099992.728020,syn_flood
10931,1781099992.729990,normal
10932,1781099992.731377,normal
10933,1781099992.733421,syn_flood
10934,1781099992.736080,normal
10935,1781099992.738911,normal
10936,1781099992.740228,normal
10937,1781099992.741815,normal
10938,1781099992.743301,syn_flood
10939,1781099992.744907,normal
10940,1781099992.746515,normal
10941,1781099992.748284,syn_flood
10942,1781099992.750736,normal
10943,1781099992.752102,normal
10944,1781099992.753527,syn_flood
10945,1781099992.755524,normal
10946,1781099992.757330,normal
10947,1781099992.758952,normal
10948,1781099992.761042,normal
10949,1781099992.762500,normal
10950,1781099992.764604,normal
10951,1781099992.767296,normal
10952,1781099992.769516,normal
10953,1781099992.771029,syn_flood
10954,1781099992.773512,normal
10955,1781099992.775678,normal
10956,1781099992.777959,normal
10957,1781099992.779644,normal
10958,1781099992.781458,normal
10959,1781099992.782875,normal
10960,1781099992.784623,normal
10961,1781099992.786954,normal
10962,1781099992.788822,normal
10963,1781099992.790750,normal
10964,1781099992.792204,normal
10965,1781099992.793904,normal
10966,1781099992.795958,normal
10967,1781099992.798321,http_flood
10968,1781099992.800367,syn_flood
10969,1781099992.802737,normal
10970,1781099992.803879,normal
10971,1781099992.805654,normal
10972,1781099992.807639,http_flood
10973,1781099992.809239,syn_flood
10974,1781099992.811126,normal
10975,1781099992.812974,normal
10976,1781099992.815104,normal
10977,1781099992.816380,normal
10978,1781099992.818263,normal
10979,1781099992.820548,normal
10980,1781099992.822269,normal
10981,1781099992.824196,normal
10982,1781099992.825316,normal
10983,1781099992.827456,http_flood
10984,1781099992.829218,normal
10985,1781099992.830576,syn_flood
10986,1781099992.832596,normal
10987,1781099992.834041,normal
10988,1781099992.837135,normal
10989,1781099992.838247,normal
10990,1781099992.839702,http_flood
10991,1781099992.841357,normal
10992,1781099992.842691,normal
10993,1781099992.844557,normal
10994,1781099992.846176,normal
10995,1781099992.848287,syn_flood
