packet_index,timestamp,label
0,1781099984.302147,normal
1,1781099984.304085,normal
2,1781099984.306079,normal
3,1781099984.308382,normal
4,1781099984.309781,normal
5,1781099984.311592,normal
6,1781099984.313157,normal
7,1781099984.315745,normal
8,1781099984.317548,normal
9,1781099984.319137,normal
10,1781099984.320733,normal
11,1781099984.322111,normal
12,1781099984.324113,normal
13,1781099984.325599,syn_flood
14,1781099984.327571,normal
15,1781099984.329365,normal
16,1781099984.331154,syn_flood
17,1781099984.332584,syn_flood
18,1781099984.333846,syn_flood
19,1781099984.335362,syn_flood
20,1781099984.336859,normal
21,1781099984.338103,normal
22,1781099984.339184,normal
23,1781099984.341092,normal
24,1781099984.342963,http_flood
25,1781099984.344174,http_flood
26,1781099984.345903,normal
27,1781099984.348061,normal
28,1781099984.350043,syn_flood
29,1781099984.351362,normal
30,1781099984.353092,normal
31,1781099984.354356,normal
32,1781099984.355493,udp_reflection
33,1781099984.356664,normal
34,1781099984.358424,normal
35,1781099984.360315,udp_reflection
36,1781099984.361443,normal
37,1781099984.363392,normal
38,1781099984.364754,syn_flood
39,1781099984.366732,normal
40,1781099984.367994,normal
41,1781099984.369664,udp_reflection
42,1781099984.371059,normal
43,1781099984.372242,normal
44,1781099984.373572,normal
45,1781099984.375062,normal
46,1781099984.376944,normal
47,1781099984.378995,normal
48,1781099984.381456,normal
49,1781099984.383284,normal
50,1781099984.384356,syn_flood
51,1781099984.385554,syn_flood
52,1781099984.387018,udp_reflection
53,1781099984.388647,normal
54,1781099984.390156,normal
55,1781099984.391719,normal
56,1781099984.393473,syn_flood
57,1781099984.394901,normal
58,1781099984.397062,normal
59,1781099984.399081,normal
60,1781099984.400434,normal
61,1781099984.402327,normal
62,1781099984.403882,normal
63,1781099984.406120,normal
64,1781099984.407761,normal
65,1781099984.409120,normal
66,1781099984.410773,normal
67,1781099984.412459,syn_flood
68,1781099984.414113,normal
69,1781099984.416302,http_flood
70,1781099984.417531,syn_flood
71,1781099984.419457,udp_reflection
72,1781099984.421224,normal
73,1781099984.422528,normal
74,1781099984.424142,normal
75,1781099984.425597,normal
76,1781099984.427017,normal
77,1781099984.428663,syn_flood
78,1781099984.430374,normal
79,1781099984.432334,normal
80,1781099984.433603,normal
81,1781099984.435428,udp_reflection
82,1781099984.437493,normal
83,1781099984.438897,normal
84,1781099984.440723,normal
85,1781099984.442386,normal
86,1781099984.443791,syn_flood
87,1781099984.444987,udp_reflection
88,1781099984.447182,syn_flood
89,1781099984.449001,normal
90,1781099984.450319,syn_flood
91,1781099984.452771,normal
92,1781099984.454658,udp_reflection
93,1781099984.456433,syn_flood
94,1781099984.457809,normal
95,1781099984.459350,normal
96,1781099984.460728,normal
97,1781099984.462358,normal
98,1781099984.464718,normal
99,1781099984.466352,normal
100,1781099984.468105,normal
101,1781099984.469828,syn_flood
102,1781099984.471430,normal
103,1781099984.473082,normal
104,1781099984.475257,normal
105,1781099984.477058,normal
106,1781099984.478853,normal
107,1781099984.480142,normal
108,1781099984.482671,normal
109,1781099984.484167,normal
110,1781099984.485926,normal
111,1781099984.487607,normal
112,1781099984.488775,normal
113,1781099984.490361,udp_reflection
114,1781099984.494019,http_flood
115,1781099984.495372,normal
116,1781099984.497684,normal
117,1781099984.499294,syn_flood
118,1781099984.501311,normal
119,1781099984.503456,normal
120,1781099984.505177,normal
121,1781099984.506434,normal
122,1781099984.508771,normal
123,1781099984.511320,udp_reflection
124,1781099984.512550,normal
125,1781099984.514405,normal
126,1781099984.515973,normal
127,1781099984.517978,normal
128,1781099984.519775,syn_flood
129,1781099984.521713,normal
130,1781099984.523359,normal
131,1781099984.524863,normal
132,1781099984.526554,normal
133,1781099984.528126,normal
134,1781099984.529590,normal
135,1781099984.531361,syn_flood
136,1781099984.532767,normal
137,1781099984.533996,normal
138,1781099984.535703,http_flood
139,1781099984.537882,normal
140,1781099984.539908,normal
141,1781099984.542662,normal
142,1781099984.544881,normal
143,1781099984.546152,normal
144,1781099984.547676,syn_flood
145,1781099984.549290,normal
146,1781099984.551754,normal
147,1781099984.552813,normal
148,1781099984.554286,normal
149,1781099984.555824,normal
150,1781099984.557768,normal
151,1781099984.559626,normal
152,1781099984.561589,syn_flood
153,1781099984.563195,syn_flood
154,1781099984.564631,normal
155,1781099984.566804,normal
156,1781099984.568237,normal
157,1781099984.570046,normal
158,1781099984.571480,http_flood
159,1781099984.574201,normal
160,1781099984.576213,normal
161,1781099984.577874,normal
162,1781099984.579593,normal
163,1781099984.581662,normal
164,1781099984.584201,normal
165,1781099984.586141,normal
166,1781099984.587759,normal
167,1781099984.589448,normal
168,1781099984.590995,http_flood
169,1781099984.592546,syn_flood
170,1781099984.593720,normal
171,1781099984.596473,normal
172,1781099984.598245,normal
173,1781099984.600309,normal
174,1781099984.602096,normal
175,1781099984.603704,normal
176,1781099984.605533,normal
177,1781099984.607565,normal
178,1781099984.609261,normal
179,1781099984.611028,normal
180,1781099984.612267,http_flood
181,1781099984.613393,normal
182,1781099984.615006,normal
183,1781099984.616851,syn_flood
184,1781099984.618469,syn_flood
185,1781099984.620486,normal
186,1781099984.621526,normal
187,1781099984.624681,syn_flood
188,1781099984.626700,normal
189,1781099984.628066,normal
190,1781099984.630803,normal
191,1781099984.632439,normal
192,1781099984.634630,syn_flood
193,1781099984.636117,normal
194,1781099984.638267,syn_flood
195,1781099984.639497,syn_flood
196,1781099984.641263,normal
197,1781099984.643577,normal
198,1781099984.644943,normal
199,1781099984.646494,normal
200,1781099984.648762,normal
201,1781099984.651059,normal
202,1781099984.653111,normal
203,1781099984.654952,normal
204,1781099984.656976,normal
205,1781099984.658721,normal
206,1781099984.660185,normal
207,1781099984.662633,http_flood
208,1781099984.665026,normal
209,1781099984.666327,normal
210,1781099984.668195,normal
211,1781099984.669472,normal
212,1781099984.670910,normal
213,1781099984.672770,syn_flood
214,1781099984.674342,http_flood
215,1781099984.676641,normal
216,1781099984.678545,normal
217,1781099984.679997,normal
218,1781099984.681775,normal
219,1781099984.683542,normal
220,1781099984.685877,normal
221,1781099984.687354,syn_flood
222,1781099984.689872,syn_flood
223,1781099984.691305,normal
224,1781099984.692945,normal
225,1781099984.695063,normal
226,1781099984.696709,syn_flood
227,1781099984.698776,udp_reflection
228,1781099984.701033,normal
229,1781099984.702068,normal
230,1781099984.703736,normal
231,1781099984.705703,udp_reflection
232,1781099984.707331,normal
233,1781099984.708530,normal
234,1781099984.709959,normal
235,1781099984.712129,normal
236,1781099984.713793,normal
237,1781099984.716066,normal
238,1781099984.718226,normal
239,1781099984.719914,normal
240,1781099984.721337,normal
241,1781099984.723402,normal
242,1781099984.724735,normal
243,1781099984.725934,normal
244,1781099984.728227,normal
245,1781099984.730189,normal
246,1781099984.731978,normal
247,1781099984.734045,normal
248,1781099984.735607,normal
249,1781099984.737076,normal
250,1781099984.738936,normal
251,1781099984.740643,syn_flood
252,1781099984.742446,normal
253,1781099984.743877,normal
254,1781099984.745322,syn_flood
255,1781099984.747047,normal
256,1781099984.748391,normal
257,1781099984.750527,normal
258,1781099984.752023,syn_flood
259,1781099984.753942,normal
260,1781099984.755054,normal
261,1781099984.756285,normal
262,1781099984.758397,normal
263,1781099984.761114,normal
264,1781099984.762517,syn_flood
265,1781099984.763426,syn_flood
266,1781099984.765308,syn_flood
267,1781099984.766692,normal
268,1781099984.768324,normal
269,1781099984.769832,normal
270,1781099984.771847,normal
271,1781099984.772850,normal
272,1781099984.774479,normal
273,1781099984.775591,normal
274,1781099984.777788,normal
275,1781099984.780108,normal
276,1781099984.781625,syn_flood
277,1781099984.783156,normal
278,1781099984.784858,normal
279,1781099984.787652,normal
280,1781099984.789180,normal
281,1781099984.791395,normal
282,1781099984.793492,normal
283,1781099984.795075,normal
284,1781099984.797106,normal
285,1781099984.798863,normal
286,1781099984.800208,normal
287,1781099984.802034,syn_flood
288,1781099984.803767,normal
289,1781099984.806143,normal
290,1781099984.807345,normal
291,1781099984.808560,normal
292,1781099984.810003,normal
293,1781099984.812005,normal
294,1781099984.813694,normal
295,1781099984.815838,syn_flood
296,1781099984.817697,normal
297,1781099984.819370,normal
298,1781099984.821497,normal
299,1781099984.823074,syn_flood
300,1781099984.824764,normal
301,1781099984.826643,normal
302,1781099984.827949,normal
303,1781099984.829269,normal
304,1781099984.831046,normal
305,1781099984.832518,http_flood
306,1781099984.834123,normal
307,1781099984.835606,normal
308,1781099984.837314,normal
309,1781099984.838899,normal
310,1781099984.841698,syn_flood
311,1781099984.843246,normal
312,1781099984.844262,syn_flood
313,1781099984.845425,normal
314,1781099984.847225,syn_flood
315,1781099984.848511,normal
316,1781099984.850512,normal
317,1781099984.851768,syn_flood
318,1781099984.855385,normal
319,1781099984.857265,normal
320,1781099984.859574,normal
321,1781099984.860679,normal
322,1781099984.862606,normal
323,1781099984.864041,normal
324,1781099984.865532,normal
325,1781099984.867198,normal
326,1781099984.869062,normal
327,1781099984.870433,normal
328,1781099984.871817,syn_flood
329,1781099984.873115,normal
330,1781099984.874631,normal
331,1781099984.875851,normal
332,1781099984.877359,udp_reflection
333,1781099984.879004,normal
334,1781099984.880822,syn_flood
335,1781099984.882360,normal
336,1781099984.883433,normal
337,1781099984.885817,normal
338,1781099984.887608,normal
339,1781099984.889062,syn_flood
340,1781099984.890990,normal
341,1781099984.892347,normal
342,1781099984.893890,normal
343,1781099984.895431,normal
344,1781099984.897053,normal
345,1781099984.898929,normal
346,1781099984.900623,udp_reflection
347,1781099984.902042,normal
348,1781099984.904005,normal
349,1781099984.905560,normal
350,1781099984.907161,normal
351,1781099984.909123,normal
352,1781099984.911040,normal
353,1781099984.912619,udp_reflection
354,1781099984.913730,normal
355,1781099984.916001,normal
356,1781099984.918022,normal
357,1781099984.919704,normal
358,1781099984.921353,normal
359,1781099984.923147,udp_reflection
360,1781099984.925240,normal
361,1781099984.926991,normal
362,1781099984.928373,normal
363,1781099984.929503,http_flood
364,1781099984.931689,syn_flood
365,1781099984.933447,normal
366,1781099984.934965,normal
367,1781099984.937180,normal
368,1781099984.938950,normal
369,1781099984.940112,normal
370,1781099984.942942,normal
371,1781099984.944291,normal
372,1781099984.945708,normal
373,1781099984.947617,normal
374,1781099984.949258,normal
375,1781099984.951395,syn_flood
376,1781099984.952962,udp_reflection
377,1781099984.954294,syn_flood
378,1781099984.955487,normal
379,1781099984.957735,normal
380,1781099984.959023,normal
381,1781099984.960600,normal
382,1781099984.962095,syn_flood
383,1781099984.963932,normal
384,1781099984.965741,normal
385,1781099984.968099,syn_flood
386,1781099984.969877,syn_flood
387,1781099984.971761,normal
388,1781099984.973243,http_flood
389,1781099984.974937,syn_flood
390,1781099984.976892,normal
391,1781099984.979086,normal
392,1781099984.980257,normal
393,1781099984.981950,normal
394,1781099984.984195,normal
395,1781099984.985830,normal
396,1781099984.987774,normal
397,1781099984.988970,normal
398,1781099984.990307,normal
399,1781099984.992663,syn_flood
400,1781099984.994311,normal
401,1781099984.995889,syn_flood
402,1781099984.998105,normal
403,1781099984.999261,normal
404,1781099985.001257,normal
405,1781099985.003597,normal
406,1781099985.006301,normal
407,1781099985.008277,normal
408,1781099985.009670,normal
409,1781099985.011805,normal
410,1781099985.013031,normal
411,1781099985.014510,normal
412,1781099985.016469,normal
413,1781099985.018337,normal
414,1781099985.019571,normal
415,1781099985.021078,normal
416,1781099985.022801,normal
417,1781099985.024893,syn_flood
418,1781099985.026254,syn_flood
419,1781099985.027612,normal
420,1781099985.029000,normal
421,1781099985.030041,normal
422,1781099985.031229,normal
423,1781099985.032718,normal
424,1781099985.034111,normal
425,1781099985.036878,normal
426,1781099985.038980,normal
427,1781099985.041038,normal
428,1781099985.042597,normal
429,1781099985.044596,normal
430,1781099985.045633,normal
431,1781099985.047213,normal
432,1781099985.049205,normal
433,1781099985.051101,normal
434,1781099985.052720,normal
435,1781099985.054616,normal
436,1781099985.056162,http_flood
437,1781099985.057229,normal
438,1781099985.060016,normal
439,1781099985.061382,normal
440,1781099985.063229,normal
441,1781099985.065144,normal
442,1781099985.066931,normal
443,1781099985.069305,udp_reflection
444,1781099985.070793,syn_flood
445,1781099985.072447,syn_flood
446,1781099985.074166,normal
447,1781099985.076173,normal
448,1781099985.077256,normal
449,1781099985.078369,normal
450,1781099985.080197,normal
451,1781099985.081627,normal
452,1781099985.083143,normal
453,1781099985.084500,normal
454,1781099985.086374,normal
455,1781099985.088312,normal
456,1781099985.090142,normal
457,1781099985.091731,syn_flood
458,1781099985.092971,normal
459,1781099985.095038,normal
460,1781099985.096292,normal
461,1781099985.097497,syn_flood
462,1781099985.099177,udp_reflection
463,1781099985.100556,udp_reflection
464,1781099985.102848,normal
465,1781099985.105056,normal
466,1781099985.106893,normal
467,1781099985.108808,syn_flood
468,1781099985.110661,normal
469,1781099985.112110,normal
470,1781099985.113970,normal
471,1781099985.115584,normal
472,1781099985.117530,normal
473,1781099985.119526,normal
474,1781099985.120898,normal
475,1781099985.122680,syn_flood
476,1781099985.124461,normal
477,1781099985.126771,normal
478,1781099985.128465,normal
479,1781099985.129782,normal
480,1781099985.131422,normal
481,1781099985.132927,normal
482,1781099985.134227,syn_flood
483,1781099985.136433,http_flood
484,1781099985.138296,normal
485,1781099985.140412,http_flood
486,1781099985.141771,normal
487,1781099985.143799,normal
488,1781099985.145378,normal
489,1781099985.147116,http_flood
490,1781099985.148842,normal
491,1781099985.150657,normal
492,1781099985.152518,syn_flood
493,1781099985.154081,normal
494,1781099985.155968,syn_flood
495,1781099985.158002,normal
496,1781099985.160168,normal
497,1781099985.161436,normal
498,1781099985.163162,normal
499,1781099985.164476,syn_flood
500,1781099985.166089,normal
501,1781099985.167614,normal
502,1781099985.169865,normal
503,1781099985.172309,normal
504,1781099985.174274,http_flood
505,1781099985.175750,normal
506,1781099985.177811,normal
507,1781099985.179059,normal
508,1781099985.180808,normal
509,1781099985.182805,syn_flood
510,1781099985.184048,normal
511,1781099985.185822,normal
512,1781099985.187036,normal
513,1781099985.188927,udp_reflection
514,1781099985.190747,normal
515,1781099985.192966,normal
516,1781099985.195191,normal
517,1781099985.196836,normal
518,1781099985.198483,normal
519,1781099985.200119,normal
520,1781099985.201476,normal
521,1781099985.203068,syn_flood
522,1781099985.204984,normal
523,1781099985.207349,normal
524,1781099985.209527,syn_flood
525,1781099985.210977,normal
526,1781099985.212685,normal
527,1781099985.213921,syn_flood
528,1781099985.215843,http_flood
529,1781099985.218133,normal
530,1781099985.219356,normal
531,1781099985.221486,normal
532,1781099985.222898,normal
533,1781099985.224433,normal
534,1781099985.227018,normal
535,1781099985.228215,normal
536,1781099985.229703,normal
537,1781099985.230643,normal
538,1781099985.232498,syn_flood
539,1781099985.234459,syn_flood
540,1781099985.236987,normal
541,1781099985.238516,normal
542,1781099985.239549,http_flood
543,1781099985.241320,normal
544,1781099985.243166,udp_reflection
545,1781099985.244912,normal
546,1781099985.246705,normal
547,1781099985.248014,normal
548,1781099985.250220,normal
549,1781099985.252642,normal
550,1781099985.254208,normal
551,1781099985.255862,normal
552,1781099985.258000,normal
553,1781099985.259334,normal
554,1781099985.261866,http_flood
555,1781099985.263813,normal
556,1781099985.265326,normal
557,1781099985.266888,normal
558,1781099985.268217,normal
559,1781099985.269909,normal
560,1781099985.271328,normal
561,1781099985.273138,normal
562,1781099985.274492,normal
563,1781099985.275873,normal
564,1781099985.277114,normal
565,1781099985.278719,normal
566,1781099985.280315,udp_reflection
567,1781099985.281881,normal
568,1781099985.283823,normal
569,1781099985.285662,syn_flood
570,1781099985.286891,normal
571,1781099985.289378,normal
572,1781099985.290903,normal
573,1781099985.292374,normal
574,1781099985.294031,http_flood
575,1781099985.295670,normal
576,1781099985.297293,syn_flood
577,1781099985.299585,syn_flood
578,1781099985.301669,normal
579,1781099985.303296,normal
580,1781099985.304967,normal
581,1781099985.305867,normal
582,1781099985.308477,syn_flood
583,1781099985.310258,normal
584,1781099985.312292,normal
585,1781099985.314624,syn_flood
586,1781099985.316176,normal
587,1781099985.318738,normal
588,1781099985.320524,normal
589,1781099985.321826,syn_flood
590,1781099985.323709,normal
591,1781099985.325172,normal
592,1781099985.327169,normal
593,1781099985.328460,normal
594,1781099985.330770,normal
595,1781099985.332657,normal
596,1781099985.334747,syn_flood
597,1781099985.336019,normal
598,1781099985.337800,normal
599,1781099985.338950,normal
600,1781099985.340612,normal
601,1781099985.342155,normal
602,1781099985.343668,normal
603,1781099985.345106,normal
604,1781099985.347239,normal
605,1781099985.348590,normal
606,1781099985.350340,syn_flood
607,1781099985.351703,normal
608,1781099985.353242,normal
609,1781099985.355258,normal
610,1781099985.356508,normal
611,1781099985.358189,normal
612,1781099985.360151,normal
613,1781099985.361940,normal
614,1781099985.363890,normal
615,1781099985.365668,syn_flood
616,1781099985.368013,normal
617,1781099985.369655,normal
618,1781099985.371426,http_flood
619,1781099985.373234,normal
620,1781099985.374823,syn_flood
621,1781099985.376463,normal
622,1781099985.378099,normal
623,1781099985.379589,syn_flood
624,1781099985.380848,normal
625,1781099985.382235,normal
626,1781099985.383958,normal
627,1781099985.385198,normal
628,1781099985.387160,normal
629,1781099985.388872,normal
630,1781099985.391162,syn_flood
631,1781099985.393020,normal
632,1781099985.394711,normal
633,1781099985.396178,normal
634,1781099985.398842,normal
635,1781099985.400710,syn_flood
636,1781099985.402596,syn_flood
637,1781099985.403715,normal
638,1781099985.405517,normal
639,1781099985.407318,normal
640,1781099985.409078,normal
641,1781099985.410949,normal
642,1781099985.412524,normal
643,1781099985.414751,http_flood
644,1781099985.416561,normal
645,1781099985.418157,normal
646,1781099985.419649,normal
647,1781099985.421321,normal
648,1781099985.423014,syn_flood
649,1781099985.424775,normal
650,1781099985.425993,normal
651,1781099985.427912,normal
652,1781099985.428761,normal
653,1781099985.430966,normal
654,1781099985.432401,normal
655,1781099985.434034,normal
656,1781099985.436283,syn_flood
657,1781099985.437772,normal
658,1781099985.439447,normal
659,1781099985.440702,normal
660,1781099985.441602,udp_reflection
661,1781099985.443378,syn_flood
662,1781099985.444745,syn_flood
663,1781099985.446470,normal
664,1781099985.448933,normal
665,1781099985.450225,syn_flood
666,1781099985.451701,normal
667,1781099985.453814,syn_flood
668,1781099985.456035,udp_reflection
669,1781099985.458050,normal
670,1781099985.459509,normal
671,1781099985.460880,normal
672,1781099985.462017,normal
673,1781099985.463686,normal
674,1781099985.466077,normal
675,1781099985.468736,syn_flood
676,1781099985.470113,normal
677,1781099985.471931,normal
678,1781099985.473159,normal
679,1781099985.474957,normal
680,1781099985.476595,normal
681,1781099985.478573,normal
682,1781099985.480469,syn_flood
683,1781099985.481687,normal
684,1781099985.483795,syn_flood
685,1781099985.485278,normal
686,1781099985.486772,udp_reflection
687,1781099985.488047,normal
688,1781099985.490085,normal
689,1781099985.491881,udp_reflection
690,1781099985.493427,normal
691,1781099985.494587,syn_flood
692,1781099985.495672,normal
693,1781099985.497158,syn_flood
694,1781099985.498605,normal
695,1781099985.499807,normal
696,1781099985.501255,udp_reflection
697,1781099985.503022,syn_flood
698,1781099985.505192,normal
699,1781099985.506953,normal
700,1781099985.508404,udp_reflection
701,1781099985.510006,normal
702,1781099985.511767,syn_flood
703,1781099985.513472,normal
704,1781099985.515253,http_flood
705,1781099985.517413,udp_reflection
706,1781099985.519122,normal
707,1781099985.520732,normal
708,1781099985.522097,normal
709,1781099985.523885,normal
710,1781099985.526221,normal
711,1781099985.528289,normal
712,1781099985.529843,normal
713,1781099985.531811,normal
714,1781099985.533653,normal
715,1781099985.534551,normal
716,1781099985.536596,normal
717,1781099985.537657,normal
718,1781099985.539306,normal
719,1781099985.540772,normal
720,1781099985.542627,normal
721,1781099985.544945,syn_flood
722,1781099985.546379,http_flood
723,1781099985.548079,normal
724,1781099985.550062,normal
725,1781099985.551926,udp_reflection
726,1781099985.553567,normal
727,1781099985.555202,syn_flood
728,1781099985.557214,normal
729,1781099985.558887,normal
730,1781099985.560936,normal
731,1781099985.562547,normal
732,1781099985.564491,syn_flood
733,1781099985.565604,normal
734,1781099985.567102,normal
735,1781099985.569228,normal
736,1781099985.570869,normal
737,1781099985.572520,normal
738,1781099985.573456,normal
739,1781099985.575412,normal
740,1781099985.576903,normal
741,1781099985.578762,normal
742,1781099985.580833,syn_flood
743,1781099985.582597,normal
744,1781099985.584063,normal
745,1781099985.585332,normal
746,1781099985.587857,syn_flood
747,1781099985.589303,normal
748,1781099985.591077,normal
749,1781099985.592801,normal
750,1781099985.594127,syn_flood
751,1781099985.595577,normal
752,1781099985.597126,normal
753,1781099985.598665,normal
754,1781099985.601292,normal
755,1781099985.603149,syn_flood
756,1781099985.604875,normal
757,1781099985.606299,normal
758,1781099985.607739,syn_flood
759,1781099985.610475,normal
760,1781099985.611891,syn_flood
761,1781099985.613977,normal
762,1781099985.615442,syn_flood
763,1781099985.617040,normal
764,1781099985.619051,normal
765,1781099985.621092,normal
766,1781099985.623362,normal
767,1781099985.625304,normal
768,1781099985.626863,normal
769,1781099985.628667,normal
770,1781099985.630064,normal
771,1781099985.631882,normal
772,1781099985.633408,udp_reflection
773,1781099985.635197,normal
774,1781099985.636577,normal
775,1781099985.638497,normal
776,1781099985.640981,syn_flood
777,1781099985.642916,normal
778,1781099985.644522,udp_reflection
779,1781099985.646218,normal
780,1781099985.648650,udp_reflection
781,1781099985.650219,normal
782,1781099985.651531,normal
783,1781099985.653407,normal
784,1781099985.654825,normal
785,1781099985.656601,normal
786,1781099985.658213,normal
787,1781099985.659677,normal
788,1781099985.661831,normal
789,1781099985.663553,syn_flood
790,1781099985.665217,syn_flood
791,1781099985.666554,normal
792,1781099985.668071,normal
793,1781099985.670000,normal
794,1781099985.672117,normal
795,1781099985.674136,normal
796,1781099985.675369,normal
797,1781099985.676866,normal
798,1781099985.678469,syn_flood
799,1781099985.682766,normal
800,1781099985.684036,normal
801,1781099985.685480,normal
802,1781099985.687099,normal
803,1781099985.688478,normal
804,1781099985.690209,normal
805,1781099985.691613,normal
806,1781099985.692866,normal
807,1781099985.694390,normal
808,1781099985.695919,normal
809,1781099985.697527,normal
810,1781099985.699339,http_flood
811,1781099985.701392,normal
812,1781099985.703409,normal
813,1781099985.704606,syn_flood
814,1781099985.706362,normal
815,1781099985.708055,normal
816,1781099985.709884,normal
817,1781099985.711946,normal
818,1781099985.713717,normal
819,1781099985.715073,normal
820,1781099985.716565,syn_flood
821,1781099985.718179,normal
822,1781099985.719957,normal
823,1781099985.722360,normal
824,1781099985.724441,normal
825,1781099985.726048,normal
826,1781099985.727633,normal
827,1781099985.729942,normal
828,1781099985.732003,normal
829,1781099985.733353,normal
830,1781099985.734987,normal
831,1781099985.736162,normal
832,1781099985.737836,normal
833,1781099985.738880,normal
834,1781099985.740777,normal
835,1781099985.741804,normal
836,1781099985.743830,normal
837,1781099985.744942,normal
838,1781099985.746329,normal
839,1781099985.748040,normal
840,1781099985.749586,normal
841,1781099985.752042,normal
842,1781099985.753458,normal
843,1781099985.755141,normal
844,1781099985.756620,normal
845,1781099985.758743,normal
846,1781099985.760503,normal
847,1781099985.762342,normal
848,1781099985.763916,normal
849,1781099985.766033,normal
850,1781099985.767259,normal
851,1781099985.768620,syn_flood
852,1781099985.770388,normal
853,1781099985.772408,normal
854,1781099985.774173,normal
855,1781099985.776063,normal
856,1781099985.777976,normal
857,1781099985.779201,normal
858,1781099985.781069,normal
859,1781099985.782470,normal
860,1781099985.783704,normal
861,1781099985.785785,normal
862,1781099985.787275,normal
863,1781099985.788988,normal
864,1781099985.790017,normal
865,1781099985.791727,syn_flood
866,1781099985.793575,normal
867,1781099985.795003,normal
868,1781099985.796515,syn_flood
869,1781099985.797570,normal
870,1781099985.798778,normal
871,1781099985.800733,normal
872,1781099985.802319,normal
873,1781099985.804498,normal
874,1781099985.806164,normal
875,1781099985.808242,syn_flood
876,1781099985.809955,normal
877,1781099985.811626,normal
878,1781099985.812674,normal
879,1781099985.814106,syn_flood
880,1781099985.816401,normal
881,1781099985.818247,normal
882,1781099985.820725,normal
883,1781099985.822097,normal
884,1781099985.823588,normal
885,1781099985.825795,normal
886,1781099985.827203,normal
887,1781099985.828499,normal
888,1781099985.830254,syn_flood
889,1781099985.832094,http_flood
890,1781099985.833445,normal
891,1781099985.834877,normal
892,1781099985.836272,normal
893,1781099985.838017,normal
894,1781099985.840026,normal
895,1781099985.842722,syn_flood
896,1781099985.844043,normal
897,1781099985.845290,syn_flood
898,1781099985.846871,normal
899,1781099985.848698,normal
900,1781099985.850623,syn_flood
901,1781099985.852461,normal
902,1781099985.854709,normal
903,1781099985.856028,syn_flood
904,1781099985.857224,normal
905,1781099985.858640,normal
906,1781099985.859937,normal
907,1781099985.861790,normal
908,1781099985.864043,normal
909,1781099985.865365,http_flood
910,1781099985.867035,normal
911,1781099985.868842,normal
912,1781099985.870335,syn_flood
913,1781099985.871976,normal
914,1781099985.873137,normal
915,1781099985.875120,normal
916,1781099985.877347,normal
917,1781099985.879416,normal
918,1781099985.880331,normal
919,1781099985.881568,normal
920,1781099985.883021,normal
921,1781099985.884855,normal
922,1781099985.886112,normal
923,1781099985.887969,normal
924,1781099985.889531,syn_flood
925,1781099985.891762,normal
926,1781099985.894023,normal
927,1781099985.895215,udp_reflection
928,1781099985.896233,syn_flood
929,1781099985.897691,syn_flood
930,1781099985.899625,syn_flood
931,1781099985.900796,normal
932,1781099985.902657,normal
933,1781099985.903787,syn_flood
934,1781099985.904994,normal
935,1781099985.906729,normal
936,1781099985.908377,syn_flood
937,1781099985.910018,normal
938,1781099985.911374,normal
939,1781099985.913271,normal
940,1781099985.914670,syn_flood
941,1781099985.917143,udp_reflection
942,1781099985.918522,normal
943,1781099985.920068,syn_flood
944,1781099985.921488,syn_flood
945,1781099985.922485,syn_flood
946,1781099985.924494,normal
947,1781099985.926059,normal
948,1781099985.927448,normal
949,1781099985.929972,normal
950,1781099985.931505,normal
951,1781099985.932681,normal
952,1781099985.934518,normal
953,1781099985.936369,http_flood
954,1781099985.937716,normal
955,1781099985.939014,normal
956,1781099985.940675,normal
957,1781099985.942858,normal
958,1781099985.944378,http_flood
959,1781099985.946025,normal
960,1781099985.947994,normal
961,1781099985.950424,syn_flood
962,1781099985.952673,normal
963,1781099985.953552,normal
964,1781099985.954870,normal
965,1781099985.956746,syn_flood
966,1781099985.958148,syn_flood
967,1781099985.959814,normal
968,1781099985.961614,normal
969,1781099985.963377,normal
970,1781099985.964832,normal
971,1781099985.967311,normal
972,1781099985.969103,syn_flood
973,1781099985.970828,normal
974,1781099985.972862,normal
975,1781099985.974896,normal
976,1781099985.976907,syn_flood
977,1781099985.979067,normal
978,1781099985.981356,normal
979,1781099985.984246,normal
980,1781099985.986217,normal
981,1781099985.987512,normal
982,1781099985.989632,normal
983,1781099985.992087,normal
984,1781099985.993988,normal
985,1781099985.995166,normal
986,1781099985.997105,normal
987,1781099985.998642,normal
988,1781099985.999987,normal
989,1781099986.001967,normal
990,1781099986.003834,normal
991,1781099986.005749,syn_flood
992,1781099986.008124,normal
993,1781099986.009779,normal
994,1781099986.011516,normal
995,1781099986.013582,normal
996,1781099986.014878,syn_flood
997,1781099986.016607,normal
998,1781099986.019078,syn_flood
999,1781099986.020406,normal
1000,1781099986.022498,normal
1001,1781099986.024357,normal
1002,1781099986.025972,http_flood
1003,1781099986.027421,normal
1004,1781099986.029134,normal
1005,1781099986.031703,normal
1006,1781099986.034175,syn_flood
1007,1781099986.035912,normal
1008,1781099986.037392,normal
1009,1781099986.038903,normal
1010,1781099986.040647,normal
1011,1781099986.042264,syn_flood
1012,1781099986.044055,normal
1013,1781099986.046286,syn_flood
1014,1781099986.048265,normal
1015,1781099986.049611,normal
1016,1781099986.051265,http_flood
1017,1781099986.052581,normal
1018,1781099986.053630,syn_flood
1019,1781099986.055478,syn_flood
1020,1781099986.057046,normal
1021,1781099986.058191,normal
1022,1781099986.060242,normal
1023,1781099986.061461,normal
1024,1781099986.063728,syn_flood
1025,1781099986.065823,normal
1026,1781099986.067202,normal
1027,1781099986.069551,normal
1028,1781099986.071191,syn_flood
1029,1781099986.074067,normal
1030,1781099986.075966,normal
1031,1781099986.078572,normal
1032,1781099986.079702,normal
1033,1781099986.081463,normal
1034,1781099986.082919,normal
1035,1781099986.084039,normal
1036,1781099986.086026,normal
1037,1781099986.087704,normal
1038,1781099986.088778,normal
1039,1781099986.090928,normal
1040,1781099986.092635,syn_flood
1041,1781099986.093738,normal
1042,1781099986.095722,normal
1043,1781099986.098961,normal
1044,1781099986.100559,udp_reflection
1045,1781099986.102108,normal
1046,1781099986.104604,normal
1047,1781099986.106344,normal
1048,1781099986.107930,normal
1049,1781099986.109246,normal
1050,1781099986.111084,syn_flood
1051,1781099986.113979,normal
1052,1781099986.116098,normal
1053,1781099986.118496,normal
1054,1781099986.120631,syn_flood
1055,1781099986.122095,normal
1056,1781099986.123240,syn_flood
1057,1781099986.124760,normal
1058,1781099986.126155,normal
1059,1781099986.127597,normal
1060,1781099986.129658,normal
1061,1781099986.131078,normal
1062,1781099986.132351,syn_flood
1063,1781099986.134072,http_flood
1064,1781099986.135695,normal
1065,1781099986.137038,syn_flood
1066,1781099986.138611,normal
1067,1781099986.140952,normal
1068,1781099986.142485,normal
1069,1781099986.145515,normal
1070,1781099986.147119,normal
1071,1781099986.148863,normal
1072,1781099986.150402,syn_flood
1073,1781099986.152113,syn_flood
1074,1781099986.153520,normal
1075,1781099986.154627,normal
1076,1781099986.157240,normal
1077,1781099986.159009,normal
1078,1781099986.160392,normal
1079,1781099986.162183,normal
1080,1781099986.163519,normal
1081,1781099986.165037,normal
1082,1781099986.167687,normal
1083,1781099986.169245,syn_flood
1084,1781099986.170532,normal
1085,1781099986.172285,normal
1086,1781099986.173843,normal
1087,1781099986.175309,normal
1088,1781099986.176715,normal
1089,1781099986.178519,normal
1090,1781099986.179940,normal
1091,1781099986.181153,normal
1092,1781099986.182714,normal
1093,1781099986.184773,normal
1094,1781099986.186561,syn_flood
1095,1781099986.187849,normal
1096,1781099986.189803,normal
1097,1781099986.191098,normal
1098,1781099986.192779,normal
1099,1781099986.193845,normal
1100,1781099986.195961,normal
1101,1781099986.197734,syn_flood
1102,1781099986.200080,normal
1103,1781099986.202018,normal
1104,1781099986.203928,syn_flood
1105,1781099986.205779,normal
1106,1781099986.207904,normal
1107,1781099986.209280,normal
1108,1781099986.211396,normal
1109,1781099986.212717,normal
1110,1781099986.214238,normal
1111,1781099986.216710,normal
1112,1781099986.218562,normal
1113,1781099986.220776,normal
1114,1781099986.222723,http_flood
1115,1781099986.224400,normal
1116,1781099986.226024,http_flood
1117,1781099986.227926,normal
1118,1781099986.229372,normal
1119,1781099986.230495,normal
1120,1781099986.232311,normal
1121,1781099986.234237,normal
1122,1781099986.236356,normal
1123,1781099986.238292,normal
1124,1781099986.239412,normal
1125,1781099986.241093,normal
1126,1781099986.243315,normal
1127,1781099986.245278,normal
1128,1781099986.247303,syn_flood
1129,1781099986.249254,syn_flood
1130,1781099986.250682,normal
1131,1781099986.252110,normal
1132,1781099986.253333,normal
1133,1781099986.254860,normal
1134,1781099986.256279,normal
1135,1781099986.257509,normal
1136,1781099986.259112,normal
1137,1781099986.260731,syn_flood
1138,1781099986.262824,normal
1139,1781099986.264437,normal
1140,1781099986.266116,normal
1141,1781099986.267872,normal
1142,1781099986.268988,normal
1143,1781099986.271125,normal
1144,1781099986.272946,udp_reflection
1145,1781099986.274416,syn_flood
1146,1781099986.276699,syn_flood
1147,1781099986.278465,normal
1148,1781099986.279939,normal
1149,1781099986.281258,normal
1150,1781099986.282461,normal
1151,1781099986.284717,normal
1152,1781099986.286355,normal
1153,1781099986.288328,normal
1154,1781099986.289503,normal
1155,1781099986.291891,normal
1156,1781099986.293188,normal
1157,1781099986.295087,normal
1158,1781099986.296261,syn_flood
1159,1781099986.298125,normal
1160,1781099986.299881,normal
1161,1781099986.301915,normal
1162,1781099986.303370,normal
1163,1781099986.305199,normal
1164,1781099986.306110,normal
1165,1781099986.307486,normal
1166,1781099986.308999,syn_flood
1167,1781099986.311090,udp_reflection
1168,1781099986.312617,normal
1169,1781099986.314229,normal
1170,1781099986.315800,normal
1171,1781099986.317169,syn_flood
1172,1781099986.319651,syn_flood
1173,1781099986.320906,syn_flood
1174,1781099986.322404,normal
1175,1781099986.324083,syn_flood
1176,1781099986.326308,normal
1177,1781099986.328790,normal
1178,1781099986.330223,http_flood
1179,1781099986.331909,normal
1180,1781099986.333375,normal
1181,1781099986.334884,syn_flood
1182,1781099986.336202,normal
1183,1781099986.337414,syn_flood
1184,1781099986.339517,normal
1185,1781099986.341067,normal
1186,1781099986.343003,normal
1187,1781099986.344683,http_flood
1188,1781099986.345869,normal
1189,1781099986.347433,http_flood
1190,1781099986.349359,normal
1191,1781099986.351380,syn_flood
1192,1781099986.352835,normal
1193,1781099986.354051,normal
1194,1781099986.355915,syn_flood
1195,1781099986.357439,normal
1196,1781099986.358688,syn_flood
1197,1781099986.360373,normal
1198,1781099986.361829,normal
1199,1781099986.364074,normal
1200,1781099986.365801,normal
1201,1781099986.367042,syn_flood
1202,1781099986.368434,normal
1203,1781099986.370600,syn_flood
1204,1781099986.372072,normal
1205,1781099986.373447,syn_flood
1206,1781099986.374671,normal
1207,1781099986.375767,syn_flood
1208,1781099986.378282,normal
1209,1781099986.379688,normal
1210,1781099986.380881,normal
1211,1781099986.382233,normal
1212,1781099986.383650,normal
1213,1781099986.385603,normal
1214,1781099986.387122,normal
1215,1781099986.389109,syn_flood
1216,1781099986.390648,syn_flood
1217,1781099986.392171,normal
1218,1781099986.393962,normal
1219,1781099986.395655,normal
1220,1781099986.397025,normal
1221,1781099986.398510,normal
1222,1781099986.400235,normal
1223,1781099986.402384,syn_flood
1224,1781099986.404271,normal
1225,1781099986.406295,normal
1226,1781099986.407947,normal
1227,1781099986.408923,normal
1228,1781099986.410135,normal
1229,1781099986.411611,normal
1230,1781099986.413335,normal
1231,1781099986.415396,normal
1232,1781099986.417900,normal
1233,1781099986.420136,normal
1234,1781099986.422117,syn_flood
1235,1781099986.423925,normal
1236,1781099986.426003,normal
1237,1781099986.427501,normal
1238,1781099986.429391,normal
1239,1781099986.430998,normal
1240,1781099986.432280,normal
1241,1781099986.433774,normal
1242,1781099986.434934,normal
1243,1781099986.436979,syn_flood
1244,1781099986.438098,normal
1245,1781099986.440466,normal
1246,1781099986.441793,normal
1247,1781099986.443135,normal
1248,1781099986.444591,normal
1249,1781099986.446185,syn_flood
1250,1781099986.447825,syn_flood
1251,1781099986.448703,normal
1252,1781099986.450290,http_flood
1253,1781099986.452248,syn_flood
1254,1781099986.454062,normal
1255,1781099986.456593,normal
1256,1781099986.458508,normal
1257,1781099986.459775,syn_flood
1258,1781099986.462514,normal
1259,1781099986.464413,normal
1260,1781099986.466851,normal
1261,1781099986.468183,normal
1262,1781099986.469392,normal
1263,1781099986.470853,syn_flood
1264,1781099986.473330,syn_flood
1265,1781099986.475111,syn_flood
1266,1781099986.476933,normal
1267,1781099986.478871,syn_flood
1268,1781099986.480402,normal
1269,1781099986.482056,normal
1270,1781099986.484226,normal
1271,1781099986.486326,normal
1272,1781099986.487878,normal
1273,1781099986.489660,normal
1274,1781099986.491330,normal
1275,1781099986.493548,normal
1276,1781099986.495161,normal
1277,1781099986.496660,http_flood
1278,1781099986.497838,normal
1279,1781099986.500880,normal
1280,1781099986.502195,syn_flood
1281,1781099986.503457,normal
1282,1781099986.504720,normal
1283,1781099986.506214,syn_flood
1284,1781099986.507636,http_flood
1285,1781099986.508849,normal
1286,1781099986.510373,normal
1287,1781099986.511409,normal
1288,1781099986.512951,normal
1289,1781099986.513985,normal
1290,1781099986.516799,normal
1291,1781099986.518694,normal
1292,1781099986.520606,normal
1293,1781099986.522998,normal
1294,1781099986.524440,normal
1295,1781099986.525990,syn_flood
1296,1781099986.527463,normal
1297,1781099986.529103,normal
1298,1781099986.530202,normal
1299,1781099986.532131,syn_flood
1300,1781099986.533591,normal
1301,1781099986.535200,udp_reflection
1302,1781099986.536855,normal
1303,1781099986.538439,normal
1304,1781099986.540931,http_flood
1305,1781099986.542443,normal
1306,1781099986.544177,normal
1307,1781099986.545805,normal
1308,1781099986.547221,normal
1309,1781099986.549567,http_flood
1310,1781099986.551176,normal
1311,1781099986.552324,normal
1312,1781099986.554017,syn_flood
1313,1781099986.555974,udp_reflection
1314,1781099986.557793,normal
1315,1781099986.559314,normal
1316,1781099986.560735,syn_flood
1317,1781099986.563014,normal
1318,1781099986.564764,normal
1319,1781099986.566091,normal
1320,1781099986.567275,syn_flood
1321,1781099986.568989,normal
1322,1781099986.570279,normal
1323,1781099986.572226,normal
1324,1781099986.574221,normal
1325,1781099986.575858,normal
1326,1781099986.577550,http_flood
1327,1781099986.579472,normal
1328,1781099986.581809,normal
1329,1781099986.583672,normal
1330,1781099986.585641,normal
1331,1781099986.587258,normal
1332,1781099986.588682,normal
1333,1781099986.590004,normal
1334,1781099986.591877,syn_flood
1335,1781099986.593290,normal
1336,1781099986.595546,syn_flood
1337,1781099986.597434,normal
1338,1781099986.599432,http_flood
1339,1781099986.601286,normal
1340,1781099986.602686,normal
1341,1781099986.603886,normal
1342,1781099986.605813,syn_flood
1343,1781099986.607894,normal
1344,1781099986.609686,normal
1345,1781099986.611164,normal
1346,1781099986.612677,syn_flood
1347,1781099986.614982,normal
1348,1781099986.616719,normal
1349,1781099986.618386,normal
1350,1781099986.620652,normal
1351,1781099986.622385,normal
1352,1781099986.623907,normal
1353,1781099986.625189,syn_flood
1354,1781099986.627113,syn_flood
1355,1781099986.629719,normal
1356,1781099986.631141,normal
1357,1781099986.632915,udp_reflection
1358,1781099986.634702,normal
1359,1781099986.636285,normal
1360,1781099986.637480,normal
1361,1781099986.639462,normal
1362,1781099986.641245,syn_flood
1363,1781099986.642274,normal
1364,1781099986.644125,syn_flood
1365,1781099986.645398,normal
1366,1781099986.647061,normal
1367,1781099986.648583,http_flood
1368,1781099986.650429,syn_flood
1369,1781099986.651966,normal
1370,1781099986.653070,normal
1371,1781099986.654250,udp_reflection
1372,1781099986.655809,http_flood
1373,1781099986.657339,normal
1374,1781099986.658974,normal
1375,1781099986.660777,http_flood
1376,1781099986.662306,udp_reflection
1377,1781099986.663690,normal
1378,1781099986.665350,normal
1379,1781099986.666877,http_flood
1380,1781099986.668396,normal
1381,1781099986.670172,syn_flood
1382,1781099986.672274,normal
1383,1781099986.674877,normal
1384,1781099986.676912,normal
1385,1781099986.678904,syn_flood
1386,1781099986.680225,normal
1387,1781099986.682230,udp_reflection
1388,1781099986.684154,normal
1389,1781099986.685622,http_flood
1390,1781099986.687255,normal
1391,1781099986.688663,syn_flood
1392,1781099986.690297,normal
1393,1781099986.692203,normal
1394,1781099986.694241,normal
1395,1781099986.695908,syn_flood
1396,1781099986.698060,normal
1397,1781099986.699810,udp_reflection
1398,1781099986.701867,normal
1399,1781099986.703465,syn_flood
1400,1781099986.704677,normal
1401,1781099986.706891,syn_flood
1402,1781099986.708632,syn_flood
1403,1781099986.710201,syn_flood
1404,1781099986.711564,syn_flood
1405,1781099986.713491,normal
1406,1781099986.714747,syn_flood
1407,1781099986.716167,normal
1408,1781099986.717887,syn_flood
1409,1781099986.719537,normal
1410,1781099986.720744,normal
1411,1781099986.722778,normal
1412,1781099986.724631,normal
1413,1781099986.726354,http_flood
1414,1781099986.728150,syn_flood
1415,1781099986.730159,syn_flood
1416,1781099986.731408,normal
1417,1781099986.732708,syn_flood
1418,1781099986.734611,normal
1419,1781099986.736575,normal
1420,1781099986.738645,normal
1421,1781099986.739972,normal
1422,1781099986.741284,syn_flood
1423,1781099986.742633,normal
1424,1781099986.744753,normal
1425,1781099986.746428,normal
1426,1781099986.748578,syn_flood
1427,1781099986.751088,normal
1428,1781099986.753050,syn_flood
1429,1781099986.755413,normal
1430,1781099986.757273,normal
1431,1781099986.759154,normal
1432,1781099986.761149,normal
1433,1781099986.763450,normal
1434,1781099986.765043,normal
1435,1781099986.766213,normal
1436,1781099986.768209,normal
1437,1781099986.770383,udp_reflection
1438,1781099986.772179,normal
1439,1781099986.774559,normal
1440,1781099986.776953,normal
1441,1781099986.778871,syn_flood
1442,1781099986.780334,normal
1443,1781099986.781546,syn_flood
1444,1781099986.783507,normal
1445,1781099986.785087,normal
1446,1781099986.786059,normal
1447,1781099986.788053,normal
1448,1781099986.790132,normal
1449,1781099986.791117,normal
1450,1781099986.792696,normal
1451,1781099986.794548,syn_flood
1452,1781099986.796303,normal
1453,1781099986.797772,normal
1454,1781099986.799485,normal
1455,1781099986.801872,syn_flood
1456,1781099986.803281,normal
1457,1781099986.804534,normal
1458,1781099986.805818,syn_flood
1459,1781099986.807081,http_flood
1460,1781099986.809603,normal
1461,1781099986.811535,normal
1462,1781099986.813007,normal
1463,1781099986.814173,normal
1464,1781099986.815760,http_flood
1465,1781099986.817589,normal
1466,1781099986.819082,normal
1467,1781099986.820121,normal
1468,1781099986.821596,normal
1469,1781099986.822838,normal
1470,1781099986.824115,normal
1471,1781099986.825221,normal
1472,1781099986.827053,normal
1473,1781099986.828551,normal
1474,1781099986.830245,normal
1475,1781099986.832175,syn_flood
1476,1781099986.833798,normal
1477,1781099986.836106,normal
1478,1781099986.838130,normal
1479,1781099986.839687,normal
1480,1781099986.840812,syn_flood
1481,1781099986.842836,normal
1482,1781099986.844319,normal
1483,1781099986.845949,normal
1484,1781099986.848298,normal
1485,1781099986.850458,normal
1486,1781099986.853124,normal
1487,1781099986.854840,syn_flood
1488,1781099986.856602,normal
1489,1781099986.858323,normal
1490,1781099986.859681,syn_flood
1491,1781099986.860889,normal
1492,1781099986.862927,syn_flood
1493,1781099986.865243,syn_flood
1494,1781099986.866454,normal
1495,1781099986.867995,normal
1496,1781099986.869524,normal
1497,1781099986.871351,normal
1498,1781099986.872832,normal
1499,1781099986.874268,normal
1500,1781099986.875876,normal
1501,1781099986.877534,normal
1502,1781099986.879432,syn_flood
1503,1781099986.880796,normal
1504,1781099986.882046,udp_reflection
1505,1781099986.883715,normal
1506,1781099986.885450,normal
1507,1781099986.887121,normal
1508,1781099986.888625,normal
1509,1781099986.890799,normal
1510,1781099986.892681,normal
1511,1781099986.894118,normal
1512,1781099986.895757,normal
1513,1781099986.898234,syn_flood
1514,1781099986.899513,syn_flood
1515,1781099986.901263,normal
1516,1781099986.902875,normal
1517,1781099986.904851,normal
1518,1781099986.906288,udp_reflection
1519,1781099986.908064,normal
1520,1781099986.909498,http_flood
1521,1781099986.911218,udp_reflection
1522,1781099986.912683,normal
1523,1781099986.914644,normal
1524,1781099986.916737,normal
1525,1781099986.917956,http_flood
1526,1781099986.919134,normal
1527,1781099986.921329,normal
1528,1781099986.922409,normal
1529,1781099986.923502,normal
1530,1781099986.925567,normal
1531,1781099986.927101,normal
1532,1781099986.928312,udp_reflection
1533,1781099986.931188,normal
1534,1781099986.932769,syn_flood
1535,1781099986.933882,normal
1536,1781099986.935557,normal
1537,1781099986.937215,normal
1538,1781099986.938594,syn_flood
1539,1781099986.940066,normal
1540,1781099986.941402,normal
1541,1781099986.943678,normal
1542,1781099986.945127,normal
1543,1781099986.946670,normal
1544,1781099986.948289,normal
1545,1781099986.949518,normal
1546,1781099986.951595,syn_flood
1547,1781099986.953698,normal
1548,1781099986.955332,normal
1549,1781099986.956851,normal
1550,1781099986.958092,normal
1551,1781099986.959543,normal
1552,1781099986.960967,normal
1553,1781099986.962934,normal
1554,1781099986.964914,syn_flood
1555,1781099986.966764,normal
1556,1781099986.968536,udp_reflection
1557,1781099986.970223,normal
1558,1781099986.971884,syn_flood
1559,1781099986.974390,normal
1560,1781099986.976124,normal
1561,1781099986.977568,syn_flood
1562,1781099986.978977,normal
1563,1781099986.980613,normal
1564,1781099986.982290,normal
1565,1781099986.984248,syn_flood
1566,1781099986.985601,normal
1567,1781099986.987933,normal
1568,1781099986.989711,normal
1569,1781099986.991763,normal
1570,1781099986.993109,syn_flood
1571,1781099986.994849,syn_flood
1572,1781099986.996740,normal
1573,1781099986.997823,normal
1574,1781099986.999510,normal
1575,1781099987.001484,syn_flood
1576,1781099987.003337,syn_flood
1577,1781099987.005453,normal
1578,1781099987.006810,normal
1579,1781099987.008584,http_flood
1580,1781099987.010116,syn_flood
1581,1781099987.012227,syn_flood
1582,1781099987.014392,normal
1583,1781099987.015752,normal
1584,1781099987.017780,normal
1585,1781099987.020008,normal
1586,1781099987.021445,normal
1587,1781099987.023057,normal
1588,1781099987.024890,normal
1589,1781099987.026724,normal
1590,1781099987.028805,normal
1591,1781099987.031045,normal
1592,1781099987.032270,normal
1593,1781099987.033943,normal
1594,1781099987.036111,normal
1595,1781099987.037936,normal
1596,1781099987.039742,normal
1597,1781099987.041180,normal
1598,1781099987.042777,normal
1599,1781099987.044517,normal
1600,1781099987.046893,syn_flood
1601,1781099987.048517,normal
1602,1781099987.050381,normal
1603,1781099987.052195,syn_flood
1604,1781099987.053628,http_flood
1605,1781099987.055376,syn_flood
1606,1781099987.057170,http_flood
1607,1781099987.058898,normal
1608,1781099987.060776,normal
1609,1781099987.062387,normal
1610,1781099987.063693,normal
1611,1781099987.065567,http_flood
1612,1781099987.067252,normal
1613,1781099987.069281,normal
1614,1781099987.071668,http_flood
1615,1781099987.073697,syn_flood
1616,1781099987.075956,syn_flood
1617,1781099987.077238,normal
1618,1781099987.080014,syn_flood
1619,1781099987.081353,syn_flood
1620,1781099987.083157,normal
1621,1781099987.084942,normal
1622,1781099987.086631,normal
1623,1781099987.088108,normal
1624,1781099987.089637,normal
1625,1781099987.091532,normal
1626,1781099987.094031,syn_flood
1627,1781099987.095092,syn_flood
1628,1781099987.096322,normal
1629,1781099987.098157,normal
1630,1781099987.099473,syn_flood
1631,1781099987.100705,normal
1632,1781099987.101977,syn_flood
1633,1781099987.103942,normal
1634,1781099987.105427,normal
1635,1781099987.107221,normal
1636,1781099987.109195,normal
1637,1781099987.111519,normal
1638,1781099987.113357,normal
1639,1781099987.115027,syn_flood
1640,1781099987.116928,normal
1641,1781099987.118693,normal
1642,1781099987.120312,normal
1643,1781099987.121935,normal
1644,1781099987.123854,syn_flood
1645,1781099987.125679,normal
1646,1781099987.127254,normal
1647,1781099987.128335,syn_flood
1648,1781099987.130682,normal
1649,1781099987.132054,http_flood
1650,1781099987.133768,normal
1651,1781099987.135193,normal
1652,1781099987.136932,normal
1653,1781099987.138132,normal
1654,1781099987.139949,normal
1655,1781099987.141496,syn_flood
1656,1781099987.143341,http_flood
1657,1781099987.144744,syn_flood
1658,1781099987.146266,normal
1659,1781099987.147880,udp_reflection
1660,1781099987.149862,normal
1661,1781099987.153386,normal
1662,1781099987.155232,syn_flood
1663,1781099987.156767,syn_flood
1664,1781099987.158826,udp_reflection
1665,1781099987.160612,normal
1666,1781099987.162252,normal
1667,1781099987.163893,syn_flood
1668,1781099987.165846,normal
1669,1781099987.168125,udp_reflection
1670,1781099987.169838,normal
1671,1781099987.172021,syn_flood
1672,1781099987.173744,normal
1673,1781099987.175868,udp_reflection
1674,1781099987.177322,normal
1675,1781099987.178446,normal
1676,1781099987.180291,normal
1677,1781099987.181911,normal
1678,1781099987.184117,normal
1679,1781099987.186068,normal
1680,1781099987.188613,normal
1681,1781099987.190525,normal
1682,1781099987.191972,normal
1683,1781099987.194080,normal
1684,1781099987.195697,normal
1685,1781099987.197463,normal
1686,1781099987.199777,normal
1687,1781099987.201582,syn_flood
1688,1781099987.203615,normal
1689,1781099987.205148,normal
1690,1781099987.206718,normal
1691,1781099987.208765,normal
1692,1781099987.211562,normal
1693,1781099987.213441,http_flood
1694,1781099987.216044,normal
1695,1781099987.217725,normal
1696,1781099987.219241,normal
1697,1781099987.220393,normal
1698,1781099987.221845,normal
1699,1781099987.223585,syn_flood
1700,1781099987.224956,normal
1701,1781099987.226649,normal
1702,1781099987.228587,udp_reflection
1703,1781099987.230042,syn_flood
1704,1781099987.231528,syn_flood
1705,1781099987.232783,normal
1706,1781099987.234962,syn_flood
1707,1781099987.236699,syn_flood
1708,1781099987.237849,normal
1709,1781099987.239089,normal
1710,1781099987.241622,normal
1711,1781099987.244019,normal
1712,1781099987.245541,normal
1713,1781099987.247103,normal
1714,1781099987.249122,normal
1715,1781099987.250546,udp_reflection
1716,1781099987.252082,normal
1717,1781099987.253695,normal
1718,1781099987.255906,normal
1719,1781099987.257779,normal
1720,1781099987.258924,normal
1721,1781099987.260303,normal
1722,1781099987.262098,normal
1723,1781099987.263379,normal
1724,1781099987.265028,normal
1725,1781099987.266304,udp_reflection
1726,1781099987.267652,normal
1727,1781099987.269008,normal
1728,1781099987.270570,syn_flood
1729,1781099987.272998,normal
1730,1781099987.274495,normal
1731,1781099987.276190,normal
1732,1781099987.277599,normal
1733,1781099987.279042,http_flood
1734,1781099987.280266,normal
1735,1781099987.282532,normal
1736,1781099987.284216,normal
1737,1781099987.286926,normal
1738,1781099987.288942,normal
1739,1781099987.291531,syn_flood
1740,1781099987.292847,normal
1741,1781099987.294612,normal
1742,1781099987.296056,normal
1743,1781099987.297551,normal
1744,1781099987.299328,normal
1745,1781099987.300900,normal
1746,1781099987.302318,normal
1747,1781099987.304292,normal
1748,1781099987.305608,normal
1749,1781099987.307229,http_flood
1750,1781099987.309551,normal
1751,1781099987.311282,normal
1752,1781099987.313678,normal
1753,1781099987.315568,normal
1754,1781099987.317724,normal
1755,1781099987.319447,normal
1756,1781099987.321335,syn_flood
1757,1781099987.323041,normal
1758,1781099987.324749,normal
1759,1781099987.327032,normal
1760,1781099987.328449,normal
1761,1781099987.331123,udp_reflection
1762,1781099987.332983,normal
1763,1781099987.334974,normal
1764,1781099987.335922,normal
1765,1781099987.337917,normal
1766,1781099987.339927,normal
1767,1781099987.341549,normal
1768,1781099987.342881,normal
1769,1781099987.344384,normal
1770,1781099987.346725,udp_reflection
1771,1781099987.348434,normal
1772,1781099987.350267,normal
1773,1781099987.352035,normal
1774,1781099987.353603,normal
1775,1781099987.355878,normal
1776,1781099987.357816,syn_flood
1777,1781099987.359983,normal
1778,1781099987.361611,normal
1779,1781099987.362959,syn_flood
1780,1781099987.364671,normal
1781,1781099987.366261,normal
1782,1781099987.368210,normal
1783,1781099987.369376,normal
1784,1781099987.371102,normal
1785,1781099987.372606,normal
1786,1781099987.375057,normal
1787,1781099987.377163,normal
1788,1781099987.379349,udp_reflection
1789,1781099987.380900,normal
1790,1781099987.382743,udp_reflection
1791,1781099987.384121,normal
1792,1781099987.385623,udp_reflection
1793,1781099987.386720,syn_flood
1794,1781099987.388309,normal
1795,1781099987.390434,normal
1796,1781099987.391908,normal
1797,1781099987.393199,normal
1798,1781099987.394830,normal
1799,1781099987.396554,normal
1800,1781099987.398932,http_flood
1801,1781099987.401271,normal
1802,1781099987.402946,normal
1803,1781099987.404409,udp_reflection
1804,1781099987.406827,normal
1805,1781099987.408209,normal
1806,1781099987.409604,normal
1807,1781099987.411748,normal
1808,1781099987.413538,normal
1809,1781099987.415450,udp_reflection
1810,1781099987.416915,normal
1811,1781099987.418398,normal
1812,1781099987.419854,normal
1813,1781099987.421659,normal
1814,1781099987.423106,normal
1815,1781099987.425203,normal
1816,1781099987.426997,normal
1817,1781099987.428896,normal
1818,1781099987.431609,normal
1819,1781099987.433408,normal
1820,1781099987.435721,normal
1821,1781099987.437308,udp_reflection
1822,1781099987.439049,normal
1823,1781099987.440303,normal
1824,1781099987.441622,udp_reflection
1825,1781099987.443388,normal
1826,1781099987.444593,http_flood
1827,1781099987.445798,normal
1828,1781099987.447696,syn_flood
1829,1781099987.449881,syn_flood
1830,1781099987.451706,normal
1831,1781099987.453622,normal
1832,1781099987.455247,normal
1833,1781099987.457583,normal
1834,1781099987.459271,syn_flood
1835,1781099987.461419,normal
1836,1781099987.463758,normal
1837,1781099987.465260,normal
1838,1781099987.467398,syn_flood
1839,1781099987.469421,normal
1840,1781099987.471240,normal
1841,1781099987.473604,syn_flood
1842,1781099987.475173,udp_reflection
1843,1781099987.477024,normal
1844,1781099987.478720,normal
1845,1781099987.480115,normal
1846,1781099987.481873,syn_flood
1847,1781099987.483170,normal
1848,1781099987.484711,normal
1849,1781099987.487062,http_flood
1850,1781099987.488559,normal
1851,1781099987.490716,normal
1852,1781099987.492230,normal
1853,1781099987.493960,normal
1854,1781099987.496126,normal
1855,1781099987.498107,normal
1856,1781099987.499519,normal
1857,1781099987.501750,http_flood
1858,1781099987.503937,syn_flood
1859,1781099987.505592,normal
1860,1781099987.507207,normal
1861,1781099987.508839,syn_flood
1862,1781099987.510697,normal
1863,1781099987.512079,normal
1864,1781099987.514296,normal
1865,1781099987.515868,normal
1866,1781099987.517673,normal
1867,1781099987.520178,normal
1868,1781099987.522266,syn_flood
1869,1781099987.524358,syn_flood
1870,1781099987.525899,syn_flood
1871,1781099987.528336,normal
1872,1781099987.529729,normal
1873,1781099987.531433,udp_reflection
1874,1781099987.532746,normal
1875,1781099987.534309,normal
1876,1781099987.536067,syn_flood
1877,1781099987.537535,normal
1878,1781099987.539289,normal
1879,1781099987.540654,normal
1880,1781099987.542901,normal
1881,1781099987.544598,normal
1882,1781099987.546259,normal
1883,1781099987.548431,syn_flood
1884,1781099987.549854,normal
1885,1781099987.551588,normal
1886,1781099987.553513,normal
1887,1781099987.555067,normal
1888,1781099987.556962,normal
1889,1781099987.558506,normal
1890,1781099987.560646,normal
1891,1781099987.562648,normal
1892,1781099987.564487,normal
1893,1781099987.565893,normal
1894,1781099987.567649,normal
1895,1781099987.569053,normal
1896,1781099987.571109,normal
1897,1781099987.572983,normal
1898,1781099987.574341,normal
1899,1781099987.575948,normal
1900,1781099987.578077,normal
1901,1781099987.579842,normal
1902,1781099987.581503,normal
1903,1781099987.583761,normal
1904,1781099987.585466,normal
1905,1781099987.587815,syn_flood
1906,1781099987.589253,normal
1907,1781099987.590456,normal
1908,1781099987.591919,normal
1909,1781099987.593986,normal
1910,1781099987.595607,normal
1911,1781099987.597360,normal
1912,1781099987.599607,normal
1913,1781099987.602013,syn_flood
1914,1781099987.604487,syn_flood
1915,1781099987.606238,normal
1916,1781099987.607808,normal
1917,1781099987.609300,syn_flood
1918,1781099987.610409,normal
1919,1781099987.612078,normal
1920,1781099987.613484,normal
1921,1781099987.615222,syn_flood
1922,1781099987.616915,udp_reflection
1923,1781099987.618856,normal
1924,1781099987.620013,normal
1925,1781099987.621380,normal
1926,1781099987.623710,normal
1927,1781099987.625262,normal
1928,1781099987.626838,normal
1929,1781099987.628303,normal
1930,1781099987.630154,http_flood
1931,1781099987.631367,normal
1932,1781099987.632693,normal
1933,1781099987.633830,normal
1934,1781099987.635935,normal
1935,1781099987.637498,normal
1936,1781099987.639395,normal
1937,1781099987.641216,normal
1938,1781099987.643096,normal
1939,1781099987.643973,normal
1940,1781099987.646034,udp_reflection
1941,1781099987.647487,normal
1942,1781099987.650033,normal
1943,1781099987.651451,normal
1944,1781099987.653920,normal
1945,1781099987.655669,normal
1946,1781099987.657643,normal
1947,1781099987.659375,normal
1948,1781099987.661821,syn_flood
1949,1781099987.663549,normal
1950,1781099987.665262,normal
1951,1781099987.667278,normal
1952,1781099987.668633,normal
1953,1781099987.670181,syn_flood
1954,1781099987.672363,normal
1955,1781099987.674495,normal
1956,1781099987.676386,normal
1957,1781099987.677924,normal
1958,1781099987.680205,normal
1959,1781099987.682459,normal
1960,1781099987.684717,normal
1961,1781099987.686958,normal
1962,1781099987.688755,udp_reflection
1963,1781099987.690318,normal
1964,1781099987.691617,normal
1965,1781099987.692810,normal
1966,1781099987.695544,normal
1967,1781099987.697474,normal
1968,1781099987.699276,normal
1969,1781099987.701273,normal
1970,1781099987.702794,normal
1971,1781099987.704820,normal
1972,1781099987.706472,normal
1973,1781099987.709268,syn_flood
1974,1781099987.710999,udp_reflection
1975,1781099987.712653,normal
1976,1781099987.713923,normal
1977,1781099987.715527,syn_flood
1978,1781099987.717897,normal
1979,1781099987.719279,normal
1980,1781099987.720670,normal
1981,1781099987.723249,normal
1982,1781099987.724156,syn_flood
1983,1781099987.725715,syn_flood
1984,1781099987.727162,syn_flood
1985,1781099987.729445,normal
1986,1781099987.731082,syn_flood
1987,1781099987.732702,normal
1988,1781099987.734412,normal
1989,1781099987.736187,normal
1990,1781099987.737402,normal
1991,1781099987.738912,normal
1992,1781099987.740371,normal
1993,1781099987.742328,syn_flood
1994,1781099987.744289,normal
1995,1781099987.745746,udp_reflection
1996,1781099987.747889,syn_flood
1997,1781099987.749486,normal
1998,1781099987.751356,normal
1999,1781099987.753066,normal
2000,1781099987.754313,normal
2001,1781099987.756612,normal
2002,1781099987.758148,normal
2003,1781099987.761367,normal
2004,1781099987.762970,normal
2005,1781099987.764350,normal
2006,1781099987.765524,normal
2007,1781099987.766992,normal
2008,1781099987.768729,normal
2009,1781099987.770234,normal
2010,1781099987.771590,normal
2011,1781099987.773475,normal
2012,1781099987.775285,normal
2013,1781099987.776751,normal
2014,1781099987.778445,syn_flood
2015,1781099987.779916,normal
2016,1781099987.781464,syn_flood
2017,1781099987.783272,syn_flood
2018,1781099987.785436,normal
2019,1781099987.787871,normal
2020,1781099987.789212,normal
2021,1781099987.791015,normal
2022,1781099987.792468,syn_flood
2023,1781099987.794050,normal
2024,1781099987.796113,normal
2025,1781099987.797727,normal
2026,1781099987.799687,normal
2027,1781099987.801262,normal
2028,1781099987.802400,normal
2029,1781099987.803917,normal
2030,1781099987.805547,syn_flood
2031,1781099987.806907,normal
2032,1781099987.808631,normal
2033,1781099987.810117,syn_flood
2034,1781099987.812051,normal
2035,1781099987.813482,normal
2036,1781099987.815125,normal
2037,1781099987.817024,syn_flood
2038,1781099987.818818,normal
2039,1781099987.820341,normal
2040,1781099987.822040,normal
2041,1781099987.823705,normal
2042,1781099987.825103,syn_flood
2043,1781099987.826724,normal
2044,1781099987.828264,normal
2045,1781099987.829677,normal
2046,1781099987.831278,normal
2047,1781099987.832819,normal
2048,1781099987.834536,normal
2049,1781099987.837201,syn_flood
2050,1781099987.839031,normal
2051,1781099987.840842,normal
2052,1781099987.842310,normal
2053,1781099987.844541,normal
2054,1781099987.846372,http_flood
2055,1781099987.848671,normal
2056,1781099987.850185,normal
2057,1781099987.852448,normal
2058,1781099987.854261,normal
2059,1781099987.856128,normal
2060,1781099987.857816,normal
2061,1781099987.859238,normal
2062,1781099987.860702,normal
2063,1781099987.862594,udp_reflection
2064,1781099987.863805,normal
2065,1781099987.865065,normal
2066,1781099987.867438,normal
2067,1781099987.869497,normal
2068,1781099987.871395,normal
2069,1781099987.873497,normal
2070,1781099987.875029,normal
2071,1781099987.877120,syn_flood
2072,1781099987.878523,syn_flood
2073,1781099987.880021,normal
2074,1781099987.881504,normal
2075,1781099987.883694,syn_flood
2076,1781099987.886403,normal
2077,1781099987.888039,normal
2078,1781099987.889555,normal
2079,1781099987.890733,normal
2080,1781099987.892185,syn_flood
2081,1781099987.893810,normal
2082,1781099987.895024,normal
2083,1781099987.897038,normal
2084,1781099987.898714,normal
2085,1781099987.900563,normal
2086,1781099987.903481,normal
2087,1781099987.904699,normal
2088,1781099987.906911,normal
2089,1781099987.908459,normal
2090,1781099987.910228,normal
2091,1781099987.912321,normal
2092,1781099987.913591,normal
2093,1781099987.915215,normal
2094,1781099987.916366,syn_flood
2095,1781099987.917955,syn_flood
2096,1781099987.919157,normal
2097,1781099987.920823,normal
2098,1781099987.922618,normal
2099,1781099987.923673,normal
2100,1781099987.925581,normal
2101,1781099987.926922,normal
2102,1781099987.928372,syn_flood
2103,1781099987.929974,normal
2104,1781099987.931913,normal
2105,1781099987.933924,http_flood
2106,1781099987.935152,syn_flood
2107,1781099987.936303,normal
2108,1781099987.937962,syn_flood
2109,1781099987.940000,normal
2110,1781099987.941450,normal
2111,1781099987.943626,normal
2112,1781099987.945359,syn_flood
2113,1781099987.947104,normal
2114,1781099987.949503,udp_reflection
2115,1781099987.950747,normal
2116,1781099987.951745,normal
2117,1781099987.953248,normal
2118,1781099987.955045,normal
2119,1781099987.956850,normal
2120,1781099987.959250,normal
2121,1781099987.960990,normal
2122,1781099987.963291,normal
2123,1781099987.964934,normal
2124,1781099987.966695,normal
2125,1781099987.968163,normal
2126,1781099987.969949,normal
2127,1781099987.971174,normal
2128,1781099987.973671,syn_flood
2129,1781099987.975153,normal
2130,1781099987.976751,syn_flood
2131,1781099987.978388,normal
2132,1781099987.980705,normal
2133,1781099987.982282,syn_flood
2134,1781099987.984396,normal
2135,1781099987.986517,normal
2136,1781099987.988758,normal
2137,1781099987.990824,syn_flood
2138,1781099987.992170,normal
2139,1781099987.994101,normal
2140,1781099987.996202,syn_flood
2141,1781099987.998030,normal
2142,1781099988.000121,syn_flood
2143,1781099988.001687,normal
2144,1781099988.003291,normal
2145,1781099988.005305,normal
2146,1781099988.006460,normal
2147,1781099988.007677,normal
2148,1781099988.009073,normal
2149,1781099988.010581,syn_flood
2150,1781099988.012187,normal
2151,1781099988.014405,normal
2152,1781099988.016103,normal
2153,1781099988.017451,normal
2154,1781099988.019823,normal
2155,1781099988.021586,normal
2156,1781099988.022667,normal
2157,1781099988.023701,normal
2158,1781099988.025997,normal
2159,1781099988.028275,normal
2160,1781099988.029830,normal
2161,1781099988.031726,normal
2162,1781099988.033507,normal
2163,1781099988.034851,normal
2164,1781099988.036963,normal
2165,1781099988.038611,normal
2166,1781099988.041185,http_flood
2167,1781099988.042970,normal
2168,1781099988.044826,normal
2169,1781099988.047413,normal
2170,1781099988.049722,syn_flood
2171,1781099988.051259,normal
2172,1781099988.053478,normal
2173,1781099988.054838,normal
2174,1781099988.057206,syn_flood
2175,1781099988.059050,normal
2176,1781099988.060649,normal
2177,1781099988.062284,syn_flood
2178,1781099988.064071,syn_flood
2179,1781099988.065799,syn_flood
2180,1781099988.068158,syn_flood
2181,1781099988.069705,normal
2182,1781099988.071398,normal
2183,1781099988.074202,udp_reflection
2184,1781099988.076014,normal
2185,1781099988.077681,normal
2186,1781099988.078980,syn_flood
2187,1781099988.080676,normal
2188,1781099988.082843,syn_flood
2189,1781099988.085090,normal
2190,1781099988.086413,normal
2191,1781099988.087867,normal
2192,1781099988.089503,normal
2193,1781099988.090488,normal
2194,1781099988.092110,normal
2195,1781099988.094112,normal
2196,1781099988.095304,udp_reflection
2197,1781099988.096530,normal
2198,1781099988.097770,syn_flood
2199,1781099988.100450,normal
2200,1781099988.102516,normal
2201,1781099988.104403,normal
2202,1781099988.106627,normal
2203,1781099988.107887,normal
2204,1781099988.109211,normal
2205,1781099988.110794,normal
2206,1781099988.112056,normal
2207,1781099988.113480,normal
2208,1781099988.114489,normal
2209,1781099988.116487,udp_reflection
2210,1781099988.118222,normal
2211,1781099988.119758,syn_flood
2212,1781099988.121183,syn_flood
2213,1781099988.122922,normal
2214,1781099988.125401,normal
2215,1781099988.127117,normal
2216,1781099988.128938,syn_flood
2217,1781099988.130507,normal
2218,1781099988.132040,syn_flood
2219,1781099988.133621,normal
2220,1781099988.135458,normal
2221,1781099988.137388,normal
2222,1781099988.139101,normal
2223,1781099988.140678,syn_flood
2224,1781099988.142316,normal
2225,1781099988.143931,normal
2226,1781099988.145341,normal
2227,1781099988.147470,normal
2228,1781099988.148952,normal
2229,1781099988.150080,normal
2230,1781099988.152126,normal
2231,1781099988.153558,normal
2232,1781099988.155517,normal
2233,1781099988.157177,normal
2234,1781099988.159003,udp_reflection
2235,1781099988.161594,syn_flood
2236,1781099988.163351,normal
2237,1781099988.165934,normal
2238,1781099988.167179,syn_flood
2239,1781099988.168629,udp_reflection
2240,1781099988.170435,udp_reflection
2241,1781099988.172529,normal
2242,1781099988.174644,syn_flood
2243,1781099988.176985,normal
2244,1781099988.179274,normal
2245,1781099988.180786,normal
2246,1781099988.181852,normal
2247,1781099988.183128,syn_flood
2248,1781099988.184678,normal
2249,1781099988.186478,normal
2250,1781099988.188680,normal
2251,1781099988.190705,normal
2252,1781099988.192489,normal
2253,1781099988.194176,normal
2254,1781099988.195919,normal
2255,1781099988.197550,normal
2256,1781099988.199306,normal
2257,1781099988.200883,normal
2258,1781099988.202674,normal
2259,1781099988.204267,normal
2260,1781099988.205747,syn_flood
2261,1781099988.206944,normal
2262,1781099988.208227,syn_flood
2263,1781099988.210480,syn_flood
2264,1781099988.212510,normal
2265,1781099988.214603,normal
2266,1781099988.217019,normal
2267,1781099988.218816,normal
2268,1781099988.220731,normal
2269,1781099988.222325,normal
2270,1781099988.224309,normal
2271,1781099988.225388,syn_flood
2272,1781099988.227569,normal
2273,1781099988.229038,normal
2274,1781099988.231402,normal
2275,1781099988.232859,normal
2276,1781099988.234384,syn_flood
2277,1781099988.236285,udp_reflection
2278,1781099988.237995,normal
2279,1781099988.239510,syn_flood
2280,1781099988.240873,normal
2281,1781099988.242406,http_flood
2282,1781099988.244338,http_flood
2283,1781099988.246737,normal
2284,1781099988.248180,normal
2285,1781099988.249931,normal
2286,1781099988.251333,normal
2287,1781099988.253676,normal
2288,1781099988.255586,syn_flood
2289,1781099988.257866,normal
2290,1781099988.260014,normal
2291,1781099988.262268,normal
2292,1781099988.264229,normal
2293,1781099988.265398,normal
2294,1781099988.267176,normal
2295,1781099988.269097,normal
2296,1781099988.271111,syn_flood
2297,1781099988.272815,normal
2298,1781099988.275586,normal
2299,1781099988.276522,normal
2300,1781099988.278187,normal
2301,1781099988.279353,normal
2302,1781099988.281539,normal
2303,1781099988.282959,normal
2304,1781099988.284420,syn_flood
2305,1781099988.286178,syn_flood
2306,1781099988.287947,http_flood
2307,1781099988.289412,normal
2308,1781099988.290792,syn_flood
2309,1781099988.292743,normal
2310,1781099988.294535,syn_flood
2311,1781099988.295748,syn_flood
2312,1781099988.297306,normal
2313,1781099988.298763,normal
2314,1781099988.300702,udp_reflection
2315,1781099988.302973,normal
2316,1781099988.305190,udp_reflection
2317,1781099988.307694,udp_reflection
2318,1781099988.309488,syn_flood
2319,1781099988.311478,normal
2320,1781099988.313303,syn_flood
2321,1781099988.315074,syn_flood
2322,1781099988.317213,normal
2323,1781099988.319089,normal
2324,1781099988.321169,normal
2325,1781099988.322612,normal
2326,1781099988.324350,normal
2327,1781099988.326371,normal
2328,1781099988.328057,udp_reflection
2329,1781099988.329720,normal
2330,1781099988.331294,normal
2331,1781099988.333107,normal
2332,1781099988.334694,normal
2333,1781099988.335754,normal
2334,1781099988.337846,syn_flood
2335,1781099988.338881,normal
2336,1781099988.340282,normal
2337,1781099988.341857,normal
2338,1781099988.343667,normal
2339,1781099988.345614,normal
2340,1781099988.346955,normal
2341,1781099988.348314,syn_flood
2342,1781099988.349874,normal
2343,1781099988.350712,normal
2344,1781099988.352136,http_flood
2345,1781099988.353343,normal
2346,1781099988.355455,normal
2347,1781099988.357410,normal
2348,1781099988.358954,normal
2349,1781099988.360447,normal
2350,1781099988.362201,normal
2351,1781099988.364169,normal
2352,1781099988.365556,normal
2353,1781099988.367659,udp_reflection
2354,1781099988.369057,normal
2355,1781099988.370385,normal
2356,1781099988.372883,normal
2357,1781099988.375180,normal
2358,1781099988.377340,normal
2359,1781099988.379141,normal
2360,1781099988.381166,normal
2361,1781099988.383003,http_flood
2362,1781099988.384760,syn_flood
2363,1781099988.386006,normal
2364,1781099988.387938,normal
2365,1781099988.389994,normal
2366,1781099988.392150,normal
2367,1781099988.394279,normal
2368,1781099988.396092,normal
2369,1781099988.398069,syn_flood
2370,1781099988.399502,syn_flood
2371,1781099988.401256,normal
2372,1781099988.403283,syn_flood
2373,1781099988.404882,normal
2374,1781099988.406430,normal
2375,1781099988.408800,udp_reflection
2376,1781099988.410687,syn_flood
2377,1781099988.412729,normal
2378,1781099988.414469,normal
2379,1781099988.415931,normal
2380,1781099988.417342,normal
2381,1781099988.418694,normal
2382,1781099988.419630,normal
2383,1781099988.421150,syn_flood
2384,1781099988.422463,normal
2385,1781099988.424300,normal
2386,1781099988.425798,normal
2387,1781099988.428092,http_flood
2388,1781099988.430716,syn_flood
2389,1781099988.432256,syn_flood
2390,1781099988.433799,normal
2391,1781099988.435126,normal
2392,1781099988.437342,normal
2393,1781099988.438969,normal
2394,1781099988.441339,normal
2395,1781099988.443195,normal
2396,1781099988.445112,normal
2397,1781099988.447620,syn_flood
2398,1781099988.449009,normal
2399,1781099988.450447,normal
2400,1781099988.451660,normal
2401,1781099988.453613,syn_flood
2402,1781099988.455205,normal
2403,1781099988.456860,syn_flood
2404,1781099988.458767,normal
2405,1781099988.460582,normal
2406,1781099988.462023,normal
2407,1781099988.463383,normal
2408,1781099988.464668,normal
2409,1781099988.465858,normal
2410,1781099988.467451,normal
2411,1781099988.469276,http_flood
2412,1781099988.471136,normal
2413,1781099988.472606,normal
2414,1781099988.473936,syn_flood
2415,1781099988.475215,normal
2416,1781099988.476428,normal
2417,1781099988.478337,syn_flood
2418,1781099988.479868,normal
2419,1781099988.481879,normal
2420,1781099988.483135,normal
2421,1781099988.484362,normal
2422,1781099988.486293,normal
2423,1781099988.488025,normal
2424,1781099988.489356,normal
2425,1781099988.490811,normal
2426,1781099988.492788,normal
2427,1781099988.493910,normal
2428,1781099988.495066,normal
2429,1781099988.496413,normal
2430,1781099988.498348,normal
2431,1781099988.499875,normal
2432,1781099988.501415,syn_flood
2433,1781099988.503739,normal
2434,1781099988.505477,syn_flood
2435,1781099988.507246,normal
2436,1781099988.508446,normal
2437,1781099988.509831,normal
2438,1781099988.511879,normal
2439,1781099988.514319,syn_flood
2440,1781099988.516710,normal
2441,1781099988.519002,normal
2442,1781099988.520155,udp_reflection
2443,1781099988.521872,syn_flood
2444,1781099988.523951,normal
2445,1781099988.525756,normal
2446,1781099988.527677,normal
2447,1781099988.528965,normal
2448,1781099988.530567,normal
2449,1781099988.532173,normal
2450,1781099988.534014,normal
2451,1781099988.535555,normal
2452,1781099988.537190,syn_flood
2453,1781099988.539716,syn_flood
2454,1781099988.541248,normal
2455,1781099988.542220,syn_flood
2456,1781099988.543622,normal
2457,1781099988.545671,normal
2458,1781099988.547038,normal
2459,1781099988.548657,http_flood
2460,1781099988.549805,normal
2461,1781099988.551598,normal
2462,1781099988.552799,normal
2463,1781099988.554494,syn_flood
2464,1781099988.555948,normal
2465,1781099988.557934,normal
2466,1781099988.559939,normal
2467,1781099988.562100,normal
2468,1781099988.563617,normal
2469,1781099988.565047,normal
2470,1781099988.567199,syn_flood
2471,1781099988.568851,normal
2472,1781099988.570534,normal
2473,1781099988.572557,normal
2474,1781099988.574568,normal
2475,1781099988.576322,syn_flood
2476,1781099988.578031,normal
2477,1781099988.579614,normal
2478,1781099988.582010,normal
2479,1781099988.583876,normal
2480,1781099988.586198,normal
2481,1781099988.588463,normal
2482,1781099988.589550,normal
2483,1781099988.591460,normal
2484,1781099988.593538,normal
2485,1781099988.595617,normal
2486,1781099988.597090,normal
2487,1781099988.598321,normal
2488,1781099988.599733,udp_reflection
2489,1781099988.601239,syn_flood
2490,1781099988.602713,syn_flood
2491,1781099988.603663,normal
2492,1781099988.605830,syn_flood
2493,1781099988.608281,normal
2494,1781099988.610171,normal
2495,1781099988.611710,syn_flood
2496,1781099988.613935,syn_flood
2497,1781099988.615469,syn_flood
2498,1781099988.617011,normal
2499,1781099988.618878,normal
2500,1781099988.621318,syn_flood
2501,1781099988.623251,syn_flood
2502,1781099988.625543,normal
2503,1781099988.627731,normal
2504,1781099988.630397,normal
2505,1781099988.632011,syn_flood
2506,1781099988.633273,normal
2507,1781099988.635715,normal
2508,1781099988.636902,normal
2509,1781099988.638341,normal
2510,1781099988.640243,normal
2511,1781099988.641879,normal
2512,1781099988.643533,normal
2513,1781099988.645032,normal
2514,1781099988.646763,syn_flood
2515,1781099988.648432,syn_flood
2516,1781099988.650258,normal
2517,1781099988.652263,syn_flood
2518,1781099988.654135,normal
2519,1781099988.655957,normal
2520,1781099988.657694,normal
2521,1781099988.659292,normal
2522,1781099988.660651,udp_reflection
2523,1781099988.662406,normal
2524,1781099988.664170,normal
2525,1781099988.665478,normal
2526,1781099988.667174,normal
2527,1781099988.668861,normal
2528,1781099988.671376,syn_flood
2529,1781099988.673007,normal
2530,1781099988.675069,normal
2531,1781099988.676903,normal
2532,1781099988.678690,normal
2533,1781099988.680217,normal
2534,1781099988.681333,normal
2535,1781099988.682777,normal
2536,1781099988.683964,normal
2537,1781099988.686341,normal
2538,1781099988.687964,normal
2539,1781099988.689805,normal
2540,1781099988.691440,normal
2541,1781099988.693188,normal
2542,1781099988.694942,syn_flood
2543,1781099988.696610,normal
2544,1781099988.699402,normal
2545,1781099988.700814,normal
2546,1781099988.702803,normal
2547,1781099988.705424,normal
2548,1781099988.707622,normal
2549,1781099988.709131,normal
2550,1781099988.711507,normal
2551,1781099988.713149,normal
2552,1781099988.714430,normal
2553,1781099988.716224,normal
2554,1781099988.717936,syn_flood
2555,1781099988.719381,normal
2556,1781099988.720699,normal
2557,1781099988.722303,normal
2558,1781099988.724532,normal
2559,1781099988.725950,udp_reflection
2560,1781099988.727534,normal
2561,1781099988.730001,syn_flood
2562,1781099988.731291,normal
2563,1781099988.732731,normal
2564,1781099988.734465,normal
2565,1781099988.736158,normal
2566,1781099988.738329,normal
2567,1781099988.739931,normal
2568,1781099988.741391,normal
2569,1781099988.743610,normal
2570,1781099988.745124,normal
2571,1781099988.746840,syn_flood
2572,1781099988.748291,normal
2573,1781099988.749826,normal
2574,1781099988.751917,normal
2575,1781099988.753270,syn_flood
2576,1781099988.754843,normal
2577,1781099988.756683,normal
2578,1781099988.758304,normal
2579,1781099988.760002,normal
2580,1781099988.761389,normal
2581,1781099988.763449,normal
2582,1781099988.764716,normal
2583,1781099988.766178,syn_flood
2584,1781099988.767610,normal
2585,1781099988.769344,syn_flood
2586,1781099988.770844,normal
2587,1781099988.772746,normal
2588,1781099988.774815,syn_flood
2589,1781099988.776602,normal
2590,1781099988.779830,normal
2591,1781099988.781768,normal
2592,1781099988.784384,normal
2593,1781099988.786023,normal
2594,1781099988.787870,normal
2595,1781099988.788958,normal
2596,1781099988.790827,normal
2597,1781099988.792434,normal
2598,1781099988.794216,normal
2599,1781099988.795415,normal
2600,1781099988.797818,normal
2601,1781099988.799247,syn_flood
2602,1781099988.800955,normal
2603,1781099988.802252,syn_flood
2604,1781099988.803300,syn_flood
2605,1781099988.805289,normal
2606,1781099988.806988,normal
2607,1781099988.808865,normal
2608,1781099988.810098,normal
2609,1781099988.811281,normal
2610,1781099988.812867,syn_flood
2611,1781099988.814000,syn_flood
2612,1781099988.815952,normal
2613,1781099988.817765,normal
2614,1781099988.818853,normal
2615,1781099988.821116,normal
2616,1781099988.822678,normal
2617,1781099988.824906,normal
2618,1781099988.826535,normal
2619,1781099988.827817,normal
2620,1781099988.829464,http_flood
2621,1781099988.831419,udp_reflection
2622,1781099988.833821,normal
2623,1781099988.835496,normal
2624,1781099988.836745,normal
2625,1781099988.838686,http_flood
2626,1781099988.839906,normal
2627,1781099988.841967,normal
2628,1781099988.843506,syn_flood
2629,1781099988.845109,normal
2630,1781099988.846671,syn_flood
2631,1781099988.848112,normal
2632,1781099988.850390,normal
2633,1781099988.852199,normal
2634,1781099988.853617,normal
2635,1781099988.855436,syn_flood
2636,1781099988.857736,normal
2637,1781099988.859620,normal
2638,1781099988.861664,normal
2639,1781099988.863222,normal
2640,1781099988.865194,syn_flood
2641,1781099988.866931,syn_flood
2642,1781099988.868018,normal
2643,1781099988.869064,normal
2644,1781099988.870612,http_flood
2645,1781099988.872146,normal
2646,1781099988.874446,normal
2647,1781099988.876340,normal
2648,1781099988.878667,normal
2649,1781099988.881092,normal
2650,1781099988.882262,normal
2651,1781099988.883567,normal
2652,1781099988.884748,normal
2653,1781099988.887548,normal
2654,1781099988.889691,normal
2655,1781099988.892152,normal
2656,1781099988.893870,normal
2657,1781099988.895977,normal
2658,1781099988.898302,syn_flood
2659,1781099988.900407,normal
2660,1781099988.902130,normal
2661,1781099988.903779,normal
2662,1781099988.906026,normal
2663,1781099988.907302,syn_flood
2664,1781099988.909295,normal
2665,1781099988.911184,normal
2666,1781099988.912643,normal
2667,1781099988.914256,normal
2668,1781099988.915492,normal
2669,1781099988.916890,http_flood
2670,1781099988.918908,http_flood
2671,1781099988.920214,syn_flood
2672,1781099988.921837,udp_reflection
2673,1781099988.923544,syn_flood
2674,1781099988.925105,normal
2675,1781099988.927394,normal
2676,1781099988.928859,syn_flood
2677,1781099988.931176,syn_flood
2678,1781099988.932890,normal
2679,1781099988.935474,normal
2680,1781099988.936875,normal
2681,1781099988.938794,normal
2682,1781099988.940483,syn_flood
2683,1781099988.942364,normal
2684,1781099988.944347,normal
2685,1781099988.946313,normal
2686,1781099988.948066,normal
2687,1781099988.949933,syn_flood
2688,1781099988.951232,normal
2689,1781099988.952457,syn_flood
2690,1781099988.953950,normal
2691,1781099988.955845,normal
2692,1781099988.956892,normal
2693,1781099988.958937,normal
2694,1781099988.961564,normal
2695,1781099988.962986,normal
2696,1781099988.964811,normal
2697,1781099988.966007,normal
2698,1781099988.967483,normal
2699,1781099988.969602,normal
2700,1781099988.971780,normal
2701,1781099988.973222,syn_flood
2702,1781099988.974655,normal
2703,1781099988.976595,normal
2704,1781099988.978412,syn_flood
2705,1781099988.979923,http_flood
2706,1781099988.981365,normal
2707,1781099988.982674,normal
2708,1781099988.984883,normal
2709,1781099988.986204,normal
2710,1781099988.987668,normal
2711,1781099988.989635,normal
2712,1781099988.990953,normal
2713,1781099988.993165,udp_reflection
2714,1781099988.994695,normal
2715,1781099988.996523,normal
2716,1781099988.998696,udp_reflection
2717,1781099989.000181,normal
2718,1781099989.001524,normal
2719,1781099989.003610,normal
2720,1781099989.005666,normal
2721,1781099989.007602,normal
2722,1781099989.010478,normal
2723,1781099989.011766,normal
2724,1781099989.013346,normal
2725,1781099989.014901,normal
2726,1781099989.016446,normal
2727,1781099989.018004,normal
2728,1781099989.019489,udp_reflection
2729,1781099989.020909,normal
2730,1781099989.022295,normal
2731,1781099989.024341,normal
2732,1781099989.025921,http_flood
2733,1781099989.028211,http_flood
2734,1781099989.030432,udp_reflection
2735,1781099989.031722,normal
2736,1781099989.033267,syn_flood
2737,1781099989.035475,normal
2738,1781099989.037457,normal
2739,1781099989.038844,normal
2740,1781099989.040243,http_flood
2741,1781099989.042154,normal
2742,1781099989.044644,normal
2743,1781099989.046043,normal
2744,1781099989.047883,normal
2745,1781099989.049407,normal
2746,1781099989.050614,normal
2747,1781099989.052338,normal
2748,1781099989.054248,normal
2749,1781099989.055718,normal
2750,1781099989.057101,normal
2751,1781099989.058840,syn_flood
2752,1781099989.060408,normal
2753,1781099989.063067,normal
2754,1781099989.064918,normal
2755,1781099989.066125,normal
2756,1781099989.067663,normal
2757,1781099989.069690,normal
2758,1781099989.072290,normal
2759,1781099989.073275,normal
2760,1781099989.076164,normal
2761,1781099989.078190,normal
2762,1781099989.079859,normal
2763,1781099989.081285,syn_flood
2764,1781099989.083270,normal
2765,1781099989.084748,normal
2766,1781099989.086956,normal
2767,1781099989.089089,udp_reflection
2768,1781099989.090659,syn_flood
2769,1781099989.092081,normal
2770,1781099989.093789,normal
2771,1781099989.095056,normal
2772,1781099989.096673,normal
2773,1781099989.098020,syn_flood
2774,1781099989.099429,normal
2775,1781099989.100685,syn_flood
2776,1781099989.102381,udp_reflection
2777,1781099989.104270,normal
2778,1781099989.106308,normal
2779,1781099989.108480,normal
2780,1781099989.111130,normal
2781,1781099989.113154,normal
2782,1781099989.115035,normal
2783,1781099989.116773,normal
2784,1781099989.118474,normal
2785,1781099989.119514,normal
2786,1781099989.121087,normal
2787,1781099989.123369,normal
2788,1781099989.125099,normal
2789,1781099989.127718,normal
2790,1781099989.129862,udp_reflection
2791,1781099989.132571,syn_flood
2792,1781099989.134325,normal
2793,1781099989.136160,normal
2794,1781099989.137725,normal
2795,1781099989.138957,normal
2796,1781099989.141011,normal
2797,1781099989.142899,normal
2798,1781099989.144565,normal
2799,1781099989.146452,syn_flood
2800,1781099989.148233,normal
2801,1781099989.150011,normal
2802,1781099989.151340,normal
2803,1781099989.153216,normal
2804,1781099989.155159,normal
2805,1781099989.157148,http_flood
2806,1781099989.158970,normal
2807,1781099989.160908,normal
2808,1781099989.162360,normal
2809,1781099989.163473,normal
2810,1781099989.165111,normal
2811,1781099989.166825,syn_flood
2812,1781099989.169207,normal
2813,1781099989.171150,normal
2814,1781099989.173284,normal
2815,1781099989.175309,normal
2816,1781099989.176376,normal
2817,1781099989.177937,normal
2818,1781099989.179480,normal
2819,1781099989.181557,normal
2820,1781099989.183702,normal
2821,1781099989.185683,normal
2822,1781099989.187719,normal
2823,1781099989.190182,normal
2824,1781099989.191401,normal
2825,1781099989.192831,normal
2826,1781099989.194106,normal
2827,1781099989.195836,normal
2828,1781099989.198344,normal
2829,1781099989.199754,normal
2830,1781099989.201469,udp_reflection
2831,1781099989.203181,syn_flood
2832,1781099989.205239,syn_flood
2833,1781099989.206633,udp_reflection
2834,1781099989.208314,normal
2835,1781099989.210612,normal
2836,1781099989.212782,normal
2837,1781099989.214387,syn_flood
2838,1781099989.216195,normal
2839,1781099989.217458,syn_flood
2840,1781099989.219406,normal
2841,1781099989.221801,normal
2842,1781099989.223448,normal
2843,1781099989.225141,normal
2844,1781099989.226144,normal
2845,1781099989.227994,normal
2846,1781099989.229667,syn_flood
2847,1781099989.231578,normal
2848,1781099989.234011,normal
2849,1781099989.236186,normal
2850,1781099989.238115,normal
2851,1781099989.239102,syn_flood
2852,1781099989.241450,normal
2853,1781099989.242635,http_flood
2854,1781099989.244084,normal
2855,1781099989.245485,normal
2856,1781099989.246907,normal
2857,1781099989.248955,normal
2858,1781099989.250627,normal
2859,1781099989.251944,syn_flood
2860,1781099989.253867,normal
2861,1781099989.255369,normal
2862,1781099989.257296,normal
2863,1781099989.260010,syn_flood
2864,1781099989.262015,normal
2865,1781099989.263607,normal
2866,1781099989.265089,syn_flood
2867,1781099989.266857,normal
2868,1781099989.268666,normal
2869,1781099989.270432,normal
2870,1781099989.271446,normal
2871,1781099989.273047,normal
2872,1781099989.275210,normal
2873,1781099989.276745,normal
2874,1781099989.278072,syn_flood
2875,1781099989.280122,normal
2876,1781099989.282431,normal
2877,1781099989.284441,normal
2878,1781099989.286346,normal
2879,1781099989.287778,normal
2880,1781099989.289688,normal
2881,1781099989.291119,normal
2882,1781099989.293462,normal
2883,1781099989.295101,normal
2884,1781099989.296985,http_flood
2885,1781099989.298580,udp_reflection
2886,1781099989.299993,normal
2887,1781099989.301762,normal
2888,1781099989.303952,normal
2889,1781099989.306067,normal
2890,1781099989.307851,normal
2891,1781099989.310254,normal
2892,1781099989.311572,normal
2893,1781099989.312975,normal
2894,1781099989.314940,normal
2895,1781099989.316463,syn_flood
2896,1781099989.317944,normal
2897,1781099989.320729,normal
2898,1781099989.321320,udp_reflection
2899,1781099989.321704,normal
2900,1781099989.322017,normal
2901,1781099989.322575,udp_reflection
2902,1781099989.323174,syn_flood
2903,1781099989.323715,syn_flood
2904,1781099989.324265,syn_flood
2905,1781099989.324754,udp_reflection
2906,1781099989.325289,syn_flood
2907,1781099989.325664,syn_flood
2908,1781099989.326164,syn_flood
2909,1781099989.326488,normal
2910,1781099989.327080,syn_flood
2911,1781099989.327648,udp_reflection
2912,1781099989.328217,http_flood
2913,1781099989.328662,http_flood
2914,1781099989.329259,udp_reflection
2915,1781099989.329615,normal
2916,1781099989.330014,syn_flood
2917,1781099989.330557,syn_flood
2918,1781099989.331025,syn_flood
2919,1781099989.331656,syn_flood
2920,1781099989.332192,syn_flood
2921,1781099989.332785,syn_flood
2922,1781099989.333225,syn_flood
2923,1781099989.333691,udp_reflection
2924,1781099989.334186,syn_flood
2925,1781099989.334812,syn_flood
2926,1781099989.335350,syn_flood
2927,1781099989.336062,syn_flood
2928,1781099989.336529,normal
2929,1781099989.337112,syn_flood
2930,1781099989.337641,syn_flood
2931,1781099989.338126,syn_flood
2932,1781099989.338443,syn_flood
2933,1781099989.338989,udp_reflection
2934,1781099989.339482,http_flood
2935,1781099989.339875,http_flood
2936,1781099989.340454,syn_flood
2937,1781099989.341103,syn_flood
2938,1781099989.341504,normal
2939,1781099989.342052,normal
2940,1781099989.342455,syn_flood
2941,1781099989.343252,syn_flood
2942,1781099989.343901,udp_reflection
2943,1781099989.344392,syn_flood
2944,1781099989.344627,normal
2945,1781099989.345241,normal
2946,1781099989.345961,http_flood
2947,1781099989.346408,syn_flood
2948,1781099989.346948,normal
2949,1781099989.347317,syn_flood
2950,1781099989.347758,normal
2951,1781099989.348191,udp_reflection
2952,1781099989.348555,syn_flood
2953,1781099989.349094,syn_flood
2954,1781099989.349673,syn_flood
2955,1781099989.350083,syn_flood
2956,1781099989.350616,http_flood
2957,1781099989.351288,syn_flood
2958,1781099989.351753,syn_flood
2959,1781099989.352378,http_flood
2960,1781099989.352810,syn_flood
2961,1781099989.353394,syn_flood
2962,1781099989.353813,normal
2963,1781099989.354477,udp_reflection
2964,1781099989.355111,udp_reflection
2965,1781099989.355515,syn_flood
2966,1781099989.355916,udp_reflection
2967,1781099989.356471,syn_flood
2968,1781099989.356840,syn_flood
2969,1781099989.357222,syn_flood
2970,1781099989.357702,syn_flood
2971,1781099989.358091,syn_flood
2972,1781099989.358558,udp_reflection
2973,1781099989.359096,http_flood
2974,1781099989.359714,normal
2975,1781099989.360290,syn_flood
2976,1781099989.360688,udp_reflection
2977,1781099989.361416,syn_flood
2978,1781099989.362019,http_flood
2979,1781099989.362565,udp_reflection
2980,1781099989.363031,http_flood
2981,1781099989.363337,http_flood
2982,1781099989.363924,normal
2983,1781099989.364605,normal
2984,1781099989.365298,udp_reflection
2985,1781099989.366165,syn_flood
2986,1781099989.366931,normal
2987,1781099989.367390,syn_flood
2988,1781099989.367901,syn_flood
2989,1781099989.368290,syn_flood
2990,1781099989.369172,normal
2991,1781099989.369772,udp_reflection
2992,1781099989.370124,http_flood
2993,1781099989.370701,syn_flood
2994,1781099989.371261,normal
2995,1781099989.371721,syn_flood
2996,1781099989.372186,syn_flood
2997,1781099989.372499,normal
2998,1781099989.373053,syn_flood
2999,1781099989.373539,syn_flood
3000,1781099989.374119,syn_flood
3001,1781099989.374643,http_flood
3002,1781099989.375445,http_flood
3003,1781099989.375990,http_flood
3004,1781099989.376644,syn_flood
3005,1781099989.377173,syn_flood
3006,1781099989.377712,normal
3007,1781099989.378300,syn_flood
3008,1781099989.378816,syn_flood
3009,1781099989.379290,syn_flood
3010,1781099989.380017,syn_flood
3011,1781099989.380538,syn_flood
3012,1781099989.380968,udp_reflection
3013,1781099989.381485,normal
3014,1781099989.382007,syn_flood
3015,1781099989.382598,udp_reflection
3016,1781099989.383013,udp_reflection
3017,1781099989.383487,normal
3018,1781099989.384306,syn_flood
3019,1781099989.384896,syn_flood
3020,1781099989.385311,http_flood
3021,1781099989.385860,normal
3022,1781099989.386602,syn_flood
3023,1781099989.387070,syn_flood
3024,1781099989.387576,normal
3025,1781099989.388011,http_flood
3026,1781099989.388500,normal
3027,1781099989.389310,syn_flood
3028,1781099989.389914,syn_flood
3029,1781099989.390362,normal
3030,1781099989.391055,syn_flood
3031,1781099989.391664,syn_flood
3032,1781099989.392146,http_flood
3033,1781099989.392523,syn_flood
3034,1781099989.392913,http_flood
3035,1781099989.393510,syn_flood
3036,1781099989.394097,syn_flood
3037,1781099989.394675,normal
3038,1781099989.395161,normal
3039,1781099989.395534,syn_flood
3040,1781099989.395987,syn_flood
3041,1781099989.396455,http_flood
3042,1781099989.396946,normal
3043,1781099989.397554,normal
3044,1781099989.397949,normal
3045,1781099989.398660,syn_flood
3046,1781099989.399168,syn_flood
3047,1781099989.399727,normal
3048,1781099989.400297,http_flood
3049,1781099989.400768,syn_flood
3050,1781099989.401223,http_flood
3051,1781099989.401581,normal
3052,1781099989.402027,syn_flood
3053,1781099989.402763,normal
3054,1781099989.403243,syn_flood
3055,1781099989.404027,normal
3056,1781099989.404427,normal
3057,1781099989.404814,syn_flood
3058,1781099989.405283,syn_flood
3059,1781099989.405815,syn_flood
3060,1781099989.406332,normal
3061,1781099989.407067,udp_reflection
3062,1781099989.407359,syn_flood
3063,1781099989.407815,syn_flood
3064,1781099989.408600,syn_flood
3065,1781099989.409259,udp_reflection
3066,1781099989.409775,udp_reflection
3067,1781099989.410338,http_flood
3068,1781099989.410761,normal
3069,1781099989.411146,syn_flood
3070,1781099989.411590,http_flood
3071,1781099989.412050,syn_flood
3072,1781099989.412669,syn_flood
3073,1781099989.413266,syn_flood
3074,1781099989.413736,syn_flood
3075,1781099989.414094,normal
3076,1781099989.414719,normal
3077,1781099989.415419,normal
3078,1781099989.415874,udp_reflection
3079,1781099989.416411,syn_flood
3080,1781099989.417017,syn_flood
3081,1781099989.417451,syn_flood
3082,1781099989.418049,normal
3083,1781099989.418417,http_flood
3084,1781099989.418935,syn_flood
3085,1781099989.419842,http_flood
3086,1781099989.420533,http_flood
3087,1781099989.421102,normal
3088,1781099989.421558,syn_flood
3089,1781099989.422257,udp_reflection
3090,1781099989.422904,syn_flood
3091,1781099989.423390,http_flood
3092,1781099989.424093,syn_flood
3093,1781099989.424634,syn_flood
3094,1781099989.425267,syn_flood
3095,1781099989.426019,http_flood
3096,1781099989.426516,syn_flood
3097,1781099989.427078,normal
3098,1781099989.427591,syn_flood
3099,1781099989.428261,http_flood
3100,1781099989.428705,udp_reflection
3101,1781099989.429306,syn_flood
3102,1781099989.429769,http_flood
3103,1781099989.430215,normal
3104,1781099989.430584,syn_flood
3105,1781099989.431145,udp_reflection
3106,1781099989.431534,http_flood
3107,1781099989.432055,http_flood
3108,1781099989.432593,syn_flood
3109,1781099989.433045,http_flood
3110,1781099989.433536,syn_flood
3111,1781099989.433964,udp_reflection
3112,1781099989.434547,syn_flood
3113,1781099989.435346,normal
3114,1781099989.436057,normal
3115,1781099989.436655,syn_flood
3116,1781099989.437188,normal
3117,1781099989.437853,syn_flood
3118,1781099989.438367,normal
3119,1781099989.438791,syn_flood
3120,1781099989.439336,http_flood
3121,1781099989.439769,syn_flood
3122,1781099989.440246,syn_flood
3123,1781099989.440956,syn_flood
3124,1781099989.441645,normal
3125,1781099989.442277,syn_flood
3126,1781099989.442678,syn_flood
3127,1781099989.443369,syn_flood
3128,1781099989.444048,udp_reflection
3129,1781099989.444723,http_flood
3130,1781099989.445255,normal
3131,1781099989.445582,syn_flood
3132,1781099989.446105,normal
3133,1781099989.446547,http_flood
3134,1781099989.447023,syn_flood
3135,1781099989.447605,syn_flood
3136,1781099989.448244,normal
3137,1781099989.448987,udp_reflection
3138,1781099989.449439,udp_reflection
3139,1781099989.449980,normal
3140,1781099989.450209,udp_reflection
3141,1781099989.450621,udp_reflection
3142,1781099989.451124,syn_flood
3143,1781099989.451585,normal
3144,1781099989.452291,syn_flood
3145,1781099989.452706,syn_flood
3146,1781099989.453094,http_flood
3147,1781099989.453620,syn_flood
3148,1781099989.454031,syn_flood
3149,1781099989.454574,udp_reflection
3150,1781099989.455024,syn_flood
3151,1781099989.455619,http_flood
3152,1781099989.456122,syn_flood
3153,1781099989.456555,syn_flood
3154,1781099989.457200,syn_flood
3155,1781099989.457894,udp_reflection
3156,1781099989.458335,http_flood
3157,1781099989.458961,syn_flood
3158,1781099989.459445,udp_reflection
3159,1781099989.460034,normal
3160,1781099989.460592,syn_flood
3161,1781099989.461154,syn_flood
3162,1781099989.461610,normal
3163,1781099989.462082,syn_flood
3164,1781099989.462595,syn_flood
3165,1781099989.463172,udp_reflection
3166,1781099989.463650,normal
3167,1781099989.464192,syn_flood
3168,1781099989.464845,syn_flood
3169,1781099989.465367,syn_flood
3170,1781099989.465734,normal
3171,1781099989.466271,normal
3172,1781099989.466711,syn_flood
3173,1781099989.467233,normal
3174,1781099989.467802,syn_flood
3175,1781099989.468531,http_flood
3176,1781099989.468998,http_flood
3177,1781099989.469319,syn_flood
3178,1781099989.469722,syn_flood
3179,1781099989.470294,syn_flood
3180,1781099989.470932,syn_flood
3181,1781099989.471409,syn_flood
3182,1781099989.471932,syn_flood
3183,1781099989.472262,normal
3184,1781099989.472692,syn_flood
3185,1781099989.473497,udp_reflection
3186,1781099989.473929,udp_reflection
3187,1781099989.474485,syn_flood
3188,1781099989.474901,normal
3189,1781099989.475531,syn_flood
3190,1781099989.476180,normal
3191,1781099989.476578,syn_flood
3192,1781099989.477112,http_flood
3193,1781099989.477837,syn_flood
3194,1781099989.478302,syn_flood
3195,1781099989.478661,syn_flood
3196,1781099989.479097,syn_flood
3197,1781099989.479644,syn_flood
3198,1781099989.480140,syn_flood
3199,1781099989.480645,syn_flood
3200,1781099989.481339,normal
3201,1781099989.481953,http_flood
3202,1781099989.482341,normal
3203,1781099989.482713,udp_reflection
3204,1781099989.483141,syn_flood
3205,1781099989.483667,normal
3206,1781099989.484116,normal
3207,1781099989.484590,normal
3208,1781099989.485250,syn_flood
3209,1781099989.485906,udp_reflection
3210,1781099989.486217,normal
3211,1781099989.486789,normal
3212,1781099989.487202,http_flood
3213,1781099989.487876,udp_reflection
3214,1781099989.488741,syn_flood
3215,1781099989.489098,syn_flood
3216,1781099989.489517,normal
3217,1781099989.490015,normal
3218,1781099989.490729,syn_flood
3219,1781099989.491220,udp_reflection
3220,1781099989.491652,syn_flood
3221,1781099989.492187,syn_flood
3222,1781099989.492745,syn_flood
3223,1781099989.493173,syn_flood
3224,1781099989.493794,http_flood
3225,1781099989.494205,syn_flood
3226,1781099989.494699,syn_flood
3227,1781099989.495238,normal
3228,1781099989.495809,normal
3229,1781099989.496434,syn_flood
3230,1781099989.496845,normal
3231,1781099989.497347,syn_flood
3232,1781099989.497728,syn_flood
3233,1781099989.498312,syn_flood
3234,1781099989.498682,normal
3235,1781099989.499254,syn_flood
3236,1781099989.499756,udp_reflection
3237,1781099989.500373,normal
3238,1781099989.500700,syn_flood
3239,1781099989.501224,udp_reflection
3240,1781099989.501746,syn_flood
3241,1781099989.502200,udp_reflection
3242,1781099989.502614,normal
3243,1781099989.503028,syn_flood
3244,1781099989.503472,syn_flood
3245,1781099989.504075,syn_flood
3246,1781099989.504528,udp_reflection
3247,1781099989.505322,http_flood
3248,1781099989.505813,syn_flood
3249,1781099989.506415,syn_flood
3250,1781099989.507372,syn_flood
3251,1781099989.507935,syn_flood
3252,1781099989.508324,normal
3253,1781099989.508834,normal
3254,1781099989.509492,normal
3255,1781099989.510103,syn_flood
3256,1781099989.510774,udp_reflection
3257,1781099989.511075,normal
3258,1781099989.511733,normal
3259,1781099989.512345,syn_flood
3260,1781099989.512789,syn_flood
3261,1781099989.513211,syn_flood
3262,1781099989.513771,syn_flood
3263,1781099989.514222,normal
3264,1781099989.514632,normal
3265,1781099989.515091,syn_flood
3266,1781099989.515630,http_flood
3267,1781099989.516234,http_flood
3268,1781099989.516680,syn_flood
3269,1781099989.517187,syn_flood
3270,1781099989.517695,http_flood
3271,1781099989.518556,http_flood
3272,1781099989.519035,syn_flood
3273,1781099989.519391,syn_flood
3274,1781099989.519882,syn_flood
3275,1781099989.520658,syn_flood
3276,1781099989.521179,syn_flood
3277,1781099989.521694,http_flood
3278,1781099989.522364,http_flood
3279,1781099989.522867,syn_flood
3280,1781099989.523192,syn_flood
3281,1781099989.523494,syn_flood
3282,1781099989.524037,http_flood
3283,1781099989.524463,syn_flood
3284,1781099989.524899,normal
3285,1781099989.525503,syn_flood
3286,1781099989.525968,syn_flood
3287,1781099989.526388,normal
3288,1781099989.526945,normal
3289,1781099989.527642,http_flood
3290,1781099989.528332,udp_reflection
3291,1781099989.528866,normal
3292,1781099989.529350,udp_reflection
3293,1781099989.529983,normal
3294,1781099989.530441,http_flood
3295,1781099989.531097,syn_flood
3296,1781099989.531638,syn_flood
3297,1781099989.532262,http_flood
3298,1781099989.532911,http_flood
3299,1781099989.533409,syn_flood
3300,1781099989.533801,normal
3301,1781099989.534267,normal
3302,1781099989.534601,udp_reflection
3303,1781099989.535092,udp_reflection
3304,1781099989.535511,normal
3305,1781099989.536030,normal
3306,1781099989.536482,http_flood
3307,1781099989.537002,syn_flood
3308,1781099989.537635,http_flood
3309,1781099989.538016,syn_flood
3310,1781099989.538532,http_flood
3311,1781099989.539183,syn_flood
3312,1781099989.539638,syn_flood
3313,1781099989.540065,udp_reflection
3314,1781099989.540594,udp_reflection
3315,1781099989.541155,syn_flood
3316,1781099989.541699,normal
3317,1781099989.542308,normal
3318,1781099989.542686,syn_flood
3319,1781099989.543196,syn_flood
3320,1781099989.543704,normal
3321,1781099989.544113,normal
3322,1781099989.544501,http_flood
3323,1781099989.545395,http_flood
3324,1781099989.545931,normal
3325,1781099989.546453,normal
3326,1781099989.547040,udp_reflection
3327,1781099989.547652,normal
3328,1781099989.548019,udp_reflection
3329,1781099989.548511,udp_reflection
3330,1781099989.548907,normal
3331,1781099989.549387,udp_reflection
3332,1781099989.549966,normal
3333,1781099989.550481,http_flood
3334,1781099989.550882,normal
3335,1781099989.551233,syn_flood
3336,1781099989.551666,normal
3337,1781099989.552302,syn_flood
3338,1781099989.552928,syn_flood
3339,1781099989.553756,normal
3340,1781099989.554119,normal
3341,1781099989.554599,http_flood
3342,1781099989.555188,syn_flood
3343,1781099989.555684,udp_reflection
3344,1781099989.556387,syn_flood
3345,1781099989.556905,syn_flood
3346,1781099989.557461,http_flood
3347,1781099989.557921,http_flood
3348,1781099989.558496,normal
3349,1781099989.559061,udp_reflection
3350,1781099989.559574,syn_flood
3351,1781099989.559929,normal
3352,1781099989.560473,http_flood
3353,1781099989.561163,syn_flood
3354,1781099989.561764,syn_flood
3355,1781099989.562366,syn_flood
3356,1781099989.562783,syn_flood
3357,1781099989.563249,syn_flood
3358,1781099989.563985,normal
3359,1781099989.564594,http_flood
3360,1781099989.565219,syn_flood
3361,1781099989.565833,normal
3362,1781099989.566321,syn_flood
3363,1781099989.566647,syn_flood
3364,1781099989.567210,syn_flood
3365,1781099989.567691,syn_flood
3366,1781099989.568073,syn_flood
3367,1781099989.568511,syn_flood
3368,1781099989.569053,udp_reflection
3369,1781099989.569647,syn_flood
3370,1781099989.570169,syn_flood
3371,1781099989.570566,syn_flood
3372,1781099989.571051,http_flood
3373,1781099989.571647,syn_flood
3374,1781099989.572279,syn_flood
3375,1781099989.572886,normal
3376,1781099989.573244,syn_flood
3377,1781099989.573876,syn_flood
3378,1781099989.574425,udp_reflection
3379,1781099989.574777,syn_flood
3380,1781099989.575137,http_flood
3381,1781099989.575669,http_flood
3382,1781099989.576174,normal
3383,1781099989.576573,normal
3384,1781099989.577042,normal
3385,1781099989.577586,http_flood
3386,1781099989.578075,syn_flood
3387,1781099989.578492,syn_flood
3388,1781099989.578962,syn_flood
3389,1781099989.579531,syn_flood
3390,1781099989.580418,udp_reflection
3391,1781099989.580864,syn_flood
3392,1781099989.581333,syn_flood
3393,1781099989.581782,syn_flood
3394,1781099989.582317,normal
3395,1781099989.583017,syn_flood
3396,1781099989.583724,udp_reflection
3397,1781099989.584323,syn_flood
3398,1781099989.584820,syn_flood
3399,1781099989.585290,syn_flood
3400,1781099989.585865,syn_flood
3401,1781099989.586364,http_flood
3402,1781099989.586980,normal
3403,1781099989.587463,syn_flood
3404,1781099989.587850,syn_flood
3405,1781099989.588379,udp_reflection
3406,1781099989.588932,syn_flood
3407,1781099989.589575,http_flood
3408,1781099989.590096,syn_flood
3409,1781099989.590660,syn_flood
3410,1781099989.591301,syn_flood
3411,1781099989.591686,syn_flood
3412,1781099989.592128,syn_flood
3413,1781099989.592663,syn_flood
3414,1781099989.593003,udp_reflection
3415,1781099989.593467,syn_flood
3416,1781099989.593994,syn_flood
3417,1781099989.594445,normal
3418,1781099989.594957,syn_flood
3419,1781099989.595428,normal
3420,1781099989.596143,udp_reflection
3421,1781099989.596700,normal
3422,1781099989.597222,syn_flood
3423,1781099989.597733,syn_flood
3424,1781099989.598202,syn_flood
3425,1781099989.598760,http_flood
3426,1781099989.599240,syn_flood
3427,1781099989.599745,udp_reflection
3428,1781099989.600271,udp_reflection
3429,1781099989.600911,normal
3430,1781099989.601475,syn_flood
3431,1781099989.602079,normal
3432,1781099989.602665,normal
3433,1781099989.603178,normal
3434,1781099989.603489,normal
3435,1781099989.604405,syn_flood
3436,1781099989.605000,syn_flood
3437,1781099989.605621,syn_flood
3438,1781099989.606159,http_flood
3439,1781099989.606932,syn_flood
3440,1781099989.607463,syn_flood
3441,1781099989.607804,syn_flood
3442,1781099989.608232,syn_flood
3443,1781099989.608871,http_flood
3444,1781099989.609390,syn_flood
3445,1781099989.610038,syn_flood
3446,1781099989.610770,normal
3447,1781099989.611207,udp_reflection
3448,1781099989.611797,syn_flood
3449,1781099989.612431,syn_flood
3450,1781099989.612968,http_flood
3451,1781099989.613470,syn_flood
3452,1781099989.613960,http_flood
3453,1781099989.614423,http_flood
3454,1781099989.614946,http_flood
3455,1781099989.615404,normal
3456,1781099989.615904,syn_flood
3457,1781099989.616570,syn_flood
3458,1781099989.617018,syn_flood
3459,1781099989.617569,syn_flood
3460,1781099989.618103,udp_reflection
3461,1781099989.618588,syn_flood
3462,1781099989.619174,normal
3463,1781099989.619537,normal
3464,1781099989.620088,udp_reflection
3465,1781099989.620826,syn_flood
3466,1781099989.621349,syn_flood
3467,1781099989.621909,normal
3468,1781099989.622375,syn_flood
3469,1781099989.622894,syn_flood
3470,1781099989.623526,udp_reflection
3471,1781099989.624091,http_flood
3472,1781099989.624778,syn_flood
3473,1781099989.625204,http_flood
3474,1781099989.625710,normal
3475,1781099989.626117,normal
3476,1781099989.626799,syn_flood
3477,1781099989.627185,syn_flood
3478,1781099989.627672,syn_flood
3479,1781099989.628129,normal
3480,1781099989.628803,syn_flood
3481,1781099989.629484,syn_flood
3482,1781099989.630013,syn_flood
3483,1781099989.630360,syn_flood
3484,1781099989.630845,syn_flood
3485,1781099989.631481,normal
3486,1781099989.632142,syn_flood
3487,1781099989.632786,http_flood
3488,1781099989.633345,syn_flood
3489,1781099989.634030,normal
3490,1781099989.634440,normal
3491,1781099989.635008,syn_flood
3492,1781099989.635555,syn_flood
3493,1781099989.636070,http_flood
3494,1781099989.636568,udp_reflection
3495,1781099989.637185,udp_reflection
3496,1781099989.637536,normal
3497,1781099989.638011,udp_reflection
3498,1781099989.638592,syn_flood
3499,1781099989.639098,syn_flood
3500,1781099989.639837,syn_flood
3501,1781099989.640398,syn_flood
3502,1781099989.640905,syn_flood
3503,1781099989.641489,syn_flood
3504,1781099989.641818,normal
3505,1781099989.642195,syn_flood
3506,1781099989.642864,syn_flood
3507,1781099989.643329,normal
3508,1781099989.644003,syn_flood
3509,1781099989.644438,http_flood
3510,1781099989.644958,syn_flood
3511,1781099989.645267,syn_flood
3512,1781099989.645702,http_flood
3513,1781099989.646119,syn_flood
3514,1781099989.646740,normal
3515,1781099989.647374,normal
3516,1781099989.647928,syn_flood
3517,1781099989.648394,syn_flood
3518,1781099989.648813,syn_flood
3519,1781099989.649523,udp_reflection
3520,1781099989.650036,syn_flood
3521,1781099989.650600,normal
3522,1781099989.651138,normal
3523,1781099989.651644,syn_flood
3524,1781099989.652175,http_flood
3525,1781099989.652549,normal
3526,1781099989.653219,syn_flood
3527,1781099989.653679,syn_flood
3528,1781099989.654160,syn_flood
3529,1781099989.654863,http_flood
3530,1781099989.655699,syn_flood
3531,1781099989.656144,syn_flood
3532,1781099989.656733,syn_flood
3533,1781099989.657256,udp_reflection
3534,1781099989.657674,normal
3535,1781099989.658168,normal
3536,1781099989.658666,http_flood
3537,1781099989.659198,udp_reflection
3538,1781099989.659708,normal
3539,1781099989.660242,syn_flood
3540,1781099989.661016,syn_flood
3541,1781099989.661564,http_flood
3542,1781099989.662176,syn_flood
3543,1781099989.662483,syn_flood
3544,1781099989.663065,syn_flood
3545,1781099989.663383,syn_flood
3546,1781099989.663922,syn_flood
3547,1781099989.664567,http_flood
3548,1781099989.664916,syn_flood
3549,1781099989.665332,syn_flood
3550,1781099989.665791,normal
3551,1781099989.666307,syn_flood
3552,1781099989.666821,normal
3553,1781099989.667241,syn_flood
3554,1781099989.667678,normal
3555,1781099989.668169,syn_flood
3556,1781099989.668601,syn_flood
3557,1781099989.669283,syn_flood
3558,1781099989.669704,syn_flood
3559,1781099989.670173,syn_flood
3560,1781099989.670765,http_flood
3561,1781099989.671380,syn_flood
3562,1781099989.671744,http_flood
3563,1781099989.672212,http_flood
3564,1781099989.672822,syn_flood
3565,1781099989.673416,syn_flood
3566,1781099989.673848,syn_flood
3567,1781099989.674343,http_flood
3568,1781099989.674770,udp_reflection
3569,1781099989.675309,http_flood
3570,1781099989.675764,http_flood
3571,1781099989.676271,syn_flood
3572,1781099989.676751,syn_flood
3573,1781099989.677337,syn_flood
3574,1781099989.677830,normal
3575,1781099989.678502,normal
3576,1781099989.679044,normal
3577,1781099989.679764,normal
3578,1781099989.680456,syn_flood
3579,1781099989.681038,syn_flood
3580,1781099989.681472,http_flood
3581,1781099989.681893,syn_flood
3582,1781099989.682267,normal
3583,1781099989.682645,syn_flood
3584,1781099989.683159,udp_reflection
3585,1781099989.683901,http_flood
3586,1781099989.684411,udp_reflection
3587,1781099989.684839,syn_flood
3588,1781099989.685502,syn_flood
3589,1781099989.686248,syn_flood
3590,1781099989.686802,syn_flood
3591,1781099989.687294,syn_flood
3592,1781099989.687836,syn_flood
3593,1781099989.688374,syn_flood
3594,1781099989.688815,syn_flood
3595,1781099989.689226,syn_flood
3596,1781099989.689909,normal
3597,1781099989.690290,http_flood
3598,1781099989.690957,syn_flood
3599,1781099989.691628,syn_flood
3600,1781099989.691946,http_flood
3601,1781099989.692525,syn_flood
3602,1781099989.693218,normal
3603,1781099989.693768,syn_flood
3604,1781099989.694495,http_flood
3605,1781099989.695039,syn_flood
3606,1781099989.695637,syn_flood
3607,1781099989.696162,syn_flood
3608,1781099989.696716,http_flood
3609,1781099989.697368,normal
3610,1781099989.697872,http_flood
3611,1781099989.698491,udp_reflection
3612,1781099989.699014,syn_flood
3613,1781099989.699472,udp_reflection
3614,1781099989.699891,udp_reflection
3615,1781099989.700368,syn_flood
3616,1781099989.700958,udp_reflection
3617,1781099989.701503,syn_flood
3618,1781099989.701984,syn_flood
3619,1781099989.702532,http_flood
3620,1781099989.703103,syn_flood
3621,1781099989.703719,syn_flood
3622,1781099989.704138,http_flood
3623,1781099989.704704,syn_flood
3624,1781099989.705318,syn_flood
3625,1781099989.705866,syn_flood
3626,1781099989.706179,syn_flood
3627,1781099989.707091,syn_flood
3628,1781099989.707429,syn_flood
3629,1781099989.707888,normal
3630,1781099989.708399,syn_flood
3631,1781099989.708978,syn_flood
3632,1781099989.709585,normal
3633,1781099989.710066,syn_flood
3634,1781099989.710944,syn_flood
3635,1781099989.711359,http_flood
3636,1781099989.711874,syn_flood
3637,1781099989.712258,syn_flood
3638,1781099989.712824,syn_flood
3639,1781099989.713322,syn_flood
3640,1781099989.713759,normal
3641,1781099989.714288,syn_flood
3642,1781099989.715036,normal
3643,1781099989.715515,syn_flood
3644,1781099989.715851,syn_flood
3645,1781099989.716256,syn_flood
3646,1781099989.716864,syn_flood
3647,1781099989.717523,syn_flood
3648,1781099989.718092,syn_flood
3649,1781099989.718796,syn_flood
3650,1781099989.719454,syn_flood
3651,1781099989.719827,http_flood
3652,1781099989.720223,normal
3653,1781099989.720595,udp_reflection
3654,1781099989.721051,normal
3655,1781099989.721725,normal
3656,1781099989.722154,udp_reflection
3657,1781099989.722567,normal
3658,1781099989.723007,syn_flood
3659,1781099989.723509,http_flood
3660,1781099989.724123,syn_flood
3661,1781099989.724588,syn_flood
3662,1781099989.725178,http_flood
3663,1781099989.725922,http_flood
3664,1781099989.726548,syn_flood
3665,1781099989.727052,normal
3666,1781099989.727667,udp_reflection
3667,1781099989.728090,syn_flood
3668,1781099989.728596,udp_reflection
3669,1781099989.729006,syn_flood
3670,1781099989.729414,normal
3671,1781099989.730007,normal
3672,1781099989.730816,http_flood
3673,1781099989.731382,normal
3674,1781099989.731760,syn_flood
3675,1781099989.732267,syn_flood
3676,1781099989.732769,http_flood
3677,1781099989.733320,syn_flood
3678,1781099989.733715,udp_reflection
3679,1781099989.734178,http_flood
3680,1781099989.734759,syn_flood
3681,1781099989.735122,syn_flood
3682,1781099989.735575,syn_flood
3683,1781099989.736120,syn_flood
3684,1781099989.736471,http_flood
3685,1781099989.736993,syn_flood
3686,1781099989.737335,syn_flood
3687,1781099989.737922,http_flood
3688,1781099989.738391,http_flood
3689,1781099989.738807,syn_flood
3690,1781099989.739333,http_flood
3691,1781099989.739829,syn_flood
3692,1781099989.740284,syn_flood
3693,1781099989.741009,udp_reflection
3694,1781099989.741408,http_flood
3695,1781099989.741910,normal
3696,1781099989.742566,syn_flood
3697,1781099989.743134,udp_reflection
3698,1781099989.743594,syn_flood
3699,1781099989.744079,syn_flood
3700,1781099989.744498,normal
3701,1781099989.745089,normal
3702,1781099989.745538,syn_flood
3703,1781099989.746043,syn_flood
3704,1781099989.746613,http_flood
3705,1781099989.747141,normal
3706,1781099989.747699,syn_flood
3707,1781099989.748299,normal
3708,1781099989.748734,udp_reflection
3709,1781099989.749272,udp_reflection
3710,1781099989.749935,syn_flood
3711,1781099989.750421,syn_flood
3712,1781099989.750999,syn_flood
3713,1781099989.751393,syn_flood
3714,1781099989.751735,normal
3715,1781099989.752336,syn_flood
3716,1781099989.752752,normal
3717,1781099989.753557,syn_flood
3718,1781099989.754117,http_flood
3719,1781099989.754588,normal
3720,1781099989.755129,udp_reflection
3721,1781099989.755539,syn_flood
3722,1781099989.756161,http_flood
3723,1781099989.756596,syn_flood
3724,1781099989.757078,syn_flood
3725,1781099989.757428,http_flood
3726,1781099989.757923,http_flood
3727,1781099989.758436,syn_flood
3728,1781099989.758849,syn_flood
3729,1781099989.759429,normal
3730,1781099989.759939,syn_flood
3731,1781099989.760529,normal
3732,1781099989.761044,syn_flood
3733,1781099989.761404,syn_flood
3734,1781099989.762097,syn_flood
3735,1781099989.762604,udp_reflection
3736,1781099989.763086,syn_flood
3737,1781099989.763553,syn_flood
3738,1781099989.763996,syn_flood
3739,1781099989.764441,syn_flood
3740,1781099989.764991,normal
3741,1781099989.765478,syn_flood
3742,1781099989.766129,syn_flood
3743,1781099989.766645,normal
3744,1781099989.767148,syn_flood
3745,1781099989.767679,syn_flood
3746,1781099989.768427,syn_flood
3747,1781099989.768876,syn_flood
3748,1781099989.769194,syn_flood
3749,1781099989.769899,http_flood
3750,1781099989.770655,udp_reflection
3751,1781099989.771135,syn_flood
3752,1781099989.771605,syn_flood
3753,1781099989.772107,syn_flood
3754,1781099989.772515,syn_flood
3755,1781099989.773006,syn_flood
3756,1781099989.773701,syn_flood
3757,1781099989.774268,normal
3758,1781099989.774670,syn_flood
3759,1781099989.775199,syn_flood
3760,1781099989.775635,syn_flood
3761,1781099989.776108,syn_flood
3762,1781099989.776553,syn_flood
3763,1781099989.776992,syn_flood
3764,1781099989.777430,syn_flood
3765,1781099989.777867,syn_flood
3766,1781099989.778359,syn_flood
3767,1781099989.778780,syn_flood
3768,1781099989.779510,udp_reflection
3769,1781099989.780456,normal
3770,1781099989.780928,syn_flood
3771,1781099989.781397,syn_flood
3772,1781099989.781910,syn_flood
3773,1781099989.782296,http_flood
3774,1781099989.782820,syn_flood
3775,1781099989.783213,udp_reflection
3776,1781099989.783893,normal
3777,1781099989.784494,http_flood
3778,1781099989.785245,udp_reflection
3779,1781099989.785796,syn_flood
3780,1781099989.786492,normal
3781,1781099989.787019,normal
3782,1781099989.787595,syn_flood
3783,1781099989.787986,syn_flood
3784,1781099989.788277,syn_flood
3785,1781099989.788734,syn_flood
3786,1781099989.789263,syn_flood
3787,1781099989.789794,syn_flood
3788,1781099989.790095,syn_flood
3789,1781099989.790613,http_flood
3790,1781099989.791257,http_flood
3791,1781099989.791713,syn_flood
3792,1781099989.792204,http_flood
3793,1781099989.792618,normal
3794,1781099989.793108,syn_flood
3795,1781099989.793702,udp_reflection
3796,1781099989.794400,normal
3797,1781099989.794897,syn_flood
3798,1781099989.795565,syn_flood
3799,1781099989.795913,normal
3800,1781099989.796512,normal
3801,1781099989.796851,http_flood
3802,1781099989.797274,syn_flood
3803,1781099989.797833,syn_flood
3804,1781099989.798633,syn_flood
3805,1781099989.798998,normal
3806,1781099989.799638,syn_flood
3807,1781099989.800129,syn_flood
3808,1781099989.800627,syn_flood
3809,1781099989.801162,syn_flood
3810,1781099989.801741,normal
3811,1781099989.802257,syn_flood
3812,1781099989.802866,normal
3813,1781099989.803301,http_flood
3814,1781099989.803938,normal
3815,1781099989.804494,syn_flood
3816,1781099989.804981,http_flood
3817,1781099989.805504,syn_flood
3818,1781099989.805961,udp_reflection
3819,1781099989.806449,syn_flood
3820,1781099989.807051,syn_flood
3821,1781099989.807542,syn_flood
3822,1781099989.807889,syn_flood
3823,1781099989.808442,http_flood
3824,1781099989.808846,http_flood
3825,1781099989.809190,normal
3826,1781099989.809673,syn_flood
3827,1781099989.810101,syn_flood
3828,1781099989.810693,syn_flood
3829,1781099989.811152,http_flood
3830,1781099989.811638,syn_flood
3831,1781099989.812738,udp_reflection
3832,1781099989.813281,syn_flood
3833,1781099989.813661,syn_flood
3834,1781099989.814140,syn_flood
3835,1781099989.814642,http_flood
3836,1781099989.815144,udp_reflection
3837,1781099989.815636,syn_flood
3838,1781099989.816082,syn_flood
3839,1781099989.816583,http_flood
3840,1781099989.817275,normal
3841,1781099989.817771,normal
3842,1781099989.818229,syn_flood
3843,1781099989.818732,udp_reflection
3844,1781099989.819185,normal
3845,1781099989.819662,syn_flood
3846,1781099989.820239,syn_flood
3847,1781099989.820874,syn_flood
3848,1781099989.821443,http_flood
3849,1781099989.821876,udp_reflection
3850,1781099989.822471,syn_flood
3851,1781099989.822868,http_flood
3852,1781099989.823480,normal
3853,1781099989.824168,normal
3854,1781099989.825035,syn_flood
3855,1781099989.825598,normal
3856,1781099989.826043,syn_flood
3857,1781099989.826495,http_flood
3858,1781099989.826935,normal
3859,1781099989.827383,syn_flood
3860,1781099989.827942,syn_flood
3861,1781099989.828465,syn_flood
3862,1781099989.828913,normal
3863,1781099989.829486,syn_flood
3864,1781099989.830052,syn_flood
3865,1781099989.830343,normal
3866,1781099989.830733,syn_flood
3867,1781099989.831305,normal
3868,1781099989.831738,normal
3869,1781099989.832247,syn_flood
3870,1781099989.832927,normal
3871,1781099989.833635,normal
3872,1781099989.834127,syn_flood
3873,1781099989.834498,udp_reflection
3874,1781099989.834925,udp_reflection
3875,1781099989.835379,syn_flood
3876,1781099989.835808,udp_reflection
3877,1781099989.836253,syn_flood
3878,1781099989.836732,syn_flood
3879,1781099989.837221,syn_flood
3880,1781099989.837678,syn_flood
3881,1781099989.838304,syn_flood
3882,1781099989.838807,syn_flood
3883,1781099989.839371,normal
3884,1781099989.839895,syn_flood
3885,1781099989.840344,http_flood
3886,1781099989.840757,normal
3887,1781099989.841168,syn_flood
3888,1781099989.841875,syn_flood
3889,1781099989.842783,syn_flood
3890,1781099989.843100,http_flood
3891,1781099989.843681,syn_flood
3892,1781099989.844208,syn_flood
3893,1781099989.844767,syn_flood
3894,1781099989.845295,syn_flood
3895,1781099989.845740,http_flood
3896,1781099989.846141,syn_flood
3897,1781099989.846627,syn_flood
3898,1781099989.847213,syn_flood
3899,1781099989.847658,syn_flood
3900,1781099989.848162,syn_flood
3901,1781099989.848608,http_flood
3902,1781099989.849209,udp_reflection
3903,1781099989.849707,syn_flood
3904,1781099989.850322,syn_flood
3905,1781099989.850783,http_flood
3906,1781099989.851254,syn_flood
3907,1781099989.851769,syn_flood
3908,1781099989.852279,udp_reflection
3909,1781099989.852899,syn_flood
3910,1781099989.853463,udp_reflection
3911,1781099989.853868,syn_flood
3912,1781099989.854306,normal
3913,1781099989.854910,syn_flood
3914,1781099989.855421,syn_flood
3915,1781099989.856202,normal
3916,1781099989.856669,syn_flood
3917,1781099989.857186,syn_flood
3918,1781099989.857539,normal
3919,1781099989.858050,syn_flood
3920,1781099989.858451,udp_reflection
3921,1781099989.858835,normal
3922,1781099989.859193,syn_flood
3923,1781099989.859642,syn_flood
3924,1781099989.859991,syn_flood
3925,1781099989.860617,syn_flood
3926,1781099989.861286,syn_flood
3927,1781099989.861740,syn_flood
3928,1781099989.862061,syn_flood
3929,1781099989.862486,syn_flood
3930,1781099989.863113,normal
3931,1781099989.863563,normal
3932,1781099989.864219,normal
3933,1781099989.864797,syn_flood
3934,1781099989.865283,normal
3935,1781099989.865907,normal
3936,1781099989.866351,syn_flood
3937,1781099989.866876,syn_flood
3938,1781099989.867442,syn_flood
3939,1781099989.868131,syn_flood
3940,1781099989.868721,syn_flood
3941,1781099989.869304,udp_reflection
3942,1781099989.869687,udp_reflection
3943,1781099989.870230,syn_flood
3944,1781099989.871080,normal
3945,1781099989.871688,http_flood
3946,1781099989.872178,syn_flood
3947,1781099989.872566,http_flood
3948,1781099989.872887,syn_flood
3949,1781099989.873405,syn_flood
3950,1781099989.873917,syn_flood
3951,1781099989.874602,http_flood
3952,1781099989.875153,http_flood
3953,1781099989.875673,http_flood
3954,1781099989.876235,http_flood
3955,1781099989.876806,normal
3956,1781099989.877692,syn_flood
3957,1781099989.878302,normal
3958,1781099989.878920,syn_flood
3959,1781099989.879426,http_flood
3960,1781099989.879971,syn_flood
3961,1781099989.880616,syn_flood
3962,1781099989.881181,http_flood
3963,1781099989.881682,udp_reflection
3964,1781099989.882258,syn_flood
3965,1781099989.882662,syn_flood
3966,1781099989.883251,syn_flood
3967,1781099989.883805,syn_flood
3968,1781099989.884403,udp_reflection
3969,1781099989.884974,http_flood
3970,1781099989.885404,udp_reflection
3971,1781099989.885879,syn_flood
3972,1781099989.886424,udp_reflection
3973,1781099989.886996,syn_flood
3974,1781099989.887497,normal
3975,1781099989.887932,syn_flood
3976,1781099989.888454,normal
3977,1781099989.889103,syn_flood
3978,1781099989.889556,syn_flood
3979,1781099989.890042,syn_flood
3980,1781099989.890837,syn_flood
3981,1781099989.891297,normal
3982,1781099989.891765,syn_flood
3983,1781099989.892212,syn_flood
3984,1781099989.892739,syn_flood
3985,1781099989.893093,syn_flood
3986,1781099989.893683,syn_flood
3987,1781099989.894342,syn_flood
3988,1781099989.894830,syn_flood
3989,1781099989.895457,normal
3990,1781099989.895973,syn_flood
3991,1781099989.896379,normal
3992,1781099989.896769,http_flood
3993,1781099989.897330,normal
3994,1781099989.897874,http_flood
3995,1781099989.898578,udp_reflection
3996,1781099989.899096,syn_flood
3997,1781099989.899547,syn_flood
3998,1781099989.900278,http_flood
3999,1781099989.900842,syn_flood
4000,1781099989.901258,udp_reflection
4001,1781099989.901806,syn_flood
4002,1781099989.902270,syn_flood
4003,1781099989.902678,syn_flood
4004,1781099989.903094,http_flood
4005,1781099989.903704,udp_reflection
4006,1781099989.904178,udp_reflection
4007,1781099989.904587,syn_flood
4008,1781099989.905021,syn_flood
4009,1781099989.905595,http_flood
4010,1781099989.906146,http_flood
4011,1781099989.906559,syn_flood
4012,1781099989.907057,normal
4013,1781099989.907676,syn_flood
4014,1781099989.908330,udp_reflection
4015,1781099989.909067,http_flood
4016,1781099989.909587,syn_flood
4017,1781099989.910110,udp_reflection
4018,1781099989.910799,normal
4019,1781099989.911269,normal
4020,1781099989.911791,http_flood
4021,1781099989.912168,normal
4022,1781099989.912707,syn_flood
4023,1781099989.913576,http_flood
4024,1781099989.914099,syn_flood
4025,1781099989.914625,http_flood
4026,1781099989.915375,syn_flood
4027,1781099989.915780,syn_flood
4028,1781099989.916367,normal
4029,1781099989.916729,http_flood
4030,1781099989.917162,syn_flood
4031,1781099989.917814,syn_flood
4032,1781099989.918297,syn_flood
4033,1781099989.918797,http_flood
4034,1781099989.919273,syn_flood
4035,1781099989.919745,udp_reflection
4036,1781099989.920209,udp_reflection
4037,1781099989.920716,syn_flood
4038,1781099989.921156,syn_flood
4039,1781099989.921475,syn_flood
4040,1781099989.922048,normal
4041,1781099989.922933,udp_reflection
4042,1781099989.923397,http_flood
4043,1781099989.923888,udp_reflection
4044,1781099989.924351,udp_reflection
4045,1781099989.924759,syn_flood
4046,1781099989.925006,http_flood
4047,1781099989.925392,normal
4048,1781099989.925895,syn_flood
4049,1781099989.926382,syn_flood
4050,1781099989.926965,syn_flood
4051,1781099989.927362,syn_flood
4052,1781099989.927855,normal
4053,1781099989.928430,syn_flood
4054,1781099989.929101,syn_flood
4055,1781099989.929588,normal
4056,1781099989.930095,syn_flood
4057,1781099989.930616,http_flood
4058,1781099989.931101,normal
4059,1781099989.931624,syn_flood
4060,1781099989.932347,normal
4061,1781099989.932796,syn_flood
4062,1781099989.933299,syn_flood
4063,1781099989.933924,udp_reflection
4064,1781099989.934442,syn_flood
4065,1781099989.934958,syn_flood
4066,1781099989.935397,udp_reflection
4067,1781099989.935842,syn_flood
4068,1781099989.936313,normal
4069,1781099989.936962,udp_reflection
4070,1781099989.937483,udp_reflection
4071,1781099989.937898,udp_reflection
4072,1781099989.938541,syn_flood
4073,1781099989.938975,syn_flood
4074,1781099989.939568,http_flood
4075,1781099989.940041,normal
4076,1781099989.940527,syn_flood
4077,1781099989.941234,syn_flood
4078,1781099989.942029,syn_flood
4079,1781099989.942660,syn_flood
4080,1781099989.943249,syn_flood
4081,1781099989.943841,udp_reflection
4082,1781099989.944322,syn_flood
4083,1781099989.944916,syn_flood
4084,1781099989.945613,http_flood
4085,1781099989.946102,syn_flood
4086,1781099989.946570,syn_flood
4087,1781099989.947129,syn_flood
4088,1781099989.947851,syn_flood
4089,1781099989.948458,udp_reflection
4090,1781099989.949043,syn_flood
4091,1781099989.949656,syn_flood
4092,1781099989.950087,udp_reflection
4093,1781099989.950668,udp_reflection
4094,1781099989.951246,normal
4095,1781099989.951766,syn_flood
4096,1781099989.952379,syn_flood
4097,1781099989.952834,syn_flood
4098,1781099989.953574,syn_flood
4099,1781099989.954103,syn_flood
4100,1781099989.954741,udp_reflection
4101,1781099989.955244,normal
4102,1781099989.955735,syn_flood
4103,1781099989.956607,udp_reflection
4104,1781099989.956868,udp_reflection
4105,1781099989.957523,syn_flood
4106,1781099989.957962,http_flood
4107,1781099989.958430,syn_flood
4108,1781099989.958993,normal
4109,1781099989.959525,normal
4110,1781099989.959972,udp_reflection
4111,1781099989.960630,syn_flood
4112,1781099989.961114,syn_flood
4113,1781099989.961547,syn_flood
4114,1781099989.962065,normal
4115,1781099989.962511,syn_flood
4116,1781099989.962852,udp_reflection
4117,1781099989.963266,syn_flood
4118,1781099989.963822,syn_flood
4119,1781099989.964502,syn_flood
4120,1781099989.965124,normal
4121,1781099989.965630,normal
4122,1781099989.966186,syn_flood
4123,1781099989.966644,http_flood
4124,1781099989.967139,udp_reflection
4125,1781099989.967751,syn_flood
4126,1781099989.968262,http_flood
4127,1781099989.968813,normal
4128,1781099989.969259,syn_flood
4129,1781099989.969624,http_flood
4130,1781099989.970244,udp_reflection
4131,1781099989.971001,normal
4132,1781099989.971488,udp_reflection
4133,1781099989.971895,syn_flood
4134,1781099989.972298,syn_flood
4135,1781099989.972721,syn_flood
4136,1781099989.973303,syn_flood
4137,1781099989.973712,http_flood
4138,1781099989.974294,udp_reflection
4139,1781099989.974640,syn_flood
4140,1781099989.975128,syn_flood
4141,1781099989.975576,udp_reflection
4142,1781099989.975974,syn_flood
4143,1781099989.976491,udp_reflection
4144,1781099989.977000,normal
4145,1781099989.977512,syn_flood
4146,1781099989.978125,syn_flood
4147,1781099989.978725,http_flood
4148,1781099989.979313,http_flood
4149,1781099989.979948,syn_flood
4150,1781099989.980458,syn_flood
4151,1781099989.980951,syn_flood
4152,1781099989.981624,udp_reflection
4153,1781099989.982246,syn_flood
4154,1781099989.982593,syn_flood
4155,1781099989.983102,http_flood
4156,1781099989.983731,normal
4157,1781099989.984397,http_flood
4158,1781099989.984967,normal
4159,1781099989.985424,normal
4160,1781099989.986015,http_flood
4161,1781099989.986402,http_flood
4162,1781099989.986897,normal
4163,1781099989.987387,syn_flood
4164,1781099989.988022,normal
4165,1781099989.988524,syn_flood
4166,1781099989.988955,udp_reflection
4167,1781099989.989407,udp_reflection
4168,1781099989.990122,syn_flood
4169,1781099989.990553,normal
4170,1781099989.991060,http_flood
4171,1781099989.991671,syn_flood
4172,1781099989.992178,udp_reflection
4173,1781099989.992540,normal
4174,1781099989.993042,syn_flood
4175,1781099989.993513,syn_flood
4176,1781099989.993963,udp_reflection
4177,1781099989.994391,normal
4178,1781099989.994802,http_flood
4179,1781099989.995368,syn_flood
4180,1781099989.995891,syn_flood
4181,1781099989.996441,syn_flood
4182,1781099989.996909,syn_flood
4183,1781099989.997380,syn_flood
4184,1781099989.997976,syn_flood
4185,1781099989.998380,http_flood
4186,1781099989.999037,normal
4187,1781099989.999542,http_flood
4188,1781099990.000010,syn_flood
4189,1781099990.000584,http_flood
4190,1781099990.001046,syn_flood
4191,1781099990.001437,syn_flood
4192,1781099990.001960,syn_flood
4193,1781099990.002511,normal
4194,1781099990.003139,syn_flood
4195,1781099990.003754,normal
4196,1781099990.004312,normal
4197,1781099990.004921,normal
4198,1781099990.005565,syn_flood
4199,1781099990.006129,syn_flood
4200,1781099990.006772,syn_flood
4201,1781099990.007365,syn_flood
4202,1781099990.008038,normal
4203,1781099990.008523,syn_flood
4204,1781099990.008937,syn_flood
4205,1781099990.009363,udp_reflection
4206,1781099990.009876,normal
4207,1781099990.010357,syn_flood
4208,1781099990.011101,syn_flood
4209,1781099990.011714,syn_flood
4210,1781099990.012307,syn_flood
4211,1781099990.012901,syn_flood
4212,1781099990.013446,syn_flood
4213,1781099990.014007,udp_reflection
4214,1781099990.014500,normal
4215,1781099990.014903,syn_flood
4216,1781099990.015435,normal
4217,1781099990.016043,syn_flood
4218,1781099990.016687,syn_flood
4219,1781099990.017305,syn_flood
4220,1781099990.018026,http_flood
4221,1781099990.018596,syn_flood
4222,1781099990.019008,syn_flood
4223,1781099990.019429,normal
4224,1781099990.019932,http_flood
4225,1781099990.020516,normal
4226,1781099990.020855,syn_flood
4227,1781099990.021649,http_flood
4228,1781099990.022131,http_flood
4229,1781099990.022635,udp_reflection
4230,1781099990.023052,syn_flood
4231,1781099990.023531,syn_flood
4232,1781099990.023988,syn_flood
4233,1781099990.024348,syn_flood
4234,1781099990.024974,normal
4235,1781099990.025650,normal
4236,1781099990.026132,http_flood
4237,1781099990.026667,syn_flood
4238,1781099990.027136,syn_flood
4239,1781099990.027473,http_flood
4240,1781099990.028181,syn_flood
4241,1781099990.028661,normal
4242,1781099990.029064,syn_flood
4243,1781099990.029513,udp_reflection
4244,1781099990.030132,udp_reflection
4245,1781099990.030584,http_flood
4246,1781099990.031207,udp_reflection
4247,1781099990.031781,syn_flood
4248,1781099990.032460,syn_flood
4249,1781099990.032975,udp_reflection
4250,1781099990.033499,normal
4251,1781099990.034040,syn_flood
4252,1781099990.034749,normal
4253,1781099990.035164,syn_flood
4254,1781099990.035790,syn_flood
4255,1781099990.036358,normal
4256,1781099990.036936,syn_flood
4257,1781099990.037525,http_flood
4258,1781099990.038415,syn_flood
4259,1781099990.038875,udp_reflection
4260,1781099990.039326,syn_flood
4261,1781099990.039987,syn_flood
4262,1781099990.040593,http_flood
4263,1781099990.040963,syn_flood
4264,1781099990.041485,syn_flood
4265,1781099990.041984,udp_reflection
4266,1781099990.042476,http_flood
4267,1781099990.042962,syn_flood
4268,1781099990.043475,syn_flood
4269,1781099990.044132,syn_flood
4270,1781099990.044553,syn_flood
4271,1781099990.045416,syn_flood
4272,1781099990.045817,syn_flood
4273,1781099990.046072,normal
4274,1781099990.046578,syn_flood
4275,1781099990.047044,normal
4276,1781099990.047621,syn_flood
4277,1781099990.048123,syn_flood
4278,1781099990.048729,normal
4279,1781099990.049257,syn_flood
4280,1781099990.049687,http_flood
4281,1781099990.050025,syn_flood
4282,1781099990.050446,udp_reflection
4283,1781099990.050822,http_flood
4284,1781099990.051260,syn_flood
4285,1781099990.051748,syn_flood
4286,1781099990.052170,syn_flood
4287,1781099990.052647,syn_flood
4288,1781099990.053131,udp_reflection
4289,1781099990.053735,normal
4290,1781099990.054190,http_flood
4291,1781099990.054776,syn_flood
4292,1781099990.055212,udp_reflection
4293,1781099990.055880,syn_flood
4294,1781099990.056758,syn_flood
4295,1781099990.057317,syn_flood
4296,1781099990.057775,syn_flood
4297,1781099990.058387,syn_flood
4298,1781099990.058736,http_flood
4299,1781099990.059254,syn_flood
4300,1781099990.059850,http_flood
4301,1781099990.060319,http_flood
4302,1781099990.061056,syn_flood
4303,1781099990.061615,syn_flood
4304,1781099990.062304,udp_reflection
4305,1781099990.062586,syn_flood
4306,1781099990.063181,syn_flood
4307,1781099990.063699,syn_flood
4308,1781099990.064158,normal
4309,1781099990.065012,syn_flood
4310,1781099990.065621,normal
4311,1781099990.066239,syn_flood
4312,1781099990.066954,udp_reflection
4313,1781099990.067427,http_flood
4314,1781099990.067774,syn_flood
4315,1781099990.068233,udp_reflection
4316,1781099990.068798,syn_flood
4317,1781099990.069348,syn_flood
4318,1781099990.069947,syn_flood
4319,1781099990.070463,syn_flood
4320,1781099990.070953,syn_flood
4321,1781099990.071502,normal
4322,1781099990.072249,syn_flood
4323,1781099990.072748,http_flood
4324,1781099990.073315,normal
4325,1781099990.073934,syn_flood
4326,1781099990.074419,syn_flood
4327,1781099990.074739,syn_flood
4328,1781099990.075282,syn_flood
4329,1781099990.075732,normal
4330,1781099990.076303,http_flood
4331,1781099990.076793,syn_flood
4332,1781099990.077270,http_flood
4333,1781099990.077937,udp_reflection
4334,1781099990.078305,syn_flood
4335,1781099990.078756,syn_flood
4336,1781099990.079185,syn_flood
4337,1781099990.079877,normal
4338,1781099990.080593,http_flood
4339,1781099990.081120,syn_flood
4340,1781099990.081557,normal
4341,1781099990.081996,syn_flood
4342,1781099990.082289,syn_flood
4343,1781099990.082833,syn_flood
4344,1781099990.083213,syn_flood
4345,1781099990.083705,syn_flood
4346,1781099990.084178,syn_flood
4347,1781099990.084603,udp_reflection
4348,1781099990.084957,syn_flood
4349,1781099990.085523,syn_flood
4350,1781099990.085980,udp_reflection
4351,1781099990.086774,http_flood
4352,1781099990.087342,syn_flood
4353,1781099990.087817,syn_flood
4354,1781099990.088378,normal
4355,1781099990.088920,udp_reflection
4356,1781099990.089839,syn_flood
4357,1781099990.090609,normal
4358,1781099990.091192,syn_flood
4359,1781099990.091584,syn_flood
4360,1781099990.092353,syn_flood
4361,1781099990.092815,syn_flood
4362,1781099990.093306,udp_reflection
4363,1781099990.093862,syn_flood
4364,1781099990.094579,udp_reflection
4365,1781099990.095027,syn_flood
4366,1781099990.095570,syn_flood
4367,1781099990.095983,http_flood
4368,1781099990.096443,syn_flood
4369,1781099990.096985,udp_reflection
4370,1781099990.097558,normal
4371,1781099990.097937,http_flood
4372,1781099990.098449,normal
4373,1781099990.098981,normal
4374,1781099990.099591,syn_flood
4375,1781099990.100160,normal
4376,1781099990.100770,normal
4377,1781099990.101412,http_flood
4378,1781099990.101769,normal
4379,1781099990.102320,syn_flood
4380,1781099990.102791,syn_flood
4381,1781099990.103321,syn_flood
4382,1781099990.103844,udp_reflection
4383,1781099990.104560,syn_flood
4384,1781099990.105149,http_flood
4385,1781099990.105573,normal
4386,1781099990.106177,http_flood
4387,1781099990.106817,syn_flood
4388,1781099990.107381,syn_flood
4389,1781099990.107708,syn_flood
4390,1781099990.108311,syn_flood
4391,1781099990.108922,syn_flood
4392,1781099990.109378,http_flood
4393,1781099990.109951,syn_flood
4394,1781099990.110794,syn_flood
4395,1781099990.111398,normal
4396,1781099990.111772,syn_flood
4397,1781099990.112182,syn_flood
4398,1781099990.112849,http_flood
4399,1781099990.113400,syn_flood
4400,1781099990.114004,syn_flood
4401,1781099990.114562,syn_flood
4402,1781099990.115110,syn_flood
4403,1781099990.115549,syn_flood
4404,1781099990.116126,syn_flood
4405,1781099990.116611,normal
4406,1781099990.117036,normal
4407,1781099990.117512,syn_flood
4408,1781099990.118205,syn_flood
4409,1781099990.118944,normal
4410,1781099990.119380,syn_flood
4411,1781099990.119943,syn_flood
4412,1781099990.120457,http_flood
4413,1781099990.120961,normal
4414,1781099990.121482,http_flood
4415,1781099990.122058,syn_flood
4416,1781099990.122741,syn_flood
4417,1781099990.123290,normal
4418,1781099990.123711,syn_flood
4419,1781099990.124216,syn_flood
4420,1781099990.124710,syn_flood
4421,1781099990.125419,syn_flood
4422,1781099990.125814,syn_flood
4423,1781099990.126240,syn_flood
4424,1781099990.126818,udp_reflection
4425,1781099990.127317,syn_flood
4426,1781099990.128027,syn_flood
4427,1781099990.128457,syn_flood
4428,1781099990.128968,normal
4429,1781099990.129478,http_flood
4430,1781099990.129897,syn_flood
4431,1781099990.130367,syn_flood
4432,1781099990.130864,normal
4433,1781099990.131312,syn_flood
4434,1781099990.131816,syn_flood
4435,1781099990.132406,normal
4436,1781099990.133024,http_flood
4437,1781099990.133792,syn_flood
4438,1781099990.134368,normal
4439,1781099990.134823,normal
4440,1781099990.135444,syn_flood
4441,1781099990.135997,syn_flood
4442,1781099990.136528,syn_flood
4443,1781099990.137059,syn_flood
4444,1781099990.137567,syn_flood
4445,1781099990.137981,syn_flood
4446,1781099990.138545,udp_reflection
4447,1781099990.139044,syn_flood
4448,1781099990.139602,normal
4449,1781099990.140028,syn_flood
4450,1781099990.140503,syn_flood
4451,1781099990.140982,syn_flood
4452,1781099990.141481,normal
4453,1781099990.142050,syn_flood
4454,1781099990.142487,normal
4455,1781099990.143091,syn_flood
4456,1781099990.143528,syn_flood
4457,1781099990.143982,http_flood
4458,1781099990.144508,syn_flood
4459,1781099990.145102,syn_flood
4460,1781099990.145519,syn_flood
4461,1781099990.146173,http_flood
4462,1781099990.146596,syn_flood
4463,1781099990.147135,syn_flood
4464,1781099990.147773,syn_flood
4465,1781099990.148165,syn_flood
4466,1781099990.148622,normal
4467,1781099990.149033,syn_flood
4468,1781099990.149401,syn_flood
4469,1781099990.149752,http_flood
4470,1781099990.150184,syn_flood
4471,1781099990.150543,http_flood
4472,1781099990.151021,syn_flood
4473,1781099990.151413,syn_flood
4474,1781099990.151937,http_flood
4475,1781099990.152602,syn_flood
4476,1781099990.153128,syn_flood
4477,1781099990.153535,syn_flood
4478,1781099990.154130,http_flood
4479,1781099990.154572,udp_reflection
4480,1781099990.155079,syn_flood
4481,1781099990.155660,normal
4482,1781099990.156489,udp_reflection
4483,1781099990.156907,udp_reflection
4484,1781099990.157606,syn_flood
4485,1781099990.158218,http_flood
4486,1781099990.158808,http_flood
4487,1781099990.159302,syn_flood
4488,1781099990.159952,udp_reflection
4489,1781099990.160545,syn_flood
4490,1781099990.161259,syn_flood
4491,1781099990.161853,syn_flood
4492,1781099990.162470,udp_reflection
4493,1781099990.163181,udp_reflection
4494,1781099990.163730,syn_flood
4495,1781099990.164105,syn_flood
4496,1781099990.164668,normal
4497,1781099990.165064,normal
4498,1781099990.165473,syn_flood
4499,1781099990.165904,syn_flood
4500,1781099990.166515,normal
4501,1781099990.166848,syn_flood
4502,1781099990.167371,normal
4503,1781099990.167862,syn_flood
4504,1781099990.168323,syn_flood
4505,1781099990.168711,syn_flood
4506,1781099990.169292,udp_reflection
4507,1781099990.169750,syn_flood
4508,1781099990.170372,normal
4509,1781099990.171088,syn_flood
4510,1781099990.171630,syn_flood
4511,1781099990.172088,http_flood
4512,1781099990.172719,syn_flood
4513,1781099990.173289,syn_flood
4514,1781099990.173784,udp_reflection
4515,1781099990.174487,normal
4516,1781099990.174953,syn_flood
4517,1781099990.175574,udp_reflection
4518,1781099990.175994,syn_flood
4519,1781099990.176736,syn_flood
4520,1781099990.177375,syn_flood
4521,1781099990.178050,syn_flood
4522,1781099990.178497,syn_flood
4523,1781099990.178910,syn_flood
4524,1781099990.179371,syn_flood
4525,1781099990.179893,syn_flood
4526,1781099990.180281,syn_flood
4527,1781099990.180830,udp_reflection
4528,1781099990.181505,normal
4529,1781099990.182154,syn_flood
4530,1781099990.182736,normal
4531,1781099990.183290,syn_flood
4532,1781099990.183775,syn_flood
4533,1781099990.184450,normal
4534,1781099990.185026,syn_flood
4535,1781099990.185533,syn_flood
4536,1781099990.186215,normal
4537,1781099990.186730,udp_reflection
4538,1781099990.187312,syn_flood
4539,1781099990.187843,syn_flood
4540,1781099990.188139,syn_flood
4541,1781099990.188689,normal
4542,1781099990.189029,http_flood
4543,1781099990.189590,syn_flood
4544,1781099990.190054,syn_flood
4545,1781099990.190572,syn_flood
4546,1781099990.191116,normal
4547,1781099990.191538,normal
4548,1781099990.192111,http_flood
4549,1781099990.192639,syn_flood
4550,1781099990.193034,syn_flood
4551,1781099990.193790,syn_flood
4552,1781099990.194327,normal
4553,1781099990.194681,syn_flood
4554,1781099990.195381,syn_flood
4555,1781099990.195756,normal
4556,1781099990.196558,syn_flood
4557,1781099990.197038,syn_flood
4558,1781099990.197570,http_flood
4559,1781099990.198299,syn_flood
4560,1781099990.199032,http_flood
4561,1781099990.199583,udp_reflection
4562,1781099990.200051,syn_flood
4563,1781099990.200412,syn_flood
4564,1781099990.200858,syn_flood
4565,1781099990.201268,udp_reflection
4566,1781099990.201729,normal
4567,1781099990.202353,syn_flood
4568,1781099990.202739,udp_reflection
4569,1781099990.203221,syn_flood
4570,1781099990.203612,syn_flood
4571,1781099990.204410,normal
4572,1781099990.204944,udp_reflection
4573,1781099990.205470,http_flood
4574,1781099990.205809,syn_flood
4575,1781099990.206221,normal
4576,1781099990.206687,syn_flood
4577,1781099990.207235,normal
4578,1781099990.207614,normal
4579,1781099990.208145,normal
4580,1781099990.208751,syn_flood
4581,1781099990.209369,normal
4582,1781099990.209811,normal
4583,1781099990.210781,syn_flood
4584,1781099990.211828,normal
4585,1781099990.212300,http_flood
4586,1781099990.212820,syn_flood
4587,1781099990.213304,normal
4588,1781099990.213858,syn_flood
4589,1781099990.214321,syn_flood
4590,1781099990.214754,http_flood
4591,1781099990.215280,normal
4592,1781099990.216167,normal
4593,1781099990.216723,normal
4594,1781099990.217313,syn_flood
4595,1781099990.217815,normal
4596,1781099990.218298,syn_flood
4597,1781099990.218727,udp_reflection
4598,1781099990.219276,udp_reflection
4599,1781099990.219651,syn_flood
4600,1781099990.220225,syn_flood
4601,1781099990.220692,udp_reflection
4602,1781099990.221420,udp_reflection
4603,1781099990.221820,normal
4604,1781099990.222234,normal
4605,1781099990.223103,syn_flood
4606,1781099990.223710,syn_flood
4607,1781099990.224242,http_flood
4608,1781099990.224670,normal
4609,1781099990.225110,syn_flood
4610,1781099990.225532,http_flood
4611,1781099990.226275,syn_flood
4612,1781099990.226776,udp_reflection
4613,1781099990.227429,syn_flood
4614,1781099990.227962,syn_flood
4615,1781099990.228432,syn_flood
4616,1781099990.228950,syn_flood
4617,1781099990.229497,http_flood
4618,1781099990.230313,udp_reflection
4619,1781099990.230896,syn_flood
4620,1781099990.231428,http_flood
4621,1781099990.231938,syn_flood
4622,1781099990.232318,syn_flood
4623,1781099990.232807,syn_flood
4624,1781099990.233595,syn_flood
4625,1781099990.234249,udp_reflection
4626,1781099990.234721,syn_flood
4627,1781099990.235252,syn_flood
4628,1781099990.236168,syn_flood
4629,1781099990.236814,normal
4630,1781099990.237448,http_flood
4631,1781099990.237960,http_flood
4632,1781099990.238432,syn_flood
4633,1781099990.239076,syn_flood
4634,1781099990.239515,normal
4635,1781099990.239910,syn_flood
4636,1781099990.240467,syn_flood
4637,1781099990.240980,syn_flood
4638,1781099990.241630,syn_flood
4639,1781099990.242099,syn_flood
4640,1781099990.242545,syn_flood
4641,1781099990.243113,http_flood
4642,1781099990.243710,syn_flood
4643,1781099990.244208,syn_flood
4644,1781099990.244649,normal
4645,1781099990.245113,syn_flood
4646,1781099990.245472,syn_flood
4647,1781099990.245815,udp_reflection
4648,1781099990.246264,syn_flood
4649,1781099990.246707,http_flood
4650,1781099990.247297,syn_flood
4651,1781099990.247962,syn_flood
4652,1781099990.248651,syn_flood
4653,1781099990.249249,syn_flood
4654,1781099990.249747,syn_flood
4655,1781099990.250257,syn_flood
4656,1781099990.250755,normal
4657,1781099990.251253,http_flood
4658,1781099990.251883,syn_flood
4659,1781099990.252216,syn_flood
4660,1781099990.252607,normal
4661,1781099990.253130,udp_reflection
4662,1781099990.253610,udp_reflection
4663,1781099990.254126,syn_flood
4664,1781099990.254710,syn_flood
4665,1781099990.255378,syn_flood
4666,1781099990.255960,udp_reflection
4667,1781099990.256523,normal
4668,1781099990.256987,syn_flood
4669,1781099990.257279,http_flood
4670,1781099990.257959,http_flood
4671,1781099990.258545,http_flood
4672,1781099990.258854,udp_reflection
4673,1781099990.259321,udp_reflection
4674,1781099990.259812,syn_flood
4675,1781099990.260309,syn_flood
4676,1781099990.260726,syn_flood
4677,1781099990.261315,normal
4678,1781099990.261979,http_flood
4679,1781099990.262432,syn_flood
4680,1781099990.262966,http_flood
4681,1781099990.263653,normal
4682,1781099990.264500,udp_reflection
4683,1781099990.265250,syn_flood
4684,1781099990.265675,syn_flood
4685,1781099990.266322,syn_flood
4686,1781099990.266821,syn_flood
4687,1781099990.267564,normal
4688,1781099990.268055,syn_flood
4689,1781099990.268688,http_flood
4690,1781099990.269357,udp_reflection
4691,1781099990.269929,syn_flood
4692,1781099990.270495,syn_flood
4693,1781099990.270925,syn_flood
4694,1781099990.271581,syn_flood
4695,1781099990.271945,http_flood
4696,1781099990.272413,syn_flood
4697,1781099990.272841,normal
4698,1781099990.273307,syn_flood
4699,1781099990.273794,normal
4700,1781099990.274742,udp_reflection
4701,1781099990.275305,http_flood
4702,1781099990.275766,syn_flood
4703,1781099990.276048,syn_flood
4704,1781099990.276509,normal
4705,1781099990.276836,syn_flood
4706,1781099990.277472,syn_flood
4707,1781099990.277997,syn_flood
4708,1781099990.278528,syn_flood
4709,1781099990.278903,syn_flood
4710,1781099990.279534,syn_flood
4711,1781099990.280121,syn_flood
4712,1781099990.280501,syn_flood
4713,1781099990.281100,normal
4714,1781099990.281975,syn_flood
4715,1781099990.282334,udp_reflection
4716,1781099990.282841,syn_flood
4717,1781099990.283360,udp_reflection
4718,1781099990.284053,syn_flood
4719,1781099990.284744,normal
4720,1781099990.285310,normal
4721,1781099990.285894,syn_flood
4722,1781099990.286490,normal
4723,1781099990.286907,syn_flood
4724,1781099990.287468,normal
4725,1781099990.288100,syn_flood
4726,1781099990.288689,udp_reflection
4727,1781099990.289369,syn_flood
4728,1781099990.289861,normal
4729,1781099990.290313,udp_reflection
4730,1781099990.290805,udp_reflection
4731,1781099990.291440,syn_flood
4732,1781099990.291838,syn_flood
4733,1781099990.292305,syn_flood
4734,1781099990.292801,normal
4735,1781099990.293225,syn_flood
4736,1781099990.293727,syn_flood
4737,1781099990.294187,syn_flood
4738,1781099990.294807,normal
4739,1781099990.295357,syn_flood
4740,1781099990.295835,syn_flood
4741,1781099990.296477,syn_flood
4742,1781099990.297107,syn_flood
4743,1781099990.297586,syn_flood
4744,1781099990.298312,normal
4745,1781099990.298830,syn_flood
4746,1781099990.299572,syn_flood
4747,1781099990.300180,syn_flood
4748,1781099990.300890,syn_flood
4749,1781099990.301319,syn_flood
4750,1781099990.301779,syn_flood
4751,1781099990.302199,syn_flood
4752,1781099990.303070,syn_flood
4753,1781099990.303681,syn_flood
4754,1781099990.304090,syn_flood
4755,1781099990.304680,syn_flood
4756,1781099990.304982,syn_flood
4757,1781099990.305326,syn_flood
4758,1781099990.305876,http_flood
4759,1781099990.306329,http_flood
4760,1781099990.306934,syn_flood
4761,1781099990.307573,syn_flood
4762,1781099990.308180,syn_flood
4763,1781099990.308728,syn_flood
4764,1781099990.309203,normal
4765,1781099990.309748,syn_flood
4766,1781099990.310224,syn_flood
4767,1781099990.310672,http_flood
4768,1781099990.311261,syn_flood
4769,1781099990.311877,udp_reflection
4770,1781099990.312182,normal
4771,1781099990.312611,http_flood
4772,1781099990.313000,syn_flood
4773,1781099990.313424,syn_flood
4774,1781099990.313929,normal
4775,1781099990.314511,normal
4776,1781099990.315084,normal
4777,1781099990.315655,normal
4778,1781099990.316015,normal
4779,1781099990.316510,syn_flood
4780,1781099990.316954,normal
4781,1781099990.317493,syn_flood
4782,1781099990.317924,syn_flood
4783,1781099990.318623,normal
4784,1781099990.319137,http_flood
4785,1781099990.319852,syn_flood
4786,1781099990.320563,syn_flood
4787,1781099990.321169,udp_reflection
4788,1781099990.321707,syn_flood
4789,1781099990.322246,syn_flood
4790,1781099990.323037,normal
4791,1781099990.323421,normal
4792,1781099990.324093,normal
4793,1781099990.324839,syn_flood
4794,1781099990.325268,syn_flood
4795,1781099990.325691,syn_flood
4796,1781099990.326164,normal
4797,1781099990.326685,syn_flood
4798,1781099990.327453,syn_flood
4799,1781099990.327967,syn_flood
4800,1781099990.328576,normal
4801,1781099990.329117,udp_reflection
4802,1781099990.329617,syn_flood
4803,1781099990.330157,syn_flood
4804,1781099990.330664,syn_flood
4805,1781099990.331150,syn_flood
4806,1781099990.331596,syn_flood
4807,1781099990.332634,http_flood
4808,1781099990.333133,syn_flood
4809,1781099990.333744,syn_flood
4810,1781099990.334381,syn_flood
4811,1781099990.334894,syn_flood
4812,1781099990.335302,syn_flood
4813,1781099990.335836,http_flood
4814,1781099990.336253,syn_flood
4815,1781099990.336612,syn_flood
4816,1781099990.337279,syn_flood
4817,1781099990.337815,syn_flood
4818,1781099990.338378,udp_reflection
4819,1781099990.338950,syn_flood
4820,1781099990.339400,normal
4821,1781099990.339875,syn_flood
4822,1781099990.340436,syn_flood
4823,1781099990.341001,syn_flood
4824,1781099990.341378,normal
4825,1781099990.342011,syn_flood
4826,1781099990.342425,http_flood
4827,1781099990.343150,syn_flood
4828,1781099990.343491,normal
4829,1781099990.343966,normal
4830,1781099990.344725,syn_flood
4831,1781099990.345047,syn_flood
4832,1781099990.345827,syn_flood
4833,1781099990.346353,syn_flood
4834,1781099990.346811,syn_flood
4835,1781099990.347157,syn_flood
4836,1781099990.347736,normal
4837,1781099990.348170,http_flood
4838,1781099990.348599,syn_flood
4839,1781099990.349065,syn_flood
4840,1781099990.349571,syn_flood
4841,1781099990.349978,udp_reflection
4842,1781099990.350451,syn_flood
4843,1781099990.351039,syn_flood
4844,1781099990.351453,syn_flood
4845,1781099990.351923,normal
4846,1781099990.352359,udp_reflection
4847,1781099990.353352,syn_flood
4848,1781099990.354218,normal
4849,1781099990.354614,syn_flood
4850,1781099990.355222,syn_flood
4851,1781099990.355819,syn_flood
4852,1781099990.356462,http_flood
4853,1781099990.356905,http_flood
4854,1781099990.357338,http_flood
4855,1781099990.357890,syn_flood
4856,1781099990.358362,syn_flood
4857,1781099990.358910,http_flood
4858,1781099990.359378,syn_flood
4859,1781099990.359913,syn_flood
4860,1781099990.360296,syn_flood
4861,1781099990.360681,syn_flood
4862,1781099990.361005,syn_flood
4863,1781099990.361648,syn_flood
4864,1781099990.362018,syn_flood
4865,1781099990.362486,udp_reflection
4866,1781099990.363158,normal
4867,1781099990.363981,syn_flood
4868,1781099990.364658,normal
4869,1781099990.365210,normal
4870,1781099990.365868,syn_flood
4871,1781099990.366277,http_flood
4872,1781099990.366691,syn_flood
4873,1781099990.367261,syn_flood
4874,1781099990.367744,syn_flood
4875,1781099990.368245,syn_flood
4876,1781099990.368670,syn_flood
4877,1781099990.369310,syn_flood
4878,1781099990.369961,udp_reflection
4879,1781099990.370407,syn_flood
4880,1781099990.370960,http_flood
4881,1781099990.371717,syn_flood
4882,1781099990.372188,syn_flood
4883,1781099990.372853,syn_flood
4884,1781099990.373392,syn_flood
4885,1781099990.374042,normal
4886,1781099990.374512,http_flood
4887,1781099990.374990,syn_flood
4888,1781099990.375517,syn_flood
4889,1781099990.375987,http_flood
4890,1781099990.376331,syn_flood
4891,1781099990.376723,syn_flood
4892,1781099990.377247,normal
4893,1781099990.377920,http_flood
4894,1781099990.378404,syn_flood
4895,1781099990.379252,syn_flood
4896,1781099990.380006,syn_flood
4897,1781099990.380497,syn_flood
4898,1781099990.380984,syn_flood
4899,1781099990.381536,syn_flood
4900,1781099990.382049,udp_reflection
4901,1781099990.382446,http_flood
4902,1781099990.382878,syn_flood
4903,1781099990.383244,syn_flood
4904,1781099990.383818,syn_flood
4905,1781099990.384295,syn_flood
4906,1781099990.384733,udp_reflection
4907,1781099990.385269,syn_flood
4908,1781099990.385661,normal
4909,1781099990.386171,http_flood
4910,1781099990.386682,syn_flood
4911,1781099990.387189,udp_reflection
4912,1781099990.387702,syn_flood
4913,1781099990.388375,udp_reflection
4914,1781099990.389016,syn_flood
4915,1781099990.389393,http_flood
4916,1781099990.389886,syn_flood
4917,1781099990.390347,normal
4918,1781099990.391009,udp_reflection
4919,1781099990.391382,normal
4920,1781099990.391822,syn_flood
4921,1781099990.392313,syn_flood
4922,1781099990.393017,syn_flood
4923,1781099990.393528,normal
4924,1781099990.393956,syn_flood
4925,1781099990.394488,http_flood
4926,1781099990.394898,syn_flood
4927,1781099990.395406,syn_flood
4928,1781099990.395938,syn_flood
4929,1781099990.396515,syn_flood
4930,1781099990.397071,syn_flood
4931,1781099990.397669,syn_flood
4932,1781099990.398210,syn_flood
4933,1781099990.398695,syn_flood
4934,1781099990.399317,syn_flood
4935,1781099990.399791,normal
4936,1781099990.400417,http_flood
4937,1781099990.400759,http_flood
4938,1781099990.401544,syn_flood
4939,1781099990.401905,http_flood
4940,1781099990.402518,http_flood
4941,1781099990.403140,udp_reflection
4942,1781099990.403545,syn_flood
4943,1781099990.404273,syn_flood
4944,1781099990.404677,http_flood
4945,1781099990.405231,syn_flood
4946,1781099990.405714,syn_flood
4947,1781099990.406297,udp_reflection
4948,1781099990.406839,normal
4949,1781099990.407682,syn_flood
4950,1781099990.408130,syn_flood
4951,1781099990.408757,syn_flood
4952,1781099990.409367,normal
4953,1781099990.409864,udp_reflection
4954,1781099990.410405,syn_flood
4955,1781099990.410895,normal
4956,1781099990.411445,http_flood
4957,1781099990.412054,http_flood
4958,1781099990.412510,syn_flood
4959,1781099990.413117,syn_flood
4960,1781099990.413911,udp_reflection
4961,1781099990.414595,syn_flood
4962,1781099990.415025,syn_flood
4963,1781099990.415851,syn_flood
4964,1781099990.416515,syn_flood
4965,1781099990.417069,syn_flood
4966,1781099990.417558,syn_flood
4967,1781099990.418134,http_flood
4968,1781099990.418745,syn_flood
4969,1781099990.419425,syn_flood
4970,1781099990.419752,udp_reflection
4971,1781099990.420155,syn_flood
4972,1781099990.420774,syn_flood
4973,1781099990.421407,normal
4974,1781099990.422108,http_flood
4975,1781099990.422799,syn_flood
4976,1781099990.423373,syn_flood
4977,1781099990.423808,syn_flood
4978,1781099990.424287,syn_flood
4979,1781099990.424662,syn_flood
4980,1781099990.425165,normal
4981,1781099990.425713,syn_flood
4982,1781099990.426217,syn_flood
4983,1781099990.426808,http_flood
4984,1781099990.427418,syn_flood
4985,1781099990.427878,syn_flood
4986,1781099990.428438,syn_flood
4987,1781099990.429081,syn_flood
4988,1781099990.429559,syn_flood
4989,1781099990.430079,udp_reflection
4990,1781099990.430604,syn_flood
4991,1781099990.431383,syn_flood
4992,1781099990.432140,normal
4993,1781099990.432717,syn_flood
4994,1781099990.433161,syn_flood
4995,1781099990.433658,normal
4996,1781099990.434231,http_flood
4997,1781099990.434770,http_flood
4998,1781099990.435280,syn_flood
4999,1781099990.436000,syn_flood
5000,1781099990.436492,syn_flood
5001,1781099990.436917,syn_flood
5002,1781099990.437323,normal
5003,1781099990.437882,syn_flood
5004,1781099990.438429,udp_reflection
5005,1781099990.438933,syn_flood
5006,1781099990.439374,http_flood
5007,1781099990.440010,http_flood
5008,1781099990.440516,normal
5009,1781099990.440917,normal
5010,1781099990.441316,udp_reflection
5011,1781099990.441862,normal
5012,1781099990.442358,syn_flood
5013,1781099990.442851,syn_flood
5014,1781099990.443421,http_flood
5015,1781099990.443950,normal
5016,1781099990.444363,udp_reflection
5017,1781099990.444881,syn_flood
5018,1781099990.445570,normal
5019,1781099990.446223,syn_flood
5020,1781099990.446607,http_flood
5021,1781099990.447114,syn_flood
5022,1781099990.447603,syn_flood
5023,1781099990.447980,normal
5024,1781099990.448565,normal
5025,1781099990.449049,syn_flood
5026,1781099990.449515,normal
5027,1781099990.449920,syn_flood
5028,1781099990.450563,syn_flood
5029,1781099990.451239,udp_reflection
5030,1781099990.451854,udp_reflection
5031,1781099990.452309,udp_reflection
5032,1781099990.452924,normal
5033,1781099990.453519,syn_flood
5034,1781099990.454208,syn_flood
5035,1781099990.454701,syn_flood
5036,1781099990.455115,http_flood
5037,1781099990.455626,syn_flood
5038,1781099990.456007,udp_reflection
5039,1781099990.456450,syn_flood
5040,1781099990.456852,udp_reflection
5041,1781099990.457381,syn_flood
5042,1781099990.457986,normal
5043,1781099990.458635,syn_flood
5044,1781099990.458909,syn_flood
5045,1781099990.459388,udp_reflection
5046,1781099990.459842,syn_flood
5047,1781099990.460285,syn_flood
5048,1781099990.460616,syn_flood
5049,1781099990.461125,syn_flood
5050,1781099990.461586,http_flood
5051,1781099990.462087,syn_flood
5052,1781099990.462523,syn_flood
5053,1781099990.462912,syn_flood
5054,1781099990.463325,syn_flood
5055,1781099990.463812,syn_flood
5056,1781099990.464496,normal
5057,1781099990.464882,syn_flood
5058,1781099990.465620,normal
5059,1781099990.466265,syn_flood
5060,1781099990.466721,syn_flood
5061,1781099990.467153,normal
5062,1781099990.467873,normal
5063,1781099990.468756,udp_reflection
5064,1781099990.469505,http_flood
5065,1781099990.469945,syn_flood
5066,1781099990.470446,syn_flood
5067,1781099990.470989,syn_flood
5068,1781099990.471422,syn_flood
5069,1781099990.472133,syn_flood
5070,1781099990.472602,syn_flood
5071,1781099990.473035,syn_flood
5072,1781099990.473544,normal
5073,1781099990.474091,normal
5074,1781099990.474658,udp_reflection
5075,1781099990.475330,udp_reflection
5076,1781099990.475710,syn_flood
5077,1781099990.476146,syn_flood
5078,1781099990.476572,syn_flood
5079,1781099990.477161,normal
5080,1781099990.477836,normal
5081,1781099990.478265,syn_flood
5082,1781099990.478674,normal
5083,1781099990.479164,syn_flood
5084,1781099990.479582,udp_reflection
5085,1781099990.480118,syn_flood
5086,1781099990.480787,syn_flood
5087,1781099990.481269,udp_reflection
5088,1781099990.481871,syn_flood
5089,1781099990.482584,syn_flood
5090,1781099990.483185,normal
5091,1781099990.483649,syn_flood
5092,1781099990.484035,syn_flood
5093,1781099990.484445,udp_reflection
5094,1781099990.484957,syn_flood
5095,1781099990.485708,syn_flood
5096,1781099990.486151,syn_flood
5097,1781099990.486665,syn_flood
5098,1781099990.487062,syn_flood
5099,1781099990.487589,syn_flood
5100,1781099990.488097,syn_flood
5101,1781099990.488658,normal
5102,1781099990.489246,syn_flood
5103,1781099990.489729,udp_reflection
5104,1781099990.490156,syn_flood
5105,1781099990.490775,http_flood
5106,1781099990.491308,http_flood
5107,1781099990.491937,normal
5108,1781099990.492549,normal
5109,1781099990.493085,http_flood
5110,1781099990.493660,udp_reflection
5111,1781099990.494229,syn_flood
5112,1781099990.494716,udp_reflection
5113,1781099990.495258,syn_flood
5114,1781099990.495795,syn_flood
5115,1781099990.496195,syn_flood
5116,1781099990.496543,syn_flood
5117,1781099990.497085,udp_reflection
5118,1781099990.497679,syn_flood
5119,1781099990.498054,normal
5120,1781099990.498573,http_flood
5121,1781099990.499008,syn_flood
5122,1781099990.499900,syn_flood
5123,1781099990.500357,syn_flood
5124,1781099990.500886,syn_flood
5125,1781099990.501340,syn_flood
5126,1781099990.501890,normal
5127,1781099990.502428,syn_flood
5128,1781099990.502898,syn_flood
5129,1781099990.503420,syn_flood
5130,1781099990.504079,syn_flood
5131,1781099990.504734,http_flood
5132,1781099990.505372,http_flood
5133,1781099990.505982,syn_flood
5134,1781099990.506500,syn_flood
5135,1781099990.506934,syn_flood
5136,1781099990.507560,syn_flood
5137,1781099990.508117,syn_flood
5138,1781099990.508641,syn_flood
5139,1781099990.509330,http_flood
5140,1781099990.509830,syn_flood
5141,1781099990.510307,normal
5142,1781099990.510834,udp_reflection
5143,1781099990.511313,syn_flood
5144,1781099990.511693,syn_flood
5145,1781099990.512372,normal
5146,1781099990.512807,normal
5147,1781099990.513362,syn_flood
5148,1781099990.513799,normal
5149,1781099990.514307,normal
5150,1781099990.514697,normal
5151,1781099990.515281,udp_reflection
5152,1781099990.515769,syn_flood
5153,1781099990.516229,http_flood
5154,1781099990.516777,syn_flood
5155,1781099990.517321,syn_flood
5156,1781099990.517976,normal
5157,1781099990.518318,syn_flood
5158,1781099990.518934,udp_reflection
5159,1781099990.519357,udp_reflection
5160,1781099990.519865,syn_flood
5161,1781099990.520292,syn_flood
5162,1781099990.520724,syn_flood
5163,1781099990.521081,syn_flood
5164,1781099990.521741,http_flood
5165,1781099990.522169,syn_flood
5166,1781099990.522554,syn_flood
5167,1781099990.523072,syn_flood
5168,1781099990.523571,http_flood
5169,1781099990.524111,syn_flood
5170,1781099990.524822,http_flood
5171,1781099990.525175,syn_flood
5172,1781099990.525805,syn_flood
5173,1781099990.526516,normal
5174,1781099990.527252,syn_flood
5175,1781099990.527794,syn_flood
5176,1781099990.528281,syn_flood
5177,1781099990.528983,syn_flood
5178,1781099990.529716,normal
5179,1781099990.530049,udp_reflection
5180,1781099990.530655,syn_flood
5181,1781099990.531321,syn_flood
5182,1781099990.531812,udp_reflection
5183,1781099990.532522,udp_reflection
5184,1781099990.533025,syn_flood
5185,1781099990.533577,http_flood
5186,1781099990.534106,udp_reflection
5187,1781099990.534616,syn_flood
5188,1781099990.535163,syn_flood
5189,1781099990.535529,normal
5190,1781099990.536014,normal
5191,1781099990.536589,syn_flood
5192,1781099990.537078,udp_reflection
5193,1781099990.537664,normal
5194,1781099990.538259,syn_flood
5195,1781099990.538695,udp_reflection
5196,1781099990.539309,syn_flood
5197,1781099990.539854,http_flood
5198,1781099990.540621,syn_flood
5199,1781099990.541209,syn_flood
5200,1781099990.541658,http_flood
5201,1781099990.542248,syn_flood
5202,1781099990.542783,normal
5203,1781099990.543224,syn_flood
5204,1781099990.543629,http_flood
5205,1781099990.544222,syn_flood
5206,1781099990.544864,http_flood
5207,1781099990.545297,syn_flood
5208,1781099990.545851,http_flood
5209,1781099990.546410,syn_flood
5210,1781099990.546813,http_flood
5211,1781099990.547607,syn_flood
5212,1781099990.548275,normal
5213,1781099990.548841,normal
5214,1781099990.549339,udp_reflection
5215,1781099990.549818,normal
5216,1781099990.550340,normal
5217,1781099990.550959,normal
5218,1781099990.551383,http_flood
5219,1781099990.551991,udp_reflection
5220,1781099990.552591,syn_flood
5221,1781099990.553027,normal
5222,1781099990.553505,normal
5223,1781099990.554134,syn_flood
5224,1781099990.554688,syn_flood
5225,1781099990.555145,syn_flood
5226,1781099990.555609,syn_flood
5227,1781099990.556177,udp_reflection
5228,1781099990.556715,syn_flood
5229,1781099990.557264,http_flood
5230,1781099990.557668,http_flood
5231,1781099990.558191,syn_flood
5232,1781099990.558684,syn_flood
5233,1781099990.559212,syn_flood
5234,1781099990.559729,syn_flood
5235,1781099990.560004,udp_reflection
5236,1781099990.560491,syn_flood
5237,1781099990.560907,syn_flood
5238,1781099990.561481,udp_reflection
5239,1781099990.561971,http_flood
5240,1781099990.562398,normal
5241,1781099990.563041,http_flood
5242,1781099990.563339,normal
5243,1781099990.563880,syn_flood
5244,1781099990.564361,syn_flood
5245,1781099990.564891,syn_flood
5246,1781099990.565396,http_flood
5247,1781099990.565835,normal
5248,1781099990.566553,syn_flood
5249,1781099990.567062,normal
5250,1781099990.567589,syn_flood
5251,1781099990.568090,syn_flood
5252,1781099990.568662,http_flood
5253,1781099990.569303,normal
5254,1781099990.569937,udp_reflection
5255,1781099990.570421,syn_flood
5256,1781099990.570869,http_flood
5257,1781099990.571560,normal
5258,1781099990.572089,udp_reflection
5259,1781099990.572740,http_flood
5260,1781099990.573083,syn_flood
5261,1781099990.573650,syn_flood
5262,1781099990.574246,syn_flood
5263,1781099990.574630,syn_flood
5264,1781099990.574994,syn_flood
5265,1781099990.575582,udp_reflection
5266,1781099990.576240,syn_flood
5267,1781099990.576665,syn_flood
5268,1781099990.577202,syn_flood
5269,1781099990.577657,syn_flood
5270,1781099990.578287,syn_flood
5271,1781099990.578647,normal
5272,1781099990.579271,syn_flood
5273,1781099990.579770,syn_flood
5274,1781099990.580268,syn_flood
5275,1781099990.580734,syn_flood
5276,1781099990.581366,udp_reflection
5277,1781099990.582034,normal
5278,1781099990.582598,syn_flood
5279,1781099990.583085,syn_flood
5280,1781099990.583614,syn_flood
5281,1781099990.584141,http_flood
5282,1781099990.584800,syn_flood
5283,1781099990.585044,syn_flood
5284,1781099990.585634,syn_flood
5285,1781099990.586030,udp_reflection
5286,1781099990.586402,syn_flood
5287,1781099990.587008,syn_flood
5288,1781099990.587508,syn_flood
5289,1781099990.588112,syn_flood
5290,1781099990.588525,udp_reflection
5291,1781099990.589094,syn_flood
5292,1781099990.589579,udp_reflection
5293,1781099990.590064,syn_flood
5294,1781099990.590588,http_flood
5295,1781099990.591253,syn_flood
5296,1781099990.591789,normal
5297,1781099990.592335,syn_flood
5298,1781099990.592909,syn_flood
5299,1781099990.593460,syn_flood
5300,1781099990.593997,udp_reflection
5301,1781099990.594550,http_flood
5302,1781099990.595194,normal
5303,1781099990.595722,syn_flood
5304,1781099990.596084,normal
5305,1781099990.596617,normal
5306,1781099990.597422,normal
5307,1781099990.598027,syn_flood
5308,1781099990.598650,udp_reflection
5309,1781099990.599164,syn_flood
5310,1781099990.599908,udp_reflection
5311,1781099990.600529,http_flood
5312,1781099990.601112,syn_flood
5313,1781099990.601595,syn_flood
5314,1781099990.602266,normal
5315,1781099990.602831,syn_flood
5316,1781099990.603288,http_flood
5317,1781099990.603792,normal
5318,1781099990.604376,syn_flood
5319,1781099990.604927,syn_flood
5320,1781099990.605635,syn_flood
5321,1781099990.606165,http_flood
5322,1781099990.606686,normal
5323,1781099990.607289,syn_flood
5324,1781099990.607849,http_flood
5325,1781099990.608333,syn_flood
5326,1781099990.608932,syn_flood
5327,1781099990.609456,normal
5328,1781099990.610207,udp_reflection
5329,1781099990.610898,normal
5330,1781099990.611437,udp_reflection
5331,1781099990.611851,http_flood
5332,1781099990.612438,syn_flood
5333,1781099990.612837,syn_flood
5334,1781099990.613302,syn_flood
5335,1781099990.613992,syn_flood
5336,1781099990.614474,normal
5337,1781099990.615033,normal
5338,1781099990.615690,syn_flood
5339,1781099990.616068,syn_flood
5340,1781099990.617004,syn_flood
5341,1781099990.617543,syn_flood
5342,1781099990.618102,syn_flood
5343,1781099990.618536,syn_flood
5344,1781099990.619237,udp_reflection
5345,1781099990.619664,normal
5346,1781099990.620369,udp_reflection
5347,1781099990.620959,syn_flood
5348,1781099990.621377,syn_flood
5349,1781099990.621871,syn_flood
5350,1781099990.622416,syn_flood
5351,1781099990.622721,http_flood
5352,1781099990.623266,udp_reflection
5353,1781099990.623650,udp_reflection
5354,1781099990.624005,syn_flood
5355,1781099990.624384,normal
5356,1781099990.624717,http_flood
5357,1781099990.625593,syn_flood
5358,1781099990.626256,syn_flood
5359,1781099990.626789,syn_flood
5360,1781099990.627389,udp_reflection
5361,1781099990.627970,syn_flood
5362,1781099990.628458,http_flood
5363,1781099990.629215,normal
5364,1781099990.629487,syn_flood
5365,1781099990.629917,http_flood
5366,1781099990.630317,normal
5367,1781099990.630744,normal
5368,1781099990.631266,udp_reflection
5369,1781099990.631799,syn_flood
5370,1781099990.632384,syn_flood
5371,1781099990.632909,syn_flood
5372,1781099990.633243,udp_reflection
5373,1781099990.633636,syn_flood
5374,1781099990.634103,normal
5375,1781099990.634454,syn_flood
5376,1781099990.635056,normal
5377,1781099990.635538,syn_flood
5378,1781099990.635836,normal
5379,1781099990.636321,normal
5380,1781099990.636923,http_flood
5381,1781099990.637510,udp_reflection
5382,1781099990.637934,udp_reflection
5383,1781099990.638542,syn_flood
5384,1781099990.639181,http_flood
5385,1781099990.639643,syn_flood
5386,1781099990.640099,syn_flood
5387,1781099990.640698,udp_reflection
5388,1781099990.641220,syn_flood
5389,1781099990.641730,syn_flood
5390,1781099990.642371,normal
5391,1781099990.642838,normal
5392,1781099990.643251,syn_flood
5393,1781099990.643579,normal
5394,1781099990.644048,syn_flood
5395,1781099990.644516,syn_flood
5396,1781099990.644956,normal
5397,1781099990.645540,http_flood
5398,1781099990.646226,udp_reflection
5399,1781099990.646614,syn_flood
5400,1781099990.647253,normal
5401,1781099990.647852,http_flood
5402,1781099990.648412,normal
5403,1781099990.648841,udp_reflection
5404,1781099990.649483,http_flood
5405,1781099990.650088,syn_flood
5406,1781099990.650506,normal
5407,1781099990.650976,udp_reflection
5408,1781099990.651735,syn_flood
5409,1781099990.652179,syn_flood
5410,1781099990.652729,syn_flood
5411,1781099990.653199,normal
5412,1781099990.653793,syn_flood
5413,1781099990.654360,http_flood
5414,1781099990.654975,udp_reflection
5415,1781099990.655683,syn_flood
5416,1781099990.656002,syn_flood
5417,1781099990.656518,syn_flood
5418,1781099990.657082,syn_flood
5419,1781099990.657611,http_flood
5420,1781099990.658474,syn_flood
5421,1781099990.658968,syn_flood
5422,1781099990.659469,normal
5423,1781099990.660220,syn_flood
5424,1781099990.660631,syn_flood
5425,1781099990.661236,normal
5426,1781099990.661684,http_flood
5427,1781099990.662187,syn_flood
5428,1781099990.662894,udp_reflection
5429,1781099990.663586,normal
5430,1781099990.664073,syn_flood
5431,1781099990.664526,normal
5432,1781099990.665251,syn_flood
5433,1781099990.665690,syn_flood
5434,1781099990.666244,http_flood
5435,1781099990.666690,http_flood
5436,1781099990.667227,normal
5437,1781099990.667631,syn_flood
5438,1781099990.668150,http_flood
5439,1781099990.668407,syn_flood
5440,1781099990.668873,normal
5441,1781099990.669294,syn_flood
5442,1781099990.669712,syn_flood
5443,1781099990.670355,syn_flood
5444,1781099990.670877,syn_flood
5445,1781099990.671528,syn_flood
5446,1781099990.672005,http_flood
5447,1781099990.672387,udp_reflection
5448,1781099990.672778,http_flood
5449,1781099990.673315,syn_flood
5450,1781099990.673804,syn_flood
5451,1781099990.674387,syn_flood
5452,1781099990.674834,udp_reflection
5453,1781099990.675291,syn_flood
5454,1781099990.675768,http_flood
5455,1781099990.676301,syn_flood
5456,1781099990.676951,syn_flood
5457,1781099990.677396,syn_flood
5458,1781099990.677981,syn_flood
5459,1781099990.678365,syn_flood
5460,1781099990.679078,syn_flood
5461,1781099990.679640,syn_flood
5462,1781099990.679940,syn_flood
5463,1781099990.680418,http_flood
5464,1781099990.681397,syn_flood
5465,1781099990.681837,udp_reflection
5466,1781099990.682337,syn_flood
5467,1781099990.682814,syn_flood
5468,1781099990.683450,normal
5469,1781099990.683903,udp_reflection
5470,1781099990.684484,normal
5471,1781099990.685118,syn_flood
5472,1781099990.685650,syn_flood
5473,1781099990.686167,syn_flood
5474,1781099990.686603,normal
5475,1781099990.687090,normal
5476,1781099990.687411,syn_flood
5477,1781099990.687800,http_flood
5478,1781099990.688308,udp_reflection
5479,1781099990.688871,normal
5480,1781099990.689693,http_flood
5481,1781099990.690120,udp_reflection
5482,1781099990.690691,http_flood
5483,1781099990.691241,syn_flood
5484,1781099990.691838,syn_flood
5485,1781099990.692594,syn_flood
5486,1781099990.693259,syn_flood
5487,1781099990.693720,http_flood
5488,1781099990.694395,syn_flood
5489,1781099990.694881,syn_flood
5490,1781099990.695286,syn_flood
5491,1781099990.695807,normal
5492,1781099990.696247,normal
5493,1781099990.696690,syn_flood
5494,1781099990.697104,normal
5495,1781099990.697606,syn_flood
5496,1781099990.697993,syn_flood
5497,1781099990.698478,syn_flood
5498,1781099990.699017,normal
5499,1781099990.699675,http_flood
5500,1781099990.700171,syn_flood
5501,1781099990.701075,syn_flood
5502,1781099990.701499,syn_flood
5503,1781099990.701976,syn_flood
5504,1781099990.702420,syn_flood
5505,1781099990.702858,syn_flood
5506,1781099990.703405,syn_flood
5507,1781099990.703712,syn_flood
5508,1781099990.704173,normal
5509,1781099990.704869,http_flood
5510,1781099990.705315,http_flood
5511,1781099990.705988,normal
5512,1781099990.706409,syn_flood
5513,1781099990.706973,syn_flood
5514,1781099990.707554,normal
5515,1781099990.707987,udp_reflection
5516,1781099990.708495,normal
5517,1781099990.709000,syn_flood
5518,1781099990.709588,syn_flood
5519,1781099990.710077,syn_flood
5520,1781099990.710487,normal
5521,1781099990.711185,syn_flood
5522,1781099990.712032,udp_reflection
5523,1781099990.712590,normal
5524,1781099990.713050,syn_flood
5525,1781099990.713481,http_flood
5526,1781099990.713964,normal
5527,1781099990.714504,syn_flood
5528,1781099990.714972,http_flood
5529,1781099990.715488,http_flood
5530,1781099990.715976,syn_flood
5531,1781099990.716541,normal
5532,1781099990.717101,syn_flood
5533,1781099990.717649,normal
5534,1781099990.718256,http_flood
5535,1781099990.718773,syn_flood
5536,1781099990.719305,syn_flood
5537,1781099990.719751,syn_flood
5538,1781099990.720438,udp_reflection
5539,1781099990.721029,syn_flood
5540,1781099990.721494,udp_reflection
5541,1781099990.721904,syn_flood
5542,1781099990.722557,syn_flood
5543,1781099990.723197,syn_flood
5544,1781099990.723971,syn_flood
5545,1781099990.724704,normal
5546,1781099990.725300,syn_flood
5547,1781099990.725853,syn_flood
5548,1781099990.726279,syn_flood
5549,1781099990.726783,syn_flood
5550,1781099990.727111,syn_flood
5551,1781099990.727897,syn_flood
5552,1781099990.728392,udp_reflection
5553,1781099990.728894,udp_reflection
5554,1781099990.729396,normal
5555,1781099990.730007,http_flood
5556,1781099990.730498,syn_flood
5557,1781099990.731168,syn_flood
5558,1781099990.731725,normal
5559,1781099990.732370,syn_flood
5560,1781099990.732798,syn_flood
5561,1781099990.733300,udp_reflection
5562,1781099990.734029,syn_flood
5563,1781099990.734516,http_flood
5564,1781099990.735022,syn_flood
5565,1781099990.735610,normal
5566,1781099990.736145,syn_flood
5567,1781099990.736702,syn_flood
5568,1781099990.737349,normal
5569,1781099990.737781,syn_flood
5570,1781099990.738236,normal
5571,1781099990.738920,normal
5572,1781099990.739377,syn_flood
5573,1781099990.739899,syn_flood
5574,1781099990.740461,syn_flood
5575,1781099990.741047,syn_flood
5576,1781099990.741448,syn_flood
5577,1781099990.741973,http_flood
5578,1781099990.742574,syn_flood
5579,1781099990.743114,syn_flood
5580,1781099990.743705,http_flood
5581,1781099990.744049,syn_flood
5582,1781099990.744509,syn_flood
5583,1781099990.744921,syn_flood
5584,1781099990.745636,syn_flood
5585,1781099990.746089,syn_flood
5586,1781099990.746551,normal
5587,1781099990.747157,syn_flood
5588,1781099990.747490,http_flood
5589,1781099990.748164,syn_flood
5590,1781099990.748650,normal
5591,1781099990.749197,syn_flood
5592,1781099990.749493,syn_flood
5593,1781099990.750095,syn_flood
5594,1781099990.750726,syn_flood
5595,1781099990.751403,syn_flood
5596,1781099990.752084,normal
5597,1781099990.752662,http_flood
5598,1781099990.753223,syn_flood
5599,1781099990.754044,syn_flood
5600,1781099990.754553,normal
5601,1781099990.755265,syn_flood
5602,1781099990.755649,syn_flood
5603,1781099990.756098,syn_flood
5604,1781099990.756560,syn_flood
5605,1781099990.756986,udp_reflection
5606,1781099990.757720,normal
5607,1781099990.758366,normal
5608,1781099990.758787,syn_flood
5609,1781099990.759267,udp_reflection
5610,1781099990.759722,syn_flood
5611,1781099990.760044,udp_reflection
5612,1781099990.760484,udp_reflection
5613,1781099990.760944,normal
5614,1781099990.761485,normal
5615,1781099990.762158,syn_flood
5616,1781099990.762594,http_flood
5617,1781099990.763019,syn_flood
5618,1781099990.763493,syn_flood
5619,1781099990.763989,syn_flood
5620,1781099990.764504,syn_flood
5621,1781099990.764892,syn_flood
5622,1781099990.765571,syn_flood
5623,1781099990.766030,syn_flood
5624,1781099990.766500,normal
5625,1781099990.767334,syn_flood
5626,1781099990.767809,http_flood
5627,1781099990.768186,syn_flood
5628,1781099990.768601,syn_flood
5629,1781099990.769170,syn_flood
5630,1781099990.769797,syn_flood
5631,1781099990.770328,http_flood
5632,1781099990.770645,normal
5633,1781099990.771188,syn_flood
5634,1781099990.771741,normal
5635,1781099990.772256,syn_flood
5636,1781099990.772796,http_flood
5637,1781099990.773340,syn_flood
5638,1781099990.773813,normal
5639,1781099990.774488,http_flood
5640,1781099990.774979,syn_flood
5641,1781099990.775613,normal
5642,1781099990.776164,normal
5643,1781099990.776938,normal
5644,1781099990.777221,udp_reflection
5645,1781099990.777718,syn_flood
5646,1781099990.778212,syn_flood
5647,1781099990.778945,syn_flood
5648,1781099990.779403,syn_flood
5649,1781099990.779982,normal
5650,1781099990.780490,http_flood
5651,1781099990.780888,http_flood
5652,1781099990.781403,syn_flood
5653,1781099990.781776,syn_flood
5654,1781099990.782606,syn_flood
5655,1781099990.783158,syn_flood
5656,1781099990.783722,syn_flood
5657,1781099990.784314,syn_flood
5658,1781099990.784963,syn_flood
5659,1781099990.785554,normal
5660,1781099990.785985,syn_flood
5661,1781099990.786468,normal
5662,1781099990.786965,syn_flood
5663,1781099990.787533,syn_flood
5664,1781099990.787957,syn_flood
5665,1781099990.788450,syn_flood
5666,1781099990.789144,syn_flood
5667,1781099990.789598,syn_flood
5668,1781099990.790083,normal
5669,1781099990.790566,syn_flood
5670,1781099990.791331,syn_flood
5671,1781099990.791811,http_flood
5672,1781099990.792329,syn_flood
5673,1781099990.792785,syn_flood
5674,1781099990.793265,syn_flood
5675,1781099990.793873,http_flood
5676,1781099990.794451,syn_flood
5677,1781099990.795063,syn_flood
5678,1781099990.795521,syn_flood
5679,1781099990.796017,syn_flood
5680,1781099990.796775,syn_flood
5681,1781099990.797329,normal
5682,1781099990.797937,udp_reflection
5683,1781099990.798589,syn_flood
5684,1781099990.799309,syn_flood
5685,1781099990.799795,normal
5686,1781099990.800260,normal
5687,1781099990.800817,syn_flood
5688,1781099990.801381,normal
5689,1781099990.801901,syn_flood
5690,1781099990.802371,udp_reflection
5691,1781099990.802873,normal
5692,1781099990.803418,syn_flood
5693,1781099990.803948,udp_reflection
5694,1781099990.804468,udp_reflection
5695,1781099990.805115,syn_flood
5696,1781099990.805480,http_flood
5697,1781099990.805916,syn_flood
5698,1781099990.806406,normal
5699,1781099990.806888,syn_flood
5700,1781099990.807213,syn_flood
5701,1781099990.807649,syn_flood
5702,1781099990.808050,udp_reflection
5703,1781099990.808591,syn_flood
5704,1781099990.808914,udp_reflection
5705,1781099990.809433,syn_flood
5706,1781099990.809979,syn_flood
5707,1781099990.810763,udp_reflection
5708,1781099990.811173,syn_flood
5709,1781099990.811672,syn_flood
5710,1781099990.812419,syn_flood
5711,1781099990.813208,http_flood
5712,1781099990.813728,syn_flood
5713,1781099990.814253,syn_flood
5714,1781099990.814701,syn_flood
5715,1781099990.815055,http_flood
5716,1781099990.815643,syn_flood
5717,1781099990.816042,syn_flood
5718,1781099990.816651,syn_flood
5719,1781099990.817272,http_flood
5720,1781099990.817644,udp_reflection
5721,1781099990.818177,syn_flood
5722,1781099990.818664,udp_reflection
5723,1781099990.819110,syn_flood
5724,1781099990.819468,http_flood
5725,1781099990.819850,syn_flood
5726,1781099990.820416,syn_flood
5727,1781099990.820782,syn_flood
5728,1781099990.821253,syn_flood
5729,1781099990.821625,syn_flood
5730,1781099990.822047,udp_reflection
5731,1781099990.822714,syn_flood
5732,1781099990.823132,syn_flood
5733,1781099990.823788,syn_flood
5734,1781099990.824101,syn_flood
5735,1781099990.824681,syn_flood
5736,1781099990.825291,udp_reflection
5737,1781099990.826141,syn_flood
5738,1781099990.826742,syn_flood
5739,1781099990.827485,normal
5740,1781099990.828100,syn_flood
5741,1781099990.828509,syn_flood
5742,1781099990.828987,http_flood
5743,1781099990.829650,http_flood
5744,1781099990.830088,syn_flood
5745,1781099990.830627,syn_flood
5746,1781099990.831245,udp_reflection
5747,1781099990.831607,syn_flood
5748,1781099990.832126,syn_flood
5749,1781099990.832482,syn_flood
5750,1781099990.832978,normal
5751,1781099990.833595,syn_flood
5752,1781099990.834292,syn_flood
5753,1781099990.834714,syn_flood
5754,1781099990.835132,syn_flood
5755,1781099990.835712,udp_reflection
5756,1781099990.836328,syn_flood
5757,1781099990.836921,syn_flood
5758,1781099990.837553,syn_flood
5759,1781099990.837834,syn_flood
5760,1781099990.838223,syn_flood
5761,1781099990.838842,syn_flood
5762,1781099990.839331,http_flood
5763,1781099990.839760,syn_flood
5764,1781099990.840464,syn_flood
5765,1781099990.840889,syn_flood
5766,1781099990.841350,normal
5767,1781099990.841836,syn_flood
5768,1781099990.842275,syn_flood
5769,1781099990.842862,http_flood
5770,1781099990.843261,syn_flood
5771,1781099990.843601,udp_reflection
5772,1781099990.844071,normal
5773,1781099990.844684,udp_reflection
5774,1781099990.845079,syn_flood
5775,1781099990.845609,udp_reflection
5776,1781099990.846195,syn_flood
5777,1781099990.846751,syn_flood
5778,1781099990.847222,syn_flood
5779,1781099990.847661,normal
5780,1781099990.847979,syn_flood
5781,1781099990.848366,syn_flood
5782,1781099990.848822,syn_flood
5783,1781099990.849477,syn_flood
5784,1781099990.850021,syn_flood
5785,1781099990.850830,http_flood
5786,1781099990.851336,syn_flood
5787,1781099990.851876,normal
5788,1781099990.852340,normal
5789,1781099990.852835,syn_flood
5790,1781099990.853338,syn_flood
5791,1781099990.854042,syn_flood
5792,1781099990.854497,syn_flood
5793,1781099990.855013,syn_flood
5794,1781099990.855446,normal
5795,1781099990.857222,syn_flood
5796,1781099990.859251,normal
5797,1781099990.861253,normal
5798,1781099990.863173,normal
5799,1781099990.864485,syn_flood
5800,1781099990.865926,normal
5801,1781099990.867410,normal
5802,1781099990.869079,http_flood
5803,1781099990.871122,normal
5804,1781099990.872692,normal
5805,1781099990.874075,normal
5806,1781099990.876612,normal
5807,1781099990.878405,normal
5808,1781099990.880451,normal
5809,1781099990.881908,normal
5810,1781099990.884123,normal
5811,1781099990.885771,normal
5812,1781099990.887960,normal
5813,1781099990.889271,normal
5814,1781099990.890594,normal
5815,1781099990.893097,syn_flood
5816,1781099990.895222,normal
5817,1781099990.896474,normal
5818,1781099990.898339,normal
5819,1781099990.900228,normal
5820,1781099990.902337,normal
5821,1781099990.903993,normal
5822,1781099990.906769,normal
5823,1781099990.908099,normal
5824,1781099990.910067,normal
5825,1781099990.911884,normal
5826,1781099990.913374,normal
5827,1781099990.915628,normal
5828,1781099990.916991,udp_reflection
5829,1781099990.918143,udp_reflection
5830,1781099990.919642,normal
5831,1781099990.921016,normal
5832,1781099990.923861,normal
5833,1781099990.926208,normal
5834,1781099990.928174,normal
5835,1781099990.930508,normal
5836,1781099990.933059,normal
5837,1781099990.934823,normal
5838,1781099990.936489,normal
5839,1781099990.938208,normal
5840,1781099990.939389,normal
5841,1781099990.941004,normal
5842,1781099990.942103,normal
5843,1781099990.943677,normal
5844,1781099990.945312,normal
5845,1781099990.948164,normal
5846,1781099990.949809,syn_flood
5847,1781099990.951210,normal
5848,1781099990.952830,normal
5849,1781099990.954463,normal
5850,1781099990.956022,normal
5851,1781099990.957289,syn_flood
5852,1781099990.959090,normal
5853,1781099990.961174,syn_flood
5854,1781099990.962344,normal
5855,1781099990.963996,normal
5856,1781099990.965146,udp_reflection
5857,1781099990.966517,normal
5858,1781099990.968154,normal
5859,1781099990.969487,normal
5860,1781099990.971146,normal
5861,1781099990.972667,syn_flood
5862,1781099990.974143,normal
5863,1781099990.975814,syn_flood
5864,1781099990.977532,normal
5865,1781099990.979867,normal
5866,1781099990.981168,normal
5867,1781099990.982968,normal
5868,1781099990.984356,udp_reflection
5869,1781099990.986111,normal
5870,1781099990.988132,udp_reflection
5871,1781099990.989245,syn_flood
5872,1781099990.991003,normal
5873,1781099990.992740,normal
5874,1781099990.994376,normal
5875,1781099990.996094,normal
5876,1781099990.998151,normal
5877,1781099990.999963,normal
5878,1781099991.001581,normal
5879,1781099991.003503,syn_flood
5880,1781099991.005883,normal
5881,1781099991.007233,normal
5882,1781099991.009268,normal
5883,1781099991.010740,normal
5884,1781099991.012774,normal
5885,1781099991.015137,normal
5886,1781099991.016392,normal
5887,1781099991.017909,syn_flood
5888,1781099991.019470,normal
5889,1781099991.021401,normal
5890,1781099991.022822,normal
5891,1781099991.025064,normal
5892,1781099991.026628,normal
5893,1781099991.028462,normal
5894,1781099991.030946,normal
5895,1781099991.032905,normal
5896,1781099991.034406,normal
5897,1781099991.036189,normal
5898,1781099991.037826,normal
5899,1781099991.039125,normal
5900,1781099991.040812,normal
5901,1781099991.042589,normal
5902,1781099991.044429,normal
5903,1781099991.046406,normal
5904,1781099991.048238,normal
5905,1781099991.050767,normal
5906,1781099991.052180,normal
5907,1781099991.053691,normal
5908,1781099991.054847,normal
5909,1781099991.056721,normal
5910,1781099991.058491,normal
5911,1781099991.060649,syn_flood
5912,1781099991.062218,http_flood
5913,1781099991.063971,normal
5914,1781099991.065766,normal
5915,1781099991.067567,normal
5916,1781099991.069924,normal
5917,1781099991.071752,normal
5918,1781099991.073214,syn_flood
5919,1781099991.075475,syn_flood
5920,1781099991.077624,normal
5921,1781099991.079311,normal
5922,1781099991.081552,normal
5923,1781099991.083835,normal
5924,1781099991.085495,normal
5925,1781099991.087204,normal
5926,1781099991.088929,normal
5927,1781099991.090571,syn_flood
5928,1781099991.092307,normal
5929,1781099991.093944,normal
5930,1781099991.096422,syn_flood
5931,1781099991.098249,normal
5932,1781099991.099535,normal
5933,1781099991.101892,syn_flood
5934,1781099991.104089,udp_reflection
5935,1781099991.105860,normal
5936,1781099991.108114,normal
5937,1781099991.109663,normal
5938,1781099991.111409,normal
5939,1781099991.113692,normal
5940,1781099991.114910,normal
5941,1781099991.116517,normal
5942,1781099991.118081,normal
5943,1781099991.119930,normal
5944,1781099991.121073,normal
5945,1781099991.122908,normal
5946,1781099991.124617,normal
5947,1781099991.126122,normal
5948,1781099991.127744,normal
5949,1781099991.129851,normal
5950,1781099991.131062,normal
5951,1781099991.132571,udp_reflection
5952,1781099991.134132,http_flood
5953,1781099991.135392,normal
5954,1781099991.137058,syn_flood
5955,1781099991.139242,normal
5956,1781099991.141400,syn_flood
5957,1781099991.143175,normal
5958,1781099991.144801,normal
5959,1781099991.147398,syn_flood
5960,1781099991.148651,normal
5961,1781099991.150051,normal
5962,1781099991.151934,normal
5963,1781099991.153524,normal
5964,1781099991.155474,syn_flood
5965,1781099991.157524,normal
5966,1781099991.158935,normal
5967,1781099991.160284,normal
5968,1781099991.161836,normal
5969,1781099991.163779,normal
5970,1781099991.166557,normal
5971,1781099991.167681,normal
5972,1781099991.169843,normal
5973,1781099991.171750,normal
5974,1781099991.173288,normal
5975,1781099991.174710,normal
5976,1781099991.176218,normal
5977,1781099991.178129,normal
5978,1781099991.179678,syn_flood
5979,1781099991.181728,normal
5980,1781099991.183764,http_flood
5981,1781099991.185243,normal
5982,1781099991.187880,normal
5983,1781099991.189736,normal
5984,1781099991.191322,normal
5985,1781099991.193038,syn_flood
5986,1781099991.195715,normal
5987,1781099991.196736,normal
5988,1781099991.198795,normal
5989,1781099991.200661,normal
5990,1781099991.203190,syn_flood
5991,1781099991.204531,normal
5992,1781099991.206294,normal
5993,1781099991.208251,normal
5994,1781099991.210442,udp_reflection
5995,1781099991.212636,normal
5996,1781099991.214392,normal
5997,1781099991.215972,normal
5998,1781099991.217483,normal
5999,1781099991.218963,syn_flood
6000,1781099991.220525,normal
6001,1781099991.221679,normal
6002,1781099991.224076,normal
6003,1781099991.225748,normal
6004,1781099991.227242,normal
6005,1781099991.229255,normal
6006,1781099991.230351,normal
6007,1781099991.231626,normal
6008,1781099991.233512,normal
6009,1781099991.236757,syn_flood
6010,1781099991.238550,normal
6011,1781099991.240405,normal
6012,1781099991.241894,normal
6013,1781099991.243283,normal
6014,1781099991.245033,normal
6015,1781099991.246912,syn_flood
6016,1781099991.248625,normal
6017,1781099991.250142,normal
6018,1781099991.251967,normal
6019,1781099991.254246,normal
6020,1781099991.256409,normal
6021,1781099991.258303,normal
6022,1781099991.259599,syn_flood
6023,1781099991.261068,normal
6024,1781099991.263829,normal
6025,1781099991.265852,normal
6026,1781099991.267987,normal
6027,1781099991.269996,normal
6028,1781099991.271664,normal
6029,1781099991.273034,normal
6030,1781099991.274776,normal
6031,1781099991.276299,normal
6032,1781099991.277621,normal
6033,1781099991.278772,normal
6034,1781099991.281146,normal
6035,1781099991.282882,normal
6036,1781099991.284266,normal
6037,1781099991.285661,normal
6038,1781099991.287523,normal
6039,1781099991.288585,normal
6040,1781099991.289855,http_flood
6041,1781099991.291135,syn_flood
6042,1781099991.293044,normal
6043,1781099991.294714,normal
6044,1781099991.296152,syn_flood
6045,1781099991.298386,normal
6046,1781099991.300302,normal
6047,1781099991.302809,normal
6048,1781099991.304496,normal
6049,1781099991.306359,normal
6050,1781099991.308163,normal
6051,1781099991.309749,normal
6052,1781099991.311732,normal
6053,1781099991.313623,normal
6054,1781099991.315157,syn_flood
6055,1781099991.317059,normal
6056,1781099991.320142,normal
6057,1781099991.322011,syn_flood
6058,1781099991.323916,normal
6059,1781099991.325485,normal
6060,1781099991.327738,normal
6061,1781099991.329107,normal
6062,1781099991.331048,normal
6063,1781099991.332801,syn_flood
6064,1781099991.334676,normal
6065,1781099991.336427,syn_flood
6066,1781099991.337629,normal
6067,1781099991.338759,normal
6068,1781099991.340255,normal
6069,1781099991.341364,normal
6070,1781099991.343240,syn_flood
6071,1781099991.345152,http_flood
6072,1781099991.347171,normal
6073,1781099991.348736,normal
6074,1781099991.350489,normal
6075,1781099991.351916,syn_flood
6076,1781099991.353586,normal
6077,1781099991.355258,normal
6078,1781099991.356970,syn_flood
6079,1781099991.358347,udp_reflection
6080,1781099991.360179,normal
6081,1781099991.362745,normal
6082,1781099991.364482,normal
6083,1781099991.365822,normal
6084,1781099991.368354,udp_reflection
6085,1781099991.369682,http_flood
6086,1781099991.371495,normal
6087,1781099991.373091,normal
6088,1781099991.374535,normal
6089,1781099991.375897,normal
6090,1781099991.377632,udp_reflection
6091,1781099991.379432,http_flood
6092,1781099991.380604,normal
6093,1781099991.381913,normal
6094,1781099991.383585,normal
6095,1781099991.384629,normal
6096,1781099991.385974,udp_reflection
6097,1781099991.388138,udp_reflection
6098,1781099991.389318,normal
6099,1781099991.391524,normal
6100,1781099991.393222,udp_reflection
6101,1781099991.395281,normal
6102,1781099991.397104,normal
6103,1781099991.399100,syn_flood
6104,1781099991.400823,normal
6105,1781099991.402966,normal
6106,1781099991.404097,normal
6107,1781099991.406411,normal
6108,1781099991.409243,syn_flood
6109,1781099991.410762,normal
6110,1781099991.413077,syn_flood
6111,1781099991.415002,syn_flood
6112,1781099991.416630,normal
6113,1781099991.419436,normal
6114,1781099991.421224,http_flood
6115,1781099991.422940,normal
6116,1781099991.424681,normal
6117,1781099991.426286,http_flood
6118,1781099991.427495,normal
6119,1781099991.429270,normal
6120,1781099991.430735,syn_flood
6121,1781099991.432650,normal
6122,1781099991.434423,normal
6123,1781099991.436009,normal
6124,1781099991.437998,normal
6125,1781099991.439108,syn_flood
6126,1781099991.441307,normal
6127,1781099991.442880,normal
6128,1781099991.444101,syn_flood
6129,1781099991.445752,normal
6130,1781099991.447567,normal
6131,1781099991.450032,normal
6132,1781099991.452832,normal
6133,1781099991.454397,normal
6134,1781099991.455887,normal
6135,1781099991.457365,normal
6136,1781099991.459717,normal
6137,1781099991.461445,syn_flood
6138,1781099991.463493,normal
6139,1781099991.465232,normal
6140,1781099991.467145,syn_flood
6141,1781099991.469010,normal
6142,1781099991.471195,normal
6143,1781099991.472601,normal
6144,1781099991.474650,http_flood
6145,1781099991.475828,syn_flood
6146,1781099991.477632,normal
6147,1781099991.479005,syn_flood
6148,1781099991.480189,udp_reflection
6149,1781099991.481786,syn_flood
6150,1781099991.483352,normal
6151,1781099991.485025,normal
6152,1781099991.487060,normal
6153,1781099991.489705,normal
6154,1781099991.491583,normal
6155,1781099991.493098,normal
6156,1781099991.494783,normal
6157,1781099991.496600,normal
6158,1781099991.498656,normal
6159,1781099991.500132,syn_flood
6160,1781099991.503544,normal
6161,1781099991.505054,normal
6162,1781099991.506624,syn_flood
6163,1781099991.507945,syn_flood
6164,1781099991.509288,normal
6165,1781099991.510944,http_flood
6166,1781099991.513189,normal
6167,1781099991.514224,syn_flood
6168,1781099991.515233,udp_reflection
6169,1781099991.516821,normal
6170,1781099991.518454,normal
6171,1781099991.520146,normal
6172,1781099991.522318,normal
6173,1781099991.523445,syn_flood
6174,1781099991.526143,normal
6175,1781099991.528423,normal
6176,1781099991.530142,syn_flood
6177,1781099991.531721,normal
6178,1781099991.533362,normal
6179,1781099991.535602,normal
6180,1781099991.538049,syn_flood
6181,1781099991.540172,normal
6182,1781099991.542235,syn_flood
6183,1781099991.544044,http_flood
6184,1781099991.545110,normal
6185,1781099991.547005,syn_flood
6186,1781099991.548766,normal
6187,1781099991.550922,normal
6188,1781099991.552818,normal
6189,1781099991.554082,syn_flood
6190,1781099991.556231,normal
6191,1781099991.557865,normal
6192,1781099991.560318,normal
6193,1781099991.561822,syn_flood
6194,1781099991.563403,normal
6195,1781099991.565453,normal
6196,1781099991.567019,normal
6197,1781099991.568367,normal
6198,1781099991.569653,normal
6199,1781099991.571599,normal
6200,1781099991.573425,syn_flood
6201,1781099991.576010,normal
6202,1781099991.577512,normal
6203,1781099991.578860,normal
6204,1781099991.580898,udp_reflection
6205,1781099991.582525,normal
6206,1781099991.584419,syn_flood
6207,1781099991.586318,normal
6208,1781099991.588311,normal
6209,1781099991.589865,http_flood
6210,1781099991.592464,normal
6211,1781099991.594189,normal
6212,1781099991.595904,syn_flood
6213,1781099991.597562,syn_flood
6214,1781099991.599739,normal
6215,1781099991.601443,normal
6216,1781099991.603204,normal
6217,1781099991.605013,normal
6218,1781099991.606992,normal
6219,1781099991.609259,normal
6220,1781099991.611263,normal
6221,1781099991.613356,syn_flood
6222,1781099991.615110,normal
6223,1781099991.616697,syn_flood
6224,1781099991.618047,syn_flood
6225,1781099991.620114,normal
6226,1781099991.622097,normal
6227,1781099991.625309,normal
6228,1781099991.626870,normal
6229,1781099991.628475,syn_flood
6230,1781099991.630326,syn_flood
6231,1781099991.631902,normal
6232,1781099991.633110,normal
6233,1781099991.634697,normal
6234,1781099991.637966,syn_flood
6235,1781099991.640248,normal
6236,1781099991.642182,syn_flood
6237,1781099991.644076,normal
6238,1781099991.645893,syn_flood
6239,1781099991.646984,normal
6240,1781099991.648852,normal
6241,1781099991.650815,normal
6242,1781099991.652502,normal
6243,1781099991.653448,normal
6244,1781099991.655861,syn_flood
6245,1781099991.657527,normal
6246,1781099991.659651,normal
6247,1781099991.661026,normal
6248,1781099991.662522,normal
6249,1781099991.664348,normal
6250,1781099991.666027,normal
6251,1781099991.668142,normal
6252,1781099991.669657,normal
6253,1781099991.671365,normal
6254,1781099991.673159,normal
6255,1781099991.674476,normal
6256,1781099991.676246,normal
6257,1781099991.678623,normal
6258,1781099991.680181,normal
6259,1781099991.681848,syn_flood
6260,1781099991.684227,normal
6261,1781099991.686493,normal
6262,1781099991.688207,normal
6263,1781099991.689798,normal
6264,1781099991.691614,normal
6265,1781099991.693113,normal
6266,1781099991.694912,normal
6267,1781099991.696791,normal
6268,1781099991.698189,normal
6269,1781099991.699555,normal
6270,1781099991.701823,normal
6271,1781099991.703354,normal
6272,1781099991.705006,normal
6273,1781099991.706991,syn_flood
6274,1781099991.709102,normal
6275,1781099991.711253,normal
6276,1781099991.712862,http_flood
6277,1781099991.713905,syn_flood
6278,1781099991.715920,normal
6279,1781099991.717935,normal
6280,1781099991.719691,http_flood
6281,1781099991.720820,normal
6282,1781099991.722441,normal
6283,1781099991.725213,syn_flood
6284,1781099991.726736,normal
6285,1781099991.729498,normal
6286,1781099991.731272,normal
6287,1781099991.732635,normal
6288,1781099991.734986,normal
6289,1781099991.736703,normal
6290,1781099991.738330,normal
6291,1781099991.739997,http_flood
6292,1781099991.741578,normal
6293,1781099991.743234,normal
6294,1781099991.744718,normal
6295,1781099991.746371,normal
6296,1781099991.747983,normal
6297,1781099991.749839,normal
6298,1781099991.751995,normal
6299,1781099991.754157,normal
6300,1781099991.756051,normal
6301,1781099991.757823,syn_flood
6302,1781099991.759061,syn_flood
6303,1781099991.760417,normal
6304,1781099991.762498,normal
6305,1781099991.765003,normal
6306,1781099991.766810,normal
6307,1781099991.768227,syn_flood
6308,1781099991.770041,http_flood
6309,1781099991.772194,normal
6310,1781099991.773804,syn_flood
6311,1781099991.775815,normal
6312,1781099991.777157,normal
6313,1781099991.778466,normal
6314,1781099991.780042,normal
6315,1781099991.781828,normal
6316,1781099991.783716,normal
6317,1781099991.785198,normal
6318,1781099991.786563,normal
6319,1781099991.788098,udp_reflection
6320,1781099991.789193,normal
6321,1781099991.790780,syn_flood
6322,1781099991.792642,normal
6323,1781099991.794920,normal
6324,1781099991.797221,normal
6325,1781099991.798882,normal
6326,1781099991.801008,normal
6327,1781099991.802849,normal
6328,1781099991.804980,normal
6329,1781099991.806750,udp_reflection
6330,1781099991.808263,normal
6331,1781099991.811247,syn_flood
6332,1781099991.814048,normal
6333,1781099991.815292,normal
6334,1781099991.816406,http_flood
6335,1781099991.817868,normal
6336,1781099991.819056,normal
6337,1781099991.820856,normal
6338,1781099991.822232,normal
6339,1781099991.823854,normal
6340,1781099991.825507,udp_reflection
6341,1781099991.827543,normal
6342,1781099991.829965,normal
6343,1781099991.831384,normal
6344,1781099991.833084,normal
6345,1781099991.834754,normal
6346,1781099991.836679,udp_reflection
6347,1781099991.838861,normal
6348,1781099991.841025,normal
6349,1781099991.842254,normal
6350,1781099991.844266,normal
6351,1781099991.846001,syn_flood
6352,1781099991.847330,syn_flood
6353,1781099991.849245,normal
6354,1781099991.851297,normal
6355,1781099991.853066,normal
6356,1781099991.854499,syn_flood
6357,1781099991.857324,normal
6358,1781099991.858744,syn_flood
6359,1781099991.859982,normal
6360,1781099991.861551,normal
6361,1781099991.863916,syn_flood
6362,1781099991.865741,normal
6363,1781099991.867385,http_flood
6364,1781099991.868881,syn_flood
6365,1781099991.870761,normal
6366,1781099991.872459,normal
6367,1781099991.874480,normal
6368,1781099991.876608,normal
6369,1781099991.878603,normal
6370,1781099991.880418,normal
6371,1781099991.882050,normal
6372,1781099991.884576,normal
6373,1781099991.886240,normal
6374,1781099991.887961,normal
6375,1781099991.889591,normal
6376,1781099991.891798,normal
6377,1781099991.893154,syn_flood
6378,1781099991.894579,normal
6379,1781099991.895732,normal
6380,1781099991.897966,syn_flood
6381,1781099991.899461,normal
6382,1781099991.901392,syn_flood
6383,1781099991.903676,syn_flood
6384,1781099991.905206,normal
6385,1781099991.907190,http_flood
6386,1781099991.908774,normal
6387,1781099991.910810,normal
6388,1781099991.912452,normal
6389,1781099991.914109,normal
6390,1781099991.915331,normal
6391,1781099991.917670,normal
6392,1781099991.919825,normal
6393,1781099991.921757,normal
6394,1781099991.923161,normal
6395,1781099991.924803,normal
6396,1781099991.926362,normal
6397,1781099991.928164,normal
6398,1781099991.929805,udp_reflection
6399,1781099991.931608,normal
6400,1781099991.932962,normal
6401,1781099991.933934,normal
6402,1781099991.935631,syn_flood
6403,1781099991.937228,normal
6404,1781099991.939178,normal
6405,1781099991.941003,syn_flood
6406,1781099991.942489,normal
6407,1781099991.943797,syn_flood
6408,1781099991.945665,normal
6409,1781099991.947248,syn_flood
6410,1781099991.948737,syn_flood
6411,1781099991.950346,syn_flood
6412,1781099991.952163,normal
6413,1781099991.953839,normal
6414,1781099991.955059,syn_flood
6415,1781099991.956540,syn_flood
6416,1781099991.958814,normal
6417,1781099991.960356,normal
6418,1781099991.961949,syn_flood
6419,1781099991.963331,normal
6420,1781099991.965381,normal
6421,1781099991.966578,normal
6422,1781099991.968461,normal
6423,1781099991.970408,normal
6424,1781099991.971644,normal
6425,1781099991.974263,syn_flood
6426,1781099991.975758,normal
6427,1781099991.977377,normal
6428,1781099991.978890,syn_flood
6429,1781099991.980071,normal
6430,1781099991.981476,normal
6431,1781099991.983171,syn_flood
6432,1781099991.984451,normal
6433,1781099991.986290,normal
6434,1781099991.988137,normal
6435,1781099991.989908,normal
6436,1781099991.991233,normal
6437,1781099991.993123,syn_flood
6438,1781099991.995110,normal
6439,1781099991.997283,syn_flood
6440,1781099991.998985,udp_reflection
6441,1781099992.000918,normal
6442,1781099992.002761,normal
6443,1781099992.005066,normal
6444,1781099992.006388,normal
6445,1781099992.008476,normal
6446,1781099992.009800,normal
6447,1781099992.011456,normal
6448,1781099992.013257,syn_flood
6449,1781099992.015035,normal
6450,1781099992.016544,syn_flood
6451,1781099992.018230,normal
6452,1781099992.019537,normal
6453,1781099992.021727,syn_flood
6454,1781099992.023795,normal
6455,1781099992.025298,normal
6456,1781099992.027245,normal
6457,1781099992.029938,normal
6458,1781099992.032238,normal
6459,1781099992.034640,normal
6460,1781099992.036889,normal
6461,1781099992.038679,normal
6462,1781099992.040450,normal
6463,1781099992.042017,normal
6464,1781099992.043618,normal
6465,1781099992.045226,normal
6466,1781099992.046897,normal
6467,1781099992.048702,normal
6468,1781099992.050778,normal
6469,1781099992.052292,normal
6470,1781099992.055055,syn_flood
6471,1781099992.058039,normal
6472,1781099992.059457,normal
6473,1781099992.060900,http_flood
6474,1781099992.062350,normal
6475,1781099992.064015,normal
6476,1781099992.065852,normal
6477,1781099992.067433,normal
6478,1781099992.068639,normal
6479,1781099992.070504,normal
6480,1781099992.072197,normal
6481,1781099992.074196,normal
6482,1781099992.075316,normal
6483,1781099992.076751,normal
6484,1781099992.078780,normal
6485,1781099992.081646,http_flood
6486,1781099992.083400,normal
6487,1781099992.084922,normal
6488,1781099992.086235,normal
6489,1781099992.087693,syn_flood
6490,1781099992.089243,normal
6491,1781099992.090292,normal
6492,1781099992.091965,syn_flood
6493,1781099992.094015,syn_flood
6494,1781099992.097044,syn_flood
6495,1781099992.098396,syn_flood
6496,1781099992.099965,normal
6497,1781099992.101092,normal
6498,1781099992.102812,normal
6499,1781099992.104470,syn_flood
6500,1781099992.105764,normal
6501,1781099992.107162,normal
6502,1781099992.108945,normal
6503,1781099992.110857,normal
6504,1781099992.111934,normal
6505,1781099992.113581,normal
6506,1781099992.115146,normal
6507,1781099992.116287,normal
6508,1781099992.117488,normal
6509,1781099992.119916,normal
6510,1781099992.121736,normal
6511,1781099992.123552,normal
6512,1781099992.125039,normal
6513,1781099992.127168,udp_reflection
6514,1781099992.128709,normal
6515,1781099992.130267,udp_reflection
6516,1781099992.131946,normal
6517,1781099992.134156,normal
6518,1781099992.136044,normal
6519,1781099992.138060,normal
6520,1781099992.139747,normal
6521,1781099992.141427,normal
6522,1781099992.142432,normal
6523,1781099992.144034,normal
6524,1781099992.145802,normal
6525,1781099992.147326,normal
6526,1781099992.149379,normal
6527,1781099992.150667,normal
6528,1781099992.152242,normal
6529,1781099992.153987,normal
6530,1781099992.155494,syn_flood
6531,1781099992.156836,http_flood
6532,1781099992.158833,normal
6533,1781099992.160268,udp_reflection
6534,1781099992.161807,normal
6535,1781099992.163606,normal
6536,1781099992.165289,syn_flood
6537,1781099992.167313,normal
6538,1781099992.168586,normal
6539,1781099992.171043,http_flood
6540,1781099992.172266,normal
6541,1781099992.174108,syn_flood
6542,1781099992.175677,normal
6543,1781099992.177642,normal
6544,1781099992.179229,normal
6545,1781099992.180600,normal
6546,1781099992.182123,normal
6547,1781099992.183590,normal
6548,1781099992.185410,syn_flood
6549,1781099992.186977,normal
6550,1781099992.188775,normal
6551,1781099992.190283,normal
6552,1781099992.191539,normal
6553,1781099992.194509,normal
6554,1781099992.196315,normal
6555,1781099992.197731,normal
6556,1781099992.199324,syn_flood
6557,1781099992.200644,normal
6558,1781099992.201842,normal
6559,1781099992.203651,normal
6560,1781099992.206175,normal
6561,1781099992.207795,normal
6562,1781099992.209169,normal
6563,1781099992.211703,normal
6564,1781099992.213270,normal
6565,1781099992.215709,normal
6566,1781099992.217981,normal
6567,1781099992.219712,normal
6568,1781099992.221331,normal
6569,1781099992.223021,normal
6570,1781099992.224345,normal
6571,1781099992.225860,normal
6572,1781099992.227547,normal
6573,1781099992.229248,syn_flood
6574,1781099992.230565,normal
6575,1781099992.232073,normal
6576,1781099992.233319,syn_flood
6577,1781099992.235093,normal
6578,1781099992.237155,normal
6579,1781099992.238586,normal
6580,1781099992.239702,normal
6581,1781099992.241613,syn_flood
6582,1781099992.242853,normal
6583,1781099992.244294,normal
6584,1781099992.245816,normal
6585,1781099992.247441,normal
6586,1781099992.249382,normal
6587,1781099992.251300,normal
6588,1781099992.252887,normal
6589,1781099992.254684,normal
6590,1781099992.256815,normal
6591,1781099992.258028,normal
6592,1781099992.260073,udp_reflection
6593,1781099992.261896,normal
6594,1781099992.263131,normal
6595,1781099992.265569,normal
6596,1781099992.268126,normal
6597,1781099992.270534,normal
6598,1781099992.272121,normal
6599,1781099992.273314,normal
6600,1781099992.275425,normal
6601,1781099992.276810,normal
6602,1781099992.278748,normal
6603,1781099992.280321,normal
6604,1781099992.281942,normal
6605,1781099992.284549,normal
6606,1781099992.286763,normal
6607,1781099992.287989,normal
6608,1781099992.289893,normal
6609,1781099992.291744,normal
6610,1781099992.294303,normal
6611,1781099992.295440,normal
6612,1781099992.297176,normal
6613,1781099992.299398,normal
6614,1781099992.300635,normal
6615,1781099992.302630,normal
6616,1781099992.303651,syn_flood
6617,1781099992.305271,syn_flood
6618,1781099992.306273,normal
6619,1781099992.308813,normal
6620,1781099992.310380,normal
6621,1781099992.312101,normal
6622,1781099992.313381,normal
6623,1781099992.315201,syn_flood
6624,1781099992.316790,normal
6625,1781099992.318542,syn_flood
6626,1781099992.320767,normal
6627,1781099992.323163,normal
6628,1781099992.325319,normal
6629,1781099992.326779,normal
6630,1781099992.327971,normal
6631,1781099992.329445,syn_flood
6632,1781099992.330907,normal
6633,1781099992.332955,syn_flood
6634,1781099992.334490,normal
6635,1781099992.336253,normal
6636,1781099992.337722,normal
6637,1781099992.339482,normal
6638,1781099992.340936,syn_flood
6639,1781099992.343088,normal
6640,1781099992.344729,normal
6641,1781099992.346714,syn_flood
6642,1781099992.348510,normal
6643,1781099992.349917,normal
6644,1781099992.351509,http_flood
6645,1781099992.352844,normal
6646,1781099992.355210,normal
6647,1781099992.357332,normal
6648,1781099992.359219,normal
6649,1781099992.361205,normal
6650,1781099992.362518,normal
6651,1781099992.364918,normal
6652,1781099992.366857,normal
6653,1781099992.368324,normal
6654,1781099992.369469,syn_flood
6655,1781099992.371349,syn_flood
6656,1781099992.373044,normal
6657,1781099992.375245,normal
6658,1781099992.377502,normal
6659,1781099992.379437,normal
6660,1781099992.380395,normal
6661,1781099992.381648,normal
6662,1781099992.383309,syn_flood
6663,1781099992.385128,normal
6664,1781099992.386998,syn_flood
6665,1781099992.388626,normal
6666,1781099992.390137,normal
6667,1781099992.391804,normal
6668,1781099992.393257,normal
6669,1781099992.394892,normal
6670,1781099992.396528,normal
6671,1781099992.398125,normal
6672,1781099992.399802,normal
6673,1781099992.401041,normal
6674,1781099992.402167,normal
6675,1781099992.403659,normal
6676,1781099992.405175,normal
6677,1781099992.406604,normal
6678,1781099992.409612,normal
6679,1781099992.411630,normal
6680,1781099992.413206,normal
6681,1781099992.415276,normal
6682,1781099992.416893,normal
6683,1781099992.419359,normal
6684,1781099992.420909,normal
6685,1781099992.422216,normal
6686,1781099992.423861,normal
6687,1781099992.425403,normal
6688,1781099992.426646,udp_reflection
6689,1781099992.428645,normal
6690,1781099992.430851,normal
6691,1781099992.432247,normal
6692,1781099992.433718,normal
6693,1781099992.435036,normal
6694,1781099992.437762,normal
6695,1781099992.439897,normal
6696,1781099992.440982,normal
6697,1781099992.442105,normal
6698,1781099992.443695,normal
6699,1781099992.444896,syn_flood
6700,1781099992.446654,normal
6701,1781099992.448419,normal
6702,1781099992.450180,normal
6703,1781099992.451758,normal
6704,1781099992.452954,normal
6705,1781099992.454617,normal
6706,1781099992.456874,normal
6707,1781099992.459203,normal
6708,1781099992.460459,normal
6709,1781099992.461838,normal
6710,1781099992.463522,normal
6711,1781099992.465320,normal
6712,1781099992.466806,normal
6713,1781099992.468381,normal
6714,1781099992.470927,normal
6715,1781099992.472733,normal
6716,1781099992.474371,http_flood
6717,1781099992.476380,normal
6718,1781099992.478480,normal
6719,1781099992.480659,normal
6720,1781099992.482261,syn_flood
6721,1781099992.483940,syn_flood
6722,1781099992.485476,normal
6723,1781099992.488031,normal
6724,1781099992.489513,normal
6725,1781099992.491301,normal
6726,1781099992.493049,normal
6727,1781099992.494432,normal
6728,1781099992.496527,syn_flood
6729,1781099992.498587,syn_flood
6730,1781099992.500682,syn_flood
6731,1781099992.502801,normal
6732,1781099992.504265,normal
6733,1781099992.506613,normal
6734,1781099992.508305,normal
6735,1781099992.510142,syn_flood
6736,1781099992.513102,normal
6737,1781099992.516389,normal
6738,1781099992.518329,normal
6739,1781099992.519401,syn_flood
6740,1781099992.520966,normal
6741,1781099992.522838,normal
6742,1781099992.524998,normal
6743,1781099992.526843,normal
6744,1781099992.528014,syn_flood
6745,1781099992.530019,syn_flood
6746,1781099992.531748,normal
6747,1781099992.533612,normal
6748,1781099992.535085,normal
6749,1781099992.537315,normal
6750,1781099992.538321,normal
6751,1781099992.539467,normal
6752,1781099992.540900,normal
6753,1781099992.542525,normal
6754,1781099992.544399,normal
6755,1781099992.546302,normal
6756,1781099992.547859,normal
6757,1781099992.549955,syn_flood
6758,1781099992.551354,syn_flood
6759,1781099992.552883,http_flood
6760,1781099992.554670,normal
6761,1781099992.556758,normal
6762,1781099992.557833,normal
6763,1781099992.559523,normal
6764,1781099992.561269,syn_flood
6765,1781099992.563494,normal
6766,1781099992.565607,normal
6767,1781099992.567145,normal
6768,1781099992.568649,normal
6769,1781099992.570458,normal
6770,1781099992.572005,normal
6771,1781099992.574121,normal
6772,1781099992.576319,normal
6773,1781099992.578001,syn_flood
6774,1781099992.579786,normal
6775,1781099992.581312,http_flood
6776,1781099992.583534,syn_flood
6777,1781099992.585124,normal
6778,1781099992.587412,http_flood
6779,1781099992.588459,normal
6780,1781099992.589876,normal
6781,1781099992.591740,normal
6782,1781099992.593434,normal
6783,1781099992.595793,normal
6784,1781099992.597765,normal
6785,1781099992.599305,normal
6786,1781099992.600906,normal
6787,1781099992.602542,normal
6788,1781099992.605264,syn_flood
6789,1781099992.607008,syn_flood
6790,1781099992.609145,normal
6791,1781099992.610921,udp_reflection
6792,1781099992.612340,normal
6793,1781099992.614325,normal
6794,1781099992.616488,normal
6795,1781099992.618553,syn_flood
6796,1781099992.620469,normal
6797,1781099992.622416,normal
6798,1781099992.624103,normal
6799,1781099992.625424,normal
6800,1781099992.627011,syn_flood
6801,1781099992.628469,normal
6802,1781099992.630715,normal
6803,1781099992.631873,syn_flood
6804,1781099992.633526,normal
6805,1781099992.635342,normal
6806,1781099992.636875,normal
6807,1781099992.638454,normal
6808,1781099992.640100,normal
6809,1781099992.642111,normal
6810,1781099992.643784,normal
6811,1781099992.645037,normal
6812,1781099992.646849,normal
6813,1781099992.648782,normal
6814,1781099992.651046,normal
6815,1781099992.652858,normal
6816,1781099992.654534,normal
6817,1781099992.656446,normal
6818,1781099992.658535,normal
6819,1781099992.660343,http_flood
6820,1781099992.661820,normal
6821,1781099992.663661,normal
6822,1781099992.665516,normal
6823,1781099992.667152,normal
6824,1781099992.669257,syn_flood
6825,1781099992.670933,normal
6826,1781099992.672240,normal
6827,1781099992.673843,syn_flood
6828,1781099992.675995,normal
6829,1781099992.677948,normal
6830,1781099992.680022,udp_reflection
6831,1781099992.681384,normal
6832,1781099992.682942,normal
6833,1781099992.684635,normal
6834,1781099992.687709,normal
6835,1781099992.689725,normal
6836,1781099992.691071,normal
6837,1781099992.692508,syn_flood
6838,1781099992.693975,normal
6839,1781099992.695749,normal
6840,1781099992.697432,normal
6841,1781099992.698706,normal
6842,1781099992.699768,syn_flood
6843,1781099992.701735,normal
6844,1781099992.703018,normal
6845,1781099992.704508,normal
6846,1781099992.705775,normal
6847,1781099992.708212,normal
6848,1781099992.709566,normal
6849,1781099992.710892,normal
6850,1781099992.712546,syn_flood
6851,1781099992.714256,normal
6852,1781099992.715861,syn_flood
6853,1781099992.717641,normal
6854,1781099992.719639,normal
6855,1781099992.721295,normal
6856,1781099992.722766,normal
6857,1781099992.724709,normal
6858,1781099992.726448,http_flood
6859,1781099992.727941,normal
6860,1781099992.729383,normal
6861,1781099992.731992,normal
6862,1781099992.733459,syn_flood
6863,1781099992.734977,normal
6864,1781099992.737427,normal
6865,1781099992.739988,normal
6866,1781099992.741380,normal
6867,1781099992.743783,normal
6868,1781099992.745596,syn_flood
6869,1781099992.747880,normal
6870,1781099992.749664,normal
6871,1781099992.751179,normal
6872,1781099992.752904,normal
6873,1781099992.754797,normal
6874,1781099992.756739,normal
6875,1781099992.758832,normal
6876,1781099992.760530,normal
6877,1781099992.761945,normal
6878,1781099992.764782,normal
6879,1781099992.766020,udp_reflection
6880,1781099992.768310,normal
6881,1781099992.770288,normal
6882,1781099992.771858,syn_flood
6883,1781099992.773029,normal
6884,1781099992.774377,normal
6885,1781099992.775918,normal
6886,1781099992.777820,normal
6887,1781099992.779735,normal
6888,1781099992.780934,normal
6889,1781099992.782496,normal
6890,1781099992.784261,udp_reflection
6891,1781099992.786261,normal
6892,1781099992.787772,normal
6893,1781099992.789251,normal
6894,1781099992.791089,normal
6895,1781099992.792276,udp_reflection
6896,1781099992.794994,normal
6897,1781099992.795933,normal
6898,1781099992.797075,normal
6899,1781099992.798386,syn_flood
6900,1781099992.799503,normal
6901,1781099992.801122,syn_flood
6902,1781099992.802713,normal
6903,1781099992.804075,normal
6904,1781099992.805131,normal
6905,1781099992.807103,normal
6906,1781099992.808118,udp_reflection
6907,1781099992.810117,syn_flood
6908,1781099992.811880,normal
6909,1781099992.813349,normal
6910,1781099992.815433,syn_flood
6911,1781099992.817214,normal
6912,1781099992.818738,normal
6913,1781099992.820561,syn_flood
6914,1781099992.822179,normal
6915,1781099992.823671,normal
6916,1781099992.825092,normal
6917,1781099992.826696,normal
6918,1781099992.828983,normal
6919,1781099992.830545,normal
6920,1781099992.832568,normal
6921,1781099992.833872,http_flood
6922,1781099992.835740,normal
6923,1781099992.836975,normal
6924,1781099992.838105,normal
6925,1781099992.839507,normal
6926,1781099992.840782,normal
6927,1781099992.841954,normal
6928,1781099992.843164,syn_flood
6929,1781099992.844087,normal
6930,1781099992.846160,syn_flood
6931,1781099992.847369,normal
6932,1781099992.848835,normal
6933,1781099992.850803,syn_flood
6934,1781099992.852678,syn_flood
6935,1781099992.854585,normal
6936,1781099992.856337,normal
6937,1781099992.858031,normal
6938,1781099992.858920,normal
6939,1781099992.860669,normal
6940,1781099992.862051,syn_flood
6941,1781099992.864025,normal
6942,1781099992.865849,syn_flood
6943,1781099992.867598,normal
6944,1781099992.869631,normal
6945,1781099992.871594,normal
6946,1781099992.873475,normal
6947,1781099992.875173,normal
6948,1781099992.877033,normal
6949,1781099992.878941,normal
6950,1781099992.880630,normal
6951,1781099992.883209,normal
6952,1781099992.884946,normal
6953,1781099992.886904,normal
6954,1781099992.888271,normal
6955,1781099992.889854,syn_flood
6956,1781099992.891569,syn_flood
6957,1781099992.893060,normal
6958,1781099992.895338,udp_reflection
6959,1781099992.897269,syn_flood
6960,1781099992.898741,normal
6961,1781099992.900383,syn_flood
6962,1781099992.901910,normal
6963,1781099992.903498,normal
6964,1781099992.905231,normal
6965,1781099992.906873,normal
6966,1781099992.908384,udp_reflection
6967,1781099992.911036,normal
6968,1781099992.913192,normal
6969,1781099992.914742,normal
6970,1781099992.916471,normal
6971,1781099992.918792,syn_flood
6972,1781099992.920347,normal
6973,1781099992.921701,syn_flood
6974,1781099992.923639,normal
6975,1781099992.925419,http_flood
6976,1781099992.927378,normal
6977,1781099992.928943,http_flood
6978,1781099992.930743,udp_reflection
6979,1781099992.932698,normal
6980,1781099992.934363,normal
6981,1781099992.935539,normal
6982,1781099992.937175,normal
6983,1781099992.938900,normal
6984,1781099992.940755,udp_reflection
6985,1781099992.943079,syn_flood
6986,1781099992.944485,normal
6987,1781099992.946176,normal
6988,1781099992.947593,normal
6989,1781099992.948929,normal
6990,1781099992.950622,normal
6991,1781099992.952053,normal
6992,1781099992.953943,normal
6993,1781099992.955728,normal
6994,1781099992.957998,normal
6995,1781099992.959580,syn_flood
6996,1781099992.961208,normal
6997,1781099992.964459,normal
6998,1781099992.965973,normal
6999,1781099992.967729,normal
7000,1781099992.969251,normal
7001,1781099992.970904,normal
7002,1781099992.973483,normal
7003,1781099992.974481,normal
7004,1781099992.976046,syn_flood
7005,1781099992.978126,normal
7006,1781099992.979548,normal
7007,1781099992.980928,normal
7008,1781099992.982402,normal
7009,1781099992.984272,normal
7010,1781099992.985744,normal
7011,1781099992.988252,normal
7012,1781099992.989951,normal
7013,1781099992.991053,syn_flood
7014,1781099992.993395,normal
7015,1781099992.994790,normal
7016,1781099992.996278,http_flood
7017,1781099992.998016,normal
7018,1781099992.999460,normal
7019,1781099993.000395,normal
7020,1781099993.001620,normal
7021,1781099993.003392,normal
7022,1781099993.005098,normal
7023,1781099993.006322,normal
7024,1781099993.008630,normal
7025,1781099993.009825,udp_reflection
7026,1781099993.011350,normal
7027,1781099993.013918,syn_flood
7028,1781099993.015269,normal
7029,1781099993.016922,normal
7030,1781099993.018696,normal
7031,1781099993.020727,syn_flood
7032,1781099993.022622,normal
7033,1781099993.024223,normal
7034,1781099993.025542,normal
7035,1781099993.026801,normal
7036,1781099993.028639,normal
7037,1781099993.029944,normal
7038,1781099993.031488,normal
7039,1781099993.033040,normal
7040,1781099993.035214,normal
7041,1781099993.037350,http_flood
7042,1781099993.038808,normal
7043,1781099993.040121,syn_flood
7044,1781099993.042111,normal
7045,1781099993.043463,normal
7046,1781099993.045422,normal
7047,1781099993.046974,normal
7048,1781099993.048586,syn_flood
7049,1781099993.050277,normal
7050,1781099993.051789,normal
7051,1781099993.053324,normal
7052,1781099993.054754,syn_flood
7053,1781099993.056219,normal
7054,1781099993.057176,udp_reflection
7055,1781099993.058432,normal
7056,1781099993.059962,normal
7057,1781099993.061320,normal
7058,1781099993.062741,normal
7059,1781099993.064363,normal
7060,1781099993.065906,normal
7061,1781099993.068110,normal
7062,1781099993.070293,normal
7063,1781099993.071917,syn_flood
7064,1781099993.073166,normal
7065,1781099993.074873,normal
7066,1781099993.076347,normal
7067,1781099993.077912,normal
7068,1781099993.079437,http_flood
7069,1781099993.080788,normal
7070,1781099993.082662,normal
7071,1781099993.084132,normal
7072,1781099993.085916,normal
7073,1781099993.088644,http_flood
7074,1781099993.090360,normal
7075,1781099993.091825,normal
7076,1781099993.093462,normal
7077,1781099993.095109,syn_flood
7078,1781099993.096349,syn_flood
7079,1781099993.097790,syn_flood
7080,1781099993.099115,normal
7081,1781099993.100852,normal
7082,1781099993.102577,normal
7083,1781099993.104196,syn_flood
7084,1781099993.106672,normal
7085,1781099993.108389,normal
7086,1781099993.110164,normal
7087,1781099993.111756,http_flood
7088,1781099993.113455,normal
7089,1781099993.115198,normal
7090,1781099993.117473,normal
7091,1781099993.118953,normal
7092,1781099993.121238,normal
7093,1781099993.123789,syn_flood
7094,1781099993.125900,normal
7095,1781099993.127615,normal
7096,1781099993.129701,normal
7097,1781099993.131876,normal
7098,1781099993.133405,normal
7099,1781099993.134599,normal
7100,1781099993.136572,normal
7101,1781099993.138065,normal
7102,1781099993.140349,normal
7103,1781099993.141747,normal
7104,1781099993.143197,normal
7105,1781099993.144743,normal
7106,1781099993.146692,normal
7107,1781099993.148526,syn_flood
7108,1781099993.151000,normal
7109,1781099993.152655,normal
7110,1781099993.154227,syn_flood
7111,1781099993.155532,http_flood
7112,1781099993.157458,normal
7113,1781099993.159443,normal
7114,1781099993.160974,syn_flood
7115,1781099993.162830,normal
7116,1781099993.164067,syn_flood
7117,1781099993.166261,normal
7118,1781099993.168933,normal
7119,1781099993.171666,syn_flood
7120,1781099993.173551,normal
7121,1781099993.174997,normal
7122,1781099993.177284,syn_flood
7123,1781099993.178892,normal
7124,1781099993.180767,normal
7125,1781099993.182965,normal
7126,1781099993.185223,normal
7127,1781099993.186921,normal
7128,1781099993.187927,normal
7129,1781099993.189583,normal
7130,1781099993.191160,http_flood
7131,1781099993.192044,normal
7132,1781099993.193290,normal
7133,1781099993.194582,normal
7134,1781099993.196352,normal
7135,1781099993.198322,normal
7136,1781099993.199836,normal
7137,1781099993.201634,normal
7138,1781099993.203960,udp_reflection
7139,1781099993.205276,normal
7140,1781099993.207084,syn_flood
7141,1781099993.208849,normal
7142,1781099993.210345,normal
7143,1781099993.211787,normal
7144,1781099993.212785,normal
7145,1781099993.214059,normal
7146,1781099993.215512,normal
7147,1781099993.217136,normal
7148,1781099993.218765,normal
7149,1781099993.220640,normal
7150,1781099993.221929,normal
7151,1781099993.223284,normal
7152,1781099993.225240,syn_flood
7153,1781099993.226886,normal
7154,1781099993.228161,normal
7155,1781099993.230874,normal
7156,1781099993.231862,normal
7157,1781099993.233437,normal
7158,1781099993.236009,normal
7159,1781099993.238251,normal
7160,1781099993.239870,normal
7161,1781099993.241172,normal
7162,1781099993.243023,normal
7163,1781099993.244853,normal
7164,1781099993.246391,normal
7165,1781099993.247789,normal
7166,1781099993.249399,normal
7167,1781099993.250925,http_flood
7168,1781099993.252649,normal
7169,1781099993.253959,normal
7170,1781099993.255194,normal
7171,1781099993.256816,normal
7172,1781099993.258754,normal
7173,1781099993.260239,syn_flood
7174,1781099993.261452,normal
7175,1781099993.262974,udp_reflection
7176,1781099993.264461,normal
7177,1781099993.266567,normal
7178,1781099993.268165,normal
7179,1781099993.269930,syn_flood
7180,1781099993.271971,normal
7181,1781099993.273454,normal
7182,1781099993.275313,normal
7183,1781099993.276647,normal
7184,1781099993.278816,normal
7185,1781099993.280432,syn_flood
7186,1781099993.282250,syn_flood
7187,1781099993.283864,syn_flood
7188,1781099993.285265,normal
7189,1781099993.286570,normal
7190,1781099993.288041,normal
7191,1781099993.289475,syn_flood
7192,1781099993.291076,normal
7193,1781099993.292823,normal
7194,1781099993.294163,normal
7195,1781099993.295802,normal
7196,1781099993.297233,udp_reflection
7197,1781099993.299183,normal
7198,1781099993.300811,normal
7199,1781099993.302005,normal
7200,1781099993.304894,normal
7201,1781099993.307020,normal
7202,1781099993.308885,normal
7203,1781099993.310436,normal
7204,1781099993.312254,normal
7205,1781099993.313637,normal
7206,1781099993.315434,normal
7207,1781099993.318040,normal
7208,1781099993.319696,normal
7209,1781099993.321013,normal
7210,1781099993.322657,http_flood
7211,1781099993.324335,syn_flood
7212,1781099993.325815,normal
7213,1781099993.327410,normal
7214,1781099993.329075,syn_flood
7215,1781099993.331068,normal
7216,1781099993.332706,normal
7217,1781099993.334395,normal
7218,1781099993.336234,normal
7219,1781099993.338038,normal
7220,1781099993.339951,http_flood
7221,1781099993.341352,normal
7222,1781099993.342690,normal
7223,1781099993.344574,normal
7224,1781099993.346016,normal
7225,1781099993.347212,normal
7226,1781099993.349481,normal
7227,1781099993.351396,normal
7228,1781099993.353616,normal
7229,1781099993.355126,normal
7230,1781099993.357150,normal
7231,1781099993.358847,normal
7232,1781099993.360128,udp_reflection
7233,1781099993.362302,normal
7234,1781099993.363669,normal
7235,1781099993.365225,normal
7236,1781099993.366990,syn_flood
7237,1781099993.369022,normal
7238,1781099993.370337,normal
7239,1781099993.372259,http_flood
7240,1781099993.373467,normal
7241,1781099993.374796,normal
7242,1781099993.376768,normal
7243,1781099993.378988,normal
7244,1781099993.380587,normal
7245,1781099993.382022,syn_flood
7246,1781099993.384093,normal
7247,1781099993.385924,normal
7248,1781099993.387540,normal
7249,1781099993.389004,normal
7250,1781099993.390688,normal
7251,1781099993.392375,normal
7252,1781099993.393998,syn_flood
7253,1781099993.395675,normal
7254,1781099993.397702,normal
7255,1781099993.399450,normal
7256,1781099993.401111,normal
7257,1781099993.403843,normal
7258,1781099993.405614,normal
7259,1781099993.407275,normal
7260,1781099993.409405,udp_reflection
7261,1781099993.410816,normal
7262,1781099993.413082,normal
7263,1781099993.415727,normal
7264,1781099993.417086,normal
7265,1781099993.419261,syn_flood
7266,1781099993.420969,normal
7267,1781099993.422410,normal
7268,1781099993.424190,normal
7269,1781099993.425798,normal
7270,1781099993.427443,normal
7271,1781099993.429166,normal
7272,1781099993.431099,normal
7273,1781099993.433021,normal
7274,1781099993.434350,syn_flood
7275,1781099993.436549,udp_reflection
7276,1781099993.437835,normal
7277,1781099993.439463,normal
7278,1781099993.441098,normal
7279,1781099993.443041,normal
7280,1781099993.444560,syn_flood
7281,1781099993.446604,syn_flood
7282,1781099993.447897,syn_flood
7283,1781099993.449578,syn_flood
7284,1781099993.450784,normal
7285,1781099993.452186,http_flood
7286,1781099993.453254,normal
7287,1781099993.455452,syn_flood
7288,1781099993.456908,normal
7289,1781099993.458219,normal
7290,1781099993.460084,syn_flood
7291,1781099993.462020,normal
7292,1781099993.463407,http_flood
7293,1781099993.465146,normal
7294,1781099993.466823,normal
7295,1781099993.468498,normal
7296,1781099993.471039,normal
7297,1781099993.472338,normal
7298,1781099993.474425,syn_flood
7299,1781099993.476453,normal
7300,1781099993.478253,syn_flood
7301,1781099993.479503,udp_reflection
7302,1781099993.481334,syn_flood
7303,1781099993.483328,udp_reflection
7304,1781099993.484463,normal
7305,1781099993.485861,normal
7306,1781099993.487723,normal
7307,1781099993.489749,normal
7308,1781099993.491312,normal
7309,1781099993.493586,normal
7310,1781099993.494724,normal
7311,1781099993.496295,syn_flood
7312,1781099993.497913,normal
7313,1781099993.499864,normal
7314,1781099993.501834,normal
7315,1781099993.502986,normal
7316,1781099993.504658,normal
7317,1781099993.506774,http_flood
7318,1781099993.508517,normal
7319,1781099993.509897,normal
7320,1781099993.511014,normal
7321,1781099993.512663,normal
7322,1781099993.514524,syn_flood
7323,1781099993.516195,syn_flood
7324,1781099993.517630,normal
7325,1781099993.519403,normal
7326,1781099993.521314,normal
7327,1781099993.522497,syn_flood
7328,1781099993.524017,normal
7329,1781099993.525787,normal
7330,1781099993.527332,normal
7331,1781099993.529311,udp_reflection
7332,1781099993.530883,normal
7333,1781099993.532531,normal
7334,1781099993.534214,normal
7335,1781099993.535827,http_flood
7336,1781099993.537278,normal
7337,1781099993.538409,normal
7338,1781099993.540600,normal
7339,1781099993.541592,normal
7340,1781099993.543960,normal
7341,1781099993.545646,normal
7342,1781099993.548007,normal
7343,1781099993.549651,normal
7344,1781099993.551220,normal
7345,1781099993.552840,udp_reflection
7346,1781099993.556005,normal
7347,1781099993.557408,normal
7348,1781099993.558988,normal
7349,1781099993.560768,normal
7350,1781099993.562444,udp_reflection
7351,1781099993.563727,normal
7352,1781099993.565471,syn_flood
7353,1781099993.566953,http_flood
7354,1781099993.568265,normal
7355,1781099993.570428,normal
7356,1781099993.572076,normal
7357,1781099993.573821,normal
7358,1781099993.575451,normal
7359,1781099993.577339,normal
7360,1781099993.578803,normal
7361,1781099993.580581,normal
7362,1781099993.582325,syn_flood
7363,1781099993.585381,syn_flood
7364,1781099993.587803,normal
7365,1781099993.588958,udp_reflection
7366,1781099993.591066,normal
7367,1781099993.592946,normal
7368,1781099993.594784,normal
7369,1781099993.596732,normal
7370,1781099993.598805,syn_flood
7371,1781099993.600865,normal
7372,1781099993.602794,normal
7373,1781099993.603947,normal
7374,1781099993.605438,normal
7375,1781099993.607305,normal
7376,1781099993.608798,normal
7377,1781099993.609987,udp_reflection
7378,1781099993.611311,syn_flood
7379,1781099993.613581,normal
7380,1781099993.615103,normal
7381,1781099993.616462,normal
7382,1781099993.617629,syn_flood
7383,1781099993.618983,normal
7384,1781099993.620778,normal
7385,1781099993.622040,normal
7386,1781099993.623419,normal
7387,1781099993.625408,normal
7388,1781099993.626814,syn_flood
7389,1781099993.628171,normal
7390,1781099993.629586,normal
7391,1781099993.630698,udp_reflection
7392,1781099993.632071,normal
7393,1781099993.633777,normal
7394,1781099993.635684,udp_reflection
7395,1781099993.638098,normal
7396,1781099993.639664,udp_reflection
7397,1781099993.641827,http_flood
7398,1781099993.643475,http_flood
7399,1781099993.644640,normal
7400,1781099993.647348,syn_flood
7401,1781099993.648840,normal
7402,1781099993.651020,normal
7403,1781099993.653009,normal
7404,1781099993.654691,normal
7405,1781099993.656285,udp_reflection
7406,1781099993.657589,syn_flood
7407,1781099993.659055,normal
7408,1781099993.660522,syn_flood
7409,1781099993.661890,normal
7410,1781099993.663955,normal
7411,1781099993.665419,syn_flood
7412,1781099993.666851,normal
7413,1781099993.668632,normal
7414,1781099993.670607,normal
7415,1781099993.672408,normal
7416,1781099993.674136,syn_flood
7417,1781099993.676350,normal
7418,1781099993.677792,normal
7419,1781099993.679288,normal
7420,1781099993.680930,normal
7421,1781099993.682612,udp_reflection
7422,1781099993.684447,normal
7423,1781099993.686052,normal
7424,1781099993.687946,normal
7425,1781099993.689293,udp_reflection
7426,1781099993.691027,normal
7427,1781099993.692480,normal
7428,1781099993.693731,syn_flood
7429,1781099993.696295,normal
7430,1781099993.698664,normal
7431,1781099993.700460,syn_flood
7432,1781099993.702599,normal
7433,1781099993.705531,normal
7434,1781099993.706819,normal
7435,1781099993.708801,syn_flood
7436,1781099993.709989,normal
7437,1781099993.712008,normal
7438,1781099993.713785,normal
7439,1781099993.715257,normal
7440,1781099993.716999,normal
7441,1781099993.718216,normal
7442,1781099993.720473,syn_flood
7443,1781099993.721332,normal
7444,1781099993.723496,syn_flood
7445,1781099993.725854,normal
7446,1781099993.727468,udp_reflection
7447,1781099993.729047,normal
7448,1781099993.730688,syn_flood
7449,1781099993.732602,normal
7450,1781099993.733955,normal
7451,1781099993.735885,normal
7452,1781099993.737808,syn_flood
7453,1781099993.739483,normal
7454,1781099993.740589,http_flood
7455,1781099993.742826,normal
7456,1781099993.744422,normal
7457,1781099993.745619,normal
7458,1781099993.747191,normal
7459,1781099993.748585,normal
7460,1781099993.750867,normal
7461,1781099993.752508,normal
7462,1781099993.754111,normal
7463,1781099993.755455,normal
7464,1781099993.757940,normal
7465,1781099993.759699,normal
7466,1781099993.762118,normal
7467,1781099993.764335,syn_flood
7468,1781099993.766589,syn_flood
7469,1781099993.768129,normal
7470,1781099993.769306,normal
7471,1781099993.771629,normal
7472,1781099993.773252,syn_flood
7473,1781099993.774597,normal
7474,1781099993.777163,normal
7475,1781099993.778711,normal
7476,1781099993.780612,syn_flood
7477,1781099993.782295,normal
7478,1781099993.783308,normal
7479,1781099993.785026,normal
7480,1781099993.786808,normal
7481,1781099993.790581,normal
7482,1781099993.792912,normal
7483,1781099993.794321,normal
7484,1781099993.795513,normal
7485,1781099993.797435,http_flood
7486,1781099993.799590,normal
7487,1781099993.801483,syn_flood
7488,1781099993.802914,normal
7489,1781099993.805201,normal
7490,1781099993.806595,normal
7491,1781099993.807949,normal
7492,1781099993.809272,syn_flood
7493,1781099993.810691,normal
7494,1781099993.812028,normal
7495,1781099993.813983,syn_flood
7496,1781099993.815468,normal
7497,1781099993.816903,normal
7498,1781099993.818612,normal
7499,1781099993.820052,udp_reflection
7500,1781099993.821542,syn_flood
7501,1781099993.823126,normal
7502,1781099993.824894,normal
7503,1781099993.826907,normal
7504,1781099993.828584,normal
7505,1781099993.830552,normal
7506,1781099993.832125,normal
7507,1781099993.833764,normal
7508,1781099993.835042,normal
7509,1781099993.836763,normal
7510,1781099993.838217,normal
7511,1781099993.839937,normal
7512,1781099993.841285,normal
7513,1781099993.842740,normal
7514,1781099993.844448,udp_reflection
7515,1781099993.845987,normal
7516,1781099993.847824,normal
7517,1781099993.850002,normal
7518,1781099993.851701,syn_flood
7519,1781099993.852865,syn_flood
7520,1781099993.854475,normal
7521,1781099993.856163,normal
7522,1781099993.857569,normal
7523,1781099993.859278,normal
7524,1781099993.861156,normal
7525,1781099993.862631,normal
7526,1781099993.864451,http_flood
7527,1781099993.865837,normal
7528,1781099993.867409,udp_reflection
7529,1781099993.869356,normal
7530,1781099993.871493,syn_flood
7531,1781099993.872990,normal
7532,1781099993.874760,normal
7533,1781099993.876521,syn_flood
7534,1781099993.878172,normal
7535,1781099993.879871,normal
7536,1781099993.881707,normal
7537,1781099993.883248,normal
7538,1781099993.884819,normal
7539,1781099993.886350,normal
7540,1781099993.888043,normal
7541,1781099993.890058,normal
7542,1781099993.892268,normal
7543,1781099993.893804,normal
7544,1781099993.895491,syn_flood
7545,1781099993.896629,normal
7546,1781099993.898036,normal
7547,1781099993.899429,normal
7548,1781099993.901141,normal
7549,1781099993.902546,normal
7550,1781099993.904194,http_flood
7551,1781099993.905956,normal
7552,1781099993.907401,normal
7553,1781099993.909118,syn_flood
7554,1781099993.910930,normal
7555,1781099993.912422,normal
7556,1781099993.914112,normal
7557,1781099993.915622,http_flood
7558,1781099993.916861,normal
7559,1781099993.918477,normal
7560,1781099993.920736,normal
7561,1781099993.922635,normal
7562,1781099993.924774,normal
7563,1781099993.926906,normal
7564,1781099993.928038,normal
7565,1781099993.929565,syn_flood
7566,1781099993.931516,normal
7567,1781099993.933185,syn_flood
7568,1781099993.935259,normal
7569,1781099993.936496,normal
7570,1781099993.938248,normal
7571,1781099993.939746,normal
7572,1781099993.941621,normal
7573,1781099993.943317,normal
7574,1781099993.945238,normal
7575,1781099993.946691,normal
7576,1781099993.948956,normal
7577,1781099993.950386,normal
7578,1781099993.952427,normal
7579,1781099993.953678,syn_flood
7580,1781099993.955806,normal
7581,1781099993.957392,normal
7582,1781099993.958931,normal
7583,1781099993.961147,normal
7584,1781099993.962498,normal
7585,1781099993.964481,http_flood
7586,1781099993.966936,normal
7587,1781099993.968316,normal
7588,1781099993.970580,normal
7589,1781099993.972443,normal
7590,1781099993.974180,normal
7591,1781099993.975461,normal
7592,1781099993.977667,normal
7593,1781099993.979597,normal
7594,1781099993.980984,normal
7595,1781099993.983358,normal
7596,1781099993.985350,normal
7597,1781099993.987503,normal
7598,1781099993.989160,normal
7599,1781099993.990824,normal
7600,1781099993.992516,normal
7601,1781099993.994918,http_flood
7602,1781099993.996681,normal
7603,1781099993.998298,normal
7604,1781099993.999998,http_flood
7605,1781099994.001370,normal
7606,1781099994.002978,normal
7607,1781099994.004292,normal
7608,1781099994.006412,normal
7609,1781099994.007979,normal
7610,1781099994.010286,normal
7611,1781099994.012572,normal
7612,1781099994.014406,normal
7613,1781099994.015532,normal
7614,1781099994.016747,normal
7615,1781099994.018149,http_flood
7616,1781099994.020157,normal
7617,1781099994.021319,normal
7618,1781099994.023273,normal
7619,1781099994.024797,normal
7620,1781099994.025993,normal
7621,1781099994.028046,syn_flood
7622,1781099994.029471,normal
7623,1781099994.031460,http_flood
7624,1781099994.032254,normal
7625,1781099994.034151,normal
7626,1781099994.035520,syn_flood
7627,1781099994.037476,normal
7628,1781099994.038852,normal
7629,1781099994.040230,normal
7630,1781099994.041889,normal
7631,1781099994.043636,syn_flood
7632,1781099994.045180,normal
7633,1781099994.046985,normal
7634,1781099994.048941,normal
7635,1781099994.050570,normal
7636,1781099994.052770,normal
7637,1781099994.053959,normal
7638,1781099994.055547,syn_flood
7639,1781099994.057029,normal
7640,1781099994.058446,normal
7641,1781099994.060364,normal
7642,1781099994.062856,normal
7643,1781099994.064345,normal
7644,1781099994.066547,normal
7645,1781099994.068033,normal
7646,1781099994.069285,syn_flood
7647,1781099994.070876,normal
7648,1781099994.072435,normal
7649,1781099994.074407,normal
7650,1781099994.076422,normal
7651,1781099994.077781,syn_flood
7652,1781099994.078882,normal
7653,1781099994.080026,normal
7654,1781099994.081952,normal
7655,1781099994.083744,normal
7656,1781099994.085532,syn_flood
7657,1781099994.086932,normal
7658,1781099994.088314,normal
7659,1781099994.090125,syn_flood
7660,1781099994.091277,normal
7661,1781099994.093207,normal
7662,1781099994.094303,normal
7663,1781099994.096412,syn_flood
7664,1781099994.098399,normal
7665,1781099994.100164,normal
7666,1781099994.101812,syn_flood
7667,1781099994.103809,normal
7668,1781099994.105213,normal
7669,1781099994.106321,normal
7670,1781099994.107863,normal
7671,1781099994.109866,syn_flood
7672,1781099994.111419,normal
7673,1781099994.112993,http_flood
7674,1781099994.116023,http_flood
7675,1781099994.118350,normal
7676,1781099994.120131,normal
7677,1781099994.121666,normal
7678,1781099994.123788,udp_reflection
7679,1781099994.125837,normal
7680,1781099994.127054,normal
7681,1781099994.129142,udp_reflection
7682,1781099994.130609,normal
7683,1781099994.132385,normal
7684,1781099994.134222,normal
7685,1781099994.136362,normal
7686,1781099994.138151,normal
7687,1781099994.139718,udp_reflection
7688,1781099994.141882,syn_flood
7689,1781099994.143514,normal
7690,1781099994.145303,normal
7691,1781099994.146809,normal
7692,1781099994.148940,normal
7693,1781099994.150818,normal
7694,1781099994.152474,normal
7695,1781099994.154315,http_flood
7696,1781099994.156018,normal
7697,1781099994.157298,normal
7698,1781099994.159329,normal
7699,1781099994.161690,syn_flood
7700,1781099994.163447,normal
7701,1781099994.165399,syn_flood
7702,1781099994.166768,normal
7703,1781099994.169068,syn_flood
7704,1781099994.170291,normal
7705,1781099994.172462,syn_flood
7706,1781099994.174026,syn_flood
7707,1781099994.175719,normal
7708,1781099994.177662,http_flood
7709,1781099994.179360,udp_reflection
7710,1781099994.181203,normal
7711,1781099994.182358,normal
7712,1781099994.184096,udp_reflection
7713,1781099994.185867,http_flood
7714,1781099994.187994,normal
7715,1781099994.188837,normal
7716,1781099994.190106,normal
7717,1781099994.191658,normal
7718,1781099994.193317,normal
7719,1781099994.194479,normal
7720,1781099994.196726,normal
7721,1781099994.198772,normal
7722,1781099994.200327,syn_flood
7723,1781099994.202360,normal
7724,1781099994.204334,normal
7725,1781099994.206408,syn_flood
7726,1781099994.208592,normal
7727,1781099994.210798,normal
7728,1781099994.212604,normal
7729,1781099994.214797,normal
7730,1781099994.216259,normal
7731,1781099994.217646,normal
7732,1781099994.219310,normal
7733,1781099994.221488,normal
7734,1781099994.223182,syn_flood
7735,1781099994.224468,normal
7736,1781099994.225771,normal
7737,1781099994.227279,normal
7738,1781099994.228960,normal
7739,1781099994.230814,udp_reflection
7740,1781099994.232828,normal
7741,1781099994.235394,normal
7742,1781099994.236750,normal
7743,1781099994.239018,normal
7744,1781099994.241340,normal
7745,1781099994.243091,normal
7746,1781099994.244961,normal
7747,1781099994.247398,normal
7748,1781099994.248879,http_flood
7749,1781099994.250612,http_flood
7750,1781099994.253163,normal
7751,1781099994.255364,normal
7752,1781099994.257548,normal
7753,1781099994.259431,normal
7754,1781099994.261290,normal
7755,1781099994.263233,normal
7756,1781099994.266086,normal
7757,1781099994.267491,normal
7758,1781099994.270031,normal
7759,1781099994.271981,normal
7760,1781099994.274403,normal
7761,1781099994.275489,normal
7762,1781099994.277189,normal
7763,1781099994.278817,syn_flood
7764,1781099994.281708,normal
7765,1781099994.283241,normal
7766,1781099994.284568,normal
7767,1781099994.286734,normal
7768,1781099994.288168,syn_flood
7769,1781099994.289653,syn_flood
7770,1781099994.291094,normal
7771,1781099994.293162,normal
7772,1781099994.294825,normal
7773,1781099994.295944,normal
7774,1781099994.297795,normal
7775,1781099994.299672,normal
7776,1781099994.300960,normal
7777,1781099994.302349,normal
7778,1781099994.304000,syn_flood
7779,1781099994.305557,normal
7780,1781099994.307597,normal
7781,1781099994.309355,normal
7782,1781099994.311106,normal
7783,1781099994.314248,normal
7784,1781099994.316045,normal
7785,1781099994.317388,normal
7786,1781099994.318937,normal
7787,1781099994.320418,normal
7788,1781099994.322190,normal
7789,1781099994.323945,normal
7790,1781099994.325182,normal
7791,1781099994.327618,normal
7792,1781099994.329270,http_flood
7793,1781099994.331090,normal
7794,1781099994.333207,normal
7795,1781099994.334342,normal
7796,1781099994.335748,syn_flood
7797,1781099994.337536,normal
7798,1781099994.338850,syn_flood
7799,1781099994.340569,normal
7800,1781099994.342485,syn_flood
7801,1781099994.344123,normal
7802,1781099994.346029,syn_flood
7803,1781099994.347787,syn_flood
7804,1781099994.349143,normal
7805,1781099994.350934,normal
7806,1781099994.352607,normal
7807,1781099994.354552,normal
7808,1781099994.356206,normal
7809,1781099994.357853,normal
7810,1781099994.359785,normal
7811,1781099994.361331,normal
7812,1781099994.362613,normal
7813,1781099994.364498,normal
7814,1781099994.366320,syn_flood
7815,1781099994.367818,normal
7816,1781099994.368875,syn_flood
7817,1781099994.370376,normal
7818,1781099994.372371,syn_flood
7819,1781099994.373870,syn_flood
7820,1781099994.375732,syn_flood
7821,1781099994.377454,normal
7822,1781099994.379180,normal
7823,1781099994.380584,normal
7824,1781099994.381792,normal
7825,1781099994.383035,normal
7826,1781099994.384999,normal
7827,1781099994.386904,normal
7828,1781099994.389210,normal
7829,1781099994.390884,normal
7830,1781099994.393251,syn_flood
7831,1781099994.394882,normal
7832,1781099994.396180,udp_reflection
7833,1781099994.397564,normal
7834,1781099994.399443,normal
7835,1781099994.402084,syn_flood
7836,1781099994.404024,normal
7837,1781099994.405912,normal
7838,1781099994.407439,syn_flood
7839,1781099994.408700,syn_flood
7840,1781099994.409865,normal
7841,1781099994.411756,normal
7842,1781099994.413453,normal
7843,1781099994.414765,normal
7844,1781099994.417022,normal
7845,1781099994.418991,normal
7846,1781099994.421155,syn_flood
7847,1781099994.423123,normal
7848,1781099994.424297,syn_flood
7849,1781099994.426536,normal
7850,1781099994.428551,normal
7851,1781099994.430389,normal
7852,1781099994.433029,normal
7853,1781099994.434518,normal
7854,1781099994.436814,normal
7855,1781099994.438190,syn_flood
7856,1781099994.440335,syn_flood
7857,1781099994.442400,normal
7858,1781099994.445147,normal
7859,1781099994.447040,normal
7860,1781099994.448605,syn_flood
7861,1781099994.450007,http_flood
7862,1781099994.452165,normal
7863,1781099994.453547,normal
7864,1781099994.454574,normal
7865,1781099994.457249,normal
7866,1781099994.458672,syn_flood
7867,1781099994.460722,http_flood
7868,1781099994.462133,normal
7869,1781099994.463665,normal
7870,1781099994.466234,syn_flood
7871,1781099994.467749,normal
7872,1781099994.470400,normal
7873,1781099994.472096,syn_flood
7874,1781099994.473519,normal
7875,1781099994.474664,normal
7876,1781099994.476731,normal
7877,1781099994.478793,normal
7878,1781099994.480587,normal
7879,1781099994.482475,normal
7880,1781099994.484143,syn_flood
7881,1781099994.485741,normal
7882,1781099994.487141,normal
7883,1781099994.489527,syn_flood
7884,1781099994.491317,normal
7885,1781099994.493265,normal
7886,1781099994.494762,syn_flood
7887,1781099994.496318,normal
7888,1781099994.497477,normal
7889,1781099994.498669,normal
7890,1781099994.499755,normal
7891,1781099994.501380,normal
7892,1781099994.502492,syn_flood
7893,1781099994.504627,http_flood
7894,1781099994.506375,normal
7895,1781099994.508852,normal
7896,1781099994.509791,normal
7897,1781099994.511328,normal
7898,1781099994.512513,normal
7899,1781099994.513882,normal
7900,1781099994.515168,normal
7901,1781099994.516686,syn_flood
7902,1781099994.518113,normal
7903,1781099994.520162,normal
7904,1781099994.521614,normal
7905,1781099994.523196,udp_reflection
7906,1781099994.524820,syn_flood
7907,1781099994.526691,normal
7908,1781099994.528339,normal
7909,1781099994.530010,normal
7910,1781099994.531375,syn_flood
7911,1781099994.534055,syn_flood
7912,1781099994.535793,syn_flood
7913,1781099994.537546,normal
7914,1781099994.539102,normal
7915,1781099994.540984,normal
7916,1781099994.542287,syn_flood
7917,1781099994.544099,normal
7918,1781099994.545116,normal
7919,1781099994.546797,normal
7920,1781099994.548577,normal
7921,1781099994.550392,normal
7922,1781099994.552063,normal
7923,1781099994.553748,normal
7924,1781099994.555635,normal
7925,1781099994.557341,normal
7926,1781099994.558922,normal
7927,1781099994.560626,normal
7928,1781099994.561662,normal
7929,1781099994.563593,normal
7930,1781099994.564889,syn_flood
7931,1781099994.566157,normal
7932,1781099994.567822,syn_flood
7933,1781099994.569448,normal
7934,1781099994.570942,syn_flood
7935,1781099994.573357,normal
7936,1781099994.574565,normal
7937,1781099994.576151,normal
7938,1781099994.577554,normal
7939,1781099994.579370,http_flood
7940,1781099994.581877,normal
7941,1781099994.583138,normal
7942,1781099994.584706,http_flood
7943,1781099994.586175,normal
7944,1781099994.588468,http_flood
7945,1781099994.590099,normal
7946,1781099994.591316,syn_flood
7947,1781099994.593277,normal
7948,1781099994.595068,normal
7949,1781099994.596644,syn_flood
7950,1781099994.598267,normal
7951,1781099994.599615,normal
7952,1781099994.601424,normal
7953,1781099994.603201,syn_flood
7954,1781099994.604581,syn_flood
7955,1781099994.606380,normal
7956,1781099994.609230,normal
7957,1781099994.611082,normal
7958,1781099994.612744,normal
7959,1781099994.614365,normal
7960,1781099994.615910,syn_flood
7961,1781099994.617935,syn_flood
7962,1781099994.619723,udp_reflection
7963,1781099994.621377,normal
7964,1781099994.623564,normal
7965,1781099994.626703,normal
7966,1781099994.628641,normal
7967,1781099994.630211,normal
7968,1781099994.632106,normal
7969,1781099994.633743,normal
7970,1781099994.635472,normal
7971,1781099994.637074,normal
7972,1781099994.638675,normal
7973,1781099994.640080,normal
7974,1781099994.641883,normal
7975,1781099994.644396,normal
7976,1781099994.645734,normal
7977,1781099994.647301,normal
7978,1781099994.648750,normal
7979,1781099994.650241,normal
7980,1781099994.651915,syn_flood
7981,1781099994.653881,normal
7982,1781099994.655242,normal
7983,1781099994.656678,normal
7984,1781099994.657960,normal
7985,1781099994.659110,normal
7986,1781099994.661992,normal
7987,1781099994.663104,normal
7988,1781099994.664914,normal
7989,1781099994.666390,normal
7990,1781099994.667860,normal
7991,1781099994.668859,syn_flood
7992,1781099994.670686,normal
7993,1781099994.672650,syn_flood
7994,1781099994.674452,normal
7995,1781099994.675765,normal
7996,1781099994.677916,normal
7997,1781099994.679501,normal
7998,1781099994.681474,syn_flood
7999,1781099994.683065,normal
8000,1781099994.684651,syn_flood
8001,1781099994.686415,normal
8002,1781099994.688254,normal
8003,1781099994.690711,normal
8004,1781099994.692428,normal
8005,1781099994.694608,syn_flood
8006,1781099994.697942,normal
8007,1781099994.700107,normal
8008,1781099994.701517,normal
8009,1781099994.703715,normal
8010,1781099994.705354,normal
8011,1781099994.707423,normal
8012,1781099994.708552,normal
8013,1781099994.709567,normal
8014,1781099994.711682,normal
8015,1781099994.713186,normal
8016,1781099994.715780,normal
8017,1781099994.718166,http_flood
8018,1781099994.720060,http_flood
8019,1781099994.721725,normal
8020,1781099994.723710,syn_flood
8021,1781099994.725080,normal
8022,1781099994.726376,normal
8023,1781099994.728128,normal
8024,1781099994.730010,normal
8025,1781099994.731679,normal
8026,1781099994.733414,normal
8027,1781099994.735214,normal
8028,1781099994.736392,normal
8029,1781099994.737571,normal
8030,1781099994.739434,syn_flood
8031,1781099994.741223,normal
8032,1781099994.744172,normal
8033,1781099994.745770,normal
8034,1781099994.748008,normal
8035,1781099994.750533,normal
8036,1781099994.752048,normal
8037,1781099994.753475,normal
8038,1781099994.755424,udp_reflection
8039,1781099994.757152,normal
8040,1781099994.758395,normal
8041,1781099994.759778,syn_flood
8042,1781099994.761869,normal
8043,1781099994.763686,normal
8044,1781099994.765084,normal
8045,1781099994.766851,syn_flood
8046,1781099994.769073,syn_flood
8047,1781099994.770797,normal
8048,1781099994.772811,http_flood
8049,1781099994.774441,http_flood
8050,1781099994.776267,normal
8051,1781099994.778585,udp_reflection
8052,1781099994.779974,normal
8053,1781099994.781493,udp_reflection
8054,1781099994.783251,normal
8055,1781099994.784667,syn_flood
8056,1781099994.786377,syn_flood
8057,1781099994.787338,normal
8058,1781099994.789286,normal
8059,1781099994.791358,syn_flood
8060,1781099994.793075,normal
8061,1781099994.794449,http_flood
8062,1781099994.796040,normal
8063,1781099994.798374,normal
8064,1781099994.800338,normal
8065,1781099994.802527,normal
8066,1781099994.804129,normal
8067,1781099994.805840,normal
8068,1781099994.807569,normal
8069,1781099994.809801,normal
8070,1781099994.811119,normal
8071,1781099994.812453,normal
8072,1781099994.813751,normal
8073,1781099994.814966,normal
8074,1781099994.816445,normal
8075,1781099994.818173,normal
8076,1781099994.819975,normal
8077,1781099994.821753,syn_flood
8078,1781099994.822857,normal
8079,1781099994.824246,normal
8080,1781099994.825807,normal
8081,1781099994.827410,normal
8082,1781099994.828987,normal
8083,1781099994.830964,normal
8084,1781099994.832175,normal
8085,1781099994.833670,syn_flood
8086,1781099994.835472,normal
8087,1781099994.836679,normal
8088,1781099994.838419,normal
8089,1781099994.840174,normal
8090,1781099994.841592,normal
8091,1781099994.843185,normal
8092,1781099994.845093,syn_flood
8093,1781099994.846736,normal
8094,1781099994.848281,http_flood
8095,1781099994.849980,normal
8096,1781099994.852134,udp_reflection
8097,1781099994.854275,normal
8098,1781099994.855511,normal
8099,1781099994.857180,normal
8100,1781099994.859637,normal
8101,1781099994.861331,normal
8102,1781099994.863111,normal
8103,1781099994.864972,normal
8104,1781099994.866833,normal
8105,1781099994.868343,normal
8106,1781099994.870267,normal
8107,1781099994.872547,syn_flood
8108,1781099994.874075,normal
8109,1781099994.875475,normal
8110,1781099994.877166,normal
8111,1781099994.879250,http_flood
8112,1781099994.880599,normal
8113,1781099994.882255,syn_flood
8114,1781099994.884241,syn_flood
8115,1781099994.886135,normal
8116,1781099994.887671,normal
8117,1781099994.889450,syn_flood
8118,1781099994.891376,normal
8119,1781099994.893779,udp_reflection
8120,1781099994.895887,udp_reflection
8121,1781099994.897830,normal
8122,1781099994.900263,normal
8123,1781099994.901699,normal
8124,1781099994.903081,normal
8125,1781099994.904852,normal
8126,1781099994.907198,udp_reflection
8127,1781099994.908823,normal
8128,1781099994.910395,normal
8129,1781099994.912152,normal
8130,1781099994.913253,normal
8131,1781099994.914854,normal
8132,1781099994.917057,normal
8133,1781099994.918895,normal
8134,1781099994.920482,syn_flood
8135,1781099994.922211,syn_flood
8136,1781099994.923083,normal
8137,1781099994.924593,syn_flood
8138,1781099994.925701,normal
8139,1781099994.926899,syn_flood
8140,1781099994.929078,normal
8141,1781099994.930878,normal
8142,1781099994.932194,normal
8143,1781099994.934054,normal
8144,1781099994.936148,normal
8145,1781099994.938250,normal
8146,1781099994.939922,normal
8147,1781099994.941797,syn_flood
8148,1781099994.943523,syn_flood
8149,1781099994.944797,syn_flood
8150,1781099994.946285,syn_flood
8151,1781099994.948251,syn_flood
8152,1781099994.950081,http_flood
8153,1781099994.951957,normal
8154,1781099994.953292,normal
8155,1781099994.955569,http_flood
8156,1781099994.957311,udp_reflection
8157,1781099994.958714,normal
8158,1781099994.961698,udp_reflection
8159,1781099994.963782,udp_reflection
8160,1781099994.965543,normal
8161,1781099994.967063,normal
8162,1781099994.968767,normal
8163,1781099994.970575,normal
8164,1781099994.972523,syn_flood
8165,1781099994.974927,normal
8166,1781099994.977659,syn_flood
8167,1781099994.979246,normal
8168,1781099994.980520,normal
8169,1781099994.982173,normal
8170,1781099994.984400,normal
8171,1781099994.986553,normal
8172,1781099994.988675,syn_flood
8173,1781099994.990151,normal
8174,1781099994.991757,normal
8175,1781099994.993547,normal
8176,1781099994.995309,syn_flood
8177,1781099994.996696,udp_reflection
8178,1781099994.998495,normal
8179,1781099995.000171,normal
8180,1781099995.001848,normal
8181,1781099995.003463,normal
8182,1781099995.004876,normal
8183,1781099995.006635,normal
8184,1781099995.008435,normal
8185,1781099995.010628,normal
8186,1781099995.012806,normal
8187,1781099995.014591,normal
8188,1781099995.016298,normal
8189,1781099995.018130,normal
8190,1781099995.020113,normal
8191,1781099995.021530,normal
8192,1781099995.022843,normal
8193,1781099995.024729,normal
8194,1781099995.026086,normal
8195,1781099995.027334,normal
8196,1781099995.029247,normal
8197,1781099995.031749,normal
8198,1781099995.034078,normal
8199,1781099995.035437,normal
8200,1781099995.036841,syn_flood
8201,1781099995.038489,normal
8202,1781099995.040917,normal
8203,1781099995.042343,normal
8204,1781099995.044308,normal
8205,1781099995.046102,normal
8206,1781099995.047573,syn_flood
8207,1781099995.050253,normal
8208,1781099995.052346,normal
8209,1781099995.054202,normal
8210,1781099995.056005,normal
8211,1781099995.057429,normal
8212,1781099995.058773,syn_flood
8213,1781099995.060785,normal
8214,1781099995.062285,normal
8215,1781099995.063811,http_flood
8216,1781099995.065364,normal
8217,1781099995.067104,normal
8218,1781099995.068534,normal
8219,1781099995.070227,normal
8220,1781099995.072201,http_flood
8221,1781099995.073614,normal
8222,1781099995.074870,normal
8223,1781099995.076426,normal
8224,1781099995.077984,normal
8225,1781099995.079451,normal
8226,1781099995.080861,normal
8227,1781099995.082666,normal
8228,1781099995.084254,normal
8229,1781099995.085414,normal
8230,1781099995.087133,normal
8231,1781099995.089743,normal
8232,1781099995.091322,normal
8233,1781099995.093263,syn_flood
8234,1781099995.094717,http_flood
8235,1781099995.096311,normal
8236,1781099995.097617,syn_flood
8237,1781099995.099389,normal
8238,1781099995.101225,syn_flood
8239,1781099995.103714,normal
8240,1781099995.105697,normal
8241,1781099995.106911,normal
8242,1781099995.108093,normal
8243,1781099995.109747,syn_flood
8244,1781099995.111554,normal
8245,1781099995.113111,normal
8246,1781099995.115062,syn_flood
8247,1781099995.116768,normal
8248,1781099995.119257,normal
8249,1781099995.121128,normal
8250,1781099995.122623,normal
8251,1781099995.123820,syn_flood
8252,1781099995.125892,normal
8253,1781099995.127285,syn_flood
8254,1781099995.128766,normal
8255,1781099995.130379,normal
8256,1781099995.132462,normal
8257,1781099995.134167,normal
8258,1781099995.135701,normal
8259,1781099995.136968,normal
8260,1781099995.138499,normal
8261,1781099995.140397,normal
8262,1781099995.142412,normal
8263,1781099995.143658,normal
8264,1781099995.145067,normal
8265,1781099995.147022,normal
8266,1781099995.148659,syn_flood
8267,1781099995.150130,normal
8268,1781099995.151218,normal
8269,1781099995.152702,normal
8270,1781099995.155117,normal
8271,1781099995.156964,normal
8272,1781099995.158696,normal
8273,1781099995.160939,normal
8274,1781099995.163111,normal
8275,1781099995.164717,normal
8276,1781099995.166674,normal
8277,1781099995.167955,normal
8278,1781099995.169082,normal
8279,1781099995.171175,normal
8280,1781099995.172911,normal
8281,1781099995.175064,normal
8282,1781099995.176855,normal
8283,1781099995.178471,normal
8284,1781099995.180772,normal
8285,1781099995.183111,syn_flood
8286,1781099995.184482,normal
8287,1781099995.186363,normal
8288,1781099995.187641,normal
8289,1781099995.189778,normal
8290,1781099995.191808,normal
8291,1781099995.192899,normal
8292,1781099995.194478,normal
8293,1781099995.195708,normal
8294,1781099995.196794,normal
8295,1781099995.198119,normal
8296,1781099995.199680,normal
8297,1781099995.201254,normal
8298,1781099995.203043,normal
8299,1781099995.204646,udp_reflection
8300,1781099995.205983,http_flood
8301,1781099995.207728,normal
8302,1781099995.209575,normal
8303,1781099995.211722,normal
8304,1781099995.213986,normal
8305,1781099995.215859,normal
8306,1781099995.217807,normal
8307,1781099995.219326,normal
8308,1781099995.220672,syn_flood
8309,1781099995.223214,normal
8310,1781099995.225778,normal
8311,1781099995.227154,normal
8312,1781099995.228596,normal
8313,1781099995.230399,normal
8314,1781099995.232004,syn_flood
8315,1781099995.233895,udp_reflection
8316,1781099995.235669,normal
8317,1781099995.236990,normal
8318,1781099995.238605,normal
8319,1781099995.240246,syn_flood
8320,1781099995.241624,normal
8321,1781099995.243501,http_flood
8322,1781099995.245549,syn_flood
8323,1781099995.247507,normal
8324,1781099995.249045,normal
8325,1781099995.250467,normal
8326,1781099995.252053,udp_reflection
8327,1781099995.254154,normal
8328,1781099995.255610,normal
8329,1781099995.257167,normal
8330,1781099995.259458,normal
8331,1781099995.260972,normal
8332,1781099995.262688,normal
8333,1781099995.263738,normal
8334,1781099995.265452,normal
8335,1781099995.267089,normal
8336,1781099995.268971,normal
8337,1781099995.270960,normal
8338,1781099995.273120,syn_flood
8339,1781099995.275203,normal
8340,1781099995.278005,http_flood
8341,1781099995.279531,normal
8342,1781099995.281054,normal
8343,1781099995.283983,normal
8344,1781099995.285729,syn_flood
8345,1781099995.287278,normal
8346,1781099995.289226,normal
8347,1781099995.291265,normal
8348,1781099995.292728,normal
8349,1781099995.294038,normal
8350,1781099995.295442,normal
8351,1781099995.297498,normal
8352,1781099995.298911,normal
8353,1781099995.300708,normal
8354,1781099995.302663,normal
8355,1781099995.304348,normal
8356,1781099995.306507,normal
8357,1781099995.308006,normal
8358,1781099995.309519,normal
8359,1781099995.311455,normal
8360,1781099995.313402,syn_flood
8361,1781099995.314794,normal
8362,1781099995.316867,normal
8363,1781099995.318151,normal
8364,1781099995.319999,normal
8365,1781099995.321267,normal
8366,1781099995.322799,normal
8367,1781099995.325047,normal
8368,1781099995.326821,normal
8369,1781099995.327846,normal
8370,1781099995.330321,normal
8371,1781099995.332355,normal
8372,1781099995.334053,normal
8373,1781099995.335929,syn_flood
8374,1781099995.337692,normal
8375,1781099995.339319,normal
8376,1781099995.341464,normal
8377,1781099995.342690,normal
8378,1781099995.344712,normal
8379,1781099995.346307,normal
8380,1781099995.348638,normal
8381,1781099995.350554,normal
8382,1781099995.351589,normal
8383,1781099995.353123,normal
8384,1781099995.355120,normal
8385,1781099995.356770,normal
8386,1781099995.358598,normal
8387,1781099995.360826,normal
8388,1781099995.362563,normal
8389,1781099995.364577,normal
8390,1781099995.366177,syn_flood
8391,1781099995.367482,normal
8392,1781099995.369017,normal
8393,1781099995.370837,normal
8394,1781099995.373023,normal
8395,1781099995.374774,normal
8396,1781099995.376899,normal
8397,1781099995.378133,normal
8398,1781099995.379463,normal
8399,1781099995.381417,normal
8400,1781099995.382746,syn_flood
8401,1781099995.385321,normal
8402,1781099995.386579,normal
8403,1781099995.388839,normal
8404,1781099995.390331,normal
8405,1781099995.392277,normal
8406,1781099995.393848,normal
8407,1781099995.396257,normal
8408,1781099995.397601,normal
8409,1781099995.399316,normal
8410,1781099995.400576,normal
8411,1781099995.402321,normal
8412,1781099995.404098,normal
8413,1781099995.405655,normal
8414,1781099995.407429,normal
8415,1781099995.409396,normal
8416,1781099995.410728,normal
8417,1781099995.412312,normal
8418,1781099995.413899,normal
8419,1781099995.414783,normal
8420,1781099995.416654,normal
8421,1781099995.417911,normal
8422,1781099995.420135,normal
8423,1781099995.421573,udp_reflection
8424,1781099995.422833,normal
8425,1781099995.424112,normal
8426,1781099995.425332,normal
8427,1781099995.427341,normal
8428,1781099995.428525,udp_reflection
8429,1781099995.430002,normal
8430,1781099995.431755,udp_reflection
8431,1781099995.433215,syn_flood
8432,1781099995.434645,normal
8433,1781099995.436372,normal
8434,1781099995.438324,http_flood
8435,1781099995.439744,normal
8436,1781099995.441685,normal
8437,1781099995.443764,normal
8438,1781099995.445168,normal
8439,1781099995.446907,normal
8440,1781099995.448656,normal
8441,1781099995.450384,normal
8442,1781099995.451762,normal
8443,1781099995.453104,normal
8444,1781099995.454452,normal
8445,1781099995.455945,normal
8446,1781099995.458054,normal
8447,1781099995.460562,normal
8448,1781099995.462842,normal
8449,1781099995.465483,normal
8450,1781099995.467434,normal
8451,1781099995.468755,normal
8452,1781099995.470163,normal
8453,1781099995.471992,normal
8454,1781099995.474602,normal
8455,1781099995.476009,udp_reflection
8456,1781099995.478026,normal
8457,1781099995.480475,normal
8458,1781099995.482704,syn_flood
8459,1781099995.484494,normal
8460,1781099995.486076,syn_flood
8461,1781099995.488070,normal
8462,1781099995.489913,normal
8463,1781099995.491626,normal
8464,1781099995.494070,syn_flood
8465,1781099995.495882,syn_flood
8466,1781099995.497964,normal
8467,1781099995.500628,normal
8468,1781099995.501896,syn_flood
8469,1781099995.504113,normal
8470,1781099995.505535,normal
8471,1781099995.507139,normal
8472,1781099995.509107,normal
8473,1781099995.510390,normal
8474,1781099995.511754,normal
8475,1781099995.513543,normal
8476,1781099995.515179,normal
8477,1781099995.516614,normal
8478,1781099995.518677,normal
8479,1781099995.520337,normal
8480,1781099995.521807,normal
8481,1781099995.523520,normal
8482,1781099995.525121,normal
8483,1781099995.526343,normal
8484,1781099995.528429,http_flood
8485,1781099995.530292,normal
8486,1781099995.532239,normal
8487,1781099995.534324,normal
8488,1781099995.536285,syn_flood
8489,1781099995.538125,normal
8490,1781099995.539928,normal
8491,1781099995.541817,http_flood
8492,1781099995.543717,normal
8493,1781099995.545975,normal
8494,1781099995.548148,http_flood
8495,1781099995.550579,syn_flood
8496,1781099995.552759,normal
8497,1781099995.554753,normal
8498,1781099995.556631,normal
8499,1781099995.559007,normal
8500,1781099995.560663,normal
8501,1781099995.562753,syn_flood
8502,1781099995.564750,udp_reflection
8503,1781099995.566719,normal
8504,1781099995.567907,normal
8505,1781099995.569936,normal
8506,1781099995.571379,normal
8507,1781099995.573322,normal
8508,1781099995.574622,normal
8509,1781099995.577672,normal
8510,1781099995.579971,normal
8511,1781099995.581732,normal
8512,1781099995.583314,normal
8513,1781099995.585094,normal
8514,1781099995.587156,normal
8515,1781099995.588501,normal
8516,1781099995.589992,normal
8517,1781099995.592117,normal
8518,1781099995.594149,normal
8519,1781099995.596275,normal
8520,1781099995.598247,normal
8521,1781099995.599292,syn_flood
8522,1781099995.601285,normal
8523,1781099995.602627,normal
8524,1781099995.603710,normal
8525,1781099995.605947,normal
8526,1781099995.607136,syn_flood
8527,1781099995.608789,syn_flood
8528,1781099995.610420,syn_flood
8529,1781099995.612177,normal
8530,1781099995.613659,syn_flood
8531,1781099995.614957,normal
8532,1781099995.615932,normal
8533,1781099995.617922,normal
8534,1781099995.619948,normal
8535,1781099995.621886,syn_flood
8536,1781099995.622848,normal
8537,1781099995.624833,normal
8538,1781099995.626780,normal
8539,1781099995.628658,syn_flood
8540,1781099995.630737,normal
8541,1781099995.632198,normal
8542,1781099995.633374,syn_flood
8543,1781099995.634942,normal
8544,1781099995.636654,syn_flood
8545,1781099995.637659,normal
8546,1781099995.639079,normal
8547,1781099995.640590,normal
8548,1781099995.642367,normal
8549,1781099995.644799,normal
8550,1781099995.646137,normal
8551,1781099995.647369,normal
8552,1781099995.649158,normal
8553,1781099995.650646,normal
8554,1781099995.652407,syn_flood
8555,1781099995.653930,udp_reflection
8556,1781099995.656213,normal
8557,1781099995.657870,normal
8558,1781099995.659412,normal
8559,1781099995.660829,normal
8560,1781099995.662475,normal
8561,1781099995.664280,normal
8562,1781099995.666687,syn_flood
8563,1781099995.667969,syn_flood
8564,1781099995.670197,normal
8565,1781099995.672235,udp_reflection
8566,1781099995.674164,normal
8567,1781099995.675593,normal
8568,1781099995.677812,syn_flood
8569,1781099995.679619,normal
8570,1781099995.681380,syn_flood
8571,1781099995.683054,normal
8572,1781099995.684688,normal
8573,1781099995.686158,udp_reflection
8574,1781099995.687752,normal
8575,1781099995.689384,normal
8576,1781099995.691021,normal
8577,1781099995.693751,normal
8578,1781099995.695347,syn_flood
8579,1781099995.696791,normal
8580,1781099995.698369,normal
8581,1781099995.700833,normal
8582,1781099995.703653,normal
8583,1781099995.705080,normal
8584,1781099995.706760,normal
8585,1781099995.708586,normal
8586,1781099995.710642,normal
8587,1781099995.712166,normal
8588,1781099995.713797,syn_flood
8589,1781099995.715774,normal
8590,1781099995.718441,udp_reflection
8591,1781099995.720739,normal
8592,1781099995.722238,udp_reflection
8593,1781099995.723798,syn_flood
8594,1781099995.725549,normal
8595,1781099995.727142,normal
8596,1781099995.728736,normal
8597,1781099995.730949,syn_flood
8598,1781099995.732971,normal
8599,1781099995.734891,normal
8600,1781099995.736614,normal
8601,1781099995.737962,normal
8602,1781099995.740493,normal
8603,1781099995.742520,normal
8604,1781099995.743880,normal
8605,1781099995.745550,normal
8606,1781099995.748293,normal
8607,1781099995.750501,normal
8608,1781099995.752012,normal
8609,1781099995.753444,http_flood
8610,1781099995.754827,normal
8611,1781099995.756920,normal
8612,1781099995.758843,normal
8613,1781099995.761316,normal
8614,1781099995.762878,normal
8615,1781099995.764205,normal
8616,1781099995.765547,normal
8617,1781099995.766725,normal
8618,1781099995.768487,normal
8619,1781099995.770180,normal
8620,1781099995.772115,syn_flood
8621,1781099995.773353,normal
8622,1781099995.775247,syn_flood
8623,1781099995.776700,normal
8624,1781099995.778169,normal
8625,1781099995.779267,normal
8626,1781099995.780760,normal
8627,1781099995.782451,normal
8628,1781099995.783834,normal
8629,1781099995.786311,normal
8630,1781099995.787864,normal
8631,1781099995.789291,syn_flood
8632,1781099995.790933,normal
8633,1781099995.791898,normal
8634,1781099995.794276,udp_reflection
8635,1781099995.796396,normal
8636,1781099995.797869,normal
8637,1781099995.799773,normal
8638,1781099995.801397,normal
8639,1781099995.802758,normal
8640,1781099995.803960,normal
8641,1781099995.806142,normal
8642,1781099995.808012,normal
8643,1781099995.809866,normal
8644,1781099995.811706,normal
8645,1781099995.814096,normal
8646,1781099995.815535,normal
8647,1781099995.816867,normal
8648,1781099995.818371,udp_reflection
8649,1781099995.820038,normal
8650,1781099995.821515,normal
8651,1781099995.823920,normal
8652,1781099995.825917,syn_flood
8653,1781099995.827624,syn_flood
8654,1781099995.829343,normal
8655,1781099995.830958,normal
8656,1781099995.832831,normal
8657,1781099995.834163,normal
8658,1781099995.836323,normal
8659,1781099995.838525,normal
8660,1781099995.840679,normal
8661,1781099995.842217,syn_flood
8662,1781099995.843949,normal
8663,1781099995.846124,normal
8664,1781099995.847612,normal
8665,1781099995.849488,normal
8666,1781099995.850879,http_flood
8667,1781099995.853173,http_flood
8668,1781099995.855227,normal
8669,1781099995.856644,normal
8670,1781099995.858332,normal
8671,1781099995.860034,normal
8672,1781099995.861608,normal
8673,1781099995.863546,normal
8674,1781099995.864928,normal
8675,1781099995.867235,normal
8676,1781099995.869070,syn_flood
8677,1781099995.869825,normal
8678,1781099995.871238,normal
8679,1781099995.872373,normal
8680,1781099995.874215,normal
8681,1781099995.876042,normal
8682,1781099995.878162,normal
8683,1781099995.880237,normal
8684,1781099995.881912,normal
8685,1781099995.883411,normal
8686,1781099995.885244,normal
8687,1781099995.887063,normal
8688,1781099995.888785,normal
8689,1781099995.891227,syn_flood
8690,1781099995.892949,normal
8691,1781099995.894876,syn_flood
8692,1781099995.895421,syn_flood
8693,1781099995.895805,syn_flood
8694,1781099995.896331,syn_flood
8695,1781099995.896824,syn_flood
8696,1781099995.897240,normal
8697,1781099995.897782,syn_flood
8698,1781099995.898658,syn_flood
8699,1781099995.899331,http_flood
8700,1781099995.899772,syn_flood
8701,1781099995.900176,normal
8702,1781099995.900618,normal
8703,1781099995.901350,http_flood
8704,1781099995.901757,syn_flood
8705,1781099995.902278,syn_flood
8706,1781099995.902975,normal
8707,1781099995.903623,normal
8708,1781099995.904049,syn_flood
8709,1781099995.904543,normal
8710,1781099995.904986,syn_flood
8711,1781099995.905625,syn_flood
8712,1781099995.906168,syn_flood
8713,1781099995.906711,normal
8714,1781099995.907209,http_flood
8715,1781099995.907809,normal
8716,1781099995.908215,syn_flood
8717,1781099995.908912,syn_flood
8718,1781099995.909420,syn_flood
8719,1781099995.909980,udp_reflection
8720,1781099995.910486,normal
8721,1781099995.910951,syn_flood
8722,1781099995.911426,syn_flood
8723,1781099995.911981,http_flood
8724,1781099995.912498,syn_flood
8725,1781099995.913095,syn_flood
8726,1781099995.913467,http_flood
8727,1781099995.914003,http_flood
8728,1781099995.914516,udp_reflection
8729,1781099995.915090,syn_flood
8730,1781099995.915504,syn_flood
8731,1781099995.915974,udp_reflection
8732,1781099995.916559,syn_flood
8733,1781099995.917114,syn_flood
8734,1781099995.917567,normal
8735,1781099995.918292,http_flood
8736,1781099995.918842,http_flood
8737,1781099995.919261,udp_reflection
8738,1781099995.919788,syn_flood
8739,1781099995.920510,normal
8740,1781099995.920968,syn_flood
8741,1781099995.921519,http_flood
8742,1781099995.921999,http_flood
8743,1781099995.922765,syn_flood
8744,1781099995.923586,normal
8745,1781099995.924097,syn_flood
8746,1781099995.924594,syn_flood
8747,1781099995.925148,http_flood
8748,1781099995.925728,udp_reflection
8749,1781099995.926315,syn_flood
8750,1781099995.926901,normal
8751,1781099995.927472,normal
8752,1781099995.927843,udp_reflection
8753,1781099995.928357,http_flood
8754,1781099995.928704,syn_flood
8755,1781099995.929043,normal
8756,1781099995.929420,syn_flood
8757,1781099995.929950,syn_flood
8758,1781099995.931021,normal
8759,1781099995.931491,udp_reflection
8760,1781099995.931898,normal
8761,1781099995.932430,udp_reflection
8762,1781099995.932983,http_flood
8763,1781099995.933512,http_flood
8764,1781099995.934114,syn_flood
8765,1781099995.934703,syn_flood
8766,1781099995.935297,udp_reflection
8767,1781099995.936132,syn_flood
8768,1781099995.936456,syn_flood
8769,1781099995.936989,syn_flood
8770,1781099995.937424,syn_flood
8771,1781099995.938293,syn_flood
8772,1781099995.938722,syn_flood
8773,1781099995.939064,syn_flood
8774,1781099995.939567,http_flood
8775,1781099995.940053,syn_flood
8776,1781099995.940535,udp_reflection
8777,1781099995.940848,udp_reflection
8778,1781099995.941367,syn_flood
8779,1781099995.941883,syn_flood
8780,1781099995.942536,http_flood
8781,1781099995.942987,syn_flood
8782,1781099995.943554,udp_reflection
8783,1781099995.944088,normal
8784,1781099995.944474,normal
8785,1781099995.944837,normal
8786,1781099995.945482,normal
8787,1781099995.946295,udp_reflection
8788,1781099995.946931,syn_flood
8789,1781099995.947366,udp_reflection
8790,1781099995.947979,normal
8791,1781099995.948576,syn_flood
8792,1781099995.949072,syn_flood
8793,1781099995.949769,normal
8794,1781099995.950322,syn_flood
8795,1781099995.950823,syn_flood
8796,1781099995.951365,http_flood
8797,1781099995.952022,syn_flood
8798,1781099995.952631,syn_flood
8799,1781099995.953405,syn_flood
8800,1781099995.953993,syn_flood
8801,1781099995.954492,normal
8802,1781099995.955012,udp_reflection
8803,1781099995.955597,syn_flood
8804,1781099995.956144,normal
8805,1781099995.956783,normal
8806,1781099995.957250,normal
8807,1781099995.957794,http_flood
8808,1781099995.958167,syn_flood
8809,1781099995.958629,http_flood
8810,1781099995.959228,http_flood
8811,1781099995.959837,syn_flood
8812,1781099995.960333,syn_flood
8813,1781099995.960992,normal
8814,1781099995.961513,syn_flood
8815,1781099995.962058,syn_flood
8816,1781099995.962431,normal
8817,1781099995.962972,syn_flood
8818,1781099995.963660,syn_flood
8819,1781099995.964197,normal
8820,1781099995.964650,syn_flood
8821,1781099995.965108,normal
8822,1781099995.965895,syn_flood
8823,1781099995.966348,normal
8824,1781099995.967121,http_flood
8825,1781099995.967474,udp_reflection
8826,1781099995.967910,syn_flood
8827,1781099995.968501,syn_flood
8828,1781099995.969044,syn_flood
8829,1781099995.969578,syn_flood
8830,1781099995.970193,syn_flood
8831,1781099995.970872,syn_flood
8832,1781099995.971427,normal
8833,1781099995.972001,udp_reflection
8834,1781099995.972551,udp_reflection
8835,1781099995.973006,normal
8836,1781099995.973433,http_flood
8837,1781099995.973821,syn_flood
8838,1781099995.974417,udp_reflection
8839,1781099995.975022,syn_flood
8840,1781099995.975397,udp_reflection
8841,1781099995.976047,syn_flood
8842,1781099995.976542,http_flood
8843,1781099995.976971,http_flood
8844,1781099995.977505,normal
8845,1781099995.978207,syn_flood
8846,1781099995.978624,udp_reflection
8847,1781099995.979417,syn_flood
8848,1781099995.979920,http_flood
8849,1781099995.980501,normal
8850,1781099995.980903,http_flood
8851,1781099995.981634,http_flood
8852,1781099995.982092,udp_reflection
8853,1781099995.983087,syn_flood
8854,1781099995.983682,syn_flood
8855,1781099995.984332,syn_flood
8856,1781099995.984829,syn_flood
8857,1781099995.985245,udp_reflection
8858,1781099995.985823,syn_flood
8859,1781099995.986310,syn_flood
8860,1781099995.986931,syn_flood
8861,1781099995.987518,http_flood
8862,1781099995.987822,normal
8863,1781099995.988287,syn_flood
8864,1781099995.988607,syn_flood
8865,1781099995.989062,syn_flood
8866,1781099995.989811,syn_flood
8867,1781099995.990414,http_flood
8868,1781099995.990868,syn_flood
8869,1781099995.991334,udp_reflection
8870,1781099995.991966,normal
8871,1781099995.992601,syn_flood
8872,1781099995.993048,udp_reflection
8873,1781099995.993595,syn_flood
8874,1781099995.994283,normal
8875,1781099995.994759,normal
8876,1781099995.995205,syn_flood
8877,1781099995.995643,syn_flood
8878,1781099995.996237,normal
8879,1781099995.996790,syn_flood
8880,1781099995.997160,http_flood
8881,1781099995.997667,syn_flood
8882,1781099995.998136,normal
8883,1781099995.998604,syn_flood
8884,1781099995.999015,normal
8885,1781099995.999555,http_flood
8886,1781099996.000121,normal
8887,1781099996.000619,http_flood
8888,1781099996.001139,syn_flood
8889,1781099996.001597,normal
8890,1781099996.002204,normal
8891,1781099996.002744,syn_flood
8892,1781099996.003239,normal
8893,1781099996.003829,normal
8894,1781099996.004280,syn_flood
8895,1781099996.004887,http_flood
8896,1781099996.005591,normal
8897,1781099996.006146,syn_flood
8898,1781099996.006752,http_flood
8899,1781099996.007239,syn_flood
8900,1781099996.007689,udp_reflection
8901,1781099996.008352,udp_reflection
8902,1781099996.008929,normal
8903,1781099996.009565,normal
8904,1781099996.010123,syn_flood
8905,1781099996.010589,syn_flood
8906,1781099996.011034,syn_flood
8907,1781099996.011528,syn_flood
8908,1781099996.012069,syn_flood
8909,1781099996.012571,syn_flood
8910,1781099996.013036,syn_flood
8911,1781099996.013495,normal
8912,1781099996.014163,syn_flood
8913,1781099996.014593,syn_flood
8914,1781099996.015265,syn_flood
8915,1781099996.015683,syn_flood
8916,1781099996.016097,syn_flood
8917,1781099996.016662,syn_flood
8918,1781099996.017194,syn_flood
8919,1781099996.017742,syn_flood
8920,1781099996.018332,syn_flood
8921,1781099996.018678,syn_flood
8922,1781099996.019171,syn_flood
8923,1781099996.019884,udp_reflection
8924,1781099996.020372,syn_flood
8925,1781099996.020833,syn_flood
8926,1781099996.021355,normal
8927,1781099996.021706,syn_flood
8928,1781099996.022510,syn_flood
8929,1781099996.023164,syn_flood
8930,1781099996.023576,syn_flood
8931,1781099996.024316,udp_reflection
8932,1781099996.024677,udp_reflection
8933,1781099996.025360,normal
8934,1781099996.025838,http_flood
8935,1781099996.026364,http_flood
8936,1781099996.026709,syn_flood
8937,1781099996.027129,syn_flood
8938,1781099996.027678,syn_flood
8939,1781099996.028437,syn_flood
8940,1781099996.028947,normal
8941,1781099996.029463,syn_flood
8942,1781099996.030029,syn_flood
8943,1781099996.030510,syn_flood
8944,1781099996.030999,syn_flood
8945,1781099996.031469,syn_flood
8946,1781099996.031971,syn_flood
8947,1781099996.032374,syn_flood
8948,1781099996.032874,normal
8949,1781099996.033381,http_flood
8950,1781099996.033918,http_flood
8951,1781099996.034693,syn_flood
8952,1781099996.035257,syn_flood
8953,1781099996.035983,syn_flood
8954,1781099996.036506,normal
8955,1781099996.037393,syn_flood
8956,1781099996.038162,syn_flood
8957,1781099996.038692,normal
8958,1781099996.039210,syn_flood
8959,1781099996.039932,syn_flood
8960,1781099996.040340,syn_flood
8961,1781099996.040872,syn_flood
8962,1781099996.041483,http_flood
8963,1781099996.042099,syn_flood
8964,1781099996.042610,udp_reflection
8965,1781099996.043067,normal
8966,1781099996.043529,http_flood
8967,1781099996.044050,syn_flood
8968,1781099996.044586,syn_flood
8969,1781099996.045388,syn_flood
8970,1781099996.045821,syn_flood
8971,1781099996.046397,syn_flood
8972,1781099996.046773,syn_flood
8973,1781099996.047204,udp_reflection
8974,1781099996.047587,syn_flood
8975,1781099996.048100,udp_reflection
8976,1781099996.048645,normal
8977,1781099996.049265,normal
8978,1781099996.050088,syn_flood
8979,1781099996.050402,syn_flood
8980,1781099996.050866,normal
8981,1781099996.051283,udp_reflection
8982,1781099996.052148,syn_flood
8983,1781099996.052783,syn_flood
8984,1781099996.053243,syn_flood
8985,1781099996.053679,syn_flood
8986,1781099996.054319,syn_flood
8987,1781099996.054906,syn_flood
8988,1781099996.055455,syn_flood
8989,1781099996.055898,syn_flood
8990,1781099996.056421,syn_flood
8991,1781099996.056994,udp_reflection
8992,1781099996.057464,syn_flood
8993,1781099996.058040,udp_reflection
8994,1781099996.058571,normal
8995,1781099996.059282,http_flood
8996,1781099996.059783,syn_flood
8997,1781099996.060296,syn_flood
8998,1781099996.060822,syn_flood
8999,1781099996.061344,normal
9000,1781099996.061995,normal
9001,1781099996.062438,syn_flood
9002,1781099996.062873,http_flood
9003,1781099996.063461,syn_flood
9004,1781099996.063959,syn_flood
9005,1781099996.064335,syn_flood
9006,1781099996.064808,normal
9007,1781099996.065296,syn_flood
9008,1781099996.065844,syn_flood
9009,1781099996.066384,http_flood
9010,1781099996.066933,syn_flood
9011,1781099996.067670,udp_reflection
9012,1781099996.068164,normal
9013,1781099996.068807,http_flood
9014,1781099996.069237,syn_flood
9015,1781099996.069784,syn_flood
9016,1781099996.070218,syn_flood
9017,1781099996.070743,syn_flood
9018,1781099996.071147,normal
9019,1781099996.071645,normal
9020,1781099996.072385,syn_flood
9021,1781099996.072936,syn_flood
9022,1781099996.073300,http_flood
9023,1781099996.074067,syn_flood
9024,1781099996.074796,udp_reflection
9025,1781099996.075311,normal
9026,1781099996.075918,syn_flood
9027,1781099996.076310,syn_flood
9028,1781099996.076635,syn_flood
9029,1781099996.077132,syn_flood
9030,1781099996.077711,syn_flood
9031,1781099996.078374,syn_flood
9032,1781099996.078807,syn_flood
9033,1781099996.079544,syn_flood
9034,1781099996.079991,syn_flood
9035,1781099996.080532,syn_flood
9036,1781099996.081272,normal
9037,1781099996.082089,syn_flood
9038,1781099996.082591,normal
9039,1781099996.083266,syn_flood
9040,1781099996.083715,udp_reflection
9041,1781099996.084385,syn_flood
9042,1781099996.084884,http_flood
9043,1781099996.085496,normal
9044,1781099996.085955,syn_flood
9045,1781099996.086719,syn_flood
9046,1781099996.087343,http_flood
9047,1781099996.087841,syn_flood
9048,1781099996.088492,http_flood
9049,1781099996.088879,normal
9050,1781099996.089676,syn_flood
9051,1781099996.090434,syn_flood
9052,1781099996.090898,syn_flood
9053,1781099996.091464,syn_flood
9054,1781099996.091898,syn_flood
9055,1781099996.092408,syn_flood
9056,1781099996.092710,syn_flood
9057,1781099996.093112,syn_flood
9058,1781099996.093806,udp_reflection
9059,1781099996.094321,syn_flood
9060,1781099996.094944,http_flood
9061,1781099996.095267,syn_flood
9062,1781099996.095716,http_flood
9063,1781099996.096368,http_flood
9064,1781099996.096752,syn_flood
9065,1781099996.097276,syn_flood
9066,1781099996.097743,normal
9067,1781099996.098048,http_flood
9068,1781099996.098631,syn_flood
9069,1781099996.099091,normal
9070,1781099996.099443,syn_flood
9071,1781099996.100016,syn_flood
9072,1781099996.100549,syn_flood
9073,1781099996.101123,http_flood
9074,1781099996.101661,syn_flood
9075,1781099996.102287,normal
9076,1781099996.102805,http_flood
9077,1781099996.103326,normal
9078,1781099996.103869,http_flood
9079,1781099996.104384,normal
9080,1781099996.104854,udp_reflection
9081,1781099996.105342,syn_flood
9082,1781099996.105898,normal
9083,1781099996.106303,udp_reflection
9084,1781099996.106671,syn_flood
9085,1781099996.107254,syn_flood
9086,1781099996.107732,syn_flood
9087,1781099996.108481,syn_flood
9088,1781099996.108918,syn_flood
9089,1781099996.109355,syn_flood
9090,1781099996.109787,http_flood
9091,1781099996.110432,syn_flood
9092,1781099996.110869,udp_reflection
9093,1781099996.111514,http_flood
9094,1781099996.111936,udp_reflection
9095,1781099996.112555,syn_flood
9096,1781099996.113273,http_flood
9097,1781099996.113900,http_flood
9098,1781099996.114414,udp_reflection
9099,1781099996.115321,syn_flood
9100,1781099996.116126,udp_reflection
9101,1781099996.116621,syn_flood
9102,1781099996.117106,syn_flood
9103,1781099996.117686,syn_flood
9104,1781099996.118287,syn_flood
9105,1781099996.118727,http_flood
9106,1781099996.119149,normal
9107,1781099996.119625,udp_reflection
9108,1781099996.120021,syn_flood
9109,1781099996.120456,http_flood
9110,1781099996.121019,http_flood
9111,1781099996.121530,syn_flood
9112,1781099996.121949,udp_reflection
9113,1781099996.122563,syn_flood
9114,1781099996.123145,normal
9115,1781099996.123745,http_flood
9116,1781099996.124171,syn_flood
9117,1781099996.124661,syn_flood
9118,1781099996.125296,syn_flood
9119,1781099996.125765,http_flood
9120,1781099996.126301,syn_flood
9121,1781099996.126837,normal
9122,1781099996.127337,syn_flood
9123,1781099996.127895,normal
9124,1781099996.128627,syn_flood
9125,1781099996.129319,syn_flood
9126,1781099996.129572,syn_flood
9127,1781099996.129963,syn_flood
9128,1781099996.130460,http_flood
9129,1781099996.130901,udp_reflection
9130,1781099996.131370,syn_flood
9131,1781099996.132141,syn_flood
9132,1781099996.132679,syn_flood
9133,1781099996.133132,normal
9134,1781099996.133688,udp_reflection
9135,1781099996.134141,syn_flood
9136,1781099996.134557,syn_flood
9137,1781099996.135079,syn_flood
9138,1781099996.135616,udp_reflection
9139,1781099996.136153,syn_flood
9140,1781099996.136631,syn_flood
9141,1781099996.136997,syn_flood
9142,1781099996.137555,normal
9143,1781099996.137951,syn_flood
9144,1781099996.138451,syn_flood
9145,1781099996.139079,syn_flood
9146,1781099996.139766,syn_flood
9147,1781099996.140053,syn_flood
9148,1781099996.140599,http_flood
9149,1781099996.141224,syn_flood
9150,1781099996.141898,udp_reflection
9151,1781099996.142412,udp_reflection
9152,1781099996.142931,normal
9153,1781099996.143430,http_flood
9154,1781099996.144346,http_flood
9155,1781099996.144827,syn_flood
9156,1781099996.145409,syn_flood
9157,1781099996.145821,http_flood
9158,1781099996.146365,syn_flood
9159,1781099996.146762,syn_flood
9160,1781099996.147403,udp_reflection
9161,1781099996.147863,udp_reflection
9162,1781099996.148372,http_flood
9163,1781099996.148745,syn_flood
9164,1781099996.149292,syn_flood
9165,1781099996.149861,normal
9166,1781099996.150567,http_flood
9167,1781099996.150919,udp_reflection
9168,1781099996.151650,syn_flood
9169,1781099996.152129,normal
9170,1781099996.152552,normal
9171,1781099996.152968,syn_flood
9172,1781099996.153950,syn_flood
9173,1781099996.154489,syn_flood
9174,1781099996.155128,syn_flood
9175,1781099996.155690,syn_flood
9176,1781099996.156147,normal
9177,1781099996.156673,normal
9178,1781099996.157192,udp_reflection
9179,1781099996.157753,normal
9180,1781099996.158448,normal
9181,1781099996.159048,syn_flood
9182,1781099996.159532,syn_flood
9183,1781099996.159963,udp_reflection
9184,1781099996.160379,syn_flood
9185,1781099996.160950,udp_reflection
9186,1781099996.161514,syn_flood
9187,1781099996.162298,http_flood
9188,1781099996.162718,syn_flood
9189,1781099996.163045,normal
9190,1781099996.163464,normal
9191,1781099996.164006,udp_reflection
9192,1781099996.164473,http_flood
9193,1781099996.165060,udp_reflection
9194,1781099996.165528,syn_flood
9195,1781099996.166288,http_flood
9196,1781099996.166621,http_flood
9197,1781099996.167115,normal
9198,1781099996.167461,normal
9199,1781099996.168321,normal
9200,1781099996.168817,http_flood
9201,1781099996.169374,syn_flood
9202,1781099996.169946,udp_reflection
9203,1781099996.170800,syn_flood
9204,1781099996.171171,udp_reflection
9205,1781099996.171613,http_flood
9206,1781099996.172100,http_flood
9207,1781099996.172574,syn_flood
9208,1781099996.173042,http_flood
9209,1781099996.173616,syn_flood
9210,1781099996.174043,normal
9211,1781099996.174569,udp_reflection
9212,1781099996.175120,syn_flood
9213,1781099996.175570,normal
9214,1781099996.176059,syn_flood
9215,1781099996.176482,syn_flood
9216,1781099996.177111,syn_flood
9217,1781099996.177752,normal
9218,1781099996.178280,http_flood
9219,1781099996.178645,http_flood
9220,1781099996.179616,syn_flood
9221,1781099996.180215,syn_flood
9222,1781099996.180753,syn_flood
9223,1781099996.181370,normal
9224,1781099996.181959,normal
9225,1781099996.182524,udp_reflection
9226,1781099996.183278,http_flood
9227,1781099996.183807,syn_flood
9228,1781099996.184313,udp_reflection
9229,1781099996.184838,normal
9230,1781099996.185277,syn_flood
9231,1781099996.185925,normal
9232,1781099996.186396,normal
9233,1781099996.186979,udp_reflection
9234,1781099996.187501,syn_flood
9235,1781099996.188245,http_flood
9236,1781099996.188696,normal
9237,1781099996.189279,syn_flood
9238,1781099996.189806,syn_flood
9239,1781099996.190366,syn_flood
9240,1781099996.190975,syn_flood
9241,1781099996.191376,syn_flood
9242,1781099996.191953,syn_flood
9243,1781099996.192425,syn_flood
9244,1781099996.193027,syn_flood
9245,1781099996.193610,syn_flood
9246,1781099996.194136,normal
9247,1781099996.194698,http_flood
9248,1781099996.195319,udp_reflection
9249,1781099996.195873,syn_flood
9250,1781099996.196491,syn_flood
9251,1781099996.197065,normal
9252,1781099996.197587,syn_flood
9253,1781099996.197971,syn_flood
9254,1781099996.198718,syn_flood
9255,1781099996.199240,syn_flood
9256,1781099996.199681,udp_reflection
9257,1781099996.200623,http_flood
9258,1781099996.201239,udp_reflection
9259,1781099996.201776,normal
9260,1781099996.202106,syn_flood
9261,1781099996.202823,http_flood
9262,1781099996.203378,syn_flood
9263,1781099996.204060,udp_reflection
9264,1781099996.204427,udp_reflection
9265,1781099996.205084,normal
9266,1781099996.205810,http_flood
9267,1781099996.206486,http_flood
9268,1781099996.207177,udp_reflection
9269,1781099996.207743,http_flood
9270,1781099996.208338,syn_flood
9271,1781099996.208987,udp_reflection
9272,1781099996.209603,syn_flood
9273,1781099996.210230,normal
9274,1781099996.210917,normal
9275,1781099996.211498,normal
9276,1781099996.211923,syn_flood
9277,1781099996.212384,syn_flood
9278,1781099996.212925,normal
9279,1781099996.213547,syn_flood
9280,1781099996.214334,syn_flood
9281,1781099996.214841,udp_reflection
9282,1781099996.215303,syn_flood
9283,1781099996.215823,syn_flood
9284,1781099996.216453,syn_flood
9285,1781099996.216861,syn_flood
9286,1781099996.217361,http_flood
9287,1781099996.217871,normal
9288,1781099996.218448,syn_flood
9289,1781099996.218920,http_flood
9290,1781099996.219526,http_flood
9291,1781099996.220270,normal
9292,1781099996.220932,syn_flood
9293,1781099996.221298,syn_flood
9294,1781099996.221849,udp_reflection
9295,1781099996.222341,udp_reflection
9296,1781099996.222761,syn_flood
9297,1781099996.223125,syn_flood
9298,1781099996.223504,http_flood
9299,1781099996.223969,normal
9300,1781099996.224280,syn_flood
9301,1781099996.224721,syn_flood
9302,1781099996.225304,syn_flood
9303,1781099996.225671,normal
9304,1781099996.226469,syn_flood
9305,1781099996.227198,http_flood
9306,1781099996.227688,udp_reflection
9307,1781099996.228144,normal
9308,1781099996.228488,syn_flood
9309,1781099996.229379,syn_flood
9310,1781099996.229764,normal
9311,1781099996.230479,syn_flood
9312,1781099996.230952,udp_reflection
9313,1781099996.231432,normal
9314,1781099996.231848,syn_flood
9315,1781099996.232444,syn_flood
9316,1781099996.232944,syn_flood
9317,1781099996.233423,udp_reflection
9318,1781099996.234144,syn_flood
9319,1781099996.234661,normal
9320,1781099996.235109,syn_flood
9321,1781099996.235616,udp_reflection
9322,1781099996.236306,syn_flood
9323,1781099996.236790,normal
9324,1781099996.237293,syn_flood
9325,1781099996.237765,syn_flood
9326,1781099996.238314,http_flood
9327,1781099996.238831,udp_reflection
9328,1781099996.239444,syn_flood
9329,1781099996.240146,syn_flood
9330,1781099996.240602,syn_flood
9331,1781099996.241318,syn_flood
9332,1781099996.241832,normal
9333,1781099996.242410,http_flood
9334,1781099996.243041,udp_reflection
9335,1781099996.243490,normal
9336,1781099996.243983,normal
9337,1781099996.244469,syn_flood
9338,1781099996.245045,normal
9339,1781099996.245555,syn_flood
9340,1781099996.246069,http_flood
9341,1781099996.246444,normal
9342,1781099996.246888,syn_flood
9343,1781099996.247301,syn_flood
9344,1781099996.247858,http_flood
9345,1781099996.248477,udp_reflection
9346,1781099996.248981,normal
9347,1781099996.249454,http_flood
9348,1781099996.249933,syn_flood
9349,1781099996.250535,syn_flood
9350,1781099996.250981,syn_flood
9351,1781099996.251426,syn_flood
9352,1781099996.252047,normal
9353,1781099996.252520,syn_flood
9354,1781099996.252879,normal
9355,1781099996.253463,syn_flood
9356,1781099996.253998,syn_flood
9357,1781099996.254631,udp_reflection
9358,1781099996.255066,syn_flood
9359,1781099996.255704,normal
9360,1781099996.256128,udp_reflection
9361,1781099996.256841,syn_flood
9362,1781099996.257182,normal
9363,1781099996.257740,syn_flood
9364,1781099996.258349,syn_flood
9365,1781099996.258872,http_flood
9366,1781099996.259542,http_flood
9367,1781099996.260090,udp_reflection
9368,1781099996.260477,udp_reflection
9369,1781099996.260927,syn_flood
9370,1781099996.261399,normal
9371,1781099996.261881,normal
9372,1781099996.262386,http_flood
9373,1781099996.263010,normal
9374,1781099996.263638,udp_reflection
9375,1781099996.264079,syn_flood
9376,1781099996.264641,udp_reflection
9377,1781099996.265131,http_flood
9378,1781099996.265611,syn_flood
9379,1781099996.266154,udp_reflection
9380,1781099996.266754,syn_flood
9381,1781099996.267092,syn_flood
9382,1781099996.267750,normal
9383,1781099996.268259,syn_flood
9384,1781099996.268866,syn_flood
9385,1781099996.269354,http_flood
9386,1781099996.269822,syn_flood
9387,1781099996.270249,normal
9388,1781099996.270752,normal
9389,1781099996.271236,normal
9390,1781099996.271847,normal
9391,1781099996.272212,udp_reflection
9392,1781099996.272951,udp_reflection
9393,1781099996.273387,syn_flood
9394,1781099996.273843,syn_flood
9395,1781099996.274442,syn_flood
9396,1781099996.274868,udp_reflection
9397,1781099996.275275,udp_reflection
9398,1781099996.275668,syn_flood
9399,1781099996.276241,syn_flood
9400,1781099996.276676,syn_flood
9401,1781099996.277127,syn_flood
9402,1781099996.277841,udp_reflection
9403,1781099996.278190,syn_flood
9404,1781099996.278797,syn_flood
9405,1781099996.279174,syn_flood
9406,1781099996.279630,syn_flood
9407,1781099996.280128,normal
9408,1781099996.280817,udp_reflection
9409,1781099996.281275,normal
9410,1781099996.281744,normal
9411,1781099996.282227,syn_flood
9412,1781099996.282798,syn_flood
9413,1781099996.283523,syn_flood
9414,1781099996.283885,syn_flood
9415,1781099996.284554,syn_flood
9416,1781099996.284902,syn_flood
9417,1781099996.285727,syn_flood
9418,1781099996.286346,normal
9419,1781099996.286876,udp_reflection
9420,1781099996.287478,udp_reflection
9421,1781099996.288053,syn_flood
9422,1781099996.288465,http_flood
9423,1781099996.289027,normal
9424,1781099996.289402,normal
9425,1781099996.289809,syn_flood
9426,1781099996.290331,syn_flood
9427,1781099996.290778,syn_flood
9428,1781099996.291215,udp_reflection
9429,1781099996.292085,syn_flood
9430,1781099996.292518,normal
9431,1781099996.293026,syn_flood
9432,1781099996.293643,udp_reflection
9433,1781099996.294135,normal
9434,1781099996.294668,syn_flood
9435,1781099996.295129,syn_flood
9436,1781099996.295766,normal
9437,1781099996.296204,syn_flood
9438,1781099996.296653,normal
9439,1781099996.297271,udp_reflection
9440,1781099996.297809,syn_flood
9441,1781099996.298273,udp_reflection
9442,1781099996.298743,http_flood
9443,1781099996.299078,normal
9444,1781099996.299651,syn_flood
9445,1781099996.300305,syn_flood
9446,1781099996.300785,http_flood
9447,1781099996.301363,syn_flood
9448,1781099996.301995,syn_flood
9449,1781099996.302415,syn_flood
9450,1781099996.302914,syn_flood
9451,1781099996.303349,syn_flood
9452,1781099996.303932,syn_flood
9453,1781099996.304514,udp_reflection
9454,1781099996.305113,syn_flood
9455,1781099996.305736,udp_reflection
9456,1781099996.306334,syn_flood
9457,1781099996.306929,normal
9458,1781099996.307505,syn_flood
9459,1781099996.308148,syn_flood
9460,1781099996.308528,syn_flood
9461,1781099996.308906,normal
9462,1781099996.309408,udp_reflection
9463,1781099996.309892,http_flood
9464,1781099996.310353,normal
9465,1781099996.311019,syn_flood
9466,1781099996.311378,normal
9467,1781099996.311868,syn_flood
9468,1781099996.312515,syn_flood
9469,1781099996.313226,syn_flood
9470,1781099996.313818,normal
9471,1781099996.314324,normal
9472,1781099996.314734,http_flood
9473,1781099996.315165,normal
9474,1781099996.315584,syn_flood
9475,1781099996.315976,syn_flood
9476,1781099996.316479,normal
9477,1781099996.317033,normal
9478,1781099996.317433,normal
9479,1781099996.318024,syn_flood
9480,1781099996.318758,http_flood
9481,1781099996.319239,normal
9482,1781099996.319689,normal
9483,1781099996.320065,syn_flood
9484,1781099996.320468,syn_flood
9485,1781099996.321102,syn_flood
9486,1781099996.321766,http_flood
9487,1781099996.322371,normal
9488,1781099996.322791,udp_reflection
9489,1781099996.323329,syn_flood
9490,1781099996.324131,http_flood
9491,1781099996.324529,udp_reflection
9492,1781099996.325036,normal
9493,1781099996.325553,udp_reflection
9494,1781099996.325963,syn_flood
9495,1781099996.326595,syn_flood
9496,1781099996.327136,syn_flood
9497,1781099996.327695,normal
9498,1781099996.328179,syn_flood
9499,1781099996.328662,normal
9500,1781099996.329160,syn_flood
9501,1781099996.329678,normal
9502,1781099996.330180,udp_reflection
9503,1781099996.330673,syn_flood
9504,1781099996.331257,http_flood
9505,1781099996.331765,udp_reflection
9506,1781099996.332371,udp_reflection
9507,1781099996.332866,syn_flood
9508,1781099996.333414,normal
9509,1781099996.333992,syn_flood
9510,1781099996.334648,syn_flood
9511,1781099996.335335,normal
9512,1781099996.335744,udp_reflection
9513,1781099996.336056,normal
9514,1781099996.336545,syn_flood
9515,1781099996.337039,udp_reflection
9516,1781099996.337555,syn_flood
9517,1781099996.338051,syn_flood
9518,1781099996.338643,http_flood
9519,1781099996.339158,udp_reflection
9520,1781099996.339565,normal
9521,1781099996.340036,syn_flood
9522,1781099996.340604,syn_flood
9523,1781099996.341079,udp_reflection
9524,1781099996.341543,http_flood
9525,1781099996.342330,http_flood
9526,1781099996.342909,syn_flood
9527,1781099996.343616,syn_flood
9528,1781099996.344235,syn_flood
9529,1781099996.344640,syn_flood
9530,1781099996.345160,normal
9531,1781099996.345906,syn_flood
9532,1781099996.346212,syn_flood
9533,1781099996.346786,udp_reflection
9534,1781099996.347167,syn_flood
9535,1781099996.347781,http_flood
9536,1781099996.348276,syn_flood
9537,1781099996.348688,http_flood
9538,1781099996.349157,normal
9539,1781099996.349697,syn_flood
9540,1781099996.350169,udp_reflection
9541,1781099996.350623,syn_flood
9542,1781099996.351016,normal
9543,1781099996.351629,udp_reflection
9544,1781099996.352239,syn_flood
9545,1781099996.352889,syn_flood
9546,1781099996.353406,syn_flood
9547,1781099996.353657,syn_flood
9548,1781099996.354226,http_flood
9549,1781099996.354737,syn_flood
9550,1781099996.355284,syn_flood
9551,1781099996.356040,syn_flood
9552,1781099996.356592,syn_flood
9553,1781099996.357070,syn_flood
9554,1781099996.357416,http_flood
9555,1781099996.357879,syn_flood
9556,1781099996.358446,syn_flood
9557,1781099996.358886,syn_flood
9558,1781099996.359319,normal
9559,1781099996.359849,normal
9560,1781099996.360495,udp_reflection
9561,1781099996.361147,syn_flood
9562,1781099996.361853,syn_flood
9563,1781099996.362540,normal
9564,1781099996.363132,syn_flood
9565,1781099996.363692,udp_reflection
9566,1781099996.364159,normal
9567,1781099996.364754,http_flood
9568,1781099996.365422,normal
9569,1781099996.366001,syn_flood
9570,1781099996.366445,syn_flood
9571,1781099996.367010,udp_reflection
9572,1781099996.367558,syn_flood
9573,1781099996.368014,syn_flood
9574,1781099996.368502,syn_flood
9575,1781099996.368819,normal
9576,1781099996.369273,udp_reflection
9577,1781099996.369997,syn_flood
9578,1781099996.370529,normal
9579,1781099996.371133,normal
9580,1781099996.371625,normal
9581,1781099996.372321,syn_flood
9582,1781099996.372934,syn_flood
9583,1781099996.373369,normal
9584,1781099996.373902,syn_flood
9585,1781099996.374513,syn_flood
9586,1781099996.375326,normal
9587,1781099996.375839,normal
9588,1781099996.376302,normal
9589,1781099996.376972,syn_flood
9590,1781099996.377424,syn_flood
9591,1781099996.377922,syn_flood
9592,1781099996.378316,syn_flood
9593,1781099996.378724,http_flood
9594,1781099996.379170,udp_reflection
9595,1781099996.379596,syn_flood
9596,1781099996.380008,http_flood
9597,1781099996.380680,syn_flood
9598,1781099996.381372,syn_flood
9599,1781099996.381797,udp_reflection
9600,1781099996.382298,normal
9601,1781099996.382904,udp_reflection
9602,1781099996.383369,syn_flood
9603,1781099996.383875,udp_reflection
9604,1781099996.384394,http_flood
9605,1781099996.385149,syn_flood
9606,1781099996.385714,syn_flood
9607,1781099996.386026,udp_reflection
9608,1781099996.386576,syn_flood
9609,1781099996.387064,syn_flood
9610,1781099996.387664,syn_flood
9611,1781099996.388369,http_flood
9612,1781099996.388885,udp_reflection
9613,1781099996.389480,http_flood
9614,1781099996.390083,syn_flood
9615,1781099996.390621,syn_flood
9616,1781099996.391194,syn_flood
9617,1781099996.391913,normal
9618,1781099996.392535,syn_flood
9619,1781099996.393141,syn_flood
9620,1781099996.393761,syn_flood
9621,1781099996.394615,syn_flood
9622,1781099996.395309,udp_reflection
9623,1781099996.395810,syn_flood
9624,1781099996.396294,syn_flood
9625,1781099996.396802,syn_flood
9626,1781099996.397423,syn_flood
9627,1781099996.397889,http_flood
9628,1781099996.398646,normal
9629,1781099996.399183,normal
9630,1781099996.399825,syn_flood
9631,1781099996.400544,syn_flood
9632,1781099996.401037,syn_flood
9633,1781099996.401544,udp_reflection
9634,1781099996.402078,normal
9635,1781099996.402655,syn_flood
9636,1781099996.403133,syn_flood
9637,1781099996.403802,syn_flood
9638,1781099996.404546,syn_flood
9639,1781099996.404949,syn_flood
9640,1781099996.405680,syn_flood
9641,1781099996.406258,syn_flood
9642,1781099996.406651,udp_reflection
9643,1781099996.407072,syn_flood
9644,1781099996.407691,syn_flood
9645,1781099996.408358,udp_reflection
9646,1781099996.408806,syn_flood
9647,1781099996.409285,normal
9648,1781099996.409735,syn_flood
9649,1781099996.410268,normal
9650,1781099996.410822,udp_reflection
9651,1781099996.411213,normal
9652,1781099996.411924,normal
9653,1781099996.412367,syn_flood
9654,1781099996.412712,normal
9655,1781099996.413481,http_flood
9656,1781099996.413993,syn_flood
9657,1781099996.414624,syn_flood
9658,1781099996.415066,syn_flood
9659,1781099996.415476,syn_flood
9660,1781099996.416047,syn_flood
9661,1781099996.416553,syn_flood
9662,1781099996.417014,http_flood
9663,1781099996.417444,udp_reflection
9664,1781099996.417864,syn_flood
9665,1781099996.418378,syn_flood
9666,1781099996.418735,http_flood
9667,1781099996.419407,normal
9668,1781099996.419889,normal
9669,1781099996.420357,syn_flood
9670,1781099996.421045,http_flood
9671,1781099996.421683,syn_flood
9672,1781099996.422130,syn_flood
9673,1781099996.422513,syn_flood
9674,1781099996.422960,syn_flood
9675,1781099996.423467,syn_flood
9676,1781099996.424003,syn_flood
9677,1781099996.424498,udp_reflection
9678,1781099996.424931,normal
9679,1781099996.425719,syn_flood
9680,1781099996.426091,syn_flood
9681,1781099996.426863,http_flood
9682,1781099996.427405,udp_reflection
9683,1781099996.427801,syn_flood
9684,1781099996.428315,syn_flood
9685,1781099996.428906,syn_flood
9686,1781099996.429467,normal
9687,1781099996.429854,syn_flood
9688,1781099996.430348,syn_flood
9689,1781099996.430918,syn_flood
9690,1781099996.431405,syn_flood
9691,1781099996.431883,normal
9692,1781099996.432361,syn_flood
9693,1781099996.432793,normal
9694,1781099996.433303,syn_flood
9695,1781099996.433777,normal
9696,1781099996.434343,syn_flood
9697,1781099996.435012,http_flood
9698,1781099996.435571,http_flood
9699,1781099996.435948,syn_flood
9700,1781099996.436199,normal
9701,1781099996.436764,syn_flood
9702,1781099996.437182,udp_reflection
9703,1781099996.437692,udp_reflection
9704,1781099996.438178,syn_flood
9705,1781099996.438597,syn_flood
9706,1781099996.438997,syn_flood
9707,1781099996.439595,http_flood
9708,1781099996.440034,syn_flood
9709,1781099996.440664,syn_flood
9710,1781099996.441231,syn_flood
9711,1781099996.441700,udp_reflection
9712,1781099996.442477,syn_flood
9713,1781099996.442875,normal
9714,1781099996.443551,normal
9715,1781099996.444298,syn_flood
9716,1781099996.444815,normal
9717,1781099996.445261,http_flood
9718,1781099996.445864,syn_flood
9719,1781099996.446499,syn_flood
9720,1781099996.447266,http_flood
9721,1781099996.447683,syn_flood
9722,1781099996.448185,syn_flood
9723,1781099996.448602,normal
9724,1781099996.449167,syn_flood
9725,1781099996.449595,http_flood
9726,1781099996.450133,udp_reflection
9727,1781099996.450624,normal
9728,1781099996.451086,syn_flood
9729,1781099996.451595,udp_reflection
9730,1781099996.452111,http_flood
9731,1781099996.452531,syn_flood
9732,1781099996.453129,udp_reflection
9733,1781099996.453593,syn_flood
9734,1781099996.454161,syn_flood
9735,1781099996.454858,syn_flood
9736,1781099996.455490,udp_reflection
9737,1781099996.456084,normal
9738,1781099996.456690,http_flood
9739,1781099996.457488,syn_flood
9740,1781099996.458185,syn_flood
9741,1781099996.458665,udp_reflection
9742,1781099996.459193,syn_flood
9743,1781099996.459900,syn_flood
9744,1781099996.460315,syn_flood
9745,1781099996.460855,syn_flood
9746,1781099996.461345,normal
9747,1781099996.461916,syn_flood
9748,1781099996.462384,http_flood
9749,1781099996.463097,syn_flood
9750,1781099996.463558,syn_flood
9751,1781099996.464441,syn_flood
9752,1781099996.464908,normal
9753,1781099996.465422,syn_flood
9754,1781099996.465990,normal
9755,1781099996.466675,syn_flood
9756,1781099996.467020,syn_flood
9757,1781099996.467412,http_flood
9758,1781099996.467900,udp_reflection
9759,1781099996.468443,normal
9760,1781099996.468793,normal
9761,1781099996.469187,syn_flood
9762,1781099996.469883,syn_flood
9763,1781099996.470414,syn_flood
9764,1781099996.471009,normal
9765,1781099996.471444,udp_reflection
9766,1781099996.471860,syn_flood
9767,1781099996.472358,syn_flood
9768,1781099996.472916,syn_flood
9769,1781099996.473433,syn_flood
9770,1781099996.473850,normal
9771,1781099996.474428,syn_flood
9772,1781099996.474892,syn_flood
9773,1781099996.475353,syn_flood
9774,1781099996.475970,http_flood
9775,1781099996.476566,syn_flood
9776,1781099996.476917,normal
9777,1781099996.477413,syn_flood
9778,1781099996.477809,normal
9779,1781099996.478375,normal
9780,1781099996.478922,udp_reflection
9781,1781099996.479420,udp_reflection
9782,1781099996.479804,syn_flood
9783,1781099996.480462,syn_flood
9784,1781099996.480995,normal
9785,1781099996.481686,syn_flood
9786,1781099996.482188,syn_flood
9787,1781099996.482617,syn_flood
9788,1781099996.483318,syn_flood
9789,1781099996.483963,syn_flood
9790,1781099996.484326,syn_flood
9791,1781099996.484721,udp_reflection
9792,1781099996.485411,http_flood
9793,1781099996.485863,syn_flood
9794,1781099996.486341,syn_flood
9795,1781099996.486828,syn_flood
9796,1781099996.487168,syn_flood
9797,1781099996.487686,syn_flood
9798,1781099996.488182,http_flood
9799,1781099996.488606,syn_flood
9800,1781099996.488996,syn_flood
9801,1781099996.489402,normal
9802,1781099996.489774,syn_flood
9803,1781099996.490408,syn_flood
9804,1781099996.490891,syn_flood
9805,1781099996.491295,syn_flood
9806,1781099996.491934,syn_flood
9807,1781099996.492406,normal
9808,1781099996.492845,http_flood
9809,1781099996.493279,syn_flood
9810,1781099996.494060,syn_flood
9811,1781099996.494451,syn_flood
9812,1781099996.494899,syn_flood
9813,1781099996.495381,http_flood
9814,1781099996.495968,syn_flood
9815,1781099996.496504,syn_flood
9816,1781099996.497081,udp_reflection
9817,1781099996.497574,syn_flood
9818,1781099996.498025,udp_reflection
9819,1781099996.498545,syn_flood
9820,1781099996.499097,http_flood
9821,1781099996.499669,udp_reflection
9822,1781099996.500268,http_flood
9823,1781099996.500770,syn_flood
9824,1781099996.501336,syn_flood
9825,1781099996.501928,syn_flood
9826,1781099996.502425,http_flood
9827,1781099996.502836,udp_reflection
9828,1781099996.503382,syn_flood
9829,1781099996.503909,syn_flood
9830,1781099996.504358,syn_flood
9831,1781099996.505042,syn_flood
9832,1781099996.505556,http_flood
9833,1781099996.506082,normal
9834,1781099996.506705,normal
9835,1781099996.507125,syn_flood
9836,1781099996.507580,normal
9837,1781099996.508090,syn_flood
9838,1781099996.508458,syn_flood
9839,1781099996.508877,syn_flood
9840,1781099996.509417,normal
9841,1781099996.509761,syn_flood
9842,1781099996.510304,syn_flood
9843,1781099996.510694,syn_flood
9844,1781099996.511106,http_flood
9845,1781099996.511779,syn_flood
9846,1781099996.512269,syn_flood
9847,1781099996.512657,normal
9848,1781099996.513216,syn_flood
9849,1781099996.513744,syn_flood
9850,1781099996.514146,syn_flood
9851,1781099996.514706,udp_reflection
9852,1781099996.515115,syn_flood
9853,1781099996.515541,normal
9854,1781099996.516096,syn_flood
9855,1781099996.516681,syn_flood
9856,1781099996.517097,normal
9857,1781099996.517533,syn_flood
9858,1781099996.518120,syn_flood
9859,1781099996.518726,normal
9860,1781099996.519242,udp_reflection
9861,1781099996.519551,syn_flood
9862,1781099996.520144,syn_flood
9863,1781099996.520517,syn_flood
9864,1781099996.520795,normal
9865,1781099996.521307,http_flood
9866,1781099996.521755,normal
9867,1781099996.522208,syn_flood
9868,1781099996.522632,udp_reflection
9869,1781099996.523233,http_flood
9870,1781099996.523989,http_flood
9871,1781099996.524436,syn_flood
9872,1781099996.525176,syn_flood
9873,1781099996.525536,syn_flood
9874,1781099996.526160,udp_reflection
9875,1781099996.526535,syn_flood
9876,1781099996.526934,http_flood
9877,1781099996.527427,syn_flood
9878,1781099996.527951,normal
9879,1781099996.528436,syn_flood
9880,1781099996.528840,syn_flood
9881,1781099996.529282,syn_flood
9882,1781099996.530126,syn_flood
9883,1781099996.530745,normal
9884,1781099996.531406,syn_flood
9885,1781099996.531929,syn_flood
9886,1781099996.532743,syn_flood
9887,1781099996.533233,udp_reflection
9888,1781099996.533822,syn_flood
9889,1781099996.534588,udp_reflection
9890,1781099996.535293,syn_flood
9891,1781099996.535763,syn_flood
9892,1781099996.536264,syn_flood
9893,1781099996.537155,syn_flood
9894,1781099996.537582,syn_flood
9895,1781099996.538025,syn_flood
9896,1781099996.538381,udp_reflection
9897,1781099996.539011,syn_flood
9898,1781099996.539520,syn_flood
9899,1781099996.540159,syn_flood
9900,1781099996.540593,http_flood
9901,1781099996.541214,syn_flood
9902,1781099996.541628,syn_flood
9903,1781099996.542279,syn_flood
9904,1781099996.542734,normal
9905,1781099996.543182,syn_flood
9906,1781099996.543581,normal
9907,1781099996.544135,normal
9908,1781099996.544614,syn_flood
9909,1781099996.545115,syn_flood
9910,1781099996.545728,http_flood
9911,1781099996.546103,syn_flood
9912,1781099996.546769,syn_flood
9913,1781099996.547259,syn_flood
9914,1781099996.547663,udp_reflection
9915,1781099996.548258,syn_flood
9916,1781099996.548738,udp_reflection
9917,1781099996.549312,syn_flood
9918,1781099996.549657,syn_flood
9919,1781099996.550184,syn_flood
9920,1781099996.550733,syn_flood
9921,1781099996.551267,syn_flood
9922,1781099996.551792,http_flood
9923,1781099996.552237,syn_flood
9924,1781099996.552922,syn_flood
9925,1781099996.553551,normal
9926,1781099996.554107,syn_flood
9927,1781099996.554490,syn_flood
9928,1781099996.555184,syn_flood
9929,1781099996.555801,syn_flood
9930,1781099996.556405,syn_flood
9931,1781099996.557071,normal
9932,1781099996.557631,syn_flood
9933,1781099996.558255,normal
9934,1781099996.558752,normal
9935,1781099996.559192,syn_flood
9936,1781099996.559692,syn_flood
9937,1781099996.560272,syn_flood
9938,1781099996.560997,syn_flood
9939,1781099996.561654,normal
9940,1781099996.562202,syn_flood
9941,1781099996.562916,http_flood
9942,1781099996.563715,syn_flood
9943,1781099996.564190,syn_flood
9944,1781099996.564692,udp_reflection
9945,1781099996.565144,syn_flood
9946,1781099996.565660,syn_flood
9947,1781099996.566366,udp_reflection
9948,1781099996.566951,syn_flood
9949,1781099996.567567,syn_flood
9950,1781099996.567947,normal
9951,1781099996.568486,normal
9952,1781099996.569049,syn_flood
9953,1781099996.569750,udp_reflection
9954,1781099996.570209,syn_flood
9955,1781099996.570637,http_flood
9956,1781099996.571390,syn_flood
9957,1781099996.571995,syn_flood
9958,1781099996.572511,syn_flood
9959,1781099996.572896,syn_flood
9960,1781099996.573212,syn_flood
9961,1781099996.573670,normal
9962,1781099996.574117,syn_flood
9963,1781099996.574858,syn_flood
9964,1781099996.575310,syn_flood
9965,1781099996.575796,http_flood
9966,1781099996.576214,syn_flood
9967,1781099996.576654,normal
9968,1781099996.577192,normal
9969,1781099996.577814,http_flood
9970,1781099996.578521,syn_flood
9971,1781099996.579097,syn_flood
9972,1781099996.579809,http_flood
9973,1781099996.580368,syn_flood
9974,1781099996.580952,syn_flood
9975,1781099996.581656,udp_reflection
9976,1781099996.582387,http_flood
9977,1781099996.583075,syn_flood
9978,1781099996.583634,normal
9979,1781099996.584022,http_flood
9980,1781099996.584599,normal
9981,1781099996.585368,syn_flood
9982,1781099996.585790,syn_flood
9983,1781099996.586289,http_flood
9984,1781099996.586723,syn_flood
9985,1781099996.587358,syn_flood
9986,1781099996.587950,normal
9987,1781099996.588505,syn_flood
9988,1781099996.589099,syn_flood
9989,1781099996.589584,syn_flood
9990,1781099996.590196,syn_flood
9991,1781099996.590631,syn_flood
9992,1781099996.590990,syn_flood
9993,1781099996.591783,http_flood
9994,1781099996.592337,syn_flood
9995,1781099996.592806,syn_flood
9996,1781099996.593228,syn_flood
9997,1781099996.593688,normal
9998,1781099996.593965,normal
9999,1781099996.594397,http_flood
10000,1781099996.594932,syn_flood
10001,1781099996.595429,http_flood
10002,1781099996.595912,syn_flood
10003,1781099996.596579,syn_flood
10004,1781099996.597031,syn_flood
10005,1781099996.597720,syn_flood
10006,1781099996.598369,normal
10007,1781099996.599027,normal
10008,1781099996.599529,http_flood
10009,1781099996.600042,normal
10010,1781099996.600631,syn_flood
10011,1781099996.601108,syn_flood
10012,1781099996.601485,http_flood
10013,1781099996.602008,normal
10014,1781099996.602554,syn_flood
10015,1781099996.603180,normal
10016,1781099996.603600,normal
10017,1781099996.604077,normal
10018,1781099996.604734,syn_flood
10019,1781099996.605236,syn_flood
10020,1781099996.605584,http_flood
10021,1781099996.606109,normal
10022,1781099996.606690,udp_reflection
10023,1781099996.607197,normal
10024,1781099996.607784,syn_flood
10025,1781099996.608215,udp_reflection
10026,1781099996.608604,syn_flood
10027,1781099996.609196,syn_flood
10028,1781099996.609808,syn_flood
10029,1781099996.610186,normal
10030,1781099996.610674,syn_flood
10031,1781099996.611097,udp_reflection
10032,1781099996.611607,normal
10033,1781099996.612123,normal
10034,1781099996.612717,syn_flood
10035,1781099996.613443,syn_flood
10036,1781099996.613834,syn_flood
10037,1781099996.614465,normal
10038,1781099996.615155,normal
10039,1781099996.615667,syn_flood
10040,1781099996.616225,normal
10041,1781099996.616825,normal
10042,1781099996.617282,syn_flood
10043,1781099996.617903,syn_flood
10044,1781099996.618444,normal
10045,1781099996.619057,http_flood
10046,1781099996.619454,syn_flood
10047,1781099996.620065,syn_flood
10048,1781099996.620606,udp_reflection
10049,1781099996.621212,normal
10050,1781099996.621588,normal
10051,1781099996.622117,syn_flood
10052,1781099996.622685,syn_flood
10053,1781099996.623179,syn_flood
10054,1781099996.623750,syn_flood
10055,1781099996.624160,udp_reflection
10056,1781099996.624681,syn_flood
10057,1781099996.625071,syn_flood
10058,1781099996.625527,syn_flood
10059,1781099996.625882,syn_flood
10060,1781099996.626408,syn_flood
10061,1781099996.626945,syn_flood
10062,1781099996.627393,syn_flood
10063,1781099996.627941,http_flood
10064,1781099996.628656,http_flood
10065,1781099996.629158,syn_flood
10066,1781099996.629917,syn_flood
10067,1781099996.630666,syn_flood
10068,1781099996.631094,normal
10069,1781099996.631675,normal
10070,1781099996.632208,syn_flood
10071,1781099996.632897,udp_reflection
10072,1781099996.633334,syn_flood
10073,1781099996.633698,syn_flood
10074,1781099996.634151,syn_flood
10075,1781099996.634535,syn_flood
10076,1781099996.635178,syn_flood
10077,1781099996.635686,syn_flood
10078,1781099996.636083,syn_flood
10079,1781099996.636666,syn_flood
10080,1781099996.637050,syn_flood
10081,1781099996.637527,http_flood
10082,1781099996.638191,normal
10083,1781099996.638692,normal
10084,1781099996.639286,syn_flood
10085,1781099996.639845,udp_reflection
10086,1781099996.640352,http_flood
10087,1781099996.640846,syn_flood
10088,1781099996.641273,syn_flood
10089,1781099996.641630,syn_flood
10090,1781099996.642098,normal
10091,1781099996.642785,syn_flood
10092,1781099996.643243,udp_reflection
10093,1781099996.643671,udp_reflection
10094,1781099996.644151,syn_flood
10095,1781099996.644961,syn_flood
10096,1781099996.645452,syn_flood
10097,1781099996.645862,http_flood
10098,1781099996.646290,http_flood
10099,1781099996.646806,syn_flood
10100,1781099996.647490,normal
10101,1781099996.648004,normal
10102,1781099996.648701,syn_flood
10103,1781099996.649148,normal
10104,1781099996.649503,http_flood
10105,1781099996.650318,syn_flood
10106,1781099996.650804,syn_flood
10107,1781099996.651338,syn_flood
10108,1781099996.651960,normal
10109,1781099996.652512,normal
10110,1781099996.653222,syn_flood
10111,1781099996.653778,syn_flood
10112,1781099996.654410,syn_flood
10113,1781099996.655101,normal
10114,1781099996.655803,syn_flood
10115,1781099996.656242,normal
10116,1781099996.656937,syn_flood
10117,1781099996.657290,http_flood
10118,1781099996.657940,syn_flood
10119,1781099996.658271,normal
10120,1781099996.658739,syn_flood
10121,1781099996.659312,syn_flood
10122,1781099996.659743,normal
10123,1781099996.660418,syn_flood
10124,1781099996.660755,udp_reflection
10125,1781099996.661231,syn_flood
10126,1781099996.661584,syn_flood
10127,1781099996.662060,http_flood
10128,1781099996.662559,syn_flood
10129,1781099996.663171,syn_flood
10130,1781099996.663681,syn_flood
10131,1781099996.664301,udp_reflection
10132,1781099996.664988,syn_flood
10133,1781099996.665353,syn_flood
10134,1781099996.665744,http_flood
10135,1781099996.666026,syn_flood
10136,1781099996.666511,syn_flood
10137,1781099996.667011,normal
10138,1781099996.667356,udp_reflection
10139,1781099996.667881,syn_flood
10140,1781099996.668464,http_flood
10141,1781099996.669539,udp_reflection
10142,1781099996.670520,udp_reflection
10143,1781099996.671118,normal
10144,1781099996.671704,http_flood
10145,1781099996.672046,syn_flood
10146,1781099996.672787,http_flood
10147,1781099996.673375,normal
10148,1781099996.673887,syn_flood
10149,1781099996.674243,syn_flood
10150,1781099996.674909,normal
10151,1781099996.675554,syn_flood
10152,1781099996.676296,http_flood
10153,1781099996.676938,udp_reflection
10154,1781099996.677310,normal
10155,1781099996.677751,http_flood
10156,1781099996.678149,http_flood
10157,1781099996.678576,syn_flood
10158,1781099996.679147,udp_reflection
10159,1781099996.679552,syn_flood
10160,1781099996.679986,normal
10161,1781099996.680280,syn_flood
10162,1781099996.680761,normal
10163,1781099996.681274,syn_flood
10164,1781099996.681831,syn_flood
10165,1781099996.682412,syn_flood
10166,1781099996.682813,syn_flood
10167,1781099996.683280,syn_flood
10168,1781099996.683881,normal
10169,1781099996.684199,syn_flood
10170,1781099996.684971,http_flood
10171,1781099996.685415,udp_reflection
10172,1781099996.686157,normal
10173,1781099996.686574,syn_flood
10174,1781099996.686994,syn_flood
10175,1781099996.687448,normal
10176,1781099996.687945,http_flood
10177,1781099996.688585,syn_flood
10178,1781099996.689019,syn_flood
10179,1781099996.689411,udp_reflection
10180,1781099996.690004,normal
10181,1781099996.690467,normal
10182,1781099996.690861,syn_flood
10183,1781099996.691273,syn_flood
10184,1781099996.691960,normal
10185,1781099996.692641,syn_flood
10186,1781099996.693178,syn_flood
10187,1781099996.693631,syn_flood
10188,1781099996.694137,syn_flood
10189,1781099996.694623,syn_flood
10190,1781099996.695105,syn_flood
10191,1781099996.695567,syn_flood
10192,1781099996.695969,syn_flood
10193,1781099996.696488,syn_flood
10194,1781099996.696823,syn_flood
10195,1781099996.697466,syn_flood
10196,1781099996.698125,syn_flood
10197,1781099996.698654,udp_reflection
10198,1781099996.699311,udp_reflection
10199,1781099996.699924,normal
10200,1781099996.700471,http_flood
10201,1781099996.700940,syn_flood
10202,1781099996.701446,syn_flood
10203,1781099996.702030,syn_flood
10204,1781099996.702613,udp_reflection
10205,1781099996.703108,syn_flood
10206,1781099996.703748,http_flood
10207,1781099996.704120,syn_flood
10208,1781099996.704619,syn_flood
10209,1781099996.705236,syn_flood
10210,1781099996.705679,syn_flood
10211,1781099996.706369,udp_reflection
10212,1781099996.706759,udp_reflection
10213,1781099996.707186,udp_reflection
10214,1781099996.707582,syn_flood
10215,1781099996.708379,udp_reflection
10216,1781099996.709080,normal
10217,1781099996.709544,syn_flood
10218,1781099996.710041,syn_flood
10219,1781099996.710556,syn_flood
10220,1781099996.711256,syn_flood
10221,1781099996.711972,syn_flood
10222,1781099996.712561,normal
10223,1781099996.712973,udp_reflection
10224,1781099996.713583,normal
10225,1781099996.714121,syn_flood
10226,1781099996.714658,http_flood
10227,1781099996.715164,normal
10228,1781099996.715575,syn_flood
10229,1781099996.715991,normal
10230,1781099996.716457,normal
10231,1781099996.716886,normal
10232,1781099996.717602,syn_flood
10233,1781099996.717959,syn_flood
10234,1781099996.718493,syn_flood
10235,1781099996.719014,syn_flood
10236,1781099996.719470,syn_flood
10237,1781099996.719994,syn_flood
10238,1781099996.720648,syn_flood
10239,1781099996.721097,syn_flood
10240,1781099996.721671,syn_flood
10241,1781099996.722146,syn_flood
10242,1781099996.722734,syn_flood
10243,1781099996.723237,normal
10244,1781099996.723706,syn_flood
10245,1781099996.724103,http_flood
10246,1781099996.724707,syn_flood
10247,1781099996.725428,syn_flood
10248,1781099996.726038,normal
10249,1781099996.726568,http_flood
10250,1781099996.727255,udp_reflection
10251,1781099996.727741,udp_reflection
10252,1781099996.728259,udp_reflection
10253,1781099996.728627,udp_reflection
10254,1781099996.729126,syn_flood
10255,1781099996.729715,udp_reflection
10256,1781099996.730448,syn_flood
10257,1781099996.730946,normal
10258,1781099996.731628,syn_flood
10259,1781099996.731944,http_flood
10260,1781099996.732362,syn_flood
10261,1781099996.732754,http_flood
10262,1781099996.733135,normal
10263,1781099996.733577,normal
10264,1781099996.734219,http_flood
10265,1781099996.734841,syn_flood
10266,1781099996.735301,syn_flood
10267,1781099996.735955,normal
10268,1781099996.736401,normal
10269,1781099996.736981,normal
10270,1781099996.737373,normal
10271,1781099996.738219,syn_flood
10272,1781099996.738629,syn_flood
10273,1781099996.739121,syn_flood
10274,1781099996.739706,syn_flood
10275,1781099996.740308,syn_flood
10276,1781099996.740802,syn_flood
10277,1781099996.741245,syn_flood
10278,1781099996.741884,syn_flood
10279,1781099996.742408,syn_flood
10280,1781099996.742927,http_flood
10281,1781099996.743437,syn_flood
10282,1781099996.743909,syn_flood
10283,1781099996.744247,syn_flood
10284,1781099996.744827,udp_reflection
10285,1781099996.745379,syn_flood
10286,1781099996.745981,syn_flood
10287,1781099996.746333,syn_flood
10288,1781099996.746709,normal
10289,1781099996.747428,syn_flood
10290,1781099996.747886,normal
10291,1781099996.748332,syn_flood
10292,1781099996.748930,normal
10293,1781099996.749456,normal
10294,1781099996.750021,syn_flood
10295,1781099996.750534,syn_flood
10296,1781099996.750986,syn_flood
10297,1781099996.751562,syn_flood
10298,1781099996.752133,udp_reflection
10299,1781099996.752741,syn_flood
10300,1781099996.753166,syn_flood
10301,1781099996.753767,syn_flood
10302,1781099996.754372,syn_flood
10303,1781099996.755269,udp_reflection
10304,1781099996.755861,udp_reflection
10305,1781099996.756134,syn_flood
10306,1781099996.756933,normal
10307,1781099996.757592,http_flood
10308,1781099996.757963,syn_flood
10309,1781099996.758351,normal
10310,1781099996.758807,http_flood
10311,1781099996.759365,normal
10312,1781099996.759803,normal
10313,1781099996.760446,normal
10314,1781099996.760815,udp_reflection
10315,1781099996.761356,syn_flood
10316,1781099996.761964,udp_reflection
10317,1781099996.762436,normal
10318,1781099996.762956,udp_reflection
10319,1781099996.763549,syn_flood
10320,1781099996.764127,syn_flood
10321,1781099996.764692,syn_flood
10322,1781099996.765250,normal
10323,1781099996.765700,udp_reflection
10324,1781099996.766018,http_flood
10325,1781099996.766611,http_flood
10326,1781099996.766966,http_flood
10327,1781099996.767429,syn_flood
10328,1781099996.767828,syn_flood
10329,1781099996.768316,syn_flood
10330,1781099996.769022,http_flood
10331,1781099996.769565,udp_reflection
10332,1781099996.770127,syn_flood
10333,1781099996.770618,normal
10334,1781099996.771170,normal
10335,1781099996.771522,normal
10336,1781099996.772129,syn_flood
10337,1781099996.772705,syn_flood
10338,1781099996.773407,syn_flood
10339,1781099996.774098,syn_flood
10340,1781099996.774819,syn_flood
10341,1781099996.775460,syn_flood
10342,1781099996.775805,syn_flood
10343,1781099996.776384,http_flood
10344,1781099996.776780,syn_flood
10345,1781099996.777408,syn_flood
10346,1781099996.778077,http_flood
10347,1781099996.778619,syn_flood
10348,1781099996.779550,udp_reflection
10349,1781099996.779993,syn_flood
10350,1781099996.780553,syn_flood
10351,1781099996.780953,syn_flood
10352,1781099996.781391,normal
10353,1781099996.781743,http_flood
10354,1781099996.782056,syn_flood
10355,1781099996.782472,syn_flood
10356,1781099996.782995,normal
10357,1781099996.783641,http_flood
10358,1781099996.784077,syn_flood
10359,1781099996.784590,syn_flood
10360,1781099996.784959,syn_flood
10361,1781099996.785595,syn_flood
10362,1781099996.786043,syn_flood
10363,1781099996.786469,http_flood
10364,1781099996.786948,syn_flood
10365,1781099996.787528,syn_flood
10366,1781099996.787999,http_flood
10367,1781099996.788726,syn_flood
10368,1781099996.789350,http_flood
10369,1781099996.789825,syn_flood
10370,1781099996.790416,syn_flood
10371,1781099996.790867,syn_flood
10372,1781099996.791505,http_flood
10373,1781099996.791926,http_flood
10374,1781099996.792594,syn_flood
10375,1781099996.793104,normal
10376,1781099996.793606,syn_flood
10377,1781099996.794100,syn_flood
10378,1781099996.794644,http_flood
10379,1781099996.795241,udp_reflection
10380,1781099996.795836,syn_flood
10381,1781099996.796435,udp_reflection
10382,1781099996.796902,syn_flood
10383,1781099996.797493,udp_reflection
10384,1781099996.798165,syn_flood
10385,1781099996.798667,syn_flood
10386,1781099996.799089,syn_flood
10387,1781099996.799670,normal
10388,1781099996.800161,udp_reflection
10389,1781099996.800889,syn_flood
10390,1781099996.801481,http_flood
10391,1781099996.801923,syn_flood
10392,1781099996.802536,syn_flood
10393,1781099996.803141,http_flood
10394,1781099996.803662,syn_flood
10395,1781099996.804377,syn_flood
10396,1781099996.804739,normal
10397,1781099996.805176,syn_flood
10398,1781099996.805691,normal
10399,1781099996.806193,udp_reflection
10400,1781099996.806892,normal
10401,1781099996.807321,syn_flood
10402,1781099996.807905,syn_flood
10403,1781099996.808601,syn_flood
10404,1781099996.809307,udp_reflection
10405,1781099996.809859,syn_flood
10406,1781099996.810398,syn_flood
10407,1781099996.810984,syn_flood
10408,1781099996.811325,syn_flood
10409,1781099996.811796,syn_flood
10410,1781099996.812194,syn_flood
10411,1781099996.812871,syn_flood
10412,1781099996.813455,normal
10413,1781099996.814061,syn_flood
10414,1781099996.814374,syn_flood
10415,1781099996.814775,syn_flood
10416,1781099996.815448,syn_flood
10417,1781099996.815959,normal
10418,1781099996.816288,syn_flood
10419,1781099996.816723,syn_flood
10420,1781099996.817106,syn_flood
10421,1781099996.817782,normal
10422,1781099996.818366,http_flood
10423,1781099996.819125,syn_flood
10424,1781099996.819634,syn_flood
10425,1781099996.820037,syn_flood
10426,1781099996.821002,udp_reflection
10427,1781099996.821649,http_flood
10428,1781099996.822282,syn_flood
10429,1781099996.822858,normal
10430,1781099996.823280,syn_flood
10431,1781099996.823772,syn_flood
10432,1781099996.824239,syn_flood
10433,1781099996.824757,syn_flood
10434,1781099996.825427,normal
10435,1781099996.825939,syn_flood
10436,1781099996.826483,syn_flood
10437,1781099996.826905,normal
10438,1781099996.827263,syn_flood
10439,1781099996.827686,syn_flood
10440,1781099996.828130,syn_flood
10441,1781099996.828668,http_flood
10442,1781099996.829122,udp_reflection
10443,1781099996.829618,syn_flood
10444,1781099996.830065,udp_reflection
10445,1781099996.830417,normal
10446,1781099996.830973,udp_reflection
10447,1781099996.831579,syn_flood
10448,1781099996.831948,syn_flood
10449,1781099996.832443,udp_reflection
10450,1781099996.832990,syn_flood
10451,1781099996.833366,syn_flood
10452,1781099996.833867,syn_flood
10453,1781099996.834543,http_flood
10454,1781099996.835321,syn_flood
10455,1781099996.835954,syn_flood
10456,1781099996.836518,http_flood
10457,1781099996.837383,syn_flood
10458,1781099996.837882,syn_flood
10459,1781099996.838215,syn_flood
10460,1781099996.838732,http_flood
10461,1781099996.839190,syn_flood
10462,1781099996.839747,syn_flood
10463,1781099996.840348,udp_reflection
10464,1781099996.840785,syn_flood
10465,1781099996.841218,syn_flood
10466,1781099996.841935,syn_flood
10467,1781099996.842731,udp_reflection
10468,1781099996.843332,syn_flood
10469,1781099996.843729,syn_flood
10470,1781099996.844190,syn_flood
10471,1781099996.844606,syn_flood
10472,1781099996.845111,udp_reflection
10473,1781099996.845584,udp_reflection
10474,1781099996.846382,syn_flood
10475,1781099996.846902,normal
10476,1781099996.847522,syn_flood
10477,1781099996.848046,normal
10478,1781099996.848527,syn_flood
10479,1781099996.849201,syn_flood
10480,1781099996.849573,syn_flood
10481,1781099996.850188,http_flood
10482,1781099996.850805,syn_flood
10483,1781099996.851262,syn_flood
10484,1781099996.851676,udp_reflection
10485,1781099996.852224,syn_flood
10486,1781099996.852751,syn_flood
10487,1781099996.853400,syn_flood
10488,1781099996.853823,syn_flood
10489,1781099996.854309,normal
10490,1781099996.854928,normal
10491,1781099996.855367,syn_flood
10492,1781099996.855786,normal
10493,1781099996.856144,http_flood
10494,1781099996.856513,syn_flood
10495,1781099996.856874,http_flood
10496,1781099996.857273,http_flood
10497,1781099996.857872,syn_flood
10498,1781099996.858487,udp_reflection
10499,1781099996.858743,syn_flood
10500,1781099996.859113,udp_reflection
10501,1781099996.859476,syn_flood
10502,1781099996.860090,syn_flood
10503,1781099996.860779,syn_flood
10504,1781099996.861300,http_flood
10505,1781099996.861890,syn_flood
10506,1781099996.862287,syn_flood
10507,1781099996.862890,syn_flood
10508,1781099996.863501,syn_flood
10509,1781099996.864083,syn_flood
10510,1781099996.864920,normal
10511,1781099996.865463,udp_reflection
10512,1781099996.865842,syn_flood
10513,1781099996.866271,syn_flood
10514,1781099996.866680,normal
10515,1781099996.867099,udp_reflection
10516,1781099996.867705,udp_reflection
10517,1781099996.868102,syn_flood
10518,1781099996.868565,syn_flood
10519,1781099996.869100,syn_flood
10520,1781099996.869696,syn_flood
10521,1781099996.870422,syn_flood
10522,1781099996.870855,syn_flood
10523,1781099996.871317,udp_reflection
10524,1781099996.871939,normal
10525,1781099996.872440,syn_flood
10526,1781099996.872943,syn_flood
10527,1781099996.873346,http_flood
10528,1781099996.873986,http_flood
10529,1781099996.874284,normal
10530,1781099996.875144,udp_reflection
10531,1781099996.875740,normal
10532,1781099996.876271,syn_flood
10533,1781099996.876823,syn_flood
10534,1781099996.877289,http_flood
10535,1781099996.877713,normal
10536,1781099996.878186,normal
10537,1781099996.878844,normal
10538,1781099996.879588,syn_flood
10539,1781099996.880128,normal
10540,1781099996.880529,syn_flood
10541,1781099996.881348,normal
10542,1781099996.882030,syn_flood
10543,1781099996.882597,http_flood
10544,1781099996.883213,syn_flood
10545,1781099996.883769,normal
10546,1781099996.884248,syn_flood
10547,1781099996.884618,syn_flood
10548,1781099996.885082,udp_reflection
10549,1781099996.885493,normal
10550,1781099996.886135,normal
10551,1781099996.886561,syn_flood
10552,1781099996.887177,syn_flood
10553,1781099996.887553,udp_reflection
10554,1781099996.888197,syn_flood
10555,1781099996.888807,normal
10556,1781099996.889308,syn_flood
10557,1781099996.889729,syn_flood
10558,1781099996.890330,syn_flood
10559,1781099996.890841,syn_flood
10560,1781099996.891485,syn_flood
10561,1781099996.892015,normal
10562,1781099996.892572,syn_flood
10563,1781099996.893194,normal
10564,1781099996.893966,syn_flood
10565,1781099996.894506,normal
10566,1781099996.894936,udp_reflection
10567,1781099996.895604,normal
10568,1781099996.896239,http_flood
10569,1781099996.896688,normal
10570,1781099996.896960,http_flood
10571,1781099996.897372,syn_flood
10572,1781099996.898064,udp_reflection
10573,1781099996.898757,normal
10574,1781099996.899076,syn_flood
10575,1781099996.899442,syn_flood
10576,1781099996.899954,syn_flood
10577,1781099996.900631,udp_reflection
10578,1781099996.901094,udp_reflection
10579,1781099996.901688,syn_flood
10580,1781099996.902387,normal
10581,1781099996.903033,syn_flood
10582,1781099996.903498,normal
10583,1781099996.903953,normal
10584,1781099996.904603,syn_flood
10585,1781099996.905087,normal
10586,1781099996.905593,http_flood
10587,1781099996.905992,syn_flood
10588,1781099996.906524,normal
10589,1781099996.906972,syn_flood
10590,1781099996.907409,syn_flood
10591,1781099996.907973,normal
10592,1781099996.908363,normal
10593,1781099996.908770,normal
10594,1781099996.909299,syn_flood
10595,1781099996.909617,udp_reflection
10596,1781099996.909941,syn_flood
10597,1781099996.910547,syn_flood
10598,1781099996.910954,udp_reflection
10599,1781099996.911566,normal
10600,1781099996.912350,syn_flood
10601,1781099996.912955,normal
10602,1781099996.913468,syn_flood
10603,1781099996.914021,syn_flood
10604,1781099996.914376,normal
10605,1781099996.914827,syn_flood
10606,1781099996.915271,normal
10607,1781099996.915994,syn_flood
10608,1781099996.916496,http_flood
10609,1781099996.917237,syn_flood
10610,1781099996.917726,syn_flood
10611,1781099996.918142,syn_flood
10612,1781099996.918609,syn_flood
10613,1781099996.919231,syn_flood
10614,1781099996.919545,udp_reflection
10615,1781099996.920025,normal
10616,1781099996.920446,http_flood
10617,1781099996.920952,syn_flood
10618,1781099996.921495,normal
10619,1781099996.921980,normal
10620,1781099996.922509,udp_reflection
10621,1781099996.922983,normal
10622,1781099996.923421,syn_flood
10623,1781099996.923967,normal
10624,1781099996.924392,http_flood
10625,1781099996.924816,syn_flood
10626,1781099996.925375,normal
10627,1781099996.925883,syn_flood
10628,1781099996.926460,syn_flood
10629,1781099996.927028,normal
10630,1781099996.927799,syn_flood
10631,1781099996.928348,syn_flood
10632,1781099996.928752,normal
10633,1781099996.929289,udp_reflection
10634,1781099996.929795,syn_flood
10635,1781099996.930325,syn_flood
10636,1781099996.930994,normal
10637,1781099996.931541,syn_flood
10638,1781099996.931970,syn_flood
10639,1781099996.932729,normal
10640,1781099996.933413,syn_flood
10641,1781099996.933959,syn_flood
10642,1781099996.934714,udp_reflection
10643,1781099996.935186,syn_flood
10644,1781099996.935736,udp_reflection
10645,1781099996.936191,syn_flood
10646,1781099996.936762,udp_reflection
10647,1781099996.937232,syn_flood
10648,1781099996.938056,http_flood
10649,1781099996.938632,normal
10650,1781099996.939251,http_flood
10651,1781099996.939685,udp_reflection
10652,1781099996.940239,udp_reflection
10653,1781099996.940895,syn_flood
10654,1781099996.941590,syn_flood
10655,1781099996.942153,syn_flood
10656,1781099996.942622,normal
10657,1781099996.943208,normal
10658,1781099996.943769,normal
10659,1781099996.944212,syn_flood
10660,1781099996.944631,syn_flood
10661,1781099996.945265,syn_flood
10662,1781099996.945924,syn_flood
10663,1781099996.946484,syn_flood
10664,1781099996.946876,syn_flood
10665,1781099996.947441,syn_flood
10666,1781099996.947797,udp_reflection
10667,1781099996.948478,http_flood
10668,1781099996.948977,normal
10669,1781099996.949556,udp_reflection
10670,1781099996.950090,syn_flood
10671,1781099996.950766,http_flood
10672,1781099996.951236,syn_flood
10673,1781099996.951663,syn_flood
10674,1781099996.952159,normal
10675,1781099996.952661,syn_flood
10676,1781099996.953141,syn_flood
10677,1781099996.953550,normal
10678,1781099996.954162,normal
10679,1781099996.954793,syn_flood
10680,1781099996.955352,udp_reflection
10681,1781099996.955840,syn_flood
10682,1781099996.956393,syn_flood
10683,1781099996.957001,syn_flood
10684,1781099996.957478,normal
10685,1781099996.958134,syn_flood
10686,1781099996.958623,udp_reflection
10687,1781099996.959168,normal
10688,1781099996.959618,http_flood
10689,1781099996.960328,syn_flood
10690,1781099996.961036,syn_flood
10691,1781099996.961651,syn_flood
10692,1781099996.962193,syn_flood
10693,1781099996.962620,normal
10694,1781099996.963214,udp_reflection
10695,1781099996.963875,normal
10696,1781099996.964442,syn_flood
10697,1781099996.965044,syn_flood
10698,1781099996.965439,normal
10699,1781099996.966025,syn_flood
10700,1781099996.966947,syn_flood
10701,1781099996.967476,normal
10702,1781099996.968000,syn_flood
10703,1781099996.968570,syn_flood
10704,1781099996.969208,http_flood
10705,1781099996.969895,http_flood
10706,1781099996.970563,syn_flood
10707,1781099996.970926,syn_flood
10708,1781099996.971372,normal
10709,1781099996.971788,http_flood
10710,1781099996.972299,udp_reflection
10711,1781099996.972976,udp_reflection
10712,1781099996.973550,http_flood
10713,1781099996.974239,syn_flood
10714,1781099996.974774,http_flood
10715,1781099996.975444,syn_flood
10716,1781099996.976027,normal
10717,1781099996.976636,syn_flood
10718,1781099996.977316,udp_reflection
10719,1781099996.977866,normal
10720,1781099996.978380,syn_flood
10721,1781099996.978943,syn_flood
10722,1781099996.979452,syn_flood
10723,1781099996.979954,syn_flood
10724,1781099996.980586,syn_flood
10725,1781099996.981303,normal
10726,1781099996.981820,syn_flood
10727,1781099996.982668,syn_flood
10728,1781099996.983135,udp_reflection
10729,1781099996.983791,syn_flood
10730,1781099996.984311,normal
10731,1781099996.984846,normal
10732,1781099996.985601,syn_flood
10733,1781099996.986053,syn_flood
10734,1781099996.986554,syn_flood
10735,1781099996.987030,syn_flood
10736,1781099996.987649,syn_flood
10737,1781099996.988032,syn_flood
10738,1781099996.988639,normal
10739,1781099996.989223,syn_flood
10740,1781099996.989927,normal
10741,1781099996.990367,syn_flood
10742,1781099996.990819,syn_flood
10743,1781099996.991274,syn_flood
10744,1781099996.991872,http_flood
10745,1781099996.992313,normal
10746,1781099996.992752,syn_flood
10747,1781099996.993082,udp_reflection
10748,1781099996.993749,syn_flood
10749,1781099996.994246,http_flood
10750,1781099996.994726,normal
10751,1781099996.995221,normal
10752,1781099996.995686,normal
10753,1781099996.996160,normal
10754,1781099996.996692,syn_flood
10755,1781099996.997237,syn_flood
10756,1781099996.997831,syn_flood
10757,1781099996.998292,syn_flood
10758,1781099996.998826,normal
10759,1781099996.999357,syn_flood
10760,1781099996.999871,syn_flood
10761,1781099997.000331,syn_flood
10762,1781099997.001017,http_flood
10763,1781099997.001489,syn_flood
10764,1781099997.002112,syn_flood
10765,1781099997.002629,normal
10766,1781099997.003016,normal
10767,1781099997.003571,syn_flood
10768,1781099997.004165,normal
10769,1781099997.004564,syn_flood
10770,1781099997.005223,syn_flood
10771,1781099997.005636,normal
10772,1781099997.006409,syn_flood
10773,1781099997.006860,normal
10774,1781099997.007368,normal
10775,1781099997.008118,normal
10776,1781099997.008509,normal
10777,1781099997.009187,http_flood
10778,1781099997.009520,syn_flood
10779,1781099997.009852,syn_flood
10780,1781099997.010200,syn_flood
10781,1781099997.010841,syn_flood
10782,1781099997.011476,normal
10783,1781099997.012016,http_flood
10784,1781099997.012394,syn_flood
10785,1781099997.013113,syn_flood
10786,1781099997.013789,syn_flood
10787,1781099997.014307,syn_flood
10788,1781099997.014593,syn_flood
10789,1781099997.015103,syn_flood
10790,1781099997.015491,normal
10791,1781099997.016131,udp_reflection
10792,1781099997.016455,syn_flood
10793,1781099997.016860,syn_flood
10794,1781099997.017452,normal
10795,1781099997.017913,syn_flood
10796,1781099997.018378,normal
10797,1781099997.018993,normal
10798,1781099997.019535,syn_flood
10799,1781099997.020011,syn_flood
10800,1781099997.020439,udp_reflection
10801,1781099997.021032,syn_flood
10802,1781099997.021742,udp_reflection
10803,1781099997.022440,syn_flood
10804,1781099997.023123,normal
10805,1781099997.023509,normal
10806,1781099997.024060,syn_flood
10807,1781099997.024450,udp_reflection
10808,1781099997.024969,syn_flood
10809,1781099997.025503,normal
10810,1781099997.026037,syn_flood
10811,1781099997.026664,normal
10812,1781099997.027193,syn_flood
10813,1781099997.027933,syn_flood
10814,1781099997.028260,syn_flood
10815,1781099997.028754,syn_flood
10816,1781099997.029246,http_flood
10817,1781099997.029739,normal
10818,1781099997.030419,udp_reflection
10819,1781099997.030865,http_flood
10820,1781099997.031403,udp_reflection
10821,1781099997.032091,syn_flood
10822,1781099997.032521,udp_reflection
10823,1781099997.033228,http_flood
10824,1781099997.033620,syn_flood
10825,1781099997.034233,udp_reflection
10826,1781099997.034827,normal
10827,1781099997.035340,syn_flood
10828,1781099997.035808,syn_flood
10829,1781099997.036347,syn_flood
10830,1781099997.036872,normal
10831,1781099997.037397,syn_flood
10832,1781099997.037794,syn_flood
10833,1781099997.038285,syn_flood
10834,1781099997.038877,syn_flood
10835,1781099997.039390,udp_reflection
10836,1781099997.039714,normal
10837,1781099997.040062,syn_flood
10838,1781099997.040491,syn_flood
10839,1781099997.041147,normal
10840,1781099997.041689,syn_flood
10841,1781099997.042223,syn_flood
10842,1781099997.042577,syn_flood
10843,1781099997.043142,udp_reflection
10844,1781099997.043665,syn_flood
10845,1781099997.044105,syn_flood
10846,1781099997.044473,syn_flood
10847,1781099997.045052,syn_flood
10848,1781099997.045465,syn_flood
10849,1781099997.046063,http_flood
10850,1781099997.046643,syn_flood
10851,1781099997.047035,udp_reflection
10852,1781099997.047460,udp_reflection
10853,1781099997.048091,http_flood
10854,1781099997.048661,http_flood
10855,1781099997.049213,syn_flood
10856,1781099997.049632,udp_reflection
10857,1781099997.050026,syn_flood
10858,1781099997.050376,syn_flood
10859,1781099997.050825,syn_flood
10860,1781099997.051200,syn_flood
10861,1781099997.051678,syn_flood
10862,1781099997.052130,syn_flood
10863,1781099997.052903,http_flood
10864,1781099997.053557,http_flood
10865,1781099997.054042,syn_flood
10866,1781099997.054455,syn_flood
10867,1781099997.054907,syn_flood
10868,1781099997.055314,normal
10869,1781099997.055840,syn_flood
10870,1781099997.056534,syn_flood
10871,1781099997.057262,normal
10872,1781099997.057630,syn_flood
10873,1781099997.058147,syn_flood
10874,1781099997.058533,http_flood
10875,1781099997.059123,syn_flood
10876,1781099997.059768,udp_reflection
10877,1781099997.060248,syn_flood
10878,1781099997.060776,syn_flood
10879,1781099997.061383,syn_flood
10880,1781099997.061920,syn_flood
10881,1781099997.062381,syn_flood
10882,1781099997.062759,syn_flood
10883,1781099997.063279,syn_flood
10884,1781099997.063590,syn_flood
10885,1781099997.064190,syn_flood
10886,1781099997.064645,normal
10887,1781099997.065224,syn_flood
10888,1781099997.066040,http_flood
10889,1781099997.066506,normal
10890,1781099997.066913,http_flood
10891,1781099997.067311,http_flood
10892,1781099997.067786,syn_flood
10893,1781099997.068225,syn_flood
10894,1781099997.068603,normal
10895,1781099997.069369,syn_flood
10896,1781099997.070140,syn_flood
10897,1781099997.070503,normal
10898,1781099997.071005,syn_flood
10899,1781099997.071445,normal
10900,1781099997.072003,syn_flood
10901,1781099997.072551,syn_flood
10902,1781099997.073100,udp_reflection
10903,1781099997.073943,syn_flood
10904,1781099997.074429,syn_flood
10905,1781099997.074831,syn_flood
10906,1781099997.075294,syn_flood
10907,1781099997.075734,syn_flood
10908,1781099997.076610,udp_reflection
10909,1781099997.077107,syn_flood
10910,1781099997.077524,syn_flood
10911,1781099997.078000,syn_flood
10912,1781099997.078680,syn_flood
10913,1781099997.079194,udp_reflection
10914,1781099997.079622,udp_reflection
10915,1781099997.079969,syn_flood
10916,1781099997.080506,syn_flood
10917,1781099997.081149,syn_flood
10918,1781099997.081749,syn_flood
10919,1781099997.082368,http_flood
10920,1781099997.082822,syn_flood
10921,1781099997.083336,syn_flood
10922,1781099997.083851,syn_flood
10923,1781099997.084309,syn_flood
10924,1781099997.084989,syn_flood
10925,1781099997.085287,normal
10926,1781099997.085886,syn_flood
10927,1781099997.086669,normal
10928,1781099997.087322,syn_flood
10929,1781099997.087944,http_flood
10930,1781099997.088724,syn_flood
10931,1781099997.089189,udp_reflection
10932,1781099997.089766,syn_flood
10933,1781099997.090280,http_flood
10934,1781099997.090986,syn_flood
10935,1781099997.091593,syn_flood
10936,1781099997.092128,syn_flood
10937,1781099997.092695,udp_reflection
10938,1781099997.093224,normal
10939,1781099997.093762,udp_reflection
10940,1781099997.094183,syn_flood
10941,1781099997.094772,udp_reflection
10942,1781099997.095311,udp_reflection
10943,1781099997.095955,udp_reflection
10944,1781099997.096483,syn_flood
10945,1781099997.097064,syn_flood
10946,1781099997.097456,syn_flood
10947,1781099997.097923,normal
10948,1781099997.098435,syn_flood
10949,1781099997.098943,syn_flood
10950,1781099997.099285,syn_flood
10951,1781099997.099780,syn_flood
10952,1781099997.100313,udp_reflection
10953,1781099997.100801,syn_flood
10954,1781099997.101257,syn_flood
10955,1781099997.101640,syn_flood
10956,1781099997.102136,syn_flood
10957,1781099997.102697,syn_flood
10958,1781099997.103298,syn_flood
10959,1781099997.103779,normal
10960,1781099997.104345,http_flood
10961,1781099997.104858,normal
10962,1781099997.105379,udp_reflection
10963,1781099997.105826,syn_flood
10964,1781099997.106731,udp_reflection
10965,1781099997.107084,syn_flood
10966,1781099997.107747,syn_flood
10967,1781099997.108389,udp_reflection
10968,1781099997.108832,syn_flood
10969,1781099997.109349,syn_flood
10970,1781099997.109775,normal
10971,1781099997.110361,syn_flood
10972,1781099997.110990,normal
10973,1781099997.111503,normal
10974,1781099997.112030,normal
10975,1781099997.112531,syn_flood
10976,1781099997.113063,udp_reflection
10977,1781099997.113488,syn_flood
10978,1781099997.114216,http_flood
10979,1781099997.114841,syn_flood
10980,1781099997.115185,http_flood
10981,1781099997.115810,syn_flood
10982,1781099997.116393,syn_flood
10983,1781099997.116841,http_flood
10984,1781099997.117469,normal
10985,1781099997.118022,syn_flood
10986,1781099997.118716,syn_flood
10987,1781099997.119275,syn_flood
10988,1781099997.119759,http_flood
10989,1781099997.120337,udp_reflection
10990,1781099997.120905,udp_reflection
10991,1781099997.121614,syn_flood
10992,1781099997.122075,normal
10993,1781099997.122665,syn_flood
10994,1781099997.123347,syn_flood
10995,1781099997.123845,syn_flood
10996,1781099997.124266,syn_flood
10997,1781099997.124723,syn_flood
10998,1781099997.125205,syn_flood
10999,1781099997.125738,udp_reflection
11000,1781099997.126298,syn_flood
11001,1781099997.126675,syn_flood
11002,1781099997.127247,syn_flood
11003,1781099997.127761,normal
11004,1781099997.128209,normal
11005,1781099997.128635,syn_flood
11006,1781099997.129120,udp_reflection
11007,1781099997.129663,http_flood
11008,1781099997.130162,syn_flood
11009,1781099997.130700,syn_flood
11010,1781099997.131120,normal
11011,1781099997.131808,http_flood
11012,1781099997.132222,syn_flood
11013,1781099997.132823,syn_flood
11014,1781099997.133563,syn_flood
11015,1781099997.134149,syn_flood
11016,1781099997.134568,syn_flood
11017,1781099997.135033,syn_flood
11018,1781099997.135505,udp_reflection
11019,1781099997.136435,syn_flood
11020,1781099997.137038,syn_flood
11021,1781099997.137539,syn_flood
11022,1781099997.137970,syn_flood
11023,1781099997.138275,udp_reflection
11024,1781099997.138715,normal
11025,1781099997.139100,http_flood
11026,1781099997.139533,normal
11027,1781099997.140249,normal
11028,1781099997.140620,syn_flood
11029,1781099997.141232,syn_flood
11030,1781099997.141927,syn_flood
11031,1781099997.142511,udp_reflection
11032,1781099997.142832,syn_flood
11033,1781099997.143279,syn_flood
11034,1781099997.143675,normal
11035,1781099997.144267,syn_flood
11036,1781099997.145029,syn_flood
11037,1781099997.145493,http_flood
11038,1781099997.146110,syn_flood
11039,1781099997.146525,syn_flood
11040,1781099997.147133,syn_flood
11041,1781099997.147628,syn_flood
11042,1781099997.148239,normal
11043,1781099997.148825,udp_reflection
11044,1781099997.149333,syn_flood
11045,1781099997.149858,normal
11046,1781099997.150344,normal
11047,1781099997.150923,syn_flood
11048,1781099997.151509,normal
11049,1781099997.152187,syn_flood
11050,1781099997.152910,syn_flood
11051,1781099997.153459,normal
11052,1781099997.153938,syn_flood
11053,1781099997.154429,syn_flood
11054,1781099997.154921,syn_flood
11055,1781099997.155421,http_flood
11056,1781099997.155869,syn_flood
11057,1781099997.156329,syn_flood
11058,1781099997.157002,syn_flood
11059,1781099997.157573,http_flood
11060,1781099997.158137,syn_flood
11061,1781099997.158766,syn_flood
11062,1781099997.159250,syn_flood
11063,1781099997.159703,normal
11064,1781099997.160332,http_flood
11065,1781099997.160818,syn_flood
11066,1781099997.161320,syn_flood
11067,1781099997.162008,syn_flood
11068,1781099997.162358,udp_reflection
11069,1781099997.163018,syn_flood
11070,1781099997.163517,http_flood
11071,1781099997.163893,syn_flood
11072,1781099997.164333,normal
11073,1781099997.164907,syn_flood
11074,1781099997.165560,normal
11075,1781099997.166265,syn_flood
11076,1781099997.166747,normal
11077,1781099997.167296,syn_flood
11078,1781099997.167887,syn_flood
11079,1781099997.168526,udp_reflection
11080,1781099997.169089,syn_flood
11081,1781099997.169789,syn_flood
11082,1781099997.170499,syn_flood
11083,1781099997.170970,syn_flood
11084,1781099997.171472,syn_flood
11085,1781099997.172015,normal
11086,1781099997.172684,udp_reflection
11087,1781099997.173088,http_flood
11088,1781099997.173633,normal
11089,1781099997.174124,syn_flood
11090,1781099997.174556,normal
11091,1781099997.175230,udp_reflection
11092,1781099997.175781,syn_flood
11093,1781099997.176241,syn_flood
11094,1781099997.176785,syn_flood
11095,1781099997.177172,normal
11096,1781099997.177791,syn_flood
11097,1781099997.178243,syn_flood
11098,1781099997.178703,normal
11099,1781099997.179197,syn_flood
11100,1781099997.179641,udp_reflection
11101,1781099997.180037,syn_flood
11102,1781099997.180566,udp_reflection
11103,1781099997.181116,syn_flood
11104,1781099997.181570,normal
11105,1781099997.182107,syn_flood
11106,1781099997.182600,udp_reflection
11107,1781099997.182976,syn_flood
11108,1781099997.183416,http_flood
11109,1781099997.184579,syn_flood
11110,1781099997.185151,normal
11111,1781099997.185803,normal
11112,1781099997.186362,syn_flood
11113,1781099997.186885,http_flood
11114,1781099997.187387,syn_flood
11115,1781099997.187764,syn_flood
11116,1781099997.188378,syn_flood
11117,1781099997.188800,syn_flood
11118,1781099997.189193,normal
11119,1781099997.189582,syn_flood
11120,1781099997.189955,syn_flood
11121,1781099997.190470,syn_flood
11122,1781099997.191235,syn_flood
11123,1781099997.191554,normal
11124,1781099997.192052,http_flood
11125,1781099997.192623,http_flood
11126,1781099997.193118,syn_flood
11127,1781099997.193504,normal
11128,1781099997.194000,syn_flood
11129,1781099997.194498,normal
11130,1781099997.195015,syn_flood
11131,1781099997.195753,syn_flood
11132,1781099997.196253,syn_flood
11133,1781099997.196559,syn_flood
11134,1781099997.197095,syn_flood
11135,1781099997.197674,normal
11136,1781099997.198285,syn_flood
11137,1781099997.198842,normal
11138,1781099997.199450,http_flood
11139,1781099997.200036,http_flood
11140,1781099997.200605,syn_flood
11141,1781099997.200968,http_flood
11142,1781099997.201360,syn_flood
11143,1781099997.201950,syn_flood
11144,1781099997.202543,normal
11145,1781099997.202930,http_flood
11146,1781099997.203714,syn_flood
11147,1781099997.204092,normal
11148,1781099997.204692,normal
11149,1781099997.205289,syn_flood
11150,1781099997.205736,syn_flood
11151,1781099997.206295,syn_flood
11152,1781099997.206798,http_flood
11153,1781099997.207382,syn_flood
11154,1781099997.207958,syn_flood
11155,1781099997.208361,syn_flood
11156,1781099997.208861,syn_flood
11157,1781099997.209262,normal
11158,1781099997.209792,normal
11159,1781099997.210570,syn_flood
11160,1781099997.211190,syn_flood
11161,1781099997.211731,syn_flood
11162,1781099997.212400,syn_flood
11163,1781099997.212923,syn_flood
11164,1781099997.213387,syn_flood
11165,1781099997.214054,udp_reflection
11166,1781099997.214797,syn_flood
11167,1781099997.215308,syn_flood
11168,1781099997.215824,udp_reflection
11169,1781099997.216337,udp_reflection
11170,1781099997.216738,udp_reflection
11171,1781099997.217344,syn_flood
11172,1781099997.217785,syn_flood
11173,1781099997.218193,syn_flood
11174,1781099997.218601,udp_reflection
11175,1781099997.219052,normal
11176,1781099997.219426,syn_flood
11177,1781099997.219874,syn_flood
11178,1781099997.220508,syn_flood
11179,1781099997.220890,http_flood
11180,1781099997.221441,http_flood
11181,1781099997.221866,syn_flood
11182,1781099997.222427,syn_flood
11183,1781099997.222812,syn_flood
11184,1781099997.223390,normal
11185,1781099997.223896,udp_reflection
11186,1781099997.224363,udp_reflection
11187,1781099997.224965,normal
11188,1781099997.225517,http_flood
11189,1781099997.225993,syn_flood
11190,1781099997.226443,syn_flood
11191,1781099997.227072,http_flood
11192,1781099997.227602,udp_reflection
11193,1781099997.228081,http_flood
11194,1781099997.228463,http_flood
11195,1781099997.228863,udp_reflection
11196,1781099997.229290,syn_flood
11197,1781099997.229981,http_flood
11198,1781099997.230516,syn_flood
11199,1781099997.231149,syn_flood
11200,1781099997.231463,syn_flood
11201,1781099997.231894,syn_flood
11202,1781099997.232347,syn_flood
11203,1781099997.232723,syn_flood
11204,1781099997.233240,syn_flood
11205,1781099997.233790,normal
11206,1781099997.234195,syn_flood
11207,1781099997.234543,syn_flood
11208,1781099997.234976,syn_flood
11209,1781099997.235694,syn_flood
11210,1781099997.236018,normal
11211,1781099997.236925,syn_flood
11212,1781099997.237313,udp_reflection
11213,1781099997.237733,syn_flood
11214,1781099997.238352,syn_flood
11215,1781099997.238956,http_flood
11216,1781099997.239507,http_flood
11217,1781099997.240001,syn_flood
11218,1781099997.240714,syn_flood
11219,1781099997.241199,normal
11220,1781099997.241980,normal
11221,1781099997.242483,udp_reflection
11222,1781099997.242863,syn_flood
11223,1781099997.243354,syn_flood
11224,1781099997.244034,syn_flood
11225,1781099997.244578,syn_flood
11226,1781099997.245020,normal
11227,1781099997.245428,normal
11228,1781099997.245862,syn_flood
11229,1781099997.246337,udp_reflection
11230,1781099997.246909,normal
11231,1781099997.247296,http_flood
11232,1781099997.247954,syn_flood
11233,1781099997.248505,syn_flood
11234,1781099997.249062,normal
11235,1781099997.249775,http_flood
11236,1781099997.250388,syn_flood
11237,1781099997.251038,syn_flood
11238,1781099997.251627,udp_reflection
11239,1781099997.252054,syn_flood
11240,1781099997.252583,normal
11241,1781099997.253081,http_flood
11242,1781099997.253448,http_flood
11243,1781099997.253851,syn_flood
11244,1781099997.254285,http_flood
11245,1781099997.254734,syn_flood
11246,1781099997.255416,syn_flood
11247,1781099997.256049,normal
11248,1781099997.256655,syn_flood
11249,1781099997.257210,syn_flood
11250,1781099997.257676,http_flood
11251,1781099997.258340,syn_flood
11252,1781099997.258859,syn_flood
11253,1781099997.259780,normal
11254,1781099997.260176,syn_flood
11255,1781099997.260727,syn_flood
11256,1781099997.261111,syn_flood
11257,1781099997.261515,syn_flood
11258,1781099997.261980,syn_flood
11259,1781099997.262590,syn_flood
11260,1781099997.263149,udp_reflection
11261,1781099997.263685,syn_flood
11262,1781099997.264139,http_flood
11263,1781099997.264560,syn_flood
11264,1781099997.264980,syn_flood
11265,1781099997.265432,syn_flood
11266,1781099997.265835,syn_flood
11267,1781099997.266451,syn_flood
11268,1781099997.267065,normal
11269,1781099997.267367,udp_reflection
11270,1781099997.267789,http_flood
11271,1781099997.268239,syn_flood
11272,1781099997.268697,syn_flood
11273,1781099997.269107,syn_flood
11274,1781099997.269711,normal
11275,1781099997.270369,http_flood
11276,1781099997.270740,http_flood
11277,1781099997.271264,syn_flood
11278,1781099997.271984,syn_flood
11279,1781099997.272382,normal
11280,1781099997.272804,syn_flood
11281,1781099997.273482,syn_flood
11282,1781099997.274018,syn_flood
11283,1781099997.274502,syn_flood
11284,1781099997.274964,syn_flood
11285,1781099997.275691,udp_reflection
11286,1781099997.276349,syn_flood
11287,1781099997.276627,normal
11288,1781099997.277048,syn_flood
11289,1781099997.277574,syn_flood
11290,1781099997.278007,http_flood
11291,1781099997.278575,syn_flood
11292,1781099997.279353,http_flood
11293,1781099997.279659,udp_reflection
11294,1781099997.280348,syn_flood
11295,1781099997.280822,normal
11296,1781099997.281479,syn_flood
11297,1781099997.281911,syn_flood
11298,1781099997.282478,syn_flood
11299,1781099997.283178,http_flood
11300,1781099997.283658,http_flood
11301,1781099997.284290,syn_flood
11302,1781099997.284994,syn_flood
11303,1781099997.285584,syn_flood
11304,1781099997.286219,http_flood
11305,1781099997.286858,syn_flood
11306,1781099997.287371,normal
11307,1781099997.287750,syn_flood
11308,1781099997.288303,syn_flood
11309,1781099997.288844,syn_flood
11310,1781099997.289179,syn_flood
11311,1781099997.289606,syn_flood
11312,1781099997.290267,normal
11313,1781099997.290602,syn_flood
11314,1781099997.291132,http_flood
11315,1781099997.291760,http_flood
11316,1781099997.292363,syn_flood
11317,1781099997.293026,normal
11318,1781099997.293471,udp_reflection
11319,1781099997.293915,syn_flood
11320,1781099997.294460,syn_flood
11321,1781099997.295021,syn_flood
11322,1781099997.295410,normal
11323,1781099997.295872,syn_flood
11324,1781099997.296557,normal
11325,1781099997.297131,syn_flood
11326,1781099997.297667,udp_reflection
11327,1781099997.298375,http_flood
11328,1781099997.298856,syn_flood
11329,1781099997.299732,syn_flood
11330,1781099997.300136,normal
11331,1781099997.300862,syn_flood
11332,1781099997.301326,normal
11333,1781099997.302075,udp_reflection
11334,1781099997.302384,udp_reflection
11335,1781099997.302711,syn_flood
11336,1781099997.303104,syn_flood
11337,1781099997.303719,syn_flood
11338,1781099997.304233,syn_flood
11339,1781099997.304710,normal
11340,1781099997.305133,syn_flood
11341,1781099997.305565,syn_flood
11342,1781099997.306079,normal
11343,1781099997.306542,syn_flood
11344,1781099997.306942,normal
11345,1781099997.307592,syn_flood
11346,1781099997.308115,syn_flood
11347,1781099997.308699,http_flood
11348,1781099997.309314,udp_reflection
11349,1781099997.309786,syn_flood
11350,1781099997.310235,syn_flood
11351,1781099997.310744,syn_flood
11352,1781099997.311166,syn_flood
11353,1781099997.311719,normal
11354,1781099997.312159,syn_flood
11355,1781099997.312655,syn_flood
11356,1781099997.313300,http_flood
11357,1781099997.313880,syn_flood
11358,1781099997.314409,udp_reflection
11359,1781099997.314849,udp_reflection
11360,1781099997.315264,syn_flood
11361,1781099997.315673,syn_flood
11362,1781099997.316173,normal
11363,1781099997.316677,syn_flood
11364,1781099997.317293,syn_flood
11365,1781099997.317636,udp_reflection
11366,1781099997.318133,syn_flood
11367,1781099997.318456,syn_flood
11368,1781099997.319166,syn_flood
11369,1781099997.319625,normal
11370,1781099997.320104,syn_flood
11371,1781099997.320626,normal
11372,1781099997.321245,syn_flood
11373,1781099997.321836,normal
11374,1781099997.322465,syn_flood
11375,1781099997.322961,syn_flood
11376,1781099997.323450,syn_flood
11377,1781099997.324052,normal
11378,1781099997.324523,syn_flood
11379,1781099997.325102,syn_flood
11380,1781099997.325658,normal
11381,1781099997.326187,normal
11382,1781099997.326724,syn_flood
11383,1781099997.327268,syn_flood
11384,1781099997.327897,http_flood
11385,1781099997.328388,syn_flood
11386,1781099997.328905,syn_flood
11387,1781099997.329529,syn_flood
11388,1781099997.330070,normal
11389,1781099997.330573,normal
11390,1781099997.331036,http_flood
11391,1781099997.331640,normal
11392,1781099997.332087,syn_flood
11393,1781099997.332705,http_flood
11394,1781099997.333239,syn_flood
11395,1781099997.333671,normal
11396,1781099997.334097,syn_flood
11397,1781099997.334485,udp_reflection
11398,1781099997.335186,syn_flood
11399,1781099997.335572,syn_flood
11400,1781099997.336235,syn_flood
11401,1781099997.336888,syn_flood
11402,1781099997.337369,udp_reflection
11403,1781099997.337742,http_flood
11404,1781099997.338160,normal
11405,1781099997.338744,udp_reflection
11406,1781099997.339262,http_flood
11407,1781099997.339690,syn_flood
11408,1781099997.340154,syn_flood
11409,1781099997.340708,normal
11410,1781099997.341227,http_flood
11411,1781099997.341645,http_flood
11412,1781099997.342236,syn_flood
11413,1781099997.342659,normal
11414,1781099997.343121,syn_flood
11415,1781099997.343493,syn_flood
11416,1781099997.344236,http_flood
11417,1781099997.344690,syn_flood
11418,1781099997.345175,syn_flood
11419,1781099997.345731,udp_reflection
11420,1781099997.346319,udp_reflection
11421,1781099997.346909,syn_flood
11422,1781099997.347788,udp_reflection
11423,1781099997.348230,udp_reflection
11424,1781099997.348761,syn_flood
11425,1781099997.349063,syn_flood
11426,1781099997.349606,syn_flood
11427,1781099997.350059,normal
11428,1781099997.350657,normal
11429,1781099997.351124,syn_flood
11430,1781099997.351671,syn_flood
11431,1781099997.352283,http_flood
11432,1781099997.352720,syn_flood
11433,1781099997.353282,syn_flood
11434,1781099997.353797,syn_flood
11435,1781099997.354454,syn_flood
11436,1781099997.354909,normal
11437,1781099997.355564,udp_reflection
11438,1781099997.356272,syn_flood
11439,1781099997.356717,normal
11440,1781099997.357107,syn_flood
11441,1781099997.357513,syn_flood
11442,1781099997.358049,syn_flood
11443,1781099997.358606,syn_flood
11444,1781099997.359117,syn_flood
11445,1781099997.359561,syn_flood
11446,1781099997.360213,syn_flood
11447,1781099997.360936,normal
11448,1781099997.361607,normal
11449,1781099997.362185,syn_flood
11450,1781099997.362699,udp_reflection
11451,1781099997.363204,normal
11452,1781099997.363698,syn_flood
11453,1781099997.364179,syn_flood
11454,1781099997.364683,udp_reflection
11455,1781099997.365514,normal
11456,1781099997.365995,syn_flood
11457,1781099997.366917,syn_flood
11458,1781099997.367415,syn_flood
11459,1781099997.367960,syn_flood
11460,1781099997.368461,syn_flood
11461,1781099997.369089,normal
11462,1781099997.369502,syn_flood
11463,1781099997.369954,syn_flood
11464,1781099997.370414,syn_flood
11465,1781099997.370783,syn_flood
11466,1781099997.371303,syn_flood
11467,1781099997.372138,normal
11468,1781099997.372778,syn_flood
11469,1781099997.373225,syn_flood
11470,1781099997.373618,normal
11471,1781099997.374274,syn_flood
11472,1781099997.374732,syn_flood
11473,1781099997.375255,syn_flood
11474,1781099997.375808,syn_flood
11475,1781099997.376269,syn_flood
11476,1781099997.376657,syn_flood
11477,1781099997.377054,syn_flood
11478,1781099997.377455,syn_flood
11479,1781099997.378175,syn_flood
11480,1781099997.378750,syn_flood
11481,1781099997.379205,normal
11482,1781099997.379644,syn_flood
11483,1781099997.380236,syn_flood
11484,1781099997.380687,http_flood
11485,1781099997.381328,syn_flood
11486,1781099997.382072,normal
11487,1781099997.382702,syn_flood
11488,1781099997.383054,syn_flood
11489,1781099997.383590,http_flood
11490,1781099997.384038,syn_flood
11491,1781099997.384432,http_flood
11492,1781099997.384887,normal
11493,1781099997.385352,normal
11494,1781099997.385870,normal
11495,1781099997.386161,udp_reflection
11496,1781099997.386810,udp_reflection
11497,1781099997.387331,normal
11498,1781099997.387824,syn_flood
11499,1781099997.388500,normal
11500,1781099997.389022,normal
11501,1781099997.389739,syn_flood
11502,1781099997.390537,syn_flood
11503,1781099997.390838,normal
11504,1781099997.391166,normal
11505,1781099997.391777,syn_flood
11506,1781099997.392432,syn_flood
11507,1781099997.392836,syn_flood
11508,1781099997.393449,syn_flood
11509,1781099997.393982,syn_flood
11510,1781099997.394629,syn_flood
11511,1781099997.395087,http_flood
11512,1781099997.395572,syn_flood
11513,1781099997.396152,http_flood
11514,1781099997.396705,normal
11515,1781099997.397137,normal
11516,1781099997.397757,syn_flood
11517,1781099997.398528,syn_flood
11518,1781099997.399007,syn_flood
11519,1781099997.399672,syn_flood
11520,1781099997.400217,syn_flood
11521,1781099997.400603,normal
11522,1781099997.401110,normal
11523,1781099997.401602,syn_flood
11524,1781099997.402069,udp_reflection
11525,1781099997.402631,http_flood
11526,1781099997.403093,http_flood
11527,1781099997.403698,udp_reflection
11528,1781099997.404220,syn_flood
11529,1781099997.404696,syn_flood
11530,1781099997.405247,http_flood
11531,1781099997.405656,normal
11532,1781099997.406227,udp_reflection
11533,1781099997.406659,normal
11534,1781099997.407137,syn_flood
11535,1781099997.407756,syn_flood
11536,1781099997.408230,syn_flood
11537,1781099997.408710,normal
11538,1781099997.409157,syn_flood
11539,1781099997.409853,normal
11540,1781099997.410325,udp_reflection
11541,1781099997.410801,udp_reflection
11542,1781099997.411436,normal
11543,1781099997.412008,syn_flood
11544,1781099997.412616,syn_flood
11545,1781099997.413152,syn_flood
11546,1781099997.413454,normal
11547,1781099997.414066,syn_flood
11548,1781099997.414729,syn_flood
11549,1781099997.415136,syn_flood
11550,1781099997.415678,http_flood
11551,1781099997.416145,normal
11552,1781099997.416565,http_flood
11553,1781099997.417122,udp_reflection
11554,1781099997.417659,syn_flood
11555,1781099997.418192,udp_reflection
11556,1781099997.418882,http_flood
11557,1781099997.419492,http_flood
11558,1781099997.420166,udp_reflection
11559,1781099997.420704,syn_flood
11560,1781099997.421207,syn_flood
11561,1781099997.421898,udp_reflection
11562,1781099997.422340,http_flood
11563,1781099997.422906,normal
11564,1781099997.423323,normal
11565,1781099997.423796,http_flood
11566,1781099997.424936,http_flood
11567,1781099997.425321,http_flood
11568,1781099997.425933,normal
11569,1781099997.426526,syn_flood
11570,1781099997.427071,syn_flood
11571,1781099997.427503,normal
11572,1781099997.428113,syn_flood
11573,1781099997.428448,normal
11574,1781099997.428917,syn_flood
11575,1781099997.429454,syn_flood
11576,1781099997.430134,syn_flood
11577,1781099997.430551,syn_flood
11578,1781099997.431004,syn_flood
11579,1781099997.431451,http_flood
11580,1781099997.431960,syn_flood
11581,1781099997.432429,http_flood
11582,1781099997.432798,udp_reflection
11583,1781099997.433524,syn_flood
11584,1781099997.433968,syn_flood
11585,1781099997.434639,udp_reflection
11586,1781099997.435252,syn_flood
11587,1781099997.436041,syn_flood
11588,1781099997.436561,normal
11589,1781099997.438154,normal
11590,1781099997.439670,normal
11591,1781099997.441592,normal
11592,1781099997.444702,normal
11593,1781099997.446744,syn_flood
11594,1781099997.448763,normal
11595,1781099997.449990,normal
11596,1781099997.451255,normal
11597,1781099997.453457,normal
11598,1781099997.456625,syn_flood
11599,1781099997.457789,syn_flood
11600,1781099997.459653,normal
11601,1781099997.462068,syn_flood
11602,1781099997.463686,normal
11603,1781099997.465074,normal
11604,1781099997.467329,normal
11605,1781099997.469667,normal
11606,1781099997.471529,normal
11607,1781099997.473029,syn_flood
11608,1781099997.475115,normal
11609,1781099997.476583,normal
11610,1781099997.477639,normal
11611,1781099997.479366,normal
11612,1781099997.481279,normal
11613,1781099997.482317,normal
11614,1781099997.483891,normal
11615,1781099997.485384,normal
11616,1781099997.487371,normal
11617,1781099997.489359,normal
11618,1781099997.491283,normal
11619,1781099997.493077,normal
11620,1781099997.494413,normal
11621,1781099997.496564,normal
11622,1781099997.498334,normal
11623,1781099997.500093,syn_flood
11624,1781099997.501711,normal
11625,1781099997.503341,syn_flood
11626,1781099997.505057,normal
11627,1781099997.506454,normal
11628,1781099997.508494,normal
11629,1781099997.510077,syn_flood
11630,1781099997.512474,normal
11631,1781099997.514058,udp_reflection
11632,1781099997.516036,normal
11633,1781099997.517235,normal
11634,1781099997.519360,normal
11635,1781099997.520615,normal
11636,1781099997.522525,normal
11637,1781099997.524733,normal
11638,1781099997.526134,http_flood
11639,1781099997.527326,normal
11640,1781099997.528764,syn_flood
11641,1781099997.531016,normal
11642,1781099997.532275,normal
11643,1781099997.533834,normal
11644,1781099997.535624,normal
11645,1781099997.536808,normal
11646,1781099997.538612,normal
11647,1781099997.540031,normal
11648,1781099997.541877,http_flood
11649,1781099997.544017,normal
11650,1781099997.545634,syn_flood
11651,1781099997.547086,syn_flood
11652,1781099997.548833,normal
11653,1781099997.550821,normal
11654,1781099997.552055,normal
11655,1781099997.553839,normal
11656,1781099997.555088,udp_reflection
11657,1781099997.556549,normal
11658,1781099997.558677,normal
11659,1781099997.560492,normal
11660,1781099997.562339,normal
11661,1781099997.563963,normal
11662,1781099997.566581,http_flood
11663,1781099997.568299,normal
11664,1781099997.570486,normal
11665,1781099997.572524,normal
11666,1781099997.575169,normal
11667,1781099997.576823,normal
11668,1781099997.578470,syn_flood
11669,1781099997.580408,normal
11670,1781099997.581905,normal
11671,1781099997.583313,normal
11672,1781099997.585366,normal
11673,1781099997.587109,normal
11674,1781099997.588274,syn_flood
11675,1781099997.589964,normal
11676,1781099997.591209,normal
11677,1781099997.592519,syn_flood
11678,1781099997.593803,syn_flood
11679,1781099997.595122,normal
11680,1781099997.596525,normal
11681,1781099997.597803,normal
11682,1781099997.600321,syn_flood
11683,1781099997.602878,udp_reflection
11684,1781099997.604618,syn_flood
11685,1781099997.606097,normal
11686,1781099997.607817,normal
11687,1781099997.609625,normal
11688,1781099997.610890,normal
11689,1781099997.611819,normal
11690,1781099997.613913,normal
11691,1781099997.615785,normal
11692,1781099997.617607,http_flood
11693,1781099997.619426,normal
11694,1781099997.620926,normal
11695,1781099997.621972,udp_reflection
11696,1781099997.623729,normal
11697,1781099997.625727,syn_flood
11698,1781099997.627417,normal
11699,1781099997.628348,normal
11700,1781099997.630205,syn_flood
11701,1781099997.632586,normal
11702,1781099997.633674,normal
11703,1781099997.635137,normal
11704,1781099997.637141,normal
11705,1781099997.639278,syn_flood
11706,1781099997.640363,normal
11707,1781099997.642245,normal
11708,1781099997.643907,syn_flood
11709,1781099997.645572,normal
11710,1781099997.647193,normal
11711,1781099997.649173,syn_flood
11712,1781099997.650465,normal
11713,1781099997.652232,normal
11714,1781099997.653996,syn_flood
11715,1781099997.655315,syn_flood
11716,1781099997.656691,syn_flood
11717,1781099997.658204,syn_flood
11718,1781099997.660063,normal
11719,1781099997.661935,normal
11720,1781099997.663835,normal
11721,1781099997.665235,normal
11722,1781099997.666488,normal
11723,1781099997.667615,udp_reflection
11724,1781099997.669160,http_flood
11725,1781099997.671163,normal
11726,1781099997.672578,normal
11727,1781099997.674130,syn_flood
11728,1781099997.675313,syn_flood
11729,1781099997.677441,normal
11730,1781099997.678254,normal
11731,1781099997.679738,normal
11732,1781099997.681445,normal
11733,1781099997.684274,udp_reflection
11734,1781099997.686400,syn_flood
11735,1781099997.688471,normal
11736,1781099997.689929,syn_flood
11737,1781099997.692208,normal
11738,1781099997.693765,udp_reflection
11739,1781099997.695341,normal
11740,1781099997.696987,normal
11741,1781099997.698471,normal
11742,1781099997.699528,normal
11743,1781099997.701159,normal
11744,1781099997.702485,normal
11745,1781099997.705142,normal
11746,1781099997.706470,udp_reflection
11747,1781099997.707780,normal
11748,1781099997.709500,normal
11749,1781099997.711815,normal
11750,1781099997.713505,normal
11751,1781099997.715225,normal
11752,1781099997.717550,normal
11753,1781099997.719507,normal
11754,1781099997.721067,normal
11755,1781099997.723057,normal
11756,1781099997.724932,normal
11757,1781099997.726609,normal
11758,1781099997.727927,normal
11759,1781099997.729506,syn_flood
11760,1781099997.731302,normal
11761,1781099997.733316,normal
11762,1781099997.735180,normal
11763,1781099997.736578,normal
11764,1781099997.738051,normal
11765,1781099997.739846,normal
11766,1781099997.741040,normal
11767,1781099997.742262,syn_flood
11768,1781099997.743384,normal
11769,1781099997.745561,normal
11770,1781099997.747080,syn_flood
11771,1781099997.748973,normal
11772,1781099997.749922,normal
11773,1781099997.751417,syn_flood
11774,1781099997.753325,normal
11775,1781099997.754964,normal
11776,1781099997.756777,syn_flood
11777,1781099997.759034,normal
11778,1781099997.760352,normal
11779,1781099997.761927,normal
11780,1781099997.763412,normal
11781,1781099997.765809,normal
11782,1781099997.769296,normal
11783,1781099997.770871,normal
11784,1781099997.772815,syn_flood
11785,1781099997.774341,normal
11786,1781099997.775477,normal
11787,1781099997.776973,normal
11788,1781099997.778934,normal
11789,1781099997.780298,syn_flood
11790,1781099997.781574,normal
11791,1781099997.783802,syn_flood
11792,1781099997.785261,normal
11793,1781099997.786942,normal
11794,1781099997.788755,normal
11795,1781099997.790543,normal
11796,1781099997.792303,normal
11797,1781099997.794463,normal
11798,1781099997.796342,normal
11799,1781099997.798223,syn_flood
11800,1781099997.800062,normal
11801,1781099997.801459,syn_flood
11802,1781099997.802838,udp_reflection
11803,1781099997.804575,normal
11804,1781099997.806877,normal
11805,1781099997.808658,syn_flood
11806,1781099997.810290,normal
11807,1781099997.811704,http_flood
11808,1781099997.813843,normal
11809,1781099997.816366,normal
11810,1781099997.818239,normal
11811,1781099997.820216,normal
11812,1781099997.822304,normal
11813,1781099997.823762,normal
11814,1781099997.825618,http_flood
11815,1781099997.827561,normal
11816,1781099997.829684,syn_flood
11817,1781099997.831050,normal
11818,1781099997.832350,normal
11819,1781099997.833653,normal
11820,1781099997.835726,http_flood
11821,1781099997.836887,normal
11822,1781099997.838563,normal
11823,1781099997.840688,normal
11824,1781099997.842553,normal
11825,1781099997.844181,normal
11826,1781099997.845644,normal
11827,1781099997.847834,normal
11828,1781099997.849516,normal
11829,1781099997.851362,normal
11830,1781099997.853017,normal
11831,1781099997.854806,normal
11832,1781099997.856709,normal
11833,1781099997.857970,normal
11834,1781099997.859828,udp_reflection
11835,1781099997.862179,normal
11836,1781099997.863689,http_flood
11837,1781099997.865835,normal
11838,1781099997.867776,http_flood
11839,1781099997.869437,normal
11840,1781099997.871055,normal
11841,1781099997.872777,syn_flood
11842,1781099997.874278,syn_flood
11843,1781099997.875722,normal
11844,1781099997.877942,normal
11845,1781099997.879473,normal
11846,1781099997.880344,normal
11847,1781099997.881950,normal
11848,1781099997.884509,normal
11849,1781099997.885787,syn_flood
11850,1781099997.887309,normal
11851,1781099997.889153,normal
11852,1781099997.891049,normal
11853,1781099997.892604,syn_flood
11854,1781099997.894413,normal
11855,1781099997.895939,normal
11856,1781099997.897816,normal
11857,1781099997.899431,normal
11858,1781099997.901282,normal
11859,1781099997.903132,normal
11860,1781099997.905224,normal
11861,1781099997.907140,normal
11862,1781099997.908252,normal
11863,1781099997.909640,normal
11864,1781099997.910923,normal
11865,1781099997.912663,normal
11866,1781099997.914061,normal
11867,1781099997.915309,normal
11868,1781099997.916623,syn_flood
11869,1781099997.918185,syn_flood
11870,1781099997.919599,normal
11871,1781099997.921806,normal
11872,1781099997.923779,udp_reflection
11873,1781099997.925068,normal
11874,1781099997.926166,normal
11875,1781099997.928642,normal
11876,1781099997.930316,syn_flood
11877,1781099997.931607,normal
11878,1781099997.934536,normal
11879,1781099997.937195,normal
11880,1781099997.939023,normal
11881,1781099997.940978,syn_flood
11882,1781099997.943054,normal
11883,1781099997.944740,normal
11884,1781099997.946685,http_flood
11885,1781099997.947822,udp_reflection
11886,1781099997.950022,normal
11887,1781099997.951607,normal
11888,1781099997.953043,normal
11889,1781099997.955081,normal
11890,1781099997.956576,http_flood
11891,1781099997.957987,syn_flood
11892,1781099997.960166,normal
11893,1781099997.961925,normal
11894,1781099997.962758,normal
11895,1781099997.964498,normal
11896,1781099997.965896,normal
11897,1781099997.967664,normal
11898,1781099997.970277,normal
11899,1781099997.972224,syn_flood
11900,1781099997.974204,normal
11901,1781099997.976189,normal
11902,1781099997.978054,normal
11903,1781099997.979597,normal
11904,1781099997.981338,syn_flood
11905,1781099997.982590,normal
11906,1781099997.983864,normal
11907,1781099997.985104,normal
11908,1781099997.986858,normal
11909,1781099997.989093,normal
11910,1781099997.991116,syn_flood
11911,1781099997.992631,normal
11912,1781099997.995145,udp_reflection
11913,1781099997.996319,normal
11914,1781099997.997556,normal
11915,1781099997.999357,http_flood
11916,1781099998.000957,http_flood
11917,1781099998.002661,normal
11918,1781099998.003852,normal
11919,1781099998.005438,normal
11920,1781099998.007004,normal
11921,1781099998.008317,normal
11922,1781099998.010517,normal
11923,1781099998.012621,normal
11924,1781099998.014666,normal
11925,1781099998.016319,normal
11926,1781099998.018441,normal
11927,1781099998.019676,normal
11928,1781099998.020700,normal
11929,1781099998.022829,normal
11930,1781099998.024775,normal
11931,1781099998.025794,normal
11932,1781099998.027071,normal
11933,1781099998.028744,syn_flood
11934,1781099998.031212,http_flood
11935,1781099998.032654,syn_flood
11936,1781099998.034451,normal
11937,1781099998.036456,normal
11938,1781099998.038016,normal
11939,1781099998.040040,syn_flood
11940,1781099998.042021,normal
11941,1781099998.043557,normal
11942,1781099998.045228,normal
11943,1781099998.047215,normal
11944,1781099998.049049,normal
11945,1781099998.050814,normal
11946,1781099998.052434,normal
11947,1781099998.054546,syn_flood
11948,1781099998.056619,normal
11949,1781099998.058219,syn_flood
11950,1781099998.059400,http_flood
11951,1781099998.061790,syn_flood
11952,1781099998.064899,normal
11953,1781099998.066450,normal
11954,1781099998.068338,normal
11955,1781099998.069814,syn_flood
11956,1781099998.071558,syn_flood
11957,1781099998.073315,udp_reflection
11958,1781099998.074818,syn_flood
11959,1781099998.076802,normal
11960,1781099998.078794,normal
11961,1781099998.080722,normal
11962,1781099998.082011,normal
11963,1781099998.083661,syn_flood
11964,1781099998.085500,normal
11965,1781099998.087752,normal
11966,1781099998.089755,normal
11967,1781099998.091313,normal
11968,1781099998.092638,normal
11969,1781099998.094233,normal
11970,1781099998.095860,normal
11971,1781099998.097902,normal
11972,1781099998.099938,syn_flood
11973,1781099998.101964,normal
11974,1781099998.103401,udp_reflection
11975,1781099998.104860,syn_flood
11976,1781099998.106310,normal
11977,1781099998.107644,normal
11978,1781099998.109104,normal
11979,1781099998.110361,normal
11980,1781099998.112894,normal
11981,1781099998.115184,normal
11982,1781099998.117065,normal
11983,1781099998.118557,normal
11984,1781099998.120307,normal
11985,1781099998.121802,normal
11986,1781099998.123507,normal
11987,1781099998.125666,normal
11988,1781099998.127123,syn_flood
11989,1781099998.128461,normal
11990,1781099998.130521,normal
11991,1781099998.132168,http_flood
11992,1781099998.133735,normal
11993,1781099998.135854,syn_flood
11994,1781099998.137691,normal
11995,1781099998.139587,normal
11996,1781099998.141327,normal
11997,1781099998.142818,normal
11998,1781099998.144439,syn_flood
11999,1781099998.146996,normal
12000,1781099998.148559,normal
12001,1781099998.150705,normal
12002,1781099998.151562,normal
12003,1781099998.153626,normal
12004,1781099998.155300,normal
12005,1781099998.156882,syn_flood
12006,1781099998.158416,normal
12007,1781099998.160214,normal
12008,1781099998.161744,http_flood
12009,1781099998.163301,normal
12010,1781099998.164704,normal
12011,1781099998.166915,normal
12012,1781099998.168491,normal
12013,1781099998.169940,syn_flood
12014,1781099998.171395,syn_flood
12015,1781099998.172875,normal
12016,1781099998.175508,normal
12017,1781099998.176910,normal
12018,1781099998.178335,syn_flood
12019,1781099998.179886,normal
12020,1781099998.181051,normal
12021,1781099998.182905,syn_flood
12022,1781099998.184832,normal
12023,1781099998.186210,normal
12024,1781099998.187157,normal
12025,1781099998.188837,http_flood
12026,1781099998.190712,normal
12027,1781099998.193123,normal
12028,1781099998.195040,normal
12029,1781099998.196769,normal
12030,1781099998.198540,normal
12031,1781099998.199762,syn_flood
12032,1781099998.201753,syn_flood
12033,1781099998.204024,syn_flood
12034,1781099998.205529,syn_flood
12035,1781099998.207280,normal
12036,1781099998.209306,normal
12037,1781099998.211069,normal
12038,1781099998.213198,normal
12039,1781099998.215215,normal
12040,1781099998.217245,normal
12041,1781099998.218578,normal
12042,1781099998.220216,normal
12043,1781099998.221628,normal
12044,1781099998.223420,http_flood
12045,1781099998.225345,normal
12046,1781099998.227524,http_flood
12047,1781099998.229807,normal
12048,1781099998.231606,normal
12049,1781099998.233449,normal
12050,1781099998.234509,normal
12051,1781099998.236363,syn_flood
12052,1781099998.238461,normal
12053,1781099998.241745,normal
12054,1781099998.244159,normal
12055,1781099998.246864,normal
12056,1781099998.248649,normal
12057,1781099998.250471,normal
12058,1781099998.252101,normal
12059,1781099998.253842,udp_reflection
12060,1781099998.255431,normal
12061,1781099998.257106,normal
12062,1781099998.258626,normal
12063,1781099998.260349,normal
12064,1781099998.262150,normal
12065,1781099998.263886,normal
12066,1781099998.265065,normal
12067,1781099998.266512,normal
12068,1781099998.268566,normal
12069,1781099998.270141,normal
12070,1781099998.271780,normal
12071,1781099998.273900,normal
12072,1781099998.275335,syn_flood
12073,1781099998.277634,normal
12074,1781099998.280026,syn_flood
12075,1781099998.281938,normal
12076,1781099998.283606,normal
12077,1781099998.285072,normal
12078,1781099998.286640,normal
12079,1781099998.288267,normal
12080,1781099998.291029,normal
12081,1781099998.293380,normal
12082,1781099998.295166,normal
12083,1781099998.296504,http_flood
12084,1781099998.298160,normal
12085,1781099998.300210,udp_reflection
12086,1781099998.301901,normal
12087,1781099998.303691,normal
12088,1781099998.305470,syn_flood
12089,1781099998.307020,normal
12090,1781099998.308863,normal
12091,1781099998.310409,normal
12092,1781099998.311914,normal
12093,1781099998.313267,normal
12094,1781099998.315495,normal
12095,1781099998.317210,normal
12096,1781099998.318657,syn_flood
12097,1781099998.320339,normal
12098,1781099998.321745,syn_flood
12099,1781099998.323000,syn_flood
12100,1781099998.324642,http_flood
12101,1781099998.325958,normal
12102,1781099998.327272,syn_flood
12103,1781099998.329009,normal
12104,1781099998.330297,normal
12105,1781099998.332140,normal
12106,1781099998.333533,normal
12107,1781099998.334805,normal
12108,1781099998.336640,normal
12109,1781099998.338250,normal
12110,1781099998.339791,syn_flood
12111,1781099998.341526,http_flood
12112,1781099998.343615,normal
12113,1781099998.345785,normal
12114,1781099998.348016,normal
12115,1781099998.349664,http_flood
12116,1781099998.351969,normal
12117,1781099998.353276,normal
12118,1781099998.354298,normal
12119,1781099998.355574,normal
12120,1781099998.356936,syn_flood
12121,1781099998.358979,normal
12122,1781099998.360371,normal
12123,1781099998.361900,normal
12124,1781099998.364037,normal
12125,1781099998.365653,normal
12126,1781099998.367563,udp_reflection
12127,1781099998.368700,normal
12128,1781099998.370512,syn_flood
12129,1781099998.371746,syn_flood
12130,1781099998.373260,normal
12131,1781099998.375348,normal
12132,1781099998.377699,normal
12133,1781099998.379864,http_flood
12134,1781099998.381030,normal
12135,1781099998.382529,normal
12136,1781099998.384200,normal
12137,1781099998.386364,normal
12138,1781099998.387986,normal
12139,1781099998.389643,normal
12140,1781099998.391061,normal
12141,1781099998.392955,normal
12142,1781099998.394263,syn_flood
12143,1781099998.395465,normal
12144,1781099998.397011,normal
12145,1781099998.398630,udp_reflection
12146,1781099998.400019,normal
12147,1781099998.401703,syn_flood
12148,1781099998.403528,http_flood
12149,1781099998.405338,normal
12150,1781099998.407215,normal
12151,1781099998.408993,normal
12152,1781099998.410670,normal
12153,1781099998.412475,normal
12154,1781099998.414870,normal
12155,1781099998.416229,normal
12156,1781099998.418267,normal
12157,1781099998.419744,normal
12158,1781099998.421550,normal
12159,1781099998.423210,normal
12160,1781099998.425614,normal
12161,1781099998.427121,normal
12162,1781099998.428444,syn_flood
12163,1781099998.430135,normal
12164,1781099998.431922,normal
12165,1781099998.434246,syn_flood
12166,1781099998.436004,normal
12167,1781099998.437306,http_flood
12168,1781099998.439268,normal
12169,1781099998.441706,http_flood
12170,1781099998.443162,normal
12171,1781099998.444753,normal
12172,1781099998.447244,normal
12173,1781099998.449422,normal
12174,1781099998.450466,normal
12175,1781099998.452223,normal
12176,1781099998.453896,normal
12177,1781099998.456092,syn_flood
12178,1781099998.458479,normal
12179,1781099998.460663,normal
12180,1781099998.463128,normal
12181,1781099998.464472,normal
12182,1781099998.466215,normal
12183,1781099998.468160,udp_reflection
12184,1781099998.469993,normal
12185,1781099998.472098,normal
12186,1781099998.473882,normal
12187,1781099998.475832,http_flood
12188,1781099998.477086,normal
12189,1781099998.478681,normal
12190,1781099998.479935,normal
12191,1781099998.481205,syn_flood
12192,1781099998.482351,normal
12193,1781099998.483654,normal
12194,1781099998.486076,normal
12195,1781099998.488196,http_flood
12196,1781099998.490391,normal
12197,1781099998.491749,normal
12198,1781099998.493150,syn_flood
12199,1781099998.494941,normal
12200,1781099998.496968,normal
12201,1781099998.498794,syn_flood
12202,1781099998.500417,normal
12203,1781099998.502200,syn_flood
12204,1781099998.503971,normal
12205,1781099998.505245,normal
12206,1781099998.506814,syn_flood
12207,1781099998.508534,http_flood
12208,1781099998.510000,normal
12209,1781099998.511441,udp_reflection
12210,1781099998.512903,syn_flood
12211,1781099998.514825,udp_reflection
12212,1781099998.515834,http_flood
12213,1781099998.517486,udp_reflection
12214,1781099998.519056,normal
12215,1781099998.521197,normal
12216,1781099998.523243,http_flood
12217,1781099998.525407,normal
12218,1781099998.527116,normal
12219,1781099998.529037,syn_flood
12220,1781099998.530210,syn_flood
12221,1781099998.532226,normal
12222,1781099998.533451,normal
12223,1781099998.534801,syn_flood
12224,1781099998.536144,normal
12225,1781099998.537553,normal
12226,1781099998.538663,normal
12227,1781099998.540699,normal
12228,1781099998.542784,http_flood
12229,1781099998.545190,normal
12230,1781099998.546673,normal
12231,1781099998.547556,normal
12232,1781099998.549152,normal
12233,1781099998.551198,normal
12234,1781099998.553238,normal
12235,1781099998.554614,syn_flood
12236,1781099998.556472,normal
12237,1781099998.558447,normal
12238,1781099998.559685,normal
12239,1781099998.561976,normal
12240,1781099998.563375,normal
12241,1781099998.565019,normal
12242,1781099998.566284,syn_flood
12243,1781099998.567692,syn_flood
12244,1781099998.568954,normal
12245,1781099998.570795,normal
12246,1781099998.573046,normal
12247,1781099998.574405,syn_flood
12248,1781099998.576147,syn_flood
12249,1781099998.577490,syn_flood
12250,1781099998.578503,normal
12251,1781099998.580268,normal
12252,1781099998.581979,normal
12253,1781099998.583604,normal
12254,1781099998.584893,syn_flood
12255,1781099998.586367,normal
12256,1781099998.587929,normal
12257,1781099998.589340,normal
12258,1781099998.590758,normal
12259,1781099998.592178,syn_flood
12260,1781099998.593472,normal
12261,1781099998.594849,normal
12262,1781099998.596378,normal
12263,1781099998.598238,normal
12264,1781099998.599519,syn_flood
12265,1781099998.602318,normal
12266,1781099998.604216,syn_flood
12267,1781099998.605699,normal
12268,1781099998.607455,normal
12269,1781099998.609060,syn_flood
12270,1781099998.610483,normal
12271,1781099998.611614,normal
12272,1781099998.613652,normal
12273,1781099998.615373,normal
12274,1781099998.617383,normal
12275,1781099998.619143,http_flood
12276,1781099998.620875,udp_reflection
12277,1781099998.622729,syn_flood
12278,1781099998.624602,syn_flood
12279,1781099998.625741,normal
12280,1781099998.627159,syn_flood
12281,1781099998.628856,normal
12282,1781099998.630256,normal
12283,1781099998.632509,http_flood
12284,1781099998.633718,normal
12285,1781099998.635229,normal
12286,1781099998.636905,udp_reflection
12287,1781099998.638401,normal
12288,1781099998.641188,normal
12289,1781099998.643021,udp_reflection
12290,1781099998.644328,normal
12291,1781099998.646214,normal
12292,1781099998.647759,normal
12293,1781099998.649924,normal
12294,1781099998.652224,http_flood
12295,1781099998.654136,normal
12296,1781099998.655473,normal
12297,1781099998.657385,normal
12298,1781099998.658886,syn_flood
12299,1781099998.660607,http_flood
12300,1781099998.661857,normal
12301,1781099998.663858,normal
12302,1781099998.666024,normal
12303,1781099998.667622,normal
12304,1781099998.669633,normal
12305,1781099998.671242,normal
12306,1781099998.672412,normal
12307,1781099998.673979,normal
12308,1781099998.675065,normal
12309,1781099998.676663,normal
12310,1781099998.677804,normal
12311,1781099998.679336,normal
12312,1781099998.680554,normal
12313,1781099998.682388,syn_flood
12314,1781099998.684434,normal
12315,1781099998.686997,normal
12316,1781099998.688429,normal
12317,1781099998.690663,udp_reflection
12318,1781099998.692565,normal
12319,1781099998.694125,normal
12320,1781099998.695851,normal
12321,1781099998.697494,normal
12322,1781099998.699871,normal
12323,1781099998.701874,normal
12324,1781099998.703101,normal
12325,1781099998.704508,normal
12326,1781099998.705976,udp_reflection
12327,1781099998.707685,normal
12328,1781099998.709489,normal
12329,1781099998.711374,http_flood
12330,1781099998.713201,normal
12331,1781099998.715243,normal
12332,1781099998.716909,normal
12333,1781099998.718825,syn_flood
12334,1781099998.720873,normal
12335,1781099998.722341,normal
12336,1781099998.724007,normal
12337,1781099998.725781,normal
12338,1781099998.727465,normal
12339,1781099998.728816,normal
12340,1781099998.730739,normal
12341,1781099998.732734,syn_flood
12342,1781099998.734506,normal
12343,1781099998.736259,udp_reflection
12344,1781099998.737613,normal
12345,1781099998.740129,udp_reflection
12346,1781099998.741973,normal
12347,1781099998.744143,http_flood
12348,1781099998.745862,normal
12349,1781099998.747450,normal
12350,1781099998.748866,normal
12351,1781099998.750675,normal
12352,1781099998.752195,normal
12353,1781099998.753406,udp_reflection
12354,1781099998.755757,normal
12355,1781099998.757491,normal
12356,1781099998.759031,normal
12357,1781099998.760455,normal
12358,1781099998.762294,normal
12359,1781099998.763309,normal
12360,1781099998.764719,normal
12361,1781099998.766349,normal
12362,1781099998.767769,normal
12363,1781099998.769275,udp_reflection
12364,1781099998.771444,normal
12365,1781099998.773525,normal
12366,1781099998.775506,normal
12367,1781099998.777674,normal
12368,1781099998.779225,syn_flood
12369,1781099998.781194,normal
12370,1781099998.782531,syn_flood
12371,1781099998.784181,normal
12372,1781099998.785324,normal
12373,1781099998.786904,syn_flood
12374,1781099998.788376,normal
12375,1781099998.789655,normal
12376,1781099998.791418,normal
12377,1781099998.793201,normal
12378,1781099998.794845,normal
12379,1781099998.796311,normal
12380,1781099998.797546,normal
12381,1781099998.798695,normal
12382,1781099998.801104,normal
12383,1781099998.802790,normal
12384,1781099998.804568,normal
12385,1781099998.807168,normal
12386,1781099998.808554,normal
12387,1781099998.810083,normal
12388,1781099998.811788,normal
12389,1781099998.814388,normal
12390,1781099998.815708,normal
12391,1781099998.817719,normal
12392,1781099998.819235,normal
12393,1781099998.821208,normal
12394,1781099998.823165,normal
12395,1781099998.825214,normal
12396,1781099998.827157,normal
12397,1781099998.828442,normal
12398,1781099998.829950,udp_reflection
12399,1781099998.831668,syn_flood
12400,1781099998.833236,normal
12401,1781099998.834823,normal
12402,1781099998.836215,normal
12403,1781099998.837492,syn_flood
12404,1781099998.839043,syn_flood
12405,1781099998.840697,normal
12406,1781099998.843340,normal
12407,1781099998.844896,normal
12408,1781099998.846930,syn_flood
12409,1781099998.849103,syn_flood
12410,1781099998.850320,http_flood
12411,1781099998.852294,normal
12412,1781099998.853492,normal
12413,1781099998.855184,syn_flood
12414,1781099998.856981,syn_flood
12415,1781099998.858238,normal
12416,1781099998.860258,syn_flood
12417,1781099998.861888,normal
12418,1781099998.863979,normal
12419,1781099998.865361,normal
12420,1781099998.867349,normal
12421,1781099998.868957,normal
12422,1781099998.870781,normal
12423,1781099998.872343,syn_flood
12424,1781099998.874346,normal
12425,1781099998.876361,normal
12426,1781099998.878275,normal
12427,1781099998.880286,normal
12428,1781099998.882330,normal
12429,1781099998.884698,normal
12430,1781099998.886380,normal
12431,1781099998.888133,normal
12432,1781099998.889477,normal
12433,1781099998.890894,normal
12434,1781099998.892820,normal
12435,1781099998.893969,http_flood
12436,1781099998.895345,normal
12437,1781099998.896905,normal
12438,1781099998.898659,normal
12439,1781099998.900338,normal
12440,1781099998.902021,normal
12441,1781099998.903956,normal
12442,1781099998.906028,normal
12443,1781099998.907594,normal
12444,1781099998.909790,normal
12445,1781099998.911465,normal
12446,1781099998.913026,normal
12447,1781099998.914847,normal
12448,1781099998.917304,normal
12449,1781099998.919198,normal
12450,1781099998.920699,syn_flood
12451,1781099998.922049,normal
12452,1781099998.923543,normal
12453,1781099998.924731,normal
12454,1781099998.926684,normal
12455,1781099998.929303,normal
12456,1781099998.930955,normal
12457,1781099998.932620,normal
12458,1781099998.934442,syn_flood
12459,1781099998.935525,normal
12460,1781099998.937578,normal
12461,1781099998.938600,normal
12462,1781099998.940278,normal
12463,1781099998.942010,normal
12464,1781099998.943350,normal
12465,1781099998.944861,normal
12466,1781099998.946357,normal
12467,1781099998.947480,normal
12468,1781099998.948824,normal
12469,1781099998.950936,syn_flood
12470,1781099998.952394,normal
12471,1781099998.954019,normal
12472,1781099998.955932,http_flood
12473,1781099998.957989,syn_flood
12474,1781099998.959745,normal
12475,1781099998.961540,normal
12476,1781099998.963382,normal
12477,1781099998.965356,normal
12478,1781099998.966968,normal
12479,1781099998.968308,normal
12480,1781099998.970133,syn_flood
12481,1781099998.971553,normal
12482,1781099998.973291,syn_flood
12483,1781099998.974793,normal
12484,1781099998.976159,normal
12485,1781099998.978130,normal
12486,1781099998.979395,syn_flood
12487,1781099998.981954,normal
12488,1781099998.983877,normal
12489,1781099998.984806,normal
12490,1781099998.986392,normal
12491,1781099998.988121,normal
12492,1781099998.989722,syn_flood
12493,1781099998.991009,normal
12494,1781099998.993675,normal
12495,1781099998.995441,normal
12496,1781099998.997826,normal
12497,1781099998.999719,syn_flood
12498,1781099999.000988,udp_reflection
12499,1781099999.002493,normal
12500,1781099999.004119,http_flood
12501,1781099999.005239,normal
12502,1781099999.006957,normal
12503,1781099999.008698,syn_flood
12504,1781099999.011192,normal
12505,1781099999.012462,normal
12506,1781099999.014566,normal
12507,1781099999.016513,normal
12508,1781099999.018498,normal
12509,1781099999.020458,normal
12510,1781099999.022464,normal
12511,1781099999.024500,normal
12512,1781099999.026580,normal
12513,1781099999.028378,normal
12514,1781099999.030198,normal
12515,1781099999.031757,normal
12516,1781099999.033140,normal
12517,1781099999.034937,normal
12518,1781099999.036659,normal
12519,1781099999.038085,normal
12520,1781099999.039872,normal
12521,1781099999.041270,udp_reflection
12522,1781099999.042948,normal
12523,1781099999.044637,normal
12524,1781099999.046954,normal
12525,1781099999.049062,normal
12526,1781099999.050846,normal
12527,1781099999.052552,syn_flood
12528,1781099999.054068,syn_flood
12529,1781099999.055920,normal
12530,1781099999.057870,normal
12531,1781099999.060128,normal
12532,1781099999.061824,syn_flood
12533,1781099999.063759,normal
12534,1781099999.064818,normal
12535,1781099999.066936,http_flood
12536,1781099999.068664,normal
12537,1781099999.070549,normal
12538,1781099999.072147,normal
12539,1781099999.073929,normal
12540,1781099999.075454,normal
12541,1781099999.077147,normal
12542,1781099999.078641,normal
12543,1781099999.080713,normal
12544,1781099999.082383,syn_flood
12545,1781099999.084286,normal
12546,1781099999.086186,normal
12547,1781099999.088437,normal
12548,1781099999.090403,normal
12549,1781099999.092002,normal
12550,1781099999.093015,normal
12551,1781099999.095538,normal
12552,1781099999.097327,normal
12553,1781099999.099235,normal
12554,1781099999.100714,normal
12555,1781099999.102406,normal
12556,1781099999.104934,normal
12557,1781099999.106488,normal
12558,1781099999.108406,normal
12559,1781099999.109654,normal
12560,1781099999.111311,normal
12561,1781099999.112792,normal
12562,1781099999.114935,normal
12563,1781099999.116817,normal
12564,1781099999.118351,normal
12565,1781099999.121005,normal
12566,1781099999.123049,normal
12567,1781099999.124921,normal
12568,1781099999.126952,normal
12569,1781099999.128836,normal
12570,1781099999.130451,http_flood
12571,1781099999.132574,normal
12572,1781099999.134101,http_flood
12573,1781099999.136022,normal
12574,1781099999.137937,normal
12575,1781099999.139388,normal
12576,1781099999.141762,normal
12577,1781099999.143618,normal
12578,1781099999.145027,normal
12579,1781099999.146681,normal
12580,1781099999.147992,normal
12581,1781099999.150122,normal
12582,1781099999.151876,normal
12583,1781099999.154103,http_flood
12584,1781099999.155807,normal
12585,1781099999.157193,normal
12586,1781099999.158695,udp_reflection
12587,1781099999.159994,normal
12588,1781099999.161884,normal
12589,1781099999.163175,normal
12590,1781099999.164755,normal
12591,1781099999.166624,normal
12592,1781099999.168286,normal
12593,1781099999.170750,normal
12594,1781099999.172256,normal
12595,1781099999.173636,normal
12596,1781099999.175293,normal
12597,1781099999.177083,normal
12598,1781099999.178384,normal
12599,1781099999.179842,normal
12600,1781099999.182065,normal
12601,1781099999.183498,normal
12602,1781099999.185234,normal
12603,1781099999.187449,normal
12604,1781099999.188777,normal
12605,1781099999.190842,normal
12606,1781099999.192075,syn_flood
12607,1781099999.194267,normal
12608,1781099999.196001,normal
12609,1781099999.198298,normal
12610,1781099999.200061,normal
12611,1781099999.201847,normal
12612,1781099999.203634,http_flood
12613,1781099999.205527,normal
12614,1781099999.206650,udp_reflection
12615,1781099999.207927,normal
12616,1781099999.209422,normal
12617,1781099999.211005,normal
12618,1781099999.213069,normal
12619,1781099999.214972,syn_flood
12620,1781099999.216319,normal
12621,1781099999.218060,normal
12622,1781099999.219416,normal
12623,1781099999.221643,normal
12624,1781099999.223426,normal
12625,1781099999.225118,normal
12626,1781099999.226597,normal
12627,1781099999.227862,syn_flood
12628,1781099999.229196,normal
12629,1781099999.231160,normal
12630,1781099999.233126,syn_flood
12631,1781099999.235004,normal
12632,1781099999.237101,normal
12633,1781099999.240014,normal
12634,1781099999.241230,syn_flood
12635,1781099999.242992,normal
12636,1781099999.244459,normal
12637,1781099999.246763,normal
12638,1781099999.248188,syn_flood
12639,1781099999.249313,normal
12640,1781099999.250837,normal
12641,1781099999.252622,syn_flood
12642,1781099999.254076,normal
12643,1781099999.257695,syn_flood
12644,1781099999.259979,syn_flood
12645,1781099999.261384,normal
12646,1781099999.263425,normal
12647,1781099999.265176,normal
12648,1781099999.267627,syn_flood
12649,1781099999.269343,normal
12650,1781099999.271168,normal
12651,1781099999.272694,normal
12652,1781099999.274151,normal
12653,1781099999.275679,normal
12654,1781099999.277181,normal
12655,1781099999.278966,normal
12656,1781099999.280782,syn_flood
12657,1781099999.282637,normal
12658,1781099999.284009,normal
12659,1781099999.285309,normal
12660,1781099999.287110,normal
12661,1781099999.288768,normal
12662,1781099999.290859,normal
12663,1781099999.292749,normal
12664,1781099999.294781,normal
12665,1781099999.296667,http_flood
12666,1781099999.298579,normal
12667,1781099999.299975,normal
12668,1781099999.302015,normal
12669,1781099999.303188,normal
12670,1781099999.304708,normal
12671,1781099999.306368,normal
12672,1781099999.308408,normal
12673,1781099999.310231,normal
12674,1781099999.311603,syn_flood
12675,1781099999.313469,normal
12676,1781099999.315254,syn_flood
12677,1781099999.318048,syn_flood
12678,1781099999.319591,normal
12679,1781099999.320972,normal
12680,1781099999.322876,normal
12681,1781099999.324782,normal
12682,1781099999.326287,normal
12683,1781099999.327882,normal
12684,1781099999.329472,normal
12685,1781099999.330983,normal
12686,1781099999.333090,normal
12687,1781099999.334856,normal
12688,1781099999.337015,normal
12689,1781099999.338664,normal
12690,1781099999.340040,normal
12691,1781099999.341966,normal
12692,1781099999.343780,normal
12693,1781099999.345415,normal
12694,1781099999.347003,normal
12695,1781099999.348554,normal
12696,1781099999.350751,normal
12697,1781099999.352749,normal
12698,1781099999.354329,normal
12699,1781099999.355939,normal
12700,1781099999.358223,normal
12701,1781099999.359830,normal
12702,1781099999.361555,normal
12703,1781099999.363405,udp_reflection
12704,1781099999.364723,http_flood
12705,1781099999.366230,normal
12706,1781099999.367935,syn_flood
12707,1781099999.369913,normal
12708,1781099999.371768,normal
12709,1781099999.373145,normal
12710,1781099999.375162,normal
12711,1781099999.376976,normal
12712,1781099999.378703,normal
12713,1781099999.380541,normal
12714,1781099999.381761,normal
12715,1781099999.384368,normal
12716,1781099999.385715,normal
12717,1781099999.387457,normal
12718,1781099999.389064,normal
12719,1781099999.391288,normal
12720,1781099999.392949,normal
12721,1781099999.394585,normal
12722,1781099999.396038,normal
12723,1781099999.397959,normal
12724,1781099999.399488,normal
12725,1781099999.401230,normal
12726,1781099999.402579,normal
12727,1781099999.404601,normal
12728,1781099999.406476,normal
12729,1781099999.407609,normal
12730,1781099999.409241,normal
12731,1781099999.411748,normal
12732,1781099999.413391,syn_flood
12733,1781099999.415568,normal
12734,1781099999.417538,http_flood
12735,1781099999.419161,syn_flood
12736,1781099999.420849,syn_flood
12737,1781099999.422691,normal
12738,1781099999.425080,normal
12739,1781099999.426774,normal
12740,1781099999.428267,normal
12741,1781099999.430111,normal
12742,1781099999.431666,normal
12743,1781099999.433587,syn_flood
12744,1781099999.435494,syn_flood
12745,1781099999.436872,normal
12746,1781099999.439044,normal
12747,1781099999.440143,normal
12748,1781099999.441684,normal
12749,1781099999.443178,normal
12750,1781099999.444744,normal
12751,1781099999.446098,normal
12752,1781099999.447375,normal
12753,1781099999.448795,normal
12754,1781099999.450916,normal
12755,1781099999.453192,normal
12756,1781099999.455455,normal
12757,1781099999.457597,normal
12758,1781099999.459272,normal
12759,1781099999.461479,syn_flood
12760,1781099999.463555,normal
12761,1781099999.465148,normal
12762,1781099999.466896,normal
12763,1781099999.468510,syn_flood
12764,1781099999.470471,syn_flood
12765,1781099999.472195,normal
12766,1781099999.474010,normal
12767,1781099999.475086,syn_flood
12768,1781099999.476843,normal
12769,1781099999.478245,normal
12770,1781099999.480111,normal
12771,1781099999.482251,http_flood
12772,1781099999.484087,normal
12773,1781099999.485328,normal
12774,1781099999.486972,normal
12775,1781099999.488377,syn_flood
12776,1781099999.489496,normal
12777,1781099999.491207,normal
12778,1781099999.492848,syn_flood
12779,1781099999.494660,normal
12780,1781099999.496550,normal
12781,1781099999.498080,normal
12782,1781099999.499838,normal
12783,1781099999.500921,normal
12784,1781099999.503363,normal
12785,1781099999.505063,normal
12786,1781099999.506479,syn_flood
12787,1781099999.508465,normal
12788,1781099999.510021,normal
12789,1781099999.512090,normal
12790,1781099999.513756,normal
12791,1781099999.514870,syn_flood
12792,1781099999.517001,normal
12793,1781099999.518199,normal
12794,1781099999.519514,syn_flood
12795,1781099999.521377,syn_flood
12796,1781099999.522712,normal
12797,1781099999.524408,syn_flood
12798,1781099999.526105,normal
12799,1781099999.527786,syn_flood
12800,1781099999.529363,normal
12801,1781099999.531157,normal
12802,1781099999.532817,syn_flood
12803,1781099999.534456,normal
12804,1781099999.536048,syn_flood
12805,1781099999.537849,syn_flood
12806,1781099999.539712,normal
12807,1781099999.540858,normal
12808,1781099999.542387,normal
12809,1781099999.543892,normal
12810,1781099999.545734,syn_flood
12811,1781099999.547025,normal
12812,1781099999.549044,udp_reflection
12813,1781099999.550637,normal
12814,1781099999.552010,syn_flood
12815,1781099999.554211,normal
12816,1781099999.556880,syn_flood
12817,1781099999.558902,http_flood
12818,1781099999.560449,normal
12819,1781099999.561928,syn_flood
12820,1781099999.563508,normal
12821,1781099999.565512,syn_flood
12822,1781099999.567308,normal
12823,1781099999.569541,normal
12824,1781099999.571308,normal
12825,1781099999.572970,normal
12826,1781099999.574698,normal
12827,1781099999.576089,normal
12828,1781099999.577818,normal
12829,1781099999.579393,normal
12830,1781099999.581525,normal
12831,1781099999.583592,normal
12832,1781099999.584982,normal
12833,1781099999.587531,normal
12834,1781099999.588805,normal
12835,1781099999.590165,normal
12836,1781099999.592039,normal
12837,1781099999.593687,http_flood
12838,1781099999.595721,normal
12839,1781099999.597327,normal
12840,1781099999.599372,normal
12841,1781099999.600838,normal
12842,1781099999.602749,normal
12843,1781099999.604726,syn_flood
12844,1781099999.606384,udp_reflection
12845,1781099999.607823,normal
12846,1781099999.609123,normal
12847,1781099999.610762,normal
12848,1781099999.612632,normal
12849,1781099999.614618,normal
12850,1781099999.616224,normal
12851,1781099999.618078,udp_reflection
12852,1781099999.620765,normal
12853,1781099999.621991,normal
12854,1781099999.624012,normal
12855,1781099999.625415,normal
12856,1781099999.627029,normal
12857,1781099999.629926,normal
12858,1781099999.631224,normal
12859,1781099999.634348,normal
12860,1781099999.635853,normal
12861,1781099999.637341,syn_flood
12862,1781099999.639171,syn_flood
12863,1781099999.641275,normal
12864,1781099999.643149,normal
12865,1781099999.645256,syn_flood
12866,1781099999.647154,normal
12867,1781099999.648418,normal
12868,1781099999.650266,normal
12869,1781099999.651571,normal
12870,1781099999.653405,normal
12871,1781099999.655304,normal
12872,1781099999.656484,normal
12873,1781099999.659602,syn_flood
12874,1781099999.661283,normal
12875,1781099999.663199,normal
12876,1781099999.665079,http_flood
12877,1781099999.666360,syn_flood
12878,1781099999.667802,normal
12879,1781099999.669391,udp_reflection
12880,1781099999.670751,normal
12881,1781099999.672585,syn_flood
12882,1781099999.674253,normal
12883,1781099999.676131,normal
12884,1781099999.678336,syn_flood
12885,1781099999.680250,http_flood
12886,1781099999.681288,normal
12887,1781099999.683417,normal
12888,1781099999.685286,normal
12889,1781099999.686729,normal
12890,1781099999.688233,normal
12891,1781099999.689860,normal
12892,1781099999.691269,normal
12893,1781099999.693408,normal
12894,1781099999.694796,normal
12895,1781099999.696398,normal
12896,1781099999.698459,normal
12897,1781099999.699721,normal
12898,1781099999.702020,udp_reflection
12899,1781099999.703683,udp_reflection
12900,1781099999.705105,syn_flood
12901,1781099999.707494,normal
12902,1781099999.709152,syn_flood
12903,1781099999.711366,udp_reflection
12904,1781099999.712906,normal
12905,1781099999.714315,syn_flood
12906,1781099999.716542,syn_flood
12907,1781099999.718602,http_flood
12908,1781099999.720429,normal
12909,1781099999.721627,normal
12910,1781099999.723392,syn_flood
12911,1781099999.725344,udp_reflection
12912,1781099999.726538,normal
12913,1781099999.727956,syn_flood
12914,1781099999.729256,normal
12915,1781099999.731154,normal
12916,1781099999.732684,normal
12917,1781099999.734035,normal
12918,1781099999.735770,normal
12919,1781099999.737627,normal
12920,1781099999.739428,normal
12921,1781099999.741041,normal
12922,1781099999.742204,normal
12923,1781099999.743743,normal
12924,1781099999.745783,normal
12925,1781099999.748154,normal
12926,1781099999.750112,normal
12927,1781099999.751941,normal
12928,1781099999.753669,normal
12929,1781099999.755235,syn_flood
12930,1781099999.756466,normal
12931,1781099999.757949,normal
12932,1781099999.759468,syn_flood
12933,1781099999.761355,normal
12934,1781099999.763818,normal
12935,1781099999.766129,normal
12936,1781099999.768331,normal
12937,1781099999.770340,normal
12938,1781099999.771702,normal
12939,1781099999.773390,normal
12940,1781099999.774735,normal
12941,1781099999.775969,normal
12942,1781099999.778179,normal
12943,1781099999.780193,syn_flood
12944,1781099999.782130,syn_flood
12945,1781099999.784254,normal
12946,1781099999.786144,syn_flood
12947,1781099999.787381,normal
12948,1781099999.788932,normal
12949,1781099999.790227,http_flood
12950,1781099999.791993,normal
12951,1781099999.793760,normal
12952,1781099999.795807,normal
12953,1781099999.797788,normal
12954,1781099999.799709,normal
12955,1781099999.800816,syn_flood
12956,1781099999.802605,normal
12957,1781099999.804778,normal
12958,1781099999.806923,normal
12959,1781099999.808452,normal
12960,1781099999.809985,normal
12961,1781099999.811586,normal
12962,1781099999.813199,udp_reflection
12963,1781099999.814477,normal
12964,1781099999.816365,normal
12965,1781099999.817742,normal
12966,1781099999.819255,normal
12967,1781099999.822684,normal
12968,1781099999.824194,normal
12969,1781099999.826174,normal
12970,1781099999.827275,normal
12971,1781099999.829516,normal
12972,1781099999.831156,normal
12973,1781099999.832791,normal
12974,1781099999.834756,udp_reflection
12975,1781099999.836558,normal
12976,1781099999.838291,normal
12977,1781099999.840181,normal
12978,1781099999.842170,normal
12979,1781099999.843632,syn_flood
12980,1781099999.845575,normal
12981,1781099999.846978,syn_flood
12982,1781099999.848976,syn_flood
12983,1781099999.850380,normal
12984,1781099999.851997,normal
12985,1781099999.853517,normal
12986,1781099999.855630,normal
12987,1781099999.857149,normal
12988,1781099999.858804,http_flood
12989,1781099999.860494,syn_flood
12990,1781099999.862726,normal
12991,1781099999.864120,syn_flood
12992,1781099999.866109,syn_flood
12993,1781099999.867738,normal
12994,1781099999.869520,normal
12995,1781099999.870755,http_flood
12996,1781099999.872762,normal
12997,1781099999.874086,normal
12998,1781099999.875704,syn_flood
12999,1781099999.877499,syn_flood
13000,1781099999.879255,normal
13001,1781099999.881000,normal
13002,1781099999.882467,normal
13003,1781099999.884627,normal
13004,1781099999.886382,normal
13005,1781099999.888416,normal
13006,1781099999.889828,syn_flood
13007,1781099999.891811,syn_flood
13008,1781099999.893431,normal
13009,1781099999.895229,normal
13010,1781099999.896575,normal
13011,1781099999.898293,normal
13012,1781099999.900461,normal
13013,1781099999.902966,syn_flood
13014,1781099999.904741,normal
13015,1781099999.906650,normal
13016,1781099999.908280,syn_flood
13017,1781099999.909740,normal
13018,1781099999.911030,syn_flood
13019,1781099999.912948,normal
13020,1781099999.914161,http_flood
13021,1781099999.916435,normal
13022,1781099999.917731,normal
13023,1781099999.919229,normal
13024,1781099999.920781,normal
13025,1781099999.922690,syn_flood
13026,1781099999.924130,normal
13027,1781099999.926675,syn_flood
13028,1781099999.927927,http_flood
13029,1781099999.929589,normal
13030,1781099999.931320,udp_reflection
13031,1781099999.933319,syn_flood
13032,1781099999.935953,normal
13033,1781099999.938288,normal
13034,1781099999.940213,normal
13035,1781099999.942355,normal
13036,1781099999.944244,normal
13037,1781099999.946194,udp_reflection
13038,1781099999.947775,normal
13039,1781099999.948775,normal
13040,1781099999.951086,normal
13041,1781099999.953520,syn_flood
13042,1781099999.955417,normal
13043,1781099999.958202,udp_reflection
13044,1781099999.960747,syn_flood
13045,1781099999.963241,normal
13046,1781099999.964501,normal
13047,1781099999.965747,normal
13048,1781099999.967241,normal
13049,1781099999.968986,normal
13050,1781099999.970348,normal
13051,1781099999.972959,normal
13052,1781099999.974433,syn_flood
13053,1781099999.976262,normal
13054,1781099999.977958,normal
13055,1781099999.980275,normal
13056,1781099999.981973,syn_flood
13057,1781099999.983649,normal
13058,1781099999.985178,normal
13059,1781099999.987340,normal
13060,1781099999.989556,normal
13061,1781099999.991477,normal
13062,1781099999.992739,normal
13063,1781099999.994595,http_flood
13064,1781099999.996315,syn_flood
13065,1781099999.997750,normal
13066,1781099999.999154,normal
13067,1781100000.001174,http_flood
13068,1781100000.002947,normal
13069,1781100000.005139,udp_reflection
13070,1781100000.006698,normal
13071,1781100000.008069,normal
13072,1781100000.009824,normal
13073,1781100000.011861,normal
13074,1781100000.014033,normal
13075,1781100000.015898,normal
13076,1781100000.017640,syn_flood
13077,1781100000.018943,normal
13078,1781100000.021135,syn_flood
13079,1781100000.022706,normal
13080,1781100000.024503,normal
13081,1781100000.026129,syn_flood
13082,1781100000.028545,normal
13083,1781100000.029951,normal
13084,1781100000.032175,syn_flood
13085,1781100000.033807,normal
13086,1781100000.036074,normal
13087,1781100000.037990,normal
13088,1781100000.039960,http_flood
13089,1781100000.041911,normal
13090,1781100000.043892,syn_flood
13091,1781100000.046516,normal
13092,1781100000.049119,normal
13093,1781100000.050148,normal
13094,1781100000.052307,normal
13095,1781100000.053799,normal
13096,1781100000.055196,normal
13097,1781100000.058066,normal
13098,1781100000.059590,normal
13099,1781100000.062110,normal
13100,1781100000.064929,normal
13101,1781100000.066484,normal
13102,1781100000.069151,normal
13103,1781100000.071062,normal
13104,1781100000.072424,normal
13105,1781100000.074716,normal
13106,1781100000.076699,normal
13107,1781100000.078703,normal
13108,1781100000.080502,normal
13109,1781100000.083077,http_flood
13110,1781100000.084276,normal
13111,1781100000.085812,syn_flood
13112,1781100000.087442,http_flood
13113,1781100000.088766,normal
13114,1781100000.089864,normal
13115,1781100000.091261,syn_flood
13116,1781100000.092432,normal
13117,1781100000.094022,syn_flood
13118,1781100000.095858,normal
13119,1781100000.097654,normal
13120,1781100000.099913,syn_flood
13121,1781100000.101432,normal
13122,1781100000.103180,normal
13123,1781100000.104117,syn_flood
13124,1781100000.105607,syn_flood
13125,1781100000.107142,syn_flood
13126,1781100000.108756,normal
13127,1781100000.110692,normal
13128,1781100000.112057,normal
13129,1781100000.113464,normal
13130,1781100000.114983,normal
13131,1781100000.116767,normal
13132,1781100000.118518,normal
13133,1781100000.120584,syn_flood
13134,1781100000.122363,normal
13135,1781100000.123584,syn_flood
13136,1781100000.125980,normal
13137,1781100000.128279,syn_flood
13138,1781100000.131115,normal
13139,1781100000.132586,normal
13140,1781100000.134934,normal
13141,1781100000.137057,normal
13142,1781100000.138219,normal
13143,1781100000.140462,normal
13144,1781100000.141991,syn_flood
13145,1781100000.144007,http_flood
13146,1781100000.145821,normal
13147,1781100000.147226,http_flood
13148,1781100000.148261,udp_reflection
13149,1781100000.149773,normal
13150,1781100000.150886,normal
13151,1781100000.151909,normal
13152,1781100000.153592,syn_flood
13153,1781100000.155915,http_flood
13154,1781100000.157477,syn_flood
13155,1781100000.158909,normal
13156,1781100000.160419,normal
13157,1781100000.161866,normal
13158,1781100000.163106,http_flood
13159,1781100000.165254,normal
13160,1781100000.167046,normal
13161,1781100000.168700,normal
13162,1781100000.170084,syn_flood
13163,1781100000.172103,normal
13164,1781100000.173918,normal
13165,1781100000.174972,normal
13166,1781100000.176460,normal
13167,1781100000.177802,normal
13168,1781100000.179785,syn_flood
13169,1781100000.181377,normal
13170,1781100000.182966,syn_flood
13171,1781100000.184841,syn_flood
13172,1781100000.186461,normal
13173,1781100000.188100,http_flood
13174,1781100000.189620,syn_flood
13175,1781100000.191463,normal
13176,1781100000.193027,normal
13177,1781100000.194307,udp_reflection
13178,1781100000.196723,syn_flood
13179,1781100000.198170,normal
13180,1781100000.199428,normal
13181,1781100000.201146,normal
13182,1781100000.202807,normal
13183,1781100000.204573,normal
13184,1781100000.206375,normal
13185,1781100000.208011,normal
13186,1781100000.209590,normal
13187,1781100000.211393,normal
13188,1781100000.213431,normal
13189,1781100000.214900,normal
13190,1781100000.217134,normal
13191,1781100000.218778,normal
13192,1781100000.220221,normal
13193,1781100000.221856,normal
13194,1781100000.223288,syn_flood
13195,1781100000.225489,normal
13196,1781100000.227010,normal
13197,1781100000.228859,normal
13198,1781100000.230126,normal
13199,1781100000.231463,http_flood
13200,1781100000.233122,normal
13201,1781100000.234598,normal
13202,1781100000.236077,normal
13203,1781100000.237488,normal
13204,1781100000.239037,normal
13205,1781100000.241404,normal
13206,1781100000.243277,normal
13207,1781100000.244845,normal
13208,1781100000.245955,normal
13209,1781100000.247729,normal
13210,1781100000.248793,normal
13211,1781100000.251346,normal
13212,1781100000.252604,syn_flood
13213,1781100000.254632,syn_flood
13214,1781100000.256239,normal
13215,1781100000.258286,syn_flood
13216,1781100000.260513,normal
13217,1781100000.261811,normal
13218,1781100000.263495,udp_reflection
13219,1781100000.265150,normal
13220,1781100000.267101,normal
13221,1781100000.268124,normal
13222,1781100000.269871,syn_flood
13223,1781100000.271164,normal
13224,1781100000.273610,http_flood
13225,1781100000.275939,udp_reflection
13226,1781100000.278874,normal
13227,1781100000.280339,normal
13228,1781100000.281988,normal
13229,1781100000.284128,normal
13230,1781100000.286770,normal
13231,1781100000.288234,normal
13232,1781100000.290355,normal
13233,1781100000.291676,normal
13234,1781100000.293029,normal
13235,1781100000.295397,normal
13236,1781100000.297083,normal
13237,1781100000.299014,normal
13238,1781100000.300273,udp_reflection
13239,1781100000.301745,normal
13240,1781100000.303036,normal
13241,1781100000.305141,syn_flood
13242,1781100000.307539,normal
13243,1781100000.309085,normal
13244,1781100000.310585,udp_reflection
13245,1781100000.312099,normal
13246,1781100000.313751,normal
13247,1781100000.315771,normal
13248,1781100000.317761,syn_flood
13249,1781100000.319868,normal
13250,1781100000.321609,normal
13251,1781100000.323895,normal
13252,1781100000.325824,syn_flood
13253,1781100000.327934,normal
13254,1781100000.329354,syn_flood
13255,1781100000.331167,normal
13256,1781100000.332991,normal
13257,1781100000.334869,normal
13258,1781100000.336610,normal
13259,1781100000.337926,normal
13260,1781100000.339339,normal
13261,1781100000.340677,normal
13262,1781100000.341976,normal
13263,1781100000.343514,normal
13264,1781100000.345362,syn_flood
13265,1781100000.346773,normal
13266,1781100000.348110,syn_flood
13267,1781100000.349839,normal
13268,1781100000.351657,normal
13269,1781100000.353737,http_flood
13270,1781100000.355153,normal
13271,1781100000.357055,udp_reflection
13272,1781100000.358520,normal
13273,1781100000.359582,normal
13274,1781100000.361459,normal
13275,1781100000.362946,normal
13276,1781100000.363939,normal
13277,1781100000.365577,syn_flood
13278,1781100000.367408,normal
13279,1781100000.368634,normal
13280,1781100000.370829,http_flood
13281,1781100000.372529,syn_flood
13282,1781100000.374034,syn_flood
13283,1781100000.376199,normal
13284,1781100000.378429,normal
13285,1781100000.380321,normal
13286,1781100000.381609,syn_flood
13287,1781100000.383722,normal
13288,1781100000.385025,syn_flood
13289,1781100000.386185,normal
13290,1781100000.387583,normal
13291,1781100000.389255,syn_flood
13292,1781100000.391142,udp_reflection
13293,1781100000.392870,normal
13294,1781100000.394697,normal
13295,1781100000.396316,normal
13296,1781100000.397720,normal
13297,1781100000.399392,normal
13298,1781100000.401603,normal
13299,1781100000.403187,normal
13300,1781100000.404758,normal
13301,1781100000.406363,normal
13302,1781100000.408135,normal
13303,1781100000.410026,syn_flood
13304,1781100000.412369,syn_flood
13305,1781100000.414207,normal
13306,1781100000.415722,normal
13307,1781100000.417750,normal
13308,1781100000.419648,syn_flood
13309,1781100000.420936,normal
13310,1781100000.422447,normal
13311,1781100000.424368,normal
13312,1781100000.425532,normal
13313,1781100000.427874,normal
13314,1781100000.428973,normal
13315,1781100000.430778,http_flood
13316,1781100000.432283,normal
13317,1781100000.433491,normal
13318,1781100000.434809,syn_flood
13319,1781100000.436278,syn_flood
13320,1781100000.437503,normal
13321,1781100000.439012,normal
13322,1781100000.441100,normal
13323,1781100000.442538,normal
13324,1781100000.443711,syn_flood
13325,1781100000.445641,normal
13326,1781100000.446991,normal
13327,1781100000.448625,normal
13328,1781100000.450202,normal
13329,1781100000.451706,normal
13330,1781100000.453681,normal
13331,1781100000.455551,normal
13332,1781100000.456842,normal
13333,1781100000.458783,normal
13334,1781100000.460136,normal
13335,1781100000.461785,normal
13336,1781100000.463326,normal
13337,1781100000.464845,normal
13338,1781100000.466612,normal
13339,1781100000.468455,normal
13340,1781100000.469956,syn_flood
13341,1781100000.472044,normal
13342,1781100000.473686,normal
13343,1781100000.475570,normal
13344,1781100000.477740,normal
13345,1781100000.479374,udp_reflection
13346,1781100000.481243,normal
13347,1781100000.482519,normal
13348,1781100000.484080,udp_reflection
13349,1781100000.485881,syn_flood
13350,1781100000.487591,normal
13351,1781100000.489016,normal
13352,1781100000.491177,syn_flood
13353,1781100000.493758,normal
13354,1781100000.495072,normal
13355,1781100000.496282,normal
13356,1781100000.498223,normal
13357,1781100000.500351,normal
13358,1781100000.501331,normal
13359,1781100000.502515,http_flood
13360,1781100000.504298,udp_reflection
13361,1781100000.506635,syn_flood
13362,1781100000.508083,syn_flood
13363,1781100000.509991,normal
13364,1781100000.511848,syn_flood
13365,1781100000.513783,syn_flood
13366,1781100000.515316,normal
13367,1781100000.517033,normal
13368,1781100000.518955,normal
13369,1781100000.520460,normal
13370,1781100000.522985,syn_flood
13371,1781100000.524515,normal
13372,1781100000.526558,normal
13373,1781100000.527793,normal
13374,1781100000.529559,normal
13375,1781100000.531156,normal
13376,1781100000.532923,http_flood
13377,1781100000.534343,normal
13378,1781100000.535659,syn_flood
13379,1781100000.537031,normal
13380,1781100000.538867,normal
13381,1781100000.541304,normal
13382,1781100000.542849,normal
13383,1781100000.544763,syn_flood
13384,1781100000.546817,normal
13385,1781100000.548722,normal
13386,1781100000.549814,normal
13387,1781100000.551054,syn_flood
13388,1781100000.552427,normal
13389,1781100000.554264,normal
13390,1781100000.555673,http_flood
13391,1781100000.557021,syn_flood
13392,1781100000.558942,normal
13393,1781100000.560941,normal
13394,1781100000.562959,normal
13395,1781100000.565224,normal
13396,1781100000.566700,normal
13397,1781100000.568276,normal
13398,1781100000.570093,normal
13399,1781100000.572377,syn_flood
13400,1781100000.573604,normal
13401,1781100000.575343,syn_flood
13402,1781100000.577191,normal
13403,1781100000.579153,normal
13404,1781100000.580226,http_flood
13405,1781100000.582175,normal
13406,1781100000.583839,normal
13407,1781100000.585890,normal
13408,1781100000.587186,normal
13409,1781100000.588312,normal
13410,1781100000.590996,normal
13411,1781100000.592449,normal
13412,1781100000.593659,udp_reflection
13413,1781100000.595428,normal
13414,1781100000.597168,normal
13415,1781100000.598825,normal
13416,1781100000.600972,normal
13417,1781100000.602680,normal
13418,1781100000.604065,normal
13419,1781100000.605503,syn_flood
13420,1781100000.607673,http_flood
13421,1781100000.609010,normal
13422,1781100000.611100,normal
13423,1781100000.612687,udp_reflection
13424,1781100000.613944,normal
13425,1781100000.615639,normal
13426,1781100000.616959,normal
13427,1781100000.618400,normal
13428,1781100000.619943,normal
13429,1781100000.621362,normal
13430,1781100000.623178,normal
13431,1781100000.625493,normal
13432,1781100000.626863,normal
13433,1781100000.628665,udp_reflection
13434,1781100000.630688,normal
13435,1781100000.632630,normal
13436,1781100000.634179,udp_reflection
13437,1781100000.635530,normal
13438,1781100000.637220,normal
13439,1781100000.638842,normal
13440,1781100000.640227,normal
13441,1781100000.641626,normal
13442,1781100000.643774,normal
13443,1781100000.645880,normal
13444,1781100000.647703,normal
13445,1781100000.649568,normal
13446,1781100000.651182,syn_flood
13447,1781100000.653087,normal
13448,1781100000.655877,normal
13449,1781100000.657445,normal
13450,1781100000.658920,normal
13451,1781100000.661462,normal
13452,1781100000.663247,normal
13453,1781100000.664353,syn_flood
13454,1781100000.666395,normal
13455,1781100000.668154,normal
13456,1781100000.669903,syn_flood
13457,1781100000.671945,normal
13458,1781100000.673136,normal
13459,1781100000.674796,normal
13460,1781100000.676651,normal
13461,1781100000.677719,normal
13462,1781100000.679933,syn_flood
13463,1781100000.682002,syn_flood
13464,1781100000.683796,normal
13465,1781100000.685338,normal
13466,1781100000.687222,normal
13467,1781100000.689512,syn_flood
13468,1781100000.691162,normal
13469,1781100000.692569,syn_flood
13470,1781100000.694461,normal
13471,1781100000.695893,normal
13472,1781100000.697546,normal
13473,1781100000.698838,syn_flood
13474,1781100000.700809,normal
13475,1781100000.702113,syn_flood
13476,1781100000.704089,normal
13477,1781100000.705428,normal
13478,1781100000.707479,normal
13479,1781100000.709311,normal
13480,1781100000.710816,syn_flood
13481,1781100000.712915,normal
13482,1781100000.714596,normal
13483,1781100000.716753,normal
13484,1781100000.718291,normal
13485,1781100000.719683,normal
13486,1781100000.721406,normal
13487,1781100000.723523,normal
13488,1781100000.724988,normal
13489,1781100000.726420,udp_reflection
13490,1781100000.729083,normal
13491,1781100000.730397,normal
13492,1781100000.732397,normal
13493,1781100000.733670,normal
13494,1781100000.735433,normal
13495,1781100000.736763,syn_flood
13496,1781100000.738258,normal
13497,1781100000.740317,normal
13498,1781100000.741485,normal
13499,1781100000.743041,normal
13500,1781100000.744606,normal
13501,1781100000.746897,normal
13502,1781100000.748595,normal
13503,1781100000.750164,normal
13504,1781100000.751574,normal
13505,1781100000.752900,syn_flood
13506,1781100000.754479,normal
13507,1781100000.756219,normal
13508,1781100000.757659,syn_flood
13509,1781100000.759476,normal
13510,1781100000.760919,syn_flood
13511,1781100000.762108,normal
13512,1781100000.763882,normal
13513,1781100000.765461,normal
13514,1781100000.767443,normal
13515,1781100000.769448,normal
13516,1781100000.770752,normal
13517,1781100000.771904,normal
13518,1781100000.773280,normal
13519,1781100000.775148,normal
13520,1781100000.777035,normal
13521,1781100000.778143,normal
13522,1781100000.779541,normal
13523,1781100000.780845,normal
13524,1781100000.782508,normal
13525,1781100000.784197,syn_flood
13526,1781100000.785731,normal
13527,1781100000.787066,normal
13528,1781100000.789110,normal
13529,1781100000.791170,udp_reflection
13530,1781100000.793158,normal
13531,1781100000.795697,normal
13532,1781100000.796911,normal
13533,1781100000.798753,normal
13534,1781100000.800899,normal
13535,1781100000.802506,normal
13536,1781100000.805000,normal
13537,1781100000.806756,udp_reflection
13538,1781100000.808393,normal
13539,1781100000.811632,normal
13540,1781100000.812818,normal
13541,1781100000.814656,normal
13542,1781100000.815992,normal
13543,1781100000.817751,normal
13544,1781100000.819202,syn_flood
13545,1781100000.820723,normal
13546,1781100000.822176,normal
13547,1781100000.823999,normal
13548,1781100000.825347,syn_flood
13549,1781100000.827857,normal
13550,1781100000.829116,normal
13551,1781100000.830363,syn_flood
13552,1781100000.831535,http_flood
13553,1781100000.833205,normal
13554,1781100000.834777,http_flood
13555,1781100000.836487,normal
13556,1781100000.838423,udp_reflection
13557,1781100000.839908,normal
13558,1781100000.841745,normal
13559,1781100000.843392,syn_flood
13560,1781100000.845274,normal
13561,1781100000.846889,normal
13562,1781100000.848329,normal
13563,1781100000.850142,normal
13564,1781100000.851645,normal
13565,1781100000.853734,normal
13566,1781100000.855282,syn_flood
13567,1781100000.856939,syn_flood
13568,1781100000.858413,normal
13569,1781100000.859985,normal
13570,1781100000.862148,normal
13571,1781100000.863895,normal
13572,1781100000.865717,syn_flood
13573,1781100000.866857,normal
13574,1781100000.868813,normal
13575,1781100000.870107,http_flood
13576,1781100000.871620,normal
13577,1781100000.873342,normal
13578,1781100000.875226,normal
13579,1781100000.876902,normal
13580,1781100000.879080,normal
13581,1781100000.880381,normal
13582,1781100000.882349,normal
13583,1781100000.884110,normal
13584,1781100000.885464,normal
13585,1781100000.887475,syn_flood
13586,1781100000.888823,normal
13587,1781100000.890681,syn_flood
13588,1781100000.892889,normal
13589,1781100000.894833,normal
13590,1781100000.896898,normal
13591,1781100000.898390,normal
13592,1781100000.900782,normal
13593,1781100000.902200,normal
13594,1781100000.903473,normal
13595,1781100000.904851,normal
13596,1781100000.906370,normal
13597,1781100000.907679,normal
13598,1781100000.909586,normal
13599,1781100000.911012,normal
13600,1781100000.912452,normal
13601,1781100000.913950,udp_reflection
13602,1781100000.915806,normal
13603,1781100000.917546,normal
13604,1781100000.919052,syn_flood
13605,1781100000.920433,syn_flood
13606,1781100000.922092,normal
13607,1781100000.924002,syn_flood
13608,1781100000.925716,syn_flood
13609,1781100000.927034,normal
13610,1781100000.928761,normal
13611,1781100000.931432,normal
13612,1781100000.933664,normal
13613,1781100000.935640,normal
13614,1781100000.937506,normal
13615,1781100000.939550,syn_flood
13616,1781100000.941242,normal
13617,1781100000.943183,udp_reflection
13618,1781100000.944774,syn_flood
13619,1781100000.946778,normal
13620,1781100000.948839,syn_flood
13621,1781100000.950486,normal
13622,1781100000.951896,normal
13623,1781100000.953495,normal
13624,1781100000.954935,normal
13625,1781100000.956755,normal
13626,1781100000.959010,normal
13627,1781100000.960190,normal
13628,1781100000.961977,normal
13629,1781100000.963262,normal
13630,1781100000.964614,normal
13631,1781100000.966518,syn_flood
13632,1781100000.968771,normal
13633,1781100000.970672,normal
13634,1781100000.971924,normal
13635,1781100000.974005,normal
13636,1781100000.975815,normal
13637,1781100000.976764,normal
13638,1781100000.978595,normal
13639,1781100000.980983,normal
13640,1781100000.983469,normal
13641,1781100000.984943,normal
13642,1781100000.987259,normal
13643,1781100000.988852,normal
13644,1781100000.990870,syn_flood
13645,1781100000.992311,http_flood
13646,1781100000.994049,syn_flood
13647,1781100000.995675,normal
13648,1781100000.997830,syn_flood
13649,1781100000.999659,normal
13650,1781100001.001592,normal
13651,1781100001.002795,normal
13652,1781100001.004141,normal
13653,1781100001.005800,syn_flood
13654,1781100001.007210,normal
13655,1781100001.008813,normal
13656,1781100001.010403,normal
13657,1781100001.011631,normal
13658,1781100001.013600,normal
13659,1781100001.015589,normal
13660,1781100001.017490,syn_flood
13661,1781100001.018942,normal
13662,1781100001.020253,normal
13663,1781100001.021728,normal
13664,1781100001.022925,normal
13665,1781100001.024664,normal
13666,1781100001.026729,normal
13667,1781100001.028744,normal
13668,1781100001.030894,syn_flood
13669,1781100001.032534,normal
13670,1781100001.033559,normal
13671,1781100001.035004,normal
13672,1781100001.036806,normal
13673,1781100001.037848,normal
13674,1781100001.039800,normal
13675,1781100001.041294,normal
13676,1781100001.043158,normal
13677,1781100001.044662,normal
13678,1781100001.046252,normal
13679,1781100001.048664,normal
13680,1781100001.050126,normal
13681,1781100001.051695,normal
13682,1781100001.053237,normal
13683,1781100001.054713,normal
13684,1781100001.056689,normal
13685,1781100001.059104,normal
13686,1781100001.061491,normal
13687,1781100001.063628,normal
13688,1781100001.065943,normal
13689,1781100001.067724,normal
13690,1781100001.070827,udp_reflection
13691,1781100001.073203,normal
13692,1781100001.074289,normal
13693,1781100001.076916,normal
13694,1781100001.079034,normal
13695,1781100001.081284,normal
13696,1781100001.082457,syn_flood
13697,1781100001.083816,normal
13698,1781100001.085227,normal
13699,1781100001.086941,normal
13700,1781100001.088281,normal
13701,1781100001.089567,normal
13702,1781100001.090903,normal
13703,1781100001.092136,syn_flood
13704,1781100001.093870,normal
13705,1781100001.095576,normal
13706,1781100001.097131,normal
13707,1781100001.098679,normal
13708,1781100001.100143,syn_flood
13709,1781100001.102171,normal
13710,1781100001.104130,syn_flood
13711,1781100001.105725,normal
13712,1781100001.108148,normal
13713,1781100001.110006,normal
13714,1781100001.112078,normal
13715,1781100001.113761,normal
13716,1781100001.115685,normal
13717,1781100001.117591,udp_reflection
13718,1781100001.120271,normal
13719,1781100001.122164,normal
13720,1781100001.124199,syn_flood
13721,1781100001.125541,normal
13722,1781100001.127054,normal
13723,1781100001.129051,syn_flood
13724,1781100001.130107,syn_flood
13725,1781100001.131520,http_flood
13726,1781100001.133973,syn_flood
13727,1781100001.135392,normal
13728,1781100001.137606,normal
13729,1781100001.139240,syn_flood
13730,1781100001.140910,normal
13731,1781100001.142168,normal
13732,1781100001.144069,normal
13733,1781100001.145577,syn_flood
13734,1781100001.147537,syn_flood
13735,1781100001.149226,normal
13736,1781100001.150438,udp_reflection
13737,1781100001.152656,normal
13738,1781100001.155102,normal
13739,1781100001.156340,normal
13740,1781100001.158666,normal
13741,1781100001.159782,normal
13742,1781100001.161353,normal
13743,1781100001.162740,http_flood
13744,1781100001.163857,normal
13745,1781100001.165491,normal
13746,1781100001.166935,normal
13747,1781100001.168002,normal
13748,1781100001.169560,normal
13749,1781100001.170891,udp_reflection
13750,1781100001.172661,normal
13751,1781100001.174337,normal
13752,1781100001.175608,normal
13753,1781100001.177440,udp_reflection
13754,1781100001.179463,normal
13755,1781100001.181470,normal
13756,1781100001.183378,normal
13757,1781100001.185744,normal
13758,1781100001.186934,syn_flood
13759,1781100001.188476,normal
13760,1781100001.189770,udp_reflection
13761,1781100001.191153,syn_flood
13762,1781100001.192609,syn_flood
13763,1781100001.194620,http_flood
13764,1781100001.197029,normal
13765,1781100001.199431,normal
13766,1781100001.200680,normal
13767,1781100001.201632,normal
13768,1781100001.203795,normal
13769,1781100001.205903,normal
13770,1781100001.207772,normal
13771,1781100001.209308,normal
13772,1781100001.211290,normal
13773,1781100001.213384,normal
13774,1781100001.215445,normal
13775,1781100001.216846,http_flood
13776,1781100001.218480,normal
13777,1781100001.220539,normal
13778,1781100001.222067,normal
13779,1781100001.223266,normal
13780,1781100001.224826,normal
13781,1781100001.226859,http_flood
13782,1781100001.229227,normal
13783,1781100001.230407,normal
13784,1781100001.231967,normal
13785,1781100001.233207,normal
13786,1781100001.234508,normal
13787,1781100001.235854,http_flood
13788,1781100001.237783,normal
13789,1781100001.239624,udp_reflection
13790,1781100001.241251,normal
13791,1781100001.242864,normal
13792,1781100001.243974,normal
13793,1781100001.245874,normal
13794,1781100001.247566,normal
13795,1781100001.250005,normal
13796,1781100001.251041,normal
13797,1781100001.252397,normal
13798,1781100001.253768,normal
13799,1781100001.255280,syn_flood
13800,1781100001.256778,normal
13801,1781100001.258847,normal
13802,1781100001.261011,syn_flood
13803,1781100001.262563,syn_flood
13804,1781100001.264822,normal
13805,1781100001.266455,normal
13806,1781100001.268543,normal
13807,1781100001.270266,normal
13808,1781100001.271993,normal
13809,1781100001.273736,syn_flood
13810,1781100001.275504,normal
13811,1781100001.277296,normal
13812,1781100001.278728,syn_flood
13813,1781100001.280409,syn_flood
13814,1781100001.282204,normal
13815,1781100001.283625,normal
13816,1781100001.285568,normal
13817,1781100001.287295,normal
13818,1781100001.288665,syn_flood
13819,1781100001.290203,udp_reflection
13820,1781100001.292356,normal
13821,1781100001.295078,syn_flood
13822,1781100001.296439,normal
13823,1781100001.297811,normal
13824,1781100001.299156,normal
13825,1781100001.300002,normal
13826,1781100001.301919,normal
13827,1781100001.303779,normal
13828,1781100001.305360,normal
13829,1781100001.306837,normal
13830,1781100001.308723,http_flood
13831,1781100001.310087,normal
13832,1781100001.311779,syn_flood
13833,1781100001.313317,syn_flood
13834,1781100001.314544,normal
13835,1781100001.316674,udp_reflection
13836,1781100001.318351,normal
13837,1781100001.319532,normal
13838,1781100001.320842,normal
13839,1781100001.322638,syn_flood
13840,1781100001.324028,udp_reflection
13841,1781100001.325445,normal
13842,1781100001.326747,syn_flood
13843,1781100001.328289,syn_flood
13844,1781100001.330261,normal
13845,1781100001.331930,normal
13846,1781100001.333280,normal
13847,1781100001.334767,normal
13848,1781100001.336343,normal
13849,1781100001.338185,normal
13850,1781100001.339823,normal
13851,1781100001.341703,normal
13852,1781100001.343409,normal
13853,1781100001.344892,syn_flood
13854,1781100001.346407,normal
13855,1781100001.348610,normal
13856,1781100001.350260,normal
13857,1781100001.351672,normal
13858,1781100001.353978,normal
13859,1781100001.355184,normal
13860,1781100001.356914,syn_flood
13861,1781100001.358929,normal
13862,1781100001.360963,normal
13863,1781100001.363295,normal
13864,1781100001.364406,syn_flood
13865,1781100001.365514,syn_flood
13866,1781100001.367142,normal
13867,1781100001.368415,normal
13868,1781100001.369622,normal
13869,1781100001.371903,normal
13870,1781100001.373717,normal
13871,1781100001.375428,normal
13872,1781100001.377539,normal
13873,1781100001.379561,normal
13874,1781100001.381438,normal
13875,1781100001.382969,syn_flood
13876,1781100001.385062,syn_flood
13877,1781100001.387197,normal
13878,1781100001.389104,syn_flood
13879,1781100001.391659,syn_flood
13880,1781100001.393187,normal
13881,1781100001.394425,normal
13882,1781100001.396240,normal
13883,1781100001.397728,normal
13884,1781100001.399485,normal
13885,1781100001.400851,normal
13886,1781100001.402548,normal
13887,1781100001.404780,normal
13888,1781100001.406223,normal
13889,1781100001.407650,normal
13890,1781100001.410311,normal
13891,1781100001.412155,normal
13892,1781100001.413452,syn_flood
13893,1781100001.414909,normal
13894,1781100001.416441,normal
13895,1781100001.417828,normal
13896,1781100001.419666,normal
13897,1781100001.421395,normal
13898,1781100001.422661,normal
13899,1781100001.424773,syn_flood
13900,1781100001.426226,normal
13901,1781100001.428442,normal
13902,1781100001.430681,normal
13903,1781100001.432288,normal
13904,1781100001.434145,normal
13905,1781100001.435598,normal
13906,1781100001.436919,normal
13907,1781100001.438512,syn_flood
13908,1781100001.440041,normal
13909,1781100001.442189,normal
13910,1781100001.444443,normal
13911,1781100001.446364,normal
13912,1781100001.448203,normal
13913,1781100001.449933,normal
13914,1781100001.451438,syn_flood
13915,1781100001.453327,normal
13916,1781100001.455054,normal
13917,1781100001.457017,http_flood
13918,1781100001.458590,normal
13919,1781100001.459789,normal
13920,1781100001.461240,normal
13921,1781100001.462721,normal
13922,1781100001.464211,udp_reflection
13923,1781100001.465998,normal
13924,1781100001.467338,normal
13925,1781100001.469003,normal
13926,1781100001.470831,normal
13927,1781100001.472596,normal
13928,1781100001.475255,normal
13929,1781100001.476808,normal
13930,1781100001.479059,normal
13931,1781100001.481004,normal
13932,1781100001.483471,normal
13933,1781100001.485460,normal
13934,1781100001.487392,normal
13935,1781100001.490150,normal
13936,1781100001.492332,normal
13937,1781100001.493881,normal
13938,1781100001.495002,udp_reflection
13939,1781100001.496650,http_flood
13940,1781100001.499132,http_flood
13941,1781100001.500874,syn_flood
13942,1781100001.502557,normal
13943,1781100001.504731,normal
13944,1781100001.507751,normal
13945,1781100001.509682,normal
13946,1781100001.511617,http_flood
13947,1781100001.513398,syn_flood
13948,1781100001.514830,syn_flood
13949,1781100001.516943,normal
13950,1781100001.518642,normal
13951,1781100001.520541,normal
13952,1781100001.522679,normal
13953,1781100001.524090,udp_reflection
13954,1781100001.526205,normal
13955,1781100001.528343,normal
13956,1781100001.529495,normal
13957,1781100001.531557,normal
13958,1781100001.533314,normal
13959,1781100001.535007,normal
13960,1781100001.537337,http_flood
13961,1781100001.539010,syn_flood
13962,1781100001.540956,normal
13963,1781100001.542721,http_flood
13964,1781100001.544697,normal
13965,1781100001.546252,normal
13966,1781100001.547471,normal
13967,1781100001.549147,normal
13968,1781100001.550543,normal
13969,1781100001.552119,normal
13970,1781100001.554473,normal
13971,1781100001.555397,normal
13972,1781100001.556823,normal
13973,1781100001.558938,normal
13974,1781100001.560832,normal
13975,1781100001.562592,http_flood
13976,1781100001.564364,normal
13977,1781100001.565957,normal
13978,1781100001.567528,normal
13979,1781100001.568880,syn_flood
13980,1781100001.571141,normal
13981,1781100001.573039,normal
13982,1781100001.575202,normal
13983,1781100001.577036,syn_flood
13984,1781100001.578751,normal
13985,1781100001.580627,syn_flood
13986,1781100001.582098,normal
13987,1781100001.583769,normal
13988,1781100001.585065,normal
13989,1781100001.587260,syn_flood
13990,1781100001.589095,syn_flood
13991,1781100001.591031,normal
13992,1781100001.592791,syn_flood
13993,1781100001.594629,normal
13994,1781100001.596207,normal
13995,1781100001.598101,normal
13996,1781100001.599746,udp_reflection
13997,1781100001.601342,normal
13998,1781100001.603313,normal
13999,1781100001.605017,syn_flood
14000,1781100001.606966,syn_flood
14001,1781100001.609025,normal
14002,1781100001.610482,normal
14003,1781100001.612003,normal
14004,1781100001.614663,normal
14005,1781100001.616001,syn_flood
14006,1781100001.617514,normal
14007,1781100001.619453,normal
14008,1781100001.621191,normal
14009,1781100001.622691,normal
14010,1781100001.624525,syn_flood
14011,1781100001.626395,normal
14012,1781100001.628571,syn_flood
14013,1781100001.630626,syn_flood
14014,1781100001.632719,normal
14015,1781100001.634800,normal
14016,1781100001.636819,normal
14017,1781100001.638944,normal
14018,1781100001.640742,normal
14019,1781100001.642888,syn_flood
14020,1781100001.644185,syn_flood
14021,1781100001.645783,syn_flood
14022,1781100001.647037,http_flood
14023,1781100001.648550,normal
14024,1781100001.650326,normal
14025,1781100001.651953,normal
14026,1781100001.653790,syn_flood
14027,1781100001.655454,normal
14028,1781100001.657119,syn_flood
14029,1781100001.658830,http_flood
14030,1781100001.660911,normal
14031,1781100001.663089,normal
14032,1781100001.664866,normal
14033,1781100001.666396,normal
14034,1781100001.667853,syn_flood
14035,1781100001.670023,syn_flood
14036,1781100001.671466,normal
14037,1781100001.673175,normal
14038,1781100001.674781,normal
14039,1781100001.676427,normal
14040,1781100001.678497,normal
14041,1781100001.680372,normal
14042,1781100001.681890,normal
14043,1781100001.683097,normal
14044,1781100001.684542,normal
14045,1781100001.686624,normal
14046,1781100001.688250,normal
14047,1781100001.689611,syn_flood
14048,1781100001.692185,udp_reflection
14049,1781100001.694194,normal
14050,1781100001.696618,normal
14051,1781100001.698504,normal
14052,1781100001.700587,normal
14053,1781100001.701993,syn_flood
14054,1781100001.703403,normal
14055,1781100001.705942,normal
14056,1781100001.708100,normal
14057,1781100001.709846,normal
14058,1781100001.711838,normal
14059,1781100001.713829,normal
14060,1781100001.715641,normal
14061,1781100001.717923,normal
14062,1781100001.719441,syn_flood
14063,1781100001.720994,normal
14064,1781100001.722691,normal
14065,1781100001.724762,normal
14066,1781100001.726449,normal
14067,1781100001.728193,normal
14068,1781100001.730025,normal
14069,1781100001.731231,normal
14070,1781100001.733533,normal
14071,1781100001.735578,normal
14072,1781100001.736831,normal
14073,1781100001.737831,syn_flood
14074,1781100001.739961,normal
14075,1781100001.741324,normal
14076,1781100001.743531,normal
14077,1781100001.745023,normal
14078,1781100001.746593,normal
14079,1781100001.747610,normal
14080,1781100001.749307,syn_flood
14081,1781100001.750965,normal
14082,1781100001.752993,syn_flood
14083,1781100001.754154,normal
14084,1781100001.755877,syn_flood
14085,1781100001.757034,normal
14086,1781100001.758459,normal
14087,1781100001.759959,normal
14088,1781100001.761826,normal
14089,1781100001.763505,normal
14090,1781100001.764779,normal
14091,1781100001.766422,normal
14092,1781100001.768178,http_flood
14093,1781100001.769606,normal
14094,1781100001.772396,syn_flood
14095,1781100001.773550,normal
14096,1781100001.774909,normal
14097,1781100001.776362,syn_flood
14098,1781100001.778414,normal
14099,1781100001.780527,normal
14100,1781100001.782058,normal
14101,1781100001.784239,normal
14102,1781100001.785847,normal
14103,1781100001.787997,http_flood
14104,1781100001.789506,syn_flood
14105,1781100001.790979,normal
14106,1781100001.792938,syn_flood
14107,1781100001.794693,http_flood
14108,1781100001.796118,normal
14109,1781100001.797326,normal
14110,1781100001.799269,normal
14111,1781100001.800122,syn_flood
14112,1781100001.802257,normal
14113,1781100001.803820,syn_flood
14114,1781100001.805370,normal
14115,1781100001.807102,normal
14116,1781100001.808764,normal
14117,1781100001.810874,normal
14118,1781100001.812527,udp_reflection
14119,1781100001.814358,syn_flood
14120,1781100001.816558,normal
14121,1781100001.818091,normal
14122,1781100001.820516,normal
14123,1781100001.822344,udp_reflection
14124,1781100001.824615,http_flood
14125,1781100001.826399,normal
14126,1781100001.828301,syn_flood
14127,1781100001.830490,normal
14128,1781100001.832201,normal
14129,1781100001.833299,normal
14130,1781100001.835359,normal
14131,1781100001.837995,normal
14132,1781100001.839210,syn_flood
14133,1781100001.840203,normal
14134,1781100001.842295,udp_reflection
14135,1781100001.844446,syn_flood
14136,1781100001.845845,normal
14137,1781100001.847451,udp_reflection
14138,1781100001.849403,normal
14139,1781100001.850650,normal
14140,1781100001.852118,syn_flood
14141,1781100001.854433,syn_flood
14142,1781100001.856333,normal
14143,1781100001.858201,http_flood
14144,1781100001.859572,normal
14145,1781100001.861176,normal
14146,1781100001.862680,normal
14147,1781100001.864103,normal
14148,1781100001.865884,normal
14149,1781100001.868116,udp_reflection
14150,1781100001.869708,normal
14151,1781100001.871367,normal
14152,1781100001.873066,normal
14153,1781100001.874441,normal
14154,1781100001.875991,normal
14155,1781100001.877583,normal
14156,1781100001.879478,normal
14157,1781100001.881840,normal
14158,1781100001.883545,normal
14159,1781100001.885308,http_flood
14160,1781100001.887384,normal
14161,1781100001.888800,normal
14162,1781100001.890595,normal
14163,1781100001.892708,normal
14164,1781100001.895092,normal
14165,1781100001.897052,normal
14166,1781100001.899160,normal
14167,1781100001.901227,normal
14168,1781100001.902909,normal
14169,1781100001.904262,normal
14170,1781100001.906120,normal
14171,1781100001.907739,normal
14172,1781100001.909001,normal
14173,1781100001.910819,normal
14174,1781100001.912348,syn_flood
14175,1781100001.913919,normal
14176,1781100001.915590,normal
14177,1781100001.917383,normal
14178,1781100001.919401,normal
14179,1781100001.921005,normal
14180,1781100001.922631,normal
14181,1781100001.924232,normal
14182,1781100001.926308,normal
14183,1781100001.927473,normal
14184,1781100001.930167,normal
14185,1781100001.931487,normal
14186,1781100001.933469,normal
14187,1781100001.935564,normal
14188,1781100001.937153,syn_flood
14189,1781100001.938516,syn_flood
14190,1781100001.940192,normal
14191,1781100001.942213,normal
14192,1781100001.944078,normal
14193,1781100001.946060,normal
14194,1781100001.947263,normal
14195,1781100001.948621,normal
14196,1781100001.949921,normal
14197,1781100001.951917,normal
14198,1781100001.953466,normal
14199,1781100001.955320,normal
14200,1781100001.957005,normal
14201,1781100001.958244,normal
14202,1781100001.959717,http_flood
14203,1781100001.960873,normal
14204,1781100001.962775,http_flood
14205,1781100001.964151,normal
14206,1781100001.965462,normal
14207,1781100001.966962,normal
14208,1781100001.968833,normal
14209,1781100001.970529,normal
14210,1781100001.971622,normal
14211,1781100001.973634,normal
14212,1781100001.975375,syn_flood
14213,1781100001.977333,normal
14214,1781100001.978868,syn_flood
14215,1781100001.979904,normal
14216,1781100001.981152,normal
14217,1781100001.984312,normal
14218,1781100001.985991,normal
14219,1781100001.987729,normal
14220,1781100001.989594,normal
14221,1781100001.991426,normal
14222,1781100001.992973,normal
14223,1781100001.994352,normal
14224,1781100001.996031,normal
14225,1781100001.997680,normal
14226,1781100001.999619,syn_flood
14227,1781100002.002238,normal
14228,1781100002.003650,normal
14229,1781100002.005090,normal
14230,1781100002.006778,normal
14231,1781100002.008423,normal
14232,1781100002.009770,udp_reflection
14233,1781100002.011451,normal
14234,1781100002.012650,normal
14235,1781100002.014049,normal
14236,1781100002.015331,normal
14237,1781100002.016827,normal
14238,1781100002.018533,syn_flood
14239,1781100002.019981,normal
14240,1781100002.021902,normal
14241,1781100002.023405,normal
14242,1781100002.025045,normal
14243,1781100002.027165,normal
14244,1781100002.029533,normal
14245,1781100002.031343,udp_reflection
14246,1781100002.032401,syn_flood
14247,1781100002.034003,normal
14248,1781100002.035520,normal
14249,1781100002.038140,syn_flood
14250,1781100002.039469,normal
14251,1781100002.041547,syn_flood
14252,1781100002.043830,normal
14253,1781100002.045206,normal
14254,1781100002.046762,normal
14255,1781100002.047896,normal
14256,1781100002.050162,normal
14257,1781100002.051804,normal
14258,1781100002.053561,normal
14259,1781100002.055531,normal
14260,1781100002.057095,syn_flood
14261,1781100002.058768,normal
14262,1781100002.060920,normal
14263,1781100002.062618,normal
14264,1781100002.064422,http_flood
14265,1781100002.066610,normal
14266,1781100002.068228,normal
14267,1781100002.069793,normal
14268,1781100002.071635,syn_flood
14269,1781100002.073254,normal
14270,1781100002.075437,normal
14271,1781100002.077255,normal
14272,1781100002.079294,normal
14273,1781100002.080935,syn_flood
14274,1781100002.082145,normal
14275,1781100002.083845,normal
14276,1781100002.085325,normal
14277,1781100002.087448,normal
14278,1781100002.089830,normal
14279,1781100002.091775,normal
14280,1781100002.093219,normal
14281,1781100002.094600,normal
14282,1781100002.095983,normal
14283,1781100002.097410,normal
14284,1781100002.098747,syn_flood
14285,1781100002.101121,normal
14286,1781100002.102286,normal
14287,1781100002.104583,normal
14288,1781100002.106181,normal
14289,1781100002.108146,normal
14290,1781100002.109979,normal
14291,1781100002.111681,normal
14292,1781100002.113674,normal
14293,1781100002.115145,normal
14294,1781100002.117268,syn_flood
14295,1781100002.119360,normal
14296,1781100002.120879,syn_flood
14297,1781100002.122185,normal
14298,1781100002.123535,normal
14299,1781100002.124995,normal
14300,1781100002.126150,normal
14301,1781100002.127868,normal
14302,1781100002.129809,normal
14303,1781100002.131894,normal
14304,1781100002.133858,syn_flood
14305,1781100002.135770,normal
14306,1781100002.137858,normal
14307,1781100002.139443,normal
14308,1781100002.140929,normal
14309,1781100002.142732,normal
14310,1781100002.143861,normal
14311,1781100002.146055,normal
14312,1781100002.147669,normal
14313,1781100002.149697,normal
14314,1781100002.151311,normal
14315,1781100002.153047,syn_flood
14316,1781100002.154546,normal
14317,1781100002.156460,normal
14318,1781100002.158365,normal
14319,1781100002.160496,normal
14320,1781100002.162103,normal
14321,1781100002.163461,normal
14322,1781100002.165405,normal
14323,1781100002.166585,normal
14324,1781100002.168231,normal
14325,1781100002.170084,normal
14326,1781100002.171855,normal
14327,1781100002.173852,normal
14328,1781100002.175822,normal
14329,1781100002.177544,normal
14330,1781100002.179404,normal
14331,1781100002.180961,normal
14332,1781100002.182842,normal
14333,1781100002.184287,normal
14334,1781100002.185745,normal
14335,1781100002.187447,normal
14336,1781100002.189261,normal
14337,1781100002.191555,normal
14338,1781100002.193481,normal
14339,1781100002.194792,normal
14340,1781100002.196621,normal
14341,1781100002.198400,normal
14342,1781100002.199929,syn_flood
14343,1781100002.201642,normal
14344,1781100002.203237,normal
14345,1781100002.204928,http_flood
14346,1781100002.206608,normal
14347,1781100002.208661,normal
14348,1781100002.209957,syn_flood
14349,1781100002.211698,normal
14350,1781100002.213169,normal
14351,1781100002.214194,normal
14352,1781100002.215521,normal
14353,1781100002.217255,http_flood
14354,1781100002.219341,syn_flood
14355,1781100002.221888,normal
14356,1781100002.224226,normal
14357,1781100002.225743,normal
14358,1781100002.227468,normal
14359,1781100002.228985,normal
14360,1781100002.230254,http_flood
14361,1781100002.231655,syn_flood
14362,1781100002.233657,syn_flood
14363,1781100002.235761,normal
14364,1781100002.237310,normal
14365,1781100002.238987,normal
14366,1781100002.240462,normal
14367,1781100002.242305,normal
14368,1781100002.244159,normal
14369,1781100002.246167,normal
14370,1781100002.248168,normal
14371,1781100002.249858,normal
14372,1781100002.251235,normal
14373,1781100002.253273,normal
14374,1781100002.254704,normal
14375,1781100002.256535,normal
14376,1781100002.258387,normal
14377,1781100002.259767,normal
14378,1781100002.261732,normal
14379,1781100002.263735,syn_flood
14380,1781100002.265372,normal
14381,1781100002.267009,normal
14382,1781100002.268202,normal
14383,1781100002.269421,normal
14384,1781100002.271523,normal
14385,1781100002.273311,normal
14386,1781100002.275475,normal
14387,1781100002.277144,normal
14388,1781100002.278519,normal
14389,1781100002.280948,syn_flood
14390,1781100002.282256,http_flood
14391,1781100002.285128,normal
14392,1781100002.286713,normal
14393,1781100002.288208,normal
14394,1781100002.289965,normal
14395,1781100002.291572,syn_flood
14396,1781100002.292895,normal
14397,1781100002.294383,normal
14398,1781100002.295707,normal
14399,1781100002.296733,normal
14400,1781100002.298256,normal
14401,1781100002.300260,normal
14402,1781100002.302717,normal
14403,1781100002.303926,syn_flood
14404,1781100002.305558,http_flood
14405,1781100002.307127,normal
14406,1781100002.308627,syn_flood
14407,1781100002.310468,udp_reflection
14408,1781100002.313013,syn_flood
14409,1781100002.314209,normal
14410,1781100002.316148,normal
14411,1781100002.317528,syn_flood
14412,1781100002.319532,normal
14413,1781100002.321573,normal
14414,1781100002.322703,normal
14415,1781100002.324561,normal
14416,1781100002.326465,normal
14417,1781100002.328432,normal
14418,1781100002.329662,normal
14419,1781100002.331134,syn_flood
14420,1781100002.332977,syn_flood
14421,1781100002.334673,syn_flood
14422,1781100002.336236,normal
14423,1781100002.338270,normal
14424,1781100002.340376,normal
14425,1781100002.341994,normal
14426,1781100002.343796,normal
14427,1781100002.346166,syn_flood
14428,1781100002.347590,normal
14429,1781100002.349823,normal
14430,1781100002.351121,normal
14431,1781100002.352453,normal
14432,1781100002.354449,syn_flood
14433,1781100002.355712,syn_flood
14434,1781100002.357397,normal
14435,1781100002.359309,syn_flood
14436,1781100002.361842,syn_flood
14437,1781100002.364578,normal
14438,1781100002.366601,normal
14439,1781100002.367852,normal
14440,1781100002.368912,syn_flood
14441,1781100002.370585,syn_flood
14442,1781100002.372477,normal
14443,1781100002.374519,syn_flood
14444,1781100002.376282,syn_flood
14445,1781100002.377890,normal
14446,1781100002.379183,normal
14447,1781100002.381182,normal
14448,1781100002.383065,normal
14449,1781100002.384743,normal
14450,1781100002.386540,normal
14451,1781100002.387913,normal
14452,1781100002.389910,normal
14453,1781100002.391317,normal
14454,1781100002.392988,normal
14455,1781100002.394561,normal
14456,1781100002.395811,syn_flood
14457,1781100002.397409,normal
14458,1781100002.398984,normal
14459,1781100002.400681,http_flood
14460,1781100002.402427,http_flood
14461,1781100002.403800,syn_flood
14462,1781100002.405572,normal
14463,1781100002.407244,syn_flood
14464,1781100002.408846,normal
14465,1781100002.410291,syn_flood
14466,1781100002.412784,normal
14467,1781100002.414587,normal
14468,1781100002.415657,normal
14469,1781100002.417161,normal
14470,1781100002.419012,syn_flood
14471,1781100002.420740,normal
14472,1781100002.422071,syn_flood
14473,1781100002.424433,syn_flood
14474,1781100002.426242,normal
14475,1781100002.427892,normal
14476,1781100002.430036,normal
14477,1781100002.432093,normal
14478,1781100002.433634,normal
14479,1781100002.435596,http_flood
14480,1781100002.437618,normal
14481,1781100002.439156,syn_flood
14482,1781100002.441384,normal
14483,1781100002.443615,normal
14484,1781100002.445158,normal
