packet_index,timestamp,label
0,1781099981.531690,http_flood
1,1781099981.534613,normal
2,1781099981.536855,normal
3,1781099981.540528,normal
4,1781099981.543249,normal
5,1781099981.546507,normal
6,1781099981.548964,normal
7,1781099981.551302,normal
8,1781099981.554430,normal
9,1781099981.557608,normal
10,1781099981.559685,normal
11,1781099981.562660,normal
12,1781099981.565906,normal
13,1781099981.570076,normal
14,1781099981.573004,normal
15,1781099981.575917,normal
16,1781099981.579173,normal
17,1781099981.582138,normal
18,1781099981.584177,http_flood
19,1781099981.586895,http_flood
20,1781099981.589798,normal
21,1781099981.592372,normal
22,1781099981.594915,normal
23,1781099981.597167,http_flood
24,1781099981.600048,normal
25,1781099981.603017,normal
26,1781099981.606364,normal
27,1781099981.610671,normal
28,1781099981.613810,normal
29,1781099981.616608,normal
30,1781099981.619545,normal
31,1781099981.622066,normal
32,1781099981.625265,normal
33,1781099981.628939,normal
34,1781099981.631768,http_flood
35,1781099981.634565,normal
36,1781099981.637164,normal
37,1781099981.639956,normal
38,1781099981.641705,http_flood
39,1781099981.643858,normal
40,1781099981.647815,normal
41,1781099981.650436,normal
42,1781099981.654010,normal
43,1781099981.656413,normal
44,1781099981.660269,normal
45,1781099981.662384,normal
46,1781099981.664327,normal
47,1781099981.668212,normal
48,1781099981.670588,normal
49,1781099981.673230,normal
50,1781099981.676830,http_flood
51,1781099981.680116,normal
52,1781099981.683009,normal
53,1781099981.684917,normal
54,1781099981.687107,normal
55,1781099981.689185,normal
56,1781099981.691077,normal
57,1781099981.694035,normal
58,1781099981.696787,normal
59,1781099981.699003,normal
60,1781099981.701011,normal
61,1781099981.705045,normal
62,1781099981.707499,http_flood
63,1781099981.710685,normal
64,1781099981.713114,normal
65,1781099981.715953,normal
66,1781099981.718606,http_flood
67,1781099981.722027,normal
68,1781099981.724664,normal
69,1781099981.727407,http_flood
70,1781099981.729859,normal
71,1781099981.732870,normal
72,1781099981.736181,normal
73,1781099981.741145,normal
74,1781099981.744517,normal
75,1781099981.746978,normal
76,1781099981.749419,normal
77,1781099981.753260,normal
78,1781099981.756955,normal
79,1781099981.760424,normal
80,1781099981.763733,normal
81,1781099981.766308,normal
82,1781099981.768176,normal
83,1781099981.770776,normal
84,1781099981.773691,normal
85,1781099981.776008,normal
86,1781099981.778126,normal
87,1781099981.782144,normal
88,1781099981.784910,normal
89,1781099981.786932,normal
90,1781099981.789358,normal
91,1781099981.792022,normal
92,1781099981.794707,normal
93,1781099981.797875,normal
94,1781099981.801232,normal
95,1781099981.803121,normal
96,1781099981.805561,normal
97,1781099981.808953,normal
98,1781099981.812161,normal
99,1781099981.815362,normal
100,1781099981.818604,normal
101,1781099981.821154,normal
102,1781099981.824254,normal
103,1781099981.827044,normal
104,1781099981.829688,normal
105,1781099981.832508,normal
106,1781099981.834761,http_flood
107,1781099981.836695,normal
108,1781099981.839652,normal
109,1781099981.842601,http_flood
110,1781099981.845693,normal
111,1781099981.848561,normal
112,1781099981.851299,normal
113,1781099981.853362,normal
114,1781099981.855428,normal
115,1781099981.859627,normal
116,1781099981.861707,normal
117,1781099981.865113,normal
118,1781099981.867855,http_flood
119,1781099981.871064,normal
120,1781099981.874533,http_flood
121,1781099981.877256,http_flood
122,1781099981.879475,normal
123,1781099981.883542,normal
124,1781099981.886474,normal
125,1781099981.889408,normal
126,1781099981.891559,normal
127,1781099981.893576,normal
128,1781099981.895928,normal
129,1781099981.900316,normal
130,1781099981.903922,normal
131,1781099981.907021,http_flood
132,1781099981.909108,normal
133,1781099981.911423,normal
134,1781099981.915160,normal
135,1781099981.919069,normal
136,1781099981.922201,normal
137,1781099981.925364,normal
138,1781099981.927317,normal
139,1781099981.928932,normal
140,1781099981.931297,normal
141,1781099981.933921,normal
142,1781099981.936956,normal
143,1781099981.938923,normal
144,1781099981.941811,normal
145,1781099981.944136,normal
146,1781099981.946831,normal
147,1781099981.949090,normal
148,1781099981.953858,normal
149,1781099981.956846,normal
150,1781099981.959603,http_flood
151,1781099981.961928,normal
152,1781099981.965244,normal
153,1781099981.967840,http_flood
154,1781099981.971296,normal
155,1781099981.974836,normal
156,1781099981.978318,normal
157,1781099981.980249,normal
158,1781099981.983831,http_flood
159,1781099981.986969,normal
160,1781099981.991375,normal
161,1781099981.994090,normal
162,1781099981.997015,http_flood
163,1781099981.999616,normal
164,1781099982.002131,http_flood
165,1781099982.004956,normal
166,1781099982.008863,normal
167,1781099982.011741,normal
168,1781099982.014406,normal
169,1781099982.017320,http_flood
170,1781099982.020279,http_flood
171,1781099982.021895,normal
172,1781099982.025359,http_flood
173,1781099982.027600,normal
174,1781099982.030502,normal
175,1781099982.034697,normal
176,1781099982.037336,normal
177,1781099982.039603,normal
178,1781099982.041635,normal
179,1781099982.044316,normal
180,1781099982.046923,normal
181,1781099982.049699,http_flood
182,1781099982.051969,normal
183,1781099982.053579,normal
184,1781099982.055904,normal
185,1781099982.058351,normal
186,1781099982.062194,http_flood
187,1781099982.063692,normal
188,1781099982.066552,normal
189,1781099982.069584,normal
190,1781099982.072577,normal
191,1781099982.075040,normal
192,1781099982.077235,normal
193,1781099982.079910,normal
194,1781099982.082528,normal
195,1781099982.086055,normal
196,1781099982.088852,normal
197,1781099982.091852,http_flood
198,1781099982.094663,normal
199,1781099982.096697,normal
200,1781099982.099215,normal
201,1781099982.103288,normal
202,1781099982.104925,normal
203,1781099982.107695,http_flood
204,1781099982.109930,normal
205,1781099982.112416,normal
206,1781099982.114944,normal
207,1781099982.117560,normal
208,1781099982.119608,normal
209,1781099982.123520,http_flood
210,1781099982.126263,normal
211,1781099982.128112,normal
212,1781099982.130022,normal
213,1781099982.133557,http_flood
214,1781099982.136175,normal
215,1781099982.138030,normal
216,1781099982.140661,normal
217,1781099982.143563,normal
218,1781099982.146079,normal
219,1781099982.149163,normal
220,1781099982.153095,normal
221,1781099982.155480,normal
222,1781099982.158120,normal
223,1781099982.159836,normal
224,1781099982.162847,normal
225,1781099982.167252,normal
226,1781099982.169588,normal
227,1781099982.172937,normal
228,1781099982.176658,normal
229,1781099982.180293,normal
230,1781099982.182896,normal
231,1781099982.185215,normal
232,1781099982.188292,normal
233,1781099982.190288,normal
234,1781099982.192773,normal
235,1781099982.196052,normal
236,1781099982.199433,normal
237,1781099982.202121,http_flood
238,1781099982.204322,normal
239,1781099982.207154,normal
240,1781099982.209757,normal
241,1781099982.212509,normal
242,1781099982.216309,normal
243,1781099982.220292,normal
244,1781099982.222862,http_flood
245,1781099982.225037,normal
246,1781099982.226746,normal
247,1781099982.229001,normal
248,1781099982.231281,normal
249,1781099982.234205,normal
250,1781099982.238020,normal
251,1781099982.240009,normal
252,1781099982.242297,normal
253,1781099982.245731,http_flood
254,1781099982.249240,normal
255,1781099982.251010,normal
256,1781099982.254073,normal
257,1781099982.256111,normal
258,1781099982.257879,normal
259,1781099982.259763,normal
260,1781099982.262164,normal
261,1781099982.264720,normal
262,1781099982.266682,normal
263,1781099982.268631,normal
264,1781099982.271450,http_flood
265,1781099982.273549,normal
266,1781099982.275592,normal
267,1781099982.278269,normal
268,1781099982.280367,normal
269,1781099982.283525,normal
270,1781099982.286288,normal
271,1781099982.288173,normal
272,1781099982.290842,normal
273,1781099982.292446,normal
274,1781099982.295020,normal
275,1781099982.297113,normal
276,1781099982.299709,normal
277,1781099982.301487,normal
278,1781099982.304257,normal
279,1781099982.306487,normal
280,1781099982.310073,normal
281,1781099982.313428,normal
282,1781099982.317367,normal
283,1781099982.320393,normal
284,1781099982.323161,normal
285,1781099982.325176,normal
286,1781099982.327186,normal
287,1781099982.330518,http_flood
288,1781099982.332426,http_flood
289,1781099982.334771,normal
290,1781099982.337661,normal
291,1781099982.339914,normal
292,1781099982.342853,normal
293,1781099982.344892,normal
294,1781099982.347860,http_flood
295,1781099982.350422,normal
296,1781099982.352961,normal
297,1781099982.355014,normal
298,1781099982.356940,normal
299,1781099982.358968,normal
300,1781099982.361646,normal
301,1781099982.364271,normal
302,1781099982.366375,normal
303,1781099982.368010,normal
304,1781099982.370546,normal
305,1781099982.373521,normal
306,1781099982.375979,normal
307,1781099982.378406,http_flood
308,1781099982.379977,normal
309,1781099982.382095,normal
310,1781099982.384342,http_flood
311,1781099982.387281,normal
312,1781099982.389164,normal
313,1781099982.391330,normal
314,1781099982.393420,normal
315,1781099982.395758,http_flood
316,1781099982.398293,normal
317,1781099982.401768,normal
318,1781099982.404336,normal
319,1781099982.407062,normal
320,1781099982.409489,normal
321,1781099982.412111,normal
322,1781099982.414557,normal
323,1781099982.416951,normal
324,1781099982.419166,normal
325,1781099982.422549,normal
326,1781099982.424443,normal
327,1781099982.426918,normal
328,1781099982.429961,http_flood
329,1781099982.431485,normal
330,1781099982.434092,normal
331,1781099982.436862,normal
332,1781099982.439065,http_flood
333,1781099982.442151,normal
334,1781099982.444284,normal
335,1781099982.446670,normal
336,1781099982.448947,normal
337,1781099982.451123,normal
338,1781099982.453348,normal
339,1781099982.455545,normal
340,1781099982.458718,normal
341,1781099982.461007,normal
342,1781099982.462868,normal
343,1781099982.465693,normal
344,1781099982.468779,http_flood
345,1781099982.471823,normal
346,1781099982.474723,normal
347,1781099982.476060,http_flood
348,1781099982.478999,normal
349,1781099982.480617,normal
350,1781099982.483704,http_flood
351,1781099982.487058,normal
352,1781099982.490776,http_flood
353,1781099982.493585,http_flood
354,1781099982.497511,normal
355,1781099982.500314,normal
356,1781099982.502461,normal
357,1781099982.504119,http_flood
358,1781099982.506534,normal
359,1781099982.509217,normal
360,1781099982.511043,normal
361,1781099982.513402,normal
362,1781099982.515034,normal
363,1781099982.517133,normal
364,1781099982.519576,normal
365,1781099982.522460,normal
366,1781099982.524127,normal
367,1781099982.526185,normal
368,1781099982.527854,normal
369,1781099982.530018,normal
370,1781099982.533780,normal
371,1781099982.535917,normal
372,1781099982.538717,normal
373,1781099982.541581,http_flood
374,1781099982.543052,normal
375,1781099982.545105,normal
376,1781099982.547150,normal
377,1781099982.549715,normal
378,1781099982.552323,normal
379,1781099982.554419,http_flood
380,1781099982.557289,http_flood
381,1781099982.559942,normal
382,1781099982.561958,normal
383,1781099982.564078,http_flood
384,1781099982.566669,http_flood
385,1781099982.568320,normal
386,1781099982.569832,normal
387,1781099982.572589,http_flood
388,1781099982.574359,normal
389,1781099982.576421,normal
390,1781099982.579459,normal
391,1781099982.581129,http_flood
392,1781099982.583684,normal
393,1781099982.586642,normal
394,1781099982.589569,normal
395,1781099982.591902,normal
396,1781099982.593958,normal
397,1781099982.596222,normal
398,1781099982.598850,normal
399,1781099982.600461,normal
400,1781099982.603318,http_flood
401,1781099982.605376,normal
402,1781099982.607750,normal
403,1781099982.610321,normal
404,1781099982.612493,http_flood
405,1781099982.614938,http_flood
406,1781099982.617339,normal
407,1781099982.619254,normal
408,1781099982.621701,normal
409,1781099982.623909,normal
410,1781099982.626908,normal
411,1781099982.630199,http_flood
412,1781099982.633454,http_flood
413,1781099982.634790,normal
414,1781099982.636486,normal
415,1781099982.638114,normal
416,1781099982.640266,normal
417,1781099982.642487,normal
418,1781099982.644924,normal
419,1781099982.647997,normal
420,1781099982.651005,normal
421,1781099982.653689,normal
422,1781099982.656132,normal
423,1781099982.658165,normal
424,1781099982.661628,http_flood
425,1781099982.663891,normal
426,1781099982.666408,normal
427,1781099982.669623,normal
428,1781099982.671867,http_flood
429,1781099982.674102,http_flood
430,1781099982.677857,normal
431,1781099982.680133,normal
432,1781099982.682389,http_flood
433,1781099982.683988,http_flood
434,1781099982.686524,normal
435,1781099982.688809,normal
436,1781099982.690420,normal
437,1781099982.692631,normal
438,1781099982.694929,http_flood
439,1781099982.697226,http_flood
440,1781099982.700372,normal
441,1781099982.702953,normal
442,1781099982.705175,normal
443,1781099982.707344,normal
444,1781099982.710388,normal
445,1781099982.713012,normal
446,1781099982.714749,normal
447,1781099982.717704,http_flood
448,1781099982.719922,normal
449,1781099982.722935,normal
450,1781099982.725285,normal
451,1781099982.727437,http_flood
452,1781099982.729874,normal
453,1781099982.731171,normal
454,1781099982.733381,http_flood
455,1781099982.735173,normal
456,1781099982.737400,normal
457,1781099982.739818,normal
458,1781099982.742064,normal
459,1781099982.745787,normal
460,1781099982.747304,http_flood
461,1781099982.749652,normal
462,1781099982.751289,normal
463,1781099982.753228,normal
464,1781099982.755649,normal
465,1781099982.757393,normal
466,1781099982.759644,normal
467,1781099982.761910,normal
468,1781099982.764840,normal
469,1781099982.767687,normal
470,1781099982.770181,normal
471,1781099982.772297,normal
472,1781099982.774346,normal
473,1781099982.775870,http_flood
474,1781099982.777971,normal
475,1781099982.779702,normal
476,1781099982.781360,http_flood
477,1781099982.782999,normal
478,1781099982.784838,normal
479,1781099982.787910,normal
480,1781099982.789618,http_flood
481,1781099982.791627,normal
482,1781099982.795093,normal
483,1781099982.797763,normal
484,1781099982.801362,normal
485,1781099982.804023,http_flood
486,1781099982.806496,normal
487,1781099982.809050,http_flood
488,1781099982.810893,normal
489,1781099982.812913,http_flood
490,1781099982.814828,http_flood
491,1781099982.816924,http_flood
492,1781099982.819077,normal
493,1781099982.821319,normal
494,1781099982.823309,normal
495,1781099982.825727,normal
496,1781099982.828335,normal
497,1781099982.830425,normal
498,1781099982.833763,normal
499,1781099982.835155,http_flood
500,1781099982.838697,normal
501,1781099982.841547,normal
502,1781099982.843656,normal
503,1781099982.845607,normal
504,1781099982.847605,normal
505,1781099982.849723,normal
506,1781099982.851723,http_flood
507,1781099982.853958,normal
508,1781099982.856323,normal
509,1781099982.858775,http_flood
510,1781099982.861880,normal
511,1781099982.864928,http_flood
512,1781099982.867142,normal
513,1781099982.869368,normal
514,1781099982.871147,normal
515,1781099982.873610,normal
516,1781099982.875164,normal
517,1781099982.877260,normal
518,1781099982.879675,normal
519,1781099982.882150,normal
520,1781099982.884274,normal
521,1781099982.886271,normal
522,1781099982.888358,normal
523,1781099982.891077,http_flood
524,1781099982.894032,normal
525,1781099982.895815,normal
526,1781099982.897455,http_flood
527,1781099982.899968,normal
528,1781099982.902106,normal
529,1781099982.903737,normal
530,1781099982.906452,normal
531,1781099982.908709,normal
532,1781099982.910186,normal
533,1781099982.912674,normal
534,1781099982.915610,normal
535,1781099982.917657,normal
536,1781099982.920222,normal
537,1781099982.923310,normal
538,1781099982.925883,http_flood
539,1781099982.928189,normal
540,1781099982.930150,normal
541,1781099982.932405,http_flood
542,1781099982.934137,http_flood
543,1781099982.937069,http_flood
544,1781099982.939345,normal
545,1781099982.941479,http_flood
546,1781099982.943658,normal
547,1781099982.945949,normal
548,1781099982.948420,http_flood
549,1781099982.949555,normal
550,1781099982.951564,normal
551,1781099982.953192,normal
552,1781099982.955771,http_flood
553,1781099982.958151,normal
554,1781099982.961141,http_flood
555,1781099982.963606,normal
556,1781099982.965544,normal
557,1781099982.967911,normal
558,1781099982.969698,normal
559,1781099982.971629,http_flood
560,1781099982.973085,normal
561,1781099982.975264,normal
562,1781099982.977900,normal
563,1781099982.979897,normal
564,1781099982.981834,normal
565,1781099982.983788,http_flood
566,1781099982.986222,normal
567,1781099982.987462,normal
568,1781099982.990628,http_flood
569,1781099982.993793,normal
570,1781099982.996899,normal
571,1781099982.999386,normal
572,1781099983.001220,normal
573,1781099983.004132,normal
574,1781099983.005934,normal
575,1781099983.008435,normal
576,1781099983.011238,http_flood
577,1781099983.014251,normal
578,1781099983.015964,normal
579,1781099983.018953,http_flood
580,1781099983.021619,normal
581,1781099983.024005,http_flood
582,1781099983.026895,normal
583,1781099983.028990,http_flood
584,1781099983.031462,http_flood
585,1781099983.033211,http_flood
586,1781099983.034953,normal
587,1781099983.037188,normal
588,1781099983.039268,normal
589,1781099983.041708,http_flood
590,1781099983.044122,http_flood
591,1781099983.046341,normal
592,1781099983.048251,normal
593,1781099983.050226,normal
594,1781099983.053396,normal
595,1781099983.054846,http_flood
596,1781099983.057577,normal
597,1781099983.060175,normal
598,1781099983.062016,normal
599,1781099983.063973,http_flood
600,1781099983.067389,normal
601,1781099983.069629,http_flood
602,1781099983.072677,normal
603,1781099983.075194,http_flood
604,1781099983.077215,normal
605,1781099983.079129,normal
606,1781099983.081790,normal
607,1781099983.083747,normal
608,1781099983.086705,http_flood
609,1781099983.088652,http_flood
610,1781099983.090274,http_flood
611,1781099983.093116,normal
612,1781099983.094536,normal
613,1781099983.096443,normal
614,1781099983.098303,normal
615,1781099983.100577,http_flood
616,1781099983.102280,normal
617,1781099983.104268,normal
618,1781099983.106011,normal
619,1781099983.108742,normal
620,1781099983.111562,normal
621,1781099983.113720,http_flood
622,1781099983.115742,normal
623,1781099983.118631,normal
624,1781099983.120877,normal
625,1781099983.124167,normal
626,1781099983.125732,http_flood
627,1781099983.128541,normal
628,1781099983.131683,normal
629,1781099983.133347,http_flood
630,1781099983.135165,http_flood
631,1781099983.137204,http_flood
632,1781099983.139772,http_flood
633,1781099983.141918,normal
634,1781099983.143425,normal
635,1781099983.144937,normal
636,1781099983.146786,http_flood
637,1781099983.149878,normal
638,1781099983.151530,normal
639,1781099983.153804,normal
640,1781099983.156144,normal
641,1781099983.157696,normal
642,1781099983.159559,normal
643,1781099983.161420,http_flood
644,1781099983.162910,normal
645,1781099983.164818,http_flood
646,1781099983.167738,normal
647,1781099983.170166,normal
648,1781099983.173074,http_flood
649,1781099983.175860,normal
650,1781099983.178747,normal
651,1781099983.181092,normal
652,1781099983.182570,normal
653,1781099983.184440,normal
654,1781099983.186305,normal
655,1781099983.188488,normal
656,1781099983.190873,normal
657,1781099983.193999,http_flood
658,1781099983.196183,http_flood
659,1781099983.198618,http_flood
660,1781099983.201879,normal
661,1781099983.204775,http_flood
662,1781099983.207726,http_flood
663,1781099983.210786,http_flood
664,1781099983.213287,normal
665,1781099983.215041,normal
666,1781099983.217056,http_flood
667,1781099983.220049,normal
668,1781099983.222741,normal
669,1781099983.224880,normal
670,1781099983.226592,normal
671,1781099983.227974,normal
672,1781099983.229928,normal
673,1781099983.231431,http_flood
674,1781099983.233389,normal
675,1781099983.235138,normal
676,1781099983.237819,normal
677,1781099983.239323,normal
678,1781099983.241023,normal
679,1781099983.243387,normal
680,1781099983.244885,normal
681,1781099983.246719,http_flood
682,1781099983.249576,normal
683,1781099983.251893,normal
684,1781099983.253886,http_flood
685,1781099983.255481,normal
686,1781099983.257492,normal
687,1781099983.259789,normal
688,1781099983.261644,http_flood
689,1781099983.263565,normal
690,1781099983.265712,http_flood
691,1781099983.268239,http_flood
692,1781099983.270559,normal
693,1781099983.272486,normal
694,1781099983.275561,normal
695,1781099983.278261,normal
696,1781099983.280118,normal
697,1781099983.281721,http_flood
698,1781099983.284002,normal
699,1781099983.285720,http_flood
700,1781099983.287118,http_flood
701,1781099983.289445,normal
702,1781099983.291367,normal
703,1781099983.293227,normal
704,1781099983.294913,normal
705,1781099983.296147,normal
706,1781099983.297779,normal
707,1781099983.299553,normal
708,1781099983.301103,normal
709,1781099983.303843,normal
710,1781099983.306429,http_flood
711,1781099983.307920,normal
712,1781099983.309989,normal
713,1781099983.312615,normal
714,1781099983.315222,http_flood
715,1781099983.317040,normal
716,1781099983.318681,http_flood
717,1781099983.320887,http_flood
718,1781099983.322822,normal
719,1781099983.324872,http_flood
720,1781099983.326594,normal
721,1781099983.328715,normal
722,1781099983.330686,normal
723,1781099983.332659,normal
724,1781099983.334496,normal
725,1781099983.336389,normal
726,1781099983.338193,normal
727,1781099983.339724,http_flood
728,1781099983.341937,normal
729,1781099983.344169,normal
730,1781099983.345781,normal
731,1781099983.348028,http_flood
732,1781099983.349937,http_flood
733,1781099983.351396,http_flood
734,1781099983.353340,normal
735,1781099983.355261,http_flood
736,1781099983.357678,normal
737,1781099983.360824,normal
738,1781099983.362252,http_flood
739,1781099983.364583,normal
740,1781099983.366998,normal
741,1781099983.368952,normal
742,1781099983.370776,http_flood
743,1781099983.373813,normal
744,1781099983.376214,normal
745,1781099983.378391,normal
746,1781099983.381094,http_flood
747,1781099983.382641,normal
748,1781099983.384018,normal
749,1781099983.385859,http_flood
750,1781099983.387402,normal
751,1781099983.389362,normal
752,1781099983.391998,normal
753,1781099983.394402,normal
754,1781099983.396317,normal
755,1781099983.398000,normal
756,1781099983.399939,http_flood
757,1781099983.401502,normal
758,1781099983.403986,normal
759,1781099983.406074,normal
760,1781099983.408057,http_flood
761,1781099983.409918,normal
762,1781099983.412116,http_flood
763,1781099983.414284,normal
764,1781099983.416131,normal
765,1781099983.417973,normal
766,1781099983.419775,normal
767,1781099983.421857,http_flood
768,1781099983.424746,normal
769,1781099983.426570,normal
770,1781099983.429594,normal
771,1781099983.431907,normal
772,1781099983.433906,normal
773,1781099983.436196,normal
774,1781099983.438450,http_flood
775,1781099983.440284,normal
776,1781099983.441662,http_flood
777,1781099983.443757,normal
778,1781099983.445815,normal
779,1781099983.447998,normal
780,1781099983.449654,normal
781,1781099983.451475,http_flood
782,1781099983.453498,normal
783,1781099983.455543,http_flood
784,1781099983.457203,normal
785,1781099983.459026,normal
786,1781099983.460446,http_flood
787,1781099983.462516,http_flood
788,1781099983.465458,http_flood
789,1781099983.466899,http_flood
790,1781099983.468951,normal
791,1781099983.470538,http_flood
792,1781099983.472703,http_flood
793,1781099983.474883,normal
794,1781099983.476619,normal
795,1781099983.478334,normal
796,1781099983.480002,http_flood
797,1781099983.482052,normal
798,1781099983.484172,normal
799,1781099983.486499,normal
800,1781099983.489079,http_flood
801,1781099983.491557,http_flood
802,1781099983.493526,normal
803,1781099983.496401,normal
804,1781099983.497968,normal
805,1781099983.500254,normal
806,1781099983.502178,normal
807,1781099983.503574,normal
808,1781099983.505536,normal
809,1781099983.508128,normal
810,1781099983.510636,normal
811,1781099983.512777,normal
812,1781099983.514733,normal
813,1781099983.517911,normal
814,1781099983.519513,normal
815,1781099983.521741,http_flood
816,1781099983.524255,normal
817,1781099983.526334,normal
818,1781099983.528128,http_flood
819,1781099983.529721,normal
820,1781099983.531499,normal
821,1781099983.533947,normal
822,1781099983.535779,normal
823,1781099983.537439,normal
824,1781099983.539653,http_flood
825,1781099983.541635,normal
826,1781099983.543189,normal
827,1781099983.545687,http_flood
828,1781099983.548231,normal
829,1781099983.550553,http_flood
830,1781099983.552966,http_flood
831,1781099983.555147,normal
832,1781099983.556787,http_flood
833,1781099983.559114,normal
834,1781099983.560903,http_flood
835,1781099983.562470,normal
836,1781099983.563793,normal
837,1781099983.566409,http_flood
838,1781099983.568482,normal
839,1781099983.570775,normal
840,1781099983.573076,normal
841,1781099983.575773,normal
842,1781099983.577271,normal
843,1781099983.578645,normal
844,1781099983.579992,normal
845,1781099983.581220,normal
846,1781099983.583953,http_flood
847,1781099983.585485,normal
848,1781099983.587743,http_flood
849,1781099983.589647,http_flood
850,1781099983.590670,http_flood
851,1781099983.592018,http_flood
852,1781099983.594560,normal
853,1781099983.595967,normal
854,1781099983.598056,normal
855,1781099983.600092,http_flood
856,1781099983.601633,normal
857,1781099983.603426,normal
858,1781099983.605968,normal
859,1781099983.607084,normal
860,1781099983.609388,normal
861,1781099983.610796,http_flood
862,1781099983.611997,normal
863,1781099983.613273,normal
864,1781099983.615469,http_flood
865,1781099983.617899,normal
866,1781099983.619205,normal
867,1781099983.620972,normal
868,1781099983.622942,http_flood
869,1781099983.625069,normal
870,1781099983.626975,normal
871,1781099983.628471,normal
872,1781099983.630182,normal
873,1781099983.632071,normal
874,1781099983.633886,normal
875,1781099983.636534,normal
876,1781099983.639403,normal
877,1781099983.641534,normal
878,1781099983.643386,normal
879,1781099983.644911,http_flood
880,1781099983.646885,normal
881,1781099983.649029,normal
882,1781099983.651260,normal
883,1781099983.653846,normal
884,1781099983.655739,normal
885,1781099983.658075,normal
886,1781099983.659340,normal
887,1781099983.661734,http_flood
888,1781099983.663636,normal
889,1781099983.665713,http_flood
890,1781099983.667275,normal
891,1781099983.668773,normal
892,1781099983.671189,normal
893,1781099983.673900,normal
894,1781099983.675835,normal
895,1781099983.677461,http_flood
896,1781099983.678898,normal
897,1781099983.681157,http_flood
898,1781099983.682563,normal
899,1781099983.684628,normal
900,1781099983.686460,normal
901,1781099983.688351,normal
902,1781099983.690081,normal
903,1781099983.692209,normal
904,1781099983.694257,http_flood
905,1781099983.696165,normal
906,1781099983.697647,normal
907,1781099983.699350,normal
908,1781099983.702104,normal
909,1781099983.703783,normal
910,1781099983.705932,normal
911,1781099983.707650,normal
912,1781099983.709695,http_flood
913,1781099983.712435,normal
914,1781099983.714504,normal
915,1781099983.715963,normal
916,1781099983.718939,normal
917,1781099983.720900,normal
918,1781099983.722313,normal
919,1781099983.724314,normal
920,1781099983.726378,http_flood
921,1781099983.728233,normal
922,1781099983.730144,http_flood
923,1781099983.731373,normal
924,1781099983.734077,http_flood
925,1781099983.736143,normal
926,1781099983.737762,http_flood
927,1781099983.739227,normal
928,1781099983.740926,normal
929,1781099983.742283,normal
930,1781099983.743739,http_flood
931,1781099983.745494,http_flood
932,1781099983.747008,normal
933,1781099983.748446,normal
934,1781099983.749998,normal
935,1781099983.751739,normal
936,1781099983.753825,normal
937,1781099983.755520,normal
938,1781099983.757614,normal
939,1781099983.759525,http_flood
940,1781099983.761621,http_flood
941,1781099983.763773,http_flood
942,1781099983.765626,normal
943,1781099983.767421,normal
944,1781099983.770152,normal
945,1781099983.771652,http_flood
946,1781099983.773350,normal
947,1781099983.775626,http_flood
948,1781099983.777731,normal
949,1781099983.779395,normal
950,1781099983.781741,normal
951,1781099983.783665,normal
952,1781099983.785518,normal
953,1781099983.787246,http_flood
954,1781099983.788877,normal
955,1781099983.790809,normal
956,1781099983.792975,normal
957,1781099983.795449,normal
958,1781099983.798111,http_flood
959,1781099983.799766,normal
960,1781099983.800778,normal
961,1781099983.803214,http_flood
962,1781099983.805061,http_flood
963,1781099983.806601,normal
964,1781099983.808382,normal
965,1781099983.809782,normal
966,1781099983.811945,http_flood
967,1781099983.813614,http_flood
968,1781099983.814999,normal
969,1781099983.817392,http_flood
970,1781099983.819630,normal
971,1781099983.821639,normal
972,1781099983.823479,normal
973,1781099983.825632,normal
974,1781099983.827060,normal
975,1781099983.828687,normal
976,1781099983.830341,normal
977,1781099983.831955,normal
978,1781099983.833904,http_flood
979,1781099983.836194,http_flood
980,1781099983.838258,http_flood
981,1781099983.839636,normal
982,1781099983.841761,http_flood
983,1781099983.843332,normal
984,1781099983.845339,normal
985,1781099983.847728,http_flood
986,1781099983.849631,normal
987,1781099983.851915,normal
988,1781099983.853584,normal
989,1781099983.855632,http_flood
990,1781099983.857727,http_flood
991,1781099983.859520,normal
992,1781099983.860978,normal
993,1781099983.863489,normal
994,1781099983.864915,normal
995,1781099983.867339,http_flood
996,1781099983.869674,http_flood
997,1781099983.873105,normal
998,1781099983.874808,normal
999,1781099983.876419,normal
1000,1781099983.878358,normal
1001,1781099983.879878,normal
1002,1781099983.881636,normal
1003,1781099983.883278,normal
1004,1781099983.885180,http_flood
1005,1781099983.887062,normal
1006,1781099983.889747,normal
1007,1781099983.891227,http_flood
1008,1781099983.892952,http_flood
1009,1781099983.894521,normal
1010,1781099983.896292,normal
1011,1781099983.898928,normal
1012,1781099983.900764,normal
1013,1781099983.903438,normal
1014,1781099983.905339,normal
1015,1781099983.906734,http_flood
1016,1781099983.908010,normal
1017,1781099983.909984,http_flood
1018,1781099983.911535,normal
1019,1781099983.913181,normal
1020,1781099983.915544,http_flood
1021,1781099983.917426,normal
1022,1781099983.919267,http_flood
1023,1781099983.921120,normal
1024,1781099983.922566,http_flood
1025,1781099983.924193,http_flood
1026,1781099983.925949,normal
1027,1781099983.928796,http_flood
1028,1781099983.930648,http_flood
1029,1781099983.932157,normal
1030,1781099983.933875,normal
1031,1781099983.935348,normal
1032,1781099983.937172,normal
1033,1781099983.939612,normal
1034,1781099983.941508,normal
1035,1781099983.942772,http_flood
1036,1781099983.944839,normal
1037,1781099983.946289,normal
1038,1781099983.948177,normal
1039,1781099983.949954,http_flood
1040,1781099983.951804,normal
1041,1781099983.954509,http_flood
1042,1781099983.957532,http_flood
1043,1781099983.960460,normal
1044,1781099983.962548,normal
1045,1781099983.964550,normal
1046,1781099983.966178,normal
1047,1781099983.967587,normal
1048,1781099983.969543,normal
1049,1781099983.971802,normal
1050,1781099983.974722,normal
1051,1781099983.976654,normal
1052,1781099983.978333,normal
1053,1781099983.980021,http_flood
1054,1781099983.981270,http_flood
1055,1781099983.982854,normal
1056,1781099983.984485,normal
1057,1781099983.986511,http_flood
1058,1781099983.988014,http_flood
1059,1781099983.991184,http_flood
1060,1781099983.992658,normal
1061,1781099983.994442,normal
1062,1781099983.996526,normal
1063,1781099983.998304,normal
1064,1781099983.999802,normal
1065,1781099984.001700,http_flood
1066,1781099984.003102,normal
1067,1781099984.005246,normal
1068,1781099984.008176,normal
1069,1781099984.009696,normal
1070,1781099984.011234,normal
1071,1781099984.012772,http_flood
1072,1781099984.014291,normal
1073,1781099984.015694,normal
1074,1781099984.017856,normal
1075,1781099984.020024,http_flood
1076,1781099984.021626,http_flood
1077,1781099984.023911,normal
1078,1781099984.025418,http_flood
1079,1781099984.027587,http_flood
1080,1781099984.029301,http_flood
1081,1781099984.030739,http_flood
1082,1781099984.032447,normal
1083,1781099984.034563,normal
1084,1781099984.036448,normal
1085,1781099984.038577,normal
1086,1781099984.040470,http_flood
1087,1781099984.042521,http_flood
1088,1781099984.044194,normal
1089,1781099984.045742,http_flood
1090,1781099984.048451,normal
1091,1781099984.050998,normal
1092,1781099984.052433,normal
1093,1781099984.054247,normal
1094,1781099984.056736,normal
1095,1781099984.058362,http_flood
1096,1781099984.060319,normal
1097,1781099984.061954,http_flood
1098,1781099984.063917,normal
1099,1781099984.065619,http_flood
1100,1781099984.067601,normal
1101,1781099984.070215,normal
1102,1781099984.072178,normal
1103,1781099984.074273,normal
1104,1781099984.075367,http_flood
1105,1781099984.076643,http_flood
1106,1781099984.078404,http_flood
1107,1781099984.079696,normal
1108,1781099984.081105,normal
1109,1781099984.082765,http_flood
1110,1781099984.084221,http_flood
1111,1781099984.086340,normal
1112,1781099984.087926,http_flood
1113,1781099984.090107,http_flood
1114,1781099984.091750,http_flood
1115,1781099984.093386,http_flood
1116,1781099984.095441,http_flood
1117,1781099984.097184,normal
1118,1781099984.098428,http_flood
1119,1781099984.100234,normal
1120,1781099984.102117,http_flood
1121,1781099984.104027,normal
1122,1781099984.105225,normal
1123,1781099984.107224,normal
1124,1781099984.108577,normal
1125,1781099984.109742,normal
1126,1781099984.112254,http_flood
1127,1781099984.114942,normal
1128,1781099984.116995,http_flood
1129,1781099984.118779,http_flood
1130,1781099984.120592,http_flood
1131,1781099984.121916,http_flood
1132,1781099984.123433,normal
1133,1781099984.125529,normal
1134,1781099984.126875,normal
1135,1781099984.128337,normal
1136,1781099984.130085,normal
1137,1781099984.132002,http_flood
1138,1781099984.133343,http_flood
1139,1781099984.135533,http_flood
1140,1781099984.137006,normal
1141,1781099984.139940,normal
1142,1781099984.141124,normal
1143,1781099984.142740,normal
1144,1781099984.143994,normal
1145,1781099984.145508,normal
1146,1781099984.147347,normal
1147,1781099984.149217,http_flood
1148,1781099984.150829,normal
1149,1781099984.152378,normal
1150,1781099984.154263,http_flood
1151,1781099984.156852,http_flood
1152,1781099984.158473,http_flood
1153,1781099984.159923,http_flood
1154,1781099984.161202,http_flood
1155,1781099984.162869,normal
1156,1781099984.164501,normal
1157,1781099984.165971,normal
1158,1781099984.168508,normal
1159,1781099984.170244,http_flood
1160,1781099984.171786,normal
1161,1781099984.174434,normal
1162,1781099984.176396,normal
1163,1781099984.178367,normal
1164,1781099984.180544,http_flood
1165,1781099984.182878,http_flood
1166,1781099984.185589,http_flood
1167,1781099984.187153,normal
1168,1781099984.188642,normal
1169,1781099984.190403,normal
1170,1781099984.191821,http_flood
1171,1781099984.194494,normal
1172,1781099984.196002,normal
1173,1781099984.197410,http_flood
1174,1781099984.199619,normal
1175,1781099984.201560,http_flood
1176,1781099984.202934,normal
1177,1781099984.204756,normal
1178,1781099984.205920,http_flood
1179,1781099984.207620,normal
1180,1781099984.208620,normal
1181,1781099984.210465,http_flood
1182,1781099984.212126,http_flood
1183,1781099984.213904,normal
1184,1781099984.214984,http_flood
1185,1781099984.216900,normal
1186,1781099984.218092,normal
1187,1781099984.219377,http_flood
1188,1781099984.221024,normal
1189,1781099984.222196,http_flood
1190,1781099984.224082,normal
1191,1781099984.225657,normal
1192,1781099984.227552,http_flood
1193,1781099984.229162,normal
1194,1781099984.230593,normal
1195,1781099984.231545,http_flood
1196,1781099984.232949,http_flood
1197,1781099984.234888,http_flood
1198,1781099984.236780,http_flood
1199,1781099984.238841,http_flood
1200,1781099984.240760,http_flood
1201,1781099984.242246,normal
1202,1781099984.243800,normal
1203,1781099984.245737,normal
1204,1781099984.247658,http_flood
1205,1781099984.249432,normal
1206,1781099984.250712,http_flood
1207,1781099984.252000,http_flood
1208,1781099984.253772,normal
1209,1781099984.255195,normal
1210,1781099984.257323,normal
1211,1781099984.259129,normal
1212,1781099984.261172,http_flood
1213,1781099984.262582,normal
1214,1781099984.264552,normal
1215,1781099984.266643,http_flood
1216,1781099984.268785,http_flood
1217,1781099984.270250,normal
1218,1781099984.272655,http_flood
1219,1781099984.273947,http_flood
1220,1781099984.275294,normal
1221,1781099984.276953,http_flood
1222,1781099984.278932,http_flood
1223,1781099984.280039,normal
1224,1781099984.282137,http_flood
1225,1781099984.283880,http_flood
1226,1781099984.285489,normal
1227,1781099984.287954,normal
1228,1781099984.289625,normal
1229,1781099984.290907,http_flood
1230,1781099984.292669,http_flood
1231,1781099984.293651,normal
1232,1781099984.295366,http_flood
1233,1781099984.297029,normal
1234,1781099984.299460,normal
1235,1781099984.301188,http_flood
1236,1781099984.302901,normal
1237,1781099984.304470,normal
1238,1781099984.306398,normal
1239,1781099984.307930,normal
1240,1781099984.309289,normal
1241,1781099984.311142,http_flood
1242,1781099984.313152,normal
1243,1781099984.314383,normal
1244,1781099984.315831,http_flood
1245,1781099984.317411,http_flood
1246,1781099984.319266,http_flood
1247,1781099984.321147,normal
1248,1781099984.323038,http_flood
1249,1781099984.324227,http_flood
1250,1781099984.325975,normal
1251,1781099984.327618,normal
1252,1781099984.328995,http_flood
1253,1781099984.330645,normal
1254,1781099984.332459,http_flood
1255,1781099984.335069,http_flood
1256,1781099984.335958,normal
1257,1781099984.338766,http_flood
1258,1781099984.340346,normal
1259,1781099984.342062,http_flood
1260,1781099984.343691,normal
1261,1781099984.344898,http_flood
1262,1781099984.347215,normal
1263,1781099984.348845,http_flood
1264,1781099984.351080,normal
1265,1781099984.352484,http_flood
1266,1781099984.353732,http_flood
1267,1781099984.355170,http_flood
1268,1781099984.357112,http_flood
1269,1781099984.359346,http_flood
1270,1781099984.361096,normal
1271,1781099984.362757,normal
1272,1781099984.364057,http_flood
1273,1781099984.365672,normal
1274,1781099984.367396,normal
1275,1781099984.369092,http_flood
1276,1781099984.370228,normal
1277,1781099984.371693,normal
1278,1781099984.373617,http_flood
1279,1781099984.374925,normal
1280,1781099984.376515,normal
1281,1781099984.377722,normal
1282,1781099984.379603,normal
1283,1781099984.381237,normal
1284,1781099984.382611,normal
1285,1781099984.384669,http_flood
1286,1781099984.386498,http_flood
1287,1781099984.387819,http_flood
1288,1781099984.389380,normal
1289,1781099984.390573,normal
1290,1781099984.391690,http_flood
1291,1781099984.393573,normal
1292,1781099984.395647,normal
1293,1781099984.397352,normal
1294,1781099984.398709,normal
1295,1781099984.400215,normal
1296,1781099984.402140,http_flood
1297,1781099984.403353,normal
1298,1781099984.404546,http_flood
1299,1781099984.406630,normal
1300,1781099984.408539,http_flood
1301,1781099984.409794,normal
1302,1781099984.411379,http_flood
1303,1781099984.413264,normal
1304,1781099984.414606,normal
1305,1781099984.416636,normal
1306,1781099984.418203,http_flood
1307,1781099984.419937,normal
1308,1781099984.421974,normal
1309,1781099984.423649,normal
1310,1781099984.426265,normal
1311,1781099984.427933,http_flood
1312,1781099984.430204,normal
1313,1781099984.432003,normal
1314,1781099984.433677,http_flood
1315,1781099984.435456,normal
1316,1781099984.436471,normal
1317,1781099984.438014,normal
1318,1781099984.439689,http_flood
1319,1781099984.440788,normal
1320,1781099984.443050,http_flood
1321,1781099984.444576,normal
1322,1781099984.446161,normal
1323,1781099984.447972,normal
1324,1781099984.449413,normal
1325,1781099984.451315,http_flood
1326,1781099984.452504,normal
1327,1781099984.454606,normal
1328,1781099984.456718,http_flood
1329,1781099984.459008,http_flood
1330,1781099984.460491,normal
1331,1781099984.462992,normal
1332,1781099984.464387,normal
1333,1781099984.465999,normal
1334,1781099984.467593,http_flood
1335,1781099984.468968,http_flood
1336,1781099984.470459,http_flood
1337,1781099984.471968,normal
1338,1781099984.473559,normal
1339,1781099984.475098,http_flood
1340,1781099984.476372,http_flood
1341,1781099984.478640,normal
1342,1781099984.480214,normal
1343,1781099984.481543,http_flood
1344,1781099984.484033,http_flood
1345,1781099984.485680,http_flood
1346,1781099984.487728,normal
1347,1781099984.489350,normal
1348,1781099984.490953,normal
1349,1781099984.492787,http_flood
1350,1781099984.493653,http_flood
1351,1781099984.495637,normal
1352,1781099984.497865,http_flood
1353,1781099984.499109,normal
1354,1781099984.500965,normal
1355,1781099984.502545,normal
1356,1781099984.503651,normal
1357,1781099984.505079,http_flood
1358,1781099984.506891,http_flood
1359,1781099984.508283,http_flood
1360,1781099984.509669,http_flood
1361,1781099984.511656,normal
1362,1781099984.512917,normal
1363,1781099984.513939,normal
1364,1781099984.515338,normal
1365,1781099984.516340,normal
1366,1781099984.518368,normal
1367,1781099984.521326,http_flood
1368,1781099984.522695,normal
1369,1781099984.524285,normal
1370,1781099984.525508,normal
1371,1781099984.526908,normal
1372,1781099984.528279,normal
1373,1781099984.529607,http_flood
1374,1781099984.531055,normal
1375,1781099984.532481,normal
1376,1781099984.533995,http_flood
1377,1781099984.535359,http_flood
1378,1781099984.536788,normal
1379,1781099984.538476,normal
1380,1781099984.540238,http_flood
1381,1781099984.542516,normal
1382,1781099984.544270,http_flood
1383,1781099984.545998,normal
1384,1781099984.548706,normal
1385,1781099984.550547,normal
1386,1781099984.551900,normal
1387,1781099984.553721,http_flood
1388,1781099984.555274,normal
1389,1781099984.556589,http_flood
1390,1781099984.558240,http_flood
1391,1781099984.559327,normal
1392,1781099984.560649,normal
1393,1781099984.562793,normal
1394,1781099984.564044,normal
1395,1781099984.565621,http_flood
1396,1781099984.566928,normal
1397,1781099984.568461,http_flood
1398,1781099984.570126,http_flood
1399,1781099984.571675,http_flood
1400,1781099984.573692,normal
1401,1781099984.574622,http_flood
1402,1781099984.576260,normal
1403,1781099984.577527,normal
1404,1781099984.578918,normal
1405,1781099984.580533,http_flood
1406,1781099984.582059,normal
1407,1781099984.584070,normal
1408,1781099984.585624,http_flood
1409,1781099984.587131,normal
1410,1781099984.588279,http_flood
1411,1781099984.589539,http_flood
1412,1781099984.590942,normal
1413,1781099984.592915,normal
1414,1781099984.594134,normal
1415,1781099984.596216,normal
1416,1781099984.597542,normal
1417,1781099984.599162,normal
1418,1781099984.600916,http_flood
1419,1781099984.602512,normal
1420,1781099984.603937,normal
1421,1781099984.605558,normal
1422,1781099984.607542,normal
1423,1781099984.608627,http_flood
1424,1781099984.610342,normal
1425,1781099984.611850,http_flood
1426,1781099984.613375,normal
1427,1781099984.614941,normal
1428,1781099984.616413,http_flood
1429,1781099984.618785,http_flood
1430,1781099984.620018,normal
1431,1781099984.621000,http_flood
1432,1781099984.622874,normal
1433,1781099984.624867,http_flood
1434,1781099984.626837,http_flood
1435,1781099984.628496,http_flood
1436,1781099984.629576,normal
1437,1781099984.630960,http_flood
1438,1781099984.632493,http_flood
1439,1781099984.633921,http_flood
1440,1781099984.635502,normal
1441,1781099984.636872,normal
1442,1781099984.637979,normal
1443,1781099984.640058,normal
1444,1781099984.641720,normal
1445,1781099984.643472,normal
1446,1781099984.644939,normal
1447,1781099984.646895,normal
1448,1781099984.648269,http_flood
1449,1781099984.649964,normal
1450,1781099984.651450,http_flood
1451,1781099984.653087,http_flood
1452,1781099984.654385,normal
1453,1781099984.655809,normal
1454,1781099984.657363,http_flood
1455,1781099984.659248,normal
1456,1781099984.660385,normal
1457,1781099984.662014,normal
1458,1781099984.663479,normal
1459,1781099984.664889,http_flood
1460,1781099984.666219,normal
1461,1781099984.668629,normal
1462,1781099984.669994,normal
1463,1781099984.672035,http_flood
1464,1781099984.673607,normal
1465,1781099984.674521,normal
1466,1781099984.676597,normal
1467,1781099984.677668,http_flood
1468,1781099984.679310,http_flood
1469,1781099984.680787,normal
1470,1781099984.682381,http_flood
1471,1781099984.684201,normal
1472,1781099984.685398,normal
1473,1781099984.686786,normal
1474,1781099984.688719,http_flood
1475,1781099984.690362,normal
1476,1781099984.692421,http_flood
1477,1781099984.694535,http_flood
1478,1781099984.695849,normal
1479,1781099984.697618,http_flood
1480,1781099984.699089,normal
1481,1781099984.700840,normal
1482,1781099984.701979,http_flood
1483,1781099984.703163,normal
1484,1781099984.706173,http_flood
1485,1781099984.707323,http_flood
1486,1781099984.708759,http_flood
1487,1781099984.710453,normal
1488,1781099984.712454,normal
1489,1781099984.715103,normal
1490,1781099984.716944,normal
1491,1781099984.718637,normal
1492,1781099984.720536,normal
1493,1781099984.722012,http_flood
1494,1781099984.723294,normal
1495,1781099984.724831,http_flood
1496,1781099984.726389,normal
1497,1781099984.728327,normal
1498,1781099984.729603,normal
1499,1781099984.730909,normal
1500,1781099984.732123,http_flood
1501,1781099984.733745,http_flood
1502,1781099984.735493,normal
1503,1781099984.736581,normal
1504,1781099984.738385,normal
1505,1781099984.739852,http_flood
1506,1781099984.742275,normal
1507,1781099984.743524,normal
1508,1781099984.745284,http_flood
1509,1781099984.747266,normal
1510,1781099984.748439,http_flood
1511,1781099984.749617,normal
1512,1781099984.751545,http_flood
1513,1781099984.753277,normal
1514,1781099984.754331,http_flood
1515,1781099984.755868,http_flood
1516,1781099984.757111,http_flood
1517,1781099984.758581,http_flood
1518,1781099984.759466,normal
1519,1781099984.760967,http_flood
1520,1781099984.762469,http_flood
1521,1781099984.763745,normal
1522,1781099984.766523,normal
1523,1781099984.767829,normal
1524,1781099984.769363,normal
1525,1781099984.770746,http_flood
1526,1781099984.772110,normal
1527,1781099984.773732,http_flood
1528,1781099984.774830,http_flood
1529,1781099984.776707,normal
1530,1781099984.778390,http_flood
1531,1781099984.779681,normal
1532,1781099984.781369,http_flood
1533,1781099984.783238,normal
1534,1781099984.784293,http_flood
1535,1781099984.786262,http_flood
1536,1781099984.787873,http_flood
1537,1781099984.789619,http_flood
1538,1781099984.791021,http_flood
1539,1781099984.792460,normal
1540,1781099984.794127,http_flood
1541,1781099984.796289,http_flood
1542,1781099984.797648,http_flood
1543,1781099984.799564,http_flood
1544,1781099984.801188,normal
1545,1781099984.802572,normal
1546,1781099984.804121,http_flood
1547,1781099984.806286,normal
1548,1781099984.808321,http_flood
1549,1781099984.809721,http_flood
1550,1781099984.811587,http_flood
1551,1781099984.812947,normal
1552,1781099984.814330,normal
1553,1781099984.816044,normal
1554,1781099984.817281,http_flood
1555,1781099984.818587,normal
1556,1781099984.820153,normal
1557,1781099984.821784,normal
1558,1781099984.823044,normal
1559,1781099984.824855,normal
1560,1781099984.826045,normal
1561,1781099984.827016,http_flood
1562,1781099984.827896,normal
1563,1781099984.828753,normal
1564,1781099984.829898,normal
1565,1781099984.831305,http_flood
1566,1781099984.832541,http_flood
1567,1781099984.834233,normal
1568,1781099984.835752,normal
1569,1781099984.837544,http_flood
1570,1781099984.838624,http_flood
1571,1781099984.839927,normal
1572,1781099984.841069,normal
1573,1781099984.842315,http_flood
1574,1781099984.843686,normal
1575,1781099984.844674,normal
1576,1781099984.846420,normal
1577,1781099984.847344,normal
1578,1781099984.848832,normal
1579,1781099984.850433,normal
1580,1781099984.851601,normal
1581,1781099984.853186,normal
1582,1781099984.854546,http_flood
1583,1781099984.855674,http_flood
1584,1781099984.857132,http_flood
1585,1781099984.858907,normal
1586,1781099984.860224,normal
1587,1781099984.862169,http_flood
1588,1781099984.864016,http_flood
1589,1781099984.865370,http_flood
1590,1781099984.866789,http_flood
1591,1781099984.868220,http_flood
1592,1781099984.870154,http_flood
1593,1781099984.871415,normal
1594,1781099984.872664,http_flood
1595,1781099984.875188,http_flood
1596,1781099984.876531,http_flood
1597,1781099984.878255,normal
1598,1781099984.879654,normal
1599,1781099984.881404,http_flood
1600,1781099984.882792,http_flood
1601,1781099984.883899,http_flood
1602,1781099984.885912,http_flood
1603,1781099984.887357,http_flood
1604,1781099984.888443,http_flood
1605,1781099984.889655,normal
1606,1781099984.891330,http_flood
1607,1781099984.892304,http_flood
1608,1781099984.893695,http_flood
1609,1781099984.895056,normal
1610,1781099984.896121,http_flood
1611,1781099984.897377,http_flood
1612,1781099984.899000,normal
1613,1781099984.900331,normal
1614,1781099984.902093,normal
1615,1781099984.903015,normal
1616,1781099984.904832,http_flood
1617,1781099984.906056,http_flood
1618,1781099984.907636,http_flood
1619,1781099984.908617,http_flood
1620,1781099984.910217,http_flood
1621,1781099984.911864,normal
1622,1781099984.913689,http_flood
1623,1781099984.915076,http_flood
1624,1781099984.916049,http_flood
1625,1781099984.917703,normal
1626,1781099984.919097,http_flood
1627,1781099984.920412,normal
1628,1781099984.922442,normal
1629,1781099984.924322,normal
1630,1781099984.926049,http_flood
1631,1781099984.926897,normal
1632,1781099984.928750,normal
1633,1781099984.930300,normal
1634,1781099984.931230,normal
1635,1781099984.932879,http_flood
1636,1781099984.934435,http_flood
1637,1781099984.936470,normal
1638,1781099984.938189,http_flood
1639,1781099984.939612,normal
1640,1781099984.941089,http_flood
1641,1781099984.942375,normal
1642,1781099984.943630,normal
1643,1781099984.945357,normal
1644,1781099984.946716,normal
1645,1781099984.948813,normal
1646,1781099984.950218,http_flood
1647,1781099984.951755,http_flood
1648,1781099984.953061,http_flood
1649,1781099984.954174,http_flood
1650,1781099984.955378,normal
1651,1781099984.956814,normal
1652,1781099984.958171,normal
1653,1781099984.959468,normal
1654,1781099984.960526,normal
1655,1781099984.961879,http_flood
1656,1781099984.963322,normal
1657,1781099984.965246,normal
1658,1781099984.967005,normal
1659,1781099984.968431,normal
1660,1781099984.970721,http_flood
1661,1781099984.972180,normal
1662,1781099984.973321,normal
1663,1781099984.974440,http_flood
1664,1781099984.975721,normal
1665,1781099984.977451,normal
1666,1781099984.978950,normal
1667,1781099984.980299,http_flood
1668,1781099984.981233,normal
1669,1781099984.982660,http_flood
1670,1781099984.984462,http_flood
1671,1781099984.985494,normal
1672,1781099984.986844,normal
1673,1781099984.988315,normal
1674,1781099984.989969,http_flood
1675,1781099984.991861,http_flood
1676,1781099984.993266,normal
1677,1781099984.994416,http_flood
1678,1781099984.995819,normal
1679,1781099984.996970,normal
1680,1781099984.998904,http_flood
1681,1781099985.000719,normal
1682,1781099985.002262,normal
1683,1781099985.003116,normal
1684,1781099985.004019,http_flood
1685,1781099985.005989,normal
1686,1781099985.007071,http_flood
1687,1781099985.008681,http_flood
1688,1781099985.010602,normal
1689,1781099985.011805,http_flood
1690,1781099985.012899,normal
1691,1781099985.014361,normal
1692,1781099985.015610,http_flood
1693,1781099985.016871,normal
1694,1781099985.018102,normal
1695,1781099985.019997,http_flood
1696,1781099985.021371,normal
1697,1781099985.022790,http_flood
1698,1781099985.023695,normal
1699,1781099985.025143,normal
1700,1781099985.026733,http_flood
1701,1781099985.028230,normal
1702,1781099985.029453,normal
1703,1781099985.031016,normal
1704,1781099985.032085,normal
1705,1781099985.034076,normal
1706,1781099985.035525,http_flood
1707,1781099985.036973,normal
1708,1781099985.038577,http_flood
1709,1781099985.039666,http_flood
1710,1781099985.041228,http_flood
1711,1781099985.042450,normal
1712,1781099985.043484,http_flood
1713,1781099985.045141,http_flood
1714,1781099985.046569,http_flood
1715,1781099985.047667,normal
1716,1781099985.049115,normal
1717,1781099985.050321,http_flood
1718,1781099985.052044,normal
1719,1781099985.053401,normal
1720,1781099985.054804,normal
1721,1781099985.056302,normal
1722,1781099985.057959,http_flood
1723,1781099985.059509,normal
1724,1781099985.060777,http_flood
1725,1781099985.062324,http_flood
1726,1781099985.064229,normal
1727,1781099985.066012,normal
1728,1781099985.067220,http_flood
1729,1781099985.068661,normal
1730,1781099985.070332,normal
1731,1781099985.071716,http_flood
1732,1781099985.073065,http_flood
1733,1781099985.074431,normal
1734,1781099985.076249,http_flood
1735,1781099985.077869,normal
1736,1781099985.079630,normal
1737,1781099985.081089,http_flood
1738,1781099985.082680,http_flood
1739,1781099985.083785,http_flood
1740,1781099985.085187,http_flood
1741,1781099985.086269,http_flood
1742,1781099985.087683,normal
1743,1781099985.089185,http_flood
1744,1781099985.090656,normal
1745,1781099985.092053,normal
1746,1781099985.093395,normal
1747,1781099985.094560,http_flood
1748,1781099985.095793,normal
1749,1781099985.097105,http_flood
1750,1781099985.098697,normal
1751,1781099985.099823,normal
1752,1781099985.101299,http_flood
1753,1781099985.103112,normal
1754,1781099985.104437,normal
1755,1781099985.105422,http_flood
1756,1781099985.107072,normal
1757,1781099985.108692,normal
1758,1781099985.109565,normal
1759,1781099985.111449,http_flood
1760,1781099985.113105,normal
1761,1781099985.114571,http_flood
1762,1781099985.116067,normal
1763,1781099985.117589,normal
1764,1781099985.118474,normal
1765,1781099985.119762,normal
1766,1781099985.121370,http_flood
1767,1781099985.122890,normal
1768,1781099985.125093,http_flood
1769,1781099985.126264,normal
1770,1781099985.127825,http_flood
1771,1781099985.129232,http_flood
1772,1781099985.131202,http_flood
1773,1781099985.133665,normal
1774,1781099985.135718,normal
1775,1781099985.137513,http_flood
1776,1781099985.138719,normal
1777,1781099985.140632,http_flood
1778,1781099985.141768,http_flood
1779,1781099985.143879,normal
1780,1781099985.145282,normal
1781,1781099985.146442,normal
1782,1781099985.147620,normal
1783,1781099985.149076,normal
1784,1781099985.150663,normal
1785,1781099985.152430,normal
1786,1781099985.153868,normal
1787,1781099985.155241,http_flood
1788,1781099985.156422,http_flood
1789,1781099985.158123,http_flood
1790,1781099985.159587,normal
1791,1781099985.160836,normal
1792,1781099985.162188,http_flood
1793,1781099985.163770,normal
1794,1781099985.164922,http_flood
1795,1781099985.166872,http_flood
1796,1781099985.167902,normal
1797,1781099985.169366,http_flood
1798,1781099985.170886,http_flood
1799,1781099985.172356,http_flood
1800,1781099985.173769,normal
1801,1781099985.175167,normal
1802,1781099985.177008,http_flood
1803,1781099985.178143,http_flood
1804,1781099985.179858,normal
1805,1781099985.181231,http_flood
1806,1781099985.182290,http_flood
1807,1781099985.183212,http_flood
1808,1781099985.184635,normal
1809,1781099985.185995,http_flood
1810,1781099985.187127,normal
1811,1781099985.188425,normal
1812,1781099985.189759,http_flood
1813,1781099985.190996,normal
1814,1781099985.192327,http_flood
1815,1781099985.193576,http_flood
1816,1781099985.194955,http_flood
1817,1781099985.196689,http_flood
1818,1781099985.198477,http_flood
1819,1781099985.200003,http_flood
1820,1781099985.201056,normal
1821,1781099985.201862,http_flood
1822,1781099985.203157,http_flood
1823,1781099985.204671,normal
1824,1781099985.206180,http_flood
1825,1781099985.207955,http_flood
1826,1781099985.209224,http_flood
1827,1781099985.210982,normal
1828,1781099985.212908,http_flood
1829,1781099985.213904,normal
1830,1781099985.215237,http_flood
1831,1781099985.216697,normal
1832,1781099985.218227,http_flood
1833,1781099985.219524,normal
1834,1781099985.220592,http_flood
1835,1781099985.222463,http_flood
1836,1781099985.223881,normal
1837,1781099985.225058,normal
1838,1781099985.226593,normal
1839,1781099985.228333,http_flood
1840,1781099985.229325,http_flood
1841,1781099985.231475,normal
1842,1781099985.232478,http_flood
1843,1781099985.233551,normal
1844,1781099985.234417,normal
1845,1781099985.235872,normal
1846,1781099985.236977,http_flood
1847,1781099985.237969,normal
1848,1781099985.239383,normal
1849,1781099985.240630,http_flood
1850,1781099985.241753,normal
1851,1781099985.243104,normal
1852,1781099985.245575,normal
1853,1781099985.246995,normal
1854,1781099985.248333,http_flood
1855,1781099985.249829,normal
1856,1781099985.251201,normal
1857,1781099985.252206,http_flood
1858,1781099985.254575,normal
1859,1781099985.256387,http_flood
1860,1781099985.257779,normal
1861,1781099985.258867,normal
1862,1781099985.259930,http_flood
1863,1781099985.261356,normal
1864,1781099985.263280,normal
1865,1781099985.265102,http_flood
1866,1781099985.266312,http_flood
1867,1781099985.267434,normal
1868,1781099985.268595,http_flood
1869,1781099985.269583,normal
1870,1781099985.270869,http_flood
1871,1781099985.271889,http_flood
1872,1781099985.272679,normal
1873,1781099985.274098,http_flood
1874,1781099985.275422,normal
1875,1781099985.277004,normal
1876,1781099985.278244,http_flood
1877,1781099985.279643,http_flood
1878,1781099985.281186,http_flood
1879,1781099985.282937,http_flood
1880,1781099985.284046,http_flood
1881,1781099985.285186,http_flood
1882,1781099985.286445,http_flood
1883,1781099985.288332,http_flood
1884,1781099985.290081,normal
1885,1781099985.291776,normal
1886,1781099985.292644,http_flood
1887,1781099985.294955,normal
1888,1781099985.296455,normal
1889,1781099985.298205,http_flood
1890,1781099985.300027,http_flood
1891,1781099985.301838,normal
1892,1781099985.302725,normal
1893,1781099985.303998,normal
1894,1781099985.305148,http_flood
1895,1781099985.306623,normal
1896,1781099985.308485,normal
1897,1781099985.309931,http_flood
1898,1781099985.311944,normal
1899,1781099985.313916,normal
1900,1781099985.315664,normal
1901,1781099985.316849,http_flood
1902,1781099985.318802,http_flood
1903,1781099985.320050,normal
1904,1781099985.321238,normal
1905,1781099985.322298,normal
1906,1781099985.323614,normal
1907,1781099985.325490,http_flood
1908,1781099985.326448,normal
1909,1781099985.327456,normal
1910,1781099985.329197,http_flood
1911,1781099985.330965,http_flood
1912,1781099985.332490,normal
1913,1781099985.333712,normal
1914,1781099985.335008,normal
1915,1781099985.336359,http_flood
1916,1781099985.338104,http_flood
1917,1781099985.339352,normal
1918,1781099985.341222,normal
1919,1781099985.342528,http_flood
1920,1781099985.343368,normal
1921,1781099985.344949,http_flood
1922,1781099985.346459,normal
1923,1781099985.347257,normal
1924,1781099985.348431,http_flood
1925,1781099985.349757,http_flood
1926,1781099985.351166,normal
1927,1781099985.352237,http_flood
1928,1781099985.353453,http_flood
1929,1781099985.354609,normal
1930,1781099985.355874,http_flood
1931,1781099985.357305,normal
1932,1781099985.359059,http_flood
1933,1781099985.360041,normal
1934,1781099985.361321,http_flood
1935,1781099985.362545,http_flood
1936,1781099985.363627,normal
1937,1781099985.364542,normal
1938,1781099985.365701,http_flood
1939,1781099985.366881,normal
1940,1781099985.368841,normal
1941,1781099985.370090,normal
1942,1781099985.371456,http_flood
1943,1781099985.372907,http_flood
1944,1781099985.373944,http_flood
1945,1781099985.374992,http_flood
1946,1781099985.376098,normal
1947,1781099985.377606,normal
1948,1781099985.378817,normal
1949,1781099985.379850,http_flood
1950,1781099985.381901,http_flood
1951,1781099985.383066,normal
1952,1781099985.384768,normal
1953,1781099985.385863,normal
1954,1781099985.387429,http_flood
1955,1781099985.388825,normal
1956,1781099985.390182,normal
1957,1781099985.391505,http_flood
1958,1781099985.392468,http_flood
1959,1781099985.394144,normal
1960,1781099985.395195,normal
1961,1781099985.396854,http_flood
1962,1781099985.397806,http_flood
1963,1781099985.399349,normal
1964,1781099985.401021,http_flood
1965,1781099985.401832,http_flood
1966,1781099985.403200,http_flood
1967,1781099985.406032,normal
1968,1781099985.407473,http_flood
1969,1781099985.408341,normal
1970,1781099985.410105,normal
1971,1781099985.411251,http_flood
1972,1781099985.412782,http_flood
1973,1781099985.413773,http_flood
1974,1781099985.415264,normal
1975,1781099985.416628,http_flood
1976,1781099985.418045,http_flood
1977,1781099985.419143,normal
1978,1781099985.420099,normal
1979,1781099985.421453,http_flood
1980,1781099985.423121,normal
1981,1781099985.424421,normal
1982,1781099985.425342,http_flood
1983,1781099985.426875,http_flood
1984,1781099985.427904,http_flood
1985,1781099985.429144,http_flood
1986,1781099985.430597,http_flood
1987,1781099985.432165,http_flood
1988,1781099985.433793,normal
1989,1781099985.434983,normal
1990,1781099985.436047,normal
1991,1781099985.437845,http_flood
1992,1781099985.438978,http_flood
1993,1781099985.440593,normal
1994,1781099985.441695,http_flood
1995,1781099985.442696,normal
1996,1781099985.444899,http_flood
1997,1781099985.446733,http_flood
1998,1781099985.447689,http_flood
1999,1781099985.448663,normal
2000,1781099985.450459,normal
2001,1781099985.451708,http_flood
2002,1781099985.452777,http_flood
2003,1781099985.454183,http_flood
2004,1781099985.455498,normal
2005,1781099985.456709,http_flood
2006,1781099985.458217,http_flood
2007,1781099985.459825,http_flood
2008,1781099985.461198,normal
2009,1781099985.462065,http_flood
2010,1781099985.463214,normal
2011,1781099985.465132,normal
2012,1781099985.467074,normal
2013,1781099985.468568,normal
2014,1781099985.470324,normal
2015,1781099985.471850,normal
2016,1781099985.473232,http_flood
2017,1781099985.474506,http_flood
2018,1781099985.475998,normal
2019,1781099985.477185,normal
2020,1781099985.478361,http_flood
2021,1781099985.479404,normal
2022,1781099985.481128,http_flood
2023,1781099985.482311,http_flood
2024,1781099985.483588,http_flood
2025,1781099985.485225,normal
2026,1781099985.486652,normal
2027,1781099985.488214,normal
2028,1781099985.489536,normal
2029,1781099985.490491,http_flood
2030,1781099985.491613,http_flood
2031,1781099985.492827,normal
2032,1781099985.494112,http_flood
2033,1781099985.495239,http_flood
2034,1781099985.496795,normal
2035,1781099985.497975,http_flood
2036,1781099985.499151,normal
2037,1781099985.500379,normal
2038,1781099985.502068,normal
2039,1781099985.503078,normal
2040,1781099985.504491,normal
2041,1781099985.505558,normal
2042,1781099985.506975,http_flood
2043,1781099985.508368,http_flood
2044,1781099985.509572,http_flood
2045,1781099985.511123,http_flood
2046,1781099985.512934,http_flood
2047,1781099985.514258,normal
2048,1781099985.515912,http_flood
2049,1781099985.517324,http_flood
2050,1781099985.518461,http_flood
2051,1781099985.519909,normal
2052,1781099985.521400,normal
2053,1781099985.523243,http_flood
2054,1781099985.524331,http_flood
2055,1781099985.526029,normal
2056,1781099985.527270,http_flood
2057,1781099985.528318,http_flood
2058,1781099985.529763,http_flood
2059,1781099985.531093,http_flood
2060,1781099985.532785,normal
2061,1781099985.534649,http_flood
2062,1781099985.535666,normal
2063,1781099985.536877,normal
2064,1781099985.538364,http_flood
2065,1781099985.539272,http_flood
2066,1781099985.540782,http_flood
2067,1781099985.542301,normal
2068,1781099985.543921,http_flood
2069,1781099985.545175,normal
2070,1781099985.546610,normal
2071,1781099985.548080,http_flood
2072,1781099985.549371,normal
2073,1781099985.551120,normal
2074,1781099985.552449,http_flood
2075,1781099985.553823,normal
2076,1781099985.555233,http_flood
2077,1781099985.556152,http_flood
2078,1781099985.557276,http_flood
2079,1781099985.558648,http_flood
2080,1781099985.559668,http_flood
2081,1781099985.561372,normal
2082,1781099985.562607,normal
2083,1781099985.563932,http_flood
2084,1781099985.565540,normal
2085,1781099985.567175,http_flood
2086,1781099985.568362,http_flood
2087,1781099985.569832,normal
2088,1781099985.571090,http_flood
2089,1781099985.572294,http_flood
2090,1781099985.573616,http_flood
2091,1781099985.574708,http_flood
2092,1781099985.575581,http_flood
2093,1781099985.577126,http_flood
2094,1781099985.578504,http_flood
2095,1781099985.579509,http_flood
2096,1781099985.580733,http_flood
2097,1781099985.582117,normal
2098,1781099985.583259,http_flood
2099,1781099985.584665,normal
2100,1781099985.586829,http_flood
2101,1781099985.588243,normal
2102,1781099985.589651,http_flood
2103,1781099985.591068,http_flood
2104,1781099985.593544,http_flood
2105,1781099985.594493,normal
2106,1781099985.595849,normal
2107,1781099985.597739,normal
2108,1781099985.599868,http_flood
2109,1781099985.601554,http_flood
2110,1781099985.602661,normal
2111,1781099985.604726,http_flood
2112,1781099985.606259,http_flood
2113,1781099985.607445,http_flood
2114,1781099985.608986,normal
2115,1781099985.610070,normal
2116,1781099985.611468,http_flood
2117,1781099985.612682,http_flood
2118,1781099985.614636,normal
2119,1781099985.616890,http_flood
2120,1781099985.618688,http_flood
2121,1781099985.620120,http_flood
2122,1781099985.621995,http_flood
2123,1781099985.623394,http_flood
2124,1781099985.625214,normal
2125,1781099985.626683,normal
2126,1781099985.628238,http_flood
2127,1781099985.630029,normal
2128,1781099985.631728,normal
2129,1781099985.633652,http_flood
2130,1781099985.634932,http_flood
2131,1781099985.636484,http_flood
2132,1781099985.637608,http_flood
2133,1781099985.638994,normal
2134,1781099985.641320,normal
2135,1781099985.643521,http_flood
2136,1781099985.645135,normal
2137,1781099985.646566,http_flood
2138,1781099985.648592,http_flood
2139,1781099985.650760,http_flood
2140,1781099985.653052,http_flood
2141,1781099985.654870,normal
2142,1781099985.657531,http_flood
2143,1781099985.659489,http_flood
2144,1781099985.661173,normal
2145,1781099985.663195,http_flood
2146,1781099985.664833,normal
2147,1781099985.666757,http_flood
2148,1781099985.668215,normal
2149,1781099985.669751,normal
2150,1781099985.670877,http_flood
2151,1781099985.672116,http_flood
2152,1781099985.673525,normal
2153,1781099985.675537,normal
2154,1781099985.677713,normal
2155,1781099985.679175,http_flood
2156,1781099985.681347,normal
2157,1781099985.682989,normal
2158,1781099985.685235,normal
2159,1781099985.686841,normal
2160,1781099985.687968,normal
2161,1781099985.690483,http_flood
2162,1781099985.692104,normal
2163,1781099985.694177,normal
2164,1781099985.695186,http_flood
2165,1781099985.696617,normal
2166,1781099985.698634,http_flood
2167,1781099985.700738,http_flood
2168,1781099985.702512,normal
2169,1781099985.703930,http_flood
2170,1781099985.705566,http_flood
2171,1781099985.707262,http_flood
2172,1781099985.708706,normal
2173,1781099985.710405,normal
2174,1781099985.712140,normal
2175,1781099985.714122,normal
2176,1781099985.715664,http_flood
2177,1781099985.717470,http_flood
2178,1781099985.719124,normal
2179,1781099985.721126,normal
2180,1781099985.722553,http_flood
2181,1781099985.724724,http_flood
2182,1781099985.726295,http_flood
2183,1781099985.727479,http_flood
2184,1781099985.729179,normal
2185,1781099985.730672,http_flood
2186,1781099985.731951,normal
2187,1781099985.733963,http_flood
2188,1781099985.735762,normal
2189,1781099985.737765,http_flood
2190,1781099985.739724,normal
2191,1781099985.741411,normal
2192,1781099985.743368,normal
2193,1781099985.745217,http_flood
2194,1781099985.747021,http_flood
2195,1781099985.748507,normal
2196,1781099985.750608,normal
2197,1781099985.752136,normal
2198,1781099985.753791,http_flood
2199,1781099985.755124,http_flood
2200,1781099985.756795,normal
2201,1781099985.758115,normal
2202,1781099985.759468,normal
2203,1781099985.761008,normal
2204,1781099985.762515,normal
2205,1781099985.764553,normal
2206,1781099985.766533,normal
2207,1781099985.768162,normal
2208,1781099985.769752,http_flood
2209,1781099985.771521,normal
2210,1781099985.772852,http_flood
2211,1781099985.773897,normal
2212,1781099985.775874,normal
2213,1781099985.777761,http_flood
2214,1781099985.779328,http_flood
2215,1781099985.781064,normal
2216,1781099985.782831,http_flood
2217,1781099985.784685,http_flood
2218,1781099985.786294,http_flood
2219,1781099985.787639,http_flood
2220,1781099985.789397,normal
2221,1781099985.792224,http_flood
2222,1781099985.794032,normal
2223,1781099985.796377,normal
2224,1781099985.797966,normal
2225,1781099985.800008,http_flood
2226,1781099985.801981,http_flood
2227,1781099985.803822,normal
2228,1781099985.805491,http_flood
2229,1781099985.807157,http_flood
2230,1781099985.809283,http_flood
2231,1781099985.810983,normal
2232,1781099985.812945,normal
2233,1781099985.813995,http_flood
2234,1781099985.815721,http_flood
2235,1781099985.817582,normal
2236,1781099985.819434,http_flood
2237,1781099985.822132,normal
2238,1781099985.823741,normal
2239,1781099985.825372,normal
2240,1781099985.827121,normal
2241,1781099985.828888,http_flood
2242,1781099985.830352,http_flood
2243,1781099985.832175,normal
2244,1781099985.834618,normal
2245,1781099985.836326,http_flood
2246,1781099985.838556,normal
2247,1781099985.840086,normal
2248,1781099985.842341,http_flood
2249,1781099985.844371,normal
2250,1781099985.846240,http_flood
2251,1781099985.848587,normal
2252,1781099985.850332,normal
2253,1781099985.851385,http_flood
2254,1781099985.853537,normal
2255,1781099985.855131,http_flood
2256,1781099985.856698,http_flood
2257,1781099985.857962,http_flood
2258,1781099985.860017,http_flood
2259,1781099985.861426,http_flood
2260,1781099985.863094,http_flood
2261,1781099985.865201,http_flood
2262,1781099985.866741,http_flood
2263,1781099985.868556,normal
2264,1781099985.869629,normal
2265,1781099985.871599,http_flood
2266,1781099985.873112,http_flood
2267,1781099985.874151,normal
2268,1781099985.875985,normal
2269,1781099985.878205,normal
2270,1781099985.881080,normal
2271,1781099985.882807,http_flood
2272,1781099985.884697,http_flood
2273,1781099985.886114,normal
2274,1781099985.888575,normal
2275,1781099985.890717,http_flood
2276,1781099985.892817,http_flood
2277,1781099985.894506,http_flood
2278,1781099985.896245,http_flood
2279,1781099985.897989,http_flood
2280,1781099985.899654,http_flood
2281,1781099985.901061,http_flood
2282,1781099985.902435,http_flood
2283,1781099985.904205,http_flood
2284,1781099985.905666,normal
2285,1781099985.907049,http_flood
2286,1781099985.908531,normal
2287,1781099985.909990,http_flood
2288,1781099985.912214,http_flood
2289,1781099985.913883,http_flood
2290,1781099985.915901,normal
2291,1781099985.917371,http_flood
2292,1781099985.918754,normal
2293,1781099985.920732,http_flood
2294,1781099985.922481,normal
2295,1781099985.924073,http_flood
2296,1781099985.926063,http_flood
2297,1781099985.927985,normal
2298,1781099985.929919,http_flood
2299,1781099985.931648,normal
2300,1781099985.932908,normal
2301,1781099985.936097,http_flood
2302,1781099985.938270,http_flood
2303,1781099985.939616,http_flood
2304,1781099985.942329,http_flood
2305,1781099985.944062,http_flood
2306,1781099985.945793,http_flood
2307,1781099985.947245,normal
2308,1781099985.948919,http_flood
2309,1781099985.951422,http_flood
2310,1781099985.952888,normal
2311,1781099985.954898,http_flood
2312,1781099985.956739,http_flood
2313,1781099985.958304,normal
2314,1781099985.960130,http_flood
2315,1781099985.961906,http_flood
2316,1781099985.963590,http_flood
2317,1781099985.965643,normal
2318,1781099985.968105,normal
2319,1781099985.969607,normal
2320,1781099985.971932,http_flood
2321,1781099985.973880,http_flood
2322,1781099985.975918,normal
2323,1781099985.977639,normal
2324,1781099985.979340,http_flood
2325,1781099985.982314,http_flood
2326,1781099985.984069,http_flood
2327,1781099985.985784,http_flood
2328,1781099985.987208,normal
2329,1781099985.988702,normal
2330,1781099985.990717,http_flood
2331,1781099985.992937,http_flood
2332,1781099985.994785,normal
2333,1781099985.996173,http_flood
2334,1781099985.997569,http_flood
2335,1781099985.999446,http_flood
2336,1781099986.001586,http_flood
2337,1781099986.003889,http_flood
2338,1781099986.005438,normal
2339,1781099986.006952,normal
2340,1781099986.008912,normal
2341,1781099986.010874,http_flood
2342,1781099986.013025,http_flood
2343,1781099986.015017,http_flood
2344,1781099986.016716,http_flood
2345,1781099986.018263,normal
2346,1781099986.019800,normal
2347,1781099986.021091,http_flood
2348,1781099986.023535,normal
2349,1781099986.025909,http_flood
2350,1781099986.028013,normal
2351,1781099986.029668,http_flood
2352,1781099986.031089,http_flood
2353,1781099986.032884,normal
2354,1781099986.034791,normal
2355,1781099986.036641,normal
2356,1781099986.038761,normal
2357,1781099986.041044,http_flood
2358,1781099986.043219,http_flood
2359,1781099986.045162,http_flood
2360,1781099986.046904,http_flood
2361,1781099986.048807,http_flood
2362,1781099986.050727,http_flood
2363,1781099986.052958,http_flood
2364,1781099986.054989,http_flood
2365,1781099986.056326,http_flood
2366,1781099986.057974,http_flood
2367,1781099986.059520,http_flood
2368,1781099986.061055,http_flood
2369,1781099986.062603,http_flood
2370,1781099986.064210,normal
2371,1781099986.066097,http_flood
2372,1781099986.067921,http_flood
2373,1781099986.070597,http_flood
2374,1781099986.073242,normal
2375,1781099986.074363,http_flood
2376,1781099986.076850,http_flood
2377,1781099986.078540,normal
2378,1781099986.080012,http_flood
2379,1781099986.082261,http_flood
2380,1781099986.083904,http_flood
2381,1781099986.085896,normal
2382,1781099986.087911,normal
2383,1781099986.089163,http_flood
2384,1781099986.090808,http_flood
2385,1781099986.092510,normal
2386,1781099986.094978,normal
2387,1781099986.096977,http_flood
2388,1781099986.098437,http_flood
2389,1781099986.100110,normal
2390,1781099986.102749,normal
2391,1781099986.105550,http_flood
2392,1781099986.107297,http_flood
2393,1781099986.108656,normal
2394,1781099986.110604,http_flood
2395,1781099986.113383,http_flood
2396,1781099986.115239,http_flood
2397,1781099986.116867,http_flood
2398,1781099986.118457,http_flood
2399,1781099986.120828,normal
2400,1781099986.122164,http_flood
2401,1781099986.124985,normal
2402,1781099986.128059,http_flood
2403,1781099986.129412,http_flood
2404,1781099986.131273,http_flood
2405,1781099986.133528,http_flood
2406,1781099986.135432,normal
2407,1781099986.137345,normal
2408,1781099986.139356,http_flood
2409,1781099986.141033,normal
2410,1781099986.142772,http_flood
2411,1781099986.144819,normal
2412,1781099986.147001,normal
2413,1781099986.149124,normal
2414,1781099986.150810,http_flood
2415,1781099986.152675,http_flood
2416,1781099986.154041,normal
2417,1781099986.156387,http_flood
2418,1781099986.158088,http_flood
2419,1781099986.159704,http_flood
2420,1781099986.162467,http_flood
2421,1781099986.164082,http_flood
2422,1781099986.165809,normal
2423,1781099986.167840,http_flood
2424,1781099986.169295,http_flood
2425,1781099986.171302,http_flood
2426,1781099986.173794,http_flood
2427,1781099986.175257,normal
2428,1781099986.177070,normal
2429,1781099986.179097,normal
2430,1781099986.180302,normal
2431,1781099986.182565,http_flood
2432,1781099986.184579,http_flood
2433,1781099986.186353,normal
2434,1781099986.187686,http_flood
2435,1781099986.189201,normal
2436,1781099986.190482,http_flood
2437,1781099986.192388,normal
2438,1781099986.194586,http_flood
2439,1781099986.197433,http_flood
2440,1781099986.198872,http_flood
2441,1781099986.201728,http_flood
2442,1781099986.204680,normal
2443,1781099986.206445,http_flood
2444,1781099986.207865,http_flood
2445,1781099986.209437,http_flood
2446,1781099986.211225,http_flood
2447,1781099986.212919,normal
2448,1781099986.214493,http_flood
2449,1781099986.215981,normal
2450,1781099986.217750,http_flood
2451,1781099986.219365,http_flood
2452,1781099986.221331,normal
2453,1781099986.222888,normal
2454,1781099986.224795,http_flood
2455,1781099986.227476,http_flood
2456,1781099986.229316,http_flood
2457,1781099986.231253,http_flood
2458,1781099986.233030,http_flood
2459,1781099986.235607,normal
2460,1781099986.237941,http_flood
2461,1781099986.239334,http_flood
2462,1781099986.240942,normal
2463,1781099986.242611,http_flood
2464,1781099986.245111,http_flood
2465,1781099986.247412,http_flood
2466,1781099986.249197,normal
2467,1781099986.250659,http_flood
2468,1781099986.254021,http_flood
2469,1781099986.256097,normal
2470,1781099986.257771,http_flood
2471,1781099986.259509,http_flood
2472,1781099986.261629,http_flood
2473,1781099986.264758,http_flood
2474,1781099986.266436,http_flood
2475,1781099986.269324,http_flood
2476,1781099986.271400,http_flood
2477,1781099986.273700,http_flood
2478,1781099986.276046,http_flood
2479,1781099986.277904,http_flood
2480,1781099986.280139,normal
2481,1781099986.282211,normal
2482,1781099986.284052,http_flood
2483,1781099986.285887,http_flood
2484,1781099986.288033,http_flood
2485,1781099986.289851,normal
2486,1781099986.291245,http_flood
2487,1781099986.292907,http_flood
2488,1781099986.294692,normal
2489,1781099986.297105,normal
2490,1781099986.298498,http_flood
2491,1781099986.300006,http_flood
2492,1781099986.301764,http_flood
2493,1781099986.303717,normal
2494,1781099986.305665,http_flood
2495,1781099986.307334,http_flood
2496,1781099986.309164,http_flood
2497,1781099986.311256,http_flood
2498,1781099986.312679,normal
2499,1781099986.314572,normal
2500,1781099986.316643,http_flood
2501,1781099986.318325,http_flood
2502,1781099986.320417,http_flood
2503,1781099986.322606,http_flood
2504,1781099986.324176,http_flood
2505,1781099986.325597,normal
2506,1781099986.327639,normal
2507,1781099986.329332,http_flood
2508,1781099986.331038,normal
2509,1781099986.332567,normal
2510,1781099986.334347,http_flood
2511,1781099986.337069,http_flood
2512,1781099986.339243,http_flood
2513,1781099986.341954,normal
2514,1781099986.343689,normal
2515,1781099986.345667,normal
2516,1781099986.347671,normal
2517,1781099986.349484,http_flood
2518,1781099986.351166,http_flood
2519,1781099986.353344,http_flood
2520,1781099986.355476,http_flood
2521,1781099986.357133,http_flood
2522,1781099986.359171,http_flood
2523,1781099986.361299,normal
2524,1781099986.362797,http_flood
2525,1781099986.365298,http_flood
2526,1781099986.366651,normal
2527,1781099986.368624,http_flood
2528,1781099986.371098,http_flood
2529,1781099986.372888,http_flood
2530,1781099986.375215,http_flood
2531,1781099986.376717,http_flood
2532,1781099986.378371,http_flood
2533,1781099986.380390,http_flood
2534,1781099986.382963,http_flood
2535,1781099986.384550,normal
2536,1781099986.386117,normal
2537,1781099986.388169,http_flood
2538,1781099986.389539,http_flood
2539,1781099986.392145,http_flood
2540,1781099986.394636,http_flood
2541,1781099986.397067,http_flood
2542,1781099986.399192,normal
2543,1781099986.400754,http_flood
2544,1781099986.402893,http_flood
2545,1781099986.404446,http_flood
2546,1781099986.407421,http_flood
2547,1781099986.409453,http_flood
2548,1781099986.411221,http_flood
2549,1781099986.413052,http_flood
2550,1781099986.414720,http_flood
2551,1781099986.415946,normal
2552,1781099986.418028,http_flood
2553,1781099986.419787,normal
2554,1781099986.421355,http_flood
2555,1781099986.422809,http_flood
2556,1781099986.425124,http_flood
2557,1781099986.426596,http_flood
2558,1781099986.429256,normal
2559,1781099986.431611,normal
2560,1781099986.433657,http_flood
2561,1781099986.435250,normal
2562,1781099986.436738,http_flood
2563,1781099986.438476,normal
2564,1781099986.440147,http_flood
2565,1781099986.441865,normal
2566,1781099986.444504,http_flood
2567,1781099986.445946,http_flood
2568,1781099986.448090,http_flood
2569,1781099986.449362,normal
2570,1781099986.451001,http_flood
2571,1781099986.452607,normal
2572,1781099986.454535,normal
2573,1781099986.456418,http_flood
2574,1781099986.458106,http_flood
2575,1781099986.459836,normal
2576,1781099986.462048,http_flood
2577,1781099986.464532,normal
2578,1781099986.466563,http_flood
2579,1781099986.468158,http_flood
2580,1781099986.469950,http_flood
2581,1781099986.472008,normal
2582,1781099986.473545,http_flood
2583,1781099986.476577,http_flood
2584,1781099986.478884,normal
2585,1781099986.481219,http_flood
2586,1781099986.483196,http_flood
2587,1781099986.485505,normal
2588,1781099986.487331,http_flood
2589,1781099986.490011,http_flood
2590,1781099986.491409,normal
2591,1781099986.493006,http_flood
2592,1781099986.495733,http_flood
2593,1781099986.497975,http_flood
2594,1781099986.500112,http_flood
2595,1781099986.502277,http_flood
2596,1781099986.503416,http_flood
2597,1781099986.505361,http_flood
2598,1781099986.506788,http_flood
2599,1781099986.509210,http_flood
2600,1781099986.511272,http_flood
2601,1781099986.513609,http_flood
2602,1781099986.516488,http_flood
2603,1781099986.518201,http_flood
2604,1781099986.520294,http_flood
2605,1781099986.522862,http_flood
2606,1781099986.524697,http_flood
2607,1781099986.527791,http_flood
2608,1781099986.529827,http_flood
2609,1781099986.531754,http_flood
2610,1781099986.534094,http_flood
2611,1781099986.535475,http_flood
2612,1781099986.537463,normal
2613,1781099986.539151,http_flood
2614,1781099986.541675,http_flood
2615,1781099986.543896,http_flood
2616,1781099986.546569,normal
2617,1781099986.549178,http_flood
2618,1781099986.550817,normal
2619,1781099986.552768,http_flood
2620,1781099986.555131,http_flood
2621,1781099986.557779,normal
2622,1781099986.560130,http_flood
2623,1781099986.562649,http_flood
2624,1781099986.564950,http_flood
2625,1781099986.567080,normal
2626,1781099986.568661,http_flood
2627,1781099986.571106,http_flood
2628,1781099986.573092,normal
2629,1781099986.575570,http_flood
2630,1781099986.577187,http_flood
2631,1781099986.579509,http_flood
2632,1781099986.581162,http_flood
2633,1781099986.582776,normal
2634,1781099986.584491,normal
2635,1781099986.586228,normal
2636,1781099986.587906,normal
2637,1781099986.591031,normal
2638,1781099986.592302,http_flood
2639,1781099986.593509,normal
2640,1781099986.595590,normal
2641,1781099986.597418,http_flood
2642,1781099986.599657,http_flood
2643,1781099986.601668,normal
2644,1781099986.603867,http_flood
2645,1781099986.605377,normal
2646,1781099986.607192,http_flood
2647,1781099986.609363,normal
2648,1781099986.611390,normal
2649,1781099986.613433,http_flood
2650,1781099986.615230,http_flood
2651,1781099986.616494,http_flood
2652,1781099986.618563,normal
2653,1781099986.620351,http_flood
2654,1781099986.621890,http_flood
2655,1781099986.623941,http_flood
2656,1781099986.626217,http_flood
2657,1781099986.628618,normal
2658,1781099986.629879,normal
2659,1781099986.631624,normal
2660,1781099986.633965,normal
2661,1781099986.636006,http_flood
2662,1781099986.637467,http_flood
2663,1781099986.639519,http_flood
2664,1781099986.641505,http_flood
2665,1781099986.643328,normal
2666,1781099986.645680,http_flood
2667,1781099986.647046,normal
2668,1781099986.648925,http_flood
2669,1781099986.650706,http_flood
2670,1781099986.652363,http_flood
2671,1781099986.653905,http_flood
2672,1781099986.655614,http_flood
2673,1781099986.656882,http_flood
2674,1781099986.659752,http_flood
2675,1781099986.661211,normal
2676,1781099986.662977,http_flood
2677,1781099986.664953,http_flood
2678,1781099986.666883,http_flood
2679,1781099986.668144,http_flood
2680,1781099986.670127,normal
2681,1781099986.671818,http_flood
2682,1781099986.673403,http_flood
2683,1781099986.676928,http_flood
2684,1781099986.678500,http_flood
2685,1781099986.679945,http_flood
2686,1781099986.681926,http_flood
2687,1781099986.683126,http_flood
2688,1781099986.685437,http_flood
2689,1781099986.687065,http_flood
2690,1781099986.688768,http_flood
2691,1781099986.691092,http_flood
2692,1781099986.692860,normal
2693,1781099986.694349,normal
2694,1781099986.696471,http_flood
2695,1781099986.698817,http_flood
2696,1781099986.701247,http_flood
2697,1781099986.702295,normal
2698,1781099986.704272,http_flood
2699,1781099986.706019,http_flood
2700,1781099986.707642,normal
2701,1781099986.709427,normal
2702,1781099986.711910,http_flood
2703,1781099986.713858,http_flood
2704,1781099986.715980,http_flood
2705,1781099986.717622,http_flood
2706,1781099986.720343,normal
2707,1781099986.721874,http_flood
2708,1781099986.723680,http_flood
2709,1781099986.726054,normal
2710,1781099986.728798,http_flood
2711,1781099986.730168,http_flood
2712,1781099986.731889,http_flood
2713,1781099986.734642,http_flood
2714,1781099986.736186,http_flood
2715,1781099986.738351,normal
2716,1781099986.740306,http_flood
2717,1781099986.742610,http_flood
2718,1781099986.744673,http_flood
2719,1781099986.746155,http_flood
2720,1781099986.747952,http_flood
2721,1781099986.750550,http_flood
2722,1781099986.751945,http_flood
2723,1781099986.753896,normal
2724,1781099986.755625,http_flood
2725,1781099986.757280,http_flood
2726,1781099986.759526,http_flood
2727,1781099986.762268,normal
2728,1781099986.763807,normal
2729,1781099986.766136,http_flood
2730,1781099986.767677,http_flood
2731,1781099986.769914,normal
2732,1781099986.771451,http_flood
2733,1781099986.773422,normal
2734,1781099986.775454,http_flood
2735,1781099986.778588,http_flood
2736,1781099986.781060,http_flood
2737,1781099986.782688,http_flood
2738,1781099986.784734,http_flood
2739,1781099986.787018,http_flood
2740,1781099986.789759,http_flood
2741,1781099986.792300,http_flood
2742,1781099986.793769,http_flood
2743,1781099986.796320,http_flood
2744,1781099986.798419,http_flood
2745,1781099986.800008,http_flood
2746,1781099986.801794,normal
2747,1781099986.803481,http_flood
2748,1781099986.806609,normal
2749,1781099986.808105,http_flood
2750,1781099986.810393,normal
2751,1781099986.812083,http_flood
2752,1781099986.813669,normal
2753,1781099986.815305,http_flood
2754,1781099986.817059,normal
2755,1781099986.818835,http_flood
2756,1781099986.820611,http_flood
2757,1781099986.823430,http_flood
2758,1781099986.824612,http_flood
2759,1781099986.827189,http_flood
2760,1781099986.828197,http_flood
2761,1781099986.829963,normal
2762,1781099986.831951,normal
2763,1781099986.834561,http_flood
2764,1781099986.836369,normal
2765,1781099986.838322,normal
2766,1781099986.840047,http_flood
2767,1781099986.842650,http_flood
2768,1781099986.844716,http_flood
2769,1781099986.846400,http_flood
2770,1781099986.848355,http_flood
2771,1781099986.849793,http_flood
2772,1781099986.851156,http_flood
2773,1781099986.853079,normal
2774,1781099986.855655,http_flood
2775,1781099986.857606,normal
2776,1781099986.859321,http_flood
2777,1781099986.861253,http_flood
2778,1781099986.863211,http_flood
2779,1781099986.865615,normal
2780,1781099986.867176,http_flood
2781,1781099986.869236,http_flood
2782,1781099986.871105,http_flood
2783,1781099986.872857,http_flood
2784,1781099986.875095,normal
2785,1781099986.877589,http_flood
2786,1781099986.879636,http_flood
2787,1781099986.880750,http_flood
2788,1781099986.882041,http_flood
2789,1781099986.884518,normal
2790,1781099986.885882,http_flood
2791,1781099986.887927,http_flood
2792,1781099986.889757,http_flood
2793,1781099986.891569,http_flood
2794,1781099986.893598,http_flood
2795,1781099986.895142,http_flood
2796,1781099986.897215,http_flood
2797,1781099986.899004,http_flood
2798,1781099986.901230,http_flood
2799,1781099986.903952,http_flood
2800,1781099986.905824,http_flood
2801,1781099986.907879,normal
2802,1781099986.909505,normal
2803,1781099986.911854,normal
2804,1781099986.914195,normal
2805,1781099986.916922,normal
2806,1781099986.918540,http_flood
2807,1781099986.919780,http_flood
2808,1781099986.921154,http_flood
2809,1781099986.922819,http_flood
2810,1781099986.924858,http_flood
2811,1781099986.926809,http_flood
2812,1781099986.927978,http_flood
2813,1781099986.929676,http_flood
2814,1781099986.931338,normal
2815,1781099986.932720,http_flood
2816,1781099986.935012,http_flood
2817,1781099986.937212,http_flood
2818,1781099986.939824,http_flood
2819,1781099986.942510,http_flood
2820,1781099986.943920,http_flood
2821,1781099986.945471,http_flood
2822,1781099986.947573,http_flood
2823,1781099986.949206,normal
2824,1781099986.952571,http_flood
2825,1781099986.954452,http_flood
2826,1781099986.956699,http_flood
2827,1781099986.957936,http_flood
2828,1781099986.960224,http_flood
2829,1781099986.962200,http_flood
2830,1781099986.963924,http_flood
2831,1781099986.966059,http_flood
2832,1781099986.968940,http_flood
2833,1781099986.971285,normal
2834,1781099986.973417,http_flood
2835,1781099986.975763,http_flood
2836,1781099986.977210,http_flood
2837,1781099986.979499,http_flood
2838,1781099986.981007,http_flood
2839,1781099986.982460,http_flood
2840,1781099986.984582,http_flood
2841,1781099986.986127,http_flood
2842,1781099986.987433,http_flood
2843,1781099986.989161,http_flood
2844,1781099986.990719,http_flood
2845,1781099986.992042,http_flood
2846,1781099986.993784,http_flood
2847,1781099986.995774,http_flood
2848,1781099986.998376,http_flood
2849,1781099986.999751,http_flood
2850,1781099987.001622,http_flood
2851,1781099987.002904,http_flood
2852,1781099987.004503,http_flood
2853,1781099987.005847,http_flood
2854,1781099987.008129,normal
2855,1781099987.010158,http_flood
2856,1781099987.011661,normal
2857,1781099987.013258,http_flood
2858,1781099987.015352,http_flood
2859,1781099987.016442,http_flood
2860,1781099987.018496,http_flood
2861,1781099987.020541,http_flood
2862,1781099987.021665,http_flood
2863,1781099987.023103,http_flood
2864,1781099987.024690,http_flood
2865,1781099987.026024,normal
2866,1781099987.027167,http_flood
2867,1781099987.028653,http_flood
2868,1781099987.030357,http_flood
2869,1781099987.032167,normal
2870,1781099987.034436,http_flood
2871,1781099987.036118,http_flood
2872,1781099987.037656,normal
2873,1781099987.039312,http_flood
2874,1781099987.041289,http_flood
2875,1781099987.042817,http_flood
2876,1781099987.044357,normal
2877,1781099987.046478,http_flood
2878,1781099987.048068,normal
2879,1781099987.050045,http_flood
2880,1781099987.051632,http_flood
2881,1781099987.053463,http_flood
2882,1781099987.054903,http_flood
2883,1781099987.056953,http_flood
2884,1781099987.058562,normal
2885,1781099987.060301,http_flood
2886,1781099987.061723,http_flood
2887,1781099987.063336,http_flood
2888,1781099987.065714,http_flood
2889,1781099987.067140,http_flood
2890,1781099987.069127,http_flood
2891,1781099987.070399,normal
2892,1781099987.072220,http_flood
2893,1781099987.073885,normal
2894,1781099987.074952,http_flood
2895,1781099987.076435,http_flood
2896,1781099987.078733,normal
2897,1781099987.080503,normal
2898,1781099987.082605,normal
2899,1781099987.085015,http_flood
2900,1781099987.086471,http_flood
2901,1781099987.088179,http_flood
2902,1781099987.089848,http_flood
2903,1781099987.091138,http_flood
2904,1781099987.093107,http_flood
2905,1781099987.094325,http_flood
2906,1781099987.096190,http_flood
2907,1781099987.097794,http_flood
2908,1781099987.099154,normal
2909,1781099987.100728,normal
2910,1781099987.102700,http_flood
2911,1781099987.103871,http_flood
2912,1781099987.105189,http_flood
2913,1781099987.107140,http_flood
2914,1781099987.108406,http_flood
2915,1781099987.109834,http_flood
2916,1781099987.112173,normal
2917,1781099987.113461,http_flood
2918,1781099987.115338,normal
2919,1781099987.116972,http_flood
2920,1781099987.119229,normal
2921,1781099987.121276,http_flood
2922,1781099987.122847,normal
2923,1781099987.125263,http_flood
2924,1781099987.126617,normal
2925,1781099987.128805,normal
2926,1781099987.130728,http_flood
2927,1781099987.132210,http_flood
2928,1781099987.133900,http_flood
2929,1781099987.135249,normal
2930,1781099987.136908,http_flood
2931,1781099987.138607,http_flood
2932,1781099987.140363,http_flood
2933,1781099987.142307,http_flood
2934,1781099987.143866,http_flood
2935,1781099987.145636,http_flood
2936,1781099987.148044,http_flood
2937,1781099987.149639,http_flood
2938,1781099987.150720,normal
2939,1781099987.152117,http_flood
2940,1781099987.153548,http_flood
2941,1781099987.154824,http_flood
2942,1781099987.156355,normal
2943,1781099987.157901,http_flood
2944,1781099987.160340,http_flood
2945,1781099987.162316,normal
2946,1781099987.163993,normal
2947,1781099987.165094,http_flood
2948,1781099987.166741,normal
2949,1781099987.168153,http_flood
2950,1781099987.170825,http_flood
2951,1781099987.172269,http_flood
2952,1781099987.174103,http_flood
2953,1781099987.176045,normal
2954,1781099987.177566,http_flood
2955,1781099987.178844,http_flood
2956,1781099987.180607,http_flood
2957,1781099987.181820,http_flood
2958,1781099987.183851,http_flood
2959,1781099987.185730,normal
2960,1781099987.187565,http_flood
2961,1781099987.189449,http_flood
2962,1781099987.191701,http_flood
2963,1781099987.193128,http_flood
2964,1781099987.195566,http_flood
2965,1781099987.197127,http_flood
2966,1781099987.198732,normal
2967,1781099987.199930,http_flood
2968,1781099987.200918,normal
2969,1781099987.202355,http_flood
2970,1781099987.204166,http_flood
2971,1781099987.205901,http_flood
2972,1781099987.207502,normal
2973,1781099987.209527,http_flood
2974,1781099987.211448,http_flood
2975,1781099987.212761,http_flood
2976,1781099987.214919,http_flood
2977,1781099987.216290,http_flood
2978,1781099987.218241,http_flood
2979,1781099987.219981,http_flood
2980,1781099987.221461,http_flood
2981,1781099987.223495,normal
2982,1781099987.225484,http_flood
2983,1781099987.226828,http_flood
2984,1781099987.228236,http_flood
2985,1781099987.229911,normal
2986,1781099987.231648,http_flood
2987,1781099987.233651,normal
2988,1781099987.235593,http_flood
2989,1781099987.237218,normal
2990,1781099987.239921,normal
2991,1781099987.241243,http_flood
2992,1781099987.242880,http_flood
2993,1781099987.245137,normal
2994,1781099987.247116,normal
2995,1781099987.248818,http_flood
2996,1781099987.250459,http_flood
2997,1781099987.251404,http_flood
2998,1781099987.252926,http_flood
2999,1781099987.255223,http_flood
3000,1781099987.256843,http_flood
3001,1781099987.258697,http_flood
3002,1781099987.260072,http_flood
3003,1781099987.261609,http_flood
3004,1781099987.263325,http_flood
3005,1781099987.264753,http_flood
3006,1781099987.267102,http_flood
3007,1781099987.268729,http_flood
3008,1781099987.270467,http_flood
3009,1781099987.272119,normal
3010,1781099987.273977,http_flood
3011,1781099987.275842,http_flood
3012,1781099987.278040,normal
3013,1781099987.279339,normal
3014,1781099987.281636,http_flood
3015,1781099987.284452,normal
3016,1781099987.285972,http_flood
3017,1781099987.287378,normal
3018,1781099987.289693,http_flood
3019,1781099987.291579,http_flood
3020,1781099987.293385,normal
3021,1781099987.295063,http_flood
3022,1781099987.296509,normal
3023,1781099987.298725,normal
3024,1781099987.300807,normal
3025,1781099987.303041,normal
3026,1781099987.304570,http_flood
3027,1781099987.306201,http_flood
3028,1781099987.307970,http_flood
3029,1781099987.309862,http_flood
3030,1781099987.311301,http_flood
3031,1781099987.312908,http_flood
3032,1781099987.314071,normal
3033,1781099987.315707,http_flood
3034,1781099987.317862,http_flood
3035,1781099987.319836,normal
3036,1781099987.321826,http_flood
3037,1781099987.323319,http_flood
3038,1781099987.324784,normal
3039,1781099987.326616,http_flood
3040,1781099987.328050,http_flood
3041,1781099987.329512,http_flood
3042,1781099987.331408,http_flood
3043,1781099987.333027,http_flood
3044,1781099987.334674,normal
3045,1781099987.335935,http_flood
3046,1781099987.337080,http_flood
3047,1781099987.338866,http_flood
3048,1781099987.340129,http_flood
3049,1781099987.341625,http_flood
3050,1781099987.343014,normal
3051,1781099987.344678,http_flood
3052,1781099987.346713,http_flood
3053,1781099987.348761,http_flood
3054,1781099987.349896,http_flood
3055,1781099987.351546,normal
3056,1781099987.353347,http_flood
3057,1781099987.355479,http_flood
3058,1781099987.357346,http_flood
3059,1781099987.359235,http_flood
3060,1781099987.361376,http_flood
3061,1781099987.363219,http_flood
3062,1781099987.365221,http_flood
3063,1781099987.366473,http_flood
3064,1781099987.367656,http_flood
3065,1781099987.369373,http_flood
3066,1781099987.371072,http_flood
3067,1781099987.372523,normal
3068,1781099987.374218,http_flood
3069,1781099987.375821,normal
3070,1781099987.377588,http_flood
3071,1781099987.379423,http_flood
3072,1781099987.381054,http_flood
3073,1781099987.382864,http_flood
3074,1781099987.385269,http_flood
3075,1781099987.386712,http_flood
3076,1781099987.388214,http_flood
3077,1781099987.389822,http_flood
3078,1781099987.391430,http_flood
3079,1781099987.392641,http_flood
3080,1781099987.394148,normal
3081,1781099987.395714,http_flood
3082,1781099987.397424,http_flood
3083,1781099987.398819,http_flood
3084,1781099987.400859,http_flood
3085,1781099987.402669,normal
3086,1781099987.404345,normal
3087,1781099987.405740,normal
3088,1781099987.407003,http_flood
3089,1781099987.408602,http_flood
3090,1781099987.409975,http_flood
3091,1781099987.411433,http_flood
3092,1781099987.413721,http_flood
3093,1781099987.415289,http_flood
3094,1781099987.416446,http_flood
3095,1781099987.418235,http_flood
3096,1781099987.420112,http_flood
3097,1781099987.421337,http_flood
3098,1781099987.423282,http_flood
3099,1781099987.425058,http_flood
3100,1781099987.426730,http_flood
3101,1781099987.428084,http_flood
3102,1781099987.430298,normal
3103,1781099987.432183,http_flood
3104,1781099987.434780,http_flood
3105,1781099987.436554,http_flood
3106,1781099987.439181,http_flood
3107,1781099987.441946,normal
3108,1781099987.443243,http_flood
3109,1781099987.444805,normal
3110,1781099987.445984,http_flood
3111,1781099987.447688,http_flood
3112,1781099987.449219,http_flood
3113,1781099987.450739,http_flood
3114,1781099987.453099,normal
3115,1781099987.455234,http_flood
3116,1781099987.457180,http_flood
3117,1781099987.459006,http_flood
3118,1781099987.460252,http_flood
3119,1781099987.461752,http_flood
3120,1781099987.462914,http_flood
3121,1781099987.464688,http_flood
3122,1781099987.466122,normal
3123,1781099987.468237,http_flood
3124,1781099987.469493,http_flood
3125,1781099987.471722,http_flood
3126,1781099987.473121,http_flood
3127,1781099987.474684,http_flood
3128,1781099987.475874,normal
3129,1781099987.477410,normal
3130,1781099987.479408,http_flood
3131,1781099987.481060,normal
3132,1781099987.482447,http_flood
3133,1781099987.483371,normal
3134,1781099987.484813,http_flood
3135,1781099987.486573,http_flood
3136,1781099987.488292,http_flood
3137,1781099987.490249,http_flood
3138,1781099987.491853,http_flood
3139,1781099987.493160,http_flood
3140,1781099987.495173,normal
3141,1781099987.496763,http_flood
3142,1781099987.499223,http_flood
3143,1781099987.501260,http_flood
3144,1781099987.502960,http_flood
3145,1781099987.504776,http_flood
3146,1781099987.506527,http_flood
3147,1781099987.507606,http_flood
3148,1781099987.509885,http_flood
3149,1781099987.511603,normal
3150,1781099987.513145,normal
3151,1781099987.514724,http_flood
3152,1781099987.516889,normal
3153,1781099987.518477,http_flood
3154,1781099987.520150,normal
3155,1781099987.521626,http_flood
3156,1781099987.523190,http_flood
3157,1781099987.524593,http_flood
3158,1781099987.526148,http_flood
3159,1781099987.527900,normal
3160,1781099987.529645,normal
3161,1781099987.531321,http_flood
3162,1781099987.532735,http_flood
3163,1781099987.534305,normal
3164,1781099987.535521,normal
3165,1781099987.537340,http_flood
3166,1781099987.538494,http_flood
3167,1781099987.539663,http_flood
3168,1781099987.541288,http_flood
3169,1781099987.543147,http_flood
3170,1781099987.544417,http_flood
3171,1781099987.546995,http_flood
3172,1781099987.549172,http_flood
3173,1781099987.550476,normal
3174,1781099987.552254,http_flood
3175,1781099987.553638,http_flood
3176,1781099987.554617,normal
3177,1781099987.556044,http_flood
3178,1781099987.557324,normal
3179,1781099987.559067,normal
3180,1781099987.560737,normal
3181,1781099987.562683,http_flood
3182,1781099987.564310,http_flood
3183,1781099987.565477,http_flood
3184,1781099987.567142,http_flood
3185,1781099987.568760,normal
3186,1781099987.570459,normal
3187,1781099987.571925,http_flood
3188,1781099987.573838,http_flood
3189,1781099987.575066,http_flood
3190,1781099987.576723,http_flood
3191,1781099987.578302,normal
3192,1781099987.579769,http_flood
3193,1781099987.581696,http_flood
3194,1781099987.582945,http_flood
3195,1781099987.584451,http_flood
3196,1781099987.586149,http_flood
3197,1781099987.587379,http_flood
3198,1781099987.589348,http_flood
3199,1781099987.591097,http_flood
3200,1781099987.592963,http_flood
3201,1781099987.594229,http_flood
3202,1781099987.596082,http_flood
3203,1781099987.598041,http_flood
3204,1781099987.599537,http_flood
3205,1781099987.602127,http_flood
3206,1781099987.603304,http_flood
3207,1781099987.605354,http_flood
3208,1781099987.606669,http_flood
3209,1781099987.607794,http_flood
3210,1781099987.609309,http_flood
3211,1781099987.611076,http_flood
3212,1781099987.612482,http_flood
3213,1781099987.614068,normal
3214,1781099987.615314,http_flood
3215,1781099987.616702,http_flood
3216,1781099987.618333,http_flood
3217,1781099987.619922,http_flood
3218,1781099987.621543,http_flood
3219,1781099987.623404,normal
3220,1781099987.624891,http_flood
3221,1781099987.627830,normal
3222,1781099987.630291,http_flood
3223,1781099987.631965,http_flood
3224,1781099987.633763,http_flood
3225,1781099987.635544,http_flood
3226,1781099987.636996,http_flood
3227,1781099987.637967,http_flood
3228,1781099987.639457,http_flood
3229,1781099987.640361,http_flood
3230,1781099987.641924,http_flood
3231,1781099987.643786,http_flood
3232,1781099987.645226,http_flood
3233,1781099987.647333,http_flood
3234,1781099987.649226,normal
3235,1781099987.650821,http_flood
3236,1781099987.652311,http_flood
3237,1781099987.653651,http_flood
3238,1781099987.655264,http_flood
3239,1781099987.657475,http_flood
3240,1781099987.659104,http_flood
3241,1781099987.660485,http_flood
3242,1781099987.661560,http_flood
3243,1781099987.663051,http_flood
3244,1781099987.664713,http_flood
3245,1781099987.666158,normal
3246,1781099987.667738,http_flood
3247,1781099987.669285,http_flood
3248,1781099987.671117,normal
3249,1781099987.673159,http_flood
3250,1781099987.674746,normal
3251,1781099987.676349,http_flood
3252,1781099987.678289,http_flood
3253,1781099987.679691,http_flood
3254,1781099987.680479,http_flood
3255,1781099987.681767,http_flood
3256,1781099987.683677,http_flood
3257,1781099987.685182,http_flood
3258,1781099987.686811,http_flood
3259,1781099987.688385,http_flood
3260,1781099987.689547,normal
3261,1781099987.691271,normal
3262,1781099987.692856,http_flood
3263,1781099987.694268,normal
3264,1781099987.695498,normal
3265,1781099987.697203,normal
3266,1781099987.698500,http_flood
3267,1781099987.699961,normal
3268,1781099987.701721,http_flood
3269,1781099987.702947,http_flood
3270,1781099987.704248,http_flood
3271,1781099987.705792,http_flood
3272,1781099987.706954,http_flood
3273,1781099987.708285,http_flood
3274,1781099987.710206,http_flood
3275,1781099987.711424,http_flood
3276,1781099987.712673,http_flood
3277,1781099987.715098,http_flood
3278,1781099987.716935,http_flood
3279,1781099987.718035,http_flood
3280,1781099987.719284,http_flood
3281,1781099987.720730,normal
3282,1781099987.722301,http_flood
3283,1781099987.723792,normal
3284,1781099987.725424,http_flood
3285,1781099987.726753,http_flood
3286,1781099987.728127,http_flood
3287,1781099987.730341,http_flood
3288,1781099987.731337,http_flood
3289,1781099987.732814,http_flood
3290,1781099987.734493,http_flood
3291,1781099987.736315,http_flood
3292,1781099987.737955,normal
3293,1781099987.739329,normal
3294,1781099987.740770,http_flood
3295,1781099987.742051,http_flood
3296,1781099987.743081,http_flood
3297,1781099987.744671,http_flood
3298,1781099987.746204,http_flood
3299,1781099987.747824,http_flood
3300,1781099987.749456,normal
3301,1781099987.751131,normal
3302,1781099987.752527,http_flood
3303,1781099987.753958,http_flood
3304,1781099987.755254,http_flood
3305,1781099987.756512,http_flood
3306,1781099987.757669,http_flood
3307,1781099987.759722,http_flood
3308,1781099987.761522,http_flood
3309,1781099987.762519,http_flood
3310,1781099987.763643,http_flood
3311,1781099987.765272,http_flood
3312,1781099987.766517,http_flood
3313,1781099987.768249,http_flood
3314,1781099987.769108,http_flood
3315,1781099987.771253,http_flood
3316,1781099987.772291,http_flood
3317,1781099987.773319,http_flood
3318,1781099987.775662,normal
3319,1781099987.776784,http_flood
3320,1781099987.778442,http_flood
3321,1781099987.779788,http_flood
3322,1781099987.781232,normal
3323,1781099987.782751,http_flood
3324,1781099987.784497,http_flood
3325,1781099987.786309,http_flood
3326,1781099987.787777,http_flood
3327,1781099987.788820,normal
3328,1781099987.790530,http_flood
3329,1781099987.791615,http_flood
3330,1781099987.792631,http_flood
3331,1781099987.793710,http_flood
3332,1781099987.795361,normal
3333,1781099987.797170,http_flood
3334,1781099987.798511,normal
3335,1781099987.799733,normal
3336,1781099987.800993,http_flood
3337,1781099987.802433,http_flood
3338,1781099987.803567,http_flood
3339,1781099987.805037,http_flood
3340,1781099987.806528,http_flood
3341,1781099987.808670,http_flood
3342,1781099987.809819,http_flood
3343,1781099987.810755,normal
3344,1781099987.812421,normal
3345,1781099987.813647,normal
3346,1781099987.814791,http_flood
3347,1781099987.816510,http_flood
3348,1781099987.817847,http_flood
3349,1781099987.818965,http_flood
3350,1781099987.820366,http_flood
3351,1781099987.822109,normal
3352,1781099987.823686,http_flood
3353,1781099987.825511,http_flood
3354,1781099987.827353,http_flood
3355,1781099987.828567,http_flood
3356,1781099987.829876,http_flood
3357,1781099987.830880,normal
3358,1781099987.832592,normal
3359,1781099987.833803,http_flood
3360,1781099987.834880,http_flood
3361,1781099987.836322,http_flood
3362,1781099987.838515,http_flood
3363,1781099987.839573,http_flood
3364,1781099987.840847,http_flood
3365,1781099987.842240,http_flood
3366,1781099987.844927,http_flood
3367,1781099987.845726,http_flood
3368,1781099987.846867,http_flood
3369,1781099987.848490,http_flood
3370,1781099987.849592,http_flood
3371,1781099987.851251,http_flood
3372,1781099987.853487,http_flood
3373,1781099987.855006,http_flood
3374,1781099987.856246,http_flood
3375,1781099987.857916,http_flood
3376,1781099987.859323,http_flood
3377,1781099987.860886,http_flood
3378,1781099987.862886,http_flood
3379,1781099987.863885,http_flood
3380,1781099987.865322,http_flood
3381,1781099987.866641,http_flood
3382,1781099987.867887,http_flood
3383,1781099987.869414,http_flood
3384,1781099987.870954,normal
3385,1781099987.872566,normal
3386,1781099987.874121,normal
3387,1781099987.875729,http_flood
3388,1781099987.876540,http_flood
3389,1781099987.878073,http_flood
3390,1781099987.879094,http_flood
3391,1781099987.880462,http_flood
3392,1781099987.881500,http_flood
3393,1781099987.882687,http_flood
3394,1781099987.884088,http_flood
3395,1781099987.885387,http_flood
3396,1781099987.886486,http_flood
3397,1781099987.888556,http_flood
3398,1781099987.889949,http_flood
3399,1781099987.891575,http_flood
3400,1781099987.892866,http_flood
3401,1781099987.893937,http_flood
3402,1781099987.895674,http_flood
3403,1781099987.896703,http_flood
3404,1781099987.897880,normal
3405,1781099987.899564,http_flood
3406,1781099987.901160,http_flood
3407,1781099987.902252,http_flood
3408,1781099987.903311,http_flood
3409,1781099987.905764,http_flood
3410,1781099987.907408,http_flood
3411,1781099987.909094,http_flood
3412,1781099987.910542,normal
3413,1781099987.912048,http_flood
3414,1781099987.914157,normal
3415,1781099987.915283,http_flood
3416,1781099987.916410,http_flood
3417,1781099987.917465,http_flood
3418,1781099987.918703,http_flood
3419,1781099987.920443,http_flood
3420,1781099987.921778,http_flood
3421,1781099987.923780,http_flood
3422,1781099987.924843,normal
3423,1781099987.925806,http_flood
3424,1781099987.927127,http_flood
3425,1781099987.928802,http_flood
3426,1781099987.930063,http_flood
3427,1781099987.931771,http_flood
3428,1781099987.932691,http_flood
3429,1781099987.933956,http_flood
3430,1781099987.935225,http_flood
3431,1781099987.936873,http_flood
3432,1781099987.938496,http_flood
3433,1781099987.939778,normal
3434,1781099987.941337,http_flood
3435,1781099987.942597,normal
3436,1781099987.944143,http_flood
3437,1781099987.945379,http_flood
3438,1781099987.946665,http_flood
3439,1781099987.948048,http_flood
3440,1781099987.949404,http_flood
3441,1781099987.950734,http_flood
3442,1781099987.952351,normal
3443,1781099987.954136,http_flood
3444,1781099987.955211,normal
3445,1781099987.956774,http_flood
3446,1781099987.958062,http_flood
3447,1781099987.959719,normal
3448,1781099987.961573,http_flood
3449,1781099987.962696,http_flood
3450,1781099987.963652,http_flood
3451,1781099987.965410,http_flood
3452,1781099987.966888,http_flood
3453,1781099987.968558,http_flood
3454,1781099987.969820,http_flood
3455,1781099987.971005,http_flood
3456,1781099987.972817,http_flood
3457,1781099987.973858,http_flood
3458,1781099987.975119,http_flood
3459,1781099987.976427,http_flood
3460,1781099987.977494,http_flood
3461,1781099987.978648,http_flood
3462,1781099987.980248,normal
3463,1781099987.981391,normal
3464,1781099987.982509,http_flood
3465,1781099987.983935,http_flood
3466,1781099987.985109,http_flood
3467,1781099987.986272,http_flood
3468,1781099987.987077,normal
3469,1781099987.988495,http_flood
3470,1781099987.990113,normal
3471,1781099987.991402,http_flood
3472,1781099987.992269,http_flood
3473,1781099987.993806,http_flood
3474,1781099987.995430,http_flood
3475,1781099987.996825,http_flood
3476,1781099987.998811,normal
3477,1781099987.999846,http_flood
3478,1781099988.001168,http_flood
3479,1781099988.002482,http_flood
3480,1781099988.003499,http_flood
3481,1781099988.004873,http_flood
3482,1781099988.005687,normal
3483,1781099988.007495,http_flood
3484,1781099988.009050,http_flood
3485,1781099988.010363,http_flood
3486,1781099988.011983,http_flood
3487,1781099988.013186,http_flood
3488,1781099988.014407,http_flood
3489,1781099988.015691,http_flood
3490,1781099988.017159,http_flood
3491,1781099988.018474,http_flood
3492,1781099988.019554,http_flood
3493,1781099988.020931,http_flood
3494,1781099988.021952,http_flood
3495,1781099988.023243,http_flood
3496,1781099988.024992,http_flood
3497,1781099988.026613,http_flood
3498,1781099988.027634,http_flood
3499,1781099988.029095,http_flood
3500,1781099988.030529,http_flood
3501,1781099988.031523,http_flood
3502,1781099988.032561,http_flood
3503,1781099988.034065,http_flood
3504,1781099988.035335,http_flood
3505,1781099988.037050,http_flood
3506,1781099988.038826,http_flood
3507,1781099988.040268,http_flood
3508,1781099988.041518,http_flood
3509,1781099988.042386,normal
3510,1781099988.043488,http_flood
3511,1781099988.045082,http_flood
3512,1781099988.046383,http_flood
3513,1781099988.047824,http_flood
3514,1781099988.049009,http_flood
3515,1781099988.050355,http_flood
3516,1781099988.051217,http_flood
3517,1781099988.052933,http_flood
3518,1781099988.054403,normal
3519,1781099988.055750,http_flood
3520,1781099988.056790,http_flood
3521,1781099988.057772,http_flood
3522,1781099988.058733,http_flood
3523,1781099988.059897,http_flood
3524,1781099988.061601,http_flood
3525,1781099988.062847,http_flood
3526,1781099988.063898,http_flood
3527,1781099988.064639,http_flood
3528,1781099988.065562,http_flood
3529,1781099988.067140,http_flood
3530,1781099988.068722,http_flood
3531,1781099988.069993,normal
3532,1781099988.071286,http_flood
3533,1781099988.072690,http_flood
3534,1781099988.074111,http_flood
3535,1781099988.075676,http_flood
3536,1781099988.076858,http_flood
3537,1781099988.077936,http_flood
3538,1781099988.079281,http_flood
3539,1781099988.080332,http_flood
3540,1781099988.082182,http_flood
3541,1781099988.083012,http_flood
3542,1781099988.084959,http_flood
3543,1781099988.085999,http_flood
3544,1781099988.087351,http_flood
3545,1781099988.088395,http_flood
3546,1781099988.089682,http_flood
3547,1781099988.090577,http_flood
3548,1781099988.091663,http_flood
3549,1781099988.093391,http_flood
3550,1781099988.094685,http_flood
3551,1781099988.096453,http_flood
3552,1781099988.097527,normal
3553,1781099988.098777,http_flood
3554,1781099988.100412,normal
3555,1781099988.101459,http_flood
3556,1781099988.102293,normal
3557,1781099988.103459,http_flood
3558,1781099988.104770,http_flood
3559,1781099988.105943,http_flood
3560,1781099988.107450,http_flood
3561,1781099988.108367,http_flood
3562,1781099988.109722,http_flood
3563,1781099988.111075,http_flood
3564,1781099988.112196,normal
3565,1781099988.113152,http_flood
3566,1781099988.114113,http_flood
3567,1781099988.115706,http_flood
3568,1781099988.116581,http_flood
3569,1781099988.117376,http_flood
3570,1781099988.118808,normal
3571,1781099988.119994,http_flood
3572,1781099988.121246,http_flood
3573,1781099988.122299,http_flood
3574,1781099988.123382,http_flood
3575,1781099988.124459,http_flood
3576,1781099988.126064,http_flood
3577,1781099988.126794,normal
3578,1781099988.128263,http_flood
3579,1781099988.129667,http_flood
3580,1781099988.130682,normal
3581,1781099988.131601,http_flood
3582,1781099988.132973,http_flood
3583,1781099988.134538,http_flood
3584,1781099988.135583,http_flood
3585,1781099988.136490,http_flood
3586,1781099988.137636,http_flood
3587,1781099988.138814,http_flood
3588,1781099988.140418,http_flood
3589,1781099988.141673,http_flood
3590,1781099988.143280,http_flood
3591,1781099988.144115,http_flood
3592,1781099988.145332,http_flood
3593,1781099988.146373,http_flood
3594,1781099988.147908,http_flood
3595,1781099988.149728,http_flood
3596,1781099988.150907,http_flood
3597,1781099988.152241,http_flood
3598,1781099988.153520,http_flood
3599,1781099988.154989,http_flood
3600,1781099988.156206,http_flood
3601,1781099988.157217,http_flood
3602,1781099988.158639,http_flood
3603,1781099988.160103,normal
3604,1781099988.161279,http_flood
3605,1781099988.162563,http_flood
3606,1781099988.164245,http_flood
3607,1781099988.165686,http_flood
3608,1781099988.166833,http_flood
3609,1781099988.167719,http_flood
3610,1781099988.169157,normal
3611,1781099988.170447,http_flood
3612,1781099988.171888,http_flood
3613,1781099988.173146,http_flood
3614,1781099988.174285,http_flood
3615,1781099988.175529,http_flood
3616,1781099988.176383,http_flood
3617,1781099988.177683,http_flood
3618,1781099988.178951,http_flood
3619,1781099988.180465,http_flood
3620,1781099988.181528,normal
3621,1781099988.182643,http_flood
3622,1781099988.183480,http_flood
3623,1781099988.184847,http_flood
3624,1781099988.185668,http_flood
3625,1781099988.186663,http_flood
3626,1781099988.187628,http_flood
3627,1781099988.189373,normal
3628,1781099988.190346,http_flood
3629,1781099988.191885,normal
3630,1781099988.192884,http_flood
3631,1781099988.194044,http_flood
3632,1781099988.195813,http_flood
3633,1781099988.196971,normal
3634,1781099988.198079,http_flood
3635,1781099988.199363,http_flood
3636,1781099988.200585,http_flood
3637,1781099988.201899,normal
3638,1781099988.203321,http_flood
3639,1781099988.204088,normal
3640,1781099988.205041,http_flood
3641,1781099988.206563,http_flood
3642,1781099988.207610,http_flood
3643,1781099988.208800,http_flood
3644,1781099988.209520,http_flood
3645,1781099988.210418,http_flood
3646,1781099988.211767,http_flood
3647,1781099988.213050,http_flood
3648,1781099988.214168,http_flood
3649,1781099988.215312,http_flood
3650,1781099988.216369,http_flood
3651,1781099988.217501,http_flood
3652,1781099988.218571,http_flood
3653,1781099988.219583,http_flood
3654,1781099988.220781,http_flood
3655,1781099988.222282,http_flood
3656,1781099988.223097,http_flood
3657,1781099988.224065,http_flood
3658,1781099988.225074,http_flood
3659,1781099988.226132,http_flood
3660,1781099988.226908,http_flood
3661,1781099988.228527,http_flood
3662,1781099988.229586,http_flood
3663,1781099988.231551,http_flood
3664,1781099988.232935,http_flood
3665,1781099988.234479,http_flood
3666,1781099988.235881,http_flood
3667,1781099988.237026,http_flood
3668,1781099988.238863,http_flood
3669,1781099988.240264,http_flood
3670,1781099988.241274,http_flood
3671,1781099988.242602,http_flood
3672,1781099988.243767,http_flood
3673,1781099988.245064,http_flood
3674,1781099988.246187,http_flood
3675,1781099988.247300,http_flood
3676,1781099988.248258,http_flood
3677,1781099988.249318,http_flood
3678,1781099988.250619,http_flood
3679,1781099988.251511,http_flood
3680,1781099988.252407,http_flood
3681,1781099988.253744,http_flood
3682,1781099988.255000,http_flood
3683,1781099988.256233,http_flood
3684,1781099988.257671,http_flood
3685,1781099988.259193,http_flood
3686,1781099988.260325,http_flood
3687,1781099988.261784,http_flood
3688,1781099988.262543,http_flood
3689,1781099988.263542,http_flood
3690,1781099988.264856,http_flood
3691,1781099988.266045,http_flood
3692,1781099988.267025,http_flood
3693,1781099988.267949,http_flood
3694,1781099988.268980,http_flood
3695,1781099988.270039,http_flood
3696,1781099988.271055,http_flood
3697,1781099988.272352,http_flood
3698,1781099988.273234,http_flood
3699,1781099988.274507,http_flood
3700,1781099988.275755,http_flood
3701,1781099988.276988,http_flood
3702,1781099988.277940,http_flood
3703,1781099988.278769,http_flood
3704,1781099988.280236,http_flood
3705,1781099988.281149,http_flood
3706,1781099988.282219,http_flood
3707,1781099988.283402,http_flood
3708,1781099988.284929,http_flood
3709,1781099988.286146,http_flood
3710,1781099988.287591,http_flood
3711,1781099988.288806,http_flood
3712,1781099988.289644,http_flood
3713,1781099988.290862,http_flood
3714,1781099988.292105,http_flood
3715,1781099988.293002,http_flood
3716,1781099988.293687,http_flood
3717,1781099988.294859,http_flood
3718,1781099988.295888,http_flood
3719,1781099988.297207,http_flood
3720,1781099988.298025,http_flood
3721,1781099988.299030,http_flood
3722,1781099988.300060,http_flood
3723,1781099988.301222,http_flood
3724,1781099988.302027,http_flood
3725,1781099988.302741,http_flood
3726,1781099988.304553,http_flood
3727,1781099988.305918,http_flood
3728,1781099988.306952,normal
3729,1781099988.307944,http_flood
3730,1781099988.309314,http_flood
3731,1781099988.310164,http_flood
3732,1781099988.311629,http_flood
3733,1781099988.312294,http_flood
3734,1781099988.313436,http_flood
3735,1781099988.315168,http_flood
3736,1781099988.316609,http_flood
3737,1781099988.317663,http_flood
3738,1781099988.318619,http_flood
3739,1781099988.319800,http_flood
3740,1781099988.320748,http_flood
3741,1781099988.321663,http_flood
3742,1781099988.322953,http_flood
3743,1781099988.324312,http_flood
3744,1781099988.325406,http_flood
3745,1781099988.326591,http_flood
3746,1781099988.327404,http_flood
3747,1781099988.328620,http_flood
3748,1781099988.329761,http_flood
3749,1781099988.330473,http_flood
3750,1781099988.331896,http_flood
3751,1781099988.333215,http_flood
3752,1781099988.334074,http_flood
3753,1781099988.335091,http_flood
3754,1781099988.336272,http_flood
3755,1781099988.337385,http_flood
3756,1781099988.338811,http_flood
3757,1781099988.340183,http_flood
3758,1781099988.340789,http_flood
3759,1781099988.342014,http_flood
3760,1781099988.343198,http_flood
3761,1781099988.344396,http_flood
3762,1781099988.345679,http_flood
3763,1781099988.346643,http_flood
3764,1781099988.348179,http_flood
3765,1781099988.349432,http_flood
3766,1781099988.350382,http_flood
3767,1781099988.351119,http_flood
3768,1781099988.352118,http_flood
3769,1781099988.353660,http_flood
3770,1781099988.354548,http_flood
3771,1781099988.355951,http_flood
3772,1781099988.357024,http_flood
3773,1781099988.357970,http_flood
3774,1781099988.358948,http_flood
3775,1781099988.359785,http_flood
3776,1781099988.360937,http_flood
3777,1781099988.362235,http_flood
3778,1781099988.363718,http_flood
3779,1781099988.364866,http_flood
3780,1781099988.366182,http_flood
3781,1781099988.367093,http_flood
3782,1781099988.368368,http_flood
3783,1781099988.369299,http_flood
3784,1781099988.370084,normal
3785,1781099988.371520,http_flood
3786,1781099988.372275,http_flood
3787,1781099988.373307,http_flood
3788,1781099988.375015,http_flood
3789,1781099988.375849,normal
3790,1781099988.377056,http_flood
3791,1781099988.378209,http_flood
3792,1781099988.379702,http_flood
3793,1781099988.381508,http_flood
3794,1781099988.382398,http_flood
3795,1781099988.383538,http_flood
3796,1781099988.384377,http_flood
3797,1781099988.385340,http_flood
3798,1781099988.386734,http_flood
3799,1781099988.387899,http_flood
3800,1781099988.389316,http_flood
3801,1781099988.390429,http_flood
3802,1781099988.391644,http_flood
3803,1781099988.392947,http_flood
3804,1781099988.394320,http_flood
3805,1781099988.395336,http_flood
3806,1781099988.396463,http_flood
3807,1781099988.397410,http_flood
3808,1781099988.399048,http_flood
3809,1781099988.399985,http_flood
3810,1781099988.400938,http_flood
3811,1781099988.402107,http_flood
3812,1781099988.402802,http_flood
3813,1781099988.403938,http_flood
3814,1781099988.404931,http_flood
3815,1781099988.405882,http_flood
3816,1781099988.406989,normal
3817,1781099988.407678,http_flood
3818,1781099988.408912,http_flood
3819,1781099988.409480,http_flood
3820,1781099988.410494,http_flood
3821,1781099988.411443,http_flood
3822,1781099988.412058,http_flood
3823,1781099988.413275,http_flood
3824,1781099988.414190,http_flood
3825,1781099988.415390,http_flood
3826,1781099988.416320,normal
3827,1781099988.416960,http_flood
3828,1781099988.418273,http_flood
3829,1781099988.419215,http_flood
3830,1781099988.420359,http_flood
3831,1781099988.421960,http_flood
3832,1781099988.423019,http_flood
3833,1781099988.423834,http_flood
3834,1781099988.424654,http_flood
3835,1781099988.425701,http_flood
3836,1781099988.426787,http_flood
3837,1781099988.427986,http_flood
3838,1781099988.429464,http_flood
3839,1781099988.430956,http_flood
3840,1781099988.431819,http_flood
3841,1781099988.433069,http_flood
3842,1781099988.434410,http_flood
3843,1781099988.435654,http_flood
3844,1781099988.436658,http_flood
3845,1781099988.437660,http_flood
3846,1781099988.438940,http_flood
3847,1781099988.440113,http_flood
3848,1781099988.441170,http_flood
3849,1781099988.442304,http_flood
3850,1781099988.443059,http_flood
3851,1781099988.444554,http_flood
3852,1781099988.445775,http_flood
3853,1781099988.446975,http_flood
3854,1781099988.448207,http_flood
3855,1781099988.449314,http_flood
3856,1781099988.450262,http_flood
3857,1781099988.452022,http_flood
3858,1781099988.453193,http_flood
3859,1781099988.454301,http_flood
3860,1781099988.455362,normal
3861,1781099988.456217,http_flood
3862,1781099988.457425,http_flood
3863,1781099988.458434,http_flood
3864,1781099988.459548,http_flood
3865,1781099988.460269,http_flood
3866,1781099988.461358,normal
3867,1781099988.462351,http_flood
3868,1781099988.463244,http_flood
3869,1781099988.464081,http_flood
3870,1781099988.464965,http_flood
3871,1781099988.466315,http_flood
3872,1781099988.467273,http_flood
3873,1781099988.468521,http_flood
3874,1781099988.469792,http_flood
3875,1781099988.471039,http_flood
3876,1781099988.472034,http_flood
3877,1781099988.473247,normal
3878,1781099988.475005,http_flood
3879,1781099988.476352,http_flood
3880,1781099988.477022,http_flood
3881,1781099988.477893,http_flood
3882,1781099988.479028,http_flood
3883,1781099988.480165,http_flood
3884,1781099988.480983,http_flood
3885,1781099988.481933,http_flood
3886,1781099988.483217,http_flood
3887,1781099988.484259,http_flood
3888,1781099988.485566,http_flood
3889,1781099988.486646,http_flood
3890,1781099988.488054,http_flood
3891,1781099988.489275,http_flood
3892,1781099988.490279,http_flood
3893,1781099988.491491,http_flood
3894,1781099988.493082,normal
3895,1781099988.493829,http_flood
3896,1781099988.494768,http_flood
3897,1781099988.495887,http_flood
3898,1781099988.497061,http_flood
3899,1781099988.498269,http_flood
3900,1781099988.499217,http_flood
3901,1781099988.500149,http_flood
3902,1781099988.501422,normal
3903,1781099988.502557,http_flood
3904,1781099988.503339,http_flood
3905,1781099988.504266,http_flood
3906,1781099988.505270,http_flood
3907,1781099988.506427,http_flood
3908,1781099988.507621,http_flood
3909,1781099988.508839,http_flood
3910,1781099988.509957,http_flood
3911,1781099988.510771,http_flood
3912,1781099988.512284,http_flood
3913,1781099988.513222,http_flood
3914,1781099988.513886,http_flood
3915,1781099988.514687,http_flood
3916,1781099988.515814,http_flood
3917,1781099988.516773,http_flood
3918,1781099988.517786,http_flood
3919,1781099988.518966,http_flood
3920,1781099988.519722,http_flood
3921,1781099988.520501,http_flood
3922,1781099988.521210,normal
3923,1781099988.522395,http_flood
3924,1781099988.523515,normal
3925,1781099988.524505,http_flood
3926,1781099988.525439,http_flood
3927,1781099988.526183,normal
3928,1781099988.527153,http_flood
3929,1781099988.528374,http_flood
3930,1781099988.529185,http_flood
3931,1781099988.530446,http_flood
3932,1781099988.531404,http_flood
3933,1781099988.533311,http_flood
3934,1781099988.534228,http_flood
3935,1781099988.535250,http_flood
3936,1781099988.536362,http_flood
3937,1781099988.537646,normal
3938,1781099988.538809,http_flood
3939,1781099988.539905,http_flood
3940,1781099988.540908,normal
3941,1781099988.541691,http_flood
3942,1781099988.542588,http_flood
3943,1781099988.543417,http_flood
3944,1781099988.544127,http_flood
3945,1781099988.545164,http_flood
3946,1781099988.545621,http_flood
3947,1781099988.546447,http_flood
3948,1781099988.547375,normal
3949,1781099988.548781,http_flood
3950,1781099988.550389,http_flood
3951,1781099988.551060,http_flood
3952,1781099988.551918,http_flood
3953,1781099988.553072,http_flood
3954,1781099988.554202,http_flood
3955,1781099988.555817,http_flood
3956,1781099988.556748,http_flood
3957,1781099988.557865,http_flood
3958,1781099988.558631,http_flood
3959,1781099988.559343,http_flood
3960,1781099988.560556,http_flood
3961,1781099988.561851,http_flood
3962,1781099988.562614,http_flood
3963,1781099988.563467,http_flood
3964,1781099988.564731,http_flood
3965,1781099988.566271,http_flood
3966,1781099988.567314,http_flood
3967,1781099988.568241,http_flood
3968,1781099988.569370,http_flood
3969,1781099988.570331,normal
3970,1781099988.571085,normal
3971,1781099988.571975,normal
3972,1781099988.572687,http_flood
3973,1781099988.573586,http_flood
3974,1781099988.574280,http_flood
3975,1781099988.575549,http_flood
3976,1781099988.576521,http_flood
3977,1781099988.577542,http_flood
3978,1781099988.579118,http_flood
3979,1781099988.580094,http_flood
3980,1781099988.581227,http_flood
3981,1781099988.582254,http_flood
3982,1781099988.583377,http_flood
3983,1781099988.584615,http_flood
3984,1781099988.585619,http_flood
3985,1781099988.586478,http_flood
3986,1781099988.587382,http_flood
3987,1781099988.588640,http_flood
3988,1781099988.589792,http_flood
3989,1781099988.591067,http_flood
3990,1781099988.591959,http_flood
3991,1781099988.592977,http_flood
3992,1781099988.594521,http_flood
3993,1781099988.595588,http_flood
3994,1781099988.596996,normal
3995,1781099988.598243,http_flood
3996,1781099988.599104,http_flood
3997,1781099988.600023,http_flood
3998,1781099988.601108,normal
3999,1781099988.602074,http_flood
4000,1781099988.603069,normal
4001,1781099988.604104,http_flood
4002,1781099988.604851,http_flood
4003,1781099988.605878,http_flood
4004,1781099988.606908,normal
4005,1781099988.607891,http_flood
4006,1781099988.608722,http_flood
4007,1781099988.609537,http_flood
4008,1781099988.610484,http_flood
4009,1781099988.611380,http_flood
4010,1781099988.612365,http_flood
4011,1781099988.613307,http_flood
4012,1781099988.614501,http_flood
4013,1781099988.615348,http_flood
4014,1781099988.616546,normal
4015,1781099988.617799,normal
4016,1781099988.618779,http_flood
4017,1781099988.619924,http_flood
4018,1781099988.621176,http_flood
4019,1781099988.622234,http_flood
4020,1781099988.623657,http_flood
4021,1781099988.624466,http_flood
4022,1781099988.625280,http_flood
4023,1781099988.626194,http_flood
4024,1781099988.627458,http_flood
4025,1781099988.628447,http_flood
4026,1781099988.629147,http_flood
4027,1781099988.630306,http_flood
4028,1781099988.630973,http_flood
4029,1781099988.632197,http_flood
4030,1781099988.633371,http_flood
4031,1781099988.634526,http_flood
4032,1781099988.635245,normal
4033,1781099988.636208,http_flood
4034,1781099988.637079,http_flood
4035,1781099988.638133,http_flood
4036,1781099988.639245,http_flood
4037,1781099988.640408,http_flood
4038,1781099988.641413,http_flood
4039,1781099988.642600,normal
4040,1781099988.643614,normal
4041,1781099988.644288,http_flood
4042,1781099988.645707,http_flood
4043,1781099988.646230,normal
4044,1781099988.647250,http_flood
4045,1781099988.648405,http_flood
4046,1781099988.649150,http_flood
4047,1781099988.649916,http_flood
4048,1781099988.651021,normal
4049,1781099988.652108,http_flood
4050,1781099988.652891,http_flood
4051,1781099988.653982,http_flood
4052,1781099988.654995,normal
4053,1781099988.655804,normal
4054,1781099988.656796,http_flood
4055,1781099988.657759,http_flood
4056,1781099988.658513,normal
4057,1781099988.659616,http_flood
4058,1781099988.660783,normal
4059,1781099988.661968,http_flood
4060,1781099988.663538,http_flood
4061,1781099988.664557,normal
4062,1781099988.665488,http_flood
4063,1781099988.666425,http_flood
4064,1781099988.667459,normal
4065,1781099988.668206,http_flood
4066,1781099988.669193,http_flood
4067,1781099988.669898,normal
4068,1781099988.671158,normal
4069,1781099988.672249,http_flood
4070,1781099988.673173,http_flood
4071,1781099988.674096,http_flood
4072,1781099988.674984,http_flood
4073,1781099988.675737,http_flood
4074,1781099988.676645,http_flood
4075,1781099988.677365,http_flood
4076,1781099988.678360,http_flood
4077,1781099988.679639,http_flood
4078,1781099988.680630,http_flood
4079,1781099988.681461,http_flood
4080,1781099988.682325,http_flood
4081,1781099988.683259,http_flood
4082,1781099988.684338,http_flood
4083,1781099988.686008,http_flood
4084,1781099988.686950,http_flood
4085,1781099988.687678,http_flood
4086,1781099988.688669,http_flood
4087,1781099988.689696,http_flood
4088,1781099988.690577,http_flood
4089,1781099988.691599,normal
4090,1781099988.693064,http_flood
4091,1781099988.693921,http_flood
4092,1781099988.694584,http_flood
4093,1781099988.695249,http_flood
4094,1781099988.696433,normal
4095,1781099988.697986,http_flood
4096,1781099988.699102,normal
4097,1781099988.700397,http_flood
4098,1781099988.701303,normal
4099,1781099988.702171,http_flood
4100,1781099988.703220,http_flood
4101,1781099988.703900,normal
4102,1781099988.704756,http_flood
4103,1781099988.705868,normal
4104,1781099988.706927,http_flood
4105,1781099988.707770,normal
4106,1781099988.708757,http_flood
4107,1781099988.709913,http_flood
4108,1781099988.710845,normal
4109,1781099988.711475,http_flood
4110,1781099988.712630,normal
4111,1781099988.713376,http_flood
4112,1781099988.714314,http_flood
4113,1781099988.715311,http_flood
4114,1781099988.716418,normal
4115,1781099988.717450,http_flood
4116,1781099988.718762,http_flood
4117,1781099988.719813,normal
4118,1781099988.720972,http_flood
4119,1781099988.722044,http_flood
4120,1781099988.723139,http_flood
4121,1781099988.724087,http_flood
4122,1781099988.725182,http_flood
4123,1781099988.726313,http_flood
4124,1781099988.727399,http_flood
4125,1781099988.728374,http_flood
4126,1781099988.729448,normal
4127,1781099988.730137,http_flood
4128,1781099988.731653,http_flood
4129,1781099988.732745,http_flood
4130,1781099988.733706,normal
4131,1781099988.734684,http_flood
4132,1781099988.735687,http_flood
4133,1781099988.736670,normal
4134,1781099988.737433,http_flood
4135,1781099988.738315,http_flood
4136,1781099988.739243,http_flood
4137,1781099988.740331,http_flood
4138,1781099988.741319,http_flood
4139,1781099988.742908,normal
4140,1781099988.744290,http_flood
4141,1781099988.745198,http_flood
4142,1781099988.746137,http_flood
4143,1781099988.747051,http_flood
4144,1781099988.747751,http_flood
4145,1781099988.748662,http_flood
4146,1781099988.749752,http_flood
4147,1781099988.750263,http_flood
4148,1781099988.751076,http_flood
4149,1781099988.752332,http_flood
4150,1781099988.753006,http_flood
4151,1781099988.753816,http_flood
4152,1781099988.754947,http_flood
4153,1781099988.755483,http_flood
4154,1781099988.756150,http_flood
4155,1781099988.757226,http_flood
4156,1781099988.758516,http_flood
4157,1781099988.759697,http_flood
4158,1781099988.760725,http_flood
4159,1781099988.761708,http_flood
4160,1781099988.762709,http_flood
4161,1781099988.763418,http_flood
4162,1781099988.765101,http_flood
4163,1781099988.766054,http_flood
4164,1781099988.767275,http_flood
4165,1781099988.768283,normal
4166,1781099988.769862,normal
4167,1781099988.771194,http_flood
4168,1781099988.772496,http_flood
4169,1781099988.773296,http_flood
4170,1781099988.773897,normal
4171,1781099988.775110,http_flood
4172,1781099988.776335,http_flood
4173,1781099988.777465,http_flood
4174,1781099988.778188,http_flood
4175,1781099988.778958,http_flood
4176,1781099988.779970,normal
4177,1781099988.781206,http_flood
4178,1781099988.782561,http_flood
4179,1781099988.783465,http_flood
4180,1781099988.784793,normal
4181,1781099988.785833,http_flood
4182,1781099988.787114,http_flood
4183,1781099988.788064,normal
4184,1781099988.789108,http_flood
4185,1781099988.789988,http_flood
4186,1781099988.791164,http_flood
4187,1781099988.792041,normal
4188,1781099988.792749,normal
4189,1781099988.793622,http_flood
4190,1781099988.794616,http_flood
4191,1781099988.795158,http_flood
4192,1781099988.796130,http_flood
4193,1781099988.796824,http_flood
4194,1781099988.797659,http_flood
4195,1781099988.798549,http_flood
4196,1781099988.799388,http_flood
4197,1781099988.800335,http_flood
4198,1781099988.800946,http_flood
4199,1781099988.802147,http_flood
4200,1781099988.803833,normal
4201,1781099988.805044,http_flood
4202,1781099988.806293,http_flood
4203,1781099988.806931,http_flood
4204,1781099988.808035,http_flood
4205,1781099988.808710,http_flood
4206,1781099988.809650,http_flood
4207,1781099988.810973,http_flood
4208,1781099988.812062,normal
4209,1781099988.813046,http_flood
4210,1781099988.814036,normal
4211,1781099988.815087,http_flood
4212,1781099988.815950,http_flood
4213,1781099988.816635,http_flood
4214,1781099988.817241,http_flood
4215,1781099988.818009,normal
4216,1781099988.818809,http_flood
4217,1781099988.819665,normal
4218,1781099988.820518,http_flood
4219,1781099988.821546,http_flood
4220,1781099988.822520,http_flood
4221,1781099988.823399,normal
4222,1781099988.824517,http_flood
4223,1781099988.825251,http_flood
4224,1781099988.826161,http_flood
4225,1781099988.827046,http_flood
4226,1781099988.827865,http_flood
4227,1781099988.828791,http_flood
4228,1781099988.829962,http_flood
4229,1781099988.830693,http_flood
4230,1781099988.831603,http_flood
4231,1781099988.832451,http_flood
4232,1781099988.833491,http_flood
4233,1781099988.834262,http_flood
4234,1781099988.835190,http_flood
4235,1781099988.836114,http_flood
4236,1781099988.837096,http_flood
4237,1781099988.838132,normal
4238,1781099988.839059,http_flood
4239,1781099988.839929,normal
4240,1781099988.840940,http_flood
4241,1781099988.842096,normal
4242,1781099988.842932,http_flood
4243,1781099988.843899,http_flood
4244,1781099988.844986,http_flood
4245,1781099988.845617,normal
4246,1781099988.846538,http_flood
4247,1781099988.847759,http_flood
4248,1781099988.848807,normal
4249,1781099988.849604,http_flood
4250,1781099988.850368,normal
4251,1781099988.851663,http_flood
4252,1781099988.852537,http_flood
4253,1781099988.853307,http_flood
4254,1781099988.854190,http_flood
4255,1781099988.855223,http_flood
4256,1781099988.855944,http_flood
4257,1781099988.856928,http_flood
4258,1781099988.858284,http_flood
4259,1781099988.859477,http_flood
4260,1781099988.860196,http_flood
4261,1781099988.861056,http_flood
4262,1781099988.861642,http_flood
4263,1781099988.862809,http_flood
4264,1781099988.863892,http_flood
4265,1781099988.865137,http_flood
4266,1781099988.866134,http_flood
4267,1781099988.866692,http_flood
4268,1781099988.867826,http_flood
4269,1781099988.868662,http_flood
4270,1781099988.869605,http_flood
4271,1781099988.870686,normal
4272,1781099988.871476,http_flood
4273,1781099988.872310,http_flood
4274,1781099988.873135,http_flood
4275,1781099988.874336,http_flood
4276,1781099988.875331,http_flood
4277,1781099988.876407,http_flood
4278,1781099988.877273,http_flood
4279,1781099988.878218,http_flood
4280,1781099988.879565,http_flood
4281,1781099988.880461,http_flood
4282,1781099988.881574,normal
4283,1781099988.882396,http_flood
4284,1781099988.883763,http_flood
4285,1781099988.885064,http_flood
4286,1781099988.885962,http_flood
4287,1781099988.887120,normal
4288,1781099988.888119,http_flood
4289,1781099988.889085,http_flood
4290,1781099988.890355,http_flood
4291,1781099988.891422,http_flood
4292,1781099988.892453,http_flood
4293,1781099988.893424,http_flood
4294,1781099988.894662,http_flood
4295,1781099988.895679,http_flood
4296,1781099988.896696,http_flood
4297,1781099988.898072,http_flood
4298,1781099988.899088,normal
4299,1781099988.899798,normal
4300,1781099988.901243,http_flood
4301,1781099988.902160,http_flood
4302,1781099988.903791,http_flood
4303,1781099988.904842,normal
4304,1781099988.905892,http_flood
4305,1781099988.906701,normal
4306,1781099988.907443,http_flood
4307,1781099988.908312,http_flood
4308,1781099988.909514,http_flood
4309,1781099988.910617,http_flood
4310,1781099988.911545,http_flood
4311,1781099988.912187,http_flood
4312,1781099988.912954,normal
4313,1781099988.914258,http_flood
4314,1781099988.915210,http_flood
4315,1781099988.916039,http_flood
4316,1781099988.916926,http_flood
4317,1781099988.917881,http_flood
4318,1781099988.918643,normal
4319,1781099988.919580,normal
4320,1781099988.920665,http_flood
4321,1781099988.921505,http_flood
4322,1781099988.922608,http_flood
4323,1781099988.923531,normal
4324,1781099988.924382,http_flood
4325,1781099988.925424,normal
4326,1781099988.926464,normal
4327,1781099988.927343,http_flood
4328,1781099988.928227,http_flood
4329,1781099988.928986,http_flood
4330,1781099988.929749,http_flood
4331,1781099988.930730,http_flood
4332,1781099988.931455,http_flood
4333,1781099988.932566,normal
4334,1781099988.933599,http_flood
4335,1781099988.934277,http_flood
4336,1781099988.935243,http_flood
4337,1781099988.936583,http_flood
4338,1781099988.937350,http_flood
4339,1781099988.938501,normal
4340,1781099988.939446,http_flood
4341,1781099988.940164,http_flood
4342,1781099988.941207,http_flood
4343,1781099988.942141,http_flood
4344,1781099988.943179,normal
4345,1781099988.943979,http_flood
4346,1781099988.944817,http_flood
4347,1781099988.945722,normal
4348,1781099988.946510,normal
4349,1781099988.947164,http_flood
4350,1781099988.948222,http_flood
4351,1781099988.949045,http_flood
4352,1781099988.949910,http_flood
4353,1781099988.951076,http_flood
4354,1781099988.951989,http_flood
4355,1781099988.952919,http_flood
4356,1781099988.954293,http_flood
4357,1781099988.955203,normal
4358,1781099988.956239,normal
4359,1781099988.957060,normal
4360,1781099988.957863,http_flood
4361,1781099988.958508,http_flood
4362,1781099988.959513,http_flood
4363,1781099988.960184,http_flood
4364,1781099988.961222,normal
4365,1781099988.962408,normal
4366,1781099988.963265,http_flood
4367,1781099988.963976,http_flood
4368,1781099988.964974,normal
4369,1781099988.965928,normal
4370,1781099988.967539,normal
4371,1781099988.968342,http_flood
4372,1781099988.969042,http_flood
4373,1781099988.969854,http_flood
4374,1781099988.970948,http_flood
4375,1781099988.972275,normal
4376,1781099988.973274,normal
4377,1781099988.974087,http_flood
4378,1781099988.975113,normal
4379,1781099988.976244,http_flood
4380,1781099988.976924,http_flood
4381,1781099988.978031,http_flood
4382,1781099988.978790,http_flood
4383,1781099988.979862,http_flood
4384,1781099988.980679,normal
4385,1781099988.981576,normal
4386,1781099988.982471,http_flood
4387,1781099988.983448,normal
4388,1781099988.984579,http_flood
4389,1781099988.985861,http_flood
4390,1781099988.986889,http_flood
4391,1781099988.987807,http_flood
4392,1781099988.988768,http_flood
4393,1781099988.990533,http_flood
4394,1781099988.991846,http_flood
4395,1781099988.992377,normal
4396,1781099988.993835,normal
4397,1781099988.994777,http_flood
4398,1781099988.995850,http_flood
4399,1781099988.997240,http_flood
4400,1781099988.998036,normal
4401,1781099988.999331,http_flood
4402,1781099989.000605,normal
4403,1781099989.001498,http_flood
4404,1781099989.002350,normal
4405,1781099989.003292,http_flood
4406,1781099989.003996,http_flood
4407,1781099989.004995,http_flood
4408,1781099989.005773,normal
4409,1781099989.006408,http_flood
4410,1781099989.007593,normal
4411,1781099989.009029,normal
4412,1781099989.009963,normal
4413,1781099989.010911,http_flood
4414,1781099989.012040,http_flood
4415,1781099989.013170,http_flood
4416,1781099989.014202,normal
4417,1781099989.015223,http_flood
4418,1781099989.016123,http_flood
4419,1781099989.017031,normal
4420,1781099989.017718,http_flood
4421,1781099989.018466,http_flood
4422,1781099989.019104,http_flood
4423,1781099989.020063,http_flood
4424,1781099989.021301,http_flood
4425,1781099989.022159,http_flood
4426,1781099989.023282,http_flood
4427,1781099989.024430,http_flood
4428,1781099989.025318,http_flood
4429,1781099989.026069,normal
4430,1781099989.027046,http_flood
4431,1781099989.027844,http_flood
4432,1781099989.028871,http_flood
4433,1781099989.030054,normal
4434,1781099989.030687,http_flood
4435,1781099989.031874,normal
4436,1781099989.032876,http_flood
4437,1781099989.033484,http_flood
4438,1781099989.034374,normal
4439,1781099989.035923,http_flood
4440,1781099989.036683,http_flood
4441,1781099989.037653,http_flood
4442,1781099989.038444,http_flood
4443,1781099989.039343,http_flood
4444,1781099989.040468,http_flood
4445,1781099989.041058,normal
4446,1781099989.041844,http_flood
4447,1781099989.042796,http_flood
4448,1781099989.043954,http_flood
4449,1781099989.045025,normal
4450,1781099989.046296,http_flood
4451,1781099989.047559,normal
4452,1781099989.048482,normal
4453,1781099989.049924,http_flood
4454,1781099989.050961,http_flood
4455,1781099989.052080,http_flood
4456,1781099989.052918,http_flood
4457,1781099989.053775,http_flood
4458,1781099989.054602,http_flood
4459,1781099989.055544,http_flood
4460,1781099989.056444,normal
4461,1781099989.057151,http_flood
4462,1781099989.058253,http_flood
4463,1781099989.059530,http_flood
4464,1781099989.060633,normal
4465,1781099989.061982,http_flood
4466,1781099989.063311,http_flood
4467,1781099989.064501,normal
4468,1781099989.065429,normal
4469,1781099989.066392,http_flood
4470,1781099989.067148,normal
4471,1781099989.067886,http_flood
4472,1781099989.069146,http_flood
4473,1781099989.070215,http_flood
4474,1781099989.071731,http_flood
4475,1781099989.072663,http_flood
4476,1781099989.073907,normal
4477,1781099989.074992,http_flood
4478,1781099989.075859,http_flood
4479,1781099989.076752,http_flood
4480,1781099989.077534,normal
4481,1781099989.078571,normal
4482,1781099989.079273,normal
4483,1781099989.080121,http_flood
4484,1781099989.081178,http_flood
4485,1781099989.082102,normal
4486,1781099989.082892,http_flood
4487,1781099989.083854,normal
4488,1781099989.084980,normal
4489,1781099989.086147,normal
4490,1781099989.086777,http_flood
4491,1781099989.087726,http_flood
4492,1781099989.088596,normal
4493,1781099989.089677,normal
4494,1781099989.090657,normal
4495,1781099989.091589,http_flood
4496,1781099989.092597,http_flood
4497,1781099989.093305,normal
4498,1781099989.094276,http_flood
4499,1781099989.095165,http_flood
4500,1781099989.096258,http_flood
4501,1781099989.096916,normal
4502,1781099989.098045,http_flood
4503,1781099989.099049,http_flood
4504,1781099989.099978,http_flood
4505,1781099989.100934,http_flood
4506,1781099989.102095,http_flood
4507,1781099989.102949,http_flood
4508,1781099989.104036,http_flood
4509,1781099989.104964,http_flood
4510,1781099989.105713,normal
4511,1781099989.106647,http_flood
4512,1781099989.107345,http_flood
4513,1781099989.108040,http_flood
4514,1781099989.108875,http_flood
4515,1781099989.110076,normal
4516,1781099989.110734,normal
4517,1781099989.111611,normal
4518,1781099989.112581,http_flood
4519,1781099989.113508,normal
4520,1781099989.114370,http_flood
4521,1781099989.115428,http_flood
4522,1781099989.116602,http_flood
4523,1781099989.117540,normal
4524,1781099989.118215,normal
4525,1781099989.119392,http_flood
4526,1781099989.120685,http_flood
4527,1781099989.121862,http_flood
4528,1781099989.122560,http_flood
4529,1781099989.123796,http_flood
4530,1781099989.124836,http_flood
4531,1781099989.125776,http_flood
4532,1781099989.126859,http_flood
4533,1781099989.127547,http_flood
4534,1781099989.128419,http_flood
4535,1781099989.129191,http_flood
4536,1781099989.130223,http_flood
4537,1781099989.131398,normal
4538,1781099989.132706,http_flood
4539,1781099989.133544,http_flood
4540,1781099989.134496,normal
4541,1781099989.135412,http_flood
4542,1781099989.136369,normal
4543,1781099989.137104,http_flood
4544,1781099989.138192,http_flood
4545,1781099989.139141,normal
4546,1781099989.140014,normal
4547,1781099989.141029,http_flood
4548,1781099989.141896,http_flood
4549,1781099989.142891,http_flood
4550,1781099989.144371,http_flood
4551,1781099989.145171,normal
4552,1781099989.146340,http_flood
4553,1781099989.147154,normal
4554,1781099989.148220,http_flood
4555,1781099989.149006,normal
4556,1781099989.149983,http_flood
4557,1781099989.151240,http_flood
4558,1781099989.151996,http_flood
4559,1781099989.152835,http_flood
4560,1781099989.153648,http_flood
4561,1781099989.154568,normal
4562,1781099989.155560,normal
4563,1781099989.157179,http_flood
4564,1781099989.157919,normal
4565,1781099989.158698,http_flood
4566,1781099989.159951,http_flood
4567,1781099989.160911,http_flood
4568,1781099989.161980,http_flood
4569,1781099989.163440,normal
4570,1781099989.164810,http_flood
4571,1781099989.165690,http_flood
4572,1781099989.166819,http_flood
4573,1781099989.168087,http_flood
4574,1781099989.169187,http_flood
4575,1781099989.170209,normal
4576,1781099989.171542,http_flood
4577,1781099989.172578,http_flood
4578,1781099989.173800,http_flood
4579,1781099989.174452,normal
4580,1781099989.175312,http_flood
4581,1781099989.176533,http_flood
4582,1781099989.177169,http_flood
4583,1781099989.178008,http_flood
4584,1781099989.179028,http_flood
4585,1781099989.179785,normal
4586,1781099989.180676,http_flood
4587,1781099989.181751,http_flood
4588,1781099989.182454,http_flood
4589,1781099989.183815,http_flood
4590,1781099989.184368,http_flood
4591,1781099989.185488,http_flood
4592,1781099989.186432,http_flood
4593,1781099989.187301,http_flood
4594,1781099989.188288,http_flood
4595,1781099989.189164,http_flood
4596,1781099989.190397,http_flood
4597,1781099989.191677,http_flood
4598,1781099989.193610,http_flood
4599,1781099989.194360,http_flood
4600,1781099989.195243,http_flood
4601,1781099989.196292,http_flood
4602,1781099989.197751,normal
4603,1781099989.198533,http_flood
4604,1781099989.199628,normal
4605,1781099989.200574,normal
4606,1781099989.201983,http_flood
4607,1781099989.203026,http_flood
4608,1781099989.203789,normal
4609,1781099989.204700,http_flood
4610,1781099989.205687,http_flood
4611,1781099989.206570,normal
4612,1781099989.207900,normal
4613,1781099989.209008,http_flood
4614,1781099989.210166,http_flood
4615,1781099989.210831,http_flood
4616,1781099989.211689,normal
4617,1781099989.212638,http_flood
4618,1781099989.213375,http_flood
4619,1781099989.214238,normal
4620,1781099989.215603,http_flood
4621,1781099989.216747,http_flood
4622,1781099989.217787,http_flood
4623,1781099989.218746,http_flood
4624,1781099989.219666,http_flood
4625,1781099989.220577,normal
4626,1781099989.221593,normal
4627,1781099989.222447,normal
4628,1781099989.223997,normal
4629,1781099989.225054,http_flood
4630,1781099989.225919,http_flood
4631,1781099989.226903,http_flood
4632,1781099989.227608,normal
4633,1781099989.228697,http_flood
4634,1781099989.229835,http_flood
4635,1781099989.230850,http_flood
4636,1781099989.231704,normal
4637,1781099989.232552,http_flood
4638,1781099989.233397,http_flood
4639,1781099989.234243,http_flood
4640,1781099989.235125,normal
4641,1781099989.236262,normal
4642,1781099989.237211,normal
4643,1781099989.238244,http_flood
4644,1781099989.239548,normal
4645,1781099989.240470,normal
4646,1781099989.241459,normal
4647,1781099989.242084,http_flood
4648,1781099989.242973,normal
4649,1781099989.244094,normal
4650,1781099989.245136,normal
4651,1781099989.246745,http_flood
4652,1781099989.247613,http_flood
4653,1781099989.248419,http_flood
4654,1781099989.249476,http_flood
4655,1781099989.250486,normal
4656,1781099989.251496,http_flood
4657,1781099989.252480,normal
4658,1781099989.253694,http_flood
4659,1781099989.254419,http_flood
4660,1781099989.255361,http_flood
4661,1781099989.256417,http_flood
4662,1781099989.257456,http_flood
4663,1781099989.258255,http_flood
4664,1781099989.259130,http_flood
4665,1781099989.260218,normal
4666,1781099989.261205,normal
4667,1781099989.261963,http_flood
4668,1781099989.263127,http_flood
4669,1781099989.264252,http_flood
4670,1781099989.265194,http_flood
4671,1781099989.265933,http_flood
4672,1781099989.267157,http_flood
4673,1781099989.268138,http_flood
4674,1781099989.269297,normal
4675,1781099989.270511,http_flood
4676,1781099989.270998,http_flood
4677,1781099989.271840,http_flood
4678,1781099989.273381,normal
4679,1781099989.274265,http_flood
4680,1781099989.275103,normal
4681,1781099989.275981,http_flood
4682,1781099989.276854,http_flood
4683,1781099989.278237,http_flood
4684,1781099989.279162,http_flood
4685,1781099989.280227,normal
4686,1781099989.280953,http_flood
4687,1781099989.282001,http_flood
4688,1781099989.282911,http_flood
4689,1781099989.283669,http_flood
4690,1781099989.285022,http_flood
4691,1781099989.286068,http_flood
4692,1781099989.286870,http_flood
4693,1781099989.288175,normal
4694,1781099989.288939,http_flood
4695,1781099989.290235,normal
4696,1781099989.291058,normal
4697,1781099989.292099,http_flood
4698,1781099989.292905,normal
4699,1781099989.294049,http_flood
4700,1781099989.295176,http_flood
4701,1781099989.296477,http_flood
4702,1781099989.297174,http_flood
4703,1781099989.298211,http_flood
4704,1781099989.299204,normal
4705,1781099989.300424,http_flood
4706,1781099989.301496,http_flood
4707,1781099989.302567,normal
4708,1781099989.303207,normal
4709,1781099989.304176,http_flood
4710,1781099989.305020,http_flood
4711,1781099989.306253,http_flood
4712,1781099989.307284,http_flood
4713,1781099989.308198,http_flood
4714,1781099989.309004,http_flood
4715,1781099989.309906,normal
4716,1781099989.310823,http_flood
4717,1781099989.311672,http_flood
4718,1781099989.312544,http_flood
4719,1781099989.313415,http_flood
4720,1781099989.314384,http_flood
4721,1781099989.315817,http_flood
4722,1781099989.316869,http_flood
4723,1781099989.317986,normal
4724,1781099989.319441,normal
4725,1781099989.320921,http_flood
4726,1781099989.322092,normal
4727,1781099989.323262,normal
4728,1781099989.324103,http_flood
4729,1781099989.324895,normal
4730,1781099989.325906,normal
4731,1781099989.326876,http_flood
4732,1781099989.327901,http_flood
4733,1781099989.328426,http_flood
4734,1781099989.329482,http_flood
4735,1781099989.331035,normal
4736,1781099989.331597,normal
4737,1781099989.332479,http_flood
4738,1781099989.333611,normal
4739,1781099989.334492,normal
4740,1781099989.335324,http_flood
4741,1781099989.336598,http_flood
4742,1781099989.337241,normal
4743,1781099989.338386,http_flood
4744,1781099989.339743,http_flood
4745,1781099989.340962,http_flood
4746,1781099989.341943,http_flood
4747,1781099989.342975,normal
4748,1781099989.343771,http_flood
4749,1781099989.344981,normal
4750,1781099989.345825,http_flood
4751,1781099989.346795,http_flood
4752,1781099989.347614,http_flood
4753,1781099989.348490,http_flood
4754,1781099989.349514,http_flood
4755,1781099989.350586,normal
4756,1781099989.351759,normal
4757,1781099989.352740,http_flood
4758,1781099989.354034,http_flood
4759,1781099989.354778,http_flood
4760,1781099989.355536,http_flood
4761,1781099989.356783,http_flood
4762,1781099989.357731,http_flood
4763,1781099989.359077,http_flood
4764,1781099989.360191,normal
4765,1781099989.361233,http_flood
4766,1781099989.362240,http_flood
4767,1781099989.363819,http_flood
4768,1781099989.364971,http_flood
4769,1781099989.365922,http_flood
4770,1781099989.366966,http_flood
4771,1781099989.367622,http_flood
4772,1781099989.369478,http_flood
4773,1781099989.370913,http_flood
4774,1781099989.371699,http_flood
4775,1781099989.372462,http_flood
4776,1781099989.373265,http_flood
4777,1781099989.374375,http_flood
4778,1781099989.375219,normal
4779,1781099989.376094,http_flood
4780,1781099989.377423,http_flood
4781,1781099989.378540,normal
4782,1781099989.379662,http_flood
4783,1781099989.380806,http_flood
4784,1781099989.381981,http_flood
4785,1781099989.382696,normal
4786,1781099989.383770,http_flood
4787,1781099989.384605,http_flood
4788,1781099989.385566,http_flood
4789,1781099989.386634,http_flood
4790,1781099989.387895,http_flood
4791,1781099989.388856,http_flood
4792,1781099989.390040,http_flood
4793,1781099989.390989,http_flood
4794,1781099989.391893,http_flood
4795,1781099989.393498,http_flood
4796,1781099989.394397,http_flood
4797,1781099989.395852,http_flood
4798,1781099989.396588,http_flood
4799,1781099989.397302,normal
4800,1781099989.398626,http_flood
4801,1781099989.399570,normal
4802,1781099989.400724,http_flood
4803,1781099989.401653,http_flood
4804,1781099989.402827,http_flood
4805,1781099989.404145,http_flood
4806,1781099989.405335,normal
4807,1781099989.406154,http_flood
4808,1781099989.406971,http_flood
4809,1781099989.408246,http_flood
4810,1781099989.409083,normal
4811,1781099989.410300,http_flood
4812,1781099989.411053,http_flood
4813,1781099989.412148,normal
4814,1781099989.413545,http_flood
4815,1781099989.414581,normal
4816,1781099989.415334,http_flood
4817,1781099989.416734,http_flood
4818,1781099989.417829,http_flood
4819,1781099989.419007,normal
4820,1781099989.420039,http_flood
4821,1781099989.421063,http_flood
4822,1781099989.422066,http_flood
4823,1781099989.423168,normal
4824,1781099989.424514,http_flood
4825,1781099989.425365,http_flood
4826,1781099989.426424,http_flood
4827,1781099989.427959,http_flood
4828,1781099989.429042,normal
4829,1781099989.429904,http_flood
4830,1781099989.430698,http_flood
4831,1781099989.431353,http_flood
4832,1781099989.432858,http_flood
4833,1781099989.434321,http_flood
4834,1781099989.435272,normal
4835,1781099989.436268,http_flood
4836,1781099989.437465,http_flood
4837,1781099989.438491,normal
4838,1781099989.439244,http_flood
4839,1781099989.440067,http_flood
4840,1781099989.440858,normal
4841,1781099989.441868,http_flood
4842,1781099989.443064,normal
4843,1781099989.444453,http_flood
4844,1781099989.445382,http_flood
4845,1781099989.446525,http_flood
4846,1781099989.447993,http_flood
4847,1781099989.449061,http_flood
4848,1781099989.449831,http_flood
4849,1781099989.450710,http_flood
4850,1781099989.451475,http_flood
4851,1781099989.452366,http_flood
4852,1781099989.453253,http_flood
4853,1781099989.454426,normal
4854,1781099989.455662,http_flood
4855,1781099989.456435,http_flood
4856,1781099989.457064,http_flood
4857,1781099989.457845,http_flood
4858,1781099989.458657,http_flood
4859,1781099989.459936,http_flood
4860,1781099989.460802,http_flood
4861,1781099989.461671,http_flood
4862,1781099989.462341,normal
4863,1781099989.463544,normal
4864,1781099989.464553,http_flood
4865,1781099989.465587,normal
4866,1781099989.466305,http_flood
4867,1781099989.467854,http_flood
4868,1781099989.468737,http_flood
4869,1781099989.469953,normal
4870,1781099989.470919,normal
4871,1781099989.471766,normal
4872,1781099989.472718,http_flood
4873,1781099989.473683,normal
4874,1781099989.474747,http_flood
4875,1781099989.476264,http_flood
4876,1781099989.477593,http_flood
4877,1781099989.478878,http_flood
4878,1781099989.480158,http_flood
4879,1781099989.481196,http_flood
4880,1781099989.482213,http_flood
4881,1781099989.483606,http_flood
4882,1781099989.484862,http_flood
4883,1781099989.485660,http_flood
4884,1781099989.486692,http_flood
4885,1781099989.487494,http_flood
4886,1781099989.489043,normal
4887,1781099989.490326,http_flood
4888,1781099989.491010,normal
4889,1781099989.492043,normal
4890,1781099989.493525,http_flood
4891,1781099989.494834,http_flood
4892,1781099989.495841,normal
4893,1781099989.497036,http_flood
4894,1781099989.497829,normal
4895,1781099989.498785,http_flood
4896,1781099989.499574,http_flood
4897,1781099989.500603,http_flood
4898,1781099989.502035,normal
4899,1781099989.502949,http_flood
4900,1781099989.503756,normal
4901,1781099989.505128,http_flood
4902,1781099989.506004,http_flood
4903,1781099989.507691,http_flood
4904,1781099989.508585,http_flood
4905,1781099989.509624,http_flood
4906,1781099989.511209,http_flood
4907,1781099989.512124,http_flood
4908,1781099989.513097,http_flood
4909,1781099989.514017,http_flood
4910,1781099989.515011,http_flood
4911,1781099989.516587,http_flood
4912,1781099989.517428,http_flood
4913,1781099989.518209,http_flood
4914,1781099989.519419,http_flood
4915,1781099989.520504,http_flood
4916,1781099989.521367,http_flood
4917,1781099989.522436,normal
4918,1781099989.523642,normal
4919,1781099989.524801,http_flood
4920,1781099989.525983,http_flood
4921,1781099989.526935,normal
4922,1781099989.527943,http_flood
4923,1781099989.529303,http_flood
4924,1781099989.530294,http_flood
4925,1781099989.531181,http_flood
4926,1781099989.532032,http_flood
4927,1781099989.533089,http_flood
4928,1781099989.534395,http_flood
4929,1781099989.535151,http_flood
4930,1781099989.537146,http_flood
4931,1781099989.538405,http_flood
4932,1781099989.539881,normal
4933,1781099989.540766,http_flood
4934,1781099989.541776,http_flood
4935,1781099989.542633,normal
4936,1781099989.544802,normal
4937,1781099989.546045,normal
4938,1781099989.546995,http_flood
4939,1781099989.548007,http_flood
4940,1781099989.549329,http_flood
4941,1781099989.550798,normal
4942,1781099989.551763,http_flood
4943,1781099989.552738,http_flood
4944,1781099989.554296,http_flood
4945,1781099989.555481,http_flood
4946,1781099989.556543,http_flood
4947,1781099989.557524,http_flood
4948,1781099989.558661,http_flood
4949,1781099989.560126,normal
4950,1781099989.561622,http_flood
4951,1781099989.562775,http_flood
4952,1781099989.563957,http_flood
4953,1781099989.565519,http_flood
4954,1781099989.566492,http_flood
4955,1781099989.567661,http_flood
4956,1781099989.569248,http_flood
4957,1781099989.570287,normal
4958,1781099989.571209,http_flood
4959,1781099989.572201,normal
4960,1781099989.573076,normal
4961,1781099989.574045,http_flood
4962,1781099989.575201,normal
4963,1781099989.576562,http_flood
4964,1781099989.578040,http_flood
4965,1781099989.579683,http_flood
4966,1781099989.581041,http_flood
4967,1781099989.582094,http_flood
4968,1781099989.582809,http_flood
4969,1781099989.583881,http_flood
4970,1781099989.584923,normal
4971,1781099989.586358,http_flood
4972,1781099989.587456,normal
4973,1781099989.588196,normal
4974,1781099989.589434,http_flood
4975,1781099989.590789,http_flood
4976,1781099989.591949,http_flood
4977,1781099989.592634,http_flood
4978,1781099989.593544,http_flood
4979,1781099989.594735,http_flood
4980,1781099989.595716,http_flood
4981,1781099989.597081,http_flood
4982,1781099989.597903,http_flood
4983,1781099989.599258,http_flood
4984,1781099989.600727,http_flood
4985,1781099989.601908,http_flood
4986,1781099989.603240,normal
4987,1781099989.604355,http_flood
4988,1781099989.605568,normal
4989,1781099989.606685,http_flood
4990,1781099989.608227,http_flood
4991,1781099989.609107,http_flood
4992,1781099989.609943,normal
4993,1781099989.611572,http_flood
4994,1781099989.612840,normal
4995,1781099989.613649,http_flood
4996,1781099989.614982,normal
4997,1781099989.615609,normal
4998,1781099989.616898,http_flood
4999,1781099989.618309,http_flood
5000,1781099989.619318,http_flood
5001,1781099989.620244,normal
5002,1781099989.621447,http_flood
5003,1781099989.622472,http_flood
5004,1781099989.624045,http_flood
5005,1781099989.624969,http_flood
5006,1781099989.626093,http_flood
5007,1781099989.627345,http_flood
5008,1781099989.628400,http_flood
5009,1781099989.629957,http_flood
5010,1781099989.631306,http_flood
5011,1781099989.632462,http_flood
5012,1781099989.633727,http_flood
5013,1781099989.634574,http_flood
5014,1781099989.635657,http_flood
5015,1781099989.637216,http_flood
5016,1781099989.638289,http_flood
5017,1781099989.639430,http_flood
5018,1781099989.640653,http_flood
5019,1781099989.641687,http_flood
5020,1781099989.642737,http_flood
5021,1781099989.643906,http_flood
5022,1781099989.645294,http_flood
5023,1781099989.646681,http_flood
5024,1781099989.647418,http_flood
5025,1781099989.648717,http_flood
5026,1781099989.650334,http_flood
5027,1781099989.651406,http_flood
5028,1781099989.653625,http_flood
5029,1781099989.655036,http_flood
5030,1781099989.656325,http_flood
5031,1781099989.657877,http_flood
5032,1781099989.658973,http_flood
5033,1781099989.660167,normal
5034,1781099989.661007,http_flood
5035,1781099989.662171,http_flood
5036,1781099989.663080,http_flood
5037,1781099989.664344,http_flood
5038,1781099989.665658,http_flood
5039,1781099989.666343,http_flood
5040,1781099989.667055,http_flood
5041,1781099989.668160,http_flood
5042,1781099989.668962,normal
5043,1781099989.669943,http_flood
5044,1781099989.671260,http_flood
5045,1781099989.672314,http_flood
5046,1781099989.673134,http_flood
5047,1781099989.674346,http_flood
5048,1781099989.675708,http_flood
5049,1781099989.676653,http_flood
5050,1781099989.677893,http_flood
5051,1781099989.679192,http_flood
5052,1781099989.680025,http_flood
5053,1781099989.681159,http_flood
5054,1781099989.681997,normal
5055,1781099989.683313,http_flood
5056,1781099989.684530,http_flood
5057,1781099989.686146,normal
5058,1781099989.687210,http_flood
5059,1781099989.688220,http_flood
5060,1781099989.689338,http_flood
5061,1781099989.690225,http_flood
5062,1781099989.691663,http_flood
5063,1781099989.693068,http_flood
5064,1781099989.693996,http_flood
5065,1781099989.694689,http_flood
5066,1781099989.695921,http_flood
5067,1781099989.696845,http_flood
5068,1781099989.697861,http_flood
5069,1781099989.699392,http_flood
5070,1781099989.700362,http_flood
5071,1781099989.701463,http_flood
5072,1781099989.702839,http_flood
5073,1781099989.704031,http_flood
5074,1781099989.705527,http_flood
5075,1781099989.706857,http_flood
5076,1781099989.708069,http_flood
5077,1781099989.708791,normal
5078,1781099989.709635,http_flood
5079,1781099989.710836,normal
5080,1781099989.712352,http_flood
5081,1781099989.713653,http_flood
5082,1781099989.714916,http_flood
5083,1781099989.715888,http_flood
5084,1781099989.716902,http_flood
5085,1781099989.718497,http_flood
5086,1781099989.719780,normal
5087,1781099989.721125,http_flood
5088,1781099989.721995,normal
5089,1781099989.723343,http_flood
5090,1781099989.724753,http_flood
5091,1781099989.726453,normal
5092,1781099989.727267,http_flood
5093,1781099989.728382,http_flood
5094,1781099989.729589,normal
5095,1781099989.730843,http_flood
5096,1781099989.732069,http_flood
5097,1781099989.733268,normal
5098,1781099989.734423,normal
5099,1781099989.735597,http_flood
5100,1781099989.736394,http_flood
5101,1781099989.737733,normal
5102,1781099989.738713,http_flood
5103,1781099989.740278,http_flood
5104,1781099989.741220,http_flood
5105,1781099989.742426,http_flood
5106,1781099989.743618,http_flood
5107,1781099989.744760,http_flood
5108,1781099989.745890,http_flood
5109,1781099989.747107,http_flood
5110,1781099989.748024,http_flood
5111,1781099989.749001,http_flood
5112,1781099989.750254,normal
5113,1781099989.751423,normal
5114,1781099989.752212,http_flood
5115,1781099989.753577,normal
5116,1781099989.755015,http_flood
5117,1781099989.756608,http_flood
5118,1781099989.757756,http_flood
5119,1781099989.758766,normal
5120,1781099989.760231,http_flood
5121,1781099989.761710,normal
5122,1781099989.763317,http_flood
5123,1781099989.764278,http_flood
5124,1781099989.765953,http_flood
5125,1781099989.767153,http_flood
5126,1781099989.768069,http_flood
5127,1781099989.768871,http_flood
5128,1781099989.770954,http_flood
5129,1781099989.772251,normal
5130,1781099989.773314,http_flood
5131,1781099989.774558,http_flood
5132,1781099989.775339,http_flood
5133,1781099989.776683,http_flood
5134,1781099989.777698,http_flood
5135,1781099989.778391,http_flood
5136,1781099989.779565,http_flood
5137,1781099989.780941,http_flood
5138,1781099989.782321,http_flood
5139,1781099989.783777,http_flood
5140,1781099989.785066,http_flood
5141,1781099989.786131,http_flood
5142,1781099989.787654,normal
5143,1781099989.788968,http_flood
5144,1781099989.790278,http_flood
5145,1781099989.791500,http_flood
5146,1781099989.792886,http_flood
5147,1781099989.794194,http_flood
5148,1781099989.795246,http_flood
5149,1781099989.796465,http_flood
5150,1781099989.797576,http_flood
5151,1781099989.798930,http_flood
5152,1781099989.800014,http_flood
5153,1781099989.801605,http_flood
5154,1781099989.802600,http_flood
5155,1781099989.803958,http_flood
5156,1781099989.804750,http_flood
5157,1781099989.805782,http_flood
5158,1781099989.807253,normal
5159,1781099989.808149,http_flood
5160,1781099989.809397,http_flood
5161,1781099989.810311,http_flood
5162,1781099989.811320,http_flood
5163,1781099989.813280,http_flood
5164,1781099989.814487,http_flood
5165,1781099989.815804,http_flood
5166,1781099989.817393,http_flood
5167,1781099989.818412,http_flood
5168,1781099989.820082,normal
5169,1781099989.821885,normal
5170,1781099989.823120,http_flood
5171,1781099989.823841,http_flood
5172,1781099989.825197,http_flood
5173,1781099989.825966,http_flood
5174,1781099989.827213,http_flood
5175,1781099989.828538,http_flood
5176,1781099989.829540,normal
5177,1781099989.831302,http_flood
5178,1781099989.832606,http_flood
5179,1781099989.834840,normal
5180,1781099989.836204,http_flood
5181,1781099989.837368,http_flood
5182,1781099989.838813,http_flood
5183,1781099989.839957,http_flood
5184,1781099989.841120,http_flood
5185,1781099989.842417,http_flood
5186,1781099989.844157,normal
5187,1781099989.845318,http_flood
5188,1781099989.846343,http_flood
5189,1781099989.847355,http_flood
5190,1781099989.848733,http_flood
5191,1781099989.850458,http_flood
5192,1781099989.851608,http_flood
5193,1781099989.852663,http_flood
5194,1781099989.853676,http_flood
5195,1781099989.854832,http_flood
5196,1781099989.856092,http_flood
5197,1781099989.857466,normal
5198,1781099989.858478,http_flood
5199,1781099989.859922,http_flood
5200,1781099989.861242,http_flood
5201,1781099989.862038,http_flood
5202,1781099989.863922,http_flood
5203,1781099989.865349,http_flood
5204,1781099989.866607,http_flood
5205,1781099989.867619,http_flood
5206,1781099989.869188,http_flood
5207,1781099989.870725,http_flood
5208,1781099989.872130,http_flood
5209,1781099989.872943,http_flood
5210,1781099989.874262,http_flood
5211,1781099989.875501,http_flood
5212,1781099989.876595,http_flood
5213,1781099989.877643,http_flood
5214,1781099989.878732,http_flood
5215,1781099989.880845,http_flood
5216,1781099989.882615,http_flood
5217,1781099989.884405,http_flood
5218,1781099989.886748,http_flood
5219,1781099989.887944,http_flood
5220,1781099989.889188,normal
5221,1781099989.890288,http_flood
5222,1781099989.891075,http_flood
5223,1781099989.892464,http_flood
5224,1781099989.893443,http_flood
5225,1781099989.894957,http_flood
5226,1781099989.896398,http_flood
5227,1781099989.897884,http_flood
5228,1781099989.898907,http_flood
5229,1781099989.900728,http_flood
5230,1781099989.902313,http_flood
5231,1781099989.903967,http_flood
5232,1781099989.906372,http_flood
5233,1781099989.907594,http_flood
5234,1781099989.909104,http_flood
5235,1781099989.910460,http_flood
5236,1781099989.911699,normal
5237,1781099989.912817,http_flood
5238,1781099989.914070,http_flood
5239,1781099989.915258,http_flood
5240,1781099989.916601,http_flood
5241,1781099989.917952,http_flood
5242,1781099989.919045,http_flood
5243,1781099989.919997,http_flood
5244,1781099989.921525,http_flood
5245,1781099989.922571,http_flood
5246,1781099989.923818,http_flood
5247,1781099989.925136,http_flood
5248,1781099989.926538,http_flood
5249,1781099989.927841,http_flood
5250,1781099989.929403,http_flood
5251,1781099989.930948,http_flood
5252,1781099989.932797,http_flood
5253,1781099989.934433,http_flood
5254,1781099989.935587,http_flood
5255,1781099989.936816,http_flood
5256,1781099989.938255,normal
5257,1781099989.939842,http_flood
5258,1781099989.940991,http_flood
5259,1781099989.942518,http_flood
5260,1781099989.943751,http_flood
5261,1781099989.944786,http_flood
5262,1781099989.946248,http_flood
5263,1781099989.947751,http_flood
5264,1781099989.949244,normal
5265,1781099989.950232,normal
5266,1781099989.951898,http_flood
5267,1781099989.953373,http_flood
5268,1781099989.955064,http_flood
5269,1781099989.956055,http_flood
5270,1781099989.957363,http_flood
5271,1781099989.958786,http_flood
5272,1781099989.959669,http_flood
5273,1781099989.960390,http_flood
5274,1781099989.961627,http_flood
5275,1781099989.962827,http_flood
5276,1781099989.963920,http_flood
5277,1781099989.965114,normal
5278,1781099989.966715,http_flood
5279,1781099989.968473,http_flood
5280,1781099989.969707,normal
5281,1781099989.971283,http_flood
5282,1781099989.973215,http_flood
5283,1781099989.974808,normal
5284,1781099989.976174,http_flood
5285,1781099989.977315,http_flood
5286,1781099989.978242,http_flood
5287,1781099989.979280,http_flood
5288,1781099989.980700,http_flood
5289,1781099989.982167,http_flood
5290,1781099989.983526,http_flood
5291,1781099989.984957,http_flood
5292,1781099989.986213,http_flood
5293,1781099989.987684,http_flood
5294,1781099989.989025,http_flood
5295,1781099989.989970,http_flood
5296,1781099989.991737,http_flood
5297,1781099989.992861,http_flood
5298,1781099989.993940,http_flood
5299,1781099989.995508,http_flood
5300,1781099989.996621,http_flood
5301,1781099989.997689,normal
5302,1781099989.998947,http_flood
5303,1781099990.000444,http_flood
5304,1781099990.002419,http_flood
5305,1781099990.003764,http_flood
5306,1781099990.004797,http_flood
5307,1781099990.005929,http_flood
5308,1781099990.007218,normal
5309,1781099990.008277,http_flood
5310,1781099990.009230,http_flood
5311,1781099990.010337,http_flood
5312,1781099990.012219,http_flood
5313,1781099990.013441,http_flood
5314,1781099990.014616,http_flood
5315,1781099990.016766,http_flood
5316,1781099990.018052,http_flood
5317,1781099990.019226,http_flood
5318,1781099990.020391,http_flood
5319,1781099990.021758,http_flood
5320,1781099990.023233,http_flood
5321,1781099990.025757,http_flood
5322,1781099990.027534,http_flood
5323,1781099990.028852,http_flood
5324,1781099990.030129,http_flood
5325,1781099990.031296,http_flood
5326,1781099990.033171,http_flood
5327,1781099990.034527,http_flood
5328,1781099990.035903,http_flood
5329,1781099990.037618,http_flood
5330,1781099990.039434,http_flood
5331,1781099990.040695,http_flood
5332,1781099990.041698,http_flood
5333,1781099990.042711,http_flood
5334,1781099990.044706,http_flood
5335,1781099990.046323,http_flood
5336,1781099990.047581,http_flood
5337,1781099990.049821,http_flood
5338,1781099990.050952,http_flood
5339,1781099990.052749,normal
5340,1781099990.053885,http_flood
5341,1781099990.055306,normal
5342,1781099990.056458,http_flood
5343,1781099990.058490,http_flood
5344,1781099990.060016,http_flood
5345,1781099990.061688,normal
5346,1781099990.062801,http_flood
5347,1781099990.064337,http_flood
5348,1781099990.065271,http_flood
5349,1781099990.066569,http_flood
5350,1781099990.067794,http_flood
5351,1781099990.069330,http_flood
5352,1781099990.070632,http_flood
5353,1781099990.071808,http_flood
5354,1781099990.073807,http_flood
5355,1781099990.075529,normal
5356,1781099990.076834,http_flood
5357,1781099990.078543,http_flood
5358,1781099990.079976,http_flood
5359,1781099990.081323,http_flood
5360,1781099990.082411,http_flood
5361,1781099990.083924,http_flood
5362,1781099990.085391,normal
5363,1781099990.086691,http_flood
5364,1781099990.087719,http_flood
5365,1781099990.089298,http_flood
5366,1781099990.090758,http_flood
5367,1781099990.092286,http_flood
5368,1781099990.093273,http_flood
5369,1781099990.095129,http_flood
5370,1781099990.096332,http_flood
5371,1781099990.097790,http_flood
5372,1781099990.099496,http_flood
5373,1781099990.101064,http_flood
5374,1781099990.103046,http_flood
5375,1781099990.104623,http_flood
5376,1781099990.106416,http_flood
5377,1781099990.108126,http_flood
5378,1781099990.109516,http_flood
5379,1781099990.111294,http_flood
5380,1781099990.112555,http_flood
5381,1781099990.114449,http_flood
5382,1781099990.115856,http_flood
5383,1781099990.117272,http_flood
5384,1781099990.118341,http_flood
5385,1781099990.119817,http_flood
5386,1781099990.120978,http_flood
5387,1781099990.122471,http_flood
5388,1781099990.124211,http_flood
5389,1781099990.125575,normal
5390,1781099990.127051,http_flood
5391,1781099990.128294,http_flood
5392,1781099990.129997,http_flood
5393,1781099990.131228,http_flood
5394,1781099990.132345,http_flood
5395,1781099990.133810,http_flood
5396,1781099990.135479,http_flood
5397,1781099990.137039,http_flood
5398,1781099990.138033,http_flood
5399,1781099990.139623,http_flood
5400,1781099990.140958,http_flood
5401,1781099990.142089,http_flood
5402,1781099990.143601,http_flood
5403,1781099990.146010,http_flood
5404,1781099990.147598,http_flood
5405,1781099990.148947,http_flood
5406,1781099990.150148,http_flood
5407,1781099990.151788,http_flood
5408,1781099990.153117,http_flood
5409,1781099990.154094,http_flood
5410,1781099990.155326,http_flood
5411,1781099990.156751,http_flood
5412,1781099990.158271,http_flood
5413,1781099990.159542,http_flood
5414,1781099990.160708,http_flood
5415,1781099990.162012,http_flood
5416,1781099990.163049,http_flood
5417,1781099990.164474,http_flood
5418,1781099990.165708,http_flood
5419,1781099990.167267,http_flood
5420,1781099990.168689,http_flood
5421,1781099990.169941,http_flood
5422,1781099990.171101,http_flood
5423,1781099990.172190,http_flood
5424,1781099990.173157,http_flood
5425,1781099990.174559,http_flood
5426,1781099990.176255,http_flood
5427,1781099990.178157,http_flood
5428,1781099990.179602,http_flood
5429,1781099990.180754,http_flood
5430,1781099990.181978,http_flood
5431,1781099990.183210,http_flood
5432,1781099990.184659,http_flood
5433,1781099990.185832,http_flood
5434,1781099990.187339,http_flood
5435,1781099990.188677,http_flood
5436,1781099990.190473,http_flood
5437,1781099990.191982,http_flood
5438,1781099990.193375,http_flood
5439,1781099990.194950,http_flood
5440,1781099990.196226,http_flood
5441,1781099990.197618,http_flood
5442,1781099990.199231,http_flood
5443,1781099990.201039,http_flood
5444,1781099990.202296,http_flood
5445,1781099990.204037,http_flood
5446,1781099990.205466,http_flood
5447,1781099990.206844,http_flood
5448,1781099990.208786,http_flood
5449,1781099990.210076,http_flood
5450,1781099990.212010,http_flood
5451,1781099990.213244,http_flood
5452,1781099990.214409,http_flood
5453,1781099990.216826,http_flood
5454,1781099990.218983,http_flood
5455,1781099990.220316,http_flood
5456,1781099990.222282,http_flood
5457,1781099990.223881,http_flood
5458,1781099990.225735,http_flood
5459,1781099990.227003,http_flood
5460,1781099990.228309,http_flood
5461,1781099990.229301,http_flood
5462,1781099990.231292,http_flood
5463,1781099990.232644,http_flood
5464,1781099990.233983,http_flood
5465,1781099990.235047,http_flood
5466,1781099990.236636,http_flood
5467,1781099990.238275,http_flood
5468,1781099990.239363,http_flood
5469,1781099990.241643,http_flood
5470,1781099990.242527,http_flood
5471,1781099990.244132,http_flood
5472,1781099990.245768,http_flood
5473,1781099990.247360,http_flood
5474,1781099990.249324,http_flood
5475,1781099990.250575,http_flood
5476,1781099990.251441,normal
5477,1781099990.253096,http_flood
5478,1781099990.254678,http_flood
5479,1781099990.256786,http_flood
5480,1781099990.258167,http_flood
5481,1781099990.260445,http_flood
5482,1781099990.261786,http_flood
5483,1781099990.263328,http_flood
5484,1781099990.264839,http_flood
5485,1781099990.266128,normal
5486,1781099990.267457,http_flood
5487,1781099990.269274,http_flood
5488,1781099990.271152,http_flood
5489,1781099990.272827,http_flood
5490,1781099990.274111,http_flood
5491,1781099990.275426,http_flood
5492,1781099990.276814,http_flood
5493,1781099990.278108,http_flood
5494,1781099990.279515,http_flood
5495,1781099990.281795,http_flood
5496,1781099990.283092,http_flood
5497,1781099990.284221,http_flood
5498,1781099990.286290,http_flood
5499,1781099990.287670,http_flood
5500,1781099990.289180,http_flood
5501,1781099990.290679,http_flood
5502,1781099990.292219,http_flood
5503,1781099990.293530,http_flood
5504,1781099990.294637,http_flood
5505,1781099990.296190,http_flood
5506,1781099990.297677,http_flood
5507,1781099990.299144,http_flood
5508,1781099990.300502,http_flood
5509,1781099990.301911,http_flood
5510,1781099990.303506,http_flood
5511,1781099990.305048,http_flood
5512,1781099990.306247,http_flood
5513,1781099990.307286,http_flood
5514,1781099990.308757,http_flood
5515,1781099990.311306,http_flood
5516,1781099990.312915,http_flood
5517,1781099990.314409,http_flood
5518,1781099990.315430,http_flood
5519,1781099990.317648,http_flood
5520,1781099990.318761,http_flood
5521,1781099990.320651,http_flood
5522,1781099990.322816,http_flood
5523,1781099990.324850,http_flood
5524,1781099990.326106,http_flood
5525,1781099990.327514,http_flood
5526,1781099990.328967,http_flood
5527,1781099990.329776,http_flood
5528,1781099990.331668,http_flood
5529,1781099990.332886,http_flood
5530,1781099990.334210,http_flood
5531,1781099990.336080,http_flood
5532,1781099990.337570,http_flood
5533,1781099990.339501,http_flood
5534,1781099990.341214,http_flood
5535,1781099990.343049,http_flood
5536,1781099990.344687,http_flood
5537,1781099990.345725,http_flood
5538,1781099990.347212,http_flood
5539,1781099990.348536,http_flood
5540,1781099990.350665,http_flood
5541,1781099990.352051,http_flood
5542,1781099990.353194,http_flood
5543,1781099990.355138,http_flood
5544,1781099990.356562,http_flood
5545,1781099990.358622,http_flood
5546,1781099990.359725,http_flood
5547,1781099990.361194,http_flood
5548,1781099990.362505,http_flood
5549,1781099990.363592,http_flood
5550,1781099990.365151,http_flood
5551,1781099990.366942,http_flood
5552,1781099990.368561,http_flood
5553,1781099990.370009,http_flood
5554,1781099990.371486,http_flood
5555,1781099990.372665,http_flood
5556,1781099990.374644,http_flood
5557,1781099990.376941,http_flood
5558,1781099990.378107,http_flood
5559,1781099990.379337,http_flood
5560,1781099990.380482,http_flood
5561,1781099990.381852,http_flood
5562,1781099990.383113,http_flood
5563,1781099990.384923,http_flood
5564,1781099990.386568,http_flood
5565,1781099990.388304,http_flood
5566,1781099990.389977,http_flood
5567,1781099990.391373,http_flood
5568,1781099990.392915,http_flood
5569,1781099990.395129,http_flood
5570,1781099990.396507,http_flood
5571,1781099990.398006,http_flood
5572,1781099990.399532,http_flood
5573,1781099990.400689,http_flood
5574,1781099990.402435,http_flood
5575,1781099990.404108,http_flood
5576,1781099990.405981,http_flood
5577,1781099990.408076,http_flood
5578,1781099990.410037,http_flood
5579,1781099990.411994,http_flood
5580,1781099990.413373,http_flood
5581,1781099990.415285,http_flood
5582,1781099990.417019,http_flood
5583,1781099990.419101,http_flood
5584,1781099990.421118,http_flood
5585,1781099990.422497,http_flood
5586,1781099990.423791,http_flood
5587,1781099990.425948,http_flood
5588,1781099990.427280,http_flood
5589,1781099990.428688,http_flood
5590,1781099990.430380,http_flood
5591,1781099990.431761,http_flood
5592,1781099990.433856,http_flood
5593,1781099990.435350,http_flood
5594,1781099990.437462,http_flood
5595,1781099990.439682,http_flood
5596,1781099990.441056,http_flood
5597,1781099990.443129,http_flood
5598,1781099990.445040,http_flood
5599,1781099990.446514,http_flood
5600,1781099990.447644,http_flood
5601,1781099990.449273,http_flood
5602,1781099990.450989,http_flood
5603,1781099990.452344,http_flood
5604,1781099990.454275,http_flood
5605,1781099990.455845,http_flood
5606,1781099990.456919,http_flood
5607,1781099990.458517,http_flood
5608,1781099990.460095,http_flood
5609,1781099990.461643,http_flood
5610,1781099990.463717,http_flood
5611,1781099990.465413,http_flood
5612,1781099990.467485,http_flood
5613,1781099990.469398,http_flood
5614,1781099990.470830,http_flood
5615,1781099990.473123,http_flood
5616,1781099990.474678,http_flood
5617,1781099990.476081,http_flood
5618,1781099990.477362,http_flood
5619,1781099990.478678,http_flood
5620,1781099990.480298,http_flood
5621,1781099990.482252,http_flood
5622,1781099990.484352,http_flood
5623,1781099990.485662,http_flood
5624,1781099990.486745,http_flood
5625,1781099990.488451,http_flood
5626,1781099990.490453,http_flood
5627,1781099990.492071,http_flood
5628,1781099990.493699,http_flood
5629,1781099990.495803,http_flood
5630,1781099990.497667,http_flood
5631,1781099990.499384,http_flood
5632,1781099990.500667,http_flood
5633,1781099990.502262,http_flood
5634,1781099990.504561,http_flood
5635,1781099990.506297,http_flood
5636,1781099990.507641,http_flood
5637,1781099990.509951,http_flood
5638,1781099990.511809,http_flood
5639,1781099990.513417,http_flood
5640,1781099990.515259,http_flood
5641,1781099990.516390,http_flood
5642,1781099990.518019,http_flood
5643,1781099990.519834,http_flood
5644,1781099990.521677,http_flood
5645,1781099990.522987,normal
5646,1781099990.524346,http_flood
5647,1781099990.526320,http_flood
5648,1781099990.528655,http_flood
5649,1781099990.530187,http_flood
5650,1781099990.531936,http_flood
5651,1781099990.533161,http_flood
5652,1781099990.535351,http_flood
5653,1781099990.537354,http_flood
5654,1781099990.539584,normal
5655,1781099990.541389,http_flood
5656,1781099990.542735,http_flood
5657,1781099990.544955,http_flood
5658,1781099990.546543,http_flood
5659,1781099990.548033,http_flood
5660,1781099990.550220,http_flood
5661,1781099990.551219,http_flood
5662,1781099990.553708,http_flood
5663,1781099990.555833,http_flood
5664,1781099990.557226,http_flood
5665,1781099990.558681,http_flood
5666,1781099990.559786,http_flood
5667,1781099990.561876,http_flood
5668,1781099990.563706,http_flood
5669,1781099990.565688,http_flood
5670,1781099990.567084,http_flood
5671,1781099990.568558,http_flood
5672,1781099990.570184,http_flood
5673,1781099990.571433,http_flood
5674,1781099990.573140,http_flood
5675,1781099990.575066,http_flood
5676,1781099990.577024,http_flood
5677,1781099990.579165,http_flood
5678,1781099990.581119,http_flood
5679,1781099990.582935,http_flood
5680,1781099990.585438,http_flood
5681,1781099990.587501,http_flood
5682,1781099990.589517,http_flood
5683,1781099990.590860,http_flood
5684,1781099990.592072,http_flood
5685,1781099990.593833,http_flood
5686,1781099990.596025,http_flood
5687,1781099990.597211,http_flood
5688,1781099990.599017,http_flood
5689,1781099990.600505,http_flood
5690,1781099990.601896,http_flood
5691,1781099990.603525,http_flood
5692,1781099990.605224,http_flood
5693,1781099990.607169,http_flood
5694,1781099990.608758,http_flood
5695,1781099990.609872,http_flood
5696,1781099990.611275,http_flood
5697,1781099990.613376,http_flood
5698,1781099990.614906,http_flood
5699,1781099990.616205,http_flood
5700,1781099990.617954,http_flood
5701,1781099990.619520,http_flood
5702,1781099990.620607,http_flood
5703,1781099990.622205,http_flood
5704,1781099990.623390,http_flood
5705,1781099990.625551,http_flood
5706,1781099990.627307,http_flood
5707,1781099990.628929,http_flood
5708,1781099990.630765,http_flood
5709,1781099990.633125,http_flood
5710,1781099990.635070,http_flood
5711,1781099990.636601,http_flood
5712,1781099990.638349,http_flood
5713,1781099990.639369,http_flood
5714,1781099990.640858,http_flood
5715,1781099990.642730,http_flood
5716,1781099990.644618,http_flood
5717,1781099990.645719,http_flood
5718,1781099990.647422,http_flood
5719,1781099990.648980,http_flood
5720,1781099990.651050,http_flood
5721,1781099990.652519,http_flood
5722,1781099990.653868,http_flood
5723,1781099990.655429,http_flood
5724,1781099990.658125,http_flood
5725,1781099990.659709,http_flood
5726,1781099990.661115,http_flood
5727,1781099990.663278,http_flood
5728,1781099990.665201,http_flood
5729,1781099990.667059,http_flood
5730,1781099990.668808,http_flood
5731,1781099990.670557,http_flood
5732,1781099990.672122,http_flood
5733,1781099990.673537,http_flood
5734,1781099990.675188,http_flood
5735,1781099990.677220,http_flood
5736,1781099990.678547,http_flood
5737,1781099990.680329,normal
5738,1781099990.682775,http_flood
5739,1781099990.684487,http_flood
5740,1781099990.686053,http_flood
5741,1781099990.687504,http_flood
5742,1781099990.689635,http_flood
5743,1781099990.691805,http_flood
5744,1781099990.693418,http_flood
5745,1781099990.695394,http_flood
5746,1781099990.697033,http_flood
5747,1781099990.698111,http_flood
5748,1781099990.700611,http_flood
5749,1781099990.702367,http_flood
5750,1781099990.704118,http_flood
5751,1781099990.705983,http_flood
5752,1781099990.707441,http_flood
5753,1781099990.708828,http_flood
5754,1781099990.710396,http_flood
5755,1781099990.712129,http_flood
5756,1781099990.714160,http_flood
5757,1781099990.715740,http_flood
5758,1781099990.717569,http_flood
5759,1781099990.718814,http_flood
5760,1781099990.720111,http_flood
5761,1781099990.721995,http_flood
5762,1781099990.723885,http_flood
5763,1781099990.725743,http_flood
5764,1781099990.727082,http_flood
5765,1781099990.728896,http_flood
5766,1781099990.730357,http_flood
5767,1781099990.732644,http_flood
5768,1781099990.734462,http_flood
5769,1781099990.737360,http_flood
5770,1781099990.738810,http_flood
5771,1781099990.740543,http_flood
5772,1781099990.743209,http_flood
5773,1781099990.744509,http_flood
5774,1781099990.746453,http_flood
5775,1781099990.748797,http_flood
5776,1781099990.750531,http_flood
5777,1781099990.752289,http_flood
5778,1781099990.753911,http_flood
5779,1781099990.755285,http_flood
5780,1781099990.756562,http_flood
5781,1781099990.758447,http_flood
5782,1781099990.760106,http_flood
5783,1781099990.761392,http_flood
5784,1781099990.763232,http_flood
5785,1781099990.765557,http_flood
5786,1781099990.766982,http_flood
5787,1781099990.768427,http_flood
5788,1781099990.770403,http_flood
5789,1781099990.771949,http_flood
5790,1781099990.773363,http_flood
5791,1781099990.775629,http_flood
5792,1781099990.777924,http_flood
5793,1781099990.779785,http_flood
5794,1781099990.781411,http_flood
5795,1781099990.782686,http_flood
5796,1781099990.784684,http_flood
5797,1781099990.786838,http_flood
5798,1781099990.788822,http_flood
5799,1781099990.790389,http_flood
5800,1781099990.792256,http_flood
5801,1781099990.793452,http_flood
5802,1781099990.796283,http_flood
5803,1781099990.798030,http_flood
5804,1781099990.799499,http_flood
5805,1781099990.801114,http_flood
5806,1781099990.802201,http_flood
5807,1781099990.803868,http_flood
5808,1781099990.805487,http_flood
5809,1781099990.807193,http_flood
5810,1781099990.808774,http_flood
5811,1781099990.811158,http_flood
5812,1781099990.812872,http_flood
5813,1781099990.814532,http_flood
5814,1781099990.816236,http_flood
5815,1781099990.817820,http_flood
5816,1781099990.819663,http_flood
5817,1781099990.821117,http_flood
5818,1781099990.823145,http_flood
5819,1781099990.825414,http_flood
5820,1781099990.826798,http_flood
5821,1781099990.829519,http_flood
5822,1781099990.830571,http_flood
5823,1781099990.832180,http_flood
5824,1781099990.834628,http_flood
5825,1781099990.836743,http_flood
5826,1781099990.838975,http_flood
5827,1781099990.841495,http_flood
5828,1781099990.843767,http_flood
5829,1781099990.845201,http_flood
5830,1781099990.847548,http_flood
5831,1781099990.849392,http_flood
5832,1781099990.850997,http_flood
5833,1781099990.852458,http_flood
5834,1781099990.854099,http_flood
5835,1781099990.855241,http_flood
5836,1781099990.857035,http_flood
5837,1781099990.859439,http_flood
5838,1781099990.860915,http_flood
5839,1781099990.862686,http_flood
5840,1781099990.864371,http_flood
5841,1781099990.866144,http_flood
5842,1781099990.867669,http_flood
5843,1781099990.869733,http_flood
5844,1781099990.872174,http_flood
5845,1781099990.873852,http_flood
5846,1781099990.875915,http_flood
5847,1781099990.877710,normal
5848,1781099990.879236,http_flood
5849,1781099990.880991,http_flood
5850,1781099990.883054,http_flood
5851,1781099990.884751,http_flood
5852,1781099990.887373,http_flood
5853,1781099990.889084,http_flood
5854,1781099990.891784,http_flood
5855,1781099990.893403,http_flood
5856,1781099990.895381,http_flood
5857,1781099990.897789,http_flood
5858,1781099990.899259,http_flood
5859,1781099990.901117,http_flood
5860,1781099990.902632,http_flood
5861,1781099990.904545,http_flood
5862,1781099990.905949,http_flood
5863,1781099990.907986,http_flood
5864,1781099990.909821,http_flood
5865,1781099990.912327,http_flood
5866,1781099990.913952,http_flood
5867,1781099990.915423,http_flood
5868,1781099990.916569,http_flood
5869,1781099990.918627,http_flood
5870,1781099990.920288,http_flood
5871,1781099990.922158,http_flood
5872,1781099990.924303,http_flood
5873,1781099990.926560,http_flood
5874,1781099990.928104,http_flood
5875,1781099990.929614,http_flood
5876,1781099990.930733,http_flood
5877,1781099990.933442,http_flood
5878,1781099990.934664,http_flood
5879,1781099990.937644,http_flood
5880,1781099990.939053,http_flood
5881,1781099990.941071,http_flood
5882,1781099990.942422,http_flood
5883,1781099990.943849,http_flood
5884,1781099990.946139,http_flood
5885,1781099990.947636,http_flood
5886,1781099990.949549,http_flood
5887,1781099990.951844,http_flood
5888,1781099990.953169,http_flood
5889,1781099990.955612,http_flood
5890,1781099990.957548,http_flood
5891,1781099990.959594,normal
5892,1781099990.961684,http_flood
5893,1781099990.963702,http_flood
5894,1781099990.965830,http_flood
5895,1781099990.967542,http_flood
5896,1781099990.969174,http_flood
5897,1781099990.971174,http_flood
5898,1781099990.973244,http_flood
5899,1781099990.974564,http_flood
5900,1781099990.975755,normal
5901,1781099990.977068,normal
5902,1781099990.979315,http_flood
5903,1781099990.980639,http_flood
5904,1781099990.983361,http_flood
5905,1781099990.985979,http_flood
5906,1781099990.987864,http_flood
5907,1781099990.989409,http_flood
5908,1781099990.991024,http_flood
5909,1781099990.992729,http_flood
5910,1781099990.994347,http_flood
5911,1781099990.996740,http_flood
5912,1781099990.998257,http_flood
5913,1781099991.000641,http_flood
5914,1781099991.002846,http_flood
5915,1781099991.004692,http_flood
5916,1781099991.006720,http_flood
5917,1781099991.008652,http_flood
5918,1781099991.010435,http_flood
5919,1781099991.012430,http_flood
5920,1781099991.014632,http_flood
5921,1781099991.016270,http_flood
5922,1781099991.017893,http_flood
5923,1781099991.019855,http_flood
5924,1781099991.021321,http_flood
5925,1781099991.024053,http_flood
5926,1781099991.025710,http_flood
5927,1781099991.026991,http_flood
5928,1781099991.028806,http_flood
5929,1781099991.030647,http_flood
5930,1781099991.032479,http_flood
5931,1781099991.034446,http_flood
5932,1781099991.036148,normal
5933,1781099991.037523,http_flood
5934,1781099991.039774,http_flood
5935,1781099991.041269,http_flood
5936,1781099991.043258,http_flood
5937,1781099991.045461,http_flood
5938,1781099991.046923,http_flood
5939,1781099991.048728,http_flood
5940,1781099991.049890,http_flood
5941,1781099991.051182,http_flood
5942,1781099991.052836,http_flood
5943,1781099991.054798,http_flood
5944,1781099991.056958,http_flood
5945,1781099991.059111,http_flood
5946,1781099991.060357,http_flood
5947,1781099991.062073,http_flood
5948,1781099991.064118,http_flood
5949,1781099991.066232,http_flood
5950,1781099991.067595,http_flood
5951,1781099991.068890,http_flood
5952,1781099991.070745,http_flood
5953,1781099991.072268,http_flood
5954,1781099991.074403,http_flood
5955,1781099991.076876,http_flood
5956,1781099991.078556,http_flood
5957,1781099991.081202,http_flood
5958,1781099991.083163,http_flood
5959,1781099991.085415,http_flood
5960,1781099991.087139,http_flood
5961,1781099991.089073,http_flood
5962,1781099991.090506,http_flood
5963,1781099991.092454,http_flood
5964,1781099991.093838,http_flood
5965,1781099991.095696,http_flood
5966,1781099991.096753,http_flood
5967,1781099991.099069,http_flood
5968,1781099991.101467,http_flood
5969,1781099991.103134,http_flood
5970,1781099991.105376,http_flood
5971,1781099991.107291,http_flood
5972,1781099991.109505,http_flood
5973,1781099991.111815,http_flood
5974,1781099991.113384,http_flood
5975,1781099991.115236,http_flood
5976,1781099991.117245,http_flood
5977,1781099991.119536,http_flood
5978,1781099991.121661,http_flood
5979,1781099991.124797,http_flood
5980,1781099991.126133,http_flood
5981,1781099991.128136,http_flood
5982,1781099991.130150,http_flood
5983,1781099991.132847,http_flood
5984,1781099991.134251,http_flood
5985,1781099991.135533,http_flood
5986,1781099991.137644,http_flood
5987,1781099991.140081,http_flood
5988,1781099991.142134,http_flood
5989,1781099991.143607,http_flood
5990,1781099991.145370,http_flood
5991,1781099991.147940,http_flood
5992,1781099991.149522,http_flood
5993,1781099991.151921,http_flood
5994,1781099991.153236,http_flood
5995,1781099991.155793,http_flood
5996,1781099991.157607,http_flood
5997,1781099991.160145,http_flood
5998,1781099991.161700,http_flood
5999,1781099991.163485,http_flood
6000,1781099991.166299,http_flood
6001,1781099991.167806,http_flood
6002,1781099991.169751,http_flood
6003,1781099991.171251,http_flood
6004,1781099991.172636,http_flood
6005,1781099991.175181,http_flood
6006,1781099991.178282,http_flood
6007,1781099991.180949,http_flood
6008,1781099991.183149,http_flood
6009,1781099991.185312,http_flood
6010,1781099991.187545,http_flood
6011,1781099991.189575,http_flood
6012,1781099991.191721,http_flood
6013,1781099991.193862,http_flood
6014,1781099991.195386,http_flood
6015,1781099991.197654,http_flood
6016,1781099991.199096,http_flood
6017,1781099991.201645,http_flood
6018,1781099991.203124,http_flood
6019,1781099991.205019,http_flood
6020,1781099991.206172,http_flood
6021,1781099991.207851,http_flood
6022,1781099991.209149,http_flood
6023,1781099991.211349,http_flood
6024,1781099991.213284,http_flood
6025,1781099991.215100,http_flood
6026,1781099991.217252,http_flood
6027,1781099991.219285,http_flood
6028,1781099991.220784,http_flood
6029,1781099991.222404,http_flood
6030,1781099991.223943,http_flood
6031,1781099991.225897,http_flood
6032,1781099991.228331,http_flood
6033,1781099991.230144,http_flood
6034,1781099991.232550,http_flood
6035,1781099991.234545,http_flood
6036,1781099991.236192,http_flood
6037,1781099991.237337,http_flood
6038,1781099991.239228,http_flood
6039,1781099991.240367,http_flood
6040,1781099991.242175,http_flood
6041,1781099991.243392,http_flood
6042,1781099991.244658,http_flood
6043,1781099991.246022,http_flood
6044,1781099991.248123,http_flood
6045,1781099991.249574,http_flood
6046,1781099991.251390,http_flood
6047,1781099991.252949,http_flood
6048,1781099991.254815,normal
6049,1781099991.257383,http_flood
6050,1781099991.258965,http_flood
6051,1781099991.261138,http_flood
6052,1781099991.262973,http_flood
6053,1781099991.265595,http_flood
6054,1781099991.267186,http_flood
6055,1781099991.269191,http_flood
6056,1781099991.271474,http_flood
6057,1781099991.273026,http_flood
6058,1781099991.275110,http_flood
6059,1781099991.277052,http_flood
6060,1781099991.279014,http_flood
6061,1781099991.280741,http_flood
6062,1781099991.282149,http_flood
6063,1781099991.284315,http_flood
6064,1781099991.286378,http_flood
6065,1781099991.288513,http_flood
6066,1781099991.290163,normal
6067,1781099991.292270,http_flood
6068,1781099991.293925,normal
6069,1781099991.295825,http_flood
6070,1781099991.298904,http_flood
6071,1781099991.300942,http_flood
6072,1781099991.303214,http_flood
6073,1781099991.305209,http_flood
6074,1781099991.306931,http_flood
6075,1781099991.308592,http_flood
6076,1781099991.310306,http_flood
6077,1781099991.312232,http_flood
6078,1781099991.314460,http_flood
6079,1781099991.316750,http_flood
6080,1781099991.319487,http_flood
6081,1781099991.321904,http_flood
6082,1781099991.323869,http_flood
6083,1781099991.325438,http_flood
6084,1781099991.328106,http_flood
6085,1781099991.330042,http_flood
6086,1781099991.331698,http_flood
6087,1781099991.333677,http_flood
6088,1781099991.335519,http_flood
6089,1781099991.337993,http_flood
6090,1781099991.340178,http_flood
6091,1781099991.342300,http_flood
6092,1781099991.344258,http_flood
6093,1781099991.346421,http_flood
6094,1781099991.348737,http_flood
6095,1781099991.350666,http_flood
6096,1781099991.352235,http_flood
6097,1781099991.353645,http_flood
6098,1781099991.356810,http_flood
6099,1781099991.359172,http_flood
6100,1781099991.360518,http_flood
6101,1781099991.362822,http_flood
6102,1781099991.364942,http_flood
6103,1781099991.367752,http_flood
6104,1781099991.369549,http_flood
6105,1781099991.372687,http_flood
6106,1781099991.374245,http_flood
6107,1781099991.376846,http_flood
6108,1781099991.379067,http_flood
6109,1781099991.380780,http_flood
6110,1781099991.382533,http_flood
6111,1781099991.384675,http_flood
6112,1781099991.386311,http_flood
6113,1781099991.387808,http_flood
6114,1781099991.389475,http_flood
6115,1781099991.391199,http_flood
6116,1781099991.393427,http_flood
6117,1781099991.395120,http_flood
6118,1781099991.396896,http_flood
6119,1781099991.398884,http_flood
6120,1781099991.401680,http_flood
6121,1781099991.403047,normal
6122,1781099991.404381,http_flood
6123,1781099991.406636,http_flood
6124,1781099991.408774,http_flood
6125,1781099991.410468,http_flood
6126,1781099991.412513,http_flood
6127,1781099991.413640,http_flood
6128,1781099991.415822,http_flood
6129,1781099991.418111,http_flood
6130,1781099991.420109,http_flood
6131,1781099991.422001,http_flood
6132,1781099991.424164,http_flood
6133,1781099991.426612,http_flood
6134,1781099991.427917,http_flood
6135,1781099991.429913,http_flood
6136,1781099991.431897,normal
6137,1781099991.434089,http_flood
6138,1781099991.435696,http_flood
6139,1781099991.437610,http_flood
6140,1781099991.439364,http_flood
6141,1781099991.440943,http_flood
6142,1781099991.442893,http_flood
6143,1781099991.444480,http_flood
6144,1781099991.446485,http_flood
6145,1781099991.448121,http_flood
6146,1781099991.449522,http_flood
6147,1781099991.451759,http_flood
6148,1781099991.453959,http_flood
6149,1781099991.456068,http_flood
6150,1781099991.457387,http_flood
6151,1781099991.459418,http_flood
6152,1781099991.461072,http_flood
6153,1781099991.463314,http_flood
6154,1781099991.465185,normal
6155,1781099991.466523,http_flood
6156,1781099991.469340,http_flood
6157,1781099991.471442,http_flood
6158,1781099991.473963,http_flood
6159,1781099991.475570,http_flood
6160,1781099991.477435,http_flood
6161,1781099991.480407,normal
6162,1781099991.482602,http_flood
6163,1781099991.484056,http_flood
6164,1781099991.485878,http_flood
6165,1781099991.487674,http_flood
6166,1781099991.489228,http_flood
6167,1781099991.490612,http_flood
6168,1781099991.492492,http_flood
6169,1781099991.494358,http_flood
6170,1781099991.496507,http_flood
6171,1781099991.499093,http_flood
6172,1781099991.501354,http_flood
6173,1781099991.503024,http_flood
6174,1781099991.505111,http_flood
6175,1781099991.507013,http_flood
6176,1781099991.508413,http_flood
6177,1781099991.510196,http_flood
6178,1781099991.511713,http_flood
6179,1781099991.514664,http_flood
6180,1781099991.517102,http_flood
6181,1781099991.518352,http_flood
6182,1781099991.520097,http_flood
6183,1781099991.522414,http_flood
6184,1781099991.524089,http_flood
6185,1781099991.526164,http_flood
6186,1781099991.527730,http_flood
6187,1781099991.529719,http_flood
6188,1781099991.531230,http_flood
6189,1781099991.533308,http_flood
6190,1781099991.537107,http_flood
6191,1781099991.539482,http_flood
6192,1781099991.541457,http_flood
6193,1781099991.543743,http_flood
6194,1781099991.546110,http_flood
6195,1781099991.548674,http_flood
6196,1781099991.550274,http_flood
6197,1781099991.552723,http_flood
6198,1781099991.554880,http_flood
6199,1781099991.556806,http_flood
6200,1781099991.558362,http_flood
6201,1781099991.560186,http_flood
6202,1781099991.561743,http_flood
6203,1781099991.563451,http_flood
6204,1781099991.565642,http_flood
6205,1781099991.568478,normal
6206,1781099991.570508,http_flood
6207,1781099991.572420,http_flood
6208,1781099991.574108,http_flood
6209,1781099991.575805,http_flood
6210,1781099991.577505,http_flood
6211,1781099991.579536,http_flood
6212,1781099991.581620,http_flood
6213,1781099991.584095,http_flood
6214,1781099991.585917,http_flood
6215,1781099991.587730,http_flood
6216,1781099991.589452,http_flood
6217,1781099991.591175,http_flood
6218,1781099991.593183,http_flood
6219,1781099991.594830,http_flood
6220,1781099991.597030,http_flood
6221,1781099991.599355,http_flood
6222,1781099991.601507,http_flood
6223,1781099991.603008,http_flood
6224,1781099991.604342,http_flood
6225,1781099991.606080,normal
6226,1781099991.607708,http_flood
6227,1781099991.610063,http_flood
6228,1781099991.612442,http_flood
6229,1781099991.613964,http_flood
6230,1781099991.616418,http_flood
6231,1781099991.618684,http_flood
6232,1781099991.620779,http_flood
6233,1781099991.622152,http_flood
6234,1781099991.623818,http_flood
6235,1781099991.626827,http_flood
6236,1781099991.629329,http_flood
6237,1781099991.631244,http_flood
6238,1781099991.633014,http_flood
6239,1781099991.634488,http_flood
6240,1781099991.636176,http_flood
6241,1781099991.637635,http_flood
6242,1781099991.639518,http_flood
6243,1781099991.641932,http_flood
6244,1781099991.643695,http_flood
6245,1781099991.645751,http_flood
6246,1781099991.647490,http_flood
6247,1781099991.649164,http_flood
6248,1781099991.650500,http_flood
6249,1781099991.652352,http_flood
6250,1781099991.653657,http_flood
6251,1781099991.656006,http_flood
6252,1781099991.657468,http_flood
6253,1781099991.659118,http_flood
6254,1781099991.661237,http_flood
6255,1781099991.662460,http_flood
6256,1781099991.664984,normal
6257,1781099991.666795,http_flood
6258,1781099991.668876,http_flood
6259,1781099991.670750,http_flood
6260,1781099991.672268,http_flood
6261,1781099991.674766,http_flood
6262,1781099991.676910,http_flood
6263,1781099991.678746,http_flood
6264,1781099991.680714,http_flood
6265,1781099991.683217,http_flood
6266,1781099991.685449,http_flood
6267,1781099991.686924,http_flood
6268,1781099991.689531,http_flood
6269,1781099991.691406,http_flood
6270,1781099991.693338,http_flood
6271,1781099991.695122,http_flood
6272,1781099991.697070,http_flood
6273,1781099991.698581,http_flood
6274,1781099991.700939,http_flood
6275,1781099991.702812,http_flood
6276,1781099991.704933,http_flood
6277,1781099991.707372,http_flood
6278,1781099991.708823,http_flood
6279,1781099991.710588,http_flood
6280,1781099991.712420,http_flood
6281,1781099991.714715,http_flood
6282,1781099991.717293,http_flood
6283,1781099991.718985,http_flood
6284,1781099991.721177,http_flood
6285,1781099991.723055,http_flood
6286,1781099991.725073,http_flood
6287,1781099991.726346,http_flood
6288,1781099991.728616,http_flood
6289,1781099991.731043,http_flood
6290,1781099991.732917,http_flood
6291,1781099991.734620,http_flood
6292,1781099991.736590,http_flood
6293,1781099991.738434,http_flood
6294,1781099991.740055,http_flood
6295,1781099991.742692,http_flood
6296,1781099991.744378,normal
6297,1781099991.746170,http_flood
6298,1781099991.748292,http_flood
6299,1781099991.751496,http_flood
6300,1781099991.753518,http_flood
6301,1781099991.755976,http_flood
6302,1781099991.758325,http_flood
6303,1781099991.759918,http_flood
6304,1781099991.761914,http_flood
6305,1781099991.763971,http_flood
6306,1781099991.765768,http_flood
6307,1781099991.767291,http_flood
6308,1781099991.768409,http_flood
6309,1781099991.770166,http_flood
6310,1781099991.771889,http_flood
6311,1781099991.775136,http_flood
6312,1781099991.777893,http_flood
6313,1781099991.779658,http_flood
6314,1781099991.781972,http_flood
6315,1781099991.783383,http_flood
6316,1781099991.784899,http_flood
6317,1781099991.786556,http_flood
6318,1781099991.788161,http_flood
6319,1781099991.789954,http_flood
6320,1781099991.791379,http_flood
6321,1781099991.793396,http_flood
6322,1781099991.794975,http_flood
6323,1781099991.796782,http_flood
6324,1781099991.798409,http_flood
6325,1781099991.799871,http_flood
6326,1781099991.801582,http_flood
6327,1781099991.803479,http_flood
6328,1781099991.805137,http_flood
6329,1781099991.807562,http_flood
6330,1781099991.809156,http_flood
6331,1781099991.811216,http_flood
6332,1781099991.813405,http_flood
6333,1781099991.814760,http_flood
6334,1781099991.816807,http_flood
6335,1781099991.818637,http_flood
6336,1781099991.821818,http_flood
6337,1781099991.822976,http_flood
6338,1781099991.824925,http_flood
6339,1781099991.826893,http_flood
6340,1781099991.829167,http_flood
6341,1781099991.831321,http_flood
6342,1781099991.832934,http_flood
6343,1781099991.834689,http_flood
6344,1781099991.836743,http_flood
6345,1781099991.838558,http_flood
6346,1781099991.840531,http_flood
6347,1781099991.842090,http_flood
6348,1781099991.843700,http_flood
6349,1781099991.846546,http_flood
6350,1781099991.847475,http_flood
6351,1781099991.849776,http_flood
6352,1781099991.851652,http_flood
6353,1781099991.853495,http_flood
6354,1781099991.855159,http_flood
6355,1781099991.858023,http_flood
6356,1781099991.860072,http_flood
6357,1781099991.862518,http_flood
6358,1781099991.864637,http_flood
6359,1781099991.867071,http_flood
6360,1781099991.869339,http_flood
6361,1781099991.871190,http_flood
6362,1781099991.872617,http_flood
6363,1781099991.874597,http_flood
6364,1781099991.877464,http_flood
6365,1781099991.879063,http_flood
6366,1781099991.881298,http_flood
6367,1781099991.883800,http_flood
6368,1781099991.885705,http_flood
6369,1781099991.888012,http_flood
6370,1781099991.889760,normal
6371,1781099991.891647,http_flood
6372,1781099991.893200,http_flood
6373,1781099991.895258,http_flood
6374,1781099991.897144,http_flood
6375,1781099991.899842,http_flood
6376,1781099991.902084,http_flood
6377,1781099991.904294,http_flood
6378,1781099991.906100,http_flood
6379,1781099991.907987,http_flood
6380,1781099991.909581,http_flood
6381,1781099991.911943,http_flood
6382,1781099991.913939,http_flood
6383,1781099991.916141,http_flood
6384,1781099991.917649,http_flood
6385,1781099991.919264,http_flood
6386,1781099991.921753,http_flood
6387,1781099991.923883,http_flood
6388,1781099991.925917,http_flood
6389,1781099991.927676,http_flood
6390,1781099991.929849,http_flood
6391,1781099991.931386,http_flood
6392,1781099991.932446,http_flood
6393,1781099991.933844,http_flood
6394,1781099991.935503,http_flood
6395,1781099991.937232,http_flood
6396,1781099991.939693,http_flood
6397,1781099991.941195,http_flood
6398,1781099991.942979,http_flood
6399,1781099991.944653,http_flood
6400,1781099991.946374,normal
6401,1781099991.947657,http_flood
6402,1781099991.949561,http_flood
6403,1781099991.950982,http_flood
6404,1781099991.953345,http_flood
6405,1781099991.954746,http_flood
6406,1781099991.956271,http_flood
6407,1781099991.957990,http_flood
6408,1781099991.959172,http_flood
6409,1781099991.961556,http_flood
6410,1781099991.963830,http_flood
6411,1781099991.966127,http_flood
6412,1781099991.967906,http_flood
6413,1781099991.969774,http_flood
6414,1781099991.972116,http_flood
6415,1781099991.973783,http_flood
6416,1781099991.975137,http_flood
6417,1781099991.976863,http_flood
6418,1781099991.978485,http_flood
6419,1781099991.980114,http_flood
6420,1781099991.981827,http_flood
6421,1781099991.983659,http_flood
6422,1781099991.985710,http_flood
6423,1781099991.987900,http_flood
6424,1781099991.989826,http_flood
6425,1781099991.991385,http_flood
6426,1781099991.992845,http_flood
6427,1781099991.994768,http_flood
6428,1781099991.996402,http_flood
6429,1781099991.997866,http_flood
6430,1781099991.999767,http_flood
6431,1781099992.001313,http_flood
6432,1781099992.003134,http_flood
6433,1781099992.004413,http_flood
6434,1781099992.006303,http_flood
6435,1781099992.008769,http_flood
6436,1781099992.010530,http_flood
6437,1781099992.012277,http_flood
6438,1781099992.014831,http_flood
6439,1781099992.016974,normal
6440,1781099992.019779,http_flood
6441,1781099992.021429,http_flood
6442,1781099992.023502,http_flood
6443,1781099992.026224,http_flood
6444,1781099992.027989,http_flood
6445,1781099992.029648,http_flood
6446,1781099992.030533,http_flood
6447,1781099992.032889,http_flood
6448,1781099992.034286,http_flood
6449,1781099992.036199,http_flood
6450,1781099992.038127,http_flood
6451,1781099992.039523,http_flood
6452,1781099992.040658,http_flood
6453,1781099992.042666,http_flood
6454,1781099992.045071,http_flood
6455,1781099992.046399,http_flood
6456,1781099992.048297,http_flood
6457,1781099992.050462,http_flood
6458,1781099992.052946,http_flood
6459,1781099992.055397,normal
6460,1781099992.056727,http_flood
6461,1781099992.058730,normal
6462,1781099992.061033,http_flood
6463,1781099992.062550,http_flood
6464,1781099992.065063,http_flood
6465,1781099992.067361,http_flood
6466,1781099992.069373,http_flood
6467,1781099992.071131,http_flood
6468,1781099992.072761,normal
6469,1781099992.074181,http_flood
6470,1781099992.076348,http_flood
6471,1781099992.078023,http_flood
6472,1781099992.079955,http_flood
6473,1781099992.081841,http_flood
6474,1781099992.083915,normal
6475,1781099992.086033,http_flood
6476,1781099992.087956,http_flood
6477,1781099992.089781,http_flood
6478,1781099992.091685,http_flood
6479,1781099992.093377,http_flood
6480,1781099992.095584,http_flood
6481,1781099992.097868,http_flood
6482,1781099992.099674,http_flood
6483,1781099992.101178,normal
6484,1781099992.103258,http_flood
6485,1781099992.104563,http_flood
6486,1781099992.106184,http_flood
6487,1781099992.107438,http_flood
6488,1781099992.108548,http_flood
6489,1781099992.110697,http_flood
6490,1781099992.112032,normal
6491,1781099992.114012,http_flood
6492,1781099992.116301,http_flood
6493,1781099992.117699,normal
6494,1781099992.119077,http_flood
6495,1781099992.120975,http_flood
6496,1781099992.122822,http_flood
6497,1781099992.124482,http_flood
6498,1781099992.126374,http_flood
6499,1781099992.127963,http_flood
6500,1781099992.129913,http_flood
6501,1781099992.131737,http_flood
6502,1781099992.133406,http_flood
6503,1781099992.134944,http_flood
6504,1781099992.136862,http_flood
6505,1781099992.138601,http_flood
6506,1781099992.139824,http_flood
6507,1781099992.141655,http_flood
6508,1781099992.143562,http_flood
6509,1781099992.145798,http_flood
6510,1781099992.148319,http_flood
6511,1781099992.149567,http_flood
6512,1781099992.151128,http_flood
6513,1781099992.153584,http_flood
6514,1781099992.155758,http_flood
6515,1781099992.157009,http_flood
6516,1781099992.158873,http_flood
6517,1781099992.160391,http_flood
6518,1781099992.162551,http_flood
6519,1781099992.164582,http_flood
6520,1781099992.166163,http_flood
6521,1781099992.167564,http_flood
6522,1781099992.168869,http_flood
6523,1781099992.171678,http_flood
6524,1781099992.173229,http_flood
6525,1781099992.175274,normal
6526,1781099992.176780,http_flood
6527,1781099992.178058,http_flood
6528,1781099992.179765,http_flood
6529,1781099992.181387,http_flood
6530,1781099992.183001,http_flood
6531,1781099992.185754,http_flood
6532,1781099992.187885,http_flood
6533,1781099992.188957,http_flood
6534,1781099992.190505,normal
6535,1781099992.192404,http_flood
6536,1781099992.194213,http_flood
6537,1781099992.196221,http_flood
6538,1781099992.198167,http_flood
6539,1781099992.199951,http_flood
6540,1781099992.201851,http_flood
6541,1781099992.204620,http_flood
6542,1781099992.206098,normal
6543,1781099992.207958,http_flood
6544,1781099992.209439,http_flood
6545,1781099992.210972,http_flood
6546,1781099992.213144,http_flood
6547,1781099992.215072,http_flood
6548,1781099992.216475,http_flood
6549,1781099992.217866,normal
6550,1781099992.219931,http_flood
6551,1781099992.221467,http_flood
6552,1781099992.223848,http_flood
6553,1781099992.225117,http_flood
6554,1781099992.226726,http_flood
6555,1781099992.227949,http_flood
6556,1781099992.230135,http_flood
6557,1781099992.232070,http_flood
6558,1781099992.234048,http_flood
6559,1781099992.235792,http_flood
6560,1781099992.237169,http_flood
6561,1781099992.239006,http_flood
6562,1781099992.240757,http_flood
6563,1781099992.241990,http_flood
6564,1781099992.243610,http_flood
6565,1781099992.244866,http_flood
6566,1781099992.246892,http_flood
6567,1781099992.248023,http_flood
6568,1781099992.249697,http_flood
6569,1781099992.251182,http_flood
6570,1781099992.252869,http_flood
6571,1781099992.255155,http_flood
6572,1781099992.257019,http_flood
6573,1781099992.258489,http_flood
6574,1781099992.261501,http_flood
6575,1781099992.262931,http_flood
6576,1781099992.264458,http_flood
6577,1781099992.266367,http_flood
6578,1781099992.267681,http_flood
6579,1781099992.269444,http_flood
6580,1781099992.271005,http_flood
6581,1781099992.272410,http_flood
6582,1781099992.274549,http_flood
6583,1781099992.275924,http_flood
6584,1781099992.277889,http_flood
6585,1781099992.279315,normal
6586,1781099992.280305,http_flood
6587,1781099992.282033,http_flood
6588,1781099992.284384,http_flood
6589,1781099992.286088,http_flood
6590,1781099992.287453,http_flood
6591,1781099992.289266,http_flood
6592,1781099992.290504,http_flood
6593,1781099992.291814,http_flood
6594,1781099992.293267,http_flood
6595,1781099992.294956,http_flood
6596,1781099992.296528,http_flood
6597,1781099992.298305,http_flood
6598,1781099992.299960,http_flood
6599,1781099992.301394,http_flood
6600,1781099992.303282,http_flood
6601,1781099992.304524,normal
6602,1781099992.306632,http_flood
6603,1781099992.308341,http_flood
6604,1781099992.310056,http_flood
6605,1781099992.311840,http_flood
6606,1781099992.313991,http_flood
6607,1781099992.315431,http_flood
6608,1781099992.317059,http_flood
6609,1781099992.318403,normal
6610,1781099992.319988,http_flood
6611,1781099992.322235,http_flood
6612,1781099992.323300,normal
6613,1781099992.324721,http_flood
6614,1781099992.327172,http_flood
6615,1781099992.328737,http_flood
6616,1781099992.330355,http_flood
6617,1781099992.331734,http_flood
6618,1781099992.333154,http_flood
6619,1781099992.335171,http_flood
6620,1781099992.336259,http_flood
6621,1781099992.338652,http_flood
6622,1781099992.340006,http_flood
6623,1781099992.341831,http_flood
6624,1781099992.343470,http_flood
6625,1781099992.344839,http_flood
6626,1781099992.347075,http_flood
6627,1781099992.348023,http_flood
6628,1781099992.349859,http_flood
6629,1781099992.351667,http_flood
6630,1781099992.353193,http_flood
6631,1781099992.355221,http_flood
6632,1781099992.356772,http_flood
6633,1781099992.358502,http_flood
6634,1781099992.360376,http_flood
6635,1781099992.361686,http_flood
6636,1781099992.363524,http_flood
6637,1781099992.364785,normal
6638,1781099992.366835,http_flood
6639,1781099992.368879,http_flood
6640,1781099992.370432,http_flood
6641,1781099992.371720,http_flood
6642,1781099992.373438,http_flood
6643,1781099992.374852,http_flood
6644,1781099992.377356,http_flood
6645,1781099992.378889,http_flood
6646,1781099992.380437,http_flood
6647,1781099992.382215,http_flood
6648,1781099992.383833,http_flood
6649,1781099992.385796,normal
6650,1781099992.387795,http_flood
6651,1781099992.389192,http_flood
6652,1781099992.390584,http_flood
6653,1781099992.391685,http_flood
6654,1781099992.392807,http_flood
6655,1781099992.394355,normal
6656,1781099992.395978,http_flood
6657,1781099992.397666,http_flood
6658,1781099992.398993,http_flood
6659,1781099992.400572,http_flood
6660,1781099992.401699,http_flood
6661,1781099992.402913,http_flood
6662,1781099992.404032,http_flood
6663,1781099992.405519,normal
6664,1781099992.406604,http_flood
6665,1781099992.408499,http_flood
6666,1781099992.409743,http_flood
6667,1781099992.411295,http_flood
6668,1781099992.412572,http_flood
6669,1781099992.413452,http_flood
6670,1781099992.414865,http_flood
6671,1781099992.416471,http_flood
6672,1781099992.418406,http_flood
6673,1781099992.420572,normal
6674,1781099992.421935,http_flood
6675,1781099992.423413,http_flood
6676,1781099992.424870,http_flood
6677,1781099992.426650,normal
6678,1781099992.428163,http_flood
6679,1781099992.429755,normal
6680,1781099992.431567,http_flood
6681,1781099992.433050,normal
6682,1781099992.434938,normal
6683,1781099992.436591,http_flood
6684,1781099992.437933,http_flood
6685,1781099992.439038,http_flood
6686,1781099992.440747,http_flood
6687,1781099992.442663,http_flood
6688,1781099992.444098,http_flood
6689,1781099992.445146,http_flood
6690,1781099992.446856,normal
6691,1781099992.448852,http_flood
6692,1781099992.450705,http_flood
6693,1781099992.452280,http_flood
6694,1781099992.453315,http_flood
6695,1781099992.455235,normal
6696,1781099992.457214,http_flood
6697,1781099992.457965,http_flood
6698,1781099992.459361,http_flood
6699,1781099992.461301,normal
6700,1781099992.462806,http_flood
6701,1781099992.464183,http_flood
6702,1781099992.465562,http_flood
6703,1781099992.467051,normal
6704,1781099992.468747,http_flood
6705,1781099992.470309,http_flood
6706,1781099992.471953,normal
6707,1781099992.473217,http_flood
6708,1781099992.475750,http_flood
6709,1781099992.477013,http_flood
6710,1781099992.478467,normal
6711,1781099992.479820,http_flood
6712,1781099992.481281,http_flood
6713,1781099992.483137,http_flood
6714,1781099992.484012,http_flood
6715,1781099992.485353,http_flood
6716,1781099992.486629,http_flood
6717,1781099992.488388,http_flood
6718,1781099992.490082,http_flood
6719,1781099992.491573,http_flood
6720,1781099992.492925,http_flood
6721,1781099992.494619,http_flood
6722,1781099992.495957,http_flood
6723,1781099992.497533,http_flood
6724,1781099992.499071,http_flood
6725,1781099992.501841,http_flood
6726,1781099992.503319,http_flood
6727,1781099992.504548,http_flood
6728,1781099992.505587,http_flood
6729,1781099992.506966,http_flood
6730,1781099992.508791,normal
6731,1781099992.510313,http_flood
6732,1781099992.511597,http_flood
6733,1781099992.513158,http_flood
6734,1781099992.514728,http_flood
6735,1781099992.516373,http_flood
6736,1781099992.517252,http_flood
6737,1781099992.519250,http_flood
6738,1781099992.520940,http_flood
6739,1781099992.522915,http_flood
6740,1781099992.524340,http_flood
6741,1781099992.526398,http_flood
6742,1781099992.528397,http_flood
6743,1781099992.529591,http_flood
6744,1781099992.530909,http_flood
6745,1781099992.532790,http_flood
6746,1781099992.533712,http_flood
6747,1781099992.534903,http_flood
6748,1781099992.536688,http_flood
6749,1781099992.538203,http_flood
6750,1781099992.539320,http_flood
6751,1781099992.541755,http_flood
6752,1781099992.543478,http_flood
6753,1781099992.544979,http_flood
6754,1781099992.546945,normal
6755,1781099992.548364,http_flood
6756,1781099992.550335,http_flood
6757,1781099992.551991,http_flood
6758,1781099992.554188,http_flood
6759,1781099992.555234,http_flood
6760,1781099992.556842,normal
6761,1781099992.559105,http_flood
6762,1781099992.560704,http_flood
6763,1781099992.562187,http_flood
6764,1781099992.563491,http_flood
6765,1781099992.564942,http_flood
6766,1781099992.566101,http_flood
6767,1781099992.567584,http_flood
6768,1781099992.568946,http_flood
6769,1781099992.570344,http_flood
6770,1781099992.572266,http_flood
6771,1781099992.573456,http_flood
6772,1781099992.575036,normal
6773,1781099992.576179,http_flood
6774,1781099992.577672,http_flood
6775,1781099992.578829,http_flood
6776,1781099992.579959,http_flood
6777,1781099992.582506,http_flood
6778,1781099992.583863,http_flood
6779,1781099992.585747,http_flood
6780,1781099992.587298,http_flood
6781,1781099992.588933,http_flood
6782,1781099992.590022,normal
6783,1781099992.591602,http_flood
6784,1781099992.593052,http_flood
6785,1781099992.594293,http_flood
6786,1781099992.596119,http_flood
6787,1781099992.597383,http_flood
6788,1781099992.598883,normal
6789,1781099992.600176,http_flood
6790,1781099992.601487,http_flood
6791,1781099992.602766,http_flood
6792,1781099992.603875,normal
6793,1781099992.605646,http_flood
6794,1781099992.607600,normal
6795,1781099992.608680,http_flood
6796,1781099992.610372,http_flood
6797,1781099992.611875,http_flood
6798,1781099992.613318,http_flood
6799,1781099992.614907,http_flood
6800,1781099992.616473,http_flood
6801,1781099992.618193,http_flood
6802,1781099992.619321,http_flood
6803,1781099992.620897,http_flood
6804,1781099992.622438,http_flood
6805,1781099992.623933,http_flood
6806,1781099992.625047,http_flood
6807,1781099992.626571,http_flood
6808,1781099992.628280,normal
6809,1781099992.629403,http_flood
6810,1781099992.630458,http_flood
6811,1781099992.631621,http_flood
6812,1781099992.633338,normal
6813,1781099992.634734,http_flood
6814,1781099992.636120,normal
6815,1781099992.638354,http_flood
6816,1781099992.640041,http_flood
6817,1781099992.641229,http_flood
6818,1781099992.642825,normal
6819,1781099992.644359,normal
6820,1781099992.646407,http_flood
6821,1781099992.648622,http_flood
6822,1781099992.650401,http_flood
6823,1781099992.651914,http_flood
6824,1781099992.653823,http_flood
6825,1781099992.655648,http_flood
6826,1781099992.656939,http_flood
6827,1781099992.658101,http_flood
6828,1781099992.659089,http_flood
6829,1781099992.660240,http_flood
6830,1781099992.662033,normal
6831,1781099992.663010,http_flood
6832,1781099992.664590,http_flood
6833,1781099992.665992,http_flood
6834,1781099992.667031,normal
6835,1781099992.668518,http_flood
6836,1781099992.669812,http_flood
6837,1781099992.671341,http_flood
6838,1781099992.672732,http_flood
6839,1781099992.674139,http_flood
6840,1781099992.675418,http_flood
6841,1781099992.676446,http_flood
6842,1781099992.677993,http_flood
6843,1781099992.679207,http_flood
6844,1781099992.680423,http_flood
6845,1781099992.682129,http_flood
6846,1781099992.683312,http_flood
6847,1781099992.684236,http_flood
6848,1781099992.685604,http_flood
6849,1781099992.686916,http_flood
6850,1781099992.688037,normal
6851,1781099992.689550,http_flood
6852,1781099992.690747,normal
6853,1781099992.692093,http_flood
6854,1781099992.693687,normal
6855,1781099992.694827,http_flood
6856,1781099992.696389,normal
6857,1781099992.697803,http_flood
6858,1781099992.699645,http_flood
6859,1781099992.701251,http_flood
6860,1781099992.702422,normal
6861,1781099992.703884,http_flood
6862,1781099992.705360,normal
6863,1781099992.706738,http_flood
6864,1781099992.708093,http_flood
6865,1781099992.709825,http_flood
6866,1781099992.711232,http_flood
6867,1781099992.712526,http_flood
6868,1781099992.713808,http_flood
6869,1781099992.715544,normal
6870,1781099992.716977,normal
6871,1781099992.718387,normal
6872,1781099992.720437,http_flood
6873,1781099992.722387,http_flood
6874,1781099992.723698,normal
6875,1781099992.725035,http_flood
6876,1781099992.726639,http_flood
6877,1781099992.727963,http_flood
6878,1781099992.729489,http_flood
6879,1781099992.730760,http_flood
6880,1781099992.731947,http_flood
6881,1781099992.734503,http_flood
6882,1781099992.735990,normal
6883,1781099992.737405,http_flood
6884,1781099992.738547,http_flood
6885,1781099992.739811,normal
6886,1781099992.741163,http_flood
6887,1781099992.742806,normal
6888,1781099992.744058,normal
6889,1781099992.744911,http_flood
6890,1781099992.746572,http_flood
6891,1781099992.747756,normal
6892,1781099992.749275,http_flood
6893,1781099992.751006,http_flood
6894,1781099992.752439,http_flood
6895,1781099992.754211,http_flood
6896,1781099992.755434,http_flood
6897,1781099992.756391,normal
6898,1781099992.757722,http_flood
6899,1781099992.759227,http_flood
6900,1781099992.760367,http_flood
6901,1781099992.761760,http_flood
6902,1781099992.763154,http_flood
6903,1781099992.764563,normal
6904,1781099992.765852,http_flood
6905,1781099992.767215,http_flood
6906,1781099992.768615,http_flood
6907,1781099992.770076,http_flood
6908,1781099992.771952,http_flood
6909,1781099992.773090,normal
6910,1781099992.774568,normal
6911,1781099992.775860,http_flood
6912,1781099992.777270,normal
6913,1781099992.778936,http_flood
6914,1781099992.779887,http_flood
6915,1781099992.781168,http_flood
6916,1781099992.782099,http_flood
6917,1781099992.783315,http_flood
6918,1781099992.784108,normal
6919,1781099992.785217,normal
6920,1781099992.786921,http_flood
6921,1781099992.788243,http_flood
6922,1781099992.789641,http_flood
6923,1781099992.790956,http_flood
6924,1781099992.792691,http_flood
6925,1781099992.793923,http_flood
6926,1781099992.795431,http_flood
6927,1781099992.797010,http_flood
6928,1781099992.798636,http_flood
6929,1781099992.800218,normal
6930,1781099992.801384,http_flood
6931,1781099992.802942,normal
6932,1781099992.804102,http_flood
6933,1781099992.805327,normal
6934,1781099992.806383,http_flood
6935,1781099992.808194,http_flood
6936,1781099992.809906,normal
6937,1781099992.811606,normal
6938,1781099992.812862,http_flood
6939,1781099992.814681,http_flood
6940,1781099992.816324,http_flood
6941,1781099992.817561,normal
6942,1781099992.819236,http_flood
6943,1781099992.820881,http_flood
6944,1781099992.821958,normal
6945,1781099992.823261,http_flood
6946,1781099992.824750,normal
6947,1781099992.826550,normal
6948,1781099992.827644,normal
6949,1781099992.829275,http_flood
6950,1781099992.830452,normal
6951,1781099992.831656,http_flood
6952,1781099992.833057,normal
6953,1781099992.834403,normal
6954,1781099992.835726,http_flood
6955,1781099992.837295,http_flood
6956,1781099992.838430,http_flood
6957,1781099992.839876,http_flood
6958,1781099992.841961,http_flood
6959,1781099992.843572,http_flood
6960,1781099992.845113,http_flood
6961,1781099992.846484,http_flood
6962,1781099992.847397,normal
6963,1781099992.848688,http_flood
6964,1781099992.849883,http_flood
6965,1781099992.852228,http_flood
6966,1781099992.853820,http_flood
6967,1781099992.854897,normal
6968,1781099992.856800,http_flood
6969,1781099992.858418,http_flood
6970,1781099992.859636,http_flood
6971,1781099992.860630,http_flood
6972,1781099992.861646,http_flood
6973,1781099992.862926,normal
6974,1781099992.864046,normal
6975,1781099992.864881,normal
6976,1781099992.866116,http_flood
6977,1781099992.867639,http_flood
6978,1781099992.869025,http_flood
6979,1781099992.870436,http_flood
6980,1781099992.871705,http_flood
6981,1781099992.872649,normal
6982,1781099992.874028,http_flood
6983,1781099992.874906,http_flood
6984,1781099992.876303,http_flood
6985,1781099992.877850,http_flood
6986,1781099992.879210,http_flood
6987,1781099992.880681,http_flood
6988,1781099992.882807,http_flood
6989,1781099992.884247,http_flood
6990,1781099992.885231,normal
6991,1781099992.886174,http_flood
6992,1781099992.887258,http_flood
6993,1781099992.888243,http_flood
6994,1781099992.889509,http_flood
6995,1781099992.890638,http_flood
6996,1781099992.892141,http_flood
6997,1781099992.893671,http_flood
6998,1781099992.894566,http_flood
6999,1781099992.895357,http_flood
7000,1781099992.896665,normal
7001,1781099992.898151,normal
7002,1781099992.899793,http_flood
7003,1781099992.901373,http_flood
7004,1781099992.902598,normal
7005,1781099992.904183,normal
7006,1781099992.905229,normal
7007,1781099992.906552,http_flood
7008,1781099992.908039,http_flood
7009,1781099992.909023,http_flood
7010,1781099992.910538,http_flood
7011,1781099992.912112,http_flood
7012,1781099992.913537,http_flood
7013,1781099992.915506,http_flood
7014,1781099992.917264,normal
7015,1781099992.918492,normal
7016,1781099992.919886,http_flood
7017,1781099992.921537,http_flood
7018,1781099992.923035,normal
7019,1781099992.924856,http_flood
7020,1781099992.926740,http_flood
7021,1781099992.927695,http_flood
7022,1781099992.928757,normal
7023,1781099992.930227,http_flood
7024,1781099992.931491,http_flood
7025,1781099992.932956,http_flood
7026,1781099992.933744,normal
7027,1781099992.934756,http_flood
7028,1781099992.936087,normal
7029,1781099992.937171,http_flood
7030,1781099992.938172,http_flood
7031,1781099992.939860,normal
7032,1781099992.941571,normal
7033,1781099992.942904,http_flood
7034,1781099992.944639,normal
7035,1781099992.945749,http_flood
7036,1781099992.947290,http_flood
7037,1781099992.948286,http_flood
7038,1781099992.949616,http_flood
7039,1781099992.950929,http_flood
7040,1781099992.952093,http_flood
7041,1781099992.953244,http_flood
7042,1781099992.954316,http_flood
7043,1781099992.955400,http_flood
7044,1781099992.956754,http_flood
7045,1781099992.958374,http_flood
7046,1781099992.959922,http_flood
7047,1781099992.961284,http_flood
7048,1781099992.962413,normal
7049,1781099992.963708,http_flood
7050,1781099992.964592,http_flood
7051,1781099992.966259,normal
7052,1781099992.967512,http_flood
7053,1781099992.969060,http_flood
7054,1781099992.970404,http_flood
7055,1781099992.971503,http_flood
7056,1781099992.972581,http_flood
7057,1781099992.973745,http_flood
7058,1781099992.974642,normal
7059,1781099992.975486,http_flood
7060,1781099992.976387,http_flood
7061,1781099992.978192,http_flood
7062,1781099992.979456,http_flood
7063,1781099992.981020,normal
7064,1781099992.982049,http_flood
7065,1781099992.983292,http_flood
7066,1781099992.984642,http_flood
7067,1781099992.986025,normal
7068,1781099992.986965,http_flood
7069,1781099992.988245,http_flood
7070,1781099992.989476,normal
7071,1781099992.990686,normal
7072,1781099992.991827,http_flood
7073,1781099992.992977,normal
7074,1781099992.994317,http_flood
7075,1781099992.995557,http_flood
7076,1781099992.996835,normal
7077,1781099992.998151,http_flood
7078,1781099992.999226,http_flood
7079,1781099993.000875,http_flood
7080,1781099993.002404,normal
7081,1781099993.004040,normal
7082,1781099993.005316,http_flood
7083,1781099993.006712,http_flood
7084,1781099993.008165,http_flood
7085,1781099993.009693,normal
7086,1781099993.010930,http_flood
7087,1781099993.012354,normal
7088,1781099993.014250,normal
7089,1781099993.015561,http_flood
7090,1781099993.016874,http_flood
7091,1781099993.018566,http_flood
7092,1781099993.019494,http_flood
7093,1781099993.020833,http_flood
7094,1781099993.022293,normal
7095,1781099993.023852,http_flood
7096,1781099993.025333,http_flood
7097,1781099993.026389,http_flood
7098,1781099993.028561,http_flood
7099,1781099993.029749,normal
7100,1781099993.030668,normal
7101,1781099993.031939,http_flood
7102,1781099993.033220,http_flood
7103,1781099993.034092,http_flood
7104,1781099993.035259,http_flood
7105,1781099993.036185,http_flood
7106,1781099993.037194,http_flood
7107,1781099993.038007,http_flood
7108,1781099993.039151,http_flood
7109,1781099993.040353,normal
7110,1781099993.041981,http_flood
7111,1781099993.043587,normal
7112,1781099993.044669,http_flood
7113,1781099993.045664,http_flood
7114,1781099993.046426,normal
7115,1781099993.047627,http_flood
7116,1781099993.049453,http_flood
7117,1781099993.050566,http_flood
7118,1781099993.051782,http_flood
7119,1781099993.053041,http_flood
7120,1781099993.054380,http_flood
7121,1781099993.055749,normal
7122,1781099993.057227,http_flood
7123,1781099993.058454,normal
7124,1781099993.059217,normal
7125,1781099993.060253,normal
7126,1781099993.061502,normal
7127,1781099993.062993,http_flood
7128,1781099993.063871,normal
7129,1781099993.065406,http_flood
7130,1781099993.066940,http_flood
7131,1781099993.068123,http_flood
7132,1781099993.069099,normal
7133,1781099993.070613,normal
7134,1781099993.071817,http_flood
7135,1781099993.073090,http_flood
7136,1781099993.074193,http_flood
7137,1781099993.075557,http_flood
7138,1781099993.076640,http_flood
7139,1781099993.077559,http_flood
7140,1781099993.078631,normal
7141,1781099993.079899,normal
7142,1781099993.081495,http_flood
7143,1781099993.082431,http_flood
7144,1781099993.083476,http_flood
7145,1781099993.084485,normal
7146,1781099993.086107,http_flood
7147,1781099993.087590,http_flood
7148,1781099993.088686,http_flood
7149,1781099993.090426,http_flood
7150,1781099993.092345,http_flood
7151,1781099993.093617,http_flood
7152,1781099993.095074,http_flood
7153,1781099993.095973,normal
7154,1781099993.096833,http_flood
7155,1781099993.098032,normal
7156,1781099993.099180,http_flood
7157,1781099993.099969,http_flood
7158,1781099993.101085,normal
7159,1781099993.102210,http_flood
7160,1781099993.103649,http_flood
7161,1781099993.104407,http_flood
7162,1781099993.105296,http_flood
7163,1781099993.106090,normal
7164,1781099993.107228,http_flood
7165,1781099993.108324,http_flood
7166,1781099993.109001,http_flood
7167,1781099993.110154,http_flood
7168,1781099993.111682,http_flood
7169,1781099993.112604,http_flood
7170,1781099993.113441,http_flood
7171,1781099993.114359,http_flood
7172,1781099993.115769,http_flood
7173,1781099993.117038,http_flood
7174,1781099993.117970,http_flood
7175,1781099993.119141,http_flood
7176,1781099993.120387,http_flood
7177,1781099993.121591,http_flood
7178,1781099993.123004,http_flood
7179,1781099993.124248,normal
7180,1781099993.125345,http_flood
7181,1781099993.126570,http_flood
7182,1781099993.127934,http_flood
7183,1781099993.129466,normal
7184,1781099993.130800,http_flood
7185,1781099993.131725,normal
7186,1781099993.132878,http_flood
7187,1781099993.134561,normal
7188,1781099993.135928,http_flood
7189,1781099993.137010,normal
7190,1781099993.137966,http_flood
7191,1781099993.139356,http_flood
7192,1781099993.140322,http_flood
7193,1781099993.141489,http_flood
7194,1781099993.142954,http_flood
7195,1781099993.144330,http_flood
7196,1781099993.146286,http_flood
7197,1781099993.147414,http_flood
7198,1781099993.148711,http_flood
7199,1781099993.149764,http_flood
7200,1781099993.150676,http_flood
7201,1781099993.152229,normal
7202,1781099993.153395,http_flood
7203,1781099993.154387,http_flood
7204,1781099993.155394,http_flood
7205,1781099993.156510,http_flood
7206,1781099993.157607,http_flood
7207,1781099993.158568,http_flood
7208,1781099993.159428,normal
7209,1781099993.160415,normal
7210,1781099993.161500,http_flood
7211,1781099993.162677,http_flood
7212,1781099993.163489,http_flood
7213,1781099993.165039,normal
7214,1781099993.165783,http_flood
7215,1781099993.167275,normal
7216,1781099993.168481,http_flood
7217,1781099993.169478,http_flood
7218,1781099993.171082,http_flood
7219,1781099993.172163,normal
7220,1781099993.173839,http_flood
7221,1781099993.174931,http_flood
7222,1781099993.175877,http_flood
7223,1781099993.177025,http_flood
7224,1781099993.178132,http_flood
7225,1781099993.178885,normal
7226,1781099993.180466,http_flood
7227,1781099993.181255,http_flood
7228,1781099993.182991,http_flood
7229,1781099993.184072,http_flood
7230,1781099993.185136,normal
7231,1781099993.185919,http_flood
7232,1781099993.187412,http_flood
7233,1781099993.188303,http_flood
7234,1781099993.189435,normal
7235,1781099993.190374,http_flood
7236,1781099993.191673,http_flood
7237,1781099993.193167,http_flood
7238,1781099993.194317,http_flood
7239,1781099993.195070,http_flood
7240,1781099993.196407,http_flood
7241,1781099993.197441,http_flood
7242,1781099993.198456,normal
7243,1781099993.199407,normal
7244,1781099993.200428,http_flood
7245,1781099993.202152,http_flood
7246,1781099993.203095,http_flood
7247,1781099993.204436,http_flood
7248,1781099993.205297,http_flood
7249,1781099993.206325,http_flood
7250,1781099993.207316,normal
7251,1781099993.208612,http_flood
7252,1781099993.209635,http_flood
7253,1781099993.210563,http_flood
7254,1781099993.211597,http_flood
7255,1781099993.213187,normal
7256,1781099993.214413,http_flood
7257,1781099993.215307,normal
7258,1781099993.216414,http_flood
7259,1781099993.217497,http_flood
7260,1781099993.219031,http_flood
7261,1781099993.220207,http_flood
7262,1781099993.221607,normal
7263,1781099993.222967,normal
7264,1781099993.224010,http_flood
7265,1781099993.225282,normal
7266,1781099993.226475,normal
7267,1781099993.227544,normal
7268,1781099993.228816,http_flood
7269,1781099993.230034,http_flood
7270,1781099993.231382,http_flood
7271,1781099993.232661,http_flood
7272,1781099993.233762,normal
7273,1781099993.235216,http_flood
7274,1781099993.236392,normal
7275,1781099993.237137,normal
7276,1781099993.238755,http_flood
7277,1781099993.240451,http_flood
7278,1781099993.241525,http_flood
7279,1781099993.243070,normal
7280,1781099993.244052,http_flood
7281,1781099993.245259,normal
7282,1781099993.246456,http_flood
7283,1781099993.247554,http_flood
7284,1781099993.248860,normal
7285,1781099993.249910,http_flood
7286,1781099993.250845,normal
7287,1781099993.251924,http_flood
7288,1781099993.253454,http_flood
7289,1781099993.255320,http_flood
7290,1781099993.256284,http_flood
7291,1781099993.257011,http_flood
7292,1781099993.258768,http_flood
7293,1781099993.260073,http_flood
7294,1781099993.261451,http_flood
7295,1781099993.262692,normal
7296,1781099993.263274,normal
7297,1781099993.264361,http_flood
7298,1781099993.265010,http_flood
7299,1781099993.266574,http_flood
7300,1781099993.267641,http_flood
7301,1781099993.268703,http_flood
7302,1781099993.269940,http_flood
7303,1781099993.270974,http_flood
7304,1781099993.271991,http_flood
7305,1781099993.272825,http_flood
7306,1781099993.273721,normal
7307,1781099993.274937,normal
7308,1781099993.276208,http_flood
7309,1781099993.277135,http_flood
7310,1781099993.278287,http_flood
7311,1781099993.279373,http_flood
7312,1781099993.280497,http_flood
7313,1781099993.281580,http_flood
7314,1781099993.282536,http_flood
7315,1781099993.283684,normal
7316,1781099993.284666,normal
7317,1781099993.285521,normal
7318,1781099993.286498,normal
7319,1781099993.287761,http_flood
7320,1781099993.288965,http_flood
7321,1781099993.290861,http_flood
7322,1781099993.292073,http_flood
7323,1781099993.293408,http_flood
7324,1781099993.294745,http_flood
7325,1781099993.295903,http_flood
7326,1781099993.296750,http_flood
7327,1781099993.297841,normal
7328,1781099993.299253,http_flood
7329,1781099993.300436,normal
7330,1781099993.301869,http_flood
7331,1781099993.303112,http_flood
7332,1781099993.304344,http_flood
7333,1781099993.305334,normal
7334,1781099993.306478,normal
7335,1781099993.307825,normal
7336,1781099993.308659,normal
7337,1781099993.310184,http_flood
7338,1781099993.311307,normal
7339,1781099993.312686,normal
7340,1781099993.313483,http_flood
7341,1781099993.314317,http_flood
7342,1781099993.315086,http_flood
7343,1781099993.316217,http_flood
7344,1781099993.317012,http_flood
7345,1781099993.318409,http_flood
7346,1781099993.319282,http_flood
7347,1781099993.320053,normal
7348,1781099993.321520,http_flood
7349,1781099993.323403,http_flood
7350,1781099993.324455,normal
7351,1781099993.325443,http_flood
7352,1781099993.326502,http_flood
7353,1781099993.327689,normal
7354,1781099993.328543,http_flood
7355,1781099993.329211,normal
7356,1781099993.330264,http_flood
7357,1781099993.331333,normal
7358,1781099993.332509,http_flood
7359,1781099993.333724,http_flood
7360,1781099993.335165,http_flood
7361,1781099993.335986,http_flood
7362,1781099993.336809,http_flood
7363,1781099993.337802,http_flood
7364,1781099993.338633,normal
7365,1781099993.339715,http_flood
7366,1781099993.340460,http_flood
7367,1781099993.341262,normal
7368,1781099993.342116,http_flood
7369,1781099993.342831,normal
7370,1781099993.343831,normal
7371,1781099993.344775,http_flood
7372,1781099993.346117,http_flood
7373,1781099993.347323,http_flood
7374,1781099993.348146,normal
7375,1781099993.349440,http_flood
7376,1781099993.351008,http_flood
7377,1781099993.351826,http_flood
7378,1781099993.352558,http_flood
7379,1781099993.353984,normal
7380,1781099993.355025,normal
7381,1781099993.356195,http_flood
7382,1781099993.356746,http_flood
7383,1781099993.357497,normal
7384,1781099993.358281,normal
7385,1781099993.359583,http_flood
7386,1781099993.360641,http_flood
7387,1781099993.361403,http_flood
7388,1781099993.362296,http_flood
7389,1781099993.363482,normal
7390,1781099993.364651,http_flood
7391,1781099993.365770,http_flood
7392,1781099993.366534,http_flood
7393,1781099993.367632,http_flood
7394,1781099993.368446,normal
7395,1781099993.369770,http_flood
7396,1781099993.371273,normal
7397,1781099993.372096,normal
7398,1781099993.373894,normal
7399,1781099993.374965,http_flood
7400,1781099993.376109,http_flood
7401,1781099993.377065,normal
7402,1781099993.377831,http_flood
7403,1781099993.379320,normal
7404,1781099993.380319,http_flood
7405,1781099993.381207,http_flood
7406,1781099993.382144,http_flood
7407,1781099993.383225,normal
7408,1781099993.384741,http_flood
7409,1781099993.385697,http_flood
7410,1781099993.386424,normal
7411,1781099993.387505,http_flood
7412,1781099993.388729,http_flood
7413,1781099993.389833,normal
7414,1781099993.390974,http_flood
7415,1781099993.392035,http_flood
7416,1781099993.393162,http_flood
7417,1781099993.394419,normal
7418,1781099993.395436,http_flood
7419,1781099993.396461,normal
7420,1781099993.397414,http_flood
7421,1781099993.398767,http_flood
7422,1781099993.399823,normal
7423,1781099993.400807,http_flood
7424,1781099993.402096,http_flood
7425,1781099993.403158,normal
7426,1781099993.404396,http_flood
7427,1781099993.405288,http_flood
7428,1781099993.406618,http_flood
7429,1781099993.407874,http_flood
7430,1781099993.409120,normal
7431,1781099993.410259,http_flood
7432,1781099993.411458,normal
7433,1781099993.413028,http_flood
7434,1781099993.414209,normal
7435,1781099993.415375,http_flood
7436,1781099993.416898,http_flood
7437,1781099993.418067,http_flood
7438,1781099993.419311,http_flood
7439,1781099993.420285,normal
7440,1781099993.421582,http_flood
7441,1781099993.422906,http_flood
7442,1781099993.424312,http_flood
7443,1781099993.425314,http_flood
7444,1781099993.426285,http_flood
7445,1781099993.427045,http_flood
7446,1781099993.428110,normal
7447,1781099993.429575,http_flood
7448,1781099993.430680,normal
7449,1781099993.431756,http_flood
7450,1781099993.432696,http_flood
7451,1781099993.433585,http_flood
7452,1781099993.434807,http_flood
7453,1781099993.436083,http_flood
7454,1781099993.436827,http_flood
7455,1781099993.437602,http_flood
7456,1781099993.438897,normal
7457,1781099993.440497,http_flood
7458,1781099993.441963,normal
7459,1781099993.442712,http_flood
7460,1781099993.443454,http_flood
7461,1781099993.444502,http_flood
7462,1781099993.445546,http_flood
7463,1781099993.446745,http_flood
7464,1781099993.447819,http_flood
7465,1781099993.449075,http_flood
7466,1781099993.450314,http_flood
7467,1781099993.451409,http_flood
7468,1781099993.452712,normal
7469,1781099993.453746,http_flood
7470,1781099993.454728,http_flood
7471,1781099993.455647,http_flood
7472,1781099993.456507,http_flood
7473,1781099993.457740,http_flood
7474,1781099993.458776,http_flood
7475,1781099993.460174,http_flood
7476,1781099993.461185,normal
7477,1781099993.462247,http_flood
7478,1781099993.463231,http_flood
7479,1781099993.464307,normal
7480,1781099993.465324,http_flood
7481,1781099993.466180,http_flood
7482,1781099993.467211,http_flood
7483,1781099993.468259,http_flood
7484,1781099993.469139,normal
7485,1781099993.470225,normal
7486,1781099993.471555,normal
7487,1781099993.472741,normal
7488,1781099993.474227,http_flood
7489,1781099993.474823,http_flood
7490,1781099993.475714,http_flood
7491,1781099993.476541,http_flood
7492,1781099993.477463,http_flood
7493,1781099993.478566,http_flood
7494,1781099993.480004,http_flood
7495,1781099993.481061,http_flood
7496,1781099993.482554,normal
7497,1781099993.483937,http_flood
7498,1781099993.485053,http_flood
7499,1781099993.486302,http_flood
7500,1781099993.487704,http_flood
7501,1781099993.488574,normal
7502,1781099993.489544,http_flood
7503,1781099993.490588,http_flood
7504,1781099993.491412,http_flood
7505,1781099993.492673,http_flood
7506,1781099993.493646,http_flood
7507,1781099993.494387,http_flood
7508,1781099993.495351,http_flood
7509,1781099993.496128,http_flood
7510,1781099993.497030,http_flood
7511,1781099993.497883,http_flood
7512,1781099993.498689,normal
7513,1781099993.499768,normal
7514,1781099993.500830,http_flood
7515,1781099993.501881,normal
7516,1781099993.502603,http_flood
7517,1781099993.503520,normal
7518,1781099993.505325,http_flood
7519,1781099993.506616,http_flood
7520,1781099993.507856,http_flood
7521,1781099993.508899,normal
7522,1781099993.509908,http_flood
7523,1781099993.511115,http_flood
7524,1781099993.512579,http_flood
7525,1781099993.513593,normal
7526,1781099993.514825,http_flood
7527,1781099993.515504,http_flood
7528,1781099993.517568,http_flood
7529,1781099993.518442,http_flood
7530,1781099993.519308,http_flood
7531,1781099993.520445,normal
7532,1781099993.521845,http_flood
7533,1781099993.523069,http_flood
7534,1781099993.524121,http_flood
7535,1781099993.524862,http_flood
7536,1781099993.526018,http_flood
7537,1781099993.527411,http_flood
7538,1781099993.528743,http_flood
7539,1781099993.529832,http_flood
7540,1781099993.530976,normal
7541,1781099993.531681,normal
7542,1781099993.532794,normal
7543,1781099993.533751,http_flood
7544,1781099993.534827,http_flood
7545,1781099993.536616,http_flood
7546,1781099993.537668,http_flood
7547,1781099993.538506,http_flood
7548,1781099993.539353,http_flood
7549,1781099993.540487,http_flood
7550,1781099993.541660,http_flood
7551,1781099993.543073,http_flood
7552,1781099993.544428,normal
7553,1781099993.545145,normal
7554,1781099993.545920,http_flood
7555,1781099993.546952,normal
7556,1781099993.547910,normal
7557,1781099993.548730,normal
7558,1781099993.549405,http_flood
7559,1781099993.550427,normal
7560,1781099993.551543,normal
7561,1781099993.552388,http_flood
7562,1781099993.553510,http_flood
7563,1781099993.554418,http_flood
7564,1781099993.555379,normal
7565,1781099993.556176,http_flood
7566,1781099993.556899,normal
7567,1781099993.557829,normal
7568,1781099993.558698,normal
7569,1781099993.559805,normal
7570,1781099993.560894,http_flood
7571,1781099993.561992,http_flood
7572,1781099993.563108,http_flood
7573,1781099993.563879,http_flood
7574,1781099993.565446,http_flood
7575,1781099993.566928,http_flood
7576,1781099993.568298,http_flood
7577,1781099993.569464,http_flood
7578,1781099993.570136,http_flood
7579,1781099993.571393,normal
7580,1781099993.572408,http_flood
7581,1781099993.573289,http_flood
7582,1781099993.573971,http_flood
7583,1781099993.574994,normal
7584,1781099993.575925,http_flood
7585,1781099993.576616,http_flood
7586,1781099993.577560,http_flood
7587,1781099993.578466,http_flood
7588,1781099993.579357,normal
7589,1781099993.580339,http_flood
7590,1781099993.581074,http_flood
7591,1781099993.581730,http_flood
7592,1781099993.582790,http_flood
7593,1781099993.583658,normal
7594,1781099993.584977,http_flood
7595,1781099993.586199,normal
7596,1781099993.587064,http_flood
7597,1781099993.588107,http_flood
7598,1781099993.588800,http_flood
7599,1781099993.589627,normal
7600,1781099993.590575,normal
7601,1781099993.591271,http_flood
7602,1781099993.591849,normal
7603,1781099993.593076,http_flood
7604,1781099993.594114,http_flood
7605,1781099993.595246,http_flood
7606,1781099993.596313,http_flood
7607,1781099993.597498,http_flood
7608,1781099993.598190,http_flood
7609,1781099993.599566,http_flood
7610,1781099993.600291,normal
7611,1781099993.601397,normal
7612,1781099993.602162,http_flood
7613,1781099993.603269,http_flood
7614,1781099993.604057,http_flood
7615,1781099993.604790,normal
7616,1781099993.605834,normal
7617,1781099993.606492,http_flood
7618,1781099993.607650,http_flood
7619,1781099993.608509,http_flood
7620,1781099993.609378,http_flood
7621,1781099993.610791,http_flood
7622,1781099993.612109,http_flood
7623,1781099993.612798,http_flood
7624,1781099993.613697,http_flood
7625,1781099993.614640,http_flood
7626,1781099993.616205,http_flood
7627,1781099993.617143,normal
7628,1781099993.618231,normal
7629,1781099993.619584,http_flood
7630,1781099993.620275,http_flood
7631,1781099993.621465,normal
7632,1781099993.622333,http_flood
7633,1781099993.623166,http_flood
7634,1781099993.624332,http_flood
7635,1781099993.625354,http_flood
7636,1781099993.626369,http_flood
7637,1781099993.627268,normal
7638,1781099993.628363,normal
7639,1781099993.629676,http_flood
7640,1781099993.631177,http_flood
7641,1781099993.632154,normal
7642,1781099993.633216,http_flood
7643,1781099993.634095,http_flood
7644,1781099993.635003,http_flood
7645,1781099993.636071,http_flood
7646,1781099993.637006,http_flood
7647,1781099993.637765,normal
7648,1781099993.638795,http_flood
7649,1781099993.639974,http_flood
7650,1781099993.640901,http_flood
7651,1781099993.641651,http_flood
7652,1781099993.643011,http_flood
7653,1781099993.643681,http_flood
7654,1781099993.644479,http_flood
7655,1781099993.645483,http_flood
7656,1781099993.646369,http_flood
7657,1781099993.647820,http_flood
7658,1781099993.648994,http_flood
7659,1781099993.649903,http_flood
7660,1781099993.650756,http_flood
7661,1781099993.651591,http_flood
7662,1781099993.652450,http_flood
7663,1781099993.653344,normal
7664,1781099993.654362,http_flood
7665,1781099993.655316,http_flood
7666,1781099993.656619,normal
7667,1781099993.657924,normal
7668,1781099993.658752,http_flood
7669,1781099993.659698,http_flood
7670,1781099993.660907,http_flood
7671,1781099993.661676,normal
7672,1781099993.663093,normal
7673,1781099993.664210,http_flood
7674,1781099993.665101,http_flood
7675,1781099993.665921,http_flood
7676,1781099993.666878,http_flood
7677,1781099993.668501,http_flood
7678,1781099993.669366,http_flood
7679,1781099993.670372,normal
7680,1781099993.671385,normal
7681,1781099993.672457,http_flood
7682,1781099993.673369,http_flood
7683,1781099993.674250,http_flood
7684,1781099993.675216,http_flood
7685,1781099993.676364,http_flood
7686,1781099993.677005,normal
7687,1781099993.677830,http_flood
7688,1781099993.679042,http_flood
7689,1781099993.679829,normal
7690,1781099993.681216,http_flood
7691,1781099993.682300,http_flood
7692,1781099993.683075,normal
7693,1781099993.684203,http_flood
7694,1781099993.685488,normal
7695,1781099993.686381,normal
7696,1781099993.687600,http_flood
7697,1781099993.688407,http_flood
7698,1781099993.689119,http_flood
7699,1781099993.689968,http_flood
7700,1781099993.691282,normal
7701,1781099993.692359,normal
7702,1781099993.693258,http_flood
7703,1781099993.694237,http_flood
7704,1781099993.695205,http_flood
7705,1781099993.696328,http_flood
7706,1781099993.697182,http_flood
7707,1781099993.697799,normal
7708,1781099993.698927,http_flood
7709,1781099993.700060,http_flood
7710,1781099993.701210,http_flood
7711,1781099993.702251,http_flood
7712,1781099993.703493,http_flood
7713,1781099993.704535,http_flood
7714,1781099993.705508,http_flood
7715,1781099993.706496,normal
7716,1781099993.707194,http_flood
7717,1781099993.708341,http_flood
7718,1781099993.709173,http_flood
7719,1781099993.710317,normal
7720,1781099993.711433,http_flood
7721,1781099993.712262,normal
7722,1781099993.713179,http_flood
7723,1781099993.714329,http_flood
7724,1781099993.715340,http_flood
7725,1781099993.716847,normal
7726,1781099993.717763,http_flood
7727,1781099993.718509,http_flood
7728,1781099993.719444,http_flood
7729,1781099993.720247,http_flood
7730,1781099993.721040,normal
7731,1781099993.722147,http_flood
7732,1781099993.723505,http_flood
7733,1781099993.724101,http_flood
7734,1781099993.725290,http_flood
7735,1781099993.726572,http_flood
7736,1781099993.727545,http_flood
7737,1781099993.728632,http_flood
7738,1781099993.729558,http_flood
7739,1781099993.730434,http_flood
7740,1781099993.731419,normal
7741,1781099993.732119,http_flood
7742,1781099993.732893,http_flood
7743,1781099993.733662,http_flood
7744,1781099993.734958,http_flood
7745,1781099993.736195,normal
7746,1781099993.737398,http_flood
7747,1781099993.738330,http_flood
7748,1781099993.739326,http_flood
7749,1781099993.740118,http_flood
7750,1781099993.741411,http_flood
7751,1781099993.742172,normal
7752,1781099993.742998,http_flood
7753,1781099993.743908,http_flood
7754,1781099993.744480,http_flood
7755,1781099993.745359,http_flood
7756,1781099993.746103,http_flood
7757,1781099993.746866,http_flood
7758,1781099993.747785,http_flood
7759,1781099993.748766,http_flood
7760,1781099993.750035,normal
7761,1781099993.751426,normal
7762,1781099993.753095,http_flood
7763,1781099993.753808,http_flood
7764,1781099993.754480,http_flood
7765,1781099993.755357,http_flood
7766,1781099993.756546,http_flood
7767,1781099993.757167,http_flood
7768,1781099993.758336,http_flood
7769,1781099993.759252,http_flood
7770,1781099993.760410,http_flood
7771,1781099993.761627,http_flood
7772,1781099993.762493,http_flood
7773,1781099993.763293,http_flood
7774,1781099993.764361,http_flood
7775,1781099993.765300,http_flood
7776,1781099993.765945,http_flood
7777,1781099993.766989,http_flood
7778,1781099993.768195,http_flood
7779,1781099993.769034,http_flood
7780,1781099993.770401,http_flood
7781,1781099993.771343,http_flood
7782,1781099993.771998,http_flood
7783,1781099993.773846,http_flood
7784,1781099993.774961,http_flood
7785,1781099993.775751,http_flood
7786,1781099993.776523,http_flood
7787,1781099993.777235,http_flood
7788,1781099993.777976,http_flood
7789,1781099993.779026,http_flood
7790,1781099993.780109,http_flood
7791,1781099993.780912,normal
7792,1781099993.781846,http_flood
7793,1781099993.782638,http_flood
7794,1781099993.783653,http_flood
7795,1781099993.784564,http_flood
7796,1781099993.785449,http_flood
7797,1781099993.786670,http_flood
7798,1781099993.787615,http_flood
7799,1781099993.788846,http_flood
7800,1781099993.789926,http_flood
7801,1781099993.790763,http_flood
7802,1781099993.791517,http_flood
7803,1781099993.792352,http_flood
7804,1781099993.793462,http_flood
7805,1781099993.794490,http_flood
7806,1781099993.795339,normal
7807,1781099993.796346,http_flood
7808,1781099993.797263,http_flood
7809,1781099993.798655,http_flood
7810,1781099993.799764,http_flood
7811,1781099993.800576,http_flood
7812,1781099993.801636,http_flood
7813,1781099993.802955,http_flood
7814,1781099993.803855,http_flood
7815,1781099993.804852,http_flood
7816,1781099993.805562,normal
7817,1781099993.806473,http_flood
7818,1781099993.807489,http_flood
7819,1781099993.808734,http_flood
7820,1781099993.809897,http_flood
7821,1781099993.810579,http_flood
7822,1781099993.811593,http_flood
7823,1781099993.813015,http_flood
7824,1781099993.813749,http_flood
7825,1781099993.814615,normal
7826,1781099993.815551,http_flood
7827,1781099993.816309,http_flood
7828,1781099993.817528,http_flood
7829,1781099993.818764,http_flood
7830,1781099993.819499,http_flood
7831,1781099993.820484,http_flood
7832,1781099993.821321,http_flood
7833,1781099993.822106,http_flood
7834,1781099993.822823,http_flood
7835,1781099993.824139,http_flood
7836,1781099993.824781,http_flood
7837,1781099993.825366,http_flood
7838,1781099993.826379,http_flood
7839,1781099993.827316,normal
7840,1781099993.828223,http_flood
7841,1781099993.829475,http_flood
7842,1781099993.830877,http_flood
7843,1781099993.831887,http_flood
7844,1781099993.833268,http_flood
7845,1781099993.834581,http_flood
7846,1781099993.835749,normal
7847,1781099993.836900,http_flood
7848,1781099993.837685,http_flood
7849,1781099993.838484,http_flood
7850,1781099993.839366,http_flood
7851,1781099993.840456,http_flood
7852,1781099993.841418,http_flood
7853,1781099993.841974,http_flood
7854,1781099993.842779,http_flood
7855,1781099993.843907,http_flood
7856,1781099993.844827,http_flood
7857,1781099993.846071,http_flood
7858,1781099993.846897,http_flood
7859,1781099993.847821,http_flood
7860,1781099993.848557,http_flood
7861,1781099993.850039,http_flood
7862,1781099993.851403,http_flood
7863,1781099993.852768,http_flood
7864,1781099993.853557,http_flood
7865,1781099993.854319,http_flood
7866,1781099993.855404,http_flood
7867,1781099993.856821,http_flood
7868,1781099993.857964,http_flood
7869,1781099993.858954,http_flood
7870,1781099993.859758,http_flood
7871,1781099993.860609,http_flood
7872,1781099993.861695,http_flood
7873,1781099993.862999,http_flood
7874,1781099993.864077,http_flood
7875,1781099993.865078,http_flood
7876,1781099993.866028,http_flood
7877,1781099993.866668,http_flood
7878,1781099993.867526,http_flood
7879,1781099993.868365,http_flood
7880,1781099993.869491,http_flood
7881,1781099993.870625,http_flood
7882,1781099993.871289,http_flood
7883,1781099993.872273,normal
7884,1781099993.873157,normal
7885,1781099993.874148,http_flood
7886,1781099993.874866,http_flood
7887,1781099993.876038,http_flood
7888,1781099993.877454,normal
7889,1781099993.878357,http_flood
7890,1781099993.879482,http_flood
7891,1781099993.880206,http_flood
7892,1781099993.880814,http_flood
7893,1781099993.881670,http_flood
7894,1781099993.882906,http_flood
7895,1781099993.883843,http_flood
7896,1781099993.884591,http_flood
7897,1781099993.885557,http_flood
7898,1781099993.886619,http_flood
7899,1781099993.887658,http_flood
7900,1781099993.888693,http_flood
7901,1781099993.889722,http_flood
7902,1781099993.890535,normal
7903,1781099993.891886,http_flood
7904,1781099993.892684,http_flood
7905,1781099993.893539,http_flood
7906,1781099993.894897,http_flood
7907,1781099993.895688,http_flood
7908,1781099993.896554,http_flood
7909,1781099993.897677,http_flood
7910,1781099993.898744,http_flood
7911,1781099993.899718,http_flood
7912,1781099993.901015,http_flood
7913,1781099993.902063,http_flood
7914,1781099993.902997,http_flood
7915,1781099993.903690,http_flood
7916,1781099993.904745,http_flood
7917,1781099993.905670,http_flood
7918,1781099993.906810,http_flood
7919,1781099993.907569,http_flood
7920,1781099993.908553,http_flood
7921,1781099993.909224,http_flood
7922,1781099993.910077,http_flood
7923,1781099993.911011,http_flood
7924,1781099993.912035,http_flood
7925,1781099993.913650,http_flood
7926,1781099993.914928,http_flood
7927,1781099993.915866,http_flood
7928,1781099993.916812,http_flood
7929,1781099993.917792,http_flood
7930,1781099993.918673,http_flood
7931,1781099993.919318,http_flood
7932,1781099993.919946,http_flood
7933,1781099993.920640,http_flood
7934,1781099993.921501,http_flood
7935,1781099993.922457,http_flood
7936,1781099993.923631,http_flood
7937,1781099993.924610,http_flood
7938,1781099993.925571,normal
7939,1781099993.926901,normal
7940,1781099993.927967,http_flood
7941,1781099993.928806,http_flood
7942,1781099993.929796,http_flood
7943,1781099993.930419,normal
7944,1781099993.931363,http_flood
7945,1781099993.932302,http_flood
7946,1781099993.933002,http_flood
7947,1781099993.933948,http_flood
7948,1781099993.936061,http_flood
7949,1781099993.937111,http_flood
7950,1781099993.938096,http_flood
7951,1781099993.938983,http_flood
7952,1781099993.939772,http_flood
7953,1781099993.940419,http_flood
7954,1781099993.941400,http_flood
7955,1781099993.942282,http_flood
7956,1781099993.943188,http_flood
7957,1781099993.944056,http_flood
7958,1781099993.945606,http_flood
7959,1781099993.946517,http_flood
7960,1781099993.947467,http_flood
7961,1781099993.948448,http_flood
7962,1781099993.949658,http_flood
7963,1781099993.950427,http_flood
7964,1781099993.951321,http_flood
7965,1781099993.952205,http_flood
7966,1781099993.953151,http_flood
7967,1781099993.954425,normal
7968,1781099993.956022,http_flood
7969,1781099993.956661,http_flood
7970,1781099993.957669,http_flood
7971,1781099993.958660,http_flood
7972,1781099993.959677,http_flood
7973,1781099993.960719,http_flood
7974,1781099993.961641,http_flood
7975,1781099993.962739,http_flood
7976,1781099993.964211,http_flood
7977,1781099993.965294,http_flood
7978,1781099993.966155,http_flood
7979,1781099993.967211,http_flood
7980,1781099993.968468,http_flood
7981,1781099993.969336,normal
7982,1781099993.970445,http_flood
7983,1781099993.971546,http_flood
7984,1781099993.973059,http_flood
7985,1781099993.973719,http_flood
7986,1781099993.974450,http_flood
7987,1781099993.975406,http_flood
7988,1781099993.976174,http_flood
7989,1781099993.977509,http_flood
7990,1781099993.978379,http_flood
7991,1781099993.979414,http_flood
7992,1781099993.980500,http_flood
7993,1781099993.981720,http_flood
7994,1781099993.982927,normal
7995,1781099993.984130,http_flood
7996,1781099993.985008,normal
7997,1781099993.985708,http_flood
7998,1781099993.986683,http_flood
7999,1781099993.987712,http_flood
8000,1781099993.988743,http_flood
8001,1781099993.989780,http_flood
8002,1781099993.990479,http_flood
8003,1781099993.991446,http_flood
8004,1781099993.992297,http_flood
8005,1781099993.993183,http_flood
8006,1781099993.993981,http_flood
8007,1781099993.994842,http_flood
8008,1781099993.995884,http_flood
8009,1781099993.997021,http_flood
8010,1781099993.997976,http_flood
8011,1781099993.998555,http_flood
8012,1781099993.999442,http_flood
8013,1781099994.000426,http_flood
8014,1781099994.001286,http_flood
8015,1781099994.002619,http_flood
8016,1781099994.003959,http_flood
8017,1781099994.005049,http_flood
8018,1781099994.006264,http_flood
8019,1781099994.007300,http_flood
8020,1781099994.008522,http_flood
8021,1781099994.009277,http_flood
8022,1781099994.010174,normal
8023,1781099994.011238,http_flood
8024,1781099994.011894,http_flood
8025,1781099994.012770,http_flood
8026,1781099994.013626,http_flood
8027,1781099994.014493,http_flood
8028,1781099994.015412,http_flood
8029,1781099994.016196,http_flood
8030,1781099994.017144,http_flood
8031,1781099994.018128,http_flood
8032,1781099994.019171,normal
8033,1781099994.020598,http_flood
8034,1781099994.021637,http_flood
8035,1781099994.023182,http_flood
8036,1781099994.024273,http_flood
8037,1781099994.025079,http_flood
8038,1781099994.026315,http_flood
8039,1781099994.027037,http_flood
8040,1781099994.027986,http_flood
8041,1781099994.029175,http_flood
8042,1781099994.030142,http_flood
8043,1781099994.030857,http_flood
8044,1781099994.031796,http_flood
8045,1781099994.032552,http_flood
8046,1781099994.033816,http_flood
8047,1781099994.034703,http_flood
8048,1781099994.035313,http_flood
8049,1781099994.036700,http_flood
8050,1781099994.037779,normal
8051,1781099994.038508,http_flood
8052,1781099994.039240,http_flood
8053,1781099994.040006,http_flood
8054,1781099994.041276,http_flood
8055,1781099994.042507,http_flood
8056,1781099994.043257,http_flood
8057,1781099994.044372,http_flood
8058,1781099994.045210,http_flood
8059,1781099994.046296,http_flood
8060,1781099994.047528,http_flood
8061,1781099994.048579,http_flood
8062,1781099994.049311,http_flood
8063,1781099994.050056,http_flood
8064,1781099994.051208,http_flood
8065,1781099994.052105,http_flood
8066,1781099994.053184,http_flood
8067,1781099994.054031,http_flood
8068,1781099994.054662,http_flood
8069,1781099994.055756,http_flood
8070,1781099994.057007,http_flood
8071,1781099994.057743,http_flood
8072,1781099994.058788,http_flood
8073,1781099994.059485,http_flood
8074,1781099994.060294,http_flood
8075,1781099994.061275,http_flood
8076,1781099994.061985,http_flood
8077,1781099994.063017,http_flood
8078,1781099994.063943,http_flood
8079,1781099994.064758,http_flood
8080,1781099994.065466,http_flood
8081,1781099994.066562,http_flood
8082,1781099994.067669,http_flood
8083,1781099994.068934,http_flood
8084,1781099994.070115,http_flood
8085,1781099994.070878,http_flood
8086,1781099994.072272,http_flood
8087,1781099994.072979,http_flood
8088,1781099994.073685,http_flood
8089,1781099994.074524,http_flood
8090,1781099994.075193,http_flood
8091,1781099994.076236,http_flood
8092,1781099994.077350,http_flood
8093,1781099994.078282,http_flood
8094,1781099994.079196,http_flood
8095,1781099994.081198,http_flood
8096,1781099994.081805,http_flood
8097,1781099994.082639,http_flood
8098,1781099994.083678,http_flood
8099,1781099994.084517,http_flood
8100,1781099994.085622,http_flood
8101,1781099994.086750,http_flood
8102,1781099994.087816,http_flood
8103,1781099994.088914,http_flood
8104,1781099994.090007,http_flood
8105,1781099994.090887,http_flood
8106,1781099994.091741,http_flood
8107,1781099994.092623,http_flood
8108,1781099994.093842,http_flood
8109,1781099994.095166,http_flood
8110,1781099994.096086,http_flood
8111,1781099994.096987,http_flood
8112,1781099994.097805,http_flood
8113,1781099994.098731,http_flood
8114,1781099994.099687,http_flood
8115,1781099994.100693,http_flood
8116,1781099994.101754,http_flood
8117,1781099994.102870,http_flood
8118,1781099994.103678,http_flood
8119,1781099994.104586,http_flood
8120,1781099994.105527,http_flood
8121,1781099994.106665,http_flood
8122,1781099994.107428,http_flood
8123,1781099994.108604,http_flood
8124,1781099994.109454,http_flood
8125,1781099994.110929,http_flood
8126,1781099994.111833,http_flood
8127,1781099994.113172,http_flood
8128,1781099994.113744,http_flood
8129,1781099994.115174,http_flood
8130,1781099994.115936,http_flood
8131,1781099994.116790,http_flood
8132,1781099994.117789,http_flood
8133,1781099994.118956,http_flood
8134,1781099994.119654,http_flood
8135,1781099994.120458,http_flood
8136,1781099994.121343,http_flood
8137,1781099994.122177,http_flood
8138,1781099994.122885,http_flood
8139,1781099994.123988,http_flood
8140,1781099994.124793,http_flood
8141,1781099994.125829,http_flood
8142,1781099994.126934,http_flood
8143,1781099994.127771,http_flood
8144,1781099994.128726,http_flood
8145,1781099994.129445,http_flood
8146,1781099994.130611,http_flood
8147,1781099994.131640,http_flood
8148,1781099994.132505,http_flood
8149,1781099994.133484,http_flood
8150,1781099994.134535,http_flood
8151,1781099994.135476,http_flood
8152,1781099994.136358,http_flood
8153,1781099994.137457,http_flood
8154,1781099994.138089,http_flood
8155,1781099994.139032,http_flood
8156,1781099994.139936,http_flood
8157,1781099994.141486,http_flood
8158,1781099994.142674,http_flood
8159,1781099994.143558,http_flood
8160,1781099994.144735,http_flood
8161,1781099994.145959,http_flood
8162,1781099994.146676,http_flood
8163,1781099994.147474,http_flood
8164,1781099994.148553,http_flood
8165,1781099994.149276,http_flood
8166,1781099994.150023,http_flood
8167,1781099994.150716,http_flood
8168,1781099994.151592,http_flood
8169,1781099994.152548,http_flood
8170,1781099994.153520,http_flood
8171,1781099994.154149,http_flood
8172,1781099994.154950,http_flood
8173,1781099994.156435,http_flood
8174,1781099994.157248,http_flood
8175,1781099994.158206,http_flood
8176,1781099994.159683,http_flood
8177,1781099994.161290,http_flood
8178,1781099994.162396,http_flood
8179,1781099994.163683,http_flood
8180,1781099994.164992,http_flood
8181,1781099994.165993,http_flood
8182,1781099994.167005,http_flood
8183,1781099994.168045,http_flood
8184,1781099994.169251,http_flood
8185,1781099994.170189,http_flood
8186,1781099994.171100,http_flood
8187,1781099994.172649,http_flood
8188,1781099994.173459,http_flood
8189,1781099994.174856,http_flood
8190,1781099994.175793,normal
8191,1781099994.176531,http_flood
8192,1781099994.177245,http_flood
8193,1781099994.178069,http_flood
8194,1781099994.179524,http_flood
8195,1781099994.180418,http_flood
8196,1781099994.181193,http_flood
8197,1781099994.182249,http_flood
8198,1781099994.183106,http_flood
8199,1781099994.184348,http_flood
8200,1781099994.185571,http_flood
8201,1781099994.186615,http_flood
8202,1781099994.187662,normal
8203,1781099994.188366,http_flood
8204,1781099994.189153,http_flood
8205,1781099994.189879,http_flood
8206,1781099994.190530,http_flood
8207,1781099994.191665,http_flood
8208,1781099994.192455,http_flood
8209,1781099994.193366,http_flood
8210,1781099994.194130,http_flood
8211,1781099994.195110,http_flood
8212,1781099994.196262,http_flood
8213,1781099994.197163,http_flood
8214,1781099994.198064,http_flood
8215,1781099994.199076,http_flood
8216,1781099994.200058,http_flood
8217,1781099994.201354,http_flood
8218,1781099994.202512,http_flood
8219,1781099994.203250,http_flood
8220,1781099994.204344,http_flood
8221,1781099994.205442,http_flood
8222,1781099994.206234,http_flood
8223,1781099994.207436,http_flood
8224,1781099994.208695,http_flood
8225,1781099994.209939,http_flood
8226,1781099994.210681,http_flood
8227,1781099994.211564,http_flood
8228,1781099994.212728,http_flood
8229,1781099994.213420,http_flood
8230,1781099994.214404,http_flood
8231,1781099994.215467,http_flood
8232,1781099994.216910,http_flood
8233,1781099994.217898,http_flood
8234,1781099994.219431,normal
8235,1781099994.220565,http_flood
8236,1781099994.221453,http_flood
8237,1781099994.222515,http_flood
8238,1781099994.223269,http_flood
8239,1781099994.224456,http_flood
8240,1781099994.225307,http_flood
8241,1781099994.226520,http_flood
8242,1781099994.227898,http_flood
8243,1781099994.228952,http_flood
8244,1781099994.229851,http_flood
8245,1781099994.230819,http_flood
8246,1781099994.231798,http_flood
8247,1781099994.233116,http_flood
8248,1781099994.233906,http_flood
8249,1781099994.235124,http_flood
8250,1781099994.236125,http_flood
8251,1781099994.237312,http_flood
8252,1781099994.238565,http_flood
8253,1781099994.239707,http_flood
8254,1781099994.240454,normal
8255,1781099994.241364,http_flood
8256,1781099994.242068,http_flood
8257,1781099994.243303,http_flood
8258,1781099994.244186,http_flood
8259,1781099994.244976,http_flood
8260,1781099994.246147,http_flood
8261,1781099994.246957,http_flood
8262,1781099994.248280,http_flood
8263,1781099994.248956,http_flood
8264,1781099994.249802,http_flood
8265,1781099994.250875,http_flood
8266,1781099994.252028,http_flood
8267,1781099994.253094,http_flood
8268,1781099994.254208,http_flood
8269,1781099994.255282,http_flood
8270,1781099994.256694,http_flood
8271,1781099994.257756,http_flood
8272,1781099994.259054,http_flood
8273,1781099994.260130,http_flood
8274,1781099994.260989,http_flood
8275,1781099994.261828,http_flood
8276,1781099994.263020,http_flood
8277,1781099994.263425,http_flood
8278,1781099994.264491,http_flood
8279,1781099994.265458,http_flood
8280,1781099994.266236,http_flood
8281,1781099994.267207,http_flood
8282,1781099994.268428,normal
8283,1781099994.269317,http_flood
8284,1781099994.270504,http_flood
8285,1781099994.272508,http_flood
8286,1781099994.273622,http_flood
8287,1781099994.274866,http_flood
8288,1781099994.276057,http_flood
8289,1781099994.277194,http_flood
8290,1781099994.278105,http_flood
8291,1781099994.278828,http_flood
8292,1781099994.279739,http_flood
8293,1781099994.280699,http_flood
8294,1781099994.281520,http_flood
8295,1781099994.283037,http_flood
8296,1781099994.283782,http_flood
8297,1781099994.284744,http_flood
8298,1781099994.285843,http_flood
8299,1781099994.286684,http_flood
8300,1781099994.287767,http_flood
8301,1781099994.288939,http_flood
8302,1781099994.290148,http_flood
8303,1781099994.291037,http_flood
8304,1781099994.291767,http_flood
8305,1781099994.292577,http_flood
8306,1781099994.293354,http_flood
8307,1781099994.294444,http_flood
8308,1781099994.295605,http_flood
8309,1781099994.296695,http_flood
8310,1781099994.297807,http_flood
8311,1781099994.298911,http_flood
8312,1781099994.300098,http_flood
8313,1781099994.301491,http_flood
8314,1781099994.302491,http_flood
8315,1781099994.303278,http_flood
8316,1781099994.303945,http_flood
8317,1781099994.305193,http_flood
8318,1781099994.306002,http_flood
8319,1781099994.306967,http_flood
8320,1781099994.307813,http_flood
8321,1781099994.308594,http_flood
8322,1781099994.309566,http_flood
8323,1781099994.310788,http_flood
8324,1781099994.311328,http_flood
8325,1781099994.312076,http_flood
8326,1781099994.312980,http_flood
8327,1781099994.314108,http_flood
8328,1781099994.315026,http_flood
8329,1781099994.316184,http_flood
8330,1781099994.317399,http_flood
8331,1781099994.318351,http_flood
8332,1781099994.319164,http_flood
8333,1781099994.320180,http_flood
8334,1781099994.320947,http_flood
8335,1781099994.322646,http_flood
8336,1781099994.323356,http_flood
8337,1781099994.324356,http_flood
8338,1781099994.325281,http_flood
8339,1781099994.326488,http_flood
8340,1781099994.327539,normal
8341,1781099994.328732,http_flood
8342,1781099994.330029,http_flood
8343,1781099994.330972,http_flood
8344,1781099994.332101,http_flood
8345,1781099994.333103,http_flood
8346,1781099994.334019,normal
8347,1781099994.335062,http_flood
8348,1781099994.336431,http_flood
8349,1781099994.337697,http_flood
8350,1781099994.338696,http_flood
8351,1781099994.339758,http_flood
8352,1781099994.340466,http_flood
8353,1781099994.342059,http_flood
8354,1781099994.343557,http_flood
8355,1781099994.344697,http_flood
8356,1781099994.346126,http_flood
8357,1781099994.347052,http_flood
8358,1781099994.348080,http_flood
8359,1781099994.349361,http_flood
8360,1781099994.350430,http_flood
8361,1781099994.351575,http_flood
8362,1781099994.352838,http_flood
8363,1781099994.354033,http_flood
8364,1781099994.354839,http_flood
8365,1781099994.355786,http_flood
8366,1781099994.356860,http_flood
8367,1781099994.357761,http_flood
8368,1781099994.358528,http_flood
8369,1781099994.360106,http_flood
8370,1781099994.361217,http_flood
8371,1781099994.362210,http_flood
8372,1781099994.363309,http_flood
8373,1781099994.364183,normal
8374,1781099994.365350,http_flood
8375,1781099994.366348,http_flood
8376,1781099994.367505,http_flood
8377,1781099994.368441,http_flood
8378,1781099994.369661,http_flood
8379,1781099994.370675,http_flood
8380,1781099994.371848,http_flood
8381,1781099994.372941,http_flood
8382,1781099994.373910,http_flood
8383,1781099994.375067,http_flood
8384,1781099994.376025,http_flood
8385,1781099994.377463,http_flood
8386,1781099994.378588,http_flood
8387,1781099994.379958,http_flood
8388,1781099994.380865,http_flood
8389,1781099994.381919,http_flood
8390,1781099994.382802,normal
8391,1781099994.384277,http_flood
8392,1781099994.385781,http_flood
8393,1781099994.386524,http_flood
8394,1781099994.387596,http_flood
8395,1781099994.388839,http_flood
8396,1781099994.389689,normal
8397,1781099994.390959,http_flood
8398,1781099994.392517,http_flood
8399,1781099994.393561,http_flood
8400,1781099994.395301,http_flood
8401,1781099994.396697,http_flood
8402,1781099994.397621,http_flood
8403,1781099994.398738,http_flood
8404,1781099994.400106,normal
8405,1781099994.400853,http_flood
8406,1781099994.401851,http_flood
8407,1781099994.402761,http_flood
8408,1781099994.403812,http_flood
8409,1781099994.404581,http_flood
8410,1781099994.405605,http_flood
8411,1781099994.406407,normal
8412,1781099994.407651,http_flood
8413,1781099994.410091,http_flood
8414,1781099994.411080,http_flood
8415,1781099994.412312,http_flood
8416,1781099994.413153,http_flood
8417,1781099994.414112,normal
8418,1781099994.415067,http_flood
8419,1781099994.416102,http_flood
8420,1781099994.417334,http_flood
8421,1781099994.418769,normal
8422,1781099994.419714,http_flood
8423,1781099994.420883,http_flood
8424,1781099994.422045,http_flood
8425,1781099994.423610,http_flood
8426,1781099994.424895,http_flood
8427,1781099994.426528,http_flood
8428,1781099994.427950,http_flood
8429,1781099994.429219,http_flood
8430,1781099994.430450,http_flood
8431,1781099994.431996,http_flood
8432,1781099994.433034,http_flood
8433,1781099994.434215,http_flood
8434,1781099994.435468,normal
8435,1781099994.436472,http_flood
8436,1781099994.437721,http_flood
8437,1781099994.439575,normal
8438,1781099994.440625,http_flood
8439,1781099994.441584,http_flood
8440,1781099994.442585,http_flood
8441,1781099994.443617,http_flood
8442,1781099994.444932,http_flood
8443,1781099994.446118,http_flood
8444,1781099994.447285,http_flood
8445,1781099994.448615,http_flood
8446,1781099994.449829,http_flood
8447,1781099994.450561,http_flood
8448,1781099994.451567,http_flood
8449,1781099994.452525,http_flood
8450,1781099994.453708,http_flood
8451,1781099994.454950,http_flood
8452,1781099994.455971,http_flood
8453,1781099994.457101,normal
8454,1781099994.458445,http_flood
8455,1781099994.459975,http_flood
8456,1781099994.460826,http_flood
8457,1781099994.461893,http_flood
8458,1781099994.463395,http_flood
8459,1781099994.464793,http_flood
8460,1781099994.466476,normal
8461,1781099994.467788,http_flood
8462,1781099994.469127,http_flood
8463,1781099994.470187,http_flood
8464,1781099994.471400,normal
8465,1781099994.472262,http_flood
8466,1781099994.473508,http_flood
8467,1781099994.474495,http_flood
8468,1781099994.475801,http_flood
8469,1781099994.477075,http_flood
8470,1781099994.478441,http_flood
8471,1781099994.479568,http_flood
8472,1781099994.480963,http_flood
8473,1781099994.482299,http_flood
8474,1781099994.483495,http_flood
8475,1781099994.484770,http_flood
8476,1781099994.486602,http_flood
8477,1781099994.487501,http_flood
8478,1781099994.488750,http_flood
8479,1781099994.489882,http_flood
8480,1781099994.490972,http_flood
8481,1781099994.492222,http_flood
8482,1781099994.493429,http_flood
8483,1781099994.494653,http_flood
8484,1781099994.496176,http_flood
8485,1781099994.497472,http_flood
8486,1781099994.498549,http_flood
8487,1781099994.499681,normal
8488,1781099994.500666,http_flood
8489,1781099994.502354,http_flood
8490,1781099994.504074,http_flood
8491,1781099994.505407,http_flood
8492,1781099994.507158,http_flood
8493,1781099994.508611,normal
8494,1781099994.509820,http_flood
8495,1781099994.510885,http_flood
8496,1781099994.512101,http_flood
8497,1781099994.513241,http_flood
8498,1781099994.514244,http_flood
8499,1781099994.515152,normal
8500,1781099994.516288,http_flood
8501,1781099994.517895,http_flood
8502,1781099994.518729,normal
8503,1781099994.520319,http_flood
8504,1781099994.521346,http_flood
8505,1781099994.522715,http_flood
8506,1781099994.524240,normal
8507,1781099994.525296,http_flood
8508,1781099994.526412,http_flood
8509,1781099994.528054,http_flood
8510,1781099994.529698,http_flood
8511,1781099994.531140,http_flood
8512,1781099994.532394,http_flood
8513,1781099994.533770,http_flood
8514,1781099994.534769,http_flood
8515,1781099994.536447,http_flood
8516,1781099994.537910,http_flood
8517,1781099994.539214,http_flood
8518,1781099994.540338,normal
8519,1781099994.541621,http_flood
8520,1781099994.542820,http_flood
8521,1781099994.543832,http_flood
8522,1781099994.545091,http_flood
8523,1781099994.546416,http_flood
8524,1781099994.548151,http_flood
8525,1781099994.549190,normal
8526,1781099994.550313,normal
8527,1781099994.551725,http_flood
8528,1781099994.553032,http_flood
8529,1781099994.553993,http_flood
8530,1781099994.555363,http_flood
8531,1781099994.556560,http_flood
8532,1781099994.558349,http_flood
8533,1781099994.559582,http_flood
8534,1781099994.560843,normal
8535,1781099994.561843,normal
8536,1781099994.563581,http_flood
8537,1781099994.565162,normal
8538,1781099994.566529,http_flood
8539,1781099994.567622,http_flood
8540,1781099994.568740,http_flood
8541,1781099994.569690,http_flood
8542,1781099994.570742,http_flood
8543,1781099994.572126,http_flood
8544,1781099994.573942,http_flood
8545,1781099994.575394,http_flood
8546,1781099994.576375,http_flood
8547,1781099994.578285,http_flood
8548,1781099994.579545,http_flood
8549,1781099994.581416,http_flood
8550,1781099994.582723,normal
8551,1781099994.584027,http_flood
8552,1781099994.585309,http_flood
8553,1781099994.586360,http_flood
8554,1781099994.587925,http_flood
8555,1781099994.590565,http_flood
8556,1781099994.591923,http_flood
8557,1781099994.593158,http_flood
8558,1781099994.594444,http_flood
8559,1781099994.595059,http_flood
8560,1781099994.596402,http_flood
8561,1781099994.597464,http_flood
8562,1781099994.598409,http_flood
8563,1781099994.599518,http_flood
8564,1781099994.601252,http_flood
8565,1781099994.602706,http_flood
8566,1781099994.603742,http_flood
8567,1781099994.604819,http_flood
8568,1781099994.606023,http_flood
8569,1781099994.607524,http_flood
8570,1781099994.608836,normal
8571,1781099994.610905,http_flood
8572,1781099994.612670,http_flood
8573,1781099994.613763,http_flood
8574,1781099994.615357,http_flood
8575,1781099994.616628,http_flood
8576,1781099994.617865,normal
8577,1781099994.619475,http_flood
8578,1781099994.620890,http_flood
8579,1781099994.621938,http_flood
8580,1781099994.623334,http_flood
8581,1781099994.624655,http_flood
8582,1781099994.625793,normal
8583,1781099994.627800,normal
8584,1781099994.629020,http_flood
8585,1781099994.630068,http_flood
8586,1781099994.632187,http_flood
8587,1781099994.633257,http_flood
8588,1781099994.634666,http_flood
8589,1781099994.635621,http_flood
8590,1781099994.637321,http_flood
8591,1781099994.638809,http_flood
8592,1781099994.640000,http_flood
8593,1781099994.640976,http_flood
8594,1781099994.641867,http_flood
8595,1781099994.642854,http_flood
8596,1781099994.644341,http_flood
8597,1781099994.645883,http_flood
8598,1781099994.647296,http_flood
8599,1781099994.648144,http_flood
8600,1781099994.649707,normal
8601,1781099994.651128,http_flood
8602,1781099994.652327,http_flood
8603,1781099994.653707,normal
8604,1781099994.654871,http_flood
8605,1781099994.656395,http_flood
8606,1781099994.657877,http_flood
8607,1781099994.658881,http_flood
8608,1781099994.659867,http_flood
8609,1781099994.661021,normal
8610,1781099994.662996,http_flood
8611,1781099994.664353,http_flood
8612,1781099994.665682,normal
8613,1781099994.666978,http_flood
8614,1781099994.668058,http_flood
8615,1781099994.669785,http_flood
8616,1781099994.671092,http_flood
8617,1781099994.672247,http_flood
8618,1781099994.674310,http_flood
8619,1781099994.675514,http_flood
8620,1781099994.676747,http_flood
8621,1781099994.677690,http_flood
8622,1781099994.679180,http_flood
8623,1781099994.680085,http_flood
8624,1781099994.681278,http_flood
8625,1781099994.682663,http_flood
8626,1781099994.683921,http_flood
8627,1781099994.684787,http_flood
8628,1781099994.686068,http_flood
8629,1781099994.687301,http_flood
8630,1781099994.688972,http_flood
8631,1781099994.690588,http_flood
8632,1781099994.691936,http_flood
8633,1781099994.693013,http_flood
8634,1781099994.694372,http_flood
8635,1781099994.695665,http_flood
8636,1781099994.696817,http_flood
8637,1781099994.698212,http_flood
8638,1781099994.699269,http_flood
8639,1781099994.700860,http_flood
8640,1781099994.701921,http_flood
8641,1781099994.704100,http_flood
8642,1781099994.706038,http_flood
8643,1781099994.707152,http_flood
8644,1781099994.708447,http_flood
8645,1781099994.709386,http_flood
8646,1781099994.710946,normal
8647,1781099994.712433,http_flood
8648,1781099994.713928,http_flood
8649,1781099994.715104,http_flood
8650,1781099994.715911,http_flood
8651,1781099994.716973,http_flood
8652,1781099994.719167,http_flood
8653,1781099994.720064,http_flood
8654,1781099994.721370,http_flood
8655,1781099994.722411,http_flood
8656,1781099994.723735,http_flood
8657,1781099994.724600,http_flood
8658,1781099994.726203,normal
8659,1781099994.727686,normal
8660,1781099994.728957,normal
8661,1781099994.730484,http_flood
8662,1781099994.732028,http_flood
8663,1781099994.733743,http_flood
8664,1781099994.734755,http_flood
8665,1781099994.736230,http_flood
8666,1781099994.737450,http_flood
8667,1781099994.738408,http_flood
8668,1781099994.739480,http_flood
8669,1781099994.740785,normal
8670,1781099994.742010,http_flood
8671,1781099994.743207,http_flood
8672,1781099994.744130,http_flood
8673,1781099994.745098,http_flood
8674,1781099994.746330,http_flood
8675,1781099994.747551,http_flood
8676,1781099994.748679,normal
8677,1781099994.749954,normal
8678,1781099994.751378,http_flood
8679,1781099994.752817,normal
8680,1781099994.753986,http_flood
8681,1781099994.755336,http_flood
8682,1781099994.757088,http_flood
8683,1781099994.758736,http_flood
8684,1781099994.760278,http_flood
8685,1781099994.761009,normal
8686,1781099994.762325,http_flood
8687,1781099994.763766,http_flood
8688,1781099994.764782,http_flood
8689,1781099994.766059,http_flood
8690,1781099994.767054,http_flood
8691,1781099994.768232,http_flood
8692,1781099994.769319,http_flood
8693,1781099994.770986,http_flood
8694,1781099994.772009,http_flood
8695,1781099994.773026,http_flood
8696,1781099994.774633,http_flood
8697,1781099994.775859,http_flood
8698,1781099994.777049,http_flood
8699,1781099994.778234,http_flood
8700,1781099994.779221,http_flood
8701,1781099994.780795,http_flood
8702,1781099994.782044,http_flood
8703,1781099994.783400,http_flood
8704,1781099994.784441,http_flood
8705,1781099994.786092,http_flood
8706,1781099994.787475,http_flood
8707,1781099994.788623,http_flood
8708,1781099994.790171,http_flood
8709,1781099994.791095,http_flood
8710,1781099994.792718,normal
8711,1781099994.794227,http_flood
8712,1781099994.795591,http_flood
8713,1781099994.797060,http_flood
8714,1781099994.798068,http_flood
8715,1781099994.799271,http_flood
8716,1781099994.800314,http_flood
8717,1781099994.801355,http_flood
8718,1781099994.802428,normal
8719,1781099994.803828,http_flood
8720,1781099994.806539,http_flood
8721,1781099994.808486,http_flood
8722,1781099994.809664,http_flood
8723,1781099994.810900,http_flood
8724,1781099994.812030,http_flood
8725,1781099994.813621,normal
8726,1781099994.815108,http_flood
8727,1781099994.816281,http_flood
8728,1781099994.817688,http_flood
8729,1781099994.818727,http_flood
8730,1781099994.819955,http_flood
8731,1781099994.821602,http_flood
8732,1781099994.823194,http_flood
8733,1781099994.824738,http_flood
8734,1781099994.826041,http_flood
8735,1781099994.827979,http_flood
8736,1781099994.829005,http_flood
8737,1781099994.829826,normal
8738,1781099994.831089,normal
8739,1781099994.832298,http_flood
8740,1781099994.833349,http_flood
8741,1781099994.834660,http_flood
8742,1781099994.835832,normal
8743,1781099994.836860,http_flood
8744,1781099994.838471,http_flood
8745,1781099994.839643,http_flood
8746,1781099994.841219,http_flood
8747,1781099994.842084,normal
8748,1781099994.843207,http_flood
8749,1781099994.844332,http_flood
8750,1781099994.845667,http_flood
8751,1781099994.846806,http_flood
8752,1781099994.848221,http_flood
8753,1781099994.849388,normal
8754,1781099994.850866,http_flood
8755,1781099994.852381,http_flood
8756,1781099994.853660,normal
8757,1781099994.855807,normal
8758,1781099994.857194,http_flood
8759,1781099994.858312,http_flood
8760,1781099994.859661,http_flood
8761,1781099994.860944,normal
8762,1781099994.862499,http_flood
8763,1781099994.863471,http_flood
8764,1781099994.864502,http_flood
8765,1781099994.866041,normal
8766,1781099994.867677,http_flood
8767,1781099994.869085,http_flood
8768,1781099994.871038,http_flood
8769,1781099994.872261,normal
8770,1781099994.873942,normal
8771,1781099994.875538,http_flood
8772,1781099994.877170,http_flood
8773,1781099994.878234,http_flood
8774,1781099994.879942,http_flood
8775,1781099994.881505,http_flood
8776,1781099994.882338,normal
8777,1781099994.883837,http_flood
8778,1781099994.885218,http_flood
8779,1781099994.886096,http_flood
8780,1781099994.887775,http_flood
8781,1781099994.888823,http_flood
8782,1781099994.890036,normal
8783,1781099994.891265,http_flood
8784,1781099994.892526,http_flood
8785,1781099994.893974,http_flood
8786,1781099994.894875,http_flood
8787,1781099994.896327,http_flood
8788,1781099994.897441,http_flood
8789,1781099994.899007,http_flood
8790,1781099994.900125,http_flood
8791,1781099994.901745,http_flood
8792,1781099994.903286,http_flood
8793,1781099994.904495,http_flood
8794,1781099994.905469,http_flood
8795,1781099994.906824,http_flood
8796,1781099994.907841,http_flood
8797,1781099994.909595,http_flood
8798,1781099994.910924,http_flood
8799,1781099994.912214,http_flood
8800,1781099994.913676,normal
8801,1781099994.914776,http_flood
8802,1781099994.916170,normal
8803,1781099994.917831,http_flood
8804,1781099994.918730,http_flood
8805,1781099994.919735,http_flood
8806,1781099994.920798,http_flood
8807,1781099994.921753,http_flood
8808,1781099994.923415,http_flood
8809,1781099994.924346,http_flood
8810,1781099994.925443,http_flood
8811,1781099994.926736,http_flood
8812,1781099994.928522,http_flood
8813,1781099994.929978,http_flood
8814,1781099994.931021,http_flood
8815,1781099994.932368,http_flood
8816,1781099994.934130,http_flood
8817,1781099994.935322,normal
8818,1781099994.936372,http_flood
8819,1781099994.937400,http_flood
8820,1781099994.938741,http_flood
8821,1781099994.939861,http_flood
8822,1781099994.941428,http_flood
8823,1781099994.942750,http_flood
8824,1781099994.944230,http_flood
8825,1781099994.945812,http_flood
8826,1781099994.947495,http_flood
8827,1781099994.949066,http_flood
8828,1781099994.950820,normal
8829,1781099994.952228,normal
8830,1781099994.953526,http_flood
8831,1781099994.954608,http_flood
8832,1781099994.956382,http_flood
8833,1781099994.957893,http_flood
8834,1781099994.959132,http_flood
8835,1781099994.960139,http_flood
8836,1781099994.961817,normal
8837,1781099994.962938,http_flood
8838,1781099994.964375,http_flood
8839,1781099994.965578,http_flood
8840,1781099994.966976,http_flood
8841,1781099994.968297,normal
8842,1781099994.969898,http_flood
8843,1781099994.971673,http_flood
8844,1781099994.972780,http_flood
8845,1781099994.973942,http_flood
8846,1781099994.976133,http_flood
8847,1781099994.977501,http_flood
8848,1781099994.978758,http_flood
8849,1781099994.980094,normal
8850,1781099994.981772,http_flood
8851,1781099994.983089,normal
8852,1781099994.985115,http_flood
8853,1781099994.986357,http_flood
8854,1781099994.987357,http_flood
8855,1781099994.989515,http_flood
8856,1781099994.990971,http_flood
8857,1781099994.992576,http_flood
8858,1781099994.994027,http_flood
8859,1781099994.995315,http_flood
8860,1781099994.996566,http_flood
8861,1781099994.998164,normal
8862,1781099994.999783,http_flood
8863,1781099995.001589,http_flood
8864,1781099995.003118,http_flood
8865,1781099995.004551,http_flood
8866,1781099995.005455,http_flood
8867,1781099995.006474,http_flood
8868,1781099995.007314,http_flood
8869,1781099995.008826,http_flood
8870,1781099995.010046,http_flood
8871,1781099995.011644,http_flood
8872,1781099995.012745,http_flood
8873,1781099995.013542,http_flood
8874,1781099995.014515,http_flood
8875,1781099995.016616,http_flood
8876,1781099995.017903,http_flood
8877,1781099995.019016,http_flood
8878,1781099995.021269,http_flood
8879,1781099995.022485,http_flood
8880,1781099995.024620,http_flood
8881,1781099995.026042,http_flood
8882,1781099995.027297,http_flood
8883,1781099995.028488,http_flood
8884,1781099995.029812,http_flood
8885,1781099995.031486,normal
8886,1781099995.032660,http_flood
8887,1781099995.033762,normal
8888,1781099995.035249,http_flood
8889,1781099995.036154,http_flood
8890,1781099995.037344,normal
8891,1781099995.038336,http_flood
8892,1781099995.039667,http_flood
8893,1781099995.040992,http_flood
8894,1781099995.042794,http_flood
8895,1781099995.044651,http_flood
8896,1781099995.046023,http_flood
8897,1781099995.047370,http_flood
8898,1781099995.048838,http_flood
8899,1781099995.049957,http_flood
8900,1781099995.051519,http_flood
8901,1781099995.053342,normal
8902,1781099995.054466,http_flood
8903,1781099995.055513,http_flood
8904,1781099995.056833,http_flood
8905,1781099995.058063,http_flood
8906,1781099995.059197,http_flood
8907,1781099995.061015,http_flood
8908,1781099995.062973,normal
8909,1781099995.064333,http_flood
8910,1781099995.065900,http_flood
8911,1781099995.067068,http_flood
8912,1781099995.068994,normal
8913,1781099995.070587,normal
8914,1781099995.071537,normal
8915,1781099995.072696,http_flood
8916,1781099995.073852,http_flood
8917,1781099995.075210,http_flood
8918,1781099995.076610,http_flood
8919,1781099995.077703,normal
8920,1781099995.078832,http_flood
8921,1781099995.080074,http_flood
8922,1781099995.081353,http_flood
8923,1781099995.082769,normal
8924,1781099995.083901,normal
8925,1781099995.084987,normal
8926,1781099995.086994,http_flood
8927,1781099995.088584,http_flood
8928,1781099995.089661,http_flood
8929,1781099995.090722,http_flood
8930,1781099995.091897,http_flood
8931,1781099995.093236,http_flood
8932,1781099995.094972,normal
8933,1781099995.096002,http_flood
8934,1781099995.097008,http_flood
8935,1781099995.098564,http_flood
8936,1781099995.100086,http_flood
8937,1781099995.101407,http_flood
8938,1781099995.103023,http_flood
8939,1781099995.104444,normal
8940,1781099995.105695,normal
8941,1781099995.107066,normal
8942,1781099995.108615,http_flood
8943,1781099995.110128,http_flood
8944,1781099995.111569,http_flood
8945,1781099995.112462,http_flood
8946,1781099995.113864,normal
8947,1781099995.114825,http_flood
8948,1781099995.116458,http_flood
8949,1781099995.118093,normal
8950,1781099995.119498,normal
8951,1781099995.121140,http_flood
8952,1781099995.122407,http_flood
8953,1781099995.123527,http_flood
8954,1781099995.124976,http_flood
8955,1781099995.125882,http_flood
8956,1781099995.127422,normal
8957,1781099995.128928,http_flood
8958,1781099995.130475,http_flood
8959,1781099995.131891,http_flood
8960,1781099995.133441,http_flood
8961,1781099995.134841,normal
8962,1781099995.136578,normal
8963,1781099995.137973,normal
8964,1781099995.139463,http_flood
8965,1781099995.141103,http_flood
8966,1781099995.142102,http_flood
8967,1781099995.143898,normal
8968,1781099995.145282,http_flood
8969,1781099995.146751,http_flood
8970,1781099995.147606,http_flood
8971,1781099995.148762,http_flood
8972,1781099995.150083,normal
8973,1781099995.151233,http_flood
8974,1781099995.153157,http_flood
8975,1781099995.154590,http_flood
8976,1781099995.155572,http_flood
8977,1781099995.156902,http_flood
8978,1781099995.158435,http_flood
8979,1781099995.160585,http_flood
8980,1781099995.162055,normal
8981,1781099995.163370,http_flood
8982,1781099995.164623,http_flood
8983,1781099995.165898,http_flood
8984,1781099995.167252,http_flood
8985,1781099995.168194,http_flood
8986,1781099995.169386,http_flood
8987,1781099995.170699,http_flood
8988,1781099995.171676,normal
8989,1781099995.172660,http_flood
8990,1781099995.174243,http_flood
8991,1781099995.176186,http_flood
8992,1781099995.177583,normal
8993,1781099995.179315,http_flood
8994,1781099995.180472,http_flood
8995,1781099995.182095,normal
8996,1781099995.183470,http_flood
8997,1781099995.184988,http_flood
8998,1781099995.186508,http_flood
8999,1781099995.187941,normal
9000,1781099995.189181,http_flood
9001,1781099995.190819,http_flood
9002,1781099995.192104,http_flood
9003,1781099995.193751,normal
9004,1781099995.195448,http_flood
9005,1781099995.196963,http_flood
9006,1781099995.198001,normal
9007,1781099995.199906,normal
9008,1781099995.201333,http_flood
9009,1781099995.202934,http_flood
9010,1781099995.204333,http_flood
9011,1781099995.205323,http_flood
9012,1781099995.206807,http_flood
9013,1781099995.207846,normal
9014,1781099995.209186,http_flood
9015,1781099995.210311,normal
9016,1781099995.212195,http_flood
9017,1781099995.213016,http_flood
9018,1781099995.215092,normal
9019,1781099995.216130,http_flood
9020,1781099995.217618,normal
9021,1781099995.219056,http_flood
9022,1781099995.220747,http_flood
9023,1781099995.221846,http_flood
9024,1781099995.224879,http_flood
9025,1781099995.226052,http_flood
9026,1781099995.227472,http_flood
9027,1781099995.229017,http_flood
9028,1781099995.229888,http_flood
9029,1781099995.231479,http_flood
9030,1781099995.232561,http_flood
9031,1781099995.234128,normal
9032,1781099995.235731,normal
9033,1781099995.237407,http_flood
9034,1781099995.238660,http_flood
9035,1781099995.240558,http_flood
9036,1781099995.242101,http_flood
9037,1781099995.243405,normal
9038,1781099995.244830,http_flood
9039,1781099995.246233,normal
9040,1781099995.247670,http_flood
9041,1781099995.249601,http_flood
9042,1781099995.251187,normal
9043,1781099995.252813,http_flood
9044,1781099995.253857,http_flood
9045,1781099995.255412,http_flood
9046,1781099995.257224,normal
9047,1781099995.258641,http_flood
9048,1781099995.260237,http_flood
9049,1781099995.261633,http_flood
9050,1781099995.263717,normal
9051,1781099995.264891,http_flood
9052,1781099995.266210,http_flood
9053,1781099995.268496,http_flood
9054,1781099995.269703,http_flood
9055,1781099995.270920,normal
9056,1781099995.272302,http_flood
9057,1781099995.273784,http_flood
9058,1781099995.275588,normal
9059,1781099995.277394,http_flood
9060,1781099995.278970,http_flood
9061,1781099995.280285,normal
9062,1781099995.281813,normal
9063,1781099995.283520,http_flood
9064,1781099995.284658,http_flood
9065,1781099995.285559,http_flood
9066,1781099995.286839,http_flood
9067,1781099995.288446,http_flood
9068,1781099995.289969,normal
9069,1781099995.291667,http_flood
9070,1781099995.293090,http_flood
9071,1781099995.294662,http_flood
9072,1781099995.295567,http_flood
9073,1781099995.296831,http_flood
9074,1781099995.298137,http_flood
9075,1781099995.299392,http_flood
9076,1781099995.301088,http_flood
9077,1781099995.302595,http_flood
9078,1781099995.304059,normal
9079,1781099995.306313,http_flood
9080,1781099995.307310,http_flood
9081,1781099995.308184,http_flood
9082,1781099995.309624,http_flood
9083,1781099995.310679,http_flood
9084,1781099995.312199,normal
9085,1781099995.313641,http_flood
9086,1781099995.315087,http_flood
9087,1781099995.316398,http_flood
9088,1781099995.317955,http_flood
9089,1781099995.320016,http_flood
9090,1781099995.321616,http_flood
9091,1781099995.322711,http_flood
9092,1781099995.324466,http_flood
9093,1781099995.325747,http_flood
9094,1781099995.327383,normal
9095,1781099995.329012,http_flood
9096,1781099995.329998,http_flood
9097,1781099995.331970,http_flood
9098,1781099995.333019,normal
9099,1781099995.334760,http_flood
9100,1781099995.336276,http_flood
9101,1781099995.337316,http_flood
9102,1781099995.339354,http_flood
9103,1781099995.340898,normal
9104,1781099995.342595,normal
9105,1781099995.343833,http_flood
9106,1781099995.345500,http_flood
9107,1781099995.347465,http_flood
9108,1781099995.349019,http_flood
9109,1781099995.350315,http_flood
9110,1781099995.351276,http_flood
9111,1781099995.352938,normal
9112,1781099995.354611,http_flood
9113,1781099995.356158,http_flood
9114,1781099995.357589,http_flood
9115,1781099995.359138,http_flood
9116,1781099995.360989,http_flood
9117,1781099995.362787,normal
9118,1781099995.364344,http_flood
9119,1781099995.365726,http_flood
9120,1781099995.366871,http_flood
9121,1781099995.368314,normal
9122,1781099995.369667,http_flood
9123,1781099995.371165,http_flood
9124,1781099995.372849,http_flood
9125,1781099995.374374,http_flood
9126,1781099995.376210,http_flood
9127,1781099995.377431,normal
9128,1781099995.378980,http_flood
9129,1781099995.381232,http_flood
9130,1781099995.384092,http_flood
9131,1781099995.385968,http_flood
9132,1781099995.387385,http_flood
9133,1781099995.388672,http_flood
9134,1781099995.389914,http_flood
9135,1781099995.391342,http_flood
9136,1781099995.392421,http_flood
9137,1781099995.393903,normal
9138,1781099995.395009,http_flood
9139,1781099995.396260,normal
9140,1781099995.398486,normal
9141,1781099995.399486,http_flood
9142,1781099995.400675,http_flood
9143,1781099995.401950,normal
9144,1781099995.402982,http_flood
9145,1781099995.404497,http_flood
9146,1781099995.406095,normal
9147,1781099995.407271,http_flood
9148,1781099995.408556,normal
9149,1781099995.409687,http_flood
9150,1781099995.411588,http_flood
9151,1781099995.412688,http_flood
9152,1781099995.414526,http_flood
9153,1781099995.416104,http_flood
9154,1781099995.417749,http_flood
9155,1781099995.418916,http_flood
9156,1781099995.420793,http_flood
9157,1781099995.421816,http_flood
9158,1781099995.423075,http_flood
9159,1781099995.424491,http_flood
9160,1781099995.426292,normal
9161,1781099995.427656,http_flood
9162,1781099995.429228,http_flood
9163,1781099995.430613,normal
9164,1781099995.431766,normal
9165,1781099995.433060,http_flood
9166,1781099995.434443,http_flood
9167,1781099995.436004,http_flood
9168,1781099995.437751,http_flood
9169,1781099995.439283,normal
9170,1781099995.440547,normal
9171,1781099995.442153,normal
9172,1781099995.443172,normal
9173,1781099995.444345,http_flood
9174,1781099995.445435,normal
9175,1781099995.446754,http_flood
9176,1781099995.448599,http_flood
9177,1781099995.450479,normal
9178,1781099995.451474,http_flood
9179,1781099995.452994,http_flood
9180,1781099995.454361,http_flood
9181,1781099995.456225,http_flood
9182,1781099995.457359,http_flood
9183,1781099995.458797,http_flood
9184,1781099995.459969,normal
9185,1781099995.461867,http_flood
9186,1781099995.463475,http_flood
9187,1781099995.465284,http_flood
9188,1781099995.466784,http_flood
9189,1781099995.468467,http_flood
9190,1781099995.470359,http_flood
9191,1781099995.471386,normal
9192,1781099995.473588,http_flood
9193,1781099995.475606,http_flood
9194,1781099995.476979,normal
9195,1781099995.479403,http_flood
9196,1781099995.480620,http_flood
9197,1781099995.482029,http_flood
9198,1781099995.484387,http_flood
9199,1781099995.486114,http_flood
9200,1781099995.487949,http_flood
9201,1781099995.489983,http_flood
9202,1781099995.491438,normal
9203,1781099995.492820,http_flood
9204,1781099995.494781,normal
9205,1781099995.495918,http_flood
9206,1781099995.497888,http_flood
9207,1781099995.499351,http_flood
9208,1781099995.501052,http_flood
9209,1781099995.502375,http_flood
9210,1781099995.503572,http_flood
9211,1781099995.504958,http_flood
9212,1781099995.506521,normal
9213,1781099995.508058,normal
9214,1781099995.509699,normal
9215,1781099995.511025,http_flood
9216,1781099995.512488,http_flood
9217,1781099995.514139,http_flood
9218,1781099995.516103,normal
9219,1781099995.517167,http_flood
9220,1781099995.518421,http_flood
9221,1781099995.519868,http_flood
9222,1781099995.521531,normal
9223,1781099995.523052,normal
9224,1781099995.525017,http_flood
9225,1781099995.527297,normal
9226,1781099995.529849,http_flood
9227,1781099995.531445,http_flood
9228,1781099995.532511,http_flood
9229,1781099995.533836,normal
9230,1781099995.534908,http_flood
9231,1781099995.536021,http_flood
9232,1781099995.537915,http_flood
9233,1781099995.539762,http_flood
9234,1781099995.541455,http_flood
9235,1781099995.542689,http_flood
9236,1781099995.544336,normal
9237,1781099995.546147,normal
9238,1781099995.547554,http_flood
9239,1781099995.548684,normal
9240,1781099995.550179,normal
9241,1781099995.551811,normal
9242,1781099995.553197,http_flood
9243,1781099995.554396,normal
9244,1781099995.555474,http_flood
9245,1781099995.556482,normal
9246,1781099995.557750,http_flood
9247,1781099995.559885,http_flood
9248,1781099995.561965,http_flood
9249,1781099995.563139,normal
9250,1781099995.564924,http_flood
9251,1781099995.566300,normal
9252,1781099995.568064,http_flood
9253,1781099995.569132,http_flood
9254,1781099995.570774,http_flood
9255,1781099995.572176,http_flood
9256,1781099995.573357,http_flood
9257,1781099995.574731,http_flood
9258,1781099995.575960,http_flood
9259,1781099995.577667,http_flood
9260,1781099995.580410,normal
9261,1781099995.581665,http_flood
9262,1781099995.582721,http_flood
9263,1781099995.584407,http_flood
9264,1781099995.586019,http_flood
9265,1781099995.587487,normal
9266,1781099995.588363,normal
9267,1781099995.590351,http_flood
9268,1781099995.591800,normal
9269,1781099995.593174,http_flood
9270,1781099995.594770,http_flood
9271,1781099995.596282,normal
9272,1781099995.597370,http_flood
9273,1781099995.599112,http_flood
9274,1781099995.600368,http_flood
9275,1781099995.601653,normal
9276,1781099995.604683,normal
9277,1781099995.606138,http_flood
9278,1781099995.607416,http_flood
9279,1781099995.608738,http_flood
9280,1781099995.610378,normal
9281,1781099995.611685,http_flood
9282,1781099995.613158,normal
9283,1781099995.614789,normal
9284,1781099995.616381,http_flood
9285,1781099995.618472,normal
9286,1781099995.619685,http_flood
9287,1781099995.621243,http_flood
9288,1781099995.623214,http_flood
9289,1781099995.624750,http_flood
9290,1781099995.625940,http_flood
9291,1781099995.628552,http_flood
9292,1781099995.629808,http_flood
9293,1781099995.631457,http_flood
9294,1781099995.632813,http_flood
9295,1781099995.634051,http_flood
9296,1781099995.635539,normal
9297,1781099995.637822,http_flood
9298,1781099995.639334,http_flood
9299,1781099995.640736,http_flood
9300,1781099995.642105,http_flood
9301,1781099995.643490,http_flood
9302,1781099995.645123,http_flood
9303,1781099995.646090,http_flood
9304,1781099995.647568,normal
9305,1781099995.649440,http_flood
9306,1781099995.650618,http_flood
9307,1781099995.652240,http_flood
9308,1781099995.653930,http_flood
9309,1781099995.656027,normal
9310,1781099995.657274,http_flood
9311,1781099995.658832,http_flood
9312,1781099995.660439,http_flood
9313,1781099995.661759,normal
9314,1781099995.663023,http_flood
9315,1781099995.664447,http_flood
9316,1781099995.665990,http_flood
9317,1781099995.667800,http_flood
9318,1781099995.669266,http_flood
9319,1781099995.670867,normal
9320,1781099995.672165,http_flood
9321,1781099995.674365,http_flood
9322,1781099995.675454,http_flood
9323,1781099995.677073,http_flood
9324,1781099995.678401,http_flood
9325,1781099995.679725,http_flood
9326,1781099995.680954,http_flood
9327,1781099995.682608,normal
9328,1781099995.684857,http_flood
9329,1781099995.686873,http_flood
9330,1781099995.689169,http_flood
9331,1781099995.690529,http_flood
9332,1781099995.691969,http_flood
9333,1781099995.693048,http_flood
9334,1781099995.694319,http_flood
9335,1781099995.695941,normal
9336,1781099995.697216,normal
9337,1781099995.698238,normal
9338,1781099995.699959,http_flood
9339,1781099995.701577,normal
9340,1781099995.703367,http_flood
9341,1781099995.705096,http_flood
9342,1781099995.706673,http_flood
9343,1781099995.707931,normal
9344,1781099995.709160,http_flood
9345,1781099995.710498,http_flood
9346,1781099995.711943,normal
9347,1781099995.713558,http_flood
9348,1781099995.715026,http_flood
9349,1781099995.716613,http_flood
9350,1781099995.717858,normal
9351,1781099995.719118,http_flood
9352,1781099995.720618,http_flood
9353,1781099995.721874,normal
9354,1781099995.723191,http_flood
9355,1781099995.724539,http_flood
9356,1781099995.726043,http_flood
9357,1781099995.727806,http_flood
9358,1781099995.729368,normal
9359,1781099995.731570,http_flood
9360,1781099995.733174,http_flood
9361,1781099995.734559,http_flood
9362,1781099995.735809,http_flood
9363,1781099995.737851,http_flood
9364,1781099995.739503,http_flood
9365,1781099995.741197,http_flood
9366,1781099995.742734,http_flood
9367,1781099995.744255,http_flood
9368,1781099995.745677,http_flood
9369,1781099995.747239,http_flood
9370,1781099995.749027,http_flood
9371,1781099995.750242,http_flood
9372,1781099995.751599,http_flood
9373,1781099995.752448,http_flood
9374,1781099995.753577,http_flood
9375,1781099995.754969,normal
9376,1781099995.756482,http_flood
9377,1781099995.758159,http_flood
9378,1781099995.759631,normal
9379,1781099995.761050,http_flood
9380,1781099995.762416,http_flood
9381,1781099995.764179,http_flood
9382,1781099995.765291,http_flood
9383,1781099995.766581,normal
9384,1781099995.768452,normal
9385,1781099995.769613,http_flood
9386,1781099995.770954,http_flood
9387,1781099995.772251,http_flood
9388,1781099995.773498,http_flood
9389,1781099995.775063,http_flood
9390,1781099995.777175,normal
9391,1781099995.778520,http_flood
9392,1781099995.780441,normal
9393,1781099995.782915,normal
9394,1781099995.785097,normal
9395,1781099995.786932,http_flood
9396,1781099995.788932,normal
9397,1781099995.790639,http_flood
9398,1781099995.792130,normal
9399,1781099995.793896,normal
9400,1781099995.795192,http_flood
9401,1781099995.796874,http_flood
9402,1781099995.798967,normal
9403,1781099995.800905,http_flood
9404,1781099995.802594,http_flood
9405,1781099995.803866,normal
9406,1781099995.804941,http_flood
9407,1781099995.806135,normal
9408,1781099995.807589,http_flood
9409,1781099995.809383,http_flood
9410,1781099995.811234,http_flood
9411,1781099995.812829,http_flood
9412,1781099995.814068,http_flood
9413,1781099995.815837,http_flood
9414,1781099995.817464,http_flood
9415,1781099995.819123,normal
9416,1781099995.820576,normal
9417,1781099995.823122,http_flood
9418,1781099995.824946,http_flood
9419,1781099995.826854,normal
9420,1781099995.828312,http_flood
9421,1781099995.829562,http_flood
9422,1781099995.831537,http_flood
9423,1781099995.832539,http_flood
9424,1781099995.834392,normal
9425,1781099995.835608,http_flood
9426,1781099995.837186,http_flood
9427,1781099995.838924,http_flood
9428,1781099995.840798,normal
9429,1781099995.842604,http_flood
9430,1781099995.844031,normal
9431,1781099995.845483,http_flood
9432,1781099995.846663,http_flood
9433,1781099995.848274,http_flood
9434,1781099995.849659,http_flood
9435,1781099995.851317,http_flood
9436,1781099995.852361,normal
9437,1781099995.854129,normal
9438,1781099995.855788,normal
9439,1781099995.857040,normal
9440,1781099995.859191,http_flood
9441,1781099995.861272,normal
9442,1781099995.862428,http_flood
9443,1781099995.864764,http_flood
9444,1781099995.866051,http_flood
9445,1781099995.867389,normal
9446,1781099995.868777,normal
9447,1781099995.871036,normal
9448,1781099995.873123,normal
9449,1781099995.874443,normal
9450,1781099995.875813,normal
9451,1781099995.877284,http_flood
9452,1781099995.879287,http_flood
9453,1781099995.881000,normal
9454,1781099995.882672,http_flood
9455,1781099995.884356,http_flood
9456,1781099995.885867,http_flood
9457,1781099995.888005,http_flood
9458,1781099995.889543,normal
9459,1781099995.890908,http_flood
9460,1781099995.892723,http_flood
9461,1781099995.895058,http_flood
9462,1781099995.897288,http_flood
9463,1781099995.898998,normal
9464,1781099995.900333,http_flood
9465,1781099995.902082,http_flood
9466,1781099995.903854,http_flood
9467,1781099995.905646,http_flood
9468,1781099995.907224,http_flood
9469,1781099995.908644,http_flood
9470,1781099995.910804,http_flood
9471,1781099995.912196,http_flood
9472,1781099995.913794,normal
9473,1781099995.915515,http_flood
9474,1781099995.916975,http_flood
9475,1781099995.918654,http_flood
9476,1781099995.920132,normal
9477,1781099995.921224,http_flood
9478,1781099995.922628,normal
9479,1781099995.924443,http_flood
9480,1781099995.926302,http_flood
9481,1781099995.927833,http_flood
9482,1781099995.929557,normal
9483,1781099995.931090,http_flood
9484,1781099995.932742,http_flood
9485,1781099995.934379,http_flood
9486,1781099995.935731,normal
9487,1781099995.938260,http_flood
9488,1781099995.939458,normal
9489,1781099995.941285,normal
9490,1781099995.942425,http_flood
9491,1781099995.944409,http_flood
9492,1781099995.946179,http_flood
9493,1781099995.947651,http_flood
9494,1781099995.949307,http_flood
9495,1781099995.950436,http_flood
9496,1781099995.952371,normal
9497,1781099995.954179,normal
9498,1781099995.956424,normal
9499,1781099995.958263,http_flood
9500,1781099995.959221,http_flood
9501,1781099995.960933,http_flood
9502,1781099995.962464,http_flood
9503,1781099995.963887,normal
9504,1781099995.965236,http_flood
9505,1781099995.967105,http_flood
9506,1781099995.968896,http_flood
9507,1781099995.970561,normal
9508,1781099995.972444,http_flood
9509,1781099995.974260,http_flood
9510,1781099995.975620,http_flood
9511,1781099995.977084,normal
9512,1781099995.979222,http_flood
9513,1781099995.980889,http_flood
9514,1781099995.982209,normal
9515,1781099995.983724,http_flood
9516,1781099995.985133,normal
9517,1781099995.986761,http_flood
9518,1781099995.988295,normal
9519,1781099995.990008,http_flood
9520,1781099995.992020,normal
9521,1781099995.993661,http_flood
9522,1781099995.994806,http_flood
9523,1781099995.996106,http_flood
9524,1781099995.997786,normal
9525,1781099995.998860,http_flood
9526,1781099995.999983,http_flood
9527,1781099996.001464,normal
9528,1781099996.002674,http_flood
9529,1781099996.004243,http_flood
9530,1781099996.006035,http_flood
9531,1781099996.007905,normal
9532,1781099996.009426,normal
9533,1781099996.011208,http_flood
9534,1781099996.012665,http_flood
9535,1781099996.014038,http_flood
9536,1781099996.015976,http_flood
9537,1781099996.017729,http_flood
9538,1781099996.019278,normal
9539,1781099996.020848,http_flood
9540,1781099996.022413,normal
9541,1781099996.023693,http_flood
9542,1781099996.025599,http_flood
9543,1781099996.027410,normal
9544,1781099996.029285,http_flood
9545,1781099996.031214,normal
9546,1781099996.033496,normal
9547,1781099996.035812,normal
9548,1781099996.037879,http_flood
9549,1781099996.039309,http_flood
9550,1781099996.041069,http_flood
9551,1781099996.042662,http_flood
9552,1781099996.044032,http_flood
9553,1781099996.045227,normal
9554,1781099996.046388,normal
9555,1781099996.047611,http_flood
9556,1781099996.050160,http_flood
9557,1781099996.051411,normal
9558,1781099996.053240,normal
9559,1781099996.055139,normal
9560,1781099996.057083,http_flood
9561,1781099996.059245,http_flood
9562,1781099996.061122,http_flood
9563,1781099996.062634,http_flood
9564,1781099996.064399,http_flood
9565,1781099996.066044,http_flood
9566,1781099996.067533,http_flood
9567,1781099996.069312,normal
9568,1781099996.070319,normal
9569,1781099996.071707,http_flood
9570,1781099996.073891,http_flood
9571,1781099996.075907,normal
9572,1781099996.077560,http_flood
9573,1781099996.079432,normal
9574,1781099996.081375,http_flood
9575,1781099996.082681,normal
9576,1781099996.084969,http_flood
9577,1781099996.086596,http_flood
9578,1781099996.087986,http_flood
9579,1781099996.089303,http_flood
9580,1781099996.090955,http_flood
9581,1781099996.092581,http_flood
9582,1781099996.093989,normal
9583,1781099996.095511,http_flood
9584,1781099996.097647,http_flood
9585,1781099996.098918,http_flood
9586,1781099996.100394,normal
9587,1781099996.102600,normal
9588,1781099996.104702,http_flood
9589,1781099996.106763,http_flood
9590,1781099996.108205,normal
9591,1781099996.110431,http_flood
9592,1781099996.111980,http_flood
9593,1781099996.113816,normal
9594,1781099996.114869,normal
9595,1781099996.116524,normal
9596,1781099996.118546,http_flood
9597,1781099996.120768,http_flood
9598,1781099996.122483,http_flood
9599,1781099996.123580,http_flood
9600,1781099996.125055,normal
9601,1781099996.126501,normal
9602,1781099996.127811,normal
9603,1781099996.129276,http_flood
9604,1781099996.131279,normal
9605,1781099996.133026,http_flood
9606,1781099996.135493,http_flood
9607,1781099996.136743,http_flood
9608,1781099996.138390,http_flood
9609,1781099996.139482,normal
9610,1781099996.140933,normal
9611,1781099996.142395,normal
9612,1781099996.143886,http_flood
9613,1781099996.145204,normal
9614,1781099996.146816,normal
9615,1781099996.148727,normal
9616,1781099996.150898,normal
9617,1781099996.152375,normal
9618,1781099996.153800,normal
9619,1781099996.155681,normal
9620,1781099996.157555,normal
9621,1781099996.159510,normal
9622,1781099996.160922,normal
9623,1781099996.162358,normal
9624,1781099996.163723,http_flood
9625,1781099996.165217,normal
9626,1781099996.167531,http_flood
9627,1781099996.169331,http_flood
9628,1781099996.171211,http_flood
9629,1781099996.174743,normal
9630,1781099996.176345,http_flood
9631,1781099996.178087,normal
9632,1781099996.179402,normal
9633,1781099996.181279,normal
9634,1781099996.183252,normal
9635,1781099996.185797,http_flood
9636,1781099996.187528,normal
9637,1781099996.189194,http_flood
9638,1781099996.190863,http_flood
9639,1781099996.192637,normal
9640,1781099996.194782,http_flood
9641,1781099996.196000,http_flood
9642,1781099996.197636,http_flood
9643,1781099996.199217,http_flood
9644,1781099996.200696,http_flood
9645,1781099996.202313,normal
9646,1781099996.203746,normal
9647,1781099996.205369,normal
9648,1781099996.206966,http_flood
9649,1781099996.208996,normal
9650,1781099996.210843,http_flood
9651,1781099996.212263,http_flood
9652,1781099996.213891,http_flood
9653,1781099996.215078,normal
9654,1781099996.216516,normal
9655,1781099996.218299,normal
9656,1781099996.220539,http_flood
9657,1781099996.222444,http_flood
9658,1781099996.224495,normal
9659,1781099996.225876,http_flood
9660,1781099996.227180,http_flood
9661,1781099996.228551,http_flood
9662,1781099996.230267,normal
9663,1781099996.231559,http_flood
9664,1781099996.232610,http_flood
9665,1781099996.234411,http_flood
9666,1781099996.236387,http_flood
9667,1781099996.238020,normal
9668,1781099996.239917,http_flood
9669,1781099996.241568,normal
9670,1781099996.243461,normal
9671,1781099996.245145,http_flood
9672,1781099996.246527,http_flood
9673,1781099996.247612,http_flood
9674,1781099996.248790,http_flood
9675,1781099996.250499,http_flood
9676,1781099996.252449,http_flood
9677,1781099996.254016,normal
9678,1781099996.256271,normal
9679,1781099996.258470,http_flood
9680,1781099996.260505,http_flood
9681,1781099996.262138,normal
9682,1781099996.263458,normal
9683,1781099996.265013,http_flood
9684,1781099996.267125,http_flood
9685,1781099996.268534,http_flood
9686,1781099996.270712,normal
9687,1781099996.272354,http_flood
9688,1781099996.273637,normal
9689,1781099996.275799,http_flood
9690,1781099996.277987,http_flood
9691,1781099996.279389,normal
9692,1781099996.281002,http_flood
9693,1781099996.282335,normal
9694,1781099996.283918,http_flood
9695,1781099996.285730,normal
9696,1781099996.287986,http_flood
9697,1781099996.289263,http_flood
9698,1781099996.291618,normal
9699,1781099996.292972,http_flood
9700,1781099996.295358,normal
9701,1781099996.296719,normal
9702,1781099996.298053,http_flood
9703,1781099996.300327,normal
9704,1781099996.301909,http_flood
9705,1781099996.304346,http_flood
9706,1781099996.305898,http_flood
9707,1781099996.307563,http_flood
9708,1781099996.310041,normal
9709,1781099996.311318,normal
9710,1781099996.312888,normal
9711,1781099996.314211,normal
9712,1781099996.315975,http_flood
9713,1781099996.318664,http_flood
9714,1781099996.320318,http_flood
9715,1781099996.321844,http_flood
9716,1781099996.323022,normal
9717,1781099996.324866,http_flood
9718,1781099996.326986,http_flood
9719,1781099996.328844,normal
9720,1781099996.330448,http_flood
9721,1781099996.332709,normal
9722,1781099996.333676,http_flood
9723,1781099996.335214,http_flood
9724,1781099996.336728,normal
9725,1781099996.338051,http_flood
9726,1781099996.339993,http_flood
9727,1781099996.341758,http_flood
9728,1781099996.343321,http_flood
9729,1781099996.344939,http_flood
9730,1781099996.346538,http_flood
9731,1781099996.348213,http_flood
9732,1781099996.349737,normal
9733,1781099996.351591,normal
9734,1781099996.353255,http_flood
9735,1781099996.354737,normal
9736,1781099996.356364,http_flood
9737,1781099996.358623,normal
9738,1781099996.360548,normal
9739,1781099996.362536,http_flood
9740,1781099996.365159,http_flood
9741,1781099996.366771,http_flood
9742,1781099996.367799,normal
9743,1781099996.369403,http_flood
9744,1781099996.371136,normal
9745,1781099996.372658,http_flood
9746,1781099996.374257,http_flood
9747,1781099996.376521,http_flood
9748,1781099996.377985,normal
9749,1781099996.379795,normal
9750,1781099996.382639,http_flood
9751,1781099996.384190,http_flood
9752,1781099996.385837,normal
9753,1781099996.387564,http_flood
9754,1781099996.389597,normal
9755,1781099996.391620,http_flood
9756,1781099996.393092,normal
9757,1781099996.395122,http_flood
9758,1781099996.396981,http_flood
9759,1781099996.398652,http_flood
9760,1781099996.400404,http_flood
9761,1781099996.402677,http_flood
9762,1781099996.405225,normal
9763,1781099996.407450,normal
9764,1781099996.408719,normal
9765,1781099996.410561,http_flood
9766,1781099996.412338,normal
9767,1781099996.413933,http_flood
9768,1781099996.416116,http_flood
9769,1781099996.418400,http_flood
9770,1781099996.420377,http_flood
9771,1781099996.422339,normal
9772,1781099996.424866,http_flood
9773,1781099996.427530,normal
9774,1781099996.429005,normal
9775,1781099996.430113,http_flood
9776,1781099996.431605,http_flood
9777,1781099996.433470,http_flood
9778,1781099996.435135,http_flood
9779,1781099996.436428,normal
9780,1781099996.438229,http_flood
9781,1781099996.439375,http_flood
9782,1781099996.441893,http_flood
9783,1781099996.443048,http_flood
9784,1781099996.444346,http_flood
9785,1781099996.446653,http_flood
9786,1781099996.448804,normal
9787,1781099996.450982,normal
9788,1781099996.454471,http_flood
9789,1781099996.456070,http_flood
9790,1781099996.458084,http_flood
9791,1781099996.460344,http_flood
9792,1781099996.461899,normal
9793,1781099996.464063,http_flood
9794,1781099996.465980,http_flood
9795,1781099996.468002,http_flood
9796,1781099996.469651,normal
9797,1781099996.471461,normal
9798,1781099996.473761,normal
9799,1781099996.476434,http_flood
9800,1781099996.478243,http_flood
9801,1781099996.480644,normal
9802,1781099996.482636,normal
9803,1781099996.483922,normal
9804,1781099996.485988,normal
9805,1781099996.487694,normal
9806,1781099996.489405,normal
9807,1781099996.490969,normal
9808,1781099996.492426,normal
9809,1781099996.494038,http_flood
9810,1781099996.495869,normal
9811,1781099996.497609,normal
9812,1781099996.500053,http_flood
9813,1781099996.501682,normal
9814,1781099996.503231,normal
9815,1781099996.505308,normal
9816,1781099996.507067,http_flood
9817,1781099996.509095,http_flood
9818,1781099996.511224,http_flood
9819,1781099996.513407,http_flood
9820,1781099996.515194,normal
9821,1781099996.517055,http_flood
9822,1781099996.518930,http_flood
9823,1781099996.521064,http_flood
9824,1781099996.522956,http_flood
9825,1781099996.524728,http_flood
9826,1781099996.526514,http_flood
9827,1781099996.528037,normal
9828,1781099996.529420,http_flood
9829,1781099996.531563,normal
9830,1781099996.533584,http_flood
9831,1781099996.535145,http_flood
9832,1781099996.536674,http_flood
9833,1781099996.539181,normal
9834,1781099996.540560,http_flood
9835,1781099996.542078,normal
9836,1781099996.543245,http_flood
9837,1781099996.544709,normal
9838,1781099996.548178,normal
9839,1781099996.549683,http_flood
9840,1781099996.551282,normal
9841,1781099996.553022,http_flood
9842,1781099996.554234,http_flood
9843,1781099996.555527,http_flood
9844,1781099996.557190,normal
9845,1781099996.559510,http_flood
9846,1781099996.561393,http_flood
9847,1781099996.563358,http_flood
9848,1781099996.564700,http_flood
9849,1781099996.566773,normal
9850,1781099996.568685,http_flood
9851,1781099996.570445,normal
9852,1781099996.571873,http_flood
9853,1781099996.574377,http_flood
9854,1781099996.576362,http_flood
9855,1781099996.578444,normal
9856,1781099996.581146,http_flood
9857,1781099996.582281,http_flood
9858,1781099996.584388,normal
9859,1781099996.586442,http_flood
9860,1781099996.587860,normal
9861,1781099996.589959,http_flood
9862,1781099996.591850,http_flood
9863,1781099996.593483,http_flood
9864,1781099996.595536,http_flood
9865,1781099996.597044,normal
9866,1781099996.598627,http_flood
9867,1781099996.599842,http_flood
9868,1781099996.602417,normal
9869,1781099996.604109,http_flood
9870,1781099996.606139,http_flood
9871,1781099996.608426,normal
9872,1781099996.610251,http_flood
9873,1781099996.611513,http_flood
9874,1781099996.613832,http_flood
9875,1781099996.615953,http_flood
9876,1781099996.617595,normal
9877,1781099996.619757,normal
9878,1781099996.622038,http_flood
9879,1781099996.623883,http_flood
9880,1781099996.625737,normal
9881,1781099996.627654,normal
9882,1781099996.628913,normal
9883,1781099996.630634,http_flood
9884,1781099996.633021,http_flood
9885,1781099996.634733,http_flood
9886,1781099996.636614,http_flood
9887,1781099996.638061,http_flood
9888,1781099996.639525,http_flood
9889,1781099996.641237,http_flood
9890,1781099996.642570,http_flood
9891,1781099996.644448,http_flood
9892,1781099996.646177,http_flood
9893,1781099996.648144,http_flood
9894,1781099996.650979,http_flood
9895,1781099996.653722,normal
9896,1781099996.655093,http_flood
9897,1781099996.657062,http_flood
9898,1781099996.659293,normal
9899,1781099996.660538,http_flood
9900,1781099996.662788,http_flood
9901,1781099996.664138,http_flood
9902,1781099996.666440,normal
9903,1781099996.668409,normal
9904,1781099996.670714,normal
9905,1781099996.672925,http_flood
9906,1781099996.675100,http_flood
9907,1781099996.676743,http_flood
9908,1781099996.678076,normal
9909,1781099996.680048,http_flood
9910,1781099996.681735,normal
9911,1781099996.683367,normal
9912,1781099996.685688,http_flood
9913,1781099996.687991,http_flood
9914,1781099996.689756,normal
9915,1781099996.691130,normal
9916,1781099996.693031,http_flood
9917,1781099996.694485,http_flood
9918,1781099996.696882,http_flood
9919,1781099996.699466,http_flood
9920,1781099996.701677,normal
9921,1781099996.703257,normal
9922,1781099996.704722,normal
9923,1781099996.706535,http_flood
9924,1781099996.708456,normal
9925,1781099996.710018,normal
9926,1781099996.711870,http_flood
9927,1781099996.714030,http_flood
9928,1781099996.715388,http_flood
9929,1781099996.717294,normal
9930,1781099996.718572,normal
9931,1781099996.720423,http_flood
9932,1781099996.722145,normal
9933,1781099996.724850,http_flood
9934,1781099996.727237,http_flood
9935,1781099996.729150,normal
9936,1781099996.731200,http_flood
9937,1781099996.733136,normal
9938,1781099996.734609,http_flood
9939,1781099996.736182,http_flood
9940,1781099996.737954,http_flood
9941,1781099996.740122,normal
9942,1781099996.741820,http_flood
9943,1781099996.743371,normal
9944,1781099996.744989,http_flood
9945,1781099996.746774,normal
9946,1781099996.748584,http_flood
9947,1781099996.750843,normal
9948,1781099996.752581,normal
9949,1781099996.753875,normal
9950,1781099996.755620,http_flood
9951,1781099996.757302,normal
9952,1781099996.758931,http_flood
9953,1781099996.760925,normal
9954,1781099996.762674,http_flood
9955,1781099996.764870,normal
9956,1781099996.767158,normal
9957,1781099996.769018,normal
9958,1781099996.770625,http_flood
9959,1781099996.772918,normal
9960,1781099996.774464,http_flood
9961,1781099996.776196,normal
9962,1781099996.777627,normal
9963,1781099996.779835,http_flood
9964,1781099996.781706,normal
9965,1781099996.783404,normal
9966,1781099996.785357,normal
9967,1781099996.786671,http_flood
9968,1781099996.788473,http_flood
9969,1781099996.790055,normal
9970,1781099996.791773,http_flood
9971,1781099996.795161,normal
9972,1781099996.797262,normal
9973,1781099996.798942,normal
9974,1781099996.800679,normal
9975,1781099996.802574,normal
9976,1781099996.804159,normal
9977,1781099996.806797,normal
9978,1781099996.808523,normal
9979,1781099996.810361,normal
9980,1781099996.812158,normal
9981,1781099996.813775,normal
9982,1781099996.815842,normal
9983,1781099996.817347,normal
9984,1781099996.818957,http_flood
9985,1781099996.820425,normal
9986,1781099996.822011,http_flood
9987,1781099996.823623,http_flood
9988,1781099996.826021,http_flood
9989,1781099996.827635,http_flood
9990,1781099996.829087,normal
9991,1781099996.830843,http_flood
9992,1781099996.832437,normal
9993,1781099996.834090,http_flood
9994,1781099996.835924,http_flood
9995,1781099996.837970,http_flood
9996,1781099996.839908,normal
9997,1781099996.841717,http_flood
9998,1781099996.843223,http_flood
9999,1781099996.845641,normal
10000,1781099996.847089,http_flood
10001,1781099996.849591,http_flood
10002,1781099996.851582,normal
10003,1781099996.853129,http_flood
10004,1781099996.854989,normal
10005,1781099996.856537,normal
10006,1781099996.858475,http_flood
10007,1781099996.860982,http_flood
10008,1781099996.863542,http_flood
10009,1781099996.865367,http_flood
10010,1781099996.867562,http_flood
10011,1781099996.869156,http_flood
10012,1781099996.871518,normal
10013,1781099996.873321,normal
10014,1781099996.876052,normal
10015,1781099996.877937,http_flood
10016,1781099996.879869,normal
10017,1781099996.881414,http_flood
10018,1781099996.883855,normal
10019,1781099996.886100,http_flood
10020,1781099996.888266,normal
10021,1781099996.890168,normal
10022,1781099996.892640,http_flood
10023,1781099996.894405,http_flood
10024,1781099996.896529,normal
10025,1781099996.897977,http_flood
10026,1781099996.899548,http_flood
10027,1781099996.901615,http_flood
10028,1781099996.903757,http_flood
10029,1781099996.906308,http_flood
10030,1781099996.908781,normal
10031,1781099996.910542,http_flood
10032,1781099996.912000,http_flood
10033,1781099996.914000,http_flood
10034,1781099996.916106,normal
10035,1781099996.917913,http_flood
10036,1781099996.919213,http_flood
10037,1781099996.921136,normal
10038,1781099996.924550,normal
10039,1781099996.925833,http_flood
10040,1781099996.927878,normal
10041,1781099996.930103,normal
10042,1781099996.931608,http_flood
10043,1781099996.934122,normal
10044,1781099996.935848,normal
10045,1781099996.938371,normal
10046,1781099996.940596,http_flood
10047,1781099996.942197,normal
10048,1781099996.944074,http_flood
10049,1781099996.945733,http_flood
10050,1781099996.948056,normal
10051,1781099996.950662,http_flood
10052,1781099996.952114,http_flood
10053,1781099996.954676,normal
10054,1781099996.957336,http_flood
10055,1781099996.958453,http_flood
10056,1781099996.960937,http_flood
10057,1781099996.962614,http_flood
10058,1781099996.965474,http_flood
10059,1781099996.967157,http_flood
10060,1781099996.969076,http_flood
10061,1781099996.971239,normal
10062,1781099996.972991,normal
10063,1781099996.975535,normal
10064,1781099996.977566,http_flood
10065,1781099996.979753,normal
10066,1781099996.981368,normal
10067,1781099996.983376,normal
10068,1781099996.986073,http_flood
10069,1781099996.987427,normal
10070,1781099996.989229,http_flood
10071,1781099996.990450,http_flood
10072,1781099996.993333,normal
10073,1781099996.995049,normal
10074,1781099996.997201,http_flood
10075,1781099996.999881,http_flood
10076,1781099997.001826,normal
10077,1781099997.003803,normal
10078,1781099997.005630,normal
10079,1781099997.007919,normal
10080,1781099997.010019,normal
10081,1781099997.011373,http_flood
10082,1781099997.013322,http_flood
10083,1781099997.016187,http_flood
10084,1781099997.018152,http_flood
10085,1781099997.020010,normal
10086,1781099997.022318,http_flood
10087,1781099997.024562,normal
10088,1781099997.026200,normal
10089,1781099997.028640,http_flood
10090,1781099997.030744,normal
10091,1781099997.032295,http_flood
10092,1781099997.034331,normal
10093,1781099997.036209,normal
10094,1781099997.038697,http_flood
10095,1781099997.040193,http_flood
10096,1781099997.042086,normal
10097,1781099997.043985,normal
10098,1781099997.046288,normal
10099,1781099997.047418,http_flood
10100,1781099997.049305,http_flood
10101,1781099997.051823,normal
10102,1781099997.053278,normal
10103,1781099997.054893,normal
10104,1781099997.057973,http_flood
10105,1781099997.060411,http_flood
10106,1781099997.062601,normal
10107,1781099997.064069,normal
10108,1781099997.066563,normal
10109,1781099997.068791,normal
10110,1781099997.070732,normal
10111,1781099997.072694,http_flood
10112,1781099997.074843,http_flood
10113,1781099997.077340,http_flood
10114,1781099997.079307,http_flood
10115,1781099997.080664,normal
10116,1781099997.082987,http_flood
10117,1781099997.084845,normal
10118,1781099997.087047,http_flood
10119,1781099997.088655,http_flood
10120,1781099997.090561,normal
10121,1781099997.092159,normal
10122,1781099997.094091,http_flood
10123,1781099997.095494,normal
10124,1781099997.097203,http_flood
10125,1781099997.099267,http_flood
10126,1781099997.101444,normal
10127,1781099997.103472,http_flood
10128,1781099997.106650,normal
10129,1781099997.108755,normal
10130,1781099997.109805,http_flood
10131,1781099997.111795,normal
10132,1781099997.113844,http_flood
10133,1781099997.115400,normal
10134,1781099997.117264,http_flood
10135,1781099997.119566,http_flood
10136,1781099997.121665,normal
10137,1781099997.124296,normal
10138,1781099997.125569,http_flood
10139,1781099997.127757,http_flood
10140,1781099997.129472,normal
10141,1781099997.130921,normal
10142,1781099997.132988,normal
10143,1781099997.135174,http_flood
10144,1781099997.137567,normal
10145,1781099997.140793,normal
10146,1781099997.142729,normal
10147,1781099997.144418,normal
10148,1781099997.146386,http_flood
10149,1781099997.148230,http_flood
10150,1781099997.149943,http_flood
10151,1781099997.151763,normal
10152,1781099997.154971,http_flood
10153,1781099997.156516,http_flood
10154,1781099997.158954,normal
10155,1781099997.160662,http_flood
10156,1781099997.161584,normal
10157,1781099997.163570,http_flood
10158,1781099997.165264,http_flood
10159,1781099997.167709,normal
10160,1781099997.170221,http_flood
10161,1781099997.172900,normal
10162,1781099997.174657,http_flood
10163,1781099997.177461,http_flood
10164,1781099997.179315,normal
10165,1781099997.181733,http_flood
10166,1781099997.183723,http_flood
10167,1781099997.185386,http_flood
10168,1781099997.187794,http_flood
10169,1781099997.190144,http_flood
10170,1781099997.191682,http_flood
10171,1781099997.193992,normal
10172,1781099997.195526,normal
10173,1781099997.197514,normal
10174,1781099997.199442,http_flood
10175,1781099997.202429,normal
10176,1781099997.203881,http_flood
10177,1781099997.206024,http_flood
10178,1781099997.207793,http_flood
10179,1781099997.209132,normal
10180,1781099997.211060,http_flood
10181,1781099997.212883,http_flood
10182,1781099997.214819,http_flood
10183,1781099997.216815,normal
10184,1781099997.218552,normal
10185,1781099997.221083,http_flood
10186,1781099997.222871,http_flood
10187,1781099997.225080,http_flood
10188,1781099997.227043,http_flood
10189,1781099997.229753,normal
10190,1781099997.231740,normal
10191,1781099997.233823,http_flood
10192,1781099997.236007,http_flood
10193,1781099997.238204,http_flood
10194,1781099997.240391,http_flood
10195,1781099997.242499,http_flood
10196,1781099997.244445,http_flood
10197,1781099997.246928,normal
10198,1781099997.249629,normal
10199,1781099997.251485,normal
10200,1781099997.253638,normal
10201,1781099997.255418,http_flood
10202,1781099997.257931,normal
10203,1781099997.259736,http_flood
10204,1781099997.261783,normal
10205,1781099997.264443,normal
10206,1781099997.266244,http_flood
10207,1781099997.267516,http_flood
10208,1781099997.269265,normal
10209,1781099997.271408,http_flood
10210,1781099997.274044,normal
10211,1781099997.275734,http_flood
10212,1781099997.277630,normal
10213,1781099997.280044,normal
10214,1781099997.281462,http_flood
10215,1781099997.283409,normal
10216,1781099997.285957,normal
10217,1781099997.287658,http_flood
10218,1781099997.289939,normal
10219,1781099997.292243,http_flood
10220,1781099997.294286,normal
10221,1781099997.295879,normal
10222,1781099997.297870,http_flood
10223,1781099997.299881,http_flood
10224,1781099997.301453,http_flood
10225,1781099997.303715,normal
10226,1781099997.305716,normal
10227,1781099997.307629,http_flood
10228,1781099997.310081,normal
10229,1781099997.311639,http_flood
10230,1781099997.313224,normal
10231,1781099997.315572,http_flood
10232,1781099997.317765,normal
10233,1781099997.321016,http_flood
10234,1781099997.322851,http_flood
10235,1781099997.325624,http_flood
10236,1781099997.327536,http_flood
10237,1781099997.330472,http_flood
10238,1781099997.332337,normal
10239,1781099997.334219,normal
10240,1781099997.336258,normal
10241,1781099997.338098,normal
10242,1781099997.339655,http_flood
10243,1781099997.341752,http_flood
10244,1781099997.343419,normal
10245,1781099997.346021,http_flood
10246,1781099997.348279,normal
10247,1781099997.349849,normal
10248,1781099997.352418,normal
10249,1781099997.354072,normal
10250,1781099997.356119,http_flood
10251,1781099997.358597,normal
10252,1781099997.360853,normal
10253,1781099997.362777,http_flood
10254,1781099997.365119,http_flood
10255,1781099997.367723,http_flood
10256,1781099997.369475,normal
10257,1781099997.371121,http_flood
10258,1781099997.372795,http_flood
10259,1781099997.374378,normal
10260,1781099997.376163,normal
10261,1781099997.378128,http_flood
10262,1781099997.380125,normal
10263,1781099997.382483,http_flood
10264,1781099997.385345,normal
10265,1781099997.386979,http_flood
10266,1781099997.389944,normal
10267,1781099997.391990,http_flood
10268,1781099997.394212,normal
10269,1781099997.396340,normal
10270,1781099997.398249,normal
10271,1781099997.400017,http_flood
10272,1781099997.402246,http_flood
10273,1781099997.404360,http_flood
10274,1781099997.406161,http_flood
10275,1781099997.409629,http_flood
10276,1781099997.411968,http_flood
10277,1781099997.413862,http_flood
10278,1781099997.415948,http_flood
10279,1781099997.418180,normal
10280,1781099997.420193,normal
10281,1781099997.422253,normal
10282,1781099997.424072,http_flood
10283,1781099997.425924,http_flood
10284,1781099997.428005,http_flood
10285,1781099997.429946,http_flood
10286,1781099997.432744,http_flood
10287,1781099997.435513,http_flood
10288,1781099997.437067,normal
10289,1781099997.439038,http_flood
10290,1781099997.442302,http_flood
10291,1781099997.444567,http_flood
10292,1781099997.446991,http_flood
10293,1781099997.449865,normal
10294,1781099997.451901,normal
10295,1781099997.454202,http_flood
10296,1781099997.456437,http_flood
10297,1781099997.458779,http_flood
10298,1781099997.461933,http_flood
10299,1781099997.464376,normal
10300,1781099997.465890,normal
10301,1781099997.467572,normal
10302,1781099997.469514,http_flood
10303,1781099997.471979,http_flood
10304,1781099997.473721,normal
10305,1781099997.476193,normal
10306,1781099997.478770,normal
10307,1781099997.480569,http_flood
10308,1781099997.484398,http_flood
10309,1781099997.486040,normal
10310,1781099997.488544,normal
10311,1781099997.490265,normal
10312,1781099997.492044,http_flood
10313,1781099997.494291,normal
10314,1781099997.497096,normal
10315,1781099997.499118,http_flood
10316,1781099997.501149,http_flood
10317,1781099997.503836,normal
10318,1781099997.506367,normal
10319,1781099997.508433,normal
10320,1781099997.510639,http_flood
10321,1781099997.512522,http_flood
10322,1781099997.514811,http_flood
10323,1781099997.517826,http_flood
10324,1781099997.519713,http_flood
10325,1781099997.521927,http_flood
10326,1781099997.524158,normal
10327,1781099997.525912,http_flood
10328,1781099997.527950,normal
10329,1781099997.530411,http_flood
10330,1781099997.532018,normal
10331,1781099997.534707,http_flood
10332,1781099997.536882,normal
10333,1781099997.539473,normal
10334,1781099997.541273,normal
10335,1781099997.543598,normal
10336,1781099997.545585,normal
10337,1781099997.547741,http_flood
10338,1781099997.549692,http_flood
10339,1781099997.551176,http_flood
10340,1781099997.553035,http_flood
10341,1781099997.555657,http_flood
10342,1781099997.558122,normal
10343,1781099997.559823,normal
10344,1781099997.561417,normal
10345,1781099997.563285,normal
10346,1781099997.565468,normal
10347,1781099997.567355,http_flood
10348,1781099997.569404,http_flood
10349,1781099997.572157,normal
10350,1781099997.574156,http_flood
10351,1781099997.576843,http_flood
10352,1781099997.578662,normal
10353,1781099997.580650,http_flood
10354,1781099997.582187,http_flood
10355,1781099997.584940,normal
10356,1781099997.587365,http_flood
10357,1781099997.589637,normal
10358,1781099997.591651,normal
10359,1781099997.594400,normal
10360,1781099997.596900,http_flood
10361,1781099997.599159,http_flood
10362,1781099997.601156,http_flood
10363,1781099997.603950,http_flood
10364,1781099997.605606,http_flood
10365,1781099997.608480,normal
10366,1781099997.611143,normal
10367,1781099997.613667,normal
10368,1781099997.615925,normal
10369,1781099997.618138,http_flood
10370,1781099997.620089,http_flood
10371,1781099997.622458,normal
10372,1781099997.623768,normal
10373,1781099997.625262,normal
10374,1781099997.628083,normal
10375,1781099997.630236,http_flood
10376,1781099997.632633,normal
10377,1781099997.634317,http_flood
10378,1781099997.636019,http_flood
10379,1781099997.637744,http_flood
10380,1781099997.639573,http_flood
10381,1781099997.641593,normal
10382,1781099997.643792,normal
10383,1781099997.645485,normal
10384,1781099997.647376,normal
10385,1781099997.649553,http_flood
10386,1781099997.651277,http_flood
10387,1781099997.653366,normal
10388,1781099997.655453,normal
10389,1781099997.658568,http_flood
10390,1781099997.661458,http_flood
10391,1781099997.664106,http_flood
10392,1781099997.666405,http_flood
10393,1781099997.667869,normal
10394,1781099997.669979,http_flood
10395,1781099997.672306,http_flood
10396,1781099997.675219,normal
10397,1781099997.676896,normal
10398,1781099997.678697,normal
10399,1781099997.680994,normal
10400,1781099997.683388,normal
10401,1781099997.687179,normal
10402,1781099997.689045,http_flood
10403,1781099997.690746,http_flood
10404,1781099997.693496,normal
10405,1781099997.695137,normal
10406,1781099997.697475,http_flood
10407,1781099997.699674,http_flood
10408,1781099997.701464,normal
10409,1781099997.703983,http_flood
10410,1781099997.706590,normal
10411,1781099997.709270,normal
10412,1781099997.711280,normal
10413,1781099997.713530,normal
10414,1781099997.716373,normal
10415,1781099997.719482,normal
10416,1781099997.721967,http_flood
10417,1781099997.723912,http_flood
10418,1781099997.726203,http_flood
10419,1781099997.729113,normal
10420,1781099997.731806,http_flood
10421,1781099997.733990,normal
10422,1781099997.736116,http_flood
10423,1781099997.738430,http_flood
10424,1781099997.740408,http_flood
10425,1781099997.742790,http_flood
10426,1781099997.745270,normal
10427,1781099997.748041,normal
10428,1781099997.750415,http_flood
10429,1781099997.752884,http_flood
10430,1781099997.755804,http_flood
10431,1781099997.757191,http_flood
10432,1781099997.758763,http_flood
10433,1781099997.761727,normal
10434,1781099997.764581,http_flood
10435,1781099997.766608,normal
10436,1781099997.769246,normal
10437,1781099997.772202,normal
10438,1781099997.774151,http_flood
10439,1781099997.776525,normal
10440,1781099997.778185,normal
10441,1781099997.780266,http_flood
10442,1781099997.782578,normal
10443,1781099997.785165,http_flood
10444,1781099997.787399,normal
10445,1781099997.789331,normal
10446,1781099997.790998,normal
10447,1781099997.793330,normal
10448,1781099997.795815,normal
10449,1781099997.798482,http_flood
10450,1781099997.800581,http_flood
10451,1781099997.802079,normal
10452,1781099997.804342,normal
10453,1781099997.806487,http_flood
10454,1781099997.808498,http_flood
10455,1781099997.811353,normal
10456,1781099997.815044,http_flood
10457,1781099997.816575,http_flood
10458,1781099997.818612,http_flood
10459,1781099997.820655,http_flood
10460,1781099997.823194,normal
10461,1781099997.826593,normal
10462,1781099997.828352,normal
10463,1781099997.832439,normal
10464,1781099997.834436,normal
10465,1781099997.836205,http_flood
10466,1781099997.838191,http_flood
10467,1781099997.840260,http_flood
10468,1781099997.842713,http_flood
10469,1781099997.844898,http_flood
10470,1781099997.846329,normal
10471,1781099997.847906,http_flood
10472,1781099997.850271,http_flood
10473,1781099997.852666,http_flood
10474,1781099997.855659,normal
10475,1781099997.857970,http_flood
10476,1781099997.859620,normal
10477,1781099997.862438,http_flood
10478,1781099997.864820,http_flood
10479,1781099997.867891,normal
10480,1781099997.870278,http_flood
10481,1781099997.872312,http_flood
10482,1781099997.874265,http_flood
10483,1781099997.876706,http_flood
10484,1781099997.878549,normal
10485,1781099997.881008,http_flood
10486,1781099997.883011,normal
10487,1781099997.885888,normal
10488,1781099997.888321,normal
10489,1781099997.890427,normal
10490,1781099997.891790,normal
10491,1781099997.893762,normal
10492,1781099997.895991,http_flood
