packet_index,timestamp,label
0,1781099972.734540,http_flood
1,1781099972.736605,normal
2,1781099972.737759,normal
3,1781099972.739172,syn_flood
4,1781099972.740211,normal
5,1781099972.741946,normal
6,1781099972.743708,normal
7,1781099972.745020,normal
8,1781099972.746994,syn_flood
9,1781099972.748807,syn_flood
10,1781099972.750765,normal
11,1781099972.752858,http_flood
12,1781099972.754771,normal
13,1781099972.757690,normal
14,1781099972.759583,normal
15,1781099972.761887,normal
16,1781099972.763310,normal
17,1781099972.765014,normal
18,1781099972.766302,normal
19,1781099972.767511,normal
20,1781099972.769475,normal
21,1781099972.770812,normal
22,1781099972.771995,normal
23,1781099972.773920,normal
24,1781099972.776310,normal
25,1781099972.778728,syn_flood
26,1781099972.780450,normal
27,1781099972.782369,normal
28,1781099972.783319,syn_flood
29,1781099972.784409,syn_flood
30,1781099972.785856,udp_reflection
31,1781099972.787015,syn_flood
32,1781099972.789571,udp_reflection
33,1781099972.791151,normal
34,1781099972.792801,normal
35,1781099972.793962,normal
36,1781099972.795088,normal
37,1781099972.796738,normal
38,1781099972.798341,normal
39,1781099972.800287,normal
40,1781099972.801573,normal
41,1781099972.802928,syn_flood
42,1781099972.804694,normal
43,1781099972.806766,normal
44,1781099972.808463,udp_reflection
45,1781099972.810495,normal
46,1781099972.811737,syn_flood
47,1781099972.813728,normal
48,1781099972.814894,normal
49,1781099972.817156,normal
50,1781099972.819568,normal
51,1781099972.821303,normal
52,1781099972.822786,normal
53,1781099972.824336,normal
54,1781099972.826270,syn_flood
55,1781099972.827589,normal
56,1781099972.829615,normal
57,1781099972.831248,syn_flood
58,1781099972.832650,normal
59,1781099972.834033,normal
60,1781099972.835817,syn_flood
61,1781099972.837441,http_flood
62,1781099972.839615,udp_reflection
63,1781099972.841848,syn_flood
64,1781099972.843428,udp_reflection
65,1781099972.844736,syn_flood
66,1781099972.846146,normal
67,1781099972.847635,normal
68,1781099972.849338,normal
69,1781099972.851107,normal
70,1781099972.852768,normal
71,1781099972.854962,normal
72,1781099972.856654,normal
73,1781099972.858604,syn_flood
74,1781099972.860425,normal
75,1781099972.861923,normal
76,1781099972.863878,normal
77,1781099972.865691,normal
78,1781099972.867847,normal
79,1781099972.869188,syn_flood
80,1781099972.870641,normal
81,1781099972.872333,normal
82,1781099972.873679,normal
83,1781099972.875738,normal
84,1781099972.877303,udp_reflection
85,1781099972.879444,normal
86,1781099972.881893,normal
87,1781099972.884123,syn_flood
88,1781099972.885561,normal
89,1781099972.886983,normal
90,1781099972.888826,normal
91,1781099972.890425,normal
92,1781099972.891590,normal
93,1781099972.893095,normal
94,1781099972.894631,normal
95,1781099972.896389,normal
96,1781099972.898040,syn_flood
97,1781099972.899383,http_flood
98,1781099972.900256,normal
99,1781099972.901773,normal
100,1781099972.903568,normal
101,1781099972.904755,syn_flood
102,1781099972.906336,normal
103,1781099972.907560,normal
104,1781099972.909160,normal
105,1781099972.910802,normal
106,1781099972.911751,syn_flood
107,1781099972.913124,normal
108,1781099972.915279,normal
109,1781099972.916888,normal
110,1781099972.918023,normal
111,1781099972.919200,normal
112,1781099972.921344,normal
113,1781099972.923153,normal
114,1781099972.925171,normal
115,1781099972.926693,normal
116,1781099972.928132,syn_flood
117,1781099972.929862,syn_flood
118,1781099972.931888,normal
119,1781099972.933227,normal
120,1781099972.934506,normal
121,1781099972.937306,normal
122,1781099972.938634,normal
123,1781099972.940406,normal
124,1781099972.941889,normal
125,1781099972.943050,normal
126,1781099972.944383,normal
127,1781099972.945954,normal
128,1781099972.946945,normal
129,1781099972.949355,normal
130,1781099972.951235,normal
131,1781099972.952998,normal
132,1781099972.954856,normal
133,1781099972.956596,normal
134,1781099972.958305,normal
135,1781099972.960967,normal
136,1781099972.962765,normal
137,1781099972.964551,syn_flood
138,1781099972.966336,syn_flood
139,1781099972.967531,syn_flood
140,1781099972.969481,normal
141,1781099972.971811,normal
142,1781099972.973938,normal
143,1781099972.976021,normal
144,1781099972.977540,normal
145,1781099972.978786,udp_reflection
146,1781099972.981244,normal
147,1781099972.982854,normal
148,1781099972.984388,normal
149,1781099972.986349,normal
150,1781099972.988309,normal
151,1781099972.990234,normal
152,1781099972.991596,normal
153,1781099972.993249,normal
154,1781099972.994676,normal
155,1781099972.996753,normal
156,1781099972.998782,http_flood
157,1781099973.000304,http_flood
158,1781099973.001651,normal
159,1781099973.003265,udp_reflection
160,1781099973.004965,normal
161,1781099973.006480,normal
162,1781099973.008046,normal
163,1781099973.009835,normal
164,1781099973.011661,syn_flood
165,1781099973.013220,normal
166,1781099973.015018,normal
167,1781099973.016151,normal
168,1781099973.017654,normal
169,1781099973.019242,http_flood
170,1781099973.020495,udp_reflection
171,1781099973.022320,normal
172,1781099973.023990,normal
173,1781099973.025529,syn_flood
174,1781099973.027315,normal
175,1781099973.029913,syn_flood
176,1781099973.031185,normal
177,1781099973.033511,normal
178,1781099973.036273,normal
179,1781099973.037719,syn_flood
180,1781099973.039149,udp_reflection
181,1781099973.041030,syn_flood
182,1781099973.042642,syn_flood
183,1781099973.044161,http_flood
184,1781099973.045663,normal
185,1781099973.046977,syn_flood
186,1781099973.048797,normal
187,1781099973.050152,normal
188,1781099973.051824,syn_flood
189,1781099973.053435,normal
190,1781099973.055961,normal
191,1781099973.057617,normal
192,1781099973.059756,normal
193,1781099973.061646,normal
194,1781099973.062770,udp_reflection
195,1781099973.064705,syn_flood
196,1781099973.066403,normal
197,1781099973.068123,normal
198,1781099973.069927,syn_flood
199,1781099973.071922,normal
200,1781099973.073895,normal
201,1781099973.075579,normal
202,1781099973.076895,syn_flood
203,1781099973.079103,normal
204,1781099973.080871,udp_reflection
205,1781099973.082818,udp_reflection
206,1781099973.084137,syn_flood
207,1781099973.085587,normal
208,1781099973.087107,normal
209,1781099973.088949,normal
210,1781099973.090750,syn_flood
211,1781099973.092442,normal
212,1781099973.094194,normal
213,1781099973.096070,normal
214,1781099973.097491,normal
215,1781099973.099017,normal
216,1781099973.101419,normal
217,1781099973.103272,normal
218,1781099973.105062,normal
219,1781099973.106668,normal
220,1781099973.108571,normal
221,1781099973.110659,syn_flood
222,1781099973.112303,normal
223,1781099973.113968,syn_flood
224,1781099973.116877,normal
225,1781099973.119016,normal
226,1781099973.120138,normal
227,1781099973.121842,normal
228,1781099973.123746,normal
229,1781099973.125630,normal
230,1781099973.127074,normal
231,1781099973.128699,normal
232,1781099973.130837,normal
233,1781099973.133680,syn_flood
234,1781099973.134840,syn_flood
235,1781099973.137278,normal
236,1781099973.139020,normal
237,1781099973.141212,normal
238,1781099973.142303,normal
239,1781099973.143655,syn_flood
240,1781099973.145425,normal
241,1781099973.146954,normal
242,1781099973.148320,syn_flood
243,1781099973.150141,normal
244,1781099973.152012,normal
245,1781099973.153547,normal
246,1781099973.155710,normal
247,1781099973.157524,normal
248,1781099973.159126,normal
249,1781099973.160782,normal
250,1781099973.162344,normal
251,1781099973.164193,normal
252,1781099973.165845,normal
253,1781099973.167864,syn_flood
254,1781099973.169587,syn_flood
255,1781099973.171818,normal
256,1781099973.173687,normal
257,1781099973.175354,normal
258,1781099973.177010,normal
259,1781099973.178199,syn_flood
260,1781099973.180840,normal
261,1781099973.182754,normal
262,1781099973.184084,udp_reflection
263,1781099973.185111,normal
264,1781099973.186739,normal
265,1781099973.188373,normal
266,1781099973.189985,normal
267,1781099973.191790,normal
268,1781099973.194277,syn_flood
269,1781099973.195351,normal
270,1781099973.198138,normal
271,1781099973.199622,normal
272,1781099973.201199,normal
273,1781099973.202273,normal
274,1781099973.203753,normal
275,1781099973.205184,syn_flood
276,1781099973.206926,normal
277,1781099973.208482,normal
278,1781099973.210669,normal
279,1781099973.212606,normal
280,1781099973.215106,syn_flood
281,1781099973.216612,syn_flood
282,1781099973.218334,udp_reflection
283,1781099973.220726,normal
284,1781099973.222036,normal
285,1781099973.223876,normal
286,1781099973.226145,syn_flood
287,1781099973.228766,normal
288,1781099973.230312,normal
289,1781099973.231980,normal
290,1781099973.233325,normal
291,1781099973.234923,normal
292,1781099973.236851,normal
293,1781099973.238612,normal
294,1781099973.240814,normal
295,1781099973.243729,normal
296,1781099973.246108,normal
297,1781099973.247819,normal
298,1781099973.249577,normal
299,1781099973.250905,syn_flood
300,1781099973.252847,normal
301,1781099973.254696,normal
302,1781099973.256228,normal
303,1781099973.257478,normal
304,1781099973.258464,normal
305,1781099973.259795,syn_flood
306,1781099973.260836,normal
307,1781099973.262884,syn_flood
308,1781099973.265461,http_flood
309,1781099973.266757,normal
310,1781099973.269075,normal
311,1781099973.270892,normal
312,1781099973.272773,normal
313,1781099973.275243,normal
314,1781099973.277870,normal
315,1781099973.279640,syn_flood
316,1781099973.280867,normal
317,1781099973.282302,normal
318,1781099973.284209,normal
319,1781099973.286189,normal
320,1781099973.287665,normal
321,1781099973.289361,normal
322,1781099973.290801,normal
323,1781099973.292021,normal
324,1781099973.293623,normal
325,1781099973.295327,normal
326,1781099973.296448,normal
327,1781099973.298155,normal
328,1781099973.299802,syn_flood
329,1781099973.301551,normal
330,1781099973.303437,syn_flood
331,1781099973.305038,syn_flood
332,1781099973.307106,normal
333,1781099973.308272,syn_flood
334,1781099973.310647,udp_reflection
335,1781099973.312693,normal
336,1781099973.314155,syn_flood
337,1781099973.316306,normal
338,1781099973.317807,normal
339,1781099973.319929,syn_flood
340,1781099973.322054,normal
341,1781099973.325119,normal
342,1781099973.327541,normal
343,1781099973.329414,syn_flood
344,1781099973.331149,normal
345,1781099973.333442,udp_reflection
346,1781099973.335471,normal
347,1781099973.337394,normal
348,1781099973.339146,normal
349,1781099973.340931,normal
350,1781099973.342825,normal
351,1781099973.344689,normal
352,1781099973.346526,http_flood
353,1781099973.347701,normal
354,1781099973.349118,normal
355,1781099973.350627,normal
356,1781099973.352253,normal
357,1781099973.353674,normal
358,1781099973.356194,syn_flood
359,1781099973.357540,http_flood
360,1781099973.359344,normal
361,1781099973.360651,syn_flood
362,1781099973.362238,normal
363,1781099973.364130,normal
364,1781099973.365824,normal
365,1781099973.368370,normal
366,1781099973.369698,normal
367,1781099973.371186,normal
368,1781099973.373019,normal
369,1781099973.374370,normal
370,1781099973.376109,normal
371,1781099973.377472,syn_flood
372,1781099973.378562,normal
373,1781099973.380432,normal
374,1781099973.382098,normal
375,1781099973.383946,normal
376,1781099973.386388,normal
377,1781099973.387973,syn_flood
378,1781099973.389566,udp_reflection
379,1781099973.390783,normal
380,1781099973.392350,normal
381,1781099973.393572,http_flood
382,1781099973.395125,udp_reflection
383,1781099973.396496,normal
384,1781099973.399006,normal
385,1781099973.401144,normal
386,1781099973.403289,normal
387,1781099973.406558,normal
388,1781099973.407775,normal
389,1781099973.409601,normal
390,1781099973.410761,normal
391,1781099973.411857,normal
392,1781099973.413959,normal
393,1781099973.416123,normal
394,1781099973.417961,normal
395,1781099973.419119,normal
396,1781099973.420429,normal
397,1781099973.422294,normal
398,1781099973.423875,http_flood
399,1781099973.425226,syn_flood
400,1781099973.426935,syn_flood
401,1781099973.429099,normal
402,1781099973.430962,normal
403,1781099973.432568,normal
404,1781099973.434068,syn_flood
405,1781099973.435545,normal
406,1781099973.437715,syn_flood
407,1781099973.439019,normal
408,1781099973.440718,syn_flood
409,1781099973.441959,normal
410,1781099973.443250,normal
411,1781099973.445084,normal
412,1781099973.447031,syn_flood
413,1781099973.448798,normal
414,1781099973.450493,normal
415,1781099973.452322,normal
416,1781099973.454526,syn_flood
417,1781099973.455946,normal
418,1781099973.457677,normal
419,1781099973.459612,normal
420,1781099973.461370,normal
421,1781099973.462400,normal
422,1781099973.463860,normal
423,1781099973.465634,normal
424,1781099973.466684,normal
425,1781099973.468042,normal
426,1781099973.469770,syn_flood
427,1781099973.472191,normal
428,1781099973.473796,normal
429,1781099973.475107,normal
430,1781099973.476449,udp_reflection
431,1781099973.478487,udp_reflection
432,1781099973.480588,normal
433,1781099973.483170,normal
434,1781099973.485684,normal
435,1781099973.488298,normal
436,1781099973.489925,normal
437,1781099973.492218,normal
438,1781099973.493597,normal
439,1781099973.495048,normal
440,1781099973.496477,syn_flood
441,1781099973.497931,normal
442,1781099973.498975,syn_flood
443,1781099973.500475,normal
444,1781099973.501923,syn_flood
445,1781099973.503514,normal
446,1781099973.506664,normal
447,1781099973.508055,normal
448,1781099973.510325,normal
449,1781099973.511907,normal
450,1781099973.513465,normal
451,1781099973.515424,normal
452,1781099973.517434,normal
453,1781099973.518770,syn_flood
454,1781099973.520818,normal
455,1781099973.522687,normal
456,1781099973.523748,normal
457,1781099973.525209,normal
458,1781099973.526433,normal
459,1781099973.528144,normal
460,1781099973.529772,normal
461,1781099973.531031,normal
462,1781099973.532635,normal
463,1781099973.534126,normal
464,1781099973.535931,normal
465,1781099973.537331,normal
466,1781099973.538919,normal
467,1781099973.540555,normal
468,1781099973.542570,udp_reflection
469,1781099973.544885,normal
470,1781099973.546381,normal
471,1781099973.547546,normal
472,1781099973.548818,normal
473,1781099973.550544,normal
474,1781099973.552487,normal
475,1781099973.554058,normal
476,1781099973.556077,normal
477,1781099973.557796,normal
478,1781099973.559509,normal
479,1781099973.561314,syn_flood
480,1781099973.562775,normal
481,1781099973.564997,syn_flood
482,1781099973.566608,normal
483,1781099973.568350,normal
484,1781099973.570466,normal
485,1781099973.572268,udp_reflection
486,1781099973.573536,normal
487,1781099973.575605,normal
488,1781099973.577392,normal
489,1781099973.578349,syn_flood
490,1781099973.579656,udp_reflection
491,1781099973.581814,normal
492,1781099973.583297,normal
493,1781099973.584932,normal
494,1781099973.587011,syn_flood
495,1781099973.588348,syn_flood
496,1781099973.590458,normal
497,1781099973.592545,normal
498,1781099973.594220,http_flood
499,1781099973.596649,normal
500,1781099973.598194,normal
501,1781099973.599523,normal
502,1781099973.600950,normal
503,1781099973.602674,normal
504,1781099973.603715,normal
505,1781099973.605085,normal
506,1781099973.605908,normal
507,1781099973.607194,syn_flood
508,1781099973.608636,normal
509,1781099973.610981,normal
510,1781099973.612445,normal
511,1781099973.614572,normal
512,1781099973.617333,normal
513,1781099973.619411,normal
514,1781099973.620867,normal
515,1781099973.622892,normal
516,1781099973.625106,normal
517,1781099973.627799,normal
518,1781099973.629714,normal
519,1781099973.632268,normal
520,1781099973.634157,normal
521,1781099973.635913,normal
522,1781099973.637462,normal
523,1781099973.639326,normal
524,1781099973.640751,normal
525,1781099973.641983,normal
526,1781099973.643441,normal
527,1781099973.644876,normal
528,1781099973.646936,normal
529,1781099973.648327,normal
530,1781099973.650582,normal
531,1781099973.652494,normal
532,1781099973.653855,normal
533,1781099973.655802,normal
534,1781099973.657768,normal
535,1781099973.659898,normal
536,1781099973.661188,normal
537,1781099973.662879,syn_flood
538,1781099973.664718,normal
539,1781099973.666131,normal
540,1781099973.668049,normal
541,1781099973.669812,http_flood
542,1781099973.671247,syn_flood
543,1781099973.672672,normal
544,1781099973.674225,normal
545,1781099973.676830,udp_reflection
546,1781099973.678871,syn_flood
547,1781099973.680407,normal
548,1781099973.682033,normal
549,1781099973.683243,normal
550,1781099973.684718,normal
551,1781099973.686347,syn_flood
552,1781099973.687676,normal
553,1781099973.689415,syn_flood
554,1781099973.690879,normal
555,1781099973.692629,normal
556,1781099973.694413,normal
557,1781099973.695711,normal
558,1781099973.697273,udp_reflection
559,1781099973.699276,normal
560,1781099973.700744,normal
561,1781099973.702126,syn_flood
562,1781099973.703504,syn_flood
563,1781099973.704831,normal
564,1781099973.706494,normal
565,1781099973.708064,normal
566,1781099973.709416,normal
567,1781099973.711213,normal
568,1781099973.714509,normal
569,1781099973.715751,normal
570,1781099973.717407,normal
571,1781099973.719599,normal
572,1781099973.721515,normal
573,1781099973.722570,normal
574,1781099973.723530,normal
575,1781099973.725462,normal
576,1781099973.726902,normal
577,1781099973.728541,normal
578,1781099973.730434,normal
579,1781099973.732238,normal
580,1781099973.733821,normal
581,1781099973.735161,normal
582,1781099973.736499,normal
583,1781099973.738310,syn_flood
584,1781099973.739807,normal
585,1781099973.741543,normal
586,1781099973.742799,normal
587,1781099973.744531,normal
588,1781099973.746140,normal
589,1781099973.747940,normal
590,1781099973.749205,normal
591,1781099973.750452,udp_reflection
592,1781099973.751703,udp_reflection
593,1781099973.753493,normal
594,1781099973.755488,normal
595,1781099973.757654,normal
596,1781099973.758965,normal
597,1781099973.760950,normal
598,1781099973.762338,normal
599,1781099973.764374,normal
600,1781099973.765789,normal
601,1781099973.768034,normal
602,1781099973.769535,normal
603,1781099973.771052,normal
604,1781099973.772902,normal
605,1781099973.774825,normal
606,1781099973.776114,udp_reflection
607,1781099973.778055,normal
608,1781099973.779079,normal
609,1781099973.780665,syn_flood
610,1781099973.782925,normal
611,1781099973.784870,normal
612,1781099973.787144,normal
613,1781099973.789056,syn_flood
614,1781099973.790497,normal
615,1781099973.791803,normal
616,1781099973.793045,normal
617,1781099973.794214,syn_flood
618,1781099973.795540,syn_flood
619,1781099973.797928,normal
620,1781099973.799756,normal
621,1781099973.801999,normal
622,1781099973.804147,normal
623,1781099973.805899,normal
624,1781099973.808038,normal
625,1781099973.809588,normal
626,1781099973.811055,normal
627,1781099973.813356,http_flood
628,1781099973.815382,normal
629,1781099973.817079,normal
630,1781099973.818757,syn_flood
631,1781099973.820945,syn_flood
632,1781099973.822664,normal
633,1781099973.824742,normal
634,1781099973.826323,normal
635,1781099973.827761,normal
636,1781099973.829196,syn_flood
637,1781099973.831235,normal
638,1781099973.832790,normal
639,1781099973.834695,syn_flood
640,1781099973.835803,normal
641,1781099973.837685,normal
642,1781099973.840074,normal
643,1781099973.842172,normal
644,1781099973.843668,syn_flood
645,1781099973.845197,normal
646,1781099973.846713,udp_reflection
647,1781099973.848515,syn_flood
648,1781099973.850431,syn_flood
649,1781099973.851984,normal
650,1781099973.853434,normal
651,1781099973.854727,syn_flood
652,1781099973.856419,normal
653,1781099973.857877,syn_flood
654,1781099973.861137,udp_reflection
655,1781099973.862221,normal
656,1781099973.863552,normal
657,1781099973.865132,http_flood
658,1781099973.866787,normal
659,1781099973.867883,syn_flood
660,1781099973.869407,normal
661,1781099973.870914,normal
662,1781099973.872983,normal
663,1781099973.875311,normal
664,1781099973.876714,syn_flood
665,1781099973.878596,syn_flood
666,1781099973.880767,normal
667,1781099973.882124,normal
668,1781099973.883821,normal
669,1781099973.886032,normal
670,1781099973.887157,normal
671,1781099973.889441,normal
672,1781099973.891385,normal
673,1781099973.893321,normal
674,1781099973.894593,normal
675,1781099973.896208,syn_flood
676,1781099973.897991,normal
677,1781099973.899618,normal
678,1781099973.901427,normal
679,1781099973.903543,normal
680,1781099973.905597,normal
681,1781099973.907171,normal
682,1781099973.909065,normal
683,1781099973.910888,normal
684,1781099973.912931,normal
685,1781099973.914638,normal
686,1781099973.916373,normal
687,1781099973.917799,normal
688,1781099973.919341,normal
689,1781099973.921030,normal
690,1781099973.923065,normal
691,1781099973.925075,normal
692,1781099973.926577,syn_flood
693,1781099973.928191,normal
694,1781099973.929365,normal
695,1781099973.930900,syn_flood
696,1781099973.932242,normal
697,1781099973.933964,normal
698,1781099973.935133,syn_flood
699,1781099973.936693,normal
700,1781099973.937759,normal
701,1781099973.939652,normal
702,1781099973.941098,normal
703,1781099973.942466,syn_flood
704,1781099973.944534,normal
705,1781099973.946293,normal
706,1781099973.947472,normal
707,1781099973.949089,normal
708,1781099973.950146,normal
709,1781099973.952278,normal
710,1781099973.954328,normal
711,1781099973.955909,normal
712,1781099973.957547,normal
713,1781099973.959060,normal
714,1781099973.960553,normal
715,1781099973.962584,syn_flood
716,1781099973.963423,normal
717,1781099973.965029,normal
718,1781099973.966628,syn_flood
719,1781099973.968683,normal
720,1781099973.970308,normal
721,1781099973.971694,normal
722,1781099973.974148,normal
723,1781099973.976400,normal
724,1781099973.977428,normal
725,1781099973.979590,normal
726,1781099973.981192,normal
727,1781099973.982599,normal
728,1781099973.984155,normal
729,1781099973.986320,normal
730,1781099973.989040,normal
731,1781099973.990492,normal
732,1781099973.992419,http_flood
733,1781099973.994022,normal
734,1781099973.995589,normal
735,1781099973.997649,normal
736,1781099973.999156,normal
737,1781099974.001441,normal
738,1781099974.003124,normal
739,1781099974.004732,normal
740,1781099974.006348,normal
741,1781099974.007804,http_flood
742,1781099974.009858,normal
743,1781099974.011834,normal
744,1781099974.014093,syn_flood
745,1781099974.015938,normal
746,1781099974.017581,normal
747,1781099974.019579,normal
748,1781099974.021660,normal
749,1781099974.023060,normal
750,1781099974.024767,normal
751,1781099974.026300,normal
752,1781099974.027761,normal
753,1781099974.029585,normal
754,1781099974.030723,normal
755,1781099974.032449,udp_reflection
756,1781099974.034309,normal
757,1781099974.036512,normal
758,1781099974.038088,syn_flood
759,1781099974.039389,normal
760,1781099974.041076,normal
761,1781099974.042890,normal
762,1781099974.044644,syn_flood
763,1781099974.046112,normal
764,1781099974.047725,normal
765,1781099974.049497,normal
766,1781099974.051693,normal
767,1781099974.053289,normal
768,1781099974.054939,normal
769,1781099974.056297,syn_flood
770,1781099974.058584,syn_flood
771,1781099974.060110,normal
772,1781099974.062780,normal
773,1781099974.064672,normal
774,1781099974.066271,http_flood
775,1781099974.068354,normal
776,1781099974.070008,normal
777,1781099974.071185,normal
778,1781099974.072733,normal
779,1781099974.075301,normal
780,1781099974.077146,normal
781,1781099974.078250,normal
782,1781099974.080345,udp_reflection
783,1781099974.082401,normal
784,1781099974.084107,udp_reflection
785,1781099974.085728,normal
786,1781099974.087061,normal
787,1781099974.088471,normal
788,1781099974.091050,syn_flood
789,1781099974.093286,syn_flood
790,1781099974.095754,normal
791,1781099974.097969,normal
792,1781099974.099839,normal
793,1781099974.101525,normal
794,1781099974.102692,normal
795,1781099974.104485,normal
796,1781099974.105646,normal
797,1781099974.107443,normal
798,1781099974.108844,normal
799,1781099974.110324,normal
800,1781099974.111689,normal
801,1781099974.113893,normal
802,1781099974.115984,normal
803,1781099974.117880,normal
804,1781099974.119369,normal
805,1781099974.121083,normal
806,1781099974.122782,normal
807,1781099974.124860,normal
808,1781099974.126491,normal
809,1781099974.128414,syn_flood
810,1781099974.130253,normal
811,1781099974.131840,normal
812,1781099974.133232,normal
813,1781099974.134798,syn_flood
814,1781099974.136558,normal
815,1781099974.138574,normal
816,1781099974.140245,normal
817,1781099974.142323,normal
818,1781099974.143541,normal
819,1781099974.144870,normal
820,1781099974.146402,normal
821,1781099974.147884,normal
822,1781099974.149855,normal
823,1781099974.152482,normal
824,1781099974.153845,normal
825,1781099974.155045,syn_flood
826,1781099974.157106,normal
827,1781099974.158968,normal
828,1781099974.160452,normal
829,1781099974.162159,normal
830,1781099974.164102,normal
831,1781099974.165601,normal
832,1781099974.167302,normal
833,1781099974.169401,normal
834,1781099974.170680,normal
835,1781099974.172194,normal
836,1781099974.174087,http_flood
837,1781099974.175713,normal
838,1781099974.177218,http_flood
839,1781099974.178214,normal
840,1781099974.180022,normal
841,1781099974.181398,normal
842,1781099974.183081,syn_flood
843,1781099974.184871,normal
844,1781099974.186874,syn_flood
845,1781099974.188542,syn_flood
846,1781099974.190661,normal
847,1781099974.191853,syn_flood
848,1781099974.193412,normal
849,1781099974.195552,normal
850,1781099974.196593,normal
851,1781099974.198284,normal
852,1781099974.199711,syn_flood
853,1781099974.201563,normal
854,1781099974.202909,normal
855,1781099974.204540,normal
856,1781099974.206253,normal
857,1781099974.208090,http_flood
858,1781099974.209230,normal
859,1781099974.211730,normal
860,1781099974.213162,normal
861,1781099974.215012,normal
862,1781099974.216358,normal
863,1781099974.218702,normal
864,1781099974.221331,normal
865,1781099974.223303,normal
866,1781099974.225096,normal
867,1781099974.226678,normal
868,1781099974.227832,normal
869,1781099974.229958,normal
870,1781099974.231261,normal
871,1781099974.232914,normal
872,1781099974.234209,normal
873,1781099974.236115,normal
874,1781099974.237562,normal
875,1781099974.238704,normal
876,1781099974.239922,normal
877,1781099974.241814,normal
878,1781099974.242923,syn_flood
879,1781099974.245225,syn_flood
880,1781099974.247396,normal
881,1781099974.249234,normal
882,1781099974.250421,normal
883,1781099974.252642,normal
884,1781099974.254907,normal
885,1781099974.256723,normal
886,1781099974.258762,normal
887,1781099974.260559,normal
888,1781099974.262859,normal
889,1781099974.264485,syn_flood
890,1781099974.266001,syn_flood
891,1781099974.267736,normal
892,1781099974.269752,normal
893,1781099974.270892,normal
894,1781099974.272156,normal
895,1781099974.273881,normal
896,1781099974.276596,normal
897,1781099974.278166,http_flood
898,1781099974.279342,normal
899,1781099974.281155,normal
900,1781099974.282700,normal
901,1781099974.284811,normal
902,1781099974.286884,normal
903,1781099974.288434,normal
904,1781099974.290491,normal
905,1781099974.292150,http_flood
906,1781099974.293550,normal
907,1781099974.295914,normal
908,1781099974.298487,normal
909,1781099974.300984,normal
910,1781099974.302792,normal
911,1781099974.304304,syn_flood
912,1781099974.306076,normal
913,1781099974.308538,normal
914,1781099974.310372,normal
915,1781099974.312078,udp_reflection
916,1781099974.313456,normal
917,1781099974.314654,syn_flood
918,1781099974.316522,normal
919,1781099974.317999,udp_reflection
920,1781099974.320176,normal
921,1781099974.322051,normal
922,1781099974.323740,normal
923,1781099974.325332,normal
924,1781099974.326649,normal
925,1781099974.328326,normal
926,1781099974.329911,normal
927,1781099974.331639,udp_reflection
928,1781099974.332735,normal
929,1781099974.334887,syn_flood
930,1781099974.336599,normal
931,1781099974.339069,normal
932,1781099974.340335,udp_reflection
933,1781099974.341883,normal
934,1781099974.343181,normal
935,1781099974.344944,normal
936,1781099974.346806,syn_flood
937,1781099974.348385,udp_reflection
938,1781099974.351050,normal
939,1781099974.352535,normal
940,1781099974.354392,normal
941,1781099974.356954,normal
942,1781099974.358848,syn_flood
943,1781099974.360215,syn_flood
944,1781099974.361661,normal
945,1781099974.363399,syn_flood
946,1781099974.365141,normal
947,1781099974.367163,normal
948,1781099974.368803,normal
949,1781099974.370432,normal
950,1781099974.371617,syn_flood
951,1781099974.373592,normal
952,1781099974.374892,normal
953,1781099974.376666,normal
954,1781099974.378241,normal
955,1781099974.379767,normal
956,1781099974.382138,normal
957,1781099974.383601,normal
958,1781099974.384881,normal
959,1781099974.386385,normal
960,1781099974.388732,syn_flood
961,1781099974.390316,normal
962,1781099974.391858,normal
963,1781099974.394155,syn_flood
964,1781099974.395801,normal
965,1781099974.397032,syn_flood
966,1781099974.398694,normal
967,1781099974.400691,normal
968,1781099974.401932,normal
969,1781099974.403223,syn_flood
970,1781099974.404727,normal
971,1781099974.406049,normal
972,1781099974.407852,normal
973,1781099974.409745,normal
974,1781099974.412021,syn_flood
975,1781099974.413512,normal
976,1781099974.415429,syn_flood
977,1781099974.417005,syn_flood
978,1781099974.418816,syn_flood
979,1781099974.420342,http_flood
980,1781099974.422415,normal
981,1781099974.424418,normal
982,1781099974.426237,normal
983,1781099974.427479,normal
984,1781099974.429071,normal
985,1781099974.430709,normal
986,1781099974.432502,normal
987,1781099974.434084,normal
988,1781099974.435610,normal
989,1781099974.437630,normal
990,1781099974.439308,syn_flood
991,1781099974.441348,normal
992,1781099974.443041,normal
993,1781099974.445261,normal
994,1781099974.446792,http_flood
995,1781099974.447949,udp_reflection
996,1781099974.449329,syn_flood
997,1781099974.450907,normal
998,1781099974.452740,normal
999,1781099974.454605,syn_flood
1000,1781099974.456194,normal
1001,1781099974.457584,normal
1002,1781099974.459364,syn_flood
1003,1781099974.460817,normal
1004,1781099974.462806,normal
1005,1781099974.464521,normal
1006,1781099974.466118,normal
1007,1781099974.467576,syn_flood
1008,1781099974.469472,normal
1009,1781099974.470834,normal
1010,1781099974.472252,normal
1011,1781099974.474291,udp_reflection
1012,1781099974.475687,normal
1013,1781099974.476712,normal
1014,1781099974.478744,normal
1015,1781099974.481274,normal
1016,1781099974.482690,normal
1017,1781099974.484130,normal
1018,1781099974.485998,normal
1019,1781099974.487276,syn_flood
1020,1781099974.488938,udp_reflection
1021,1781099974.490442,syn_flood
1022,1781099974.492133,normal
1023,1781099974.494149,normal
1024,1781099974.496285,normal
1025,1781099974.499682,normal
1026,1781099974.501822,normal
1027,1781099974.503617,normal
1028,1781099974.505761,normal
1029,1781099974.508410,normal
1030,1781099974.510106,normal
1031,1781099974.511249,normal
1032,1781099974.512960,normal
1033,1781099974.515883,normal
1034,1781099974.517390,normal
1035,1781099974.520085,normal
1036,1781099974.521593,normal
1037,1781099974.522802,syn_flood
1038,1781099974.524554,syn_flood
1039,1781099974.526650,normal
1040,1781099974.528478,syn_flood
1041,1781099974.530770,normal
1042,1781099974.532752,normal
1043,1781099974.534381,normal
1044,1781099974.536721,normal
1045,1781099974.538167,normal
1046,1781099974.540114,normal
1047,1781099974.542343,normal
1048,1781099974.543941,normal
1049,1781099974.545285,normal
1050,1781099974.547424,normal
1051,1781099974.549094,normal
1052,1781099974.550825,syn_flood
1053,1781099974.552338,normal
1054,1781099974.554182,syn_flood
1055,1781099974.556108,normal
1056,1781099974.557924,normal
1057,1781099974.559674,normal
1058,1781099974.560763,normal
1059,1781099974.562914,udp_reflection
1060,1781099974.564934,normal
1061,1781099974.566688,normal
1062,1781099974.568571,normal
1063,1781099974.570371,normal
1064,1781099974.572541,syn_flood
1065,1781099974.574578,normal
1066,1781099974.575854,normal
1067,1781099974.577446,syn_flood
1068,1781099974.579010,normal
1069,1781099974.581013,normal
1070,1781099974.582891,normal
1071,1781099974.584462,normal
1072,1781099974.586000,normal
1073,1781099974.587795,normal
1074,1781099974.589293,normal
1075,1781099974.590713,normal
1076,1781099974.592394,normal
1077,1781099974.593782,normal
1078,1781099974.595112,normal
1079,1781099974.596817,normal
1080,1781099974.598808,http_flood
1081,1781099974.601166,syn_flood
1082,1781099974.603022,udp_reflection
1083,1781099974.604962,normal
1084,1781099974.606125,normal
1085,1781099974.608051,syn_flood
1086,1781099974.609091,normal
1087,1781099974.610925,normal
1088,1781099974.612977,normal
1089,1781099974.614508,normal
1090,1781099974.616298,normal
1091,1781099974.618135,normal
1092,1781099974.620193,syn_flood
1093,1781099974.622473,syn_flood
1094,1781099974.623808,udp_reflection
1095,1781099974.625334,normal
1096,1781099974.626669,normal
1097,1781099974.628609,normal
1098,1781099974.631631,normal
1099,1781099974.633848,normal
1100,1781099974.635608,normal
1101,1781099974.638486,normal
1102,1781099974.640180,normal
1103,1781099974.642087,normal
1104,1781099974.643913,normal
1105,1781099974.645542,http_flood
1106,1781099974.647454,syn_flood
1107,1781099974.649315,normal
1108,1781099974.651171,syn_flood
1109,1781099974.652198,normal
1110,1781099974.654024,normal
1111,1781099974.656348,normal
1112,1781099974.657457,normal
1113,1781099974.658963,normal
1114,1781099974.661215,normal
1115,1781099974.663441,normal
1116,1781099974.665094,normal
1117,1781099974.666778,syn_flood
1118,1781099974.668309,normal
1119,1781099974.669718,syn_flood
1120,1781099974.671892,normal
1121,1781099974.673567,normal
1122,1781099974.674969,normal
1123,1781099974.676525,syn_flood
1124,1781099974.679576,normal
1125,1781099974.682330,normal
1126,1781099974.684543,normal
1127,1781099974.686517,normal
1128,1781099974.688095,normal
1129,1781099974.690093,normal
1130,1781099974.691661,normal
1131,1781099974.694597,syn_flood
1132,1781099974.697181,normal
1133,1781099974.698820,normal
1134,1781099974.699854,normal
1135,1781099974.701253,normal
1136,1781099974.703305,normal
1137,1781099974.705144,normal
1138,1781099974.706740,normal
1139,1781099974.708096,normal
1140,1781099974.709418,syn_flood
1141,1781099974.711381,normal
1142,1781099974.713444,normal
1143,1781099974.715172,normal
1144,1781099974.717042,normal
1145,1781099974.718671,normal
1146,1781099974.719868,normal
1147,1781099974.721762,normal
1148,1781099974.723700,normal
1149,1781099974.725141,normal
1150,1781099974.726817,normal
1151,1781099974.728633,normal
1152,1781099974.730196,normal
1153,1781099974.731535,normal
1154,1781099974.733075,normal
1155,1781099974.734667,normal
1156,1781099974.736072,normal
1157,1781099974.737765,syn_flood
1158,1781099974.739270,normal
1159,1781099974.741156,normal
1160,1781099974.743627,syn_flood
1161,1781099974.744653,syn_flood
1162,1781099974.746239,normal
1163,1781099974.747800,normal
1164,1781099974.748759,normal
1165,1781099974.750088,normal
1166,1781099974.751719,normal
1167,1781099974.754174,syn_flood
1168,1781099974.755377,normal
1169,1781099974.757398,normal
1170,1781099974.760224,normal
1171,1781099974.761703,syn_flood
1172,1781099974.763842,normal
1173,1781099974.765537,normal
1174,1781099974.766804,udp_reflection
1175,1781099974.768969,normal
1176,1781099974.770940,normal
1177,1781099974.772242,syn_flood
1178,1781099974.774313,normal
1179,1781099974.776703,syn_flood
1180,1781099974.778355,syn_flood
1181,1781099974.779887,syn_flood
1182,1781099974.782390,normal
1183,1781099974.783620,normal
1184,1781099974.785512,normal
1185,1781099974.786844,normal
1186,1781099974.788141,normal
1187,1781099974.789302,normal
1188,1781099974.791201,normal
1189,1781099974.793001,normal
1190,1781099974.794402,normal
1191,1781099974.796112,normal
1192,1781099974.797594,normal
1193,1781099974.799604,normal
1194,1781099974.801731,normal
1195,1781099974.803565,normal
1196,1781099974.804828,normal
1197,1781099974.806839,normal
1198,1781099974.808482,normal
1199,1781099974.809832,normal
1200,1781099974.811970,normal
1201,1781099974.814264,normal
1202,1781099974.815606,normal
1203,1781099974.817794,normal
1204,1781099974.819713,normal
1205,1781099974.821271,normal
1206,1781099974.822721,normal
1207,1781099974.824411,normal
1208,1781099974.826006,http_flood
1209,1781099974.827486,normal
1210,1781099974.828961,normal
1211,1781099974.830952,syn_flood
1212,1781099974.833299,syn_flood
1213,1781099974.835195,normal
1214,1781099974.836438,normal
1215,1781099974.838094,syn_flood
1216,1781099974.839451,normal
1217,1781099974.841094,normal
1218,1781099974.843422,http_flood
1219,1781099974.845039,normal
1220,1781099974.847322,normal
1221,1781099974.849178,normal
1222,1781099974.850967,normal
1223,1781099974.852804,syn_flood
1224,1781099974.854359,normal
1225,1781099974.856750,http_flood
1226,1781099974.858246,normal
1227,1781099974.860073,http_flood
1228,1781099974.861354,normal
1229,1781099974.863159,normal
1230,1781099974.864658,normal
1231,1781099974.866408,normal
1232,1781099974.867763,normal
1233,1781099974.869632,normal
1234,1781099974.870778,normal
1235,1781099974.872390,normal
1236,1781099974.873941,normal
1237,1781099974.875182,normal
1238,1781099974.877413,syn_flood
1239,1781099974.878700,normal
1240,1781099974.880687,syn_flood
1241,1781099974.882436,normal
1242,1781099974.884528,normal
1243,1781099974.886650,syn_flood
1244,1781099974.889297,normal
1245,1781099974.890940,normal
1246,1781099974.892539,normal
1247,1781099974.894718,normal
1248,1781099974.896802,normal
1249,1781099974.898085,normal
1250,1781099974.900010,normal
1251,1781099974.902632,normal
1252,1781099974.904146,normal
1253,1781099974.905039,normal
1254,1781099974.906265,normal
1255,1781099974.908838,normal
1256,1781099974.910653,normal
1257,1781099974.912574,syn_flood
1258,1781099974.914120,normal
1259,1781099974.915619,normal
1260,1781099974.917130,syn_flood
1261,1781099974.919207,udp_reflection
1262,1781099974.920640,normal
1263,1781099974.921979,syn_flood
1264,1781099974.923642,syn_flood
1265,1781099974.925492,normal
1266,1781099974.927237,normal
1267,1781099974.929666,normal
1268,1781099974.931035,normal
1269,1781099974.932359,normal
1270,1781099974.934224,syn_flood
1271,1781099974.936035,normal
1272,1781099974.937314,syn_flood
1273,1781099974.938237,syn_flood
1274,1781099974.939857,syn_flood
1275,1781099974.941617,normal
1276,1781099974.943631,normal
1277,1781099974.945192,syn_flood
1278,1781099974.946882,normal
1279,1781099974.949196,normal
1280,1781099974.950898,udp_reflection
1281,1781099974.952443,normal
1282,1781099974.953969,normal
1283,1781099974.955224,normal
1284,1781099974.956894,normal
1285,1781099974.958747,normal
1286,1781099974.960780,normal
1287,1781099974.962345,normal
1288,1781099974.964237,normal
1289,1781099974.965439,normal
1290,1781099974.967303,udp_reflection
1291,1781099974.969045,normal
1292,1781099974.970705,normal
1293,1781099974.972010,normal
1294,1781099974.974133,normal
1295,1781099974.976082,syn_flood
1296,1781099974.977957,normal
1297,1781099974.979764,normal
1298,1781099974.981446,normal
1299,1781099974.983807,normal
1300,1781099974.986128,normal
1301,1781099974.987767,normal
1302,1781099974.989340,normal
1303,1781099974.990820,syn_flood
1304,1781099974.992345,http_flood
1305,1781099974.994045,normal
1306,1781099974.995592,http_flood
1307,1781099974.996925,normal
1308,1781099974.999251,normal
1309,1781099975.000620,normal
1310,1781099975.001803,normal
1311,1781099975.003406,syn_flood
1312,1781099975.004750,syn_flood
1313,1781099975.006092,normal
1314,1781099975.007738,normal
1315,1781099975.009670,normal
1316,1781099975.011045,normal
1317,1781099975.012885,syn_flood
1318,1781099975.014120,normal
1319,1781099975.015397,normal
1320,1781099975.016660,normal
1321,1781099975.018176,normal
1322,1781099975.019586,normal
1323,1781099975.021623,normal
1324,1781099975.023065,normal
1325,1781099975.024509,normal
1326,1781099975.026026,syn_flood
1327,1781099975.027784,udp_reflection
1328,1781099975.029473,syn_flood
1329,1781099975.030905,normal
1330,1781099975.032585,normal
1331,1781099975.034441,normal
1332,1781099975.035964,syn_flood
1333,1781099975.038078,syn_flood
1334,1781099975.039462,syn_flood
1335,1781099975.040896,syn_flood
1336,1781099975.042201,normal
1337,1781099975.043994,normal
1338,1781099975.045482,normal
1339,1781099975.047283,normal
1340,1781099975.049571,normal
1341,1781099975.050924,normal
1342,1781099975.052190,normal
1343,1781099975.053445,normal
1344,1781099975.055094,normal
1345,1781099975.057195,normal
1346,1781099975.058639,normal
1347,1781099975.059921,normal
1348,1781099975.061471,normal
1349,1781099975.062950,syn_flood
1350,1781099975.065512,normal
1351,1781099975.067068,normal
1352,1781099975.069192,normal
1353,1781099975.071077,normal
1354,1781099975.072614,normal
1355,1781099975.075533,normal
1356,1781099975.077779,normal
1357,1781099975.079429,normal
1358,1781099975.081232,normal
1359,1781099975.083326,normal
1360,1781099975.084429,syn_flood
1361,1781099975.086395,normal
1362,1781099975.087928,normal
1363,1781099975.090088,syn_flood
1364,1781099975.091873,http_flood
1365,1781099975.093791,syn_flood
1366,1781099975.095704,normal
1367,1781099975.097421,normal
1368,1781099975.098782,normal
1369,1781099975.100413,syn_flood
1370,1781099975.102509,normal
1371,1781099975.104329,normal
1372,1781099975.106694,normal
1373,1781099975.108838,normal
1374,1781099975.109991,syn_flood
1375,1781099975.111680,normal
1376,1781099975.113844,normal
1377,1781099975.115396,normal
1378,1781099975.117106,syn_flood
1379,1781099975.118761,syn_flood
1380,1781099975.120535,normal
1381,1781099975.122804,normal
1382,1781099975.124652,normal
1383,1781099975.126014,normal
1384,1781099975.127469,syn_flood
1385,1781099975.128922,normal
1386,1781099975.130713,normal
1387,1781099975.132657,normal
1388,1781099975.134089,normal
1389,1781099975.135603,normal
1390,1781099975.138254,normal
1391,1781099975.139920,normal
1392,1781099975.141425,syn_flood
1393,1781099975.142668,normal
1394,1781099975.144135,normal
1395,1781099975.145514,normal
1396,1781099975.146955,normal
1397,1781099975.148383,syn_flood
1398,1781099975.149306,normal
1399,1781099975.151056,syn_flood
1400,1781099975.153747,normal
1401,1781099975.155586,normal
1402,1781099975.157164,http_flood
1403,1781099975.158915,normal
1404,1781099975.161033,syn_flood
1405,1781099975.162812,normal
1406,1781099975.163934,normal
1407,1781099975.165899,normal
1408,1781099975.167231,normal
1409,1781099975.168775,normal
1410,1781099975.170661,http_flood
1411,1781099975.172381,normal
1412,1781099975.173311,normal
1413,1781099975.175008,normal
1414,1781099975.176300,normal
1415,1781099975.178006,normal
1416,1781099975.179430,normal
1417,1781099975.180699,syn_flood
1418,1781099975.182821,normal
1419,1781099975.185666,normal
1420,1781099975.186896,syn_flood
1421,1781099975.188120,normal
1422,1781099975.189445,normal
1423,1781099975.190978,syn_flood
1424,1781099975.192526,normal
1425,1781099975.194125,normal
1426,1781099975.196511,normal
1427,1781099975.198007,normal
1428,1781099975.199470,normal
1429,1781099975.201251,normal
1430,1781099975.202531,normal
1431,1781099975.203822,normal
1432,1781099975.205563,normal
1433,1781099975.207256,normal
1434,1781099975.208814,normal
1435,1781099975.210330,udp_reflection
1436,1781099975.212552,syn_flood
1437,1781099975.213636,normal
1438,1781099975.215033,normal
1439,1781099975.216794,syn_flood
1440,1781099975.218629,syn_flood
1441,1781099975.220005,normal
1442,1781099975.220992,syn_flood
1443,1781099975.222625,normal
1444,1781099975.224285,normal
1445,1781099975.225629,syn_flood
1446,1781099975.226604,normal
1447,1781099975.228817,syn_flood
1448,1781099975.230644,normal
1449,1781099975.232363,normal
1450,1781099975.233834,normal
1451,1781099975.235515,normal
1452,1781099975.236820,normal
1453,1781099975.238926,syn_flood
1454,1781099975.240096,syn_flood
1455,1781099975.241688,normal
1456,1781099975.242925,normal
1457,1781099975.245108,normal
1458,1781099975.246833,normal
1459,1781099975.248481,normal
1460,1781099975.250215,normal
1461,1781099975.251452,normal
1462,1781099975.253114,normal
1463,1781099975.254592,normal
1464,1781099975.257073,http_flood
1465,1781099975.258632,normal
1466,1781099975.259998,normal
1467,1781099975.262725,normal
1468,1781099975.264876,normal
1469,1781099975.266662,normal
1470,1781099975.268346,normal
1471,1781099975.269924,normal
1472,1781099975.271444,normal
1473,1781099975.273715,syn_flood
1474,1781099975.274644,normal
1475,1781099975.276563,normal
1476,1781099975.278538,syn_flood
1477,1781099975.280157,normal
1478,1781099975.282013,normal
1479,1781099975.284350,normal
1480,1781099975.286029,normal
1481,1781099975.288007,normal
1482,1781099975.289234,normal
1483,1781099975.290688,udp_reflection
1484,1781099975.291920,normal
1485,1781099975.293396,normal
1486,1781099975.294964,normal
1487,1781099975.296945,udp_reflection
1488,1781099975.298273,http_flood
1489,1781099975.299643,normal
1490,1781099975.301016,normal
1491,1781099975.304237,normal
1492,1781099975.305628,normal
1493,1781099975.307391,normal
1494,1781099975.309520,normal
1495,1781099975.310948,normal
1496,1781099975.312574,normal
1497,1781099975.313733,udp_reflection
1498,1781099975.315562,normal
1499,1781099975.317498,normal
1500,1781099975.319406,normal
1501,1781099975.322048,http_flood
1502,1781099975.324152,normal
1503,1781099975.325800,normal
1504,1781099975.327138,syn_flood
1505,1781099975.328415,normal
1506,1781099975.330100,normal
1507,1781099975.332149,normal
1508,1781099975.333815,normal
1509,1781099975.335932,normal
1510,1781099975.337798,normal
1511,1781099975.338934,normal
1512,1781099975.340612,normal
1513,1781099975.342531,normal
1514,1781099975.344524,normal
1515,1781099975.346567,normal
1516,1781099975.348306,normal
1517,1781099975.350114,normal
1518,1781099975.352406,normal
1519,1781099975.353717,normal
1520,1781099975.355736,normal
1521,1781099975.357259,normal
1522,1781099975.358823,normal
1523,1781099975.360686,normal
1524,1781099975.362778,normal
1525,1781099975.364833,syn_flood
1526,1781099975.365965,normal
1527,1781099975.367313,udp_reflection
1528,1781099975.368431,normal
1529,1781099975.370571,normal
1530,1781099975.372492,syn_flood
1531,1781099975.374163,normal
1532,1781099975.375623,syn_flood
1533,1781099975.376878,normal
1534,1781099975.378914,syn_flood
1535,1781099975.380115,normal
1536,1781099975.381368,normal
1537,1781099975.382878,syn_flood
1538,1781099975.384924,normal
1539,1781099975.385919,normal
1540,1781099975.387759,normal
1541,1781099975.389354,syn_flood
1542,1781099975.391609,normal
1543,1781099975.393784,normal
1544,1781099975.395849,syn_flood
1545,1781099975.397612,normal
1546,1781099975.399182,normal
1547,1781099975.400743,normal
1548,1781099975.401790,normal
1549,1781099975.403621,normal
1550,1781099975.405370,normal
1551,1781099975.407353,normal
1552,1781099975.409106,normal
1553,1781099975.410698,normal
1554,1781099975.412374,normal
1555,1781099975.414471,normal
1556,1781099975.416796,normal
1557,1781099975.418554,http_flood
1558,1781099975.420417,syn_flood
1559,1781099975.422209,normal
1560,1781099975.423730,udp_reflection
1561,1781099975.425867,syn_flood
1562,1781099975.427146,normal
1563,1781099975.428862,normal
1564,1781099975.430576,normal
1565,1781099975.432109,normal
1566,1781099975.434063,normal
1567,1781099975.436276,udp_reflection
1568,1781099975.437728,normal
1569,1781099975.440355,normal
1570,1781099975.442269,normal
1571,1781099975.444212,normal
1572,1781099975.445354,syn_flood
1573,1781099975.446922,normal
1574,1781099975.448001,normal
1575,1781099975.449478,normal
1576,1781099975.450937,udp_reflection
1577,1781099975.453651,udp_reflection
1578,1781099975.454796,normal
1579,1781099975.456630,normal
1580,1781099975.458568,udp_reflection
1581,1781099975.460224,http_flood
1582,1781099975.461972,http_flood
1583,1781099975.463411,udp_reflection
1584,1781099975.464705,normal
1585,1781099975.467216,normal
1586,1781099975.468440,normal
1587,1781099975.470447,normal
1588,1781099975.472457,normal
1589,1781099975.474226,normal
1590,1781099975.475371,normal
1591,1781099975.476884,normal
1592,1781099975.478495,normal
1593,1781099975.480222,normal
1594,1781099975.481356,normal
1595,1781099975.483572,normal
1596,1781099975.484735,normal
1597,1781099975.486085,syn_flood
1598,1781099975.487228,normal
1599,1781099975.489150,normal
1600,1781099975.490623,normal
1601,1781099975.492091,normal
1602,1781099975.493365,syn_flood
1603,1781099975.495450,normal
1604,1781099975.496981,normal
1605,1781099975.498768,normal
1606,1781099975.501235,normal
1607,1781099975.502713,syn_flood
1608,1781099975.504844,normal
1609,1781099975.505941,normal
1610,1781099975.507740,normal
1611,1781099975.509079,normal
1612,1781099975.510777,syn_flood
1613,1781099975.512410,normal
1614,1781099975.514246,normal
1615,1781099975.515610,normal
1616,1781099975.516996,normal
1617,1781099975.518883,normal
1618,1781099975.521434,normal
1619,1781099975.523052,normal
1620,1781099975.524384,normal
1621,1781099975.525680,normal
1622,1781099975.527698,normal
1623,1781099975.528998,syn_flood
1624,1781099975.531001,normal
1625,1781099975.532635,normal
1626,1781099975.534263,normal
1627,1781099975.536392,normal
1628,1781099975.537547,normal
1629,1781099975.539695,normal
1630,1781099975.541379,syn_flood
1631,1781099975.543134,syn_flood
1632,1781099975.544589,normal
1633,1781099975.546185,syn_flood
1634,1781099975.548001,normal
1635,1781099975.549949,http_flood
1636,1781099975.551013,http_flood
1637,1781099975.552344,normal
1638,1781099975.553468,normal
1639,1781099975.555001,normal
1640,1781099975.556723,normal
1641,1781099975.558397,normal
1642,1781099975.560509,normal
1643,1781099975.562247,normal
1644,1781099975.564947,normal
1645,1781099975.566625,normal
1646,1781099975.568497,normal
1647,1781099975.570622,normal
1648,1781099975.573210,normal
1649,1781099975.574612,normal
1650,1781099975.576665,normal
1651,1781099975.578188,normal
1652,1781099975.579939,normal
1653,1781099975.581611,normal
1654,1781099975.583282,syn_flood
1655,1781099975.584625,normal
1656,1781099975.586668,syn_flood
1657,1781099975.588368,udp_reflection
1658,1781099975.589794,normal
1659,1781099975.591598,normal
1660,1781099975.593273,udp_reflection
1661,1781099975.594607,udp_reflection
1662,1781099975.596225,normal
1663,1781099975.597884,normal
1664,1781099975.599231,normal
1665,1781099975.601130,normal
1666,1781099975.602336,normal
1667,1781099975.604377,normal
1668,1781099975.605921,normal
1669,1781099975.607309,http_flood
1670,1781099975.609113,normal
1671,1781099975.611136,normal
1672,1781099975.612986,normal
1673,1781099975.614400,normal
1674,1781099975.616327,syn_flood
1675,1781099975.618467,normal
1676,1781099975.620183,normal
1677,1781099975.622600,normal
1678,1781099975.624024,http_flood
1679,1781099975.626179,http_flood
1680,1781099975.628745,syn_flood
1681,1781099975.630716,normal
1682,1781099975.632310,normal
1683,1781099975.634133,normal
1684,1781099975.635510,normal
1685,1781099975.637478,normal
1686,1781099975.639232,udp_reflection
1687,1781099975.640835,normal
1688,1781099975.642849,normal
1689,1781099975.644627,normal
1690,1781099975.647544,normal
1691,1781099975.649414,normal
1692,1781099975.651015,normal
1693,1781099975.652364,normal
1694,1781099975.653907,syn_flood
1695,1781099975.655535,normal
1696,1781099975.657449,normal
1697,1781099975.659932,normal
1698,1781099975.661159,normal
1699,1781099975.662399,normal
1700,1781099975.664074,normal
1701,1781099975.665570,normal
1702,1781099975.667964,normal
1703,1781099975.669106,normal
1704,1781099975.670793,normal
1705,1781099975.672930,normal
1706,1781099975.674373,normal
1707,1781099975.676072,normal
1708,1781099975.677598,normal
1709,1781099975.679025,normal
1710,1781099975.680763,syn_flood
1711,1781099975.682202,normal
1712,1781099975.683807,normal
1713,1781099975.685999,normal
1714,1781099975.687491,syn_flood
1715,1781099975.689426,normal
1716,1781099975.690777,normal
1717,1781099975.692107,normal
1718,1781099975.693717,normal
1719,1781099975.694926,syn_flood
1720,1781099975.696212,normal
1721,1781099975.697497,normal
1722,1781099975.699292,normal
1723,1781099975.701317,normal
1724,1781099975.704006,normal
1725,1781099975.705800,normal
1726,1781099975.707047,normal
1727,1781099975.708930,normal
1728,1781099975.710944,normal
1729,1781099975.713147,normal
1730,1781099975.714848,normal
1731,1781099975.716363,normal
1732,1781099975.718101,normal
1733,1781099975.720140,normal
1734,1781099975.721373,normal
1735,1781099975.723589,normal
1736,1781099975.725834,normal
1737,1781099975.727422,normal
1738,1781099975.728980,syn_flood
1739,1781099975.730331,normal
1740,1781099975.732243,normal
1741,1781099975.734843,normal
1742,1781099975.736343,http_flood
1743,1781099975.738055,normal
1744,1781099975.739538,normal
1745,1781099975.741492,http_flood
1746,1781099975.743099,http_flood
1747,1781099975.744647,normal
1748,1781099975.746480,normal
1749,1781099975.748330,normal
1750,1781099975.749780,normal
1751,1781099975.751506,normal
1752,1781099975.753732,syn_flood
1753,1781099975.755402,normal
1754,1781099975.757409,syn_flood
1755,1781099975.759190,normal
1756,1781099975.760690,syn_flood
1757,1781099975.762347,normal
1758,1781099975.764438,normal
1759,1781099975.766061,udp_reflection
1760,1781099975.767734,normal
1761,1781099975.769917,normal
1762,1781099975.771634,udp_reflection
1763,1781099975.773041,normal
1764,1781099975.774582,normal
1765,1781099975.775578,normal
1766,1781099975.776976,http_flood
1767,1781099975.779218,syn_flood
1768,1781099975.781038,normal
1769,1781099975.782745,syn_flood
1770,1781099975.784122,udp_reflection
1771,1781099975.785640,normal
1772,1781099975.786900,normal
1773,1781099975.788710,normal
1774,1781099975.790462,syn_flood
1775,1781099975.792094,normal
1776,1781099975.793873,normal
1777,1781099975.795609,normal
1778,1781099975.797314,normal
1779,1781099975.799079,normal
1780,1781099975.801082,normal
1781,1781099975.802679,syn_flood
1782,1781099975.804195,normal
1783,1781099975.805609,normal
1784,1781099975.807022,normal
1785,1781099975.808086,normal
1786,1781099975.809142,normal
1787,1781099975.811441,normal
1788,1781099975.813280,normal
1789,1781099975.814706,normal
1790,1781099975.816544,syn_flood
1791,1781099975.818450,normal
1792,1781099975.820356,syn_flood
1793,1781099975.821307,normal
1794,1781099975.822626,normal
1795,1781099975.824162,normal
1796,1781099975.825461,syn_flood
1797,1781099975.827045,normal
1798,1781099975.828751,normal
1799,1781099975.830666,normal
1800,1781099975.831617,normal
1801,1781099975.833134,normal
1802,1781099975.834706,normal
1803,1781099975.836789,normal
1804,1781099975.838196,normal
1805,1781099975.839186,normal
1806,1781099975.840868,normal
1807,1781099975.842830,syn_flood
1808,1781099975.844120,normal
1809,1781099975.845841,normal
1810,1781099975.847435,normal
1811,1781099975.849740,normal
1812,1781099975.851313,normal
1813,1781099975.853146,normal
1814,1781099975.854798,udp_reflection
1815,1781099975.856291,normal
1816,1781099975.858796,normal
1817,1781099975.860349,udp_reflection
1818,1781099975.861960,syn_flood
1819,1781099975.864486,normal
1820,1781099975.865930,normal
1821,1781099975.867828,normal
1822,1781099975.869273,normal
1823,1781099975.871344,syn_flood
1824,1781099975.872819,normal
1825,1781099975.874259,normal
1826,1781099975.875459,normal
1827,1781099975.876924,normal
1828,1781099975.878620,normal
1829,1781099975.880410,udp_reflection
1830,1781099975.881921,normal
1831,1781099975.883595,normal
1832,1781099975.885183,normal
1833,1781099975.886588,normal
1834,1781099975.888477,normal
1835,1781099975.890116,normal
1836,1781099975.892232,normal
1837,1781099975.894439,syn_flood
1838,1781099975.895989,normal
1839,1781099975.897694,normal
1840,1781099975.899168,normal
1841,1781099975.901283,normal
1842,1781099975.903248,normal
1843,1781099975.904980,http_flood
1844,1781099975.906667,normal
1845,1781099975.908592,normal
1846,1781099975.910023,normal
1847,1781099975.911666,syn_flood
1848,1781099975.913242,udp_reflection
1849,1781099975.915385,syn_flood
1850,1781099975.916260,normal
1851,1781099975.918305,normal
1852,1781099975.920032,normal
1853,1781099975.922224,syn_flood
1854,1781099975.924360,normal
1855,1781099975.926242,normal
1856,1781099975.928269,normal
1857,1781099975.929657,normal
1858,1781099975.931644,normal
1859,1781099975.932577,normal
1860,1781099975.934485,normal
1861,1781099975.936677,http_flood
1862,1781099975.938231,normal
1863,1781099975.940492,normal
1864,1781099975.942368,syn_flood
1865,1781099975.944185,normal
1866,1781099975.946450,normal
1867,1781099975.947815,normal
1868,1781099975.949749,syn_flood
1869,1781099975.952175,normal
1870,1781099975.954572,normal
1871,1781099975.956126,syn_flood
1872,1781099975.957869,normal
1873,1781099975.958959,normal
1874,1781099975.960487,normal
1875,1781099975.963314,normal
1876,1781099975.964963,normal
1877,1781099975.967066,normal
1878,1781099975.968907,syn_flood
1879,1781099975.970665,normal
1880,1781099975.972010,syn_flood
1881,1781099975.973697,normal
1882,1781099975.975134,normal
1883,1781099975.976932,syn_flood
1884,1781099975.978688,normal
1885,1781099975.980769,normal
1886,1781099975.982627,normal
1887,1781099975.984279,normal
1888,1781099975.986491,normal
1889,1781099975.987709,normal
1890,1781099975.989610,syn_flood
1891,1781099975.991296,syn_flood
1892,1781099975.993019,normal
1893,1781099975.994765,normal
1894,1781099975.996294,normal
1895,1781099975.998695,normal
1896,1781099975.999599,normal
1897,1781099976.001535,normal
1898,1781099976.003332,http_flood
1899,1781099976.005585,normal
1900,1781099976.008198,normal
1901,1781099976.009716,normal
1902,1781099976.011589,normal
1903,1781099976.012850,normal
1904,1781099976.014461,syn_flood
1905,1781099976.015621,syn_flood
1906,1781099976.017561,syn_flood
1907,1781099976.019714,normal
1908,1781099976.021302,normal
1909,1781099976.023350,normal
1910,1781099976.025055,normal
1911,1781099976.027031,normal
1912,1781099976.028288,normal
1913,1781099976.030426,syn_flood
1914,1781099976.031873,normal
1915,1781099976.033723,normal
1916,1781099976.034938,normal
1917,1781099976.036639,normal
1918,1781099976.038317,normal
1919,1781099976.039448,normal
1920,1781099976.041286,udp_reflection
1921,1781099976.042669,syn_flood
1922,1781099976.044049,normal
1923,1781099976.045442,normal
1924,1781099976.048353,normal
1925,1781099976.050254,syn_flood
1926,1781099976.051784,syn_flood
1927,1781099976.053437,syn_flood
1928,1781099976.055004,normal
1929,1781099976.056601,normal
1930,1781099976.057861,normal
1931,1781099976.059101,normal
1932,1781099976.060954,normal
1933,1781099976.062022,syn_flood
1934,1781099976.063736,udp_reflection
1935,1781099976.065630,normal
1936,1781099976.067640,normal
1937,1781099976.069597,syn_flood
1938,1781099976.072289,syn_flood
1939,1781099976.073873,http_flood
1940,1781099976.075529,normal
1941,1781099976.076939,http_flood
1942,1781099976.078669,udp_reflection
1943,1781099976.080257,normal
1944,1781099976.081523,http_flood
1945,1781099976.082654,syn_flood
1946,1781099976.084884,normal
1947,1781099976.086302,normal
1948,1781099976.087693,http_flood
1949,1781099976.089073,normal
1950,1781099976.090958,syn_flood
1951,1781099976.093167,normal
1952,1781099976.095138,normal
1953,1781099976.097020,normal
1954,1781099976.098646,syn_flood
1955,1781099976.100031,syn_flood
1956,1781099976.101370,normal
1957,1781099976.103282,normal
1958,1781099976.105749,normal
1959,1781099976.108537,normal
1960,1781099976.110405,syn_flood
1961,1781099976.112352,normal
1962,1781099976.114315,normal
1963,1781099976.115834,normal
1964,1781099976.117376,udp_reflection
1965,1781099976.118852,normal
1966,1781099976.120318,syn_flood
1967,1781099976.121823,http_flood
1968,1781099976.123134,udp_reflection
1969,1781099976.125844,normal
1970,1781099976.128052,normal
1971,1781099976.130345,normal
1972,1781099976.132331,normal
1973,1781099976.133288,normal
1974,1781099976.134997,normal
1975,1781099976.136405,normal
1976,1781099976.138130,normal
1977,1781099976.139434,normal
1978,1781099976.141226,syn_flood
1979,1781099976.142932,normal
1980,1781099976.144929,normal
1981,1781099976.146622,normal
1982,1781099976.148080,syn_flood
1983,1781099976.149860,normal
1984,1781099976.152017,http_flood
1985,1781099976.153689,normal
1986,1781099976.155200,normal
1987,1781099976.157184,normal
1988,1781099976.158444,syn_flood
1989,1781099976.160636,http_flood
1990,1781099976.163373,normal
1991,1781099976.165891,normal
1992,1781099976.167743,normal
1993,1781099976.169222,http_flood
1994,1781099976.170891,normal
1995,1781099976.172459,syn_flood
1996,1781099976.173626,normal
1997,1781099976.175866,normal
1998,1781099976.177045,syn_flood
1999,1781099976.178812,syn_flood
2000,1781099976.181305,normal
2001,1781099976.182716,udp_reflection
2002,1781099976.184748,normal
2003,1781099976.187026,normal
2004,1781099976.188153,udp_reflection
2005,1781099976.189777,http_flood
2006,1781099976.191687,normal
2007,1781099976.193904,normal
2008,1781099976.195191,normal
2009,1781099976.196365,normal
2010,1781099976.197675,http_flood
2011,1781099976.199591,normal
2012,1781099976.201270,syn_flood
2013,1781099976.203270,normal
2014,1781099976.204678,normal
2015,1781099976.206843,normal
2016,1781099976.208188,normal
2017,1781099976.209401,http_flood
2018,1781099976.211371,normal
2019,1781099976.212703,http_flood
2020,1781099976.215146,normal
2021,1781099976.217108,normal
2022,1781099976.218346,normal
2023,1781099976.220167,normal
2024,1781099976.222443,normal
2025,1781099976.224433,syn_flood
2026,1781099976.225727,normal
2027,1781099976.227012,normal
2028,1781099976.229891,syn_flood
2029,1781099976.231200,http_flood
2030,1781099976.232952,normal
2031,1781099976.234400,normal
2032,1781099976.236560,normal
2033,1781099976.238212,syn_flood
2034,1781099976.239126,normal
2035,1781099976.240836,syn_flood
2036,1781099976.242111,normal
2037,1781099976.243668,normal
2038,1781099976.245273,normal
2039,1781099976.246356,normal
2040,1781099976.248375,normal
2041,1781099976.249765,normal
2042,1781099976.251167,normal
2043,1781099976.252955,normal
2044,1781099976.254419,udp_reflection
2045,1781099976.256120,normal
2046,1781099976.257392,normal
2047,1781099976.259578,syn_flood
2048,1781099976.261161,normal
2049,1781099976.262404,normal
2050,1781099976.264502,normal
2051,1781099976.266521,normal
2052,1781099976.267692,normal
2053,1781099976.269159,normal
2054,1781099976.271001,normal
2055,1781099976.272598,normal
2056,1781099976.274453,syn_flood
2057,1781099976.276672,normal
2058,1781099976.278767,normal
2059,1781099976.281398,normal
2060,1781099976.283193,normal
2061,1781099976.284375,normal
2062,1781099976.285930,normal
2063,1781099976.287709,normal
2064,1781099976.289482,normal
2065,1781099976.291282,normal
2066,1781099976.293874,syn_flood
2067,1781099976.295973,normal
2068,1781099976.297675,syn_flood
2069,1781099976.299682,normal
2070,1781099976.301948,normal
2071,1781099976.303404,normal
2072,1781099976.305118,normal
2073,1781099976.306856,normal
2074,1781099976.308964,normal
2075,1781099976.310231,normal
2076,1781099976.311444,normal
2077,1781099976.313280,normal
2078,1781099976.314806,normal
2079,1781099976.316814,normal
2080,1781099976.318376,normal
2081,1781099976.319744,normal
2082,1781099976.322032,normal
2083,1781099976.324121,normal
2084,1781099976.325445,normal
2085,1781099976.326915,normal
2086,1781099976.328402,syn_flood
2087,1781099976.330278,normal
2088,1781099976.331339,normal
2089,1781099976.333588,normal
2090,1781099976.335039,normal
2091,1781099976.337327,normal
2092,1781099976.338999,normal
2093,1781099976.341316,normal
2094,1781099976.342676,normal
2095,1781099976.344064,normal
2096,1781099976.345417,normal
2097,1781099976.347286,normal
2098,1781099976.348760,http_flood
2099,1781099976.351488,syn_flood
2100,1781099976.353644,normal
2101,1781099976.355725,normal
2102,1781099976.357440,udp_reflection
2103,1781099976.360364,normal
2104,1781099976.361359,normal
2105,1781099976.363149,normal
2106,1781099976.365980,syn_flood
2107,1781099976.367513,normal
2108,1781099976.369147,normal
2109,1781099976.370297,normal
2110,1781099976.371936,normal
2111,1781099976.374365,normal
2112,1781099976.375682,normal
2113,1781099976.377536,syn_flood
2114,1781099976.379353,http_flood
2115,1781099976.380617,normal
2116,1781099976.382032,http_flood
2117,1781099976.383546,normal
2118,1781099976.385701,normal
2119,1781099976.387444,http_flood
2120,1781099976.389479,normal
2121,1781099976.391101,normal
2122,1781099976.392855,normal
2123,1781099976.395251,normal
2124,1781099976.397388,normal
2125,1781099976.398916,syn_flood
2126,1781099976.399867,normal
2127,1781099976.401444,normal
2128,1781099976.403585,normal
2129,1781099976.405208,syn_flood
2130,1781099976.406852,normal
2131,1781099976.408567,udp_reflection
2132,1781099976.409956,normal
2133,1781099976.411559,normal
2134,1781099976.413871,syn_flood
2135,1781099976.415406,normal
2136,1781099976.417510,normal
2137,1781099976.419304,normal
2138,1781099976.421349,normal
2139,1781099976.423591,normal
2140,1781099976.425107,normal
2141,1781099976.426540,normal
2142,1781099976.428666,normal
2143,1781099976.430425,normal
2144,1781099976.432107,normal
2145,1781099976.433826,normal
2146,1781099976.435063,normal
2147,1781099976.436465,normal
2148,1781099976.437644,normal
2149,1781099976.439662,syn_flood
2150,1781099976.442396,normal
2151,1781099976.443987,normal
2152,1781099976.445300,normal
2153,1781099976.446502,normal
2154,1781099976.447614,normal
2155,1781099976.449508,normal
2156,1781099976.451621,normal
2157,1781099976.453355,normal
2158,1781099976.455121,normal
2159,1781099976.457796,normal
2160,1781099976.459719,normal
2161,1781099976.461167,normal
2162,1781099976.463558,normal
2163,1781099976.465393,normal
2164,1781099976.467040,normal
2165,1781099976.468588,normal
2166,1781099976.469902,syn_flood
2167,1781099976.471368,syn_flood
2168,1781099976.473142,normal
2169,1781099976.474853,normal
2170,1781099976.476769,normal
2171,1781099976.478769,syn_flood
2172,1781099976.480922,syn_flood
2173,1781099976.482800,normal
2174,1781099976.483865,normal
2175,1781099976.485263,normal
2176,1781099976.486570,normal
2177,1781099976.488752,normal
2178,1781099976.490771,normal
2179,1781099976.492486,syn_flood
2180,1781099976.494154,normal
2181,1781099976.496082,syn_flood
2182,1781099976.497525,normal
2183,1781099976.498794,normal
2184,1781099976.500182,normal
2185,1781099976.502043,normal
2186,1781099976.503784,syn_flood
2187,1781099976.505102,normal
2188,1781099976.506711,normal
2189,1781099976.507928,syn_flood
2190,1781099976.509564,normal
2191,1781099976.511734,http_flood
2192,1781099976.513982,normal
2193,1781099976.515106,syn_flood
2194,1781099976.516689,normal
2195,1781099976.518188,normal
2196,1781099976.520150,normal
2197,1781099976.521616,normal
2198,1781099976.523045,normal
2199,1781099976.524769,normal
2200,1781099976.526897,normal
2201,1781099976.527853,syn_flood
2202,1781099976.529640,normal
2203,1781099976.531100,normal
2204,1781099976.533211,normal
2205,1781099976.535316,normal
2206,1781099976.536458,normal
2207,1781099976.538241,normal
2208,1781099976.540006,normal
2209,1781099976.541950,normal
2210,1781099976.543856,udp_reflection
2211,1781099976.545184,udp_reflection
2212,1781099976.546596,normal
2213,1781099976.548608,normal
2214,1781099976.550605,normal
2215,1781099976.552512,normal
2216,1781099976.554529,normal
2217,1781099976.556279,normal
2218,1781099976.558021,normal
2219,1781099976.559431,normal
2220,1781099976.561121,udp_reflection
2221,1781099976.562740,normal
2222,1781099976.565060,normal
2223,1781099976.566667,normal
2224,1781099976.567627,normal
2225,1781099976.569067,syn_flood
2226,1781099976.571012,normal
2227,1781099976.573077,normal
2228,1781099976.574468,normal
2229,1781099976.577006,normal
2230,1781099976.578949,normal
2231,1781099976.580717,normal
2232,1781099976.582243,normal
2233,1781099976.583534,normal
2234,1781099976.585019,syn_flood
2235,1781099976.586512,normal
2236,1781099976.588395,normal
2237,1781099976.590758,normal
2238,1781099976.592048,syn_flood
2239,1781099976.593789,syn_flood
2240,1781099976.595386,syn_flood
2241,1781099976.596829,normal
2242,1781099976.599592,normal
2243,1781099976.602061,normal
2244,1781099976.603546,normal
2245,1781099976.606186,syn_flood
2246,1781099976.607965,normal
2247,1781099976.609664,normal
2248,1781099976.610929,normal
2249,1781099976.612195,udp_reflection
2250,1781099976.614177,normal
2251,1781099976.616976,normal
2252,1781099976.618905,normal
2253,1781099976.620844,normal
2254,1781099976.622685,normal
2255,1781099976.624680,syn_flood
2256,1781099976.626059,http_flood
2257,1781099976.627447,normal
2258,1781099976.629323,syn_flood
2259,1781099976.631686,normal
2260,1781099976.633717,normal
2261,1781099976.635721,syn_flood
2262,1781099976.638110,http_flood
2263,1781099976.639502,normal
2264,1781099976.641692,normal
2265,1781099976.643119,normal
2266,1781099976.644948,syn_flood
2267,1781099976.646415,normal
2268,1781099976.648395,normal
2269,1781099976.650821,normal
2270,1781099976.652482,normal
2271,1781099976.653715,normal
2272,1781099976.655721,normal
2273,1781099976.657309,normal
2274,1781099976.658989,normal
2275,1781099976.660384,http_flood
2276,1781099976.662396,normal
2277,1781099976.664287,normal
2278,1781099976.666488,normal
2279,1781099976.668138,normal
2280,1781099976.669225,syn_flood
2281,1781099976.670708,normal
2282,1781099976.671985,normal
2283,1781099976.673989,normal
2284,1781099976.675359,normal
2285,1781099976.676497,normal
2286,1781099976.678020,normal
2287,1781099976.679278,normal
2288,1781099976.680744,normal
2289,1781099976.682255,normal
2290,1781099976.684158,normal
2291,1781099976.685704,syn_flood
2292,1781099976.687154,normal
2293,1781099976.689394,normal
2294,1781099976.691319,normal
2295,1781099976.692768,normal
2296,1781099976.695028,normal
2297,1781099976.696803,normal
2298,1781099976.699237,normal
2299,1781099976.701093,normal
2300,1781099976.703665,normal
2301,1781099976.705360,normal
2302,1781099976.707326,normal
2303,1781099976.708510,normal
2304,1781099976.710410,normal
2305,1781099976.712345,udp_reflection
2306,1781099976.714207,normal
2307,1781099976.715792,syn_flood
2308,1781099976.718256,normal
2309,1781099976.720303,normal
2310,1781099976.721575,normal
2311,1781099976.723070,normal
2312,1781099976.724675,normal
2313,1781099976.726026,normal
2314,1781099976.727109,syn_flood
2315,1781099976.728271,normal
2316,1781099976.729643,normal
2317,1781099976.731486,normal
2318,1781099976.732864,syn_flood
2319,1781099976.735176,syn_flood
2320,1781099976.736667,normal
2321,1781099976.737988,normal
2322,1781099976.739783,normal
2323,1781099976.741176,syn_flood
2324,1781099976.742362,normal
2325,1781099976.743907,normal
2326,1781099976.745513,normal
2327,1781099976.747394,normal
2328,1781099976.749148,udp_reflection
2329,1781099976.750903,normal
2330,1781099976.752754,normal
2331,1781099976.755084,normal
2332,1781099976.756474,normal
2333,1781099976.758103,normal
2334,1781099976.759982,normal
2335,1781099976.762161,normal
2336,1781099976.763788,syn_flood
2337,1781099976.765439,normal
2338,1781099976.766679,normal
2339,1781099976.768988,syn_flood
2340,1781099976.771420,normal
2341,1781099976.773128,http_flood
2342,1781099976.774638,syn_flood
2343,1781099976.776088,syn_flood
2344,1781099976.777577,normal
2345,1781099976.778879,normal
2346,1781099976.781042,normal
2347,1781099976.782182,syn_flood
2348,1781099976.783610,normal
2349,1781099976.785171,normal
2350,1781099976.787014,syn_flood
2351,1781099976.788945,normal
2352,1781099976.790784,syn_flood
2353,1781099976.792724,normal
2354,1781099976.794317,syn_flood
2355,1781099976.795964,normal
2356,1781099976.797342,syn_flood
2357,1781099976.799552,syn_flood
2358,1781099976.800968,syn_flood
2359,1781099976.802405,http_flood
2360,1781099976.803741,normal
2361,1781099976.804917,normal
2362,1781099976.807163,normal
2363,1781099976.808181,syn_flood
2364,1781099976.810354,syn_flood
2365,1781099976.811722,syn_flood
2366,1781099976.813164,normal
2367,1781099976.814363,normal
2368,1781099976.815556,normal
2369,1781099976.817223,normal
2370,1781099976.819270,normal
2371,1781099976.820830,normal
2372,1781099976.822039,normal
2373,1781099976.823820,normal
2374,1781099976.825275,syn_flood
2375,1781099976.827437,udp_reflection
2376,1781099976.828897,normal
2377,1781099976.830580,normal
2378,1781099976.831808,normal
2379,1781099976.833757,udp_reflection
2380,1781099976.835218,syn_flood
2381,1781099976.837753,normal
2382,1781099976.839532,normal
2383,1781099976.840770,syn_flood
2384,1781099976.842414,normal
2385,1781099976.844498,normal
2386,1781099976.846119,normal
2387,1781099976.847419,normal
2388,1781099976.848531,normal
2389,1781099976.850298,normal
2390,1781099976.852097,normal
2391,1781099976.853621,normal
2392,1781099976.855271,normal
2393,1781099976.857169,http_flood
2394,1781099976.858629,normal
2395,1781099976.860007,normal
2396,1781099976.861605,normal
2397,1781099976.863303,udp_reflection
2398,1781099976.864871,normal
2399,1781099976.866348,syn_flood
2400,1781099976.868083,normal
2401,1781099976.869751,syn_flood
2402,1781099976.871083,normal
2403,1781099976.872982,normal
2404,1781099976.874883,normal
2405,1781099976.876676,normal
2406,1781099976.878246,syn_flood
2407,1781099976.880180,normal
2408,1781099976.882103,normal
2409,1781099976.884473,normal
2410,1781099976.886505,normal
2411,1781099976.888281,udp_reflection
2412,1781099976.889740,normal
2413,1781099976.892045,normal
2414,1781099976.894335,normal
2415,1781099976.896283,normal
2416,1781099976.898827,normal
2417,1781099976.901304,normal
2418,1781099976.903189,normal
2419,1781099976.905379,normal
2420,1781099976.907449,normal
2421,1781099976.909203,normal
2422,1781099976.910732,normal
2423,1781099976.912361,normal
2424,1781099976.914525,normal
2425,1781099976.915724,normal
2426,1781099976.917977,normal
2427,1781099976.919984,normal
2428,1781099976.921402,normal
2429,1781099976.922714,normal
2430,1781099976.925076,syn_flood
2431,1781099976.926266,normal
2432,1781099976.927577,normal
2433,1781099976.929164,syn_flood
2434,1781099976.931107,normal
2435,1781099976.932750,normal
2436,1781099976.934447,normal
2437,1781099976.935575,normal
2438,1781099976.937299,normal
2439,1781099976.939086,syn_flood
2440,1781099976.940558,normal
2441,1781099976.941500,normal
2442,1781099976.943045,normal
2443,1781099976.945087,normal
2444,1781099976.947005,syn_flood
2445,1781099976.948472,normal
2446,1781099976.950646,normal
2447,1781099976.952802,udp_reflection
2448,1781099976.954250,normal
2449,1781099976.956061,normal
2450,1781099976.956894,normal
2451,1781099976.958693,normal
2452,1781099976.960558,normal
2453,1781099976.962177,udp_reflection
2454,1781099976.963727,normal
2455,1781099976.965162,normal
2456,1781099976.966883,normal
2457,1781099976.968827,syn_flood
2458,1781099976.971083,normal
2459,1781099976.973122,normal
2460,1781099976.974408,syn_flood
2461,1781099976.976264,syn_flood
2462,1781099976.978671,normal
2463,1781099976.979810,normal
2464,1781099976.981730,http_flood
2465,1781099976.983146,normal
2466,1781099976.984753,normal
2467,1781099976.986273,normal
2468,1781099976.987985,normal
2469,1781099976.989838,normal
2470,1781099976.991641,normal
2471,1781099976.993421,normal
2472,1781099976.995340,normal
2473,1781099976.996477,normal
2474,1781099976.998375,syn_flood
2475,1781099976.999880,normal
2476,1781099977.002238,normal
2477,1781099977.003539,normal
2478,1781099977.005019,normal
2479,1781099977.006589,syn_flood
2480,1781099977.007990,normal
2481,1781099977.009730,syn_flood
2482,1781099977.011300,normal
2483,1781099977.013089,normal
2484,1781099977.014400,normal
2485,1781099977.015666,syn_flood
2486,1781099977.017826,normal
2487,1781099977.019618,normal
2488,1781099977.021190,http_flood
2489,1781099977.023211,normal
2490,1781099977.025576,syn_flood
2491,1781099977.026831,normal
2492,1781099977.028697,normal
2493,1781099977.030602,udp_reflection
2494,1781099977.032282,normal
2495,1781099977.034036,normal
2496,1781099977.035791,normal
2497,1781099977.037523,syn_flood
2498,1781099977.039053,normal
2499,1781099977.040176,normal
2500,1781099977.041402,normal
2501,1781099977.043105,syn_flood
2502,1781099977.044769,syn_flood
2503,1781099977.046653,normal
2504,1781099977.047926,normal
2505,1781099977.049685,normal
2506,1781099977.051412,syn_flood
2507,1781099977.053174,normal
2508,1781099977.054677,normal
2509,1781099977.056477,normal
2510,1781099977.057670,udp_reflection
2511,1781099977.059967,normal
2512,1781099977.061730,normal
2513,1781099977.063347,normal
2514,1781099977.064882,http_flood
2515,1781099977.066225,normal
2516,1781099977.070213,syn_flood
2517,1781099977.072138,normal
2518,1781099977.074191,http_flood
2519,1781099977.075762,syn_flood
2520,1781099977.078030,normal
2521,1781099977.079273,normal
2522,1781099977.081622,udp_reflection
2523,1781099977.082803,normal
2524,1781099977.084331,normal
2525,1781099977.086392,normal
2526,1781099977.088311,http_flood
2527,1781099977.090978,normal
2528,1781099977.092841,http_flood
2529,1781099977.094354,syn_flood
2530,1781099977.095905,normal
2531,1781099977.097023,normal
2532,1781099977.098516,normal
2533,1781099977.099914,normal
2534,1781099977.101601,normal
2535,1781099977.103529,syn_flood
2536,1781099977.105199,syn_flood
2537,1781099977.107201,normal
2538,1781099977.108518,normal
2539,1781099977.110371,normal
2540,1781099977.112345,normal
2541,1781099977.113730,syn_flood
2542,1781099977.115357,normal
2543,1781099977.117673,normal
2544,1781099977.119735,normal
2545,1781099977.121380,normal
2546,1781099977.122752,normal
2547,1781099977.124127,normal
2548,1781099977.125700,normal
2549,1781099977.127345,normal
2550,1781099977.129118,normal
2551,1781099977.131570,normal
2552,1781099977.133883,normal
2553,1781099977.135488,normal
2554,1781099977.136924,syn_flood
2555,1781099977.138330,syn_flood
2556,1781099977.139590,normal
2557,1781099977.141198,normal
2558,1781099977.142709,syn_flood
2559,1781099977.144578,normal
2560,1781099977.145937,normal
2561,1781099977.147462,normal
2562,1781099977.148632,normal
2563,1781099977.150050,normal
2564,1781099977.152042,normal
2565,1781099977.153206,syn_flood
2566,1781099977.155024,normal
2567,1781099977.156776,normal
2568,1781099977.158268,normal
2569,1781099977.160199,normal
2570,1781099977.161934,normal
2571,1781099977.163410,normal
2572,1781099977.165214,normal
2573,1781099977.166711,normal
2574,1781099977.168764,syn_flood
2575,1781099977.170263,normal
2576,1781099977.171884,syn_flood
2577,1781099977.173620,normal
2578,1781099977.175126,normal
2579,1781099977.176947,normal
2580,1781099977.178675,normal
2581,1781099977.180610,syn_flood
2582,1781099977.182808,normal
2583,1781099977.184208,normal
2584,1781099977.185977,normal
2585,1781099977.187995,normal
2586,1781099977.189224,normal
2587,1781099977.190720,normal
2588,1781099977.192421,normal
2589,1781099977.194402,normal
2590,1781099977.195799,normal
2591,1781099977.197401,normal
2592,1781099977.198999,normal
2593,1781099977.200750,normal
2594,1781099977.201938,normal
2595,1781099977.203542,http_flood
2596,1781099977.205942,normal
2597,1781099977.207752,normal
2598,1781099977.209865,normal
2599,1781099977.211564,normal
2600,1781099977.212964,normal
2601,1781099977.214669,syn_flood
2602,1781099977.217211,http_flood
2603,1781099977.218713,normal
2604,1781099977.220001,http_flood
2605,1781099977.221356,syn_flood
2606,1781099977.222934,normal
2607,1781099977.224494,normal
2608,1781099977.226161,normal
2609,1781099977.227893,normal
2610,1781099977.229433,normal
2611,1781099977.231747,normal
2612,1781099977.232741,normal
2613,1781099977.234506,normal
2614,1781099977.236394,normal
2615,1781099977.238696,normal
2616,1781099977.239882,syn_flood
2617,1781099977.241081,normal
2618,1781099977.242658,syn_flood
2619,1781099977.244546,normal
2620,1781099977.246019,normal
2621,1781099977.247847,syn_flood
2622,1781099977.250674,udp_reflection
2623,1781099977.252429,normal
2624,1781099977.254413,normal
2625,1781099977.256123,udp_reflection
2626,1781099977.258640,syn_flood
2627,1781099977.260291,normal
2628,1781099977.262253,normal
2629,1781099977.264054,normal
2630,1781099977.266038,normal
2631,1781099977.267457,normal
2632,1781099977.269047,syn_flood
2633,1781099977.270684,syn_flood
2634,1781099977.272515,normal
2635,1781099977.274308,syn_flood
2636,1781099977.276249,syn_flood
2637,1781099977.277882,normal
2638,1781099977.279408,syn_flood
2639,1781099977.281196,normal
2640,1781099977.282612,syn_flood
2641,1781099977.284083,normal
2642,1781099977.286679,normal
2643,1781099977.287995,udp_reflection
2644,1781099977.289432,syn_flood
2645,1781099977.290881,normal
2646,1781099977.292196,normal
2647,1781099977.294102,syn_flood
2648,1781099977.295784,normal
2649,1781099977.296982,normal
2650,1781099977.299562,normal
2651,1781099977.301181,normal
2652,1781099977.302844,normal
2653,1781099977.304320,normal
2654,1781099977.306698,udp_reflection
2655,1781099977.308719,normal
2656,1781099977.310501,syn_flood
2657,1781099977.312139,normal
2658,1781099977.313719,syn_flood
2659,1781099977.315725,normal
2660,1781099977.317472,normal
2661,1781099977.318798,normal
2662,1781099977.320336,normal
2663,1781099977.322249,udp_reflection
2664,1781099977.323615,normal
2665,1781099977.325335,normal
2666,1781099977.327577,udp_reflection
2667,1781099977.328731,syn_flood
2668,1781099977.329926,syn_flood
2669,1781099977.331227,normal
2670,1781099977.332715,normal
2671,1781099977.334639,normal
2672,1781099977.335953,udp_reflection
2673,1781099977.337340,syn_flood
2674,1781099977.338735,udp_reflection
2675,1781099977.340425,normal
2676,1781099977.342386,normal
2677,1781099977.343828,normal
2678,1781099977.345086,normal
2679,1781099977.347143,normal
2680,1781099977.348493,normal
2681,1781099977.349672,syn_flood
2682,1781099977.351114,normal
2683,1781099977.352503,normal
2684,1781099977.353821,normal
2685,1781099977.355377,udp_reflection
2686,1781099977.357732,normal
2687,1781099977.359227,normal
2688,1781099977.360460,normal
2689,1781099977.362153,normal
2690,1781099977.363570,normal
2691,1781099977.365668,normal
2692,1781099977.367474,http_flood
2693,1781099977.368535,normal
2694,1781099977.369968,normal
2695,1781099977.372702,normal
2696,1781099977.374381,normal
2697,1781099977.375772,normal
2698,1781099977.377708,normal
2699,1781099977.379527,normal
2700,1781099977.381035,normal
2701,1781099977.383275,normal
2702,1781099977.385362,http_flood
2703,1781099977.386893,normal
2704,1781099977.388444,syn_flood
2705,1781099977.390263,normal
2706,1781099977.392167,normal
2707,1781099977.393854,normal
2708,1781099977.396106,normal
2709,1781099977.397683,normal
2710,1781099977.399338,normal
2711,1781099977.400894,normal
2712,1781099977.402735,udp_reflection
2713,1781099977.404359,normal
2714,1781099977.405886,syn_flood
2715,1781099977.407545,http_flood
2716,1781099977.408994,normal
2717,1781099977.410406,normal
2718,1781099977.412419,normal
2719,1781099977.413463,normal
2720,1781099977.414500,normal
2721,1781099977.416427,normal
2722,1781099977.417891,syn_flood
2723,1781099977.420011,normal
2724,1781099977.421891,normal
2725,1781099977.423500,syn_flood
2726,1781099977.426085,normal
2727,1781099977.427883,normal
2728,1781099977.429492,normal
2729,1781099977.431525,normal
2730,1781099977.433044,normal
2731,1781099977.434995,normal
2732,1781099977.436713,normal
2733,1781099977.438270,normal
2734,1781099977.440096,normal
2735,1781099977.442999,normal
2736,1781099977.445177,normal
2737,1781099977.447131,normal
2738,1781099977.449294,normal
2739,1781099977.450698,normal
2740,1781099977.451763,normal
2741,1781099977.453295,normal
2742,1781099977.454963,normal
2743,1781099977.457127,normal
2744,1781099977.459244,normal
2745,1781099977.460884,normal
2746,1781099977.462359,normal
2747,1781099977.463508,normal
2748,1781099977.465195,normal
2749,1781099977.467497,normal
2750,1781099977.469228,normal
2751,1781099977.471672,normal
2752,1781099977.473608,normal
2753,1781099977.475063,normal
2754,1781099977.476599,normal
2755,1781099977.477943,syn_flood
2756,1781099977.480350,syn_flood
2757,1781099977.481946,syn_flood
2758,1781099977.483726,normal
2759,1781099977.485626,normal
2760,1781099977.487890,syn_flood
2761,1781099977.489206,normal
2762,1781099977.490958,normal
2763,1781099977.492783,normal
2764,1781099977.494159,udp_reflection
2765,1781099977.496573,normal
2766,1781099977.498312,normal
2767,1781099977.500170,normal
2768,1781099977.502209,normal
2769,1781099977.503951,udp_reflection
2770,1781099977.505367,normal
2771,1781099977.508300,udp_reflection
2772,1781099977.509973,normal
2773,1781099977.511261,normal
2774,1781099977.512397,syn_flood
2775,1781099977.513846,normal
2776,1781099977.515890,normal
2777,1781099977.518041,normal
2778,1781099977.519347,normal
2779,1781099977.521579,normal
2780,1781099977.523262,syn_flood
2781,1781099977.524623,http_flood
2782,1781099977.526883,normal
2783,1781099977.529275,normal
2784,1781099977.530976,normal
2785,1781099977.532917,syn_flood
2786,1781099977.534450,normal
2787,1781099977.536009,normal
2788,1781099977.538372,normal
2789,1781099977.539593,syn_flood
2790,1781099977.541286,normal
2791,1781099977.542895,normal
2792,1781099977.544661,http_flood
2793,1781099977.547261,normal
2794,1781099977.549900,normal
2795,1781099977.551244,normal
2796,1781099977.553190,normal
2797,1781099977.555058,syn_flood
2798,1781099977.556318,syn_flood
2799,1781099977.557845,syn_flood
2800,1781099977.559548,normal
2801,1781099977.561585,udp_reflection
2802,1781099977.563362,normal
2803,1781099977.565204,normal
2804,1781099977.567115,normal
2805,1781099977.568326,normal
2806,1781099977.570035,syn_flood
2807,1781099977.571395,normal
2808,1781099977.573044,normal
2809,1781099977.575046,normal
2810,1781099977.576477,normal
2811,1781099977.578493,normal
2812,1781099977.579804,syn_flood
2813,1781099977.581583,normal
2814,1781099977.583100,normal
2815,1781099977.584315,normal
2816,1781099977.586014,normal
2817,1781099977.587298,normal
2818,1781099977.589103,http_flood
2819,1781099977.591215,normal
2820,1781099977.592599,normal
2821,1781099977.594163,normal
2822,1781099977.595898,normal
2823,1781099977.597871,normal
2824,1781099977.599041,normal
2825,1781099977.601094,syn_flood
2826,1781099977.603017,normal
2827,1781099977.604543,normal
2828,1781099977.606671,syn_flood
2829,1781099977.608058,syn_flood
2830,1781099977.609580,normal
2831,1781099977.611364,syn_flood
2832,1781099977.612942,normal
2833,1781099977.614146,udp_reflection
2834,1781099977.615904,normal
2835,1781099977.618188,http_flood
2836,1781099977.619819,udp_reflection
2837,1781099977.621960,syn_flood
2838,1781099977.623646,normal
2839,1781099977.625781,normal
2840,1781099977.626926,udp_reflection
2841,1781099977.628158,normal
2842,1781099977.629874,normal
2843,1781099977.631845,normal
2844,1781099977.633530,normal
2845,1781099977.635191,normal
2846,1781099977.636736,normal
2847,1781099977.638796,syn_flood
2848,1781099977.640627,normal
2849,1781099977.642395,normal
2850,1781099977.644233,normal
2851,1781099977.646116,normal
2852,1781099977.646634,udp_reflection
2853,1781099977.647338,syn_flood
2854,1781099977.647692,syn_flood
2855,1781099977.648153,normal
2856,1781099977.648730,normal
2857,1781099977.649143,udp_reflection
2858,1781099977.649621,syn_flood
2859,1781099977.650100,udp_reflection
2860,1781099977.650549,http_flood
2861,1781099977.650971,syn_flood
2862,1781099977.651470,syn_flood
2863,1781099977.651961,syn_flood
2864,1781099977.652709,syn_flood
2865,1781099977.653197,udp_reflection
2866,1781099977.653655,normal
2867,1781099977.654249,syn_flood
2868,1781099977.654711,syn_flood
2869,1781099977.655152,syn_flood
2870,1781099977.655675,normal
2871,1781099977.656153,syn_flood
2872,1781099977.656614,syn_flood
2873,1781099977.656987,syn_flood
2874,1781099977.657520,syn_flood
2875,1781099977.658199,syn_flood
2876,1781099977.658805,http_flood
2877,1781099977.659293,http_flood
2878,1781099977.659782,syn_flood
2879,1781099977.660529,syn_flood
2880,1781099977.661088,syn_flood
2881,1781099977.661517,syn_flood
2882,1781099977.661981,udp_reflection
2883,1781099977.662634,syn_flood
2884,1781099977.663063,normal
2885,1781099977.663561,normal
2886,1781099977.664272,syn_flood
2887,1781099977.664654,syn_flood
2888,1781099977.665160,syn_flood
2889,1781099977.666237,udp_reflection
2890,1781099977.666693,syn_flood
2891,1781099977.667104,normal
2892,1781099977.667553,http_flood
2893,1781099977.668021,syn_flood
2894,1781099977.668929,syn_flood
2895,1781099977.669254,normal
2896,1781099977.669718,syn_flood
2897,1781099977.670060,syn_flood
2898,1781099977.670586,syn_flood
2899,1781099977.671116,syn_flood
2900,1781099977.671682,http_flood
2901,1781099977.672317,normal
2902,1781099977.672788,syn_flood
2903,1781099977.673247,syn_flood
2904,1781099977.673908,syn_flood
2905,1781099977.674520,http_flood
2906,1781099977.675057,udp_reflection
2907,1781099977.675775,http_flood
2908,1781099977.676430,syn_flood
2909,1781099977.677029,http_flood
2910,1781099977.677515,udp_reflection
2911,1781099977.678343,syn_flood
2912,1781099977.678768,syn_flood
2913,1781099977.679170,syn_flood
2914,1781099977.679642,syn_flood
2915,1781099977.680186,syn_flood
2916,1781099977.680799,syn_flood
2917,1781099977.681248,syn_flood
2918,1781099977.681940,syn_flood
2919,1781099977.682353,normal
2920,1781099977.682938,normal
2921,1781099977.683491,syn_flood
2922,1781099977.683964,http_flood
2923,1781099977.684493,http_flood
2924,1781099977.684851,syn_flood
2925,1781099977.685529,normal
2926,1781099977.686074,udp_reflection
2927,1781099977.686444,syn_flood
2928,1781099977.687362,normal
2929,1781099977.687760,syn_flood
2930,1781099977.688315,syn_flood
2931,1781099977.688886,normal
2932,1781099977.689468,syn_flood
2933,1781099977.690026,syn_flood
2934,1781099977.690480,syn_flood
2935,1781099977.691012,syn_flood
2936,1781099977.691804,normal
2937,1781099977.692468,http_flood
2938,1781099977.693079,syn_flood
2939,1781099977.693608,normal
2940,1781099977.694177,syn_flood
2941,1781099977.694884,syn_flood
2942,1781099977.695486,udp_reflection
2943,1781099977.696187,syn_flood
2944,1781099977.696666,syn_flood
2945,1781099977.697252,normal
2946,1781099977.697635,syn_flood
2947,1781099977.698218,syn_flood
2948,1781099977.698716,syn_flood
2949,1781099977.699255,syn_flood
2950,1781099977.699777,normal
2951,1781099977.700805,udp_reflection
2952,1781099977.701518,syn_flood
2953,1781099977.702123,udp_reflection
2954,1781099977.702726,syn_flood
2955,1781099977.703269,syn_flood
2956,1781099977.703808,udp_reflection
2957,1781099977.704433,syn_flood
2958,1781099977.704854,syn_flood
2959,1781099977.705423,udp_reflection
2960,1781099977.705914,syn_flood
2961,1781099977.706455,normal
2962,1781099977.706893,syn_flood
2963,1781099977.707300,http_flood
2964,1781099977.707626,normal
2965,1781099977.708234,syn_flood
2966,1781099977.708897,syn_flood
2967,1781099977.709303,normal
2968,1781099977.709989,syn_flood
2969,1781099977.710620,normal
2970,1781099977.711069,syn_flood
2971,1781099977.711643,syn_flood
2972,1781099977.712152,normal
2973,1781099977.712704,syn_flood
2974,1781099977.713125,syn_flood
2975,1781099977.713665,http_flood
2976,1781099977.714005,syn_flood
2977,1781099977.714427,syn_flood
2978,1781099977.714787,syn_flood
2979,1781099977.715182,http_flood
2980,1781099977.715592,normal
2981,1781099977.715997,normal
2982,1781099977.716601,normal
2983,1781099977.717052,syn_flood
2984,1781099977.717415,normal
2985,1781099977.717907,syn_flood
2986,1781099977.718582,syn_flood
2987,1781099977.719179,syn_flood
2988,1781099977.719970,syn_flood
2989,1781099977.720593,normal
2990,1781099977.721005,syn_flood
2991,1781099977.721552,normal
2992,1781099977.722054,normal
2993,1781099977.722542,syn_flood
2994,1781099977.723058,udp_reflection
2995,1781099977.723593,syn_flood
2996,1781099977.723976,http_flood
2997,1781099977.724474,syn_flood
2998,1781099977.725076,syn_flood
2999,1781099977.725594,syn_flood
3000,1781099977.726089,udp_reflection
3001,1781099977.726642,syn_flood
3002,1781099977.727232,syn_flood
3003,1781099977.727768,syn_flood
3004,1781099977.728372,http_flood
3005,1781099977.728865,syn_flood
3006,1781099977.729616,syn_flood
3007,1781099977.730365,normal
3008,1781099977.730691,syn_flood
3009,1781099977.731248,normal
3010,1781099977.732013,normal
3011,1781099977.732421,udp_reflection
3012,1781099977.732930,syn_flood
3013,1781099977.733500,syn_flood
3014,1781099977.733774,http_flood
3015,1781099977.734234,syn_flood
3016,1781099977.734691,http_flood
3017,1781099977.735096,udp_reflection
3018,1781099977.735536,udp_reflection
3019,1781099977.736065,syn_flood
3020,1781099977.736526,normal
3021,1781099977.737055,http_flood
3022,1781099977.737479,normal
3023,1781099977.738104,http_flood
3024,1781099977.738729,syn_flood
3025,1781099977.739191,syn_flood
3026,1781099977.739959,syn_flood
3027,1781099977.740413,syn_flood
3028,1781099977.741029,syn_flood
3029,1781099977.741529,normal
3030,1781099977.742134,syn_flood
3031,1781099977.742501,normal
3032,1781099977.743092,syn_flood
3033,1781099977.743438,normal
3034,1781099977.743869,syn_flood
3035,1781099977.744306,syn_flood
3036,1781099977.744925,syn_flood
3037,1781099977.745396,normal
3038,1781099977.745923,udp_reflection
3039,1781099977.746331,syn_flood
3040,1781099977.747118,syn_flood
3041,1781099977.747750,syn_flood
3042,1781099977.748391,http_flood
3043,1781099977.749087,syn_flood
3044,1781099977.749468,syn_flood
3045,1781099977.750098,syn_flood
3046,1781099977.750465,normal
3047,1781099977.751210,syn_flood
3048,1781099977.751768,http_flood
3049,1781099977.752288,syn_flood
3050,1781099977.752940,syn_flood
3051,1781099977.753383,syn_flood
3052,1781099977.753911,syn_flood
3053,1781099977.754433,syn_flood
3054,1781099977.754951,normal
3055,1781099977.755466,syn_flood
3056,1781099977.756069,udp_reflection
3057,1781099977.756472,syn_flood
3058,1781099977.756994,normal
3059,1781099977.757559,normal
3060,1781099977.758185,syn_flood
3061,1781099977.758601,normal
3062,1781099977.759124,udp_reflection
3063,1781099977.759659,syn_flood
3064,1781099977.760168,syn_flood
3065,1781099977.760801,syn_flood
3066,1781099977.761359,udp_reflection
3067,1781099977.761776,syn_flood
3068,1781099977.762267,udp_reflection
3069,1781099977.762802,syn_flood
3070,1781099977.763449,syn_flood
3071,1781099977.764216,syn_flood
3072,1781099977.764947,udp_reflection
3073,1781099977.765397,normal
3074,1781099977.765741,syn_flood
3075,1781099977.766198,udp_reflection
3076,1781099977.766585,syn_flood
3077,1781099977.767292,syn_flood
3078,1781099977.767838,http_flood
3079,1781099977.768245,syn_flood
3080,1781099977.768687,syn_flood
3081,1781099977.769284,normal
3082,1781099977.769842,udp_reflection
3083,1781099977.770463,http_flood
3084,1781099977.770936,normal
3085,1781099977.771361,normal
3086,1781099977.771787,http_flood
3087,1781099977.772291,syn_flood
3088,1781099977.772786,udp_reflection
3089,1781099977.773203,syn_flood
3090,1781099977.773685,syn_flood
3091,1781099977.774248,syn_flood
3092,1781099977.774724,http_flood
3093,1781099977.775302,normal
3094,1781099977.775957,udp_reflection
3095,1781099977.776342,udp_reflection
3096,1781099977.776772,syn_flood
3097,1781099977.777245,syn_flood
3098,1781099977.777741,normal
3099,1781099977.778354,normal
3100,1781099977.778684,syn_flood
3101,1781099977.779171,syn_flood
3102,1781099977.779610,syn_flood
3103,1781099977.780100,syn_flood
3104,1781099977.780550,syn_flood
3105,1781099977.781284,normal
3106,1781099977.781759,udp_reflection
3107,1781099977.782030,normal
3108,1781099977.782591,normal
3109,1781099977.783175,syn_flood
3110,1781099977.783767,udp_reflection
3111,1781099977.784239,syn_flood
3112,1781099977.784755,udp_reflection
3113,1781099977.785250,http_flood
3114,1781099977.785970,syn_flood
3115,1781099977.786422,syn_flood
3116,1781099977.787018,syn_flood
3117,1781099977.787526,syn_flood
3118,1781099977.787845,syn_flood
3119,1781099977.788777,syn_flood
3120,1781099977.789166,http_flood
3121,1781099977.789545,syn_flood
3122,1781099977.790023,syn_flood
3123,1781099977.790419,http_flood
3124,1781099977.790951,udp_reflection
3125,1781099977.791509,syn_flood
3126,1781099977.792045,syn_flood
3127,1781099977.792566,syn_flood
3128,1781099977.793096,normal
3129,1781099977.793499,syn_flood
3130,1781099977.794298,syn_flood
3131,1781099977.794941,syn_flood
3132,1781099977.795845,normal
3133,1781099977.796414,udp_reflection
3134,1781099977.796836,http_flood
3135,1781099977.797344,syn_flood
3136,1781099977.797920,normal
3137,1781099977.798489,syn_flood
3138,1781099977.799108,syn_flood
3139,1781099977.799910,normal
3140,1781099977.800461,http_flood
3141,1781099977.800926,syn_flood
3142,1781099977.801392,normal
3143,1781099977.801758,syn_flood
3144,1781099977.802255,syn_flood
3145,1781099977.802608,syn_flood
3146,1781099977.803074,udp_reflection
3147,1781099977.803802,udp_reflection
3148,1781099977.804296,syn_flood
3149,1781099977.804783,syn_flood
3150,1781099977.805438,syn_flood
3151,1781099977.806031,syn_flood
3152,1781099977.806452,syn_flood
3153,1781099977.806924,syn_flood
3154,1781099977.807652,syn_flood
3155,1781099977.808279,normal
3156,1781099977.808796,syn_flood
3157,1781099977.809346,syn_flood
3158,1781099977.809958,syn_flood
3159,1781099977.810405,syn_flood
3160,1781099977.810809,syn_flood
3161,1781099977.811275,syn_flood
3162,1781099977.811704,syn_flood
3163,1781099977.812156,udp_reflection
3164,1781099977.812665,syn_flood
3165,1781099977.813190,syn_flood
3166,1781099977.813792,normal
3167,1781099977.814452,udp_reflection
3168,1781099977.814946,syn_flood
3169,1781099977.815591,udp_reflection
3170,1781099977.815939,syn_flood
3171,1781099977.816386,syn_flood
3172,1781099977.817083,syn_flood
3173,1781099977.817686,syn_flood
3174,1781099977.818205,http_flood
3175,1781099977.818778,syn_flood
3176,1781099977.819131,syn_flood
3177,1781099977.819739,udp_reflection
3178,1781099977.820135,syn_flood
3179,1781099977.820611,http_flood
3180,1781099977.821228,syn_flood
3181,1781099977.821594,syn_flood
3182,1781099977.822209,syn_flood
3183,1781099977.822824,normal
3184,1781099977.823626,normal
3185,1781099977.824326,http_flood
3186,1781099977.824756,normal
3187,1781099977.825458,normal
3188,1781099977.826061,udp_reflection
3189,1781099977.826542,normal
3190,1781099977.827105,http_flood
3191,1781099977.827681,normal
3192,1781099977.828305,syn_flood
3193,1781099977.828818,syn_flood
3194,1781099977.829291,syn_flood
3195,1781099977.829664,syn_flood
3196,1781099977.830189,http_flood
3197,1781099977.830572,syn_flood
3198,1781099977.831017,syn_flood
3199,1781099977.831539,syn_flood
3200,1781099977.832012,syn_flood
3201,1781099977.832419,http_flood
3202,1781099977.832907,normal
3203,1781099977.833391,syn_flood
3204,1781099977.833972,syn_flood
3205,1781099977.834398,syn_flood
3206,1781099977.834965,syn_flood
3207,1781099977.835482,syn_flood
3208,1781099977.836034,udp_reflection
3209,1781099977.836474,syn_flood
3210,1781099977.837092,syn_flood
3211,1781099977.837616,http_flood
3212,1781099977.838124,normal
3213,1781099977.838799,syn_flood
3214,1781099977.839330,syn_flood
3215,1781099977.839864,syn_flood
3216,1781099977.840270,syn_flood
3217,1781099977.840651,syn_flood
3218,1781099977.841146,normal
3219,1781099977.841671,http_flood
3220,1781099977.842072,normal
3221,1781099977.842678,normal
3222,1781099977.843103,syn_flood
3223,1781099977.843555,syn_flood
3224,1781099977.844182,syn_flood
3225,1781099977.844626,syn_flood
3226,1781099977.845416,syn_flood
3227,1781099977.845941,http_flood
3228,1781099977.846303,syn_flood
3229,1781099977.846792,syn_flood
3230,1781099977.847200,syn_flood
3231,1781099977.847558,http_flood
3232,1781099977.847953,syn_flood
3233,1781099977.848631,udp_reflection
3234,1781099977.849251,normal
3235,1781099977.849704,syn_flood
3236,1781099977.850029,normal
3237,1781099977.850516,normal
3238,1781099977.851347,syn_flood
3239,1781099977.851947,normal
3240,1781099977.852325,syn_flood
3241,1781099977.852807,syn_flood
3242,1781099977.853416,http_flood
3243,1781099977.853866,syn_flood
3244,1781099977.854402,udp_reflection
3245,1781099977.854864,syn_flood
3246,1781099977.855397,normal
3247,1781099977.855768,syn_flood
3248,1781099977.856338,syn_flood
3249,1781099977.856669,syn_flood
3250,1781099977.857240,syn_flood
3251,1781099977.858058,syn_flood
3252,1781099977.858606,normal
3253,1781099977.859019,normal
3254,1781099977.859468,syn_flood
3255,1781099977.859993,syn_flood
3256,1781099977.860571,syn_flood
3257,1781099977.860925,http_flood
3258,1781099977.861558,syn_flood
3259,1781099977.861978,syn_flood
3260,1781099977.862543,normal
3261,1781099977.862983,normal
3262,1781099977.863451,syn_flood
3263,1781099977.863945,syn_flood
3264,1781099977.864371,udp_reflection
3265,1781099977.864836,syn_flood
3266,1781099977.865220,syn_flood
3267,1781099977.865854,http_flood
3268,1781099977.866511,normal
3269,1781099977.866971,syn_flood
3270,1781099977.867430,http_flood
3271,1781099977.867894,udp_reflection
3272,1781099977.868479,normal
3273,1781099977.869083,syn_flood
3274,1781099977.869577,syn_flood
3275,1781099977.870346,normal
3276,1781099977.870720,syn_flood
3277,1781099977.871227,syn_flood
3278,1781099977.871752,http_flood
3279,1781099977.872124,syn_flood
3280,1781099977.872640,http_flood
3281,1781099977.873067,udp_reflection
3282,1781099977.873830,normal
3283,1781099977.874426,syn_flood
3284,1781099977.874941,syn_flood
3285,1781099977.875467,syn_flood
3286,1781099977.875915,syn_flood
3287,1781099977.876327,udp_reflection
3288,1781099977.876841,syn_flood
3289,1781099977.877452,udp_reflection
3290,1781099977.877939,http_flood
3291,1781099977.878408,normal
3292,1781099977.878927,syn_flood
3293,1781099977.879477,syn_flood
3294,1781099977.879958,syn_flood
3295,1781099977.880469,udp_reflection
3296,1781099977.881232,syn_flood
3297,1781099977.881580,syn_flood
3298,1781099977.882275,syn_flood
3299,1781099977.882818,udp_reflection
3300,1781099977.883421,syn_flood
3301,1781099977.883852,syn_flood
3302,1781099977.884369,syn_flood
3303,1781099977.884686,normal
3304,1781099977.885377,udp_reflection
3305,1781099977.886021,udp_reflection
3306,1781099977.886422,syn_flood
3307,1781099977.886949,syn_flood
3308,1781099977.887301,normal
3309,1781099977.887732,udp_reflection
3310,1781099977.888403,normal
3311,1781099977.888876,syn_flood
3312,1781099977.889273,syn_flood
3313,1781099977.889945,syn_flood
3314,1781099977.890673,syn_flood
3315,1781099977.891098,udp_reflection
3316,1781099977.891661,http_flood
3317,1781099977.892223,normal
3318,1781099977.892843,syn_flood
3319,1781099977.893456,udp_reflection
3320,1781099977.893867,normal
3321,1781099977.894313,syn_flood
3322,1781099977.894864,syn_flood
3323,1781099977.895556,syn_flood
3324,1781099977.895967,normal
3325,1781099977.896616,syn_flood
3326,1781099977.897044,normal
3327,1781099977.897688,syn_flood
3328,1781099977.898429,normal
3329,1781099977.899085,syn_flood
3330,1781099977.899736,http_flood
3331,1781099977.900145,normal
3332,1781099977.900643,syn_flood
3333,1781099977.901237,normal
3334,1781099977.901897,udp_reflection
3335,1781099977.902322,http_flood
3336,1781099977.902880,syn_flood
3337,1781099977.903390,udp_reflection
3338,1781099977.904159,syn_flood
3339,1781099977.904574,syn_flood
3340,1781099977.905056,normal
3341,1781099977.905606,syn_flood
3342,1781099977.905972,udp_reflection
3343,1781099977.906514,syn_flood
3344,1781099977.906932,syn_flood
3345,1781099977.907739,syn_flood
3346,1781099977.908673,normal
3347,1781099977.909213,syn_flood
3348,1781099977.909798,syn_flood
3349,1781099977.910266,syn_flood
3350,1781099977.910573,syn_flood
3351,1781099977.911047,syn_flood
3352,1781099977.911683,syn_flood
3353,1781099977.912281,normal
3354,1781099977.912763,udp_reflection
3355,1781099977.913397,syn_flood
3356,1781099977.913958,syn_flood
3357,1781099977.914420,normal
3358,1781099977.915035,normal
3359,1781099977.915446,http_flood
3360,1781099977.916061,syn_flood
3361,1781099977.916555,normal
3362,1781099977.917246,syn_flood
3363,1781099977.917698,normal
3364,1781099977.918473,normal
3365,1781099977.919106,http_flood
3366,1781099977.919456,syn_flood
3367,1781099977.919955,normal
3368,1781099977.920427,udp_reflection
3369,1781099977.921252,udp_reflection
3370,1781099977.921804,normal
3371,1781099977.922279,udp_reflection
3372,1781099977.922799,syn_flood
3373,1781099977.923446,syn_flood
3374,1781099977.923991,syn_flood
3375,1781099977.924676,syn_flood
3376,1781099977.925213,syn_flood
3377,1781099977.926047,udp_reflection
3378,1781099977.926615,normal
3379,1781099977.927024,udp_reflection
3380,1781099977.927644,udp_reflection
3381,1781099977.928366,normal
3382,1781099977.929136,syn_flood
3383,1781099977.929765,syn_flood
3384,1781099977.930203,normal
3385,1781099977.930581,http_flood
3386,1781099977.931105,syn_flood
3387,1781099977.931583,syn_flood
3388,1781099977.932230,syn_flood
3389,1781099977.932826,syn_flood
3390,1781099977.933174,normal
3391,1781099977.933680,syn_flood
3392,1781099977.934218,normal
3393,1781099977.934933,normal
3394,1781099977.935340,syn_flood
3395,1781099977.935755,udp_reflection
3396,1781099977.936274,syn_flood
3397,1781099977.936950,udp_reflection
3398,1781099977.937514,syn_flood
3399,1781099977.938155,syn_flood
3400,1781099977.938833,udp_reflection
3401,1781099977.939297,normal
3402,1781099977.939721,syn_flood
3403,1781099977.940344,normal
3404,1781099977.940846,normal
3405,1781099977.941360,normal
3406,1781099977.942064,syn_flood
3407,1781099977.942557,syn_flood
3408,1781099977.943088,syn_flood
3409,1781099977.943547,udp_reflection
3410,1781099977.944128,udp_reflection
3411,1781099977.944557,syn_flood
3412,1781099977.945097,syn_flood
3413,1781099977.945566,syn_flood
3414,1781099977.946089,syn_flood
3415,1781099977.946702,syn_flood
3416,1781099977.947133,normal
3417,1781099977.947610,normal
3418,1781099977.948096,syn_flood
3419,1781099977.948579,syn_flood
3420,1781099977.949059,syn_flood
3421,1781099977.949474,udp_reflection
3422,1781099977.950048,syn_flood
3423,1781099977.950521,http_flood
3424,1781099977.951059,syn_flood
3425,1781099977.951441,udp_reflection
3426,1781099977.952086,syn_flood
3427,1781099977.952537,syn_flood
3428,1781099977.952960,syn_flood
3429,1781099977.953503,http_flood
3430,1781099977.954074,http_flood
3431,1781099977.954487,syn_flood
3432,1781099977.955511,syn_flood
3433,1781099977.956108,http_flood
3434,1781099977.956898,syn_flood
3435,1781099977.957519,udp_reflection
3436,1781099977.958147,normal
3437,1781099977.958518,normal
3438,1781099977.959072,syn_flood
3439,1781099977.959569,udp_reflection
3440,1781099977.959988,normal
3441,1781099977.960387,syn_flood
3442,1781099977.960838,normal
3443,1781099977.961321,syn_flood
3444,1781099977.961953,syn_flood
3445,1781099977.962485,http_flood
3446,1781099977.963120,syn_flood
3447,1781099977.963748,syn_flood
3448,1781099977.964377,udp_reflection
3449,1781099977.964776,normal
3450,1781099977.965126,syn_flood
3451,1781099977.965765,normal
3452,1781099977.966275,normal
3453,1781099977.966810,normal
3454,1781099977.967386,syn_flood
3455,1781099977.967969,syn_flood
3456,1781099977.968348,syn_flood
3457,1781099977.968866,http_flood
3458,1781099977.969414,udp_reflection
3459,1781099977.969946,udp_reflection
3460,1781099977.970634,syn_flood
3461,1781099977.971072,syn_flood
3462,1781099977.971802,http_flood
3463,1781099977.972336,normal
3464,1781099977.972941,syn_flood
3465,1781099977.973567,udp_reflection
3466,1781099977.974089,http_flood
3467,1781099977.974592,udp_reflection
3468,1781099977.975465,syn_flood
3469,1781099977.976030,udp_reflection
3470,1781099977.976430,syn_flood
3471,1781099977.976806,normal
3472,1781099977.977244,syn_flood
3473,1781099977.977670,udp_reflection
3474,1781099977.978289,syn_flood
3475,1781099977.978949,syn_flood
3476,1781099977.979429,udp_reflection
3477,1781099977.979909,syn_flood
3478,1781099977.980497,http_flood
3479,1781099977.981041,syn_flood
3480,1781099977.981693,syn_flood
3481,1781099977.982520,udp_reflection
3482,1781099977.983134,udp_reflection
3483,1781099977.983841,http_flood
3484,1781099977.984414,syn_flood
3485,1781099977.984915,http_flood
3486,1781099977.985505,syn_flood
3487,1781099977.986024,normal
3488,1781099977.986836,normal
3489,1781099977.987357,normal
3490,1781099977.987685,normal
3491,1781099977.988308,syn_flood
3492,1781099977.988719,syn_flood
3493,1781099977.989292,normal
3494,1781099977.989797,syn_flood
3495,1781099977.990197,syn_flood
3496,1781099977.990691,syn_flood
3497,1781099977.991204,udp_reflection
3498,1781099977.991671,syn_flood
3499,1781099977.992177,syn_flood
3500,1781099977.992642,http_flood
3501,1781099977.993228,http_flood
3502,1781099977.993825,syn_flood
3503,1781099977.994375,syn_flood
3504,1781099977.994694,udp_reflection
3505,1781099977.995246,syn_flood
3506,1781099977.995747,syn_flood
3507,1781099977.996446,syn_flood
3508,1781099977.996965,normal
3509,1781099977.997305,http_flood
3510,1781099977.997859,syn_flood
3511,1781099977.998649,http_flood
3512,1781099977.999090,normal
3513,1781099977.999501,syn_flood
3514,1781099978.000087,http_flood
3515,1781099978.000530,syn_flood
3516,1781099978.001064,normal
3517,1781099978.001486,syn_flood
3518,1781099978.001991,syn_flood
3519,1781099978.002435,normal
3520,1781099978.003066,syn_flood
3521,1781099978.003647,syn_flood
3522,1781099978.004040,syn_flood
3523,1781099978.004510,syn_flood
3524,1781099978.005042,syn_flood
3525,1781099978.005611,normal
3526,1781099978.006145,udp_reflection
3527,1781099978.006599,syn_flood
3528,1781099978.007083,syn_flood
3529,1781099978.007516,http_flood
3530,1781099978.008081,syn_flood
3531,1781099978.008560,syn_flood
3532,1781099978.009180,syn_flood
3533,1781099978.009805,normal
3534,1781099978.010399,normal
3535,1781099978.010993,normal
3536,1781099978.011656,normal
3537,1781099978.012119,http_flood
3538,1781099978.012744,syn_flood
3539,1781099978.013444,normal
3540,1781099978.013981,udp_reflection
3541,1781099978.014327,syn_flood
3542,1781099978.015084,normal
3543,1781099978.015659,http_flood
3544,1781099978.016135,syn_flood
3545,1781099978.016700,udp_reflection
3546,1781099978.017068,syn_flood
3547,1781099978.017544,syn_flood
3548,1781099978.018076,udp_reflection
3549,1781099978.018669,udp_reflection
3550,1781099978.019175,syn_flood
3551,1781099978.019572,syn_flood
3552,1781099978.019903,udp_reflection
3553,1781099978.020625,syn_flood
3554,1781099978.021199,normal
3555,1781099978.021810,http_flood
3556,1781099978.022202,normal
3557,1781099978.022693,syn_flood
3558,1781099978.023185,udp_reflection
3559,1781099978.023676,udp_reflection
3560,1781099978.024181,syn_flood
3561,1781099978.024945,normal
3562,1781099978.025495,normal
3563,1781099978.026045,syn_flood
3564,1781099978.026581,http_flood
3565,1781099978.026923,syn_flood
3566,1781099978.027362,normal
3567,1781099978.027841,http_flood
3568,1781099978.028267,syn_flood
3569,1781099978.028817,normal
3570,1781099978.029351,syn_flood
3571,1781099978.029703,normal
3572,1781099978.030250,normal
3573,1781099978.031057,syn_flood
3574,1781099978.031520,http_flood
3575,1781099978.032012,udp_reflection
3576,1781099978.032774,normal
3577,1781099978.033414,syn_flood
3578,1781099978.034020,syn_flood
3579,1781099978.034526,syn_flood
3580,1781099978.034971,normal
3581,1781099978.035519,syn_flood
3582,1781099978.036108,udp_reflection
3583,1781099978.036731,syn_flood
3584,1781099978.037302,syn_flood
3585,1781099978.037762,http_flood
3586,1781099978.038331,syn_flood
3587,1781099978.039184,syn_flood
3588,1781099978.039864,syn_flood
3589,1781099978.040589,syn_flood
3590,1781099978.041136,http_flood
3591,1781099978.041734,syn_flood
3592,1781099978.042203,normal
3593,1781099978.042783,syn_flood
3594,1781099978.043012,syn_flood
3595,1781099978.043418,udp_reflection
3596,1781099978.043921,syn_flood
3597,1781099978.044440,syn_flood
3598,1781099978.044980,syn_flood
3599,1781099978.045561,syn_flood
3600,1781099978.046345,syn_flood
3601,1781099978.046778,syn_flood
3602,1781099978.047204,http_flood
3603,1781099978.047683,syn_flood
3604,1781099978.048301,http_flood
3605,1781099978.048806,udp_reflection
3606,1781099978.049247,syn_flood
3607,1781099978.049708,syn_flood
3608,1781099978.050157,http_flood
3609,1781099978.050681,normal
3610,1781099978.051138,syn_flood
3611,1781099978.051608,syn_flood
3612,1781099978.052040,normal
3613,1781099978.052655,syn_flood
3614,1781099978.053050,syn_flood
3615,1781099978.053915,syn_flood
3616,1781099978.054459,syn_flood
3617,1781099978.055035,http_flood
3618,1781099978.055537,http_flood
3619,1781099978.056146,http_flood
3620,1781099978.056854,syn_flood
3621,1781099978.057472,udp_reflection
3622,1781099978.058170,normal
3623,1781099978.058772,udp_reflection
3624,1781099978.059279,udp_reflection
3625,1781099978.059729,syn_flood
3626,1781099978.060355,normal
3627,1781099978.060828,http_flood
3628,1781099978.061281,normal
3629,1781099978.061794,udp_reflection
3630,1781099978.062201,syn_flood
3631,1781099978.062773,syn_flood
3632,1781099978.063352,syn_flood
3633,1781099978.063740,normal
3634,1781099978.064193,syn_flood
3635,1781099978.064729,syn_flood
3636,1781099978.065207,syn_flood
3637,1781099978.065719,udp_reflection
3638,1781099978.066141,syn_flood
3639,1781099978.066651,syn_flood
3640,1781099978.067283,udp_reflection
3641,1781099978.067745,udp_reflection
3642,1781099978.068338,syn_flood
3643,1781099978.069016,syn_flood
3644,1781099978.069397,normal
3645,1781099978.069834,syn_flood
3646,1781099978.070534,http_flood
3647,1781099978.071249,syn_flood
3648,1781099978.071764,syn_flood
3649,1781099978.072255,http_flood
3650,1781099978.072763,http_flood
3651,1781099978.073120,syn_flood
3652,1781099978.073543,syn_flood
3653,1781099978.074275,http_flood
3654,1781099978.074704,normal
3655,1781099978.075095,syn_flood
3656,1781099978.075530,syn_flood
3657,1781099978.075887,syn_flood
3658,1781099978.076689,syn_flood
3659,1781099978.077316,syn_flood
3660,1781099978.078042,syn_flood
3661,1781099978.078450,normal
3662,1781099978.078942,syn_flood
3663,1781099978.079331,syn_flood
3664,1781099978.079875,udp_reflection
3665,1781099978.080545,syn_flood
3666,1781099978.081053,syn_flood
3667,1781099978.081505,udp_reflection
3668,1781099978.082015,syn_flood
3669,1781099978.082607,syn_flood
3670,1781099978.083157,syn_flood
3671,1781099978.083689,udp_reflection
3672,1781099978.084155,http_flood
3673,1781099978.084728,syn_flood
3674,1781099978.085379,syn_flood
3675,1781099978.085843,syn_flood
3676,1781099978.086441,syn_flood
3677,1781099978.086945,syn_flood
3678,1781099978.087332,http_flood
3679,1781099978.087838,syn_flood
3680,1781099978.088285,syn_flood
3681,1781099978.088912,syn_flood
3682,1781099978.089668,syn_flood
3683,1781099978.090094,syn_flood
3684,1781099978.090578,http_flood
3685,1781099978.091233,syn_flood
3686,1781099978.091719,syn_flood
3687,1781099978.092153,syn_flood
3688,1781099978.092899,syn_flood
3689,1781099978.093395,syn_flood
3690,1781099978.093750,syn_flood
3691,1781099978.094302,udp_reflection
3692,1781099978.094908,syn_flood
3693,1781099978.095347,syn_flood
3694,1781099978.095825,syn_flood
3695,1781099978.096432,normal
3696,1781099978.097217,syn_flood
3697,1781099978.097750,http_flood
3698,1781099978.098324,normal
3699,1781099978.098711,normal
3700,1781099978.099158,syn_flood
3701,1781099978.099629,normal
3702,1781099978.100137,syn_flood
3703,1781099978.100561,syn_flood
3704,1781099978.101010,syn_flood
3705,1781099978.101401,syn_flood
3706,1781099978.102020,normal
3707,1781099978.102427,syn_flood
3708,1781099978.103040,syn_flood
3709,1781099978.103430,syn_flood
3710,1781099978.103904,syn_flood
3711,1781099978.104355,syn_flood
3712,1781099978.104856,syn_flood
3713,1781099978.105395,syn_flood
3714,1781099978.105942,http_flood
3715,1781099978.106605,syn_flood
3716,1781099978.107124,syn_flood
3717,1781099978.107561,syn_flood
3718,1781099978.107976,normal
3719,1781099978.108675,syn_flood
3720,1781099978.109198,syn_flood
3721,1781099978.109578,udp_reflection
3722,1781099978.109913,syn_flood
3723,1781099978.110450,normal
3724,1781099978.111100,syn_flood
3725,1781099978.111780,http_flood
3726,1781099978.112264,syn_flood
3727,1781099978.112792,normal
3728,1781099978.113515,syn_flood
3729,1781099978.113834,syn_flood
3730,1781099978.114287,normal
3731,1781099978.115195,syn_flood
3732,1781099978.115743,syn_flood
3733,1781099978.116501,syn_flood
3734,1781099978.117078,normal
3735,1781099978.117715,syn_flood
3736,1781099978.118119,syn_flood
3737,1781099978.118608,syn_flood
3738,1781099978.119188,udp_reflection
3739,1781099978.119769,http_flood
3740,1781099978.120353,udp_reflection
3741,1781099978.120861,syn_flood
3742,1781099978.121209,syn_flood
3743,1781099978.121882,normal
3744,1781099978.122716,udp_reflection
3745,1781099978.123202,normal
3746,1781099978.123817,syn_flood
3747,1781099978.124273,udp_reflection
3748,1781099978.124640,syn_flood
3749,1781099978.125141,syn_flood
3750,1781099978.125744,udp_reflection
3751,1781099978.126039,normal
3752,1781099978.126397,normal
3753,1781099978.126814,syn_flood
3754,1781099978.127355,http_flood
3755,1781099978.127935,normal
3756,1781099978.128626,normal
3757,1781099978.129095,syn_flood
3758,1781099978.129532,udp_reflection
3759,1781099978.130052,http_flood
3760,1781099978.130465,normal
3761,1781099978.130946,http_flood
3762,1781099978.131480,normal
3763,1781099978.132006,normal
3764,1781099978.132339,syn_flood
3765,1781099978.132868,syn_flood
3766,1781099978.133530,syn_flood
3767,1781099978.134078,syn_flood
3768,1781099978.134558,normal
3769,1781099978.135015,normal
3770,1781099978.135549,http_flood
3771,1781099978.136099,syn_flood
3772,1781099978.136556,syn_flood
3773,1781099978.137185,udp_reflection
3774,1781099978.137972,syn_flood
3775,1781099978.138570,syn_flood
3776,1781099978.139133,syn_flood
3777,1781099978.139636,syn_flood
3778,1781099978.140114,http_flood
3779,1781099978.140649,normal
3780,1781099978.140947,syn_flood
3781,1781099978.141448,syn_flood
3782,1781099978.141805,syn_flood
3783,1781099978.142240,syn_flood
3784,1781099978.142648,normal
3785,1781099978.143116,udp_reflection
3786,1781099978.143588,normal
3787,1781099978.144264,syn_flood
3788,1781099978.144763,normal
3789,1781099978.145286,syn_flood
3790,1781099978.145571,http_flood
3791,1781099978.146189,http_flood
3792,1781099978.146731,syn_flood
3793,1781099978.147094,normal
3794,1781099978.147665,normal
3795,1781099978.148026,syn_flood
3796,1781099978.148852,udp_reflection
3797,1781099978.149384,syn_flood
3798,1781099978.149917,http_flood
3799,1781099978.150307,syn_flood
3800,1781099978.150848,udp_reflection
3801,1781099978.151440,udp_reflection
3802,1781099978.151952,syn_flood
3803,1781099978.152510,udp_reflection
3804,1781099978.153019,syn_flood
3805,1781099978.153537,normal
3806,1781099978.153866,normal
3807,1781099978.154461,syn_flood
3808,1781099978.155080,syn_flood
3809,1781099978.155612,syn_flood
3810,1781099978.156075,syn_flood
3811,1781099978.156458,syn_flood
3812,1781099978.157177,syn_flood
3813,1781099978.158010,syn_flood
3814,1781099978.158484,syn_flood
3815,1781099978.158814,syn_flood
3816,1781099978.159582,syn_flood
3817,1781099978.160028,syn_flood
3818,1781099978.160560,udp_reflection
3819,1781099978.160869,udp_reflection
3820,1781099978.161467,udp_reflection
3821,1781099978.162052,syn_flood
3822,1781099978.162406,syn_flood
3823,1781099978.162888,normal
3824,1781099978.163393,udp_reflection
3825,1781099978.163774,udp_reflection
3826,1781099978.164231,http_flood
3827,1781099978.164697,syn_flood
3828,1781099978.165249,syn_flood
3829,1781099978.165618,http_flood
3830,1781099978.166156,normal
3831,1781099978.166581,normal
3832,1781099978.167184,syn_flood
3833,1781099978.167757,udp_reflection
3834,1781099978.168235,syn_flood
3835,1781099978.168865,syn_flood
3836,1781099978.169307,syn_flood
3837,1781099978.169830,normal
3838,1781099978.170232,syn_flood
3839,1781099978.170595,syn_flood
3840,1781099978.171228,syn_flood
3841,1781099978.171851,syn_flood
3842,1781099978.172476,normal
3843,1781099978.172944,syn_flood
3844,1781099978.173608,syn_flood
3845,1781099978.174193,syn_flood
3846,1781099978.174603,syn_flood
3847,1781099978.175209,syn_flood
3848,1781099978.175594,http_flood
3849,1781099978.176018,syn_flood
3850,1781099978.176559,syn_flood
3851,1781099978.176924,udp_reflection
3852,1781099978.177682,syn_flood
3853,1781099978.178135,syn_flood
3854,1781099978.178602,syn_flood
3855,1781099978.178922,http_flood
3856,1781099978.179636,syn_flood
3857,1781099978.180201,udp_reflection
3858,1781099978.180798,syn_flood
3859,1781099978.181153,syn_flood
3860,1781099978.181706,syn_flood
3861,1781099978.182177,syn_flood
3862,1781099978.182529,udp_reflection
3863,1781099978.183065,normal
3864,1781099978.183503,normal
3865,1781099978.184226,syn_flood
3866,1781099978.184634,syn_flood
3867,1781099978.185234,syn_flood
3868,1781099978.185843,syn_flood
3869,1781099978.186423,syn_flood
3870,1781099978.186947,syn_flood
3871,1781099978.187433,normal
3872,1781099978.187963,http_flood
3873,1781099978.188438,http_flood
3874,1781099978.188842,syn_flood
3875,1781099978.189736,syn_flood
3876,1781099978.190224,syn_flood
3877,1781099978.190947,syn_flood
3878,1781099978.191327,syn_flood
3879,1781099978.191706,syn_flood
3880,1781099978.192315,syn_flood
3881,1781099978.192877,syn_flood
3882,1781099978.193399,syn_flood
3883,1781099978.193910,syn_flood
3884,1781099978.194291,syn_flood
3885,1781099978.194876,syn_flood
3886,1781099978.195311,syn_flood
3887,1781099978.195868,syn_flood
3888,1781099978.196347,udp_reflection
3889,1781099978.196958,http_flood
3890,1781099978.197419,normal
3891,1781099978.197830,normal
3892,1781099978.198219,syn_flood
3893,1781099978.198713,normal
3894,1781099978.199389,syn_flood
3895,1781099978.199939,udp_reflection
3896,1781099978.200622,syn_flood
3897,1781099978.201113,syn_flood
3898,1781099978.201741,syn_flood
3899,1781099978.202192,syn_flood
3900,1781099978.202654,udp_reflection
3901,1781099978.203063,syn_flood
3902,1781099978.203433,syn_flood
3903,1781099978.204091,normal
3904,1781099978.204586,syn_flood
3905,1781099978.205076,http_flood
3906,1781099978.205502,udp_reflection
3907,1781099978.205915,syn_flood
3908,1781099978.206409,normal
3909,1781099978.206978,syn_flood
3910,1781099978.207677,syn_flood
3911,1781099978.208170,normal
3912,1781099978.208697,normal
3913,1781099978.209077,http_flood
3914,1781099978.209683,udp_reflection
3915,1781099978.210242,syn_flood
3916,1781099978.210936,normal
3917,1781099978.211471,http_flood
3918,1781099978.211791,syn_flood
3919,1781099978.212399,udp_reflection
3920,1781099978.212995,syn_flood
3921,1781099978.213879,syn_flood
3922,1781099978.214584,syn_flood
3923,1781099978.215059,syn_flood
3924,1781099978.215728,syn_flood
3925,1781099978.216298,udp_reflection
3926,1781099978.216620,syn_flood
3927,1781099978.217238,http_flood
3928,1781099978.217781,http_flood
3929,1781099978.218255,udp_reflection
3930,1781099978.218614,normal
3931,1781099978.218969,normal
3932,1781099978.219327,syn_flood
3933,1781099978.219812,udp_reflection
3934,1781099978.220480,udp_reflection
3935,1781099978.221074,syn_flood
3936,1781099978.221574,syn_flood
3937,1781099978.221972,syn_flood
3938,1781099978.222489,syn_flood
3939,1781099978.222867,normal
3940,1781099978.223389,http_flood
3941,1781099978.223951,udp_reflection
3942,1781099978.224732,normal
3943,1781099978.225216,normal
3944,1781099978.225679,syn_flood
3945,1781099978.226262,http_flood
3946,1781099978.226733,syn_flood
3947,1781099978.227158,http_flood
3948,1781099978.227647,normal
3949,1781099978.228189,syn_flood
3950,1781099978.228803,http_flood
3951,1781099978.229399,syn_flood
3952,1781099978.229930,syn_flood
3953,1781099978.230586,http_flood
3954,1781099978.231135,http_flood
3955,1781099978.231658,normal
3956,1781099978.232174,normal
3957,1781099978.232789,udp_reflection
3958,1781099978.233412,syn_flood
3959,1781099978.234027,syn_flood
3960,1781099978.234768,syn_flood
3961,1781099978.235221,syn_flood
3962,1781099978.235789,syn_flood
3963,1781099978.236404,syn_flood
3964,1781099978.236834,syn_flood
3965,1781099978.237626,normal
3966,1781099978.238188,syn_flood
3967,1781099978.238930,syn_flood
3968,1781099978.239469,udp_reflection
3969,1781099978.239891,syn_flood
3970,1781099978.240345,syn_flood
3971,1781099978.240910,udp_reflection
3972,1781099978.241252,udp_reflection
3973,1781099978.242113,udp_reflection
3974,1781099978.242689,syn_flood
3975,1781099978.243315,syn_flood
3976,1781099978.243803,syn_flood
3977,1781099978.244139,http_flood
3978,1781099978.244712,syn_flood
3979,1781099978.245110,syn_flood
3980,1781099978.245529,syn_flood
3981,1781099978.245965,udp_reflection
3982,1781099978.246490,udp_reflection
3983,1781099978.246975,udp_reflection
3984,1781099978.247591,syn_flood
3985,1781099978.248056,udp_reflection
3986,1781099978.248406,http_flood
3987,1781099978.248866,http_flood
3988,1781099978.249242,normal
3989,1781099978.249740,syn_flood
3990,1781099978.250351,normal
3991,1781099978.250935,syn_flood
3992,1781099978.251319,syn_flood
3993,1781099978.251721,syn_flood
3994,1781099978.252175,normal
3995,1781099978.252801,syn_flood
3996,1781099978.253273,syn_flood
3997,1781099978.253832,http_flood
3998,1781099978.254315,syn_flood
3999,1781099978.254807,udp_reflection
4000,1781099978.255337,udp_reflection
4001,1781099978.255929,syn_flood
4002,1781099978.256483,syn_flood
4003,1781099978.257055,syn_flood
4004,1781099978.257407,syn_flood
4005,1781099978.257968,syn_flood
4006,1781099978.258335,http_flood
4007,1781099978.258973,http_flood
4008,1781099978.259514,syn_flood
4009,1781099978.260180,syn_flood
4010,1781099978.260643,http_flood
4011,1781099978.261278,normal
4012,1781099978.261692,http_flood
4013,1781099978.262160,syn_flood
4014,1781099978.262894,syn_flood
4015,1781099978.263409,syn_flood
4016,1781099978.263780,normal
4017,1781099978.264286,syn_flood
4018,1781099978.264769,syn_flood
4019,1781099978.265379,udp_reflection
4020,1781099978.265936,syn_flood
4021,1781099978.266491,syn_flood
4022,1781099978.266969,syn_flood
4023,1781099978.267475,http_flood
4024,1781099978.268006,syn_flood
4025,1781099978.268666,syn_flood
4026,1781099978.269098,syn_flood
4027,1781099978.269487,syn_flood
4028,1781099978.269992,syn_flood
4029,1781099978.270384,syn_flood
4030,1781099978.271107,syn_flood
4031,1781099978.271568,syn_flood
4032,1781099978.271935,syn_flood
4033,1781099978.272382,normal
4034,1781099978.272911,syn_flood
4035,1781099978.273560,normal
4036,1781099978.274006,http_flood
4037,1781099978.274454,syn_flood
4038,1781099978.274898,http_flood
4039,1781099978.275488,syn_flood
4040,1781099978.275973,syn_flood
4041,1781099978.276408,syn_flood
4042,1781099978.277111,syn_flood
4043,1781099978.277503,normal
4044,1781099978.277868,syn_flood
4045,1781099978.278376,syn_flood
4046,1781099978.278899,syn_flood
4047,1781099978.279353,http_flood
4048,1781099978.279878,syn_flood
4049,1781099978.280380,syn_flood
4050,1781099978.280934,syn_flood
4051,1781099978.281503,syn_flood
4052,1781099978.281951,http_flood
4053,1781099978.282650,syn_flood
4054,1781099978.283100,http_flood
4055,1781099978.283609,normal
4056,1781099978.284061,syn_flood
4057,1781099978.284804,syn_flood
4058,1781099978.285416,syn_flood
4059,1781099978.285866,syn_flood
4060,1781099978.286222,syn_flood
4061,1781099978.286675,syn_flood
4062,1781099978.287245,syn_flood
4063,1781099978.287671,syn_flood
4064,1781099978.288227,udp_reflection
4065,1781099978.288803,syn_flood
4066,1781099978.289436,udp_reflection
4067,1781099978.290035,syn_flood
4068,1781099978.290673,syn_flood
4069,1781099978.291157,syn_flood
4070,1781099978.291648,syn_flood
4071,1781099978.292134,syn_flood
4072,1781099978.292554,syn_flood
4073,1781099978.293025,syn_flood
4074,1781099978.293437,normal
4075,1781099978.293723,syn_flood
4076,1781099978.294307,syn_flood
4077,1781099978.294784,syn_flood
4078,1781099978.295526,syn_flood
4079,1781099978.295958,http_flood
4080,1781099978.296793,http_flood
4081,1781099978.297331,syn_flood
4082,1781099978.297877,http_flood
4083,1781099978.298400,http_flood
4084,1781099978.298920,syn_flood
4085,1781099978.299438,http_flood
4086,1781099978.299938,syn_flood
4087,1781099978.300646,syn_flood
4088,1781099978.301320,syn_flood
4089,1781099978.301869,udp_reflection
4090,1781099978.302382,syn_flood
4091,1781099978.302807,normal
4092,1781099978.303380,udp_reflection
4093,1781099978.303939,http_flood
4094,1781099978.304368,syn_flood
4095,1781099978.304762,udp_reflection
4096,1781099978.305205,syn_flood
4097,1781099978.305772,udp_reflection
4098,1781099978.306170,syn_flood
4099,1781099978.306838,syn_flood
4100,1781099978.307141,syn_flood
4101,1781099978.307706,udp_reflection
4102,1781099978.308148,normal
4103,1781099978.308491,syn_flood
4104,1781099978.308881,normal
4105,1781099978.309409,http_flood
4106,1781099978.309819,udp_reflection
4107,1781099978.310310,http_flood
4108,1781099978.310886,udp_reflection
4109,1781099978.311221,syn_flood
4110,1781099978.311849,normal
4111,1781099978.312439,http_flood
4112,1781099978.312806,normal
4113,1781099978.313252,normal
4114,1781099978.313739,udp_reflection
4115,1781099978.314265,syn_flood
4116,1781099978.314824,syn_flood
4117,1781099978.315274,udp_reflection
4118,1781099978.315786,udp_reflection
4119,1781099978.316235,udp_reflection
4120,1781099978.316755,syn_flood
4121,1781099978.317243,syn_flood
4122,1781099978.317893,syn_flood
4123,1781099978.318404,normal
4124,1781099978.318993,udp_reflection
4125,1781099978.319387,http_flood
4126,1781099978.320310,syn_flood
4127,1781099978.320806,normal
4128,1781099978.321294,udp_reflection
4129,1781099978.321769,syn_flood
4130,1781099978.322384,syn_flood
4131,1781099978.322964,syn_flood
4132,1781099978.323467,http_flood
4133,1781099978.324003,syn_flood
4134,1781099978.324362,syn_flood
4135,1781099978.324711,syn_flood
4136,1781099978.325187,normal
4137,1781099978.325750,normal
4138,1781099978.326304,udp_reflection
4139,1781099978.326960,syn_flood
4140,1781099978.327576,syn_flood
4141,1781099978.328151,normal
4142,1781099978.328812,udp_reflection
4143,1781099978.329814,syn_flood
4144,1781099978.330598,syn_flood
4145,1781099978.331007,syn_flood
4146,1781099978.331379,syn_flood
4147,1781099978.331713,http_flood
4148,1781099978.332508,normal
4149,1781099978.332848,syn_flood
4150,1781099978.333394,udp_reflection
4151,1781099978.333731,http_flood
4152,1781099978.334110,udp_reflection
4153,1781099978.334637,syn_flood
4154,1781099978.335050,http_flood
4155,1781099978.335630,syn_flood
4156,1781099978.336300,http_flood
4157,1781099978.336761,syn_flood
4158,1781099978.337318,syn_flood
4159,1781099978.337721,syn_flood
4160,1781099978.338204,syn_flood
4161,1781099978.338679,normal
4162,1781099978.339123,http_flood
4163,1781099978.339584,syn_flood
4164,1781099978.340106,syn_flood
4165,1781099978.340487,http_flood
4166,1781099978.341080,syn_flood
4167,1781099978.341678,normal
4168,1781099978.342368,http_flood
4169,1781099978.342806,syn_flood
4170,1781099978.343569,syn_flood
4171,1781099978.344004,syn_flood
4172,1781099978.344588,udp_reflection
4173,1781099978.345007,syn_flood
4174,1781099978.345826,http_flood
4175,1781099978.346604,syn_flood
4176,1781099978.347148,http_flood
4177,1781099978.347585,normal
4178,1781099978.347869,normal
4179,1781099978.348710,udp_reflection
4180,1781099978.349142,syn_flood
4181,1781099978.349692,normal
4182,1781099978.350294,normal
4183,1781099978.351054,normal
4184,1781099978.351806,normal
4185,1781099978.352405,syn_flood
4186,1781099978.353023,udp_reflection
4187,1781099978.353654,udp_reflection
4188,1781099978.354261,syn_flood
4189,1781099978.354768,udp_reflection
4190,1781099978.355140,syn_flood
4191,1781099978.355740,normal
4192,1781099978.356159,syn_flood
4193,1781099978.356744,syn_flood
4194,1781099978.357245,syn_flood
4195,1781099978.357853,syn_flood
4196,1781099978.358443,syn_flood
4197,1781099978.358965,syn_flood
4198,1781099978.359510,syn_flood
4199,1781099978.360017,syn_flood
4200,1781099978.360456,syn_flood
4201,1781099978.360991,udp_reflection
4202,1781099978.361644,syn_flood
4203,1781099978.362147,syn_flood
4204,1781099978.362689,normal
4205,1781099978.363092,syn_flood
4206,1781099978.363610,http_flood
4207,1781099978.364120,normal
4208,1781099978.364738,syn_flood
4209,1781099978.365193,normal
4210,1781099978.365687,http_flood
4211,1781099978.366280,syn_flood
4212,1781099978.366851,http_flood
4213,1781099978.367429,http_flood
4214,1781099978.368086,syn_flood
4215,1781099978.368680,syn_flood
4216,1781099978.369159,syn_flood
4217,1781099978.369589,normal
4218,1781099978.370268,syn_flood
4219,1781099978.370661,udp_reflection
4220,1781099978.371154,syn_flood
4221,1781099978.371793,syn_flood
4222,1781099978.372659,syn_flood
4223,1781099978.373070,syn_flood
4224,1781099978.373794,normal
4225,1781099978.374264,normal
4226,1781099978.374782,syn_flood
4227,1781099978.375383,syn_flood
4228,1781099978.375806,http_flood
4229,1781099978.376244,syn_flood
4230,1781099978.376736,syn_flood
4231,1781099978.377063,syn_flood
4232,1781099978.377659,http_flood
4233,1781099978.378147,http_flood
4234,1781099978.378588,syn_flood
4235,1781099978.379126,syn_flood
4236,1781099978.379847,syn_flood
4237,1781099978.380523,syn_flood
4238,1781099978.381127,syn_flood
4239,1781099978.381486,normal
4240,1781099978.382069,normal
4241,1781099978.382586,normal
4242,1781099978.383060,syn_flood
4243,1781099978.383535,normal
4244,1781099978.384017,syn_flood
4245,1781099978.384534,syn_flood
4246,1781099978.385283,normal
4247,1781099978.385709,http_flood
4248,1781099978.386163,syn_flood
4249,1781099978.386688,syn_flood
4250,1781099978.387208,udp_reflection
4251,1781099978.387778,normal
4252,1781099978.388309,http_flood
4253,1781099978.388972,syn_flood
4254,1781099978.389346,udp_reflection
4255,1781099978.389840,syn_flood
4256,1781099978.390427,syn_flood
4257,1781099978.390900,normal
4258,1781099978.391345,normal
4259,1781099978.391842,syn_flood
4260,1781099978.392304,normal
4261,1781099978.392885,syn_flood
4262,1781099978.393450,http_flood
4263,1781099978.393835,syn_flood
4264,1781099978.394418,udp_reflection
4265,1781099978.395065,normal
4266,1781099978.395508,syn_flood
4267,1781099978.395971,syn_flood
4268,1781099978.396445,normal
4269,1781099978.396963,syn_flood
4270,1781099978.397553,syn_flood
4271,1781099978.398278,http_flood
4272,1781099978.399062,normal
4273,1781099978.399518,normal
4274,1781099978.400145,normal
4275,1781099978.400842,syn_flood
4276,1781099978.401225,udp_reflection
4277,1781099978.401538,normal
4278,1781099978.401912,syn_flood
4279,1781099978.402582,syn_flood
4280,1781099978.403047,syn_flood
4281,1781099978.403477,normal
4282,1781099978.403850,syn_flood
4283,1781099978.404383,syn_flood
4284,1781099978.404952,syn_flood
4285,1781099978.405374,normal
4286,1781099978.405963,normal
4287,1781099978.406453,syn_flood
4288,1781099978.406911,syn_flood
4289,1781099978.407500,syn_flood
4290,1781099978.408299,syn_flood
4291,1781099978.408674,syn_flood
4292,1781099978.409131,udp_reflection
4293,1781099978.409591,http_flood
4294,1781099978.410267,http_flood
4295,1781099978.410869,normal
4296,1781099978.411435,normal
4297,1781099978.411922,syn_flood
4298,1781099978.412402,normal
4299,1781099978.412972,http_flood
4300,1781099978.413735,syn_flood
4301,1781099978.414176,syn_flood
4302,1781099978.414792,syn_flood
4303,1781099978.415364,normal
4304,1781099978.416166,http_flood
4305,1781099978.416872,udp_reflection
4306,1781099978.417335,syn_flood
4307,1781099978.417669,syn_flood
4308,1781099978.418055,syn_flood
4309,1781099978.418730,syn_flood
4310,1781099978.419312,http_flood
4311,1781099978.419693,syn_flood
4312,1781099978.420241,normal
4313,1781099978.420833,syn_flood
4314,1781099978.421332,syn_flood
4315,1781099978.421957,syn_flood
4316,1781099978.422587,normal
4317,1781099978.423190,syn_flood
4318,1781099978.423753,http_flood
4319,1781099978.424140,http_flood
4320,1781099978.424490,http_flood
4321,1781099978.425058,syn_flood
4322,1781099978.425589,normal
4323,1781099978.426170,http_flood
4324,1781099978.426726,syn_flood
4325,1781099978.427057,normal
4326,1781099978.427781,udp_reflection
4327,1781099978.428247,syn_flood
4328,1781099978.428695,normal
4329,1781099978.429175,syn_flood
4330,1781099978.429836,syn_flood
4331,1781099978.430270,syn_flood
4332,1781099978.430718,normal
4333,1781099978.431333,normal
4334,1781099978.431890,normal
4335,1781099978.432252,http_flood
4336,1781099978.432737,http_flood
4337,1781099978.433509,syn_flood
4338,1781099978.433948,http_flood
4339,1781099978.434625,syn_flood
4340,1781099978.435331,udp_reflection
4341,1781099978.435891,normal
4342,1781099978.436756,udp_reflection
4343,1781099978.437242,syn_flood
4344,1781099978.437580,http_flood
4345,1781099978.438028,http_flood
4346,1781099978.438629,syn_flood
4347,1781099978.439158,normal
4348,1781099978.439664,syn_flood
4349,1781099978.440021,syn_flood
4350,1781099978.440692,syn_flood
4351,1781099978.441187,udp_reflection
4352,1781099978.441795,normal
4353,1781099978.442205,http_flood
4354,1781099978.442709,udp_reflection
4355,1781099978.443399,syn_flood
4356,1781099978.443777,syn_flood
4357,1781099978.444362,udp_reflection
4358,1781099978.445011,syn_flood
4359,1781099978.445578,syn_flood
4360,1781099978.445939,udp_reflection
4361,1781099978.446342,syn_flood
4362,1781099978.446758,normal
4363,1781099978.447474,normal
4364,1781099978.447993,udp_reflection
4365,1781099978.448550,syn_flood
4366,1781099978.448976,syn_flood
4367,1781099978.449484,syn_flood
4368,1781099978.449900,syn_flood
4369,1781099978.450373,syn_flood
4370,1781099978.450935,syn_flood
4371,1781099978.451558,normal
4372,1781099978.452253,udp_reflection
4373,1781099978.452809,syn_flood
4374,1781099978.453261,syn_flood
4375,1781099978.453724,udp_reflection
4376,1781099978.454279,udp_reflection
4377,1781099978.454862,udp_reflection
4378,1781099978.455252,syn_flood
4379,1781099978.455816,syn_flood
4380,1781099978.456315,normal
4381,1781099978.456656,syn_flood
4382,1781099978.457298,udp_reflection
4383,1781099978.457654,syn_flood
4384,1781099978.458180,syn_flood
4385,1781099978.458571,syn_flood
4386,1781099978.459050,syn_flood
4387,1781099978.459493,normal
4388,1781099978.459855,syn_flood
4389,1781099978.460432,syn_flood
4390,1781099978.460809,udp_reflection
4391,1781099978.461412,syn_flood
4392,1781099978.461968,syn_flood
4393,1781099978.462386,normal
4394,1781099978.462906,normal
4395,1781099978.463346,udp_reflection
4396,1781099978.463785,syn_flood
4397,1781099978.464320,normal
4398,1781099978.465125,udp_reflection
4399,1781099978.465844,syn_flood
4400,1781099978.466377,normal
4401,1781099978.466794,syn_flood
4402,1781099978.467202,syn_flood
4403,1781099978.467662,syn_flood
4404,1781099978.468248,udp_reflection
4405,1781099978.468645,syn_flood
4406,1781099978.468887,normal
4407,1781099978.469345,syn_flood
4408,1781099978.469742,syn_flood
4409,1781099978.470194,http_flood
4410,1781099978.470661,syn_flood
4411,1781099978.471450,normal
4412,1781099978.471961,syn_flood
4413,1781099978.472386,syn_flood
4414,1781099978.472918,syn_flood
4415,1781099978.473521,syn_flood
4416,1781099978.474022,syn_flood
4417,1781099978.474406,syn_flood
4418,1781099978.474870,syn_flood
4419,1781099978.475450,udp_reflection
4420,1781099978.475857,normal
4421,1781099978.476694,syn_flood
4422,1781099978.477466,syn_flood
4423,1781099978.477850,syn_flood
4424,1781099978.478405,syn_flood
4425,1781099978.478923,syn_flood
4426,1781099978.479281,syn_flood
4427,1781099978.479750,http_flood
4428,1781099978.480472,syn_flood
4429,1781099978.481121,syn_flood
4430,1781099978.481613,syn_flood
4431,1781099978.482229,udp_reflection
4432,1781099978.482587,syn_flood
4433,1781099978.483019,syn_flood
4434,1781099978.483790,syn_flood
4435,1781099978.484524,syn_flood
4436,1781099978.484887,syn_flood
4437,1781099978.485395,syn_flood
4438,1781099978.485996,udp_reflection
4439,1781099978.486297,syn_flood
4440,1781099978.486770,http_flood
4441,1781099978.487197,normal
4442,1781099978.487697,http_flood
4443,1781099978.488252,syn_flood
4444,1781099978.488830,http_flood
4445,1781099978.489539,syn_flood
4446,1781099978.490240,normal
4447,1781099978.490716,syn_flood
4448,1781099978.491244,normal
4449,1781099978.491810,syn_flood
4450,1781099978.492200,udp_reflection
4451,1781099978.492777,syn_flood
4452,1781099978.493269,syn_flood
4453,1781099978.493860,syn_flood
4454,1781099978.494387,syn_flood
4455,1781099978.494798,udp_reflection
4456,1781099978.495226,syn_flood
4457,1781099978.495742,udp_reflection
4458,1781099978.496207,syn_flood
4459,1781099978.496724,normal
4460,1781099978.497114,udp_reflection
4461,1781099978.497647,udp_reflection
4462,1781099978.498179,http_flood
4463,1781099978.498807,http_flood
4464,1781099978.499495,syn_flood
4465,1781099978.500110,syn_flood
4466,1781099978.500666,syn_flood
4467,1781099978.501329,normal
4468,1781099978.501781,normal
4469,1781099978.502297,syn_flood
4470,1781099978.502788,syn_flood
4471,1781099978.503461,normal
4472,1781099978.503925,normal
4473,1781099978.504556,syn_flood
4474,1781099978.505037,syn_flood
4475,1781099978.505462,normal
4476,1781099978.506240,syn_flood
4477,1781099978.506634,http_flood
4478,1781099978.507213,normal
4479,1781099978.507703,syn_flood
4480,1781099978.508307,normal
4481,1781099978.508853,normal
4482,1781099978.509474,syn_flood
4483,1781099978.509801,syn_flood
4484,1781099978.510441,syn_flood
4485,1781099978.510980,syn_flood
4486,1781099978.511472,syn_flood
4487,1781099978.511869,syn_flood
4488,1781099978.512464,syn_flood
4489,1781099978.512992,udp_reflection
4490,1781099978.513409,udp_reflection
4491,1781099978.513845,syn_flood
4492,1781099978.514236,syn_flood
4493,1781099978.514803,syn_flood
4494,1781099978.515333,udp_reflection
4495,1781099978.515660,syn_flood
4496,1781099978.516089,syn_flood
4497,1781099978.516550,udp_reflection
4498,1781099978.516966,syn_flood
4499,1781099978.517347,http_flood
4500,1781099978.517828,udp_reflection
4501,1781099978.518134,syn_flood
4502,1781099978.518776,normal
4503,1781099978.519291,normal
4504,1781099978.520185,syn_flood
4505,1781099978.520904,syn_flood
4506,1781099978.521467,normal
4507,1781099978.521973,syn_flood
4508,1781099978.522470,http_flood
4509,1781099978.522973,syn_flood
4510,1781099978.523542,syn_flood
4511,1781099978.524212,syn_flood
4512,1781099978.524799,syn_flood
4513,1781099978.525376,syn_flood
4514,1781099978.525771,normal
4515,1781099978.526309,normal
4516,1781099978.526713,syn_flood
4517,1781099978.527173,syn_flood
4518,1781099978.527802,syn_flood
4519,1781099978.528669,syn_flood
4520,1781099978.528985,syn_flood
4521,1781099978.529572,syn_flood
4522,1781099978.529874,syn_flood
4523,1781099978.530404,syn_flood
4524,1781099978.530917,syn_flood
4525,1781099978.531459,syn_flood
4526,1781099978.531991,syn_flood
4527,1781099978.532419,syn_flood
4528,1781099978.532869,syn_flood
4529,1781099978.533404,syn_flood
4530,1781099978.533814,syn_flood
4531,1781099978.534485,normal
4532,1781099978.534995,syn_flood
4533,1781099978.535621,udp_reflection
4534,1781099978.536207,syn_flood
4535,1781099978.536772,http_flood
4536,1781099978.537350,syn_flood
4537,1781099978.538011,syn_flood
4538,1781099978.538544,http_flood
4539,1781099978.539423,udp_reflection
4540,1781099978.539869,normal
4541,1781099978.540319,syn_flood
4542,1781099978.540892,normal
4543,1781099978.541568,syn_flood
4544,1781099978.542397,syn_flood
4545,1781099978.542854,syn_flood
4546,1781099978.543433,http_flood
4547,1781099978.544007,normal
4548,1781099978.544422,http_flood
4549,1781099978.545042,http_flood
4550,1781099978.545621,normal
4551,1781099978.546366,http_flood
4552,1781099978.546797,udp_reflection
4553,1781099978.547222,udp_reflection
4554,1781099978.547573,normal
4555,1781099978.548150,http_flood
4556,1781099978.548678,http_flood
4557,1781099978.549130,http_flood
4558,1781099978.549603,syn_flood
4559,1781099978.550148,http_flood
4560,1781099978.550761,syn_flood
4561,1781099978.551214,http_flood
4562,1781099978.551829,syn_flood
4563,1781099978.552280,syn_flood
4564,1781099978.552798,udp_reflection
4565,1781099978.553352,udp_reflection
4566,1781099978.554145,http_flood
4567,1781099978.554513,syn_flood
4568,1781099978.554859,syn_flood
4569,1781099978.555185,udp_reflection
4570,1781099978.555667,syn_flood
4571,1781099978.556093,udp_reflection
4572,1781099978.556570,http_flood
4573,1781099978.556960,syn_flood
4574,1781099978.557542,http_flood
4575,1781099978.557961,udp_reflection
4576,1781099978.558712,syn_flood
4577,1781099978.559212,syn_flood
4578,1781099978.559628,syn_flood
4579,1781099978.560117,syn_flood
4580,1781099978.560791,http_flood
4581,1781099978.561535,udp_reflection
4582,1781099978.562222,syn_flood
4583,1781099978.562582,udp_reflection
4584,1781099978.562948,normal
4585,1781099978.563460,normal
4586,1781099978.563832,udp_reflection
4587,1781099978.564211,normal
4588,1781099978.564891,udp_reflection
4589,1781099978.565474,syn_flood
4590,1781099978.565914,syn_flood
4591,1781099978.566587,http_flood
4592,1781099978.567046,syn_flood
4593,1781099978.567676,syn_flood
4594,1781099978.568198,normal
4595,1781099978.568825,syn_flood
4596,1781099978.569545,syn_flood
4597,1781099978.569766,http_flood
4598,1781099978.570237,syn_flood
4599,1781099978.570685,udp_reflection
4600,1781099978.571395,normal
4601,1781099978.571907,http_flood
4602,1781099978.572448,syn_flood
4603,1781099978.573092,syn_flood
4604,1781099978.573662,syn_flood
4605,1781099978.574115,http_flood
4606,1781099978.574627,syn_flood
4607,1781099978.575109,syn_flood
4608,1781099978.575534,syn_flood
4609,1781099978.576084,http_flood
4610,1781099978.576590,normal
4611,1781099978.576950,syn_flood
4612,1781099978.577361,syn_flood
4613,1781099978.577881,normal
4614,1781099978.578328,syn_flood
4615,1781099978.578776,normal
4616,1781099978.579216,udp_reflection
4617,1781099978.579746,syn_flood
4618,1781099978.580469,syn_flood
4619,1781099978.581219,syn_flood
4620,1781099978.581722,syn_flood
4621,1781099978.582242,syn_flood
4622,1781099978.582838,syn_flood
4623,1781099978.583200,syn_flood
4624,1781099978.583662,http_flood
4625,1781099978.584171,udp_reflection
4626,1781099978.584775,syn_flood
4627,1781099978.585381,syn_flood
4628,1781099978.585758,syn_flood
4629,1781099978.586253,normal
4630,1781099978.586925,syn_flood
4631,1781099978.587481,http_flood
4632,1781099978.587888,normal
4633,1781099978.588354,http_flood
4634,1781099978.588892,syn_flood
4635,1781099978.589425,syn_flood
4636,1781099978.589983,normal
4637,1781099978.590490,syn_flood
4638,1781099978.591007,syn_flood
4639,1781099978.591408,udp_reflection
4640,1781099978.592127,syn_flood
4641,1781099978.592595,udp_reflection
4642,1781099978.593238,udp_reflection
4643,1781099978.593663,normal
4644,1781099978.594064,syn_flood
4645,1781099978.594568,udp_reflection
4646,1781099978.595082,syn_flood
4647,1781099978.595458,syn_flood
4648,1781099978.596162,syn_flood
4649,1781099978.596697,syn_flood
4650,1781099978.597284,normal
4651,1781099978.597889,http_flood
4652,1781099978.598432,syn_flood
4653,1781099978.599003,normal
4654,1781099978.599457,syn_flood
4655,1781099978.599955,syn_flood
4656,1781099978.600462,syn_flood
4657,1781099978.601063,syn_flood
4658,1781099978.601699,normal
4659,1781099978.602191,udp_reflection
4660,1781099978.602787,syn_flood
4661,1781099978.603209,syn_flood
4662,1781099978.603691,syn_flood
4663,1781099978.604391,http_flood
4664,1781099978.605008,syn_flood
4665,1781099978.605706,syn_flood
4666,1781099978.606354,syn_flood
4667,1781099978.606667,syn_flood
4668,1781099978.607242,syn_flood
4669,1781099978.607776,syn_flood
4670,1781099978.608424,syn_flood
4671,1781099978.609186,udp_reflection
4672,1781099978.609607,http_flood
4673,1781099978.610088,http_flood
4674,1781099978.610748,syn_flood
4675,1781099978.611269,syn_flood
4676,1781099978.611700,http_flood
4677,1781099978.612087,http_flood
4678,1781099978.612540,normal
4679,1781099978.613038,normal
4680,1781099978.613479,udp_reflection
4681,1781099978.614092,syn_flood
4682,1781099978.614578,syn_flood
4683,1781099978.615062,normal
4684,1781099978.615554,normal
4685,1781099978.616217,udp_reflection
4686,1781099978.616771,syn_flood
4687,1781099978.617290,normal
4688,1781099978.617849,udp_reflection
4689,1781099978.618385,syn_flood
4690,1781099978.619104,udp_reflection
4691,1781099978.619529,syn_flood
4692,1781099978.620029,syn_flood
4693,1781099978.620613,syn_flood
4694,1781099978.621056,udp_reflection
4695,1781099978.621805,syn_flood
4696,1781099978.622391,syn_flood
4697,1781099978.622804,normal
4698,1781099978.623248,syn_flood
4699,1781099978.623949,syn_flood
4700,1781099978.624405,http_flood
4701,1781099978.624822,syn_flood
4702,1781099978.625409,udp_reflection
4703,1781099978.626069,syn_flood
4704,1781099978.626405,http_flood
4705,1781099978.627003,syn_flood
4706,1781099978.627445,http_flood
4707,1781099978.628371,syn_flood
4708,1781099978.628928,syn_flood
4709,1781099978.629347,syn_flood
4710,1781099978.629797,syn_flood
4711,1781099978.630213,syn_flood
4712,1781099978.630656,syn_flood
4713,1781099978.631220,normal
4714,1781099978.631608,syn_flood
4715,1781099978.632066,udp_reflection
4716,1781099978.632413,normal
4717,1781099978.633108,udp_reflection
4718,1781099978.633756,syn_flood
4719,1781099978.634250,http_flood
4720,1781099978.634784,syn_flood
4721,1781099978.635210,http_flood
4722,1781099978.635630,syn_flood
4723,1781099978.636143,http_flood
4724,1781099978.636634,syn_flood
4725,1781099978.637101,normal
4726,1781099978.637529,udp_reflection
4727,1781099978.638013,normal
4728,1781099978.638509,syn_flood
4729,1781099978.638967,syn_flood
4730,1781099978.639462,http_flood
4731,1781099978.639868,normal
4732,1781099978.640307,syn_flood
4733,1781099978.640805,syn_flood
4734,1781099978.641325,normal
4735,1781099978.641694,syn_flood
4736,1781099978.642364,udp_reflection
4737,1781099978.642993,normal
4738,1781099978.643412,syn_flood
4739,1781099978.644256,syn_flood
4740,1781099978.644840,http_flood
4741,1781099978.645292,normal
4742,1781099978.645611,http_flood
4743,1781099978.646108,normal
4744,1781099978.646825,syn_flood
4745,1781099978.647449,syn_flood
4746,1781099978.648073,syn_flood
4747,1781099978.648517,syn_flood
4748,1781099978.648994,syn_flood
4749,1781099978.649525,syn_flood
4750,1781099978.650192,syn_flood
4751,1781099978.650636,normal
4752,1781099978.651327,syn_flood
4753,1781099978.651765,syn_flood
4754,1781099978.652395,syn_flood
4755,1781099978.652985,udp_reflection
4756,1781099978.653574,syn_flood
4757,1781099978.654135,normal
4758,1781099978.654656,syn_flood
4759,1781099978.655079,syn_flood
4760,1781099978.655470,syn_flood
4761,1781099978.656008,syn_flood
4762,1781099978.656642,syn_flood
4763,1781099978.657334,http_flood
4764,1781099978.657769,syn_flood
4765,1781099978.658221,http_flood
4766,1781099978.658657,syn_flood
4767,1781099978.659419,normal
4768,1781099978.659849,syn_flood
4769,1781099978.660273,syn_flood
4770,1781099978.660877,syn_flood
4771,1781099978.661680,http_flood
4772,1781099978.662153,http_flood
4773,1781099978.662704,http_flood
4774,1781099978.663130,normal
4775,1781099978.663593,normal
4776,1781099978.664097,http_flood
4777,1781099978.664880,syn_flood
4778,1781099978.665548,http_flood
4779,1781099978.666010,http_flood
4780,1781099978.666438,syn_flood
4781,1781099978.666879,http_flood
4782,1781099978.667324,syn_flood
4783,1781099978.667828,syn_flood
4784,1781099978.668208,udp_reflection
4785,1781099978.668676,udp_reflection
4786,1781099978.669075,syn_flood
4787,1781099978.669442,syn_flood
4788,1781099978.670212,syn_flood
4789,1781099978.670718,syn_flood
4790,1781099978.671133,syn_flood
4791,1781099978.671752,syn_flood
4792,1781099978.672219,normal
4793,1781099978.672635,syn_flood
4794,1781099978.673072,syn_flood
4795,1781099978.673852,normal
4796,1781099978.674432,normal
4797,1781099978.675067,syn_flood
4798,1781099978.675502,syn_flood
4799,1781099978.675889,syn_flood
4800,1781099978.676184,syn_flood
4801,1781099978.676686,normal
4802,1781099978.677426,normal
4803,1781099978.677914,syn_flood
4804,1781099978.678480,syn_flood
4805,1781099978.678782,syn_flood
4806,1781099978.679311,syn_flood
4807,1781099978.679844,syn_flood
4808,1781099978.680439,udp_reflection
4809,1781099978.680949,syn_flood
4810,1781099978.681514,normal
4811,1781099978.681974,udp_reflection
4812,1781099978.682268,udp_reflection
4813,1781099978.682838,syn_flood
4814,1781099978.683309,syn_flood
4815,1781099978.683627,syn_flood
4816,1781099978.684104,normal
4817,1781099978.684562,syn_flood
4818,1781099978.685037,http_flood
4819,1781099978.685732,normal
4820,1781099978.686267,udp_reflection
4821,1781099978.686651,syn_flood
4822,1781099978.687092,syn_flood
4823,1781099978.687647,syn_flood
4824,1781099978.688211,syn_flood
4825,1781099978.688612,normal
4826,1781099978.689196,syn_flood
4827,1781099978.689814,syn_flood
4828,1781099978.690307,syn_flood
4829,1781099978.690853,normal
4830,1781099978.691362,udp_reflection
4831,1781099978.691804,udp_reflection
4832,1781099978.692360,normal
4833,1781099978.692958,http_flood
4834,1781099978.693450,syn_flood
4835,1781099978.694165,syn_flood
4836,1781099978.694820,syn_flood
4837,1781099978.695310,http_flood
4838,1781099978.696049,syn_flood
4839,1781099978.696603,http_flood
4840,1781099978.697062,syn_flood
4841,1781099978.697816,http_flood
4842,1781099978.698214,http_flood
4843,1781099978.698927,syn_flood
4844,1781099978.699407,syn_flood
4845,1781099978.700027,syn_flood
4846,1781099978.700480,http_flood
4847,1781099978.700881,syn_flood
4848,1781099978.701334,syn_flood
4849,1781099978.701768,udp_reflection
4850,1781099978.702161,normal
4851,1781099978.702739,normal
4852,1781099978.703216,udp_reflection
4853,1781099978.703914,http_flood
4854,1781099978.704728,syn_flood
4855,1781099978.705372,udp_reflection
4856,1781099978.705762,syn_flood
4857,1781099978.706371,syn_flood
4858,1781099978.706909,syn_flood
4859,1781099978.707370,udp_reflection
4860,1781099978.707880,udp_reflection
4861,1781099978.708440,syn_flood
4862,1781099978.709051,http_flood
4863,1781099978.709670,syn_flood
4864,1781099978.710269,syn_flood
4865,1781099978.710734,syn_flood
4866,1781099978.711248,normal
4867,1781099978.711740,udp_reflection
4868,1781099978.712145,syn_flood
4869,1781099978.712543,normal
4870,1781099978.713044,normal
4871,1781099978.713446,syn_flood
4872,1781099978.713823,syn_flood
4873,1781099978.714523,syn_flood
4874,1781099978.715176,http_flood
4875,1781099978.715616,udp_reflection
4876,1781099978.716039,http_flood
4877,1781099978.716704,syn_flood
4878,1781099978.717364,syn_flood
4879,1781099978.717671,http_flood
4880,1781099978.718139,syn_flood
4881,1781099978.718448,syn_flood
4882,1781099978.718885,normal
4883,1781099978.719745,normal
4884,1781099978.720184,normal
4885,1781099978.720641,syn_flood
4886,1781099978.721311,syn_flood
4887,1781099978.721901,normal
4888,1781099978.722343,syn_flood
4889,1781099978.722949,http_flood
4890,1781099978.723475,normal
4891,1781099978.723799,syn_flood
4892,1781099978.724164,syn_flood
4893,1781099978.724688,normal
4894,1781099978.725113,syn_flood
4895,1781099978.725518,http_flood
4896,1781099978.726112,normal
4897,1781099978.726585,http_flood
4898,1781099978.727083,udp_reflection
4899,1781099978.727613,syn_flood
4900,1781099978.728294,syn_flood
4901,1781099978.728780,syn_flood
4902,1781099978.729401,syn_flood
4903,1781099978.729997,udp_reflection
4904,1781099978.730428,udp_reflection
4905,1781099978.730999,syn_flood
4906,1781099978.731356,syn_flood
4907,1781099978.731961,syn_flood
4908,1781099978.732500,udp_reflection
4909,1781099978.732963,http_flood
4910,1781099978.733449,syn_flood
4911,1781099978.734037,syn_flood
4912,1781099978.734545,syn_flood
4913,1781099978.734887,normal
4914,1781099978.735373,udp_reflection
4915,1781099978.735904,syn_flood
4916,1781099978.736448,normal
4917,1781099978.737107,normal
4918,1781099978.737552,http_flood
4919,1781099978.738225,normal
4920,1781099978.738812,udp_reflection
4921,1781099978.739101,syn_flood
4922,1781099978.739516,http_flood
4923,1781099978.739998,syn_flood
4924,1781099978.740416,syn_flood
4925,1781099978.740791,syn_flood
4926,1781099978.741209,syn_flood
4927,1781099978.741710,syn_flood
4928,1781099978.742206,syn_flood
4929,1781099978.742767,udp_reflection
4930,1781099978.743245,syn_flood
4931,1781099978.743864,syn_flood
4932,1781099978.744362,syn_flood
4933,1781099978.744898,udp_reflection
4934,1781099978.745579,syn_flood
4935,1781099978.746459,syn_flood
4936,1781099978.746938,syn_flood
4937,1781099978.747414,syn_flood
4938,1781099978.747976,udp_reflection
4939,1781099978.748499,syn_flood
4940,1781099978.748939,syn_flood
4941,1781099978.749319,syn_flood
4942,1781099978.749967,syn_flood
4943,1781099978.750546,syn_flood
4944,1781099978.750997,syn_flood
4945,1781099978.751416,syn_flood
4946,1781099978.752007,normal
4947,1781099978.752507,syn_flood
4948,1781099978.753011,syn_flood
4949,1781099978.753447,udp_reflection
4950,1781099978.753890,normal
4951,1781099978.754449,udp_reflection
4952,1781099978.755166,syn_flood
4953,1781099978.755762,syn_flood
4954,1781099978.756296,syn_flood
4955,1781099978.756746,http_flood
4956,1781099978.757286,normal
4957,1781099978.757905,syn_flood
4958,1781099978.758368,udp_reflection
4959,1781099978.758951,normal
4960,1781099978.759709,normal
4961,1781099978.760239,http_flood
4962,1781099978.760943,syn_flood
4963,1781099978.761691,http_flood
4964,1781099978.762378,udp_reflection
4965,1781099978.762921,normal
4966,1781099978.763385,syn_flood
4967,1781099978.763868,syn_flood
4968,1781099978.764370,normal
4969,1781099978.764776,syn_flood
4970,1781099978.765179,normal
4971,1781099978.765865,udp_reflection
4972,1781099978.766250,syn_flood
4973,1781099978.766850,syn_flood
4974,1781099978.767624,syn_flood
4975,1781099978.768033,normal
4976,1781099978.768602,syn_flood
4977,1781099978.769205,syn_flood
4978,1781099978.769658,normal
4979,1781099978.770010,http_flood
4980,1781099978.770744,syn_flood
4981,1781099978.771147,syn_flood
4982,1781099978.771959,normal
4983,1781099978.772435,http_flood
4984,1781099978.772922,syn_flood
4985,1781099978.773379,http_flood
4986,1781099978.773863,normal
4987,1781099978.774343,http_flood
4988,1781099978.774708,syn_flood
4989,1781099978.775208,syn_flood
4990,1781099978.775779,udp_reflection
4991,1781099978.776246,http_flood
4992,1781099978.776833,udp_reflection
4993,1781099978.777271,normal
4994,1781099978.777653,syn_flood
4995,1781099978.778214,syn_flood
4996,1781099978.778706,syn_flood
4997,1781099978.779609,syn_flood
4998,1781099978.780195,syn_flood
4999,1781099978.780460,syn_flood
5000,1781099978.780832,normal
5001,1781099978.781247,syn_flood
5002,1781099978.781744,syn_flood
5003,1781099978.782151,normal
5004,1781099978.782569,syn_flood
5005,1781099978.783093,syn_flood
5006,1781099978.783596,http_flood
5007,1781099978.783924,http_flood
5008,1781099978.784526,normal
5009,1781099978.785046,http_flood
5010,1781099978.785394,syn_flood
5011,1781099978.785999,syn_flood
5012,1781099978.786383,syn_flood
5013,1781099978.786809,syn_flood
5014,1781099978.787285,syn_flood
5015,1781099978.787665,normal
5016,1781099978.788025,syn_flood
5017,1781099978.788542,syn_flood
5018,1781099978.789086,syn_flood
5019,1781099978.789627,http_flood
5020,1781099978.790039,normal
5021,1781099978.790553,syn_flood
5022,1781099978.791182,syn_flood
5023,1781099978.791760,udp_reflection
5024,1781099978.792238,normal
5025,1781099978.792675,http_flood
5026,1781099978.793315,udp_reflection
5027,1781099978.793860,syn_flood
5028,1781099978.794516,http_flood
5029,1781099978.794929,syn_flood
5030,1781099978.795351,syn_flood
5031,1781099978.795789,syn_flood
5032,1781099978.796495,normal
5033,1781099978.797348,syn_flood
5034,1781099978.797773,syn_flood
5035,1781099978.798156,normal
5036,1781099978.798827,syn_flood
5037,1781099978.799433,http_flood
5038,1781099978.799877,udp_reflection
5039,1781099978.800557,http_flood
5040,1781099978.801108,syn_flood
5041,1781099978.802316,normal
5042,1781099978.802839,syn_flood
5043,1781099978.803311,normal
5044,1781099978.803837,syn_flood
5045,1781099978.804375,normal
5046,1781099978.804871,udp_reflection
5047,1781099978.805393,syn_flood
5048,1781099978.805886,http_flood
5049,1781099978.806482,syn_flood
5050,1781099978.807119,syn_flood
5051,1781099978.807538,syn_flood
5052,1781099978.808137,normal
5053,1781099978.808869,syn_flood
5054,1781099978.809398,normal
5055,1781099978.809891,http_flood
5056,1781099978.810465,syn_flood
5057,1781099978.811109,syn_flood
5058,1781099978.811596,syn_flood
5059,1781099978.812070,normal
5060,1781099978.812578,http_flood
5061,1781099978.812997,syn_flood
5062,1781099978.813690,syn_flood
5063,1781099978.814377,udp_reflection
5064,1781099978.814827,syn_flood
5065,1781099978.815223,syn_flood
5066,1781099978.815738,syn_flood
5067,1781099978.816354,syn_flood
5068,1781099978.816951,syn_flood
5069,1781099978.817752,normal
5070,1781099978.818193,syn_flood
5071,1781099978.818711,syn_flood
5072,1781099978.819071,syn_flood
5073,1781099978.819487,syn_flood
5074,1781099978.820081,syn_flood
5075,1781099978.820563,syn_flood
5076,1781099978.821165,syn_flood
5077,1781099978.821574,udp_reflection
5078,1781099978.822060,normal
5079,1781099978.822575,normal
5080,1781099978.823157,syn_flood
5081,1781099978.823856,syn_flood
5082,1781099978.824264,syn_flood
5083,1781099978.824586,syn_flood
5084,1781099978.825186,normal
5085,1781099978.825673,http_flood
5086,1781099978.826183,syn_flood
5087,1781099978.826733,syn_flood
5088,1781099978.827389,udp_reflection
5089,1781099978.827801,syn_flood
5090,1781099978.828208,udp_reflection
5091,1781099978.828781,udp_reflection
5092,1781099978.829493,syn_flood
5093,1781099978.829929,normal
5094,1781099978.830312,normal
5095,1781099978.830801,normal
5096,1781099978.831344,http_flood
5097,1781099978.831797,syn_flood
5098,1781099978.832400,syn_flood
5099,1781099978.832922,normal
5100,1781099978.833336,syn_flood
5101,1781099978.833720,syn_flood
5102,1781099978.834259,normal
5103,1781099978.834862,udp_reflection
5104,1781099978.835577,http_flood
5105,1781099978.836251,syn_flood
5106,1781099978.836746,syn_flood
5107,1781099978.837248,syn_flood
5108,1781099978.837886,normal
5109,1781099978.838307,syn_flood
5110,1781099978.838957,normal
5111,1781099978.839441,udp_reflection
5112,1781099978.840276,syn_flood
5113,1781099978.840801,normal
5114,1781099978.841275,http_flood
5115,1781099978.841635,syn_flood
5116,1781099978.842191,normal
5117,1781099978.842541,udp_reflection
5118,1781099978.842924,normal
5119,1781099978.843439,syn_flood
5120,1781099978.843898,syn_flood
5121,1781099978.844523,normal
5122,1781099978.845304,http_flood
5123,1781099978.845912,syn_flood
5124,1781099978.846403,http_flood
5125,1781099978.847075,syn_flood
5126,1781099978.847564,http_flood
5127,1781099978.848066,syn_flood
5128,1781099978.848658,http_flood
5129,1781099978.849113,http_flood
5130,1781099978.849784,syn_flood
5131,1781099978.850239,syn_flood
5132,1781099978.850658,udp_reflection
5133,1781099978.851142,normal
5134,1781099978.851710,syn_flood
5135,1781099978.852207,syn_flood
5136,1781099978.852659,normal
5137,1781099978.853169,http_flood
5138,1781099978.853646,normal
5139,1781099978.854264,normal
5140,1781099978.854800,syn_flood
5141,1781099978.855410,http_flood
5142,1781099978.855781,normal
5143,1781099978.856351,syn_flood
5144,1781099978.856905,syn_flood
5145,1781099978.857291,syn_flood
5146,1781099978.857738,syn_flood
5147,1781099978.858369,syn_flood
5148,1781099978.858930,syn_flood
5149,1781099978.859516,syn_flood
5150,1781099978.860084,syn_flood
5151,1781099978.860586,syn_flood
5152,1781099978.861206,udp_reflection
5153,1781099978.861655,syn_flood
5154,1781099978.862186,syn_flood
5155,1781099978.862674,http_flood
5156,1781099978.863116,syn_flood
5157,1781099978.863680,syn_flood
5158,1781099978.864336,syn_flood
5159,1781099978.864697,http_flood
5160,1781099978.865085,udp_reflection
5161,1781099978.865497,syn_flood
5162,1781099978.865840,normal
5163,1781099978.866358,syn_flood
5164,1781099978.866684,syn_flood
5165,1781099978.867161,syn_flood
5166,1781099978.867696,syn_flood
5167,1781099978.868281,syn_flood
5168,1781099978.868634,syn_flood
5169,1781099978.869125,udp_reflection
5170,1781099978.869577,syn_flood
5171,1781099978.870161,syn_flood
5172,1781099978.870950,syn_flood
5173,1781099978.871435,http_flood
5174,1781099978.871794,syn_flood
5175,1781099978.872293,http_flood
5176,1781099978.872813,http_flood
5177,1781099978.873273,syn_flood
5178,1781099978.873641,syn_flood
5179,1781099978.874357,udp_reflection
5180,1781099978.874924,normal
5181,1781099978.875385,udp_reflection
5182,1781099978.876108,udp_reflection
5183,1781099978.876856,syn_flood
5184,1781099978.877333,udp_reflection
5185,1781099978.877704,normal
5186,1781099978.878418,syn_flood
5187,1781099978.878886,normal
5188,1781099978.879243,normal
5189,1781099978.879888,http_flood
5190,1781099978.880445,udp_reflection
5191,1781099978.880954,syn_flood
5192,1781099978.881458,syn_flood
5193,1781099978.881876,normal
5194,1781099978.882358,syn_flood
5195,1781099978.882994,syn_flood
5196,1781099978.883392,http_flood
5197,1781099978.883772,http_flood
5198,1781099978.884211,syn_flood
5199,1781099978.884660,http_flood
5200,1781099978.885178,syn_flood
5201,1781099978.885782,normal
5202,1781099978.886286,normal
5203,1781099978.886790,udp_reflection
5204,1781099978.887335,syn_flood
5205,1781099978.887705,syn_flood
5206,1781099978.888215,syn_flood
5207,1781099978.888944,udp_reflection
5208,1781099978.889515,normal
5209,1781099978.890003,syn_flood
5210,1781099978.890541,syn_flood
5211,1781099978.890894,http_flood
5212,1781099978.891340,udp_reflection
5213,1781099978.891866,udp_reflection
5214,1781099978.892223,http_flood
5215,1781099978.892525,normal
5216,1781099978.893168,normal
5217,1781099978.893873,syn_flood
5218,1781099978.894478,syn_flood
5219,1781099978.894901,udp_reflection
5220,1781099978.895317,syn_flood
5221,1781099978.895860,syn_flood
5222,1781099978.896523,http_flood
5223,1781099978.897202,syn_flood
5224,1781099978.897614,normal
5225,1781099978.898332,syn_flood
5226,1781099978.898816,syn_flood
5227,1781099978.899269,http_flood
5228,1781099978.899694,syn_flood
5229,1781099978.900201,udp_reflection
5230,1781099978.900697,syn_flood
5231,1781099978.901270,syn_flood
5232,1781099978.901696,normal
5233,1781099978.902125,syn_flood
5234,1781099978.902562,udp_reflection
5235,1781099978.903242,syn_flood
5236,1781099978.903650,syn_flood
5237,1781099978.904450,udp_reflection
5238,1781099978.905025,syn_flood
5239,1781099978.905664,normal
5240,1781099978.906114,syn_flood
5241,1781099978.906728,normal
5242,1781099978.907252,udp_reflection
5243,1781099978.907767,udp_reflection
5244,1781099978.908178,http_flood
5245,1781099978.908615,syn_flood
5246,1781099978.909239,http_flood
5247,1781099978.909750,normal
5248,1781099978.910282,syn_flood
5249,1781099978.910877,udp_reflection
5250,1781099978.911470,syn_flood
5251,1781099978.912044,syn_flood
5252,1781099978.912646,syn_flood
5253,1781099978.913152,syn_flood
5254,1781099978.913645,http_flood
5255,1781099978.914276,syn_flood
5256,1781099978.914919,syn_flood
5257,1781099978.915403,syn_flood
5258,1781099978.915778,syn_flood
5259,1781099978.916421,syn_flood
5260,1781099978.916847,syn_flood
5261,1781099978.917403,syn_flood
5262,1781099978.917938,udp_reflection
5263,1781099978.918362,syn_flood
5264,1781099978.918786,syn_flood
5265,1781099978.919306,syn_flood
5266,1781099978.919852,http_flood
5267,1781099978.920325,syn_flood
5268,1781099978.920793,syn_flood
5269,1781099978.921400,syn_flood
5270,1781099978.921847,syn_flood
5271,1781099978.922352,syn_flood
5272,1781099978.922756,syn_flood
5273,1781099978.923357,syn_flood
5274,1781099978.923933,normal
5275,1781099978.924433,syn_flood
5276,1781099978.925018,udp_reflection
5277,1781099978.925328,syn_flood
5278,1781099978.925858,normal
5279,1781099978.926302,normal
5280,1781099978.927356,http_flood
5281,1781099978.927588,syn_flood
5282,1781099978.928045,normal
5283,1781099978.928468,udp_reflection
5284,1781099978.928853,normal
5285,1781099978.929522,syn_flood
5286,1781099978.930140,syn_flood
5287,1781099978.930537,udp_reflection
5288,1781099978.931038,syn_flood
5289,1781099978.931666,syn_flood
5290,1781099978.932188,normal
5291,1781099978.932751,syn_flood
5292,1781099978.933131,syn_flood
5293,1781099978.933750,udp_reflection
5294,1781099978.934228,http_flood
5295,1781099978.934839,http_flood
5296,1781099978.935561,syn_flood
5297,1781099978.936025,udp_reflection
5298,1781099978.936551,normal
5299,1781099978.937144,syn_flood
5300,1781099978.937713,syn_flood
5301,1781099978.938282,normal
5302,1781099978.938765,normal
5303,1781099978.939255,normal
5304,1781099978.939823,normal
5305,1781099978.940319,normal
5306,1781099978.940968,syn_flood
5307,1781099978.941366,syn_flood
5308,1781099978.941942,syn_flood
5309,1781099978.942670,syn_flood
5310,1781099978.943282,http_flood
5311,1781099978.943656,syn_flood
5312,1781099978.944180,syn_flood
5313,1781099978.944738,syn_flood
5314,1781099978.945266,normal
5315,1781099978.945722,normal
5316,1781099978.946261,normal
5317,1781099978.946825,normal
5318,1781099978.947273,syn_flood
5319,1781099978.947654,syn_flood
5320,1781099978.948018,normal
5321,1781099978.948520,http_flood
5322,1781099978.949099,normal
5323,1781099978.949563,syn_flood
5324,1781099978.950159,syn_flood
5325,1781099978.950815,syn_flood
5326,1781099978.951475,normal
5327,1781099978.951910,syn_flood
5328,1781099978.952495,syn_flood
5329,1781099978.952984,syn_flood
5330,1781099978.953536,udp_reflection
5331,1781099978.954084,syn_flood
5332,1781099978.954814,udp_reflection
5333,1781099978.955199,normal
5334,1781099978.955887,syn_flood
5335,1781099978.956339,syn_flood
5336,1781099978.956803,syn_flood
5337,1781099978.957283,syn_flood
5338,1781099978.957749,syn_flood
5339,1781099978.958372,syn_flood
5340,1781099978.958814,syn_flood
5341,1781099978.959437,syn_flood
5342,1781099978.959908,syn_flood
5343,1781099978.960387,normal
5344,1781099978.960825,syn_flood
5345,1781099978.961430,udp_reflection
5346,1781099978.962119,http_flood
5347,1781099978.962549,syn_flood
5348,1781099978.963087,syn_flood
5349,1781099978.963788,syn_flood
5350,1781099978.964370,normal
5351,1781099978.964898,normal
5352,1781099978.965526,normal
5353,1781099978.966032,syn_flood
5354,1781099978.966447,http_flood
5355,1781099978.966875,normal
5356,1781099978.967390,udp_reflection
5357,1781099978.967753,syn_flood
5358,1781099978.968072,http_flood
5359,1781099978.968501,http_flood
5360,1781099978.968949,normal
5361,1781099978.969379,normal
5362,1781099978.969850,syn_flood
5363,1781099978.970374,http_flood
5364,1781099978.970720,syn_flood
5365,1781099978.971132,http_flood
5366,1781099978.971552,udp_reflection
5367,1781099978.971992,syn_flood
5368,1781099978.972614,syn_flood
5369,1781099978.973260,syn_flood
5370,1781099978.973904,http_flood
5371,1781099978.974501,syn_flood
5372,1781099978.975127,normal
5373,1781099978.975451,syn_flood
5374,1781099978.975975,udp_reflection
5375,1781099978.976448,syn_flood
5376,1781099978.976897,syn_flood
5377,1781099978.977257,syn_flood
5378,1781099978.977533,normal
5379,1781099978.978073,syn_flood
5380,1781099978.978550,normal
5381,1781099978.979265,syn_flood
5382,1781099978.979651,udp_reflection
5383,1781099978.980244,syn_flood
5384,1781099978.980785,syn_flood
5385,1781099978.981135,syn_flood
5386,1781099978.981816,syn_flood
5387,1781099978.982629,udp_reflection
5388,1781099978.983106,http_flood
5389,1781099978.983687,normal
5390,1781099978.984249,syn_flood
5391,1781099978.984738,syn_flood
5392,1781099978.985425,syn_flood
5393,1781099978.985960,normal
5394,1781099978.986491,syn_flood
5395,1781099978.987069,udp_reflection
5396,1781099978.987699,http_flood
5397,1781099978.988139,syn_flood
5398,1781099978.988604,udp_reflection
5399,1781099978.989214,normal
5400,1781099978.989690,normal
5401,1781099978.990437,syn_flood
5402,1781099978.991044,http_flood
5403,1781099978.991510,syn_flood
5404,1781099978.992101,syn_flood
5405,1781099978.992550,normal
5406,1781099978.993228,syn_flood
5407,1781099978.993889,syn_flood
5408,1781099978.994732,http_flood
5409,1781099978.995456,syn_flood
5410,1781099978.996117,syn_flood
5411,1781099978.997048,syn_flood
5412,1781099978.997753,syn_flood
5413,1781099978.998291,syn_flood
5414,1781099978.999086,syn_flood
5415,1781099978.999566,syn_flood
5416,1781099978.999991,syn_flood
5417,1781099979.000556,syn_flood
5418,1781099979.001046,http_flood
5419,1781099979.001674,syn_flood
5420,1781099979.002119,normal
5421,1781099979.002418,syn_flood
5422,1781099979.003001,syn_flood
5423,1781099979.003384,syn_flood
5424,1781099979.003839,syn_flood
5425,1781099979.004376,syn_flood
5426,1781099979.004963,normal
5427,1781099979.005464,udp_reflection
5428,1781099979.006104,normal
5429,1781099979.006570,syn_flood
5430,1781099979.007300,syn_flood
5431,1781099979.007803,syn_flood
5432,1781099979.008338,udp_reflection
5433,1781099979.009042,normal
5434,1781099979.009975,udp_reflection
5435,1781099979.010489,udp_reflection
5436,1781099979.011155,syn_flood
5437,1781099979.011763,http_flood
5438,1781099979.012339,normal
5439,1781099979.012867,syn_flood
5440,1781099979.013315,http_flood
5441,1781099979.014029,syn_flood
5442,1781099979.014681,normal
5443,1781099979.015068,normal
5444,1781099979.015477,udp_reflection
5445,1781099979.015950,http_flood
5446,1781099979.016535,syn_flood
5447,1781099979.017118,syn_flood
5448,1781099979.017856,syn_flood
5449,1781099979.018258,http_flood
5450,1781099979.018878,http_flood
5451,1781099979.019326,syn_flood
5452,1781099979.019797,syn_flood
5453,1781099979.020209,syn_flood
5454,1781099979.020834,syn_flood
5455,1781099979.021426,syn_flood
5456,1781099979.022154,normal
5457,1781099979.022715,syn_flood
5458,1781099979.023075,normal
5459,1781099979.023657,normal
5460,1781099979.024308,http_flood
5461,1781099979.024773,syn_flood
5462,1781099979.025327,syn_flood
5463,1781099979.025834,syn_flood
5464,1781099979.026265,udp_reflection
5465,1781099979.026618,udp_reflection
5466,1781099979.027049,http_flood
5467,1781099979.027445,syn_flood
5468,1781099979.028016,syn_flood
5469,1781099979.028560,syn_flood
5470,1781099979.029127,syn_flood
5471,1781099979.029693,normal
5472,1781099979.030050,syn_flood
5473,1781099979.030677,syn_flood
5474,1781099979.031231,syn_flood
5475,1781099979.031799,syn_flood
5476,1781099979.032480,syn_flood
5477,1781099979.033375,udp_reflection
5478,1781099979.033761,syn_flood
5479,1781099979.034226,http_flood
5480,1781099979.034574,normal
5481,1781099979.034956,syn_flood
5482,1781099979.035370,syn_flood
5483,1781099979.035861,http_flood
5484,1781099979.036477,normal
5485,1781099979.036913,syn_flood
5486,1781099979.037473,syn_flood
5487,1781099979.038364,syn_flood
5488,1781099979.039032,http_flood
5489,1781099979.039567,syn_flood
5490,1781099979.040050,syn_flood
5491,1781099979.040560,syn_flood
5492,1781099979.041209,udp_reflection
5493,1781099979.041701,syn_flood
5494,1781099979.042272,syn_flood
5495,1781099979.042740,udp_reflection
5496,1781099979.043395,syn_flood
5497,1781099979.043990,syn_flood
5498,1781099979.044456,syn_flood
5499,1781099979.045105,http_flood
5500,1781099979.045641,syn_flood
5501,1781099979.046078,syn_flood
5502,1781099979.046473,udp_reflection
5503,1781099979.046870,syn_flood
5504,1781099979.047786,syn_flood
5505,1781099979.048190,udp_reflection
5506,1781099979.048989,syn_flood
5507,1781099979.049615,normal
5508,1781099979.050130,syn_flood
5509,1781099979.050566,syn_flood
5510,1781099979.051019,udp_reflection
5511,1781099979.051451,normal
5512,1781099979.052221,syn_flood
5513,1781099979.052867,normal
5514,1781099979.053342,syn_flood
5515,1781099979.053834,udp_reflection
5516,1781099979.054315,syn_flood
5517,1781099979.054826,syn_flood
5518,1781099979.055342,udp_reflection
5519,1781099979.055873,normal
5520,1781099979.056396,http_flood
5521,1781099979.056830,syn_flood
5522,1781099979.057566,normal
5523,1781099979.058021,syn_flood
5524,1781099979.058535,normal
5525,1781099979.058973,syn_flood
5526,1781099979.059424,http_flood
5527,1781099979.060033,syn_flood
5528,1781099979.060552,syn_flood
5529,1781099979.061000,syn_flood
5530,1781099979.061376,syn_flood
5531,1781099979.061891,http_flood
5532,1781099979.062494,http_flood
5533,1781099979.063149,http_flood
5534,1781099979.063585,udp_reflection
5535,1781099979.064299,http_flood
5536,1781099979.064787,syn_flood
5537,1781099979.065467,syn_flood
5538,1781099979.065948,normal
5539,1781099979.066362,syn_flood
5540,1781099979.066676,normal
5541,1781099979.067310,udp_reflection
5542,1781099979.067913,syn_flood
5543,1781099979.068613,syn_flood
5544,1781099979.069168,normal
5545,1781099979.069804,syn_flood
5546,1781099979.070064,syn_flood
5547,1781099979.070655,http_flood
5548,1781099979.071284,udp_reflection
5549,1781099979.071705,normal
5550,1781099979.072100,syn_flood
5551,1781099979.072659,http_flood
5552,1781099979.072967,normal
5553,1781099979.073432,http_flood
5554,1781099979.074077,syn_flood
5555,1781099979.074522,http_flood
5556,1781099979.074981,syn_flood
5557,1781099979.075468,syn_flood
5558,1781099979.075774,udp_reflection
5559,1781099979.076292,syn_flood
5560,1781099979.076740,syn_flood
5561,1781099979.077268,syn_flood
5562,1781099979.077818,http_flood
5563,1781099979.078415,syn_flood
5564,1781099979.078811,syn_flood
5565,1781099979.079245,syn_flood
5566,1781099979.079705,normal
5567,1781099979.080197,syn_flood
5568,1781099979.080997,syn_flood
5569,1781099979.081478,syn_flood
5570,1781099979.081843,syn_flood
5571,1781099979.082546,normal
5572,1781099979.083093,normal
5573,1781099979.083637,http_flood
5574,1781099979.084059,http_flood
5575,1781099979.084492,syn_flood
5576,1781099979.084952,normal
5577,1781099979.085540,syn_flood
5578,1781099979.085960,syn_flood
5579,1781099979.086647,normal
5580,1781099979.087288,udp_reflection
5581,1781099979.087859,udp_reflection
5582,1781099979.088466,normal
5583,1781099979.089254,udp_reflection
5584,1781099979.089901,syn_flood
5585,1781099979.090522,syn_flood
5586,1781099979.090971,syn_flood
5587,1781099979.091295,udp_reflection
5588,1781099979.091772,syn_flood
5589,1781099979.092242,syn_flood
5590,1781099979.092751,http_flood
5591,1781099979.093333,udp_reflection
5592,1781099979.093999,syn_flood
5593,1781099979.094404,syn_flood
5594,1781099979.094810,normal
5595,1781099979.095467,http_flood
5596,1781099979.095920,syn_flood
5597,1781099979.096333,syn_flood
5598,1781099979.096899,syn_flood
5599,1781099979.097533,syn_flood
5600,1781099979.097979,syn_flood
5601,1781099979.098452,udp_reflection
5602,1781099979.099050,syn_flood
5603,1781099979.099409,normal
5604,1781099979.099843,syn_flood
5605,1781099979.100444,udp_reflection
5606,1781099979.100904,http_flood
5607,1781099979.101388,udp_reflection
5608,1781099979.101863,syn_flood
5609,1781099979.102292,http_flood
5610,1781099979.102964,syn_flood
5611,1781099979.103394,normal
5612,1781099979.103909,normal
5613,1781099979.104261,udp_reflection
5614,1781099979.104673,syn_flood
5615,1781099979.105125,syn_flood
5616,1781099979.105605,syn_flood
5617,1781099979.106404,udp_reflection
5618,1781099979.106910,syn_flood
5619,1781099979.107415,syn_flood
5620,1781099979.107882,normal
5621,1781099979.108384,syn_flood
5622,1781099979.108822,syn_flood
5623,1781099979.109176,syn_flood
5624,1781099979.109615,normal
5625,1781099979.110027,udp_reflection
5626,1781099979.110412,syn_flood
5627,1781099979.111167,syn_flood
5628,1781099979.111605,udp_reflection
5629,1781099979.112248,syn_flood
5630,1781099979.112822,normal
5631,1781099979.113260,syn_flood
5632,1781099979.113659,normal
5633,1781099979.114327,syn_flood
5634,1781099979.114987,udp_reflection
5635,1781099979.115366,syn_flood
5636,1781099979.115809,normal
5637,1781099979.116333,syn_flood
5638,1781099979.116927,normal
5639,1781099979.117407,syn_flood
5640,1781099979.118013,normal
5641,1781099979.118603,udp_reflection
5642,1781099979.119061,normal
5643,1781099979.119556,syn_flood
5644,1781099979.120139,syn_flood
5645,1781099979.120795,syn_flood
5646,1781099979.121269,normal
5647,1781099979.121654,udp_reflection
5648,1781099979.122066,http_flood
5649,1781099979.122465,udp_reflection
5650,1781099979.123136,udp_reflection
5651,1781099979.123723,normal
5652,1781099979.124168,syn_flood
5653,1781099979.124597,syn_flood
5654,1781099979.125175,syn_flood
5655,1781099979.125686,syn_flood
5656,1781099979.126324,udp_reflection
5657,1781099979.126995,syn_flood
5658,1781099979.127499,syn_flood
5659,1781099979.128015,syn_flood
5660,1781099979.128424,normal
5661,1781099979.128943,udp_reflection
5662,1781099979.129496,syn_flood
5663,1781099979.130041,udp_reflection
5664,1781099979.130544,syn_flood
5665,1781099979.130891,syn_flood
5666,1781099979.131399,syn_flood
5667,1781099979.131922,udp_reflection
5668,1781099979.132172,syn_flood
5669,1781099979.132799,udp_reflection
5670,1781099979.133163,syn_flood
5671,1781099979.133740,syn_flood
5672,1781099979.134476,syn_flood
5673,1781099979.134956,normal
5674,1781099979.135471,normal
5675,1781099979.135952,syn_flood
5676,1781099979.136557,syn_flood
5677,1781099979.136968,syn_flood
5678,1781099979.137493,http_flood
5679,1781099979.138011,http_flood
5680,1781099979.138485,normal
5681,1781099979.138953,syn_flood
5682,1781099979.139333,syn_flood
5683,1781099979.139735,normal
5684,1781099979.140143,syn_flood
5685,1781099979.140615,syn_flood
5686,1781099979.141089,http_flood
5687,1781099979.141657,udp_reflection
5688,1781099979.142213,http_flood
5689,1781099979.142711,http_flood
5690,1781099979.143224,syn_flood
5691,1781099979.143670,syn_flood
5692,1781099979.144182,syn_flood
5693,1781099979.144644,syn_flood
5694,1781099979.145255,normal
5695,1781099979.145862,udp_reflection
5696,1781099979.146227,syn_flood
5697,1781099979.146758,syn_flood
5698,1781099979.147255,syn_flood
5699,1781099979.147794,syn_flood
5700,1781099979.148215,udp_reflection
5701,1781099979.148694,normal
5702,1781099979.149162,syn_flood
5703,1781099979.150419,normal
5704,1781099979.151946,normal
5705,1781099979.153217,syn_flood
5706,1781099979.155264,syn_flood
5707,1781099979.157073,udp_reflection
5708,1781099979.159160,normal
5709,1781099979.160609,normal
5710,1781099979.162037,normal
5711,1781099979.163295,syn_flood
5712,1781099979.165598,normal
5713,1781099979.167429,normal
5714,1781099979.168960,normal
5715,1781099979.170565,syn_flood
5716,1781099979.172316,normal
5717,1781099979.174189,normal
5718,1781099979.176070,normal
5719,1781099979.177606,normal
5720,1781099979.178947,syn_flood
5721,1781099979.180785,normal
5722,1781099979.182654,syn_flood
5723,1781099979.184386,normal
5724,1781099979.186017,normal
5725,1781099979.187701,normal
5726,1781099979.188990,normal
5727,1781099979.191061,normal
5728,1781099979.192483,normal
5729,1781099979.195108,normal
5730,1781099979.196434,syn_flood
5731,1781099979.197991,normal
5732,1781099979.199327,normal
5733,1781099979.201332,normal
5734,1781099979.202956,syn_flood
5735,1781099979.205191,normal
5736,1781099979.207825,normal
5737,1781099979.209235,normal
5738,1781099979.210768,normal
5739,1781099979.212785,normal
5740,1781099979.214459,syn_flood
5741,1781099979.215901,syn_flood
5742,1781099979.217475,normal
5743,1781099979.219356,normal
5744,1781099979.221435,udp_reflection
5745,1781099979.223154,syn_flood
5746,1781099979.224643,normal
5747,1781099979.226471,syn_flood
5748,1781099979.227478,syn_flood
5749,1781099979.229549,syn_flood
5750,1781099979.231739,syn_flood
5751,1781099979.233216,normal
5752,1781099979.235120,syn_flood
5753,1781099979.237387,syn_flood
5754,1781099979.238883,normal
5755,1781099979.240407,syn_flood
5756,1781099979.241801,normal
5757,1781099979.243497,normal
5758,1781099979.245227,normal
5759,1781099979.247732,normal
5760,1781099979.249502,udp_reflection
5761,1781099979.250763,normal
5762,1781099979.252301,normal
5763,1781099979.254767,normal
5764,1781099979.256668,normal
5765,1781099979.258342,udp_reflection
5766,1781099979.260067,normal
5767,1781099979.261623,normal
5768,1781099979.263467,normal
5769,1781099979.265801,syn_flood
5770,1781099979.267998,normal
5771,1781099979.269497,syn_flood
5772,1781099979.271454,normal
5773,1781099979.273210,normal
5774,1781099979.275161,normal
5775,1781099979.277503,syn_flood
5776,1781099979.279565,normal
5777,1781099979.281374,udp_reflection
5778,1781099979.283736,normal
5779,1781099979.285023,normal
5780,1781099979.287322,normal
5781,1781099979.289507,syn_flood
5782,1781099979.291416,normal
5783,1781099979.293100,normal
5784,1781099979.294334,normal
5785,1781099979.296404,normal
5786,1781099979.298600,syn_flood
5787,1781099979.300126,normal
5788,1781099979.302395,normal
5789,1781099979.303584,normal
5790,1781099979.305625,syn_flood
5791,1781099979.307060,normal
5792,1781099979.308466,normal
5793,1781099979.310331,normal
5794,1781099979.312682,normal
5795,1781099979.314512,normal
5796,1781099979.317028,normal
5797,1781099979.319628,normal
5798,1781099979.321373,normal
5799,1781099979.322518,http_flood
5800,1781099979.324057,normal
5801,1781099979.326018,normal
5802,1781099979.328150,normal
5803,1781099979.329237,http_flood
5804,1781099979.330620,normal
5805,1781099979.332498,normal
5806,1781099979.333860,normal
5807,1781099979.336277,syn_flood
5808,1781099979.337485,normal
5809,1781099979.339129,normal
5810,1781099979.340698,normal
5811,1781099979.342209,normal
5812,1781099979.344032,normal
5813,1781099979.345256,syn_flood
5814,1781099979.346769,normal
5815,1781099979.347950,udp_reflection
5816,1781099979.349418,normal
5817,1781099979.350944,normal
5818,1781099979.353114,normal
5819,1781099979.355414,normal
5820,1781099979.357467,syn_flood
5821,1781099979.359461,http_flood
5822,1781099979.360992,normal
5823,1781099979.362855,normal
5824,1781099979.364663,syn_flood
5825,1781099979.366547,http_flood
5826,1781099979.368763,normal
5827,1781099979.370955,normal
5828,1781099979.372666,normal
5829,1781099979.374010,normal
5830,1781099979.375785,normal
5831,1781099979.377740,syn_flood
5832,1781099979.379282,normal
5833,1781099979.380749,normal
5834,1781099979.382789,normal
5835,1781099979.384164,normal
5836,1781099979.385750,normal
5837,1781099979.387226,normal
5838,1781099979.388775,normal
5839,1781099979.390709,normal
5840,1781099979.392191,normal
5841,1781099979.393856,normal
5842,1781099979.396250,normal
5843,1781099979.397536,normal
5844,1781099979.399379,normal
5845,1781099979.400718,normal
5846,1781099979.402748,normal
5847,1781099979.404489,syn_flood
5848,1781099979.406465,http_flood
5849,1781099979.407838,normal
5850,1781099979.409166,udp_reflection
5851,1781099979.410937,normal
5852,1781099979.412680,syn_flood
5853,1781099979.414643,normal
5854,1781099979.415856,normal
5855,1781099979.417511,normal
5856,1781099979.418604,normal
5857,1781099979.419894,syn_flood
5858,1781099979.421786,normal
5859,1781099979.423768,syn_flood
5860,1781099979.425666,syn_flood
5861,1781099979.426714,normal
5862,1781099979.428638,normal
5863,1781099979.430733,normal
5864,1781099979.432350,http_flood
5865,1781099979.434575,normal
5866,1781099979.436011,normal
5867,1781099979.436908,normal
5868,1781099979.438232,normal
5869,1781099979.439964,normal
5870,1781099979.441526,normal
5871,1781099979.443766,normal
5872,1781099979.445455,normal
5873,1781099979.447047,normal
5874,1781099979.448535,normal
5875,1781099979.450263,syn_flood
5876,1781099979.451380,normal
5877,1781099979.452725,http_flood
5878,1781099979.454605,syn_flood
5879,1781099979.456616,normal
5880,1781099979.458401,normal
5881,1781099979.460431,syn_flood
5882,1781099979.462133,normal
5883,1781099979.464229,normal
5884,1781099979.465977,syn_flood
5885,1781099979.467278,normal
5886,1781099979.468666,syn_flood
5887,1781099979.471195,syn_flood
5888,1781099979.472425,normal
5889,1781099979.474223,normal
5890,1781099979.475875,normal
5891,1781099979.477231,syn_flood
5892,1781099979.478583,normal
5893,1781099979.480294,normal
5894,1781099979.483026,syn_flood
5895,1781099979.484461,normal
5896,1781099979.486686,syn_flood
5897,1781099979.488921,syn_flood
5898,1781099979.490532,normal
5899,1781099979.492227,normal
5900,1781099979.493672,normal
5901,1781099979.495175,normal
5902,1781099979.496757,normal
5903,1781099979.498806,normal
5904,1781099979.500319,normal
5905,1781099979.502339,normal
5906,1781099979.504605,syn_flood
5907,1781099979.506033,normal
5908,1781099979.507512,normal
5909,1781099979.510641,normal
5910,1781099979.512531,normal
5911,1781099979.514771,normal
5912,1781099979.516515,normal
5913,1781099979.518841,normal
5914,1781099979.520255,http_flood
5915,1781099979.522000,normal
5916,1781099979.523948,normal
5917,1781099979.525712,normal
5918,1781099979.527401,syn_flood
5919,1781099979.528844,normal
5920,1781099979.530188,normal
5921,1781099979.532546,normal
5922,1781099979.533801,normal
5923,1781099979.535432,normal
5924,1781099979.537728,syn_flood
5925,1781099979.539627,syn_flood
5926,1781099979.542078,normal
5927,1781099979.543828,normal
5928,1781099979.545859,normal
5929,1781099979.547759,normal
5930,1781099979.550181,normal
5931,1781099979.551508,normal
5932,1781099979.553333,normal
5933,1781099979.554956,syn_flood
5934,1781099979.556641,syn_flood
5935,1781099979.558724,syn_flood
5936,1781099979.559996,normal
5937,1781099979.561529,normal
5938,1781099979.563346,normal
5939,1781099979.565900,normal
5940,1781099979.567593,normal
5941,1781099979.569467,syn_flood
5942,1781099979.571111,normal
5943,1781099979.573104,normal
5944,1781099979.574686,normal
5945,1781099979.576354,syn_flood
5946,1781099979.577628,udp_reflection
5947,1781099979.579055,syn_flood
5948,1781099979.580969,normal
5949,1781099979.582425,normal
5950,1781099979.583822,udp_reflection
5951,1781099979.585301,syn_flood
5952,1781099979.587362,normal
5953,1781099979.589074,normal
5954,1781099979.591887,udp_reflection
5955,1781099979.592958,normal
5956,1781099979.595515,normal
5957,1781099979.596654,normal
5958,1781099979.598124,normal
5959,1781099979.600147,normal
5960,1781099979.601450,normal
5961,1781099979.603696,syn_flood
5962,1781099979.605630,normal
5963,1781099979.607239,normal
5964,1781099979.609612,normal
5965,1781099979.611097,normal
5966,1781099979.613328,normal
5967,1781099979.615190,normal
5968,1781099979.617021,syn_flood
5969,1781099979.618108,normal
5970,1781099979.620307,udp_reflection
5971,1781099979.621689,normal
5972,1781099979.623271,syn_flood
5973,1781099979.625828,normal
5974,1781099979.627120,normal
5975,1781099979.628661,normal
5976,1781099979.630069,syn_flood
5977,1781099979.631832,normal
5978,1781099979.633500,syn_flood
5979,1781099979.634922,syn_flood
5980,1781099979.636674,normal
5981,1781099979.638874,normal
5982,1781099979.641249,normal
5983,1781099979.642762,normal
5984,1781099979.644794,normal
5985,1781099979.646210,normal
5986,1781099979.647593,syn_flood
5987,1781099979.648890,normal
5988,1781099979.650664,normal
5989,1781099979.652231,normal
5990,1781099979.654320,normal
5991,1781099979.656125,syn_flood
5992,1781099979.657998,normal
5993,1781099979.659609,normal
5994,1781099979.661074,normal
5995,1781099979.663230,normal
5996,1781099979.664660,normal
5997,1781099979.666775,normal
5998,1781099979.668726,normal
5999,1781099979.670727,normal
6000,1781099979.672307,normal
6001,1781099979.673582,syn_flood
6002,1781099979.675206,udp_reflection
6003,1781099979.676739,syn_flood
6004,1781099979.678222,syn_flood
6005,1781099979.679634,normal
6006,1781099979.681107,normal
6007,1781099979.682488,normal
6008,1781099979.683857,syn_flood
6009,1781099979.685486,normal
6010,1781099979.687535,normal
6011,1781099979.689454,syn_flood
6012,1781099979.691257,normal
6013,1781099979.692817,normal
6014,1781099979.694326,normal
6015,1781099979.695817,normal
6016,1781099979.697469,normal
6017,1781099979.699317,normal
6018,1781099979.700753,normal
6019,1781099979.702955,normal
6020,1781099979.705627,syn_flood
6021,1781099979.707222,normal
6022,1781099979.708946,normal
6023,1781099979.711092,normal
6024,1781099979.712517,syn_flood
6025,1781099979.714321,http_flood
6026,1781099979.715584,normal
6027,1781099979.717070,normal
6028,1781099979.718874,normal
6029,1781099979.720685,normal
6030,1781099979.722100,http_flood
6031,1781099979.724657,syn_flood
6032,1781099979.725937,normal
6033,1781099979.727513,http_flood
6034,1781099979.729871,normal
6035,1781099979.731447,normal
6036,1781099979.733053,syn_flood
6037,1781099979.734685,normal
6038,1781099979.736463,normal
6039,1781099979.738123,syn_flood
6040,1781099979.739989,normal
6041,1781099979.741971,normal
6042,1781099979.744036,syn_flood
6043,1781099979.745345,normal
6044,1781099979.746885,normal
6045,1781099979.749224,normal
6046,1781099979.750756,normal
6047,1781099979.752198,normal
6048,1781099979.753633,normal
6049,1781099979.754939,normal
6050,1781099979.756886,normal
6051,1781099979.758127,normal
6052,1781099979.759939,normal
6053,1781099979.761841,normal
6054,1781099979.763148,syn_flood
6055,1781099979.765074,normal
6056,1781099979.766963,normal
6057,1781099979.769264,normal
6058,1781099979.771234,normal
6059,1781099979.772830,http_flood
6060,1781099979.774020,normal
6061,1781099979.776306,normal
6062,1781099979.778212,normal
6063,1781099979.780450,normal
6064,1781099979.782445,normal
6065,1781099979.784357,normal
6066,1781099979.787016,normal
6067,1781099979.789272,normal
6068,1781099979.791098,normal
6069,1781099979.793423,http_flood
6070,1781099979.794714,normal
6071,1781099979.796326,normal
6072,1781099979.798400,normal
6073,1781099979.800229,normal
6074,1781099979.801818,normal
6075,1781099979.802712,normal
6076,1781099979.803947,normal
6077,1781099979.806222,normal
6078,1781099979.807933,normal
6079,1781099979.810325,normal
6080,1781099979.812530,normal
6081,1781099979.814304,syn_flood
6082,1781099979.815734,normal
6083,1781099979.817415,normal
6084,1781099979.819099,normal
6085,1781099979.820159,normal
6086,1781099979.821966,syn_flood
6087,1781099979.824178,normal
6088,1781099979.826300,normal
6089,1781099979.828066,normal
6090,1781099979.829654,normal
6091,1781099979.831769,udp_reflection
6092,1781099979.833551,normal
6093,1781099979.835500,udp_reflection
6094,1781099979.837131,normal
6095,1781099979.838483,normal
6096,1781099979.840680,http_flood
6097,1781099979.842374,normal
6098,1781099979.844184,normal
6099,1781099979.845571,normal
6100,1781099979.846830,normal
6101,1781099979.848458,syn_flood
6102,1781099979.850892,normal
6103,1781099979.852704,normal
6104,1781099979.855121,normal
6105,1781099979.856818,normal
6106,1781099979.858169,normal
6107,1781099979.859889,normal
6108,1781099979.862259,normal
6109,1781099979.864181,normal
6110,1781099979.866836,normal
6111,1781099979.868972,normal
6112,1781099979.870332,syn_flood
6113,1781099979.872270,normal
6114,1781099979.874297,normal
6115,1781099979.875697,normal
6116,1781099979.877855,normal
6117,1781099979.879092,normal
6118,1781099979.881109,normal
6119,1781099979.882997,normal
6120,1781099979.884318,syn_flood
6121,1781099979.885571,normal
6122,1781099979.886802,normal
6123,1781099979.888697,normal
6124,1781099979.890234,normal
6125,1781099979.892044,normal
6126,1781099979.893926,normal
6127,1781099979.896013,normal
6128,1781099979.897915,normal
6129,1781099979.899485,http_flood
6130,1781099979.901421,normal
6131,1781099979.903732,normal
6132,1781099979.905149,normal
6133,1781099979.906981,normal
6134,1781099979.908259,normal
6135,1781099979.910097,normal
6136,1781099979.912248,syn_flood
6137,1781099979.913742,syn_flood
6138,1781099979.915160,syn_flood
6139,1781099979.916962,syn_flood
6140,1781099979.918992,normal
6141,1781099979.920426,normal
6142,1781099979.922163,normal
6143,1781099979.923702,normal
6144,1781099979.925683,normal
6145,1781099979.928007,normal
6146,1781099979.930686,normal
6147,1781099979.932572,normal
6148,1781099979.934019,normal
6149,1781099979.935413,normal
6150,1781099979.936872,normal
6151,1781099979.938161,http_flood
6152,1781099979.939827,http_flood
6153,1781099979.940873,normal
6154,1781099979.942663,normal
6155,1781099979.944953,normal
6156,1781099979.946632,normal
6157,1781099979.948850,normal
6158,1781099979.949946,normal
6159,1781099979.951738,normal
6160,1781099979.953734,http_flood
6161,1781099979.954978,normal
6162,1781099979.957011,normal
6163,1781099979.958471,syn_flood
6164,1781099979.960080,normal
6165,1781099979.962363,normal
6166,1781099979.963305,http_flood
6167,1781099979.965478,syn_flood
6168,1781099979.966779,normal
6169,1781099979.968298,normal
6170,1781099979.970726,normal
6171,1781099979.972538,syn_flood
6172,1781099979.974225,normal
6173,1781099979.975303,normal
6174,1781099979.976700,normal
6175,1781099979.978942,syn_flood
6176,1781099979.980151,syn_flood
6177,1781099979.981810,normal
6178,1781099979.983093,syn_flood
6179,1781099979.984540,normal
6180,1781099979.986174,normal
6181,1781099979.988266,normal
6182,1781099979.989441,normal
6183,1781099979.991362,http_flood
6184,1781099979.993138,normal
6185,1781099979.994680,normal
6186,1781099979.996235,normal
6187,1781099979.998165,normal
6188,1781099979.999315,syn_flood
6189,1781099980.000634,normal
6190,1781099980.001850,syn_flood
6191,1781099980.003682,normal
6192,1781099980.005593,normal
6193,1781099980.007089,normal
6194,1781099980.009453,normal
6195,1781099980.010720,normal
6196,1781099980.012086,normal
6197,1781099980.013538,normal
6198,1781099980.015228,normal
6199,1781099980.016720,normal
6200,1781099980.019151,normal
6201,1781099980.021341,normal
6202,1781099980.022771,normal
6203,1781099980.025108,normal
6204,1781099980.026888,normal
6205,1781099980.028410,http_flood
6206,1781099980.029948,normal
6207,1781099980.031609,normal
6208,1781099980.033504,normal
6209,1781099980.035022,normal
6210,1781099980.036822,syn_flood
6211,1781099980.038087,normal
6212,1781099980.039873,normal
6213,1781099980.042231,normal
6214,1781099980.043384,syn_flood
6215,1781099980.045248,normal
6216,1781099980.046974,normal
6217,1781099980.048476,normal
6218,1781099980.050055,normal
6219,1781099980.051395,normal
6220,1781099980.053215,normal
6221,1781099980.055316,syn_flood
6222,1781099980.056754,normal
6223,1781099980.059021,normal
6224,1781099980.061194,normal
6225,1781099980.062955,normal
6226,1781099980.064837,normal
6227,1781099980.066392,normal
6228,1781099980.068056,normal
6229,1781099980.069980,udp_reflection
6230,1781099980.071419,normal
6231,1781099980.073406,normal
6232,1781099980.075422,syn_flood
6233,1781099980.078434,normal
6234,1781099980.079893,normal
6235,1781099980.081134,normal
6236,1781099980.083239,syn_flood
6237,1781099980.085021,normal
6238,1781099980.086199,normal
6239,1781099980.088422,normal
6240,1781099980.089742,normal
6241,1781099980.092144,http_flood
6242,1781099980.094296,syn_flood
6243,1781099980.095696,normal
6244,1781099980.097992,normal
6245,1781099980.099642,normal
6246,1781099980.101228,normal
6247,1781099980.102735,normal
6248,1781099980.104982,normal
6249,1781099980.106402,normal
6250,1781099980.108700,normal
6251,1781099980.110665,normal
6252,1781099980.112259,syn_flood
6253,1781099980.113915,syn_flood
6254,1781099980.116443,normal
6255,1781099980.117942,normal
6256,1781099980.119771,normal
6257,1781099980.121760,syn_flood
6258,1781099980.123626,udp_reflection
6259,1781099980.125449,normal
6260,1781099980.126640,normal
6261,1781099980.128111,normal
6262,1781099980.130375,normal
6263,1781099980.131961,normal
6264,1781099980.134852,normal
6265,1781099980.136816,normal
6266,1781099980.138204,normal
6267,1781099980.139650,normal
6268,1781099980.142202,normal
6269,1781099980.143636,syn_flood
6270,1781099980.145612,http_flood
6271,1781099980.147251,normal
6272,1781099980.149287,normal
6273,1781099980.151818,normal
6274,1781099980.153075,udp_reflection
6275,1781099980.154775,normal
6276,1781099980.156273,normal
6277,1781099980.157791,syn_flood
6278,1781099980.159254,normal
6279,1781099980.161068,normal
6280,1781099980.162640,syn_flood
6281,1781099980.165170,normal
6282,1781099980.166581,normal
6283,1781099980.168860,normal
6284,1781099980.170324,normal
6285,1781099980.171985,normal
6286,1781099980.173537,udp_reflection
6287,1781099980.175422,normal
6288,1781099980.176717,normal
6289,1781099980.178447,normal
6290,1781099980.180117,normal
6291,1781099980.182072,syn_flood
6292,1781099980.183499,normal
6293,1781099980.184825,normal
6294,1781099980.186038,syn_flood
6295,1781099980.187803,normal
6296,1781099980.189346,syn_flood
6297,1781099980.190768,syn_flood
6298,1781099980.192192,normal
6299,1781099980.193525,normal
6300,1781099980.195984,normal
6301,1781099980.197297,normal
6302,1781099980.198545,normal
6303,1781099980.199898,normal
6304,1781099980.201556,normal
6305,1781099980.203879,normal
6306,1781099980.205928,normal
6307,1781099980.207541,udp_reflection
6308,1781099980.209372,normal
6309,1781099980.211006,normal
6310,1781099980.213004,normal
6311,1781099980.214581,normal
6312,1781099980.216297,normal
6313,1781099980.217448,normal
6314,1781099980.218675,http_flood
6315,1781099980.220482,normal
6316,1781099980.222529,normal
6317,1781099980.224767,normal
6318,1781099980.225873,normal
6319,1781099980.227549,normal
6320,1781099980.228806,normal
6321,1781099980.230174,normal
6322,1781099980.231925,http_flood
6323,1781099980.233471,udp_reflection
6324,1781099980.235507,normal
6325,1781099980.237108,normal
6326,1781099980.239017,normal
6327,1781099980.240874,syn_flood
6328,1781099980.242537,normal
6329,1781099980.244363,normal
6330,1781099980.245872,normal
6331,1781099980.247653,normal
6332,1781099980.249467,normal
6333,1781099980.250652,normal
6334,1781099980.252142,http_flood
6335,1781099980.254081,normal
6336,1781099980.255822,normal
6337,1781099980.257454,normal
6338,1781099980.258905,normal
6339,1781099980.260620,normal
6340,1781099980.262922,udp_reflection
6341,1781099980.264270,normal
6342,1781099980.265776,normal
6343,1781099980.267078,syn_flood
6344,1781099980.268572,normal
6345,1781099980.270004,normal
6346,1781099980.271751,normal
6347,1781099980.272804,normal
6348,1781099980.275251,syn_flood
6349,1781099980.276818,syn_flood
6350,1781099980.279045,syn_flood
6351,1781099980.280349,normal
6352,1781099980.282500,normal
6353,1781099980.284144,normal
6354,1781099980.285790,normal
6355,1781099980.287246,normal
6356,1781099980.288435,syn_flood
6357,1781099980.289977,normal
6358,1781099980.291544,normal
6359,1781099980.292775,normal
6360,1781099980.293972,normal
6361,1781099980.295813,normal
6362,1781099980.296933,syn_flood
6363,1781099980.298720,syn_flood
6364,1781099980.300019,syn_flood
6365,1781099980.302057,normal
6366,1781099980.304515,normal
6367,1781099980.306693,normal
6368,1781099980.308402,normal
6369,1781099980.309480,normal
6370,1781099980.310856,normal
6371,1781099980.312477,normal
6372,1781099980.313865,normal
6373,1781099980.315508,normal
6374,1781099980.317310,normal
6375,1781099980.319113,normal
6376,1781099980.321708,normal
6377,1781099980.323078,normal
6378,1781099980.325088,syn_flood
6379,1781099980.326538,syn_flood
6380,1781099980.328641,normal
6381,1781099980.329947,normal
6382,1781099980.332207,syn_flood
6383,1781099980.334238,normal
6384,1781099980.335167,syn_flood
6385,1781099980.336597,normal
6386,1781099980.337818,normal
6387,1781099980.340108,normal
6388,1781099980.341443,normal
6389,1781099980.342613,normal
6390,1781099980.343927,normal
6391,1781099980.345399,normal
6392,1781099980.346773,normal
6393,1781099980.348530,normal
6394,1781099980.350266,syn_flood
6395,1781099980.352452,normal
6396,1781099980.354618,http_flood
6397,1781099980.356643,normal
6398,1781099980.357940,normal
6399,1781099980.359975,normal
6400,1781099980.361316,normal
6401,1781099980.363084,syn_flood
6402,1781099980.364479,normal
6403,1781099980.366192,normal
6404,1781099980.367585,syn_flood
6405,1781099980.369310,syn_flood
6406,1781099980.370811,normal
6407,1781099980.372616,syn_flood
6408,1781099980.373931,normal
6409,1781099980.375458,normal
6410,1781099980.377004,normal
6411,1781099980.378534,normal
6412,1781099980.379774,normal
6413,1781099980.382047,normal
6414,1781099980.383775,normal
6415,1781099980.385105,normal
6416,1781099980.386456,syn_flood
6417,1781099980.388170,normal
6418,1781099980.390072,udp_reflection
6419,1781099980.391538,normal
6420,1781099980.392999,normal
6421,1781099980.394237,normal
6422,1781099980.395906,http_flood
6423,1781099980.397347,normal
6424,1781099980.398689,normal
6425,1781099980.400085,normal
6426,1781099980.401820,normal
6427,1781099980.403639,normal
6428,1781099980.405137,normal
6429,1781099980.406638,syn_flood
6430,1781099980.408751,syn_flood
6431,1781099980.411044,normal
6432,1781099980.412841,normal
6433,1781099980.413882,normal
6434,1781099980.415837,udp_reflection
6435,1781099980.417625,normal
6436,1781099980.419547,udp_reflection
6437,1781099980.420692,normal
6438,1781099980.422973,normal
6439,1781099980.424938,syn_flood
6440,1781099980.426136,syn_flood
6441,1781099980.428252,normal
6442,1781099980.430084,normal
6443,1781099980.432454,normal
6444,1781099980.434038,normal
6445,1781099980.435792,normal
6446,1781099980.437392,normal
6447,1781099980.439506,normal
6448,1781099980.441062,syn_flood
6449,1781099980.443101,normal
6450,1781099980.444557,normal
6451,1781099980.447057,normal
6452,1781099980.449013,normal
6453,1781099980.450758,normal
6454,1781099980.452564,normal
6455,1781099980.453896,normal
6456,1781099980.455261,normal
6457,1781099980.457131,normal
6458,1781099980.459935,syn_flood
6459,1781099980.461887,http_flood
6460,1781099980.463493,normal
6461,1781099980.465011,normal
6462,1781099980.467567,normal
6463,1781099980.468972,normal
6464,1781099980.470607,normal
6465,1781099980.472162,normal
6466,1781099980.473222,normal
6467,1781099980.475159,normal
6468,1781099980.477322,syn_flood
6469,1781099980.479031,syn_flood
6470,1781099980.481477,normal
6471,1781099980.482996,normal
6472,1781099980.484468,syn_flood
6473,1781099980.485617,normal
6474,1781099980.487309,normal
6475,1781099980.488917,normal
6476,1781099980.490881,syn_flood
6477,1781099980.492566,normal
6478,1781099980.494330,normal
6479,1781099980.496547,normal
6480,1781099980.497624,normal
6481,1781099980.499215,normal
6482,1781099980.500756,normal
6483,1781099980.502839,normal
6484,1781099980.504588,syn_flood
6485,1781099980.506021,normal
6486,1781099980.507583,normal
6487,1781099980.509375,normal
6488,1781099980.510792,normal
6489,1781099980.512612,normal
6490,1781099980.514575,normal
6491,1781099980.516178,normal
6492,1781099980.517769,syn_flood
6493,1781099980.519178,normal
6494,1781099980.520676,normal
6495,1781099980.522279,syn_flood
6496,1781099980.523908,normal
6497,1781099980.525696,normal
6498,1781099980.527514,normal
6499,1781099980.529243,syn_flood
6500,1781099980.530844,normal
6501,1781099980.532695,syn_flood
6502,1781099980.534365,normal
6503,1781099980.536124,normal
6504,1781099980.537864,normal
6505,1781099980.539130,normal
6506,1781099980.540886,syn_flood
6507,1781099980.542770,normal
6508,1781099980.544448,normal
6509,1781099980.545481,normal
6510,1781099980.546959,syn_flood
6511,1781099980.548443,syn_flood
6512,1781099980.550609,normal
6513,1781099980.552053,normal
6514,1781099980.553695,normal
6515,1781099980.555464,normal
6516,1781099980.557127,normal
6517,1781099980.559198,normal
6518,1781099980.561137,syn_flood
6519,1781099980.562934,normal
6520,1781099980.564371,normal
6521,1781099980.566465,normal
6522,1781099980.567863,normal
6523,1781099980.570082,normal
6524,1781099980.571784,normal
6525,1781099980.572934,normal
6526,1781099980.574673,normal
6527,1781099980.576416,normal
6528,1781099980.577800,normal
6529,1781099980.579578,udp_reflection
6530,1781099980.581118,normal
6531,1781099980.582647,normal
6532,1781099980.584223,normal
6533,1781099980.585635,normal
6534,1781099980.586998,normal
6535,1781099980.588441,normal
6536,1781099980.590138,normal
6537,1781099980.591399,udp_reflection
6538,1781099980.593040,udp_reflection
6539,1781099980.594877,normal
6540,1781099980.595884,udp_reflection
6541,1781099980.598120,normal
6542,1781099980.600861,http_flood
6543,1781099980.602757,normal
6544,1781099980.604601,normal
6545,1781099980.606653,normal
6546,1781099980.608372,syn_flood
6547,1781099980.609569,normal
6548,1781099980.611906,normal
6549,1781099980.613134,normal
6550,1781099980.614552,normal
6551,1781099980.615789,normal
6552,1781099980.617227,normal
6553,1781099980.618907,normal
6554,1781099980.621070,normal
6555,1781099980.623639,normal
6556,1781099980.625755,normal
6557,1781099980.627345,udp_reflection
6558,1781099980.628814,normal
6559,1781099980.630283,syn_flood
6560,1781099980.631632,syn_flood
6561,1781099980.634588,normal
6562,1781099980.636328,normal
6563,1781099980.638025,normal
6564,1781099980.639959,syn_flood
6565,1781099980.641840,normal
6566,1781099980.643449,normal
6567,1781099980.644775,normal
6568,1781099980.646677,normal
6569,1781099980.648206,normal
6570,1781099980.650407,syn_flood
6571,1781099980.651954,syn_flood
6572,1781099980.653226,normal
6573,1781099980.654893,normal
6574,1781099980.656505,syn_flood
6575,1781099980.658592,syn_flood
6576,1781099980.660833,normal
6577,1781099980.662874,normal
6578,1781099980.664674,normal
6579,1781099980.666356,normal
6580,1781099980.667459,normal
6581,1781099980.668390,normal
6582,1781099980.670564,normal
6583,1781099980.673218,normal
6584,1781099980.675081,normal
6585,1781099980.676355,normal
6586,1781099980.678387,normal
6587,1781099980.679358,normal
6588,1781099980.681159,normal
6589,1781099980.682595,normal
6590,1781099980.684505,normal
6591,1781099980.685920,normal
6592,1781099980.687813,normal
6593,1781099980.689646,syn_flood
6594,1781099980.691778,normal
6595,1781099980.694486,udp_reflection
6596,1781099980.695872,syn_flood
6597,1781099980.697295,http_flood
6598,1781099980.698783,syn_flood
6599,1781099980.700304,syn_flood
6600,1781099980.701554,normal
6601,1781099980.703320,normal
6602,1781099980.705518,http_flood
6603,1781099980.707599,normal
6604,1781099980.709040,normal
6605,1781099980.710892,normal
6606,1781099980.712982,normal
6607,1781099980.714567,normal
6608,1781099980.715922,normal
6609,1781099980.717475,normal
6610,1781099980.718898,normal
6611,1781099980.720209,normal
6612,1781099980.721910,normal
6613,1781099980.723599,normal
6614,1781099980.725351,normal
6615,1781099980.726794,normal
6616,1781099980.729270,normal
6617,1781099980.730939,syn_flood
6618,1781099980.732577,normal
6619,1781099980.734436,normal
6620,1781099980.735883,normal
6621,1781099980.737154,normal
6622,1781099980.738662,normal
6623,1781099980.741053,normal
6624,1781099980.742562,normal
6625,1781099980.744366,normal
6626,1781099980.745847,normal
6627,1781099980.746891,syn_flood
6628,1781099980.750090,http_flood
6629,1781099980.751406,http_flood
6630,1781099980.752895,normal
6631,1781099980.754105,normal
6632,1781099980.755903,syn_flood
6633,1781099980.757464,udp_reflection
6634,1781099980.760476,normal
6635,1781099980.761986,normal
6636,1781099980.763700,normal
6637,1781099980.765431,udp_reflection
6638,1781099980.767340,normal
6639,1781099980.769188,http_flood
6640,1781099980.770745,normal
6641,1781099980.772264,normal
6642,1781099980.773749,normal
6643,1781099980.775668,normal
6644,1781099980.777871,normal
6645,1781099980.779885,normal
6646,1781099980.781784,normal
6647,1781099980.783154,normal
6648,1781099980.785007,normal
6649,1781099980.786291,normal
6650,1781099980.788834,normal
6651,1781099980.790499,normal
6652,1781099980.791965,normal
6653,1781099980.793355,syn_flood
6654,1781099980.794918,normal
6655,1781099980.796345,normal
6656,1781099980.798118,syn_flood
6657,1781099980.799636,normal
6658,1781099980.801556,normal
6659,1781099980.803467,normal
6660,1781099980.806513,normal
6661,1781099980.808408,normal
6662,1781099980.809836,syn_flood
6663,1781099980.811448,normal
6664,1781099980.813146,normal
6665,1781099980.815235,normal
6666,1781099980.816985,normal
6667,1781099980.818664,normal
6668,1781099980.819928,normal
6669,1781099980.821122,syn_flood
6670,1781099980.823244,normal
6671,1781099980.824891,normal
6672,1781099980.826274,normal
6673,1781099980.827926,normal
6674,1781099980.829912,normal
6675,1781099980.831703,syn_flood
6676,1781099980.833522,normal
6677,1781099980.835270,http_flood
6678,1781099980.836770,udp_reflection
6679,1781099980.838585,http_flood
6680,1781099980.839786,normal
6681,1781099980.841328,normal
6682,1781099980.843024,syn_flood
6683,1781099980.845150,normal
6684,1781099980.846575,normal
6685,1781099980.848304,normal
6686,1781099980.849776,normal
6687,1781099980.851657,normal
6688,1781099980.853715,normal
6689,1781099980.855125,normal
6690,1781099980.856781,normal
6691,1781099980.858132,normal
6692,1781099980.860760,normal
6693,1781099980.864045,normal
6694,1781099980.865851,normal
6695,1781099980.867815,normal
6696,1781099980.869182,normal
6697,1781099980.870647,normal
6698,1781099980.872860,normal
6699,1781099980.874383,udp_reflection
6700,1781099980.875837,normal
6701,1781099980.877435,normal
6702,1781099980.878854,normal
6703,1781099980.880266,normal
6704,1781099980.881860,udp_reflection
6705,1781099980.883767,normal
6706,1781099980.885060,udp_reflection
6707,1781099980.887127,normal
6708,1781099980.889818,normal
6709,1781099980.891440,normal
6710,1781099980.893233,syn_flood
6711,1781099980.894799,syn_flood
6712,1781099980.896372,normal
6713,1781099980.898954,normal
6714,1781099980.900328,normal
6715,1781099980.902224,normal
6716,1781099980.903217,normal
6717,1781099980.904855,normal
6718,1781099980.906260,normal
6719,1781099980.908239,normal
6720,1781099980.910048,syn_flood
6721,1781099980.911792,udp_reflection
6722,1781099980.913686,normal
6723,1781099980.915451,normal
6724,1781099980.917268,normal
6725,1781099980.918732,http_flood
6726,1781099980.920838,normal
6727,1781099980.922870,normal
6728,1781099980.924669,normal
6729,1781099980.926270,normal
6730,1781099980.927370,syn_flood
6731,1781099980.928866,normal
6732,1781099980.930142,normal
6733,1781099980.931720,normal
6734,1781099980.933550,syn_flood
6735,1781099980.935982,normal
6736,1781099980.937325,http_flood
6737,1781099980.938632,normal
6738,1781099980.940678,normal
6739,1781099980.942620,normal
6740,1781099980.944504,normal
6741,1781099980.945882,normal
6742,1781099980.947384,normal
6743,1781099980.949424,normal
6744,1781099980.951827,normal
6745,1781099980.953382,normal
6746,1781099980.955711,normal
6747,1781099980.957174,normal
6748,1781099980.959662,normal
6749,1781099980.962523,normal
6750,1781099980.963997,normal
6751,1781099980.966329,syn_flood
6752,1781099980.967955,normal
6753,1781099980.969205,syn_flood
6754,1781099980.971529,normal
6755,1781099980.973388,normal
6756,1781099980.975183,normal
6757,1781099980.976938,syn_flood
6758,1781099980.978646,normal
6759,1781099980.979836,normal
6760,1781099980.981881,normal
6761,1781099980.983478,normal
6762,1781099980.984970,syn_flood
6763,1781099980.986984,normal
6764,1781099980.989212,normal
6765,1781099980.991294,normal
6766,1781099980.993076,normal
6767,1781099980.995134,normal
6768,1781099980.997344,normal
6769,1781099980.998932,normal
6770,1781099981.000573,normal
6771,1781099981.002221,syn_flood
6772,1781099981.003969,normal
6773,1781099981.005364,normal
6774,1781099981.008044,syn_flood
6775,1781099981.009943,normal
6776,1781099981.011472,normal
6777,1781099981.013723,normal
6778,1781099981.016097,syn_flood
6779,1781099981.018027,normal
6780,1781099981.019682,normal
6781,1781099981.020976,udp_reflection
6782,1781099981.022541,normal
6783,1781099981.023984,normal
6784,1781099981.025363,normal
6785,1781099981.027192,normal
6786,1781099981.028841,normal
6787,1781099981.030735,normal
6788,1781099981.032411,normal
6789,1781099981.034306,normal
6790,1781099981.036037,syn_flood
6791,1781099981.038116,normal
6792,1781099981.040773,normal
6793,1781099981.042706,normal
6794,1781099981.044414,normal
6795,1781099981.046633,normal
6796,1781099981.047915,normal
6797,1781099981.049005,udp_reflection
6798,1781099981.051125,normal
6799,1781099981.052655,normal
6800,1781099981.054157,normal
6801,1781099981.055899,normal
6802,1781099981.057847,normal
6803,1781099981.059690,normal
6804,1781099981.062030,normal
6805,1781099981.064775,normal
6806,1781099981.066384,normal
6807,1781099981.068129,normal
6808,1781099981.070187,normal
6809,1781099981.072027,normal
6810,1781099981.073895,normal
6811,1781099981.075617,normal
6812,1781099981.077336,syn_flood
6813,1781099981.078573,normal
6814,1781099981.079934,normal
6815,1781099981.081658,syn_flood
6816,1781099981.083214,syn_flood
6817,1781099981.084880,normal
6818,1781099981.086077,normal
6819,1781099981.088185,normal
6820,1781099981.089502,normal
6821,1781099981.091426,normal
6822,1781099981.092946,normal
6823,1781099981.094919,syn_flood
6824,1781099981.096070,normal
6825,1781099981.097173,http_flood
6826,1781099981.098840,normal
6827,1781099981.102131,normal
6828,1781099981.103651,normal
6829,1781099981.105247,normal
6830,1781099981.106785,normal
6831,1781099981.108160,syn_flood
6832,1781099981.110187,normal
6833,1781099981.111977,normal
6834,1781099981.113062,normal
6835,1781099981.114675,normal
6836,1781099981.117048,normal
6837,1781099981.119892,normal
6838,1781099981.121131,normal
6839,1781099981.122265,normal
6840,1781099981.124005,syn_flood
6841,1781099981.126108,normal
6842,1781099981.127255,normal
6843,1781099981.128816,syn_flood
6844,1781099981.130607,normal
6845,1781099981.132843,normal
6846,1781099981.134249,normal
6847,1781099981.135800,normal
6848,1781099981.137824,normal
6849,1781099981.138985,normal
6850,1781099981.140836,syn_flood
6851,1781099981.142987,normal
6852,1781099981.144702,normal
6853,1781099981.146212,udp_reflection
6854,1781099981.148783,normal
6855,1781099981.150243,normal
6856,1781099981.151790,syn_flood
6857,1781099981.153039,normal
6858,1781099981.154898,syn_flood
6859,1781099981.156129,normal
6860,1781099981.158055,normal
6861,1781099981.160300,udp_reflection
6862,1781099981.161955,udp_reflection
6863,1781099981.163484,normal
6864,1781099981.165192,normal
6865,1781099981.167113,normal
6866,1781099981.168471,udp_reflection
6867,1781099981.169577,normal
6868,1781099981.171853,normal
6869,1781099981.173094,normal
6870,1781099981.175380,normal
6871,1781099981.177613,normal
6872,1781099981.179954,normal
6873,1781099981.181969,syn_flood
6874,1781099981.183177,syn_flood
6875,1781099981.184877,normal
6876,1781099981.187146,syn_flood
6877,1781099981.188990,normal
6878,1781099981.191345,normal
6879,1781099981.192945,syn_flood
6880,1781099981.194229,normal
6881,1781099981.195665,normal
6882,1781099981.197235,normal
6883,1781099981.198870,syn_flood
6884,1781099981.200764,normal
6885,1781099981.201990,udp_reflection
6886,1781099981.203925,normal
6887,1781099981.206341,normal
6888,1781099981.208055,normal
6889,1781099981.209981,normal
6890,1781099981.212175,normal
6891,1781099981.214012,normal
6892,1781099981.215383,normal
6893,1781099981.216877,http_flood
6894,1781099981.217894,syn_flood
6895,1781099981.219256,normal
6896,1781099981.221024,normal
6897,1781099981.222332,normal
6898,1781099981.223824,syn_flood
6899,1781099981.225500,normal
6900,1781099981.227938,syn_flood
6901,1781099981.229702,normal
6902,1781099981.231312,http_flood
6903,1781099981.232991,normal
6904,1781099981.234376,normal
6905,1781099981.236371,syn_flood
6906,1781099981.238060,normal
6907,1781099981.239356,normal
6908,1781099981.241519,syn_flood
6909,1781099981.244036,normal
6910,1781099981.246095,udp_reflection
6911,1781099981.247616,normal
6912,1781099981.249499,normal
6913,1781099981.250772,normal
6914,1781099981.252039,normal
6915,1781099981.253314,normal
6916,1781099981.255583,udp_reflection
6917,1781099981.257313,normal
6918,1781099981.258648,normal
6919,1781099981.260012,normal
6920,1781099981.261184,normal
6921,1781099981.263141,normal
6922,1781099981.265378,syn_flood
6923,1781099981.267249,normal
6924,1781099981.268427,normal
6925,1781099981.270396,syn_flood
6926,1781099981.272150,normal
6927,1781099981.273749,normal
6928,1781099981.275736,syn_flood
6929,1781099981.276854,http_flood
6930,1781099981.278336,normal
6931,1781099981.279823,normal
6932,1781099981.281790,normal
6933,1781099981.282837,normal
6934,1781099981.284134,normal
6935,1781099981.285650,normal
6936,1781099981.287804,syn_flood
6937,1781099981.289912,normal
6938,1781099981.291152,normal
6939,1781099981.292796,normal
6940,1781099981.294863,normal
6941,1781099981.296515,normal
6942,1781099981.298590,normal
6943,1781099981.300940,normal
6944,1781099981.302645,normal
6945,1781099981.304521,normal
6946,1781099981.305993,normal
6947,1781099981.307865,normal
6948,1781099981.309377,syn_flood
6949,1781099981.311574,http_flood
6950,1781099981.313487,normal
6951,1781099981.315610,normal
6952,1781099981.317173,normal
6953,1781099981.319327,normal
6954,1781099981.320777,normal
6955,1781099981.322369,normal
6956,1781099981.323856,normal
6957,1781099981.324581,http_flood
6958,1781099981.326183,normal
6959,1781099981.327869,normal
6960,1781099981.329343,normal
6961,1781099981.330803,syn_flood
6962,1781099981.332400,syn_flood
6963,1781099981.333963,normal
6964,1781099981.335638,normal
6965,1781099981.337692,normal
6966,1781099981.339161,syn_flood
6967,1781099981.340453,normal
6968,1781099981.342031,normal
6969,1781099981.343750,normal
6970,1781099981.346078,normal
6971,1781099981.348432,normal
6972,1781099981.350910,normal
6973,1781099981.352632,normal
6974,1781099981.353993,normal
6975,1781099981.356806,syn_flood
6976,1781099981.358031,normal
6977,1781099981.359188,normal
6978,1781099981.360890,normal
6979,1781099981.363193,normal
6980,1781099981.365048,normal
6981,1781099981.366695,normal
6982,1781099981.367972,normal
6983,1781099981.369498,normal
6984,1781099981.370743,normal
6985,1781099981.372927,normal
6986,1781099981.374356,syn_flood
6987,1781099981.375660,udp_reflection
6988,1781099981.377266,normal
6989,1781099981.378853,normal
6990,1781099981.380316,normal
6991,1781099981.381946,udp_reflection
6992,1781099981.383771,normal
6993,1781099981.385504,udp_reflection
6994,1781099981.386410,normal
6995,1781099981.389161,syn_flood
6996,1781099981.390981,syn_flood
6997,1781099981.392879,udp_reflection
6998,1781099981.394373,normal
6999,1781099981.395391,normal
7000,1781099981.397439,normal
7001,1781099981.399275,syn_flood
7002,1781099981.400728,normal
7003,1781099981.403072,normal
7004,1781099981.404854,syn_flood
7005,1781099981.406222,normal
7006,1781099981.408473,normal
7007,1781099981.410402,normal
7008,1781099981.411895,normal
7009,1781099981.413260,syn_flood
7010,1781099981.415271,normal
7011,1781099981.417309,normal
7012,1781099981.418806,normal
7013,1781099981.420800,syn_flood
7014,1781099981.422409,normal
7015,1781099981.423943,normal
7016,1781099981.425354,normal
7017,1781099981.426388,normal
7018,1781099981.428456,normal
7019,1781099981.430520,normal
7020,1781099981.431863,normal
7021,1781099981.433203,syn_flood
7022,1781099981.434707,normal
7023,1781099981.436989,normal
7024,1781099981.438649,normal
7025,1781099981.440288,syn_flood
7026,1781099981.442436,normal
7027,1781099981.444036,syn_flood
7028,1781099981.446260,udp_reflection
7029,1781099981.448256,syn_flood
7030,1781099981.449868,normal
7031,1781099981.451428,normal
7032,1781099981.452769,syn_flood
7033,1781099981.455489,normal
7034,1781099981.457030,normal
7035,1781099981.459003,udp_reflection
7036,1781099981.460759,normal
7037,1781099981.462249,normal
7038,1781099981.463820,syn_flood
7039,1781099981.466400,normal
7040,1781099981.467307,normal
7041,1781099981.468417,normal
7042,1781099981.470547,normal
7043,1781099981.472639,syn_flood
7044,1781099981.474779,normal
7045,1781099981.476917,normal
7046,1781099981.478326,normal
7047,1781099981.480002,syn_flood
7048,1781099981.481531,syn_flood
7049,1781099981.483014,normal
7050,1781099981.484252,syn_flood
7051,1781099981.486249,normal
7052,1781099981.489182,normal
7053,1781099981.490959,normal
7054,1781099981.492570,normal
7055,1781099981.495159,normal
7056,1781099981.496526,normal
7057,1781099981.497882,syn_flood
7058,1781099981.499218,normal
7059,1781099981.500699,normal
7060,1781099981.503230,normal
7061,1781099981.505183,normal
7062,1781099981.507002,normal
7063,1781099981.508536,normal
7064,1781099981.510279,normal
7065,1781099981.512349,normal
7066,1781099981.514189,normal
7067,1781099981.516546,normal
7068,1781099981.518286,normal
7069,1781099981.519860,normal
7070,1781099981.521632,normal
7071,1781099981.523063,syn_flood
7072,1781099981.525598,normal
7073,1781099981.527849,normal
7074,1781099981.529652,normal
7075,1781099981.531585,udp_reflection
7076,1781099981.534561,normal
7077,1781099981.535953,normal
7078,1781099981.537881,normal
7079,1781099981.540954,normal
7080,1781099981.542566,syn_flood
7081,1781099981.543928,udp_reflection
7082,1781099981.545595,normal
7083,1781099981.547481,normal
7084,1781099981.548972,normal
7085,1781099981.550401,syn_flood
7086,1781099981.551790,syn_flood
7087,1781099981.553663,normal
7088,1781099981.555521,normal
7089,1781099981.556887,normal
7090,1781099981.558837,normal
7091,1781099981.560744,normal
7092,1781099981.562763,syn_flood
7093,1781099981.564831,normal
7094,1781099981.566278,http_flood
7095,1781099981.567242,normal
7096,1781099981.568923,http_flood
7097,1781099981.570986,normal
7098,1781099981.572401,normal
7099,1781099981.573833,normal
7100,1781099981.575686,normal
7101,1781099981.577242,normal
7102,1781099981.578294,syn_flood
7103,1781099981.579900,normal
7104,1781099981.581588,normal
7105,1781099981.583280,normal
7106,1781099981.584904,normal
7107,1781099981.587885,normal
7108,1781099981.589592,syn_flood
7109,1781099981.591514,http_flood
7110,1781099981.593012,syn_flood
7111,1781099981.594434,normal
7112,1781099981.595837,normal
7113,1781099981.597065,syn_flood
7114,1781099981.599839,normal
7115,1781099981.601289,udp_reflection
7116,1781099981.602450,normal
7117,1781099981.604430,http_flood
7118,1781099981.606026,syn_flood
7119,1781099981.607685,normal
7120,1781099981.609735,http_flood
7121,1781099981.611217,normal
7122,1781099981.612596,normal
7123,1781099981.613817,normal
7124,1781099981.615571,udp_reflection
7125,1781099981.617452,normal
7126,1781099981.619364,syn_flood
7127,1781099981.620404,normal
7128,1781099981.622512,syn_flood
7129,1781099981.624815,normal
7130,1781099981.627123,normal
7131,1781099981.629797,normal
7132,1781099981.631869,normal
7133,1781099981.633493,normal
7134,1781099981.635307,normal
7135,1781099981.637011,normal
7136,1781099981.638691,normal
7137,1781099981.640496,normal
7138,1781099981.642295,normal
7139,1781099981.644085,normal
7140,1781099981.646577,normal
7141,1781099981.647986,syn_flood
7142,1781099981.650349,normal
7143,1781099981.651969,normal
7144,1781099981.654084,normal
7145,1781099981.655491,normal
7146,1781099981.657153,normal
7147,1781099981.659437,normal
7148,1781099981.660793,normal
7149,1781099981.662482,normal
7150,1781099981.664557,normal
7151,1781099981.666030,udp_reflection
7152,1781099981.667979,normal
7153,1781099981.669885,normal
7154,1781099981.671639,normal
7155,1781099981.673152,normal
7156,1781099981.674825,normal
7157,1781099981.676363,normal
7158,1781099981.678615,normal
7159,1781099981.680464,normal
7160,1781099981.682717,normal
7161,1781099981.684291,normal
7162,1781099981.687035,normal
7163,1781099981.688423,normal
7164,1781099981.689631,syn_flood
7165,1781099981.691676,normal
7166,1781099981.693385,normal
7167,1781099981.695066,normal
7168,1781099981.696644,syn_flood
7169,1781099981.698309,normal
7170,1781099981.700069,normal
7171,1781099981.701709,normal
7172,1781099981.703424,normal
7173,1781099981.705095,syn_flood
7174,1781099981.707097,normal
7175,1781099981.708468,normal
7176,1781099981.710617,syn_flood
7177,1781099981.712873,normal
7178,1781099981.714429,normal
7179,1781099981.716355,normal
7180,1781099981.718189,normal
7181,1781099981.719836,normal
7182,1781099981.721454,normal
7183,1781099981.723161,normal
7184,1781099981.725441,normal
7185,1781099981.727519,normal
7186,1781099981.728991,normal
7187,1781099981.730955,syn_flood
7188,1781099981.732577,normal
7189,1781099981.734443,normal
7190,1781099981.735696,normal
7191,1781099981.736999,normal
7192,1781099981.738712,normal
7193,1781099981.740046,normal
7194,1781099981.742231,normal
7195,1781099981.744381,normal
7196,1781099981.745838,normal
7197,1781099981.748418,normal
7198,1781099981.749850,http_flood
7199,1781099981.751495,normal
7200,1781099981.752780,normal
7201,1781099981.754360,normal
7202,1781099981.756753,syn_flood
7203,1781099981.758225,normal
7204,1781099981.760534,normal
7205,1781099981.762382,normal
7206,1781099981.763813,normal
7207,1781099981.765193,http_flood
7208,1781099981.766399,normal
7209,1781099981.768745,syn_flood
7210,1781099981.771021,normal
7211,1781099981.772874,normal
7212,1781099981.775378,normal
7213,1781099981.777568,normal
7214,1781099981.779045,normal
7215,1781099981.780374,syn_flood
7216,1781099981.782118,udp_reflection
7217,1781099981.783831,normal
7218,1781099981.785572,normal
7219,1781099981.787337,normal
7220,1781099981.790155,normal
7221,1781099981.791331,normal
7222,1781099981.792690,syn_flood
7223,1781099981.794257,normal
7224,1781099981.795576,normal
7225,1781099981.796796,normal
7226,1781099981.798578,normal
7227,1781099981.800282,syn_flood
7228,1781099981.802491,normal
7229,1781099981.806163,normal
7230,1781099981.807532,syn_flood
7231,1781099981.808796,syn_flood
7232,1781099981.810735,normal
7233,1781099981.812282,normal
7234,1781099981.813211,normal
7235,1781099981.814999,normal
7236,1781099981.817032,normal
7237,1781099981.818885,normal
7238,1781099981.820131,normal
7239,1781099981.822151,normal
7240,1781099981.824284,normal
7241,1781099981.826236,syn_flood
7242,1781099981.827638,syn_flood
7243,1781099981.830275,normal
7244,1781099981.832628,normal
7245,1781099981.834162,normal
7246,1781099981.836449,normal
7247,1781099981.838137,http_flood
7248,1781099981.840168,normal
7249,1781099981.842486,syn_flood
7250,1781099981.844644,normal
7251,1781099981.846575,normal
7252,1781099981.848778,syn_flood
7253,1781099981.850359,normal
7254,1781099981.851944,normal
7255,1781099981.854148,normal
7256,1781099981.855759,syn_flood
7257,1781099981.857068,normal
7258,1781099981.858325,normal
7259,1781099981.860649,normal
7260,1781099981.862769,normal
7261,1781099981.864440,normal
7262,1781099981.866862,normal
7263,1781099981.868076,normal
7264,1781099981.869341,normal
7265,1781099981.871140,normal
7266,1781099981.872922,syn_flood
7267,1781099981.874508,normal
7268,1781099981.875982,normal
7269,1781099981.878008,normal
7270,1781099981.879927,normal
7271,1781099981.881677,syn_flood
7272,1781099981.882984,normal
7273,1781099981.884003,normal
7274,1781099981.885622,udp_reflection
7275,1781099981.887491,normal
7276,1781099981.888576,normal
7277,1781099981.890270,normal
7278,1781099981.892784,normal
7279,1781099981.895325,syn_flood
7280,1781099981.896934,normal
7281,1781099981.898627,normal
7282,1781099981.899676,normal
7283,1781099981.901293,normal
7284,1781099981.902889,normal
7285,1781099981.904392,normal
7286,1781099981.905764,normal
7287,1781099981.907530,normal
7288,1781099981.908769,http_flood
7289,1781099981.910384,normal
7290,1781099981.912557,normal
7291,1781099981.913881,normal
7292,1781099981.915986,http_flood
7293,1781099981.917487,normal
7294,1781099981.919131,normal
7295,1781099981.920381,udp_reflection
7296,1781099981.921829,normal
7297,1781099981.923436,normal
7298,1781099981.925267,normal
7299,1781099981.926811,syn_flood
7300,1781099981.928361,normal
7301,1781099981.930172,normal
7302,1781099981.931709,normal
7303,1781099981.933127,syn_flood
7304,1781099981.934991,normal
7305,1781099981.936241,syn_flood
7306,1781099981.938218,normal
7307,1781099981.939695,normal
7308,1781099981.941099,normal
7309,1781099981.942888,normal
7310,1781099981.944568,syn_flood
7311,1781099981.946086,normal
7312,1781099981.947845,normal
7313,1781099981.949327,normal
7314,1781099981.951386,normal
7315,1781099981.953373,syn_flood
7316,1781099981.954581,normal
7317,1781099981.956445,normal
7318,1781099981.958007,normal
7319,1781099981.959383,normal
7320,1781099981.961063,normal
7321,1781099981.962452,normal
7322,1781099981.963849,normal
7323,1781099981.966539,normal
7324,1781099981.968379,normal
7325,1781099981.970120,normal
7326,1781099981.971884,normal
7327,1781099981.973487,normal
7328,1781099981.974831,normal
7329,1781099981.976294,normal
7330,1781099981.977963,normal
7331,1781099981.979565,normal
7332,1781099981.981103,normal
7333,1781099981.982455,syn_flood
7334,1781099981.984695,syn_flood
7335,1781099981.986268,normal
7336,1781099981.987284,syn_flood
7337,1781099981.989337,normal
7338,1781099981.991354,normal
7339,1781099981.993192,syn_flood
7340,1781099981.995479,normal
7341,1781099981.997396,syn_flood
7342,1781099981.999439,normal
7343,1781099982.000658,syn_flood
7344,1781099982.002440,normal
7345,1781099982.004050,syn_flood
7346,1781099982.005882,normal
7347,1781099982.007365,normal
7348,1781099982.009212,normal
7349,1781099982.010883,normal
7350,1781099982.012594,normal
7351,1781099982.014227,normal
7352,1781099982.015458,normal
7353,1781099982.017189,normal
7354,1781099982.018559,normal
7355,1781099982.020709,normal
7356,1781099982.022927,normal
7357,1781099982.023974,syn_flood
7358,1781099982.026394,normal
7359,1781099982.027868,normal
7360,1781099982.029541,normal
7361,1781099982.030881,syn_flood
7362,1781099982.032535,normal
7363,1781099982.033972,normal
7364,1781099982.035432,normal
7365,1781099982.036955,normal
7366,1781099982.038426,normal
7367,1781099982.039798,syn_flood
7368,1781099982.041251,normal
7369,1781099982.043017,normal
7370,1781099982.044894,syn_flood
7371,1781099982.046697,normal
7372,1781099982.048383,normal
7373,1781099982.050766,normal
7374,1781099982.052329,normal
7375,1781099982.053660,syn_flood
7376,1781099982.055222,normal
7377,1781099982.056724,normal
7378,1781099982.058479,normal
7379,1781099982.059971,normal
7380,1781099982.061469,normal
7381,1781099982.063388,normal
7382,1781099982.064774,normal
7383,1781099982.066440,normal
7384,1781099982.068311,normal
7385,1781099982.070221,normal
7386,1781099982.072104,normal
7387,1781099982.074073,syn_flood
7388,1781099982.075719,normal
7389,1781099982.077618,normal
7390,1781099982.079318,normal
7391,1781099982.081617,normal
7392,1781099982.083087,syn_flood
7393,1781099982.085455,normal
7394,1781099982.087388,normal
7395,1781099982.089485,normal
7396,1781099982.091167,syn_flood
7397,1781099982.093384,normal
7398,1781099982.094920,normal
7399,1781099982.096642,normal
7400,1781099982.098202,normal
7401,1781099982.099580,udp_reflection
7402,1781099982.101051,normal
7403,1781099982.102555,normal
7404,1781099982.104355,normal
7405,1781099982.105982,normal
7406,1781099982.108019,normal
7407,1781099982.109496,normal
7408,1781099982.111517,normal
7409,1781099982.113202,normal
7410,1781099982.114676,normal
7411,1781099982.116306,normal
7412,1781099982.118178,normal
7413,1781099982.119861,normal
7414,1781099982.121157,normal
7415,1781099982.122279,udp_reflection
7416,1781099982.123753,normal
7417,1781099982.126026,normal
7418,1781099982.127037,normal
7419,1781099982.128371,syn_flood
7420,1781099982.130390,normal
7421,1781099982.131541,normal
7422,1781099982.132993,udp_reflection
7423,1781099982.135439,normal
7424,1781099982.137576,normal
7425,1781099982.139320,normal
7426,1781099982.141078,normal
7427,1781099982.142880,normal
7428,1781099982.144881,normal
7429,1781099982.146461,syn_flood
7430,1781099982.147929,syn_flood
7431,1781099982.149636,normal
7432,1781099982.151005,normal
7433,1781099982.153092,normal
7434,1781099982.154449,normal
7435,1781099982.156378,syn_flood
7436,1781099982.158622,normal
7437,1781099982.160239,normal
7438,1781099982.162142,normal
7439,1781099982.164408,syn_flood
7440,1781099982.166084,syn_flood
7441,1781099982.167794,normal
7442,1781099982.169419,syn_flood
7443,1781099982.172175,normal
7444,1781099982.173697,normal
7445,1781099982.176092,syn_flood
7446,1781099982.177871,normal
7447,1781099982.179435,normal
7448,1781099982.180904,normal
7449,1781099982.182994,normal
7450,1781099982.184123,normal
7451,1781099982.185452,normal
7452,1781099982.187358,normal
7453,1781099982.189008,normal
7454,1781099982.190213,normal
7455,1781099982.192227,normal
7456,1781099982.193553,normal
7457,1781099982.194975,normal
7458,1781099982.196549,normal
7459,1781099982.198162,syn_flood
7460,1781099982.200190,normal
7461,1781099982.202130,syn_flood
7462,1781099982.203634,normal
7463,1781099982.205219,normal
7464,1781099982.206567,normal
7465,1781099982.207550,normal
7466,1781099982.209462,normal
7467,1781099982.210953,normal
7468,1781099982.212699,syn_flood
7469,1781099982.214788,normal
7470,1781099982.216310,normal
7471,1781099982.217486,normal
7472,1781099982.219110,normal
7473,1781099982.221606,normal
7474,1781099982.223433,normal
7475,1781099982.224758,http_flood
7476,1781099982.225885,normal
7477,1781099982.227504,http_flood
7478,1781099982.229477,normal
7479,1781099982.231158,normal
7480,1781099982.232180,normal
7481,1781099982.234350,normal
7482,1781099982.235715,normal
7483,1781099982.237397,normal
7484,1781099982.238834,normal
7485,1781099982.240355,normal
7486,1781099982.241743,syn_flood
7487,1781099982.243447,syn_flood
7488,1781099982.244684,normal
7489,1781099982.246669,normal
7490,1781099982.249047,syn_flood
7491,1781099982.250363,normal
7492,1781099982.251909,normal
7493,1781099982.253217,normal
7494,1781099982.254317,normal
7495,1781099982.256936,normal
7496,1781099982.258401,syn_flood
7497,1781099982.259705,normal
7498,1781099982.261727,normal
7499,1781099982.263114,normal
7500,1781099982.264606,syn_flood
7501,1781099982.266442,normal
7502,1781099982.267935,normal
7503,1781099982.270077,normal
7504,1781099982.271604,normal
7505,1781099982.273103,syn_flood
7506,1781099982.274435,normal
7507,1781099982.276520,normal
7508,1781099982.278581,syn_flood
7509,1781099982.280235,normal
7510,1781099982.282043,normal
7511,1781099982.284221,normal
7512,1781099982.285702,syn_flood
7513,1781099982.286868,normal
7514,1781099982.288922,syn_flood
7515,1781099982.290688,normal
7516,1781099982.291900,normal
7517,1781099982.293832,normal
7518,1781099982.295222,syn_flood
7519,1781099982.297072,normal
7520,1781099982.298562,syn_flood
7521,1781099982.299851,normal
7522,1781099982.301196,syn_flood
7523,1781099982.302521,syn_flood
7524,1781099982.303948,normal
7525,1781099982.305595,normal
7526,1781099982.307515,normal
7527,1781099982.309233,syn_flood
7528,1781099982.310725,normal
7529,1781099982.312210,normal
7530,1781099982.314443,syn_flood
7531,1781099982.317134,normal
7532,1781099982.318550,normal
7533,1781099982.321177,normal
7534,1781099982.323238,normal
7535,1781099982.324928,normal
7536,1781099982.326822,syn_flood
7537,1781099982.328346,udp_reflection
7538,1781099982.330619,normal
7539,1781099982.332456,normal
7540,1781099982.333565,normal
7541,1781099982.334756,normal
7542,1781099982.337291,normal
7543,1781099982.338699,normal
7544,1781099982.339900,normal
7545,1781099982.341282,normal
7546,1781099982.342618,normal
7547,1781099982.343788,normal
7548,1781099982.346101,normal
7549,1781099982.348288,syn_flood
7550,1781099982.350096,normal
7551,1781099982.351897,normal
7552,1781099982.353690,normal
7553,1781099982.355828,normal
7554,1781099982.357295,normal
7555,1781099982.359560,normal
7556,1781099982.361276,normal
7557,1781099982.363235,syn_flood
7558,1781099982.365206,syn_flood
7559,1781099982.366926,normal
7560,1781099982.369582,udp_reflection
7561,1781099982.371249,normal
7562,1781099982.372713,normal
7563,1781099982.374074,syn_flood
7564,1781099982.375742,normal
7565,1781099982.377061,normal
7566,1781099982.378575,normal
7567,1781099982.380550,normal
7568,1781099982.382147,syn_flood
7569,1781099982.383480,normal
7570,1781099982.385875,syn_flood
7571,1781099982.387329,normal
7572,1781099982.388678,normal
7573,1781099982.390130,normal
7574,1781099982.391966,udp_reflection
7575,1781099982.394052,normal
7576,1781099982.395923,syn_flood
7577,1781099982.397340,normal
7578,1781099982.399111,syn_flood
7579,1781099982.400738,http_flood
7580,1781099982.402214,normal
7581,1781099982.403360,normal
7582,1781099982.405468,normal
7583,1781099982.407407,normal
7584,1781099982.409106,normal
7585,1781099982.410153,normal
7586,1781099982.411369,syn_flood
7587,1781099982.412917,normal
7588,1781099982.414758,normal
7589,1781099982.416638,normal
7590,1781099982.419079,normal
7591,1781099982.420661,normal
7592,1781099982.422070,syn_flood
7593,1781099982.424000,normal
7594,1781099982.425425,syn_flood
7595,1781099982.427525,normal
7596,1781099982.429330,normal
7597,1781099982.430688,normal
7598,1781099982.433106,http_flood
7599,1781099982.434642,normal
7600,1781099982.436136,normal
7601,1781099982.437920,normal
7602,1781099982.439221,normal
7603,1781099982.441505,normal
7604,1781099982.443016,normal
7605,1781099982.444440,normal
7606,1781099982.446501,normal
7607,1781099982.448459,syn_flood
7608,1781099982.450571,normal
7609,1781099982.453158,normal
7610,1781099982.454870,normal
7611,1781099982.455969,syn_flood
7612,1781099982.457784,normal
7613,1781099982.458907,syn_flood
7614,1781099982.460387,normal
7615,1781099982.461757,normal
7616,1781099982.463264,normal
7617,1781099982.464902,normal
7618,1781099982.466262,normal
7619,1781099982.467903,normal
7620,1781099982.470078,normal
7621,1781099982.471457,syn_flood
7622,1781099982.472903,normal
7623,1781099982.474523,normal
7624,1781099982.476544,normal
7625,1781099982.478057,normal
7626,1781099982.479725,normal
7627,1781099982.481203,normal
7628,1781099982.482752,normal
7629,1781099982.484387,normal
7630,1781099982.486150,normal
7631,1781099982.487887,normal
7632,1781099982.489839,normal
7633,1781099982.491331,normal
7634,1781099982.493464,normal
7635,1781099982.495303,syn_flood
7636,1781099982.497595,normal
7637,1781099982.500154,normal
7638,1781099982.501492,syn_flood
7639,1781099982.503434,udp_reflection
7640,1781099982.505665,normal
7641,1781099982.506996,normal
7642,1781099982.509001,syn_flood
7643,1781099982.511106,normal
7644,1781099982.513602,normal
7645,1781099982.515323,normal
7646,1781099982.517206,normal
7647,1781099982.519027,syn_flood
7648,1781099982.520612,normal
7649,1781099982.522648,http_flood
7650,1781099982.524645,normal
7651,1781099982.526954,normal
7652,1781099982.529439,syn_flood
7653,1781099982.530862,normal
7654,1781099982.532253,normal
7655,1781099982.533718,syn_flood
7656,1781099982.534940,normal
7657,1781099982.536468,normal
7658,1781099982.537929,normal
7659,1781099982.539877,syn_flood
7660,1781099982.541744,normal
7661,1781099982.543759,normal
7662,1781099982.545490,normal
7663,1781099982.547445,normal
7664,1781099982.549618,normal
7665,1781099982.550915,normal
7666,1781099982.553118,syn_flood
7667,1781099982.554529,normal
7668,1781099982.556099,normal
7669,1781099982.558076,normal
7670,1781099982.559639,normal
7671,1781099982.561310,normal
7672,1781099982.562432,normal
7673,1781099982.564558,normal
7674,1781099982.566036,normal
7675,1781099982.567842,normal
7676,1781099982.569840,normal
7677,1781099982.571806,normal
7678,1781099982.573762,normal
7679,1781099982.575105,normal
7680,1781099982.576182,normal
7681,1781099982.577322,syn_flood
7682,1781099982.579020,syn_flood
7683,1781099982.580568,normal
7684,1781099982.582373,normal
7685,1781099982.584535,normal
7686,1781099982.586610,normal
7687,1781099982.588144,syn_flood
7688,1781099982.590126,normal
7689,1781099982.592026,normal
7690,1781099982.593921,normal
7691,1781099982.596061,normal
7692,1781099982.597910,syn_flood
7693,1781099982.600013,normal
7694,1781099982.601584,normal
7695,1781099982.603802,normal
7696,1781099982.605499,normal
7697,1781099982.607351,normal
7698,1781099982.609597,normal
7699,1781099982.611731,normal
7700,1781099982.613834,normal
7701,1781099982.615027,normal
7702,1781099982.617105,normal
7703,1781099982.619133,normal
7704,1781099982.621188,normal
7705,1781099982.623034,normal
7706,1781099982.624630,normal
7707,1781099982.626013,syn_flood
7708,1781099982.627630,normal
7709,1781099982.629053,normal
7710,1781099982.630357,normal
7711,1781099982.632193,normal
7712,1781099982.634014,normal
7713,1781099982.635390,udp_reflection
7714,1781099982.636751,http_flood
7715,1781099982.638599,normal
7716,1781099982.640071,normal
7717,1781099982.641732,normal
7718,1781099982.643225,normal
7719,1781099982.645026,normal
7720,1781099982.646696,syn_flood
7721,1781099982.648869,normal
7722,1781099982.651254,normal
7723,1781099982.652726,normal
7724,1781099982.654487,normal
7725,1781099982.656103,normal
7726,1781099982.657702,syn_flood
7727,1781099982.659271,normal
7728,1781099982.661525,normal
7729,1781099982.663057,syn_flood
7730,1781099982.664625,normal
7731,1781099982.666246,normal
7732,1781099982.668030,normal
7733,1781099982.670082,normal
7734,1781099982.671525,normal
7735,1781099982.673504,normal
7736,1781099982.676019,normal
7737,1781099982.677726,normal
7738,1781099982.679446,normal
7739,1781099982.680944,normal
7740,1781099982.682443,normal
7741,1781099982.684103,normal
7742,1781099982.686127,normal
7743,1781099982.687631,normal
7744,1781099982.689060,normal
7745,1781099982.690669,http_flood
7746,1781099982.692249,normal
7747,1781099982.693779,normal
7748,1781099982.695333,normal
7749,1781099982.696796,normal
7750,1781099982.698192,syn_flood
7751,1781099982.700417,normal
7752,1781099982.701763,normal
7753,1781099982.703512,normal
7754,1781099982.705148,http_flood
7755,1781099982.707056,normal
7756,1781099982.708850,normal
7757,1781099982.710789,syn_flood
7758,1781099982.713120,normal
7759,1781099982.714634,syn_flood
7760,1781099982.717350,syn_flood
7761,1781099982.718756,normal
7762,1781099982.720213,normal
7763,1781099982.721277,normal
7764,1781099982.722933,normal
7765,1781099982.724587,syn_flood
7766,1781099982.726159,normal
7767,1781099982.727594,normal
7768,1781099982.729011,normal
7769,1781099982.730515,normal
7770,1781099982.732066,normal
7771,1781099982.734445,normal
7772,1781099982.736368,normal
7773,1781099982.738240,syn_flood
7774,1781099982.740080,normal
7775,1781099982.741226,normal
7776,1781099982.742728,syn_flood
7777,1781099982.744718,normal
7778,1781099982.745862,normal
7779,1781099982.747297,normal
7780,1781099982.749196,syn_flood
7781,1781099982.751478,normal
7782,1781099982.753134,normal
7783,1781099982.754454,normal
7784,1781099982.756163,normal
7785,1781099982.758378,normal
7786,1781099982.760622,http_flood
7787,1781099982.762586,normal
7788,1781099982.765974,normal
7789,1781099982.768083,normal
7790,1781099982.769839,udp_reflection
7791,1781099982.771012,normal
7792,1781099982.772424,syn_flood
7793,1781099982.774043,normal
7794,1781099982.775216,http_flood
7795,1781099982.776849,udp_reflection
7796,1781099982.778296,normal
7797,1781099982.779503,syn_flood
7798,1781099982.781305,normal
7799,1781099982.783396,normal
7800,1781099982.785209,normal
7801,1781099982.787763,http_flood
7802,1781099982.788903,normal
7803,1781099982.790510,normal
7804,1781099982.792380,syn_flood
7805,1781099982.793685,syn_flood
7806,1781099982.795346,normal
7807,1781099982.797032,normal
7808,1781099982.798472,normal
7809,1781099982.800220,normal
7810,1781099982.801531,normal
7811,1781099982.802887,normal
7812,1781099982.805215,syn_flood
7813,1781099982.806727,normal
7814,1781099982.808272,normal
7815,1781099982.809079,normal
7816,1781099982.810720,udp_reflection
7817,1781099982.812619,normal
7818,1781099982.814582,syn_flood
7819,1781099982.816132,normal
7820,1781099982.817757,normal
7821,1781099982.819259,normal
7822,1781099982.821336,normal
7823,1781099982.822897,normal
7824,1781099982.825269,normal
7825,1781099982.828168,normal
7826,1781099982.829488,normal
7827,1781099982.831266,normal
7828,1781099982.832652,normal
7829,1781099982.834163,normal
7830,1781099982.836823,syn_flood
7831,1781099982.838957,normal
7832,1781099982.840346,syn_flood
7833,1781099982.841641,normal
7834,1781099982.843139,syn_flood
7835,1781099982.844745,normal
7836,1781099982.846461,normal
7837,1781099982.849150,normal
7838,1781099982.850517,syn_flood
7839,1781099982.851932,normal
7840,1781099982.852967,normal
7841,1781099982.854971,syn_flood
7842,1781099982.856354,syn_flood
7843,1781099982.857945,syn_flood
7844,1781099982.859596,normal
7845,1781099982.861087,normal
7846,1781099982.862632,normal
7847,1781099982.864235,normal
7848,1781099982.865584,syn_flood
7849,1781099982.867953,normal
7850,1781099982.869576,normal
7851,1781099982.870878,normal
7852,1781099982.872760,normal
7853,1781099982.874372,normal
7854,1781099982.875933,http_flood
7855,1781099982.877246,normal
7856,1781099982.878741,syn_flood
7857,1781099982.880767,normal
7858,1781099982.882967,normal
7859,1781099982.884487,normal
7860,1781099982.885996,normal
7861,1781099982.887944,normal
7862,1781099982.890045,normal
7863,1781099982.891636,normal
7864,1781099982.893322,syn_flood
7865,1781099982.895094,normal
7866,1781099982.897214,normal
7867,1781099982.899289,normal
7868,1781099982.900871,udp_reflection
7869,1781099982.902783,normal
7870,1781099982.905430,syn_flood
7871,1781099982.908406,normal
7872,1781099982.910248,normal
7873,1781099982.911712,normal
7874,1781099982.914439,normal
7875,1781099982.916739,normal
7876,1781099982.918994,normal
7877,1781099982.920960,normal
7878,1781099982.922883,normal
7879,1781099982.924413,normal
7880,1781099982.926376,normal
7881,1781099982.928793,normal
7882,1781099982.930448,normal
7883,1781099982.931970,normal
7884,1781099982.933911,syn_flood
7885,1781099982.935701,normal
7886,1781099982.937115,syn_flood
7887,1781099982.938455,normal
7888,1781099982.940582,normal
7889,1781099982.943289,normal
7890,1781099982.944659,normal
7891,1781099982.946580,syn_flood
7892,1781099982.948621,syn_flood
7893,1781099982.950168,normal
7894,1781099982.951352,normal
7895,1781099982.953241,normal
7896,1781099982.954753,normal
7897,1781099982.956101,normal
7898,1781099982.958351,normal
7899,1781099982.960475,normal
7900,1781099982.962234,normal
7901,1781099982.964612,normal
7902,1781099982.966406,normal
7903,1781099982.968304,normal
7904,1781099982.969948,normal
7905,1781099982.971863,normal
7906,1781099982.975326,normal
7907,1781099982.977153,http_flood
7908,1781099982.978435,normal
7909,1781099982.979573,syn_flood
7910,1781099982.981135,normal
7911,1781099982.983403,normal
7912,1781099982.985516,normal
7913,1781099982.987653,normal
7914,1781099982.989700,http_flood
7915,1781099982.991169,normal
7916,1781099982.993514,normal
7917,1781099982.995400,normal
7918,1781099982.997762,syn_flood
7919,1781099982.999187,syn_flood
7920,1781099983.001875,normal
7921,1781099983.003262,normal
7922,1781099983.005053,normal
7923,1781099983.006522,normal
7924,1781099983.008053,normal
7925,1781099983.009984,normal
7926,1781099983.011871,syn_flood
7927,1781099983.013452,normal
7928,1781099983.015543,normal
7929,1781099983.016868,normal
7930,1781099983.018353,normal
7931,1781099983.019845,syn_flood
7932,1781099983.021583,normal
7933,1781099983.023150,normal
7934,1781099983.025521,normal
7935,1781099983.026755,normal
7936,1781099983.028428,normal
7937,1781099983.030005,syn_flood
7938,1781099983.031479,syn_flood
7939,1781099983.033047,normal
7940,1781099983.034482,normal
7941,1781099983.036365,syn_flood
7942,1781099983.037350,normal
7943,1781099983.039276,normal
7944,1781099983.041341,normal
7945,1781099983.042639,normal
7946,1781099983.044128,normal
7947,1781099983.045305,normal
7948,1781099983.046849,normal
7949,1781099983.048654,normal
7950,1781099983.050593,normal
7951,1781099983.051676,normal
7952,1781099983.053137,normal
7953,1781099983.054786,normal
7954,1781099983.056928,normal
7955,1781099983.058429,normal
7956,1781099983.060292,normal
7957,1781099983.062132,normal
7958,1781099983.063356,normal
7959,1781099983.065465,syn_flood
7960,1781099983.067284,udp_reflection
7961,1781099983.068666,normal
7962,1781099983.070477,normal
7963,1781099983.072380,normal
7964,1781099983.073794,normal
7965,1781099983.076018,normal
7966,1781099983.077358,normal
7967,1781099983.078974,normal
7968,1781099983.080777,normal
7969,1781099983.082764,normal
7970,1781099983.084293,syn_flood
7971,1781099983.085936,normal
7972,1781099983.087427,normal
7973,1781099983.089373,normal
7974,1781099983.090374,normal
7975,1781099983.092096,normal
7976,1781099983.094273,udp_reflection
7977,1781099983.096992,normal
7978,1781099983.098524,normal
7979,1781099983.100487,syn_flood
7980,1781099983.101781,normal
7981,1781099983.103354,syn_flood
7982,1781099983.105420,udp_reflection
7983,1781099983.107475,normal
7984,1781099983.109549,syn_flood
7985,1781099983.111192,syn_flood
7986,1781099983.112840,normal
7987,1781099983.114347,normal
7988,1781099983.116119,normal
7989,1781099983.118196,normal
7990,1781099983.119898,normal
7991,1781099983.122294,normal
7992,1781099983.124007,normal
7993,1781099983.125800,normal
7994,1781099983.127621,normal
7995,1781099983.128821,normal
7996,1781099983.130144,normal
7997,1781099983.131927,normal
7998,1781099983.134513,syn_flood
7999,1781099983.135947,syn_flood
8000,1781099983.137501,normal
8001,1781099983.139078,syn_flood
8002,1781099983.140749,normal
8003,1781099983.142457,syn_flood
8004,1781099983.144445,normal
8005,1781099983.145877,normal
8006,1781099983.147912,normal
8007,1781099983.149556,normal
8008,1781099983.152066,syn_flood
8009,1781099983.153472,normal
8010,1781099983.154683,normal
8011,1781099983.156502,normal
8012,1781099983.159647,normal
8013,1781099983.161482,normal
8014,1781099983.163262,syn_flood
8015,1781099983.164757,syn_flood
8016,1781099983.166076,normal
8017,1781099983.168678,normal
8018,1781099983.171158,normal
8019,1781099983.173013,normal
8020,1781099983.174631,normal
8021,1781099983.177027,normal
8022,1781099983.179651,normal
8023,1781099983.182345,normal
8024,1781099983.183740,syn_flood
8025,1781099983.185313,normal
8026,1781099983.186640,normal
8027,1781099983.188492,normal
8028,1781099983.189713,normal
8029,1781099983.191628,normal
8030,1781099983.193196,normal
8031,1781099983.195331,normal
8032,1781099983.197512,udp_reflection
8033,1781099983.199123,normal
8034,1781099983.200576,syn_flood
8035,1781099983.201989,normal
8036,1781099983.203838,http_flood
8037,1781099983.205715,syn_flood
8038,1781099983.207501,normal
8039,1781099983.209600,syn_flood
8040,1781099983.210932,syn_flood
8041,1781099983.212060,normal
8042,1781099983.213232,normal
8043,1781099983.215004,udp_reflection
8044,1781099983.216788,normal
8045,1781099983.218672,normal
8046,1781099983.220104,http_flood
8047,1781099983.222212,normal
8048,1781099983.223281,normal
8049,1781099983.224541,syn_flood
8050,1781099983.226115,normal
8051,1781099983.227836,normal
8052,1781099983.229651,syn_flood
8053,1781099983.232205,normal
8054,1781099983.234087,normal
8055,1781099983.235793,normal
8056,1781099983.237665,normal
8057,1781099983.239214,normal
8058,1781099983.241543,syn_flood
8059,1781099983.243546,normal
8060,1781099983.245659,normal
8061,1781099983.247855,syn_flood
8062,1781099983.249640,normal
8063,1781099983.251814,normal
8064,1781099983.253742,normal
8065,1781099983.254913,normal
8066,1781099983.256551,syn_flood
8067,1781099983.258515,normal
8068,1781099983.260118,normal
8069,1781099983.261963,normal
8070,1781099983.263598,normal
8071,1781099983.264702,normal
8072,1781099983.265961,normal
8073,1781099983.268209,normal
8074,1781099983.270565,normal
8075,1781099983.272846,normal
8076,1781099983.274286,normal
8077,1781099983.275736,syn_flood
8078,1781099983.277373,normal
8079,1781099983.278512,normal
8080,1781099983.280473,normal
8081,1781099983.281960,syn_flood
8082,1781099983.283740,normal
8083,1781099983.285272,syn_flood
8084,1781099983.287517,normal
8085,1781099983.288772,normal
8086,1781099983.290586,normal
8087,1781099983.292349,normal
8088,1781099983.293459,normal
8089,1781099983.295144,normal
8090,1781099983.296687,normal
8091,1781099983.299250,normal
8092,1781099983.300341,syn_flood
8093,1781099983.301987,syn_flood
8094,1781099983.303568,syn_flood
8095,1781099983.304935,normal
8096,1781099983.306198,normal
8097,1781099983.307211,normal
8098,1781099983.308399,normal
8099,1781099983.309858,syn_flood
8100,1781099983.311857,syn_flood
8101,1781099983.313776,normal
8102,1781099983.315455,normal
8103,1781099983.317528,normal
8104,1781099983.319437,normal
8105,1781099983.321254,normal
8106,1781099983.322379,normal
8107,1781099983.324175,normal
8108,1781099983.325773,normal
8109,1781099983.327547,normal
8110,1781099983.329167,normal
8111,1781099983.331193,normal
8112,1781099983.333771,udp_reflection
8113,1781099983.335579,normal
8114,1781099983.336898,http_flood
8115,1781099983.338531,normal
8116,1781099983.340083,http_flood
8117,1781099983.341641,normal
8118,1781099983.344222,normal
8119,1781099983.345857,normal
8120,1781099983.347708,normal
8121,1781099983.349665,normal
8122,1781099983.351001,normal
8123,1781099983.352555,normal
8124,1781099983.353858,normal
8125,1781099983.355361,normal
8126,1781099983.356970,syn_flood
8127,1781099983.358175,normal
8128,1781099983.359693,normal
8129,1781099983.361944,normal
8130,1781099983.363743,normal
8131,1781099983.365845,udp_reflection
8132,1781099983.367263,normal
8133,1781099983.368706,normal
8134,1781099983.369867,normal
8135,1781099983.371454,http_flood
8136,1781099983.372663,syn_flood
8137,1781099983.374308,normal
8138,1781099983.376128,syn_flood
8139,1781099983.377531,normal
8140,1781099983.378780,normal
8141,1781099983.380708,normal
8142,1781099983.383501,normal
8143,1781099983.385335,normal
8144,1781099983.387452,normal
8145,1781099983.389617,normal
8146,1781099983.391431,syn_flood
8147,1781099983.392496,normal
8148,1781099983.393672,syn_flood
8149,1781099983.396052,normal
8150,1781099983.397957,normal
8151,1781099983.400043,normal
8152,1781099983.401228,normal
8153,1781099983.403065,normal
8154,1781099983.404696,normal
8155,1781099983.405792,normal
8156,1781099983.407121,normal
8157,1781099983.408529,normal
8158,1781099983.409999,normal
8159,1781099983.411461,udp_reflection
8160,1781099983.413116,normal
8161,1781099983.414268,normal
8162,1781099983.416037,normal
8163,1781099983.417812,normal
8164,1781099983.419782,normal
8165,1781099983.421695,normal
8166,1781099983.423544,normal
8167,1781099983.425712,normal
8168,1781099983.427599,normal
8169,1781099983.429478,normal
8170,1781099983.431035,normal
8171,1781099983.432451,normal
8172,1781099983.434114,normal
8173,1781099983.435402,normal
8174,1781099983.436672,normal
8175,1781099983.438536,udp_reflection
8176,1781099983.440456,normal
8177,1781099983.442311,normal
8178,1781099983.444201,normal
8179,1781099983.445880,normal
8180,1781099983.447559,normal
8181,1781099983.448841,normal
8182,1781099983.450354,normal
8183,1781099983.451685,normal
8184,1781099983.453217,normal
8185,1781099983.454671,syn_flood
8186,1781099983.456451,normal
8187,1781099983.457782,normal
8188,1781099983.459183,normal
8189,1781099983.461136,normal
8190,1781099983.463452,normal
8191,1781099983.464756,udp_reflection
8192,1781099983.466728,normal
8193,1781099983.468926,normal
8194,1781099983.470463,normal
8195,1781099983.472334,normal
8196,1781099983.473860,normal
8197,1781099983.475196,normal
8198,1781099983.476716,normal
8199,1781099983.478787,normal
8200,1781099983.480812,normal
8201,1781099983.483112,normal
8202,1781099983.484078,normal
8203,1781099983.485683,normal
8204,1781099983.487430,normal
8205,1781099983.488859,normal
8206,1781099983.490282,syn_flood
8207,1781099983.492846,normal
8208,1781099983.494538,normal
8209,1781099983.496278,normal
8210,1781099983.497694,syn_flood
8211,1781099983.499075,normal
8212,1781099983.500803,normal
8213,1781099983.502130,normal
8214,1781099983.503807,http_flood
8215,1781099983.505085,normal
8216,1781099983.506860,normal
8217,1781099983.508247,normal
8218,1781099983.510379,normal
8219,1781099983.511641,normal
8220,1781099983.513184,normal
8221,1781099983.515357,normal
8222,1781099983.517624,normal
8223,1781099983.519355,normal
8224,1781099983.521035,normal
8225,1781099983.523038,normal
8226,1781099983.524946,normal
8227,1781099983.526129,normal
8228,1781099983.527426,normal
8229,1781099983.529370,normal
8230,1781099983.531515,normal
8231,1781099983.533621,normal
8232,1781099983.535028,normal
8233,1781099983.537171,http_flood
8234,1781099983.538904,syn_flood
8235,1781099983.540942,normal
8236,1781099983.543085,normal
8237,1781099983.544454,normal
8238,1781099983.546230,normal
8239,1781099983.547802,normal
8240,1781099983.549458,normal
8241,1781099983.551397,syn_flood
8242,1781099983.552670,normal
8243,1781099983.554559,normal
8244,1781099983.556190,syn_flood
8245,1781099983.557842,normal
8246,1781099983.560192,normal
8247,1781099983.561558,normal
8248,1781099983.563619,normal
8249,1781099983.564827,normal
8250,1781099983.566358,normal
8251,1781099983.568213,normal
8252,1781099983.569902,normal
8253,1781099983.571438,normal
8254,1781099983.573157,normal
8255,1781099983.575103,udp_reflection
8256,1781099983.577516,normal
8257,1781099983.578992,syn_flood
8258,1781099983.581106,udp_reflection
8259,1781099983.583321,normal
8260,1781099983.584772,normal
8261,1781099983.586633,normal
8262,1781099983.588464,normal
8263,1781099983.590207,syn_flood
8264,1781099983.592448,http_flood
8265,1781099983.594121,syn_flood
8266,1781099983.595282,normal
8267,1781099983.597287,normal
8268,1781099983.598953,syn_flood
8269,1781099983.600582,syn_flood
8270,1781099983.602229,normal
8271,1781099983.603878,normal
8272,1781099983.605772,normal
8273,1781099983.607612,syn_flood
8274,1781099983.609173,normal
8275,1781099983.610302,normal
8276,1781099983.611504,normal
8277,1781099983.613301,normal
8278,1781099983.615170,http_flood
8279,1781099983.616782,normal
8280,1781099983.618161,udp_reflection
8281,1781099983.621173,normal
8282,1781099983.622741,normal
8283,1781099983.623805,normal
8284,1781099983.626026,syn_flood
8285,1781099983.627523,normal
8286,1781099983.629231,http_flood
8287,1781099983.630579,normal
8288,1781099983.632543,syn_flood
8289,1781099983.633659,syn_flood
8290,1781099983.635654,normal
8291,1781099983.637061,normal
8292,1781099983.638424,syn_flood
8293,1781099983.640272,normal
8294,1781099983.641237,normal
8295,1781099983.642761,http_flood
8296,1781099983.644669,normal
8297,1781099983.646267,syn_flood
8298,1781099983.648138,normal
8299,1781099983.649834,http_flood
8300,1781099983.651217,normal
8301,1781099983.652795,syn_flood
8302,1781099983.654531,normal
8303,1781099983.656250,normal
8304,1781099983.657659,normal
8305,1781099983.658916,normal
8306,1781099983.661249,normal
8307,1781099983.663049,normal
8308,1781099983.664443,normal
8309,1781099983.665986,normal
8310,1781099983.667414,normal
8311,1781099983.669827,syn_flood
8312,1781099983.671830,normal
8313,1781099983.673480,normal
8314,1781099983.675364,normal
8315,1781099983.677286,normal
8316,1781099983.678972,normal
8317,1781099983.680548,normal
8318,1781099983.682569,http_flood
8319,1781099983.684118,normal
8320,1781099983.685489,syn_flood
8321,1781099983.687469,normal
8322,1781099983.689189,syn_flood
8323,1781099983.690627,normal
8324,1781099983.692438,normal
8325,1781099983.694246,normal
8326,1781099983.697002,normal
8327,1781099983.698448,normal
8328,1781099983.700344,normal
8329,1781099983.701648,normal
8330,1781099983.703471,normal
8331,1781099983.705223,normal
8332,1781099983.706969,normal
8333,1781099983.708794,normal
8334,1781099983.710627,udp_reflection
8335,1781099983.711985,normal
8336,1781099983.714435,normal
8337,1781099983.715732,http_flood
8338,1781099983.717734,normal
8339,1781099983.719459,normal
8340,1781099983.721011,normal
8341,1781099983.722321,syn_flood
8342,1781099983.724728,normal
8343,1781099983.726138,normal
8344,1781099983.728103,normal
8345,1781099983.729925,normal
8346,1781099983.731903,normal
8347,1781099983.733447,normal
8348,1781099983.735458,normal
8349,1781099983.737477,normal
8350,1781099983.739441,normal
8351,1781099983.740605,normal
8352,1781099983.742266,normal
8353,1781099983.743562,normal
8354,1781099983.744514,normal
8355,1781099983.746880,normal
8356,1781099983.748657,normal
8357,1781099983.750376,normal
8358,1781099983.752039,syn_flood
8359,1781099983.753119,normal
8360,1781099983.754643,normal
8361,1781099983.756386,normal
8362,1781099983.757637,normal
8363,1781099983.759850,http_flood
8364,1781099983.761055,normal
8365,1781099983.764006,syn_flood
8366,1781099983.765515,normal
8367,1781099983.766457,normal
8368,1781099983.768077,normal
8369,1781099983.769503,normal
8370,1781099983.771004,normal
8371,1781099983.772751,normal
8372,1781099983.774536,normal
8373,1781099983.776389,normal
8374,1781099983.778270,syn_flood
8375,1781099983.779712,http_flood
8376,1781099983.780755,normal
8377,1781099983.782900,normal
8378,1781099983.785109,normal
8379,1781099983.787655,normal
8380,1781099983.789113,normal
8381,1781099983.791131,syn_flood
8382,1781099983.793009,normal
8383,1781099983.794793,normal
8384,1781099983.796438,normal
8385,1781099983.797634,normal
8386,1781099983.798941,syn_flood
8387,1781099983.800443,normal
8388,1781099983.802098,normal
8389,1781099983.803713,normal
8390,1781099983.804838,normal
8391,1781099983.805998,normal
8392,1781099983.807562,normal
8393,1781099983.808886,normal
8394,1781099983.811048,normal
8395,1781099983.812469,syn_flood
8396,1781099983.814712,normal
8397,1781099983.815823,normal
8398,1781099983.817781,normal
8399,1781099983.819894,normal
8400,1781099983.822100,syn_flood
8401,1781099983.824597,udp_reflection
8402,1781099983.826851,normal
8403,1781099983.829111,normal
8404,1781099983.830520,syn_flood
8405,1781099983.832309,normal
8406,1781099983.835048,normal
8407,1781099983.836752,normal
8408,1781099983.838077,normal
8409,1781099983.839990,normal
8410,1781099983.841842,normal
8411,1781099983.843822,normal
8412,1781099983.845931,normal
8413,1781099983.847174,normal
8414,1781099983.848833,syn_flood
8415,1781099983.850355,normal
8416,1781099983.852366,normal
8417,1781099983.854453,normal
8418,1781099983.856929,normal
8419,1781099983.858577,normal
8420,1781099983.860281,normal
8421,1781099983.861575,syn_flood
8422,1781099983.863020,normal
8423,1781099983.864646,syn_flood
8424,1781099983.866802,normal
8425,1781099983.868788,normal
8426,1781099983.870435,normal
8427,1781099983.872545,normal
8428,1781099983.873985,normal
8429,1781099983.875501,syn_flood
8430,1781099983.877319,normal
8431,1781099983.879573,normal
8432,1781099983.881602,normal
8433,1781099983.883181,normal
8434,1781099983.885129,normal
8435,1781099983.886153,normal
8436,1781099983.887255,normal
8437,1781099983.889500,syn_flood
8438,1781099983.891188,normal
8439,1781099983.892783,normal
8440,1781099983.894790,normal
8441,1781099983.896060,normal
8442,1781099983.897423,normal
8443,1781099983.898890,normal
8444,1781099983.900646,normal
8445,1781099983.901838,normal
8446,1781099983.903218,http_flood
8447,1781099983.904402,normal
8448,1781099983.905939,normal
8449,1781099983.907979,syn_flood
8450,1781099983.910480,normal
8451,1781099983.911859,normal
8452,1781099983.913420,normal
8453,1781099983.914672,normal
8454,1781099983.917088,normal
8455,1781099983.918209,normal
8456,1781099983.920533,normal
8457,1781099983.921955,normal
8458,1781099983.923090,normal
8459,1781099983.925033,normal
8460,1781099983.926988,normal
8461,1781099983.928054,normal
8462,1781099983.930165,normal
8463,1781099983.931589,normal
8464,1781099983.933605,normal
8465,1781099983.935921,normal
8466,1781099983.937490,normal
8467,1781099983.939438,normal
8468,1781099983.941216,normal
8469,1781099983.943047,normal
8470,1781099983.944682,normal
8471,1781099983.946562,syn_flood
8472,1781099983.948536,normal
8473,1781099983.949788,normal
8474,1781099983.951702,http_flood
8475,1781099983.953806,normal
8476,1781099983.955027,normal
8477,1781099983.957216,normal
8478,1781099983.958986,syn_flood
8479,1781099983.960882,syn_flood
8480,1781099983.962708,normal
8481,1781099983.964372,normal
8482,1781099983.965843,syn_flood
8483,1781099983.967741,normal
8484,1781099983.970127,normal
8485,1781099983.971399,normal
8486,1781099983.972976,normal
8487,1781099983.974771,normal
8488,1781099983.976133,normal
8489,1781099983.977783,syn_flood
8490,1781099983.979383,normal
8491,1781099983.980737,syn_flood
8492,1781099983.981998,normal
8493,1781099983.983710,normal
8494,1781099983.985531,normal
8495,1781099983.987665,normal
8496,1781099983.990015,normal
8497,1781099983.991541,normal
8498,1781099983.992904,syn_flood
8499,1781099983.994144,normal
8500,1781099983.995327,normal
8501,1781099983.997035,syn_flood
8502,1781099983.998769,udp_reflection
8503,1781099984.000106,normal
8504,1781099984.002688,normal
8505,1781099984.004494,syn_flood
8506,1781099984.006096,syn_flood
8507,1781099984.007845,normal
8508,1781099984.009999,normal
8509,1781099984.011235,normal
8510,1781099984.013612,normal
8511,1781099984.015423,normal
8512,1781099984.016998,syn_flood
8513,1781099984.019299,normal
8514,1781099984.021361,normal
8515,1781099984.022775,udp_reflection
8516,1781099984.024672,normal
8517,1781099984.026398,normal
8518,1781099984.028040,normal
8519,1781099984.029870,normal
8520,1781099984.031594,syn_flood
8521,1781099984.033154,syn_flood
8522,1781099984.034614,normal
8523,1781099984.036461,normal
8524,1781099984.038747,normal
8525,1781099984.040960,normal
8526,1781099984.042440,normal
8527,1781099984.044072,normal
8528,1781099984.045702,syn_flood
8529,1781099984.047407,normal
8530,1781099984.048714,normal
8531,1781099984.050483,normal
8532,1781099984.051864,normal
8533,1781099984.053399,normal
8534,1781099984.055081,normal
8535,1781099984.056539,normal
8536,1781099984.058247,normal
8537,1781099984.060404,normal
8538,1781099984.061628,normal
8539,1781099984.063053,normal
8540,1781099984.064289,normal
8541,1781099984.065747,normal
8542,1781099984.067742,normal
8543,1781099984.068938,normal
8544,1781099984.071653,syn_flood
8545,1781099984.074043,syn_flood
8546,1781099984.075855,normal
8547,1781099984.077412,normal
8548,1781099984.079923,normal
8549,1781099984.081823,normal
8550,1781099984.083741,normal
8551,1781099984.085604,syn_flood
8552,1781099984.087505,syn_flood
8553,1781099984.087895,syn_flood
8554,1781099984.088446,syn_flood
8555,1781099984.088855,udp_reflection
8556,1781099984.089395,syn_flood
8557,1781099984.090015,syn_flood
8558,1781099984.090581,syn_flood
8559,1781099984.091111,normal
8560,1781099984.091744,normal
8561,1781099984.092210,normal
8562,1781099984.092895,normal
8563,1781099984.093333,syn_flood
8564,1781099984.094172,http_flood
8565,1781099984.094908,normal
8566,1781099984.095454,normal
8567,1781099984.096005,syn_flood
8568,1781099984.096711,normal
8569,1781099984.097404,syn_flood
8570,1781099984.097862,syn_flood
8571,1781099984.098437,syn_flood
8572,1781099984.099159,syn_flood
8573,1781099984.099517,syn_flood
8574,1781099984.100045,syn_flood
8575,1781099984.100470,normal
8576,1781099984.100840,normal
8577,1781099984.101200,syn_flood
8578,1781099984.101614,syn_flood
8579,1781099984.102173,http_flood
8580,1781099984.102705,syn_flood
8581,1781099984.103267,syn_flood
8582,1781099984.103859,syn_flood
8583,1781099984.104634,syn_flood
8584,1781099984.105047,syn_flood
8585,1781099984.105525,http_flood
8586,1781099984.106059,syn_flood
8587,1781099984.106399,syn_flood
8588,1781099984.106929,normal
8589,1781099984.107382,syn_flood
8590,1781099984.107979,normal
8591,1781099984.108612,syn_flood
8592,1781099984.109016,syn_flood
8593,1781099984.109887,normal
8594,1781099984.110660,syn_flood
8595,1781099984.111228,syn_flood
8596,1781099984.111737,udp_reflection
8597,1781099984.112316,normal
8598,1781099984.112814,http_flood
8599,1781099984.113369,udp_reflection
8600,1781099984.113803,http_flood
8601,1781099984.114191,syn_flood
8602,1781099984.114752,udp_reflection
8603,1781099984.115195,normal
8604,1781099984.115673,http_flood
8605,1781099984.116152,syn_flood
8606,1781099984.116684,syn_flood
8607,1781099984.117249,syn_flood
8608,1781099984.117924,syn_flood
8609,1781099984.118353,syn_flood
8610,1781099984.118832,syn_flood
8611,1781099984.119364,syn_flood
8612,1781099984.120102,syn_flood
8613,1781099984.120561,udp_reflection
8614,1781099984.121259,udp_reflection
8615,1781099984.121792,syn_flood
8616,1781099984.122267,syn_flood
8617,1781099984.123110,syn_flood
8618,1781099984.123769,udp_reflection
8619,1781099984.124424,normal
8620,1781099984.125017,syn_flood
8621,1781099984.125458,http_flood
8622,1781099984.125956,udp_reflection
8623,1781099984.126506,syn_flood
8624,1781099984.127021,syn_flood
8625,1781099984.127486,http_flood
8626,1781099984.128130,syn_flood
8627,1781099984.128691,syn_flood
8628,1781099984.129320,syn_flood
8629,1781099984.129747,udp_reflection
8630,1781099984.130204,normal
8631,1781099984.130717,udp_reflection
8632,1781099984.131159,syn_flood
8633,1781099984.131659,udp_reflection
8634,1781099984.132159,syn_flood
8635,1781099984.132967,syn_flood
8636,1781099984.133492,syn_flood
8637,1781099984.133939,syn_flood
8638,1781099984.134279,syn_flood
8639,1781099984.134681,syn_flood
8640,1781099984.135229,normal
8641,1781099984.135798,syn_flood
8642,1781099984.136257,syn_flood
8643,1781099984.136775,syn_flood
8644,1781099984.137584,http_flood
8645,1781099984.138292,syn_flood
8646,1781099984.138690,normal
8647,1781099984.139051,syn_flood
8648,1781099984.139489,syn_flood
8649,1781099984.139940,http_flood
8650,1781099984.140383,udp_reflection
8651,1781099984.140841,udp_reflection
8652,1781099984.141419,http_flood
8653,1781099984.142029,syn_flood
8654,1781099984.142567,syn_flood
8655,1781099984.143171,syn_flood
8656,1781099984.143677,syn_flood
8657,1781099984.144336,syn_flood
8658,1781099984.144960,syn_flood
8659,1781099984.145527,syn_flood
8660,1781099984.145999,syn_flood
8661,1781099984.146725,syn_flood
8662,1781099984.147240,http_flood
8663,1781099984.147800,syn_flood
8664,1781099984.148251,syn_flood
8665,1781099984.148725,syn_flood
8666,1781099984.149148,syn_flood
8667,1781099984.149797,syn_flood
8668,1781099984.150294,syn_flood
8669,1781099984.150859,syn_flood
8670,1781099984.151434,normal
8671,1781099984.151854,syn_flood
8672,1781099984.152542,udp_reflection
8673,1781099984.153059,syn_flood
8674,1781099984.153584,syn_flood
8675,1781099984.154155,syn_flood
8676,1781099984.154596,normal
8677,1781099984.154979,syn_flood
8678,1781099984.155507,normal
8679,1781099984.156034,syn_flood
8680,1781099984.156481,normal
8681,1781099984.157053,udp_reflection
8682,1781099984.157660,normal
8683,1781099984.158346,syn_flood
8684,1781099984.158805,http_flood
8685,1781099984.159292,normal
8686,1781099984.159679,syn_flood
8687,1781099984.160013,udp_reflection
8688,1781099984.160498,syn_flood
8689,1781099984.160950,syn_flood
8690,1781099984.161306,normal
8691,1781099984.161878,http_flood
8692,1781099984.162292,syn_flood
8693,1781099984.162786,syn_flood
8694,1781099984.163126,udp_reflection
8695,1781099984.163687,syn_flood
8696,1781099984.164271,syn_flood
8697,1781099984.165054,normal
8698,1781099984.165535,syn_flood
8699,1781099984.166198,syn_flood
8700,1781099984.166847,syn_flood
8701,1781099984.167261,syn_flood
8702,1781099984.167621,syn_flood
8703,1781099984.168883,udp_reflection
8704,1781099984.169362,syn_flood
8705,1781099984.169860,udp_reflection
8706,1781099984.170412,syn_flood
8707,1781099984.170855,normal
8708,1781099984.171331,syn_flood
8709,1781099984.171895,syn_flood
8710,1781099984.172547,syn_flood
8711,1781099984.173024,http_flood
8712,1781099984.173644,udp_reflection
8713,1781099984.174217,http_flood
8714,1781099984.174787,syn_flood
8715,1781099984.175097,syn_flood
8716,1781099984.175552,normal
8717,1781099984.176211,syn_flood
8718,1781099984.176732,syn_flood
8719,1781099984.177206,syn_flood
8720,1781099984.177703,http_flood
8721,1781099984.178145,syn_flood
8722,1781099984.178649,syn_flood
8723,1781099984.179200,udp_reflection
8724,1781099984.179608,normal
8725,1781099984.179972,normal
8726,1781099984.180334,udp_reflection
8727,1781099984.180791,syn_flood
8728,1781099984.181329,udp_reflection
8729,1781099984.181680,normal
8730,1781099984.182382,syn_flood
8731,1781099984.182943,syn_flood
8732,1781099984.183309,syn_flood
8733,1781099984.183643,http_flood
8734,1781099984.184109,syn_flood
8735,1781099984.184470,syn_flood
8736,1781099984.184986,syn_flood
8737,1781099984.185478,normal
8738,1781099984.185944,normal
8739,1781099984.186295,udp_reflection
8740,1781099984.186722,udp_reflection
8741,1781099984.187342,syn_flood
8742,1781099984.187851,http_flood
8743,1781099984.188348,udp_reflection
8744,1781099984.188638,udp_reflection
8745,1781099984.189086,syn_flood
8746,1781099984.189721,udp_reflection
8747,1781099984.190274,syn_flood
8748,1781099984.190930,syn_flood
8749,1781099984.191399,http_flood
8750,1781099984.192183,http_flood
8751,1781099984.192538,syn_flood
8752,1781099984.193064,udp_reflection
8753,1781099984.193535,syn_flood
8754,1781099984.193989,syn_flood
8755,1781099984.194455,normal
8756,1781099984.194875,http_flood
8757,1781099984.195430,syn_flood
8758,1781099984.196020,syn_flood
8759,1781099984.196759,syn_flood
8760,1781099984.197188,normal
8761,1781099984.197710,http_flood
8762,1781099984.198344,syn_flood
8763,1781099984.199144,normal
8764,1781099984.199611,syn_flood
8765,1781099984.200217,syn_flood
8766,1781099984.200792,normal
8767,1781099984.201511,http_flood
8768,1781099984.202067,http_flood
8769,1781099984.202428,syn_flood
8770,1781099984.203142,syn_flood
8771,1781099984.203858,syn_flood
8772,1781099984.204289,syn_flood
8773,1781099984.204818,normal
8774,1781099984.205419,syn_flood
8775,1781099984.205967,syn_flood
8776,1781099984.206358,http_flood
8777,1781099984.206861,syn_flood
8778,1781099984.207863,normal
8779,1781099984.208358,http_flood
8780,1781099984.208627,syn_flood
8781,1781099984.208985,syn_flood
8782,1781099984.209514,syn_flood
8783,1781099984.209895,normal
8784,1781099984.210377,udp_reflection
8785,1781099984.210957,syn_flood
8786,1781099984.211442,syn_flood
8787,1781099984.211963,http_flood
8788,1781099984.212485,http_flood
8789,1781099984.213064,syn_flood
8790,1781099984.213478,udp_reflection
8791,1781099984.213974,normal
8792,1781099984.214399,http_flood
8793,1781099984.214948,normal
8794,1781099984.215348,normal
8795,1781099984.215892,syn_flood
8796,1781099984.216421,syn_flood
8797,1781099984.216941,syn_flood
8798,1781099984.217314,http_flood
8799,1781099984.217918,syn_flood
8800,1781099984.218571,syn_flood
8801,1781099984.219172,syn_flood
8802,1781099984.220275,syn_flood
8803,1781099984.221041,syn_flood
8804,1781099984.221735,syn_flood
8805,1781099984.222134,udp_reflection
8806,1781099984.222501,syn_flood
8807,1781099984.223025,syn_flood
8808,1781099984.223675,syn_flood
8809,1781099984.224151,normal
8810,1781099984.224704,normal
8811,1781099984.225200,udp_reflection
8812,1781099984.225677,syn_flood
8813,1781099984.226367,syn_flood
8814,1781099984.227085,normal
8815,1781099984.227487,syn_flood
8816,1781099984.227921,syn_flood
8817,1781099984.228438,http_flood
8818,1781099984.228947,http_flood
8819,1781099984.229578,syn_flood
8820,1781099984.230098,syn_flood
8821,1781099984.230590,syn_flood
8822,1781099984.231201,syn_flood
8823,1781099984.231776,normal
8824,1781099984.232348,syn_flood
8825,1781099984.232917,http_flood
8826,1781099984.233354,syn_flood
8827,1781099984.234064,syn_flood
8828,1781099984.234594,http_flood
8829,1781099984.235185,normal
8830,1781099984.235641,http_flood
8831,1781099984.236287,normal
8832,1781099984.236865,normal
8833,1781099984.237416,udp_reflection
8834,1781099984.238332,normal
8835,1781099984.238787,udp_reflection
8836,1781099984.239261,syn_flood
8837,1781099984.239656,normal
8838,1781099984.240021,normal
8839,1781099984.240630,udp_reflection
8840,1781099984.241592,syn_flood
8841,1781099984.242208,syn_flood
8842,1781099984.242712,syn_flood
8843,1781099984.243307,syn_flood
8844,1781099984.243698,syn_flood
8845,1781099984.244145,normal
8846,1781099984.244592,syn_flood
8847,1781099984.245142,udp_reflection
8848,1781099984.245692,udp_reflection
8849,1781099984.246139,http_flood
8850,1781099984.246626,syn_flood
8851,1781099984.247229,syn_flood
8852,1781099984.247753,normal
8853,1781099984.248231,udp_reflection
8854,1781099984.248833,syn_flood
8855,1781099984.249223,syn_flood
8856,1781099984.249585,syn_flood
8857,1781099984.250189,syn_flood
8858,1781099984.250484,syn_flood
8859,1781099984.251010,syn_flood
8860,1781099984.251529,syn_flood
8861,1781099984.252284,normal
8862,1781099984.252892,syn_flood
8863,1781099984.253565,syn_flood
8864,1781099984.254145,udp_reflection
8865,1781099984.254559,normal
8866,1781099984.255054,normal
8867,1781099984.255396,syn_flood
8868,1781099984.255893,syn_flood
8869,1781099984.256303,syn_flood
8870,1781099984.256672,http_flood
8871,1781099984.257361,syn_flood
8872,1781099984.257928,normal
8873,1781099984.258454,syn_flood
8874,1781099984.258830,udp_reflection
8875,1781099984.259402,http_flood
8876,1781099984.259990,syn_flood
8877,1781099984.260370,udp_reflection
8878,1781099984.260849,syn_flood
8879,1781099984.261380,http_flood
8880,1781099984.261948,syn_flood
8881,1781099984.262605,syn_flood
8882,1781099984.263034,syn_flood
8883,1781099984.263489,syn_flood
8884,1781099984.263904,syn_flood
8885,1781099984.264369,syn_flood
8886,1781099984.264871,syn_flood
8887,1781099984.265671,udp_reflection
8888,1781099984.266175,syn_flood
8889,1781099984.266659,syn_flood
8890,1781099984.267285,syn_flood
8891,1781099984.267693,syn_flood
8892,1781099984.268293,udp_reflection
8893,1781099984.268891,udp_reflection
8894,1781099984.269561,syn_flood
8895,1781099984.270291,udp_reflection
8896,1781099984.270756,syn_flood
8897,1781099984.271285,syn_flood
8898,1781099984.271839,udp_reflection
8899,1781099984.272229,syn_flood
8900,1781099984.272788,syn_flood
8901,1781099984.273108,udp_reflection
8902,1781099984.273546,syn_flood
8903,1781099984.274139,syn_flood
8904,1781099984.274484,syn_flood
8905,1781099984.274940,syn_flood
8906,1781099984.275307,syn_flood
8907,1781099984.275878,syn_flood
8908,1781099984.276436,syn_flood
8909,1781099984.277014,http_flood
8910,1781099984.277493,syn_flood
8911,1781099984.277964,http_flood
8912,1781099984.278365,syn_flood
8913,1781099984.278890,udp_reflection
8914,1781099984.279358,udp_reflection
8915,1781099984.279814,syn_flood
8916,1781099984.280335,syn_flood
8917,1781099984.280805,udp_reflection
8918,1781099984.281385,syn_flood
8919,1781099984.281913,syn_flood
8920,1781099984.282474,syn_flood
8921,1781099984.283160,syn_flood
8922,1781099984.283730,syn_flood
8923,1781099984.284431,normal
8924,1781099984.284889,syn_flood
8925,1781099984.285359,syn_flood
8926,1781099984.285666,udp_reflection
8927,1781099984.286144,normal
8928,1781099984.286729,syn_flood
8929,1781099984.287194,syn_flood
8930,1781099984.287680,syn_flood
8931,1781099984.288097,syn_flood
8932,1781099984.288531,syn_flood
8933,1781099984.288872,http_flood
8934,1781099984.289491,syn_flood
8935,1781099984.290068,syn_flood
8936,1781099984.290495,syn_flood
8937,1781099984.290963,normal
8938,1781099984.291536,normal
8939,1781099984.292127,udp_reflection
8940,1781099984.292643,syn_flood
8941,1781099984.293081,syn_flood
8942,1781099984.293697,syn_flood
8943,1781099984.294391,normal
8944,1781099984.294683,syn_flood
8945,1781099984.295320,normal
8946,1781099984.295860,udp_reflection
8947,1781099984.296353,http_flood
8948,1781099984.296924,syn_flood
8949,1781099984.297668,normal
8950,1781099984.298108,udp_reflection
8951,1781099984.298488,udp_reflection
8952,1781099984.299112,syn_flood
8953,1781099984.299550,syn_flood
8954,1781099984.300070,syn_flood
8955,1781099984.300525,normal
8956,1781099984.300922,normal
8957,1781099984.301299,normal
8958,1781099984.301788,syn_flood
8959,1781099984.302277,syn_flood
8960,1781099984.302701,normal
8961,1781099984.303241,udp_reflection
8962,1781099984.303793,syn_flood
8963,1781099984.304381,syn_flood
8964,1781099984.304888,syn_flood
8965,1781099984.305398,syn_flood
8966,1781099984.305744,http_flood
8967,1781099984.306411,syn_flood
8968,1781099984.307051,syn_flood
8969,1781099984.307383,syn_flood
8970,1781099984.308151,syn_flood
8971,1781099984.308636,syn_flood
8972,1781099984.309050,normal
8973,1781099984.309509,udp_reflection
8974,1781099984.310342,syn_flood
8975,1781099984.310810,normal
8976,1781099984.311474,udp_reflection
8977,1781099984.311869,syn_flood
8978,1781099984.312392,syn_flood
8979,1781099984.312945,http_flood
8980,1781099984.313344,syn_flood
8981,1781099984.314054,syn_flood
8982,1781099984.314494,syn_flood
8983,1781099984.314923,http_flood
8984,1781099984.315402,syn_flood
8985,1781099984.315790,syn_flood
8986,1781099984.316254,normal
8987,1781099984.316870,udp_reflection
8988,1781099984.317294,syn_flood
8989,1781099984.317842,syn_flood
8990,1781099984.318253,syn_flood
8991,1781099984.318714,udp_reflection
8992,1781099984.319215,syn_flood
8993,1781099984.319732,syn_flood
8994,1781099984.320121,syn_flood
8995,1781099984.320784,syn_flood
8996,1781099984.321266,syn_flood
8997,1781099984.321963,normal
8998,1781099984.322505,normal
8999,1781099984.323110,syn_flood
9000,1781099984.323637,udp_reflection
9001,1781099984.324281,http_flood
9002,1781099984.324703,syn_flood
9003,1781099984.325287,syn_flood
9004,1781099984.325952,http_flood
9005,1781099984.326471,syn_flood
9006,1781099984.327103,udp_reflection
9007,1781099984.327910,http_flood
9008,1781099984.328408,normal
9009,1781099984.329241,syn_flood
9010,1781099984.329946,syn_flood
9011,1781099984.330329,syn_flood
9012,1781099984.330963,normal
9013,1781099984.331528,syn_flood
9014,1781099984.331931,normal
9015,1781099984.332446,syn_flood
9016,1781099984.333010,normal
9017,1781099984.333555,udp_reflection
9018,1781099984.334332,syn_flood
9019,1781099984.334944,udp_reflection
9020,1781099984.335323,syn_flood
9021,1781099984.335945,syn_flood
9022,1781099984.336508,syn_flood
9023,1781099984.337311,http_flood
9024,1781099984.337708,udp_reflection
9025,1781099984.338187,normal
9026,1781099984.338712,normal
9027,1781099984.339288,syn_flood
9028,1781099984.339818,normal
9029,1781099984.340432,syn_flood
9030,1781099984.340952,syn_flood
9031,1781099984.341441,syn_flood
9032,1781099984.341965,normal
9033,1781099984.342683,syn_flood
9034,1781099984.343223,syn_flood
9035,1781099984.343784,syn_flood
9036,1781099984.344237,normal
9037,1781099984.344917,udp_reflection
9038,1781099984.345338,syn_flood
9039,1781099984.346020,syn_flood
9040,1781099984.346802,normal
9041,1781099984.347269,syn_flood
9042,1781099984.347727,udp_reflection
9043,1781099984.348609,http_flood
9044,1781099984.348905,syn_flood
9045,1781099984.349327,syn_flood
9046,1781099984.350080,udp_reflection
9047,1781099984.350668,syn_flood
9048,1781099984.351232,syn_flood
9049,1781099984.351698,syn_flood
9050,1781099984.352026,syn_flood
9051,1781099984.352508,syn_flood
9052,1781099984.353063,syn_flood
9053,1781099984.353437,syn_flood
9054,1781099984.353888,udp_reflection
9055,1781099984.354486,normal
9056,1781099984.354836,syn_flood
9057,1781099984.355271,normal
9058,1781099984.355874,syn_flood
9059,1781099984.356475,normal
9060,1781099984.357049,http_flood
9061,1781099984.357498,syn_flood
9062,1781099984.358031,syn_flood
9063,1781099984.358393,syn_flood
9064,1781099984.358938,http_flood
9065,1781099984.359333,http_flood
9066,1781099984.359696,syn_flood
9067,1781099984.360254,http_flood
9068,1781099984.360965,normal
9069,1781099984.361363,udp_reflection
9070,1781099984.362268,syn_flood
9071,1781099984.362904,syn_flood
9072,1781099984.363586,udp_reflection
9073,1781099984.364126,udp_reflection
9074,1781099984.364523,syn_flood
9075,1781099984.365082,normal
9076,1781099984.365538,http_flood
9077,1781099984.366161,normal
9078,1781099984.366760,http_flood
9079,1781099984.367282,syn_flood
9080,1781099984.367743,http_flood
9081,1781099984.368137,normal
9082,1781099984.368818,syn_flood
9083,1781099984.369340,normal
9084,1781099984.369936,normal
9085,1781099984.370592,normal
9086,1781099984.371218,syn_flood
9087,1781099984.371675,normal
9088,1781099984.372159,udp_reflection
9089,1781099984.372632,syn_flood
9090,1781099984.373182,udp_reflection
9091,1781099984.373710,normal
9092,1781099984.374041,normal
9093,1781099984.374722,udp_reflection
9094,1781099984.375393,syn_flood
9095,1781099984.376065,syn_flood
9096,1781099984.376572,http_flood
9097,1781099984.377031,http_flood
9098,1781099984.377748,syn_flood
9099,1781099984.378190,http_flood
9100,1781099984.378697,syn_flood
9101,1781099984.379104,syn_flood
9102,1781099984.379648,normal
9103,1781099984.380329,normal
9104,1781099984.380831,syn_flood
9105,1781099984.381325,syn_flood
9106,1781099984.381906,syn_flood
9107,1781099984.382408,normal
9108,1781099984.382983,udp_reflection
9109,1781099984.383370,http_flood
9110,1781099984.384015,syn_flood
9111,1781099984.384546,syn_flood
9112,1781099984.385057,normal
9113,1781099984.385572,syn_flood
9114,1781099984.386132,normal
9115,1781099984.386595,syn_flood
9116,1781099984.387100,http_flood
9117,1781099984.387549,syn_flood
9118,1781099984.388077,normal
9119,1781099984.388903,http_flood
9120,1781099984.389543,syn_flood
9121,1781099984.389897,udp_reflection
9122,1781099984.390647,normal
9123,1781099984.391259,normal
9124,1781099984.392009,syn_flood
9125,1781099984.392879,normal
9126,1781099984.393340,syn_flood
9127,1781099984.393961,syn_flood
9128,1781099984.394653,syn_flood
9129,1781099984.395387,udp_reflection
9130,1781099984.395724,normal
9131,1781099984.396215,http_flood
9132,1781099984.396758,syn_flood
9133,1781099984.397261,syn_flood
9134,1781099984.397776,normal
9135,1781099984.398238,udp_reflection
9136,1781099984.398619,udp_reflection
9137,1781099984.399076,udp_reflection
9138,1781099984.399625,syn_flood
9139,1781099984.400152,syn_flood
9140,1781099984.400663,syn_flood
9141,1781099984.401194,http_flood
9142,1781099984.401655,syn_flood
9143,1781099984.402085,syn_flood
9144,1781099984.402880,syn_flood
9145,1781099984.403467,http_flood
9146,1781099984.404120,http_flood
9147,1781099984.404752,syn_flood
9148,1781099984.405212,syn_flood
9149,1781099984.405791,normal
9150,1781099984.406375,syn_flood
9151,1781099984.406748,syn_flood
9152,1781099984.407397,syn_flood
9153,1781099984.407847,syn_flood
9154,1781099984.408244,syn_flood
9155,1781099984.408861,syn_flood
9156,1781099984.409363,syn_flood
9157,1781099984.409788,syn_flood
9158,1781099984.410232,syn_flood
9159,1781099984.410763,normal
9160,1781099984.411308,syn_flood
9161,1781099984.411672,udp_reflection
9162,1781099984.412097,syn_flood
9163,1781099984.412662,syn_flood
9164,1781099984.413207,syn_flood
9165,1781099984.413752,normal
9166,1781099984.414139,syn_flood
9167,1781099984.414906,udp_reflection
9168,1781099984.415646,syn_flood
9169,1781099984.416016,syn_flood
9170,1781099984.416605,normal
9171,1781099984.417150,normal
9172,1781099984.417584,syn_flood
9173,1781099984.418272,udp_reflection
9174,1781099984.418831,syn_flood
9175,1781099984.419333,syn_flood
9176,1781099984.419835,syn_flood
9177,1781099984.420156,syn_flood
9178,1781099984.420604,syn_flood
9179,1781099984.421292,normal
9180,1781099984.421972,http_flood
9181,1781099984.422460,http_flood
9182,1781099984.423035,normal
9183,1781099984.423643,http_flood
9184,1781099984.424201,syn_flood
9185,1781099984.424746,syn_flood
9186,1781099984.425135,http_flood
9187,1781099984.425617,normal
9188,1781099984.426095,syn_flood
9189,1781099984.426598,udp_reflection
9190,1781099984.426976,normal
9191,1781099984.427592,http_flood
9192,1781099984.428206,syn_flood
9193,1781099984.428720,syn_flood
9194,1781099984.429273,http_flood
9195,1781099984.429683,syn_flood
9196,1781099984.430221,udp_reflection
9197,1781099984.430692,syn_flood
9198,1781099984.431168,syn_flood
9199,1781099984.431567,udp_reflection
9200,1781099984.432131,syn_flood
9201,1781099984.432621,normal
9202,1781099984.433114,syn_flood
9203,1781099984.433443,syn_flood
9204,1781099984.433945,udp_reflection
9205,1781099984.434525,http_flood
9206,1781099984.435323,udp_reflection
9207,1781099984.436107,syn_flood
9208,1781099984.436599,normal
9209,1781099984.437135,syn_flood
9210,1781099984.437888,syn_flood
9211,1781099984.438624,normal
9212,1781099984.439218,udp_reflection
9213,1781099984.439833,syn_flood
9214,1781099984.440287,syn_flood
9215,1781099984.441052,http_flood
9216,1781099984.441735,normal
9217,1781099984.442296,http_flood
9218,1781099984.442818,syn_flood
9219,1781099984.443232,udp_reflection
9220,1781099984.443603,syn_flood
9221,1781099984.444206,syn_flood
9222,1781099984.444658,syn_flood
9223,1781099984.445195,syn_flood
9224,1781099984.445764,udp_reflection
9225,1781099984.446383,syn_flood
9226,1781099984.446974,normal
9227,1781099984.447459,normal
9228,1781099984.447880,http_flood
9229,1781099984.448495,normal
9230,1781099984.449130,syn_flood
9231,1781099984.449529,syn_flood
9232,1781099984.450240,syn_flood
9233,1781099984.450577,syn_flood
9234,1781099984.451170,http_flood
9235,1781099984.451693,syn_flood
9236,1781099984.452084,syn_flood
9237,1781099984.452672,udp_reflection
9238,1781099984.453047,http_flood
9239,1781099984.453407,syn_flood
9240,1781099984.453827,syn_flood
9241,1781099984.454202,syn_flood
9242,1781099984.454650,syn_flood
9243,1781099984.455050,normal
9244,1781099984.455596,normal
9245,1781099984.456147,normal
9246,1781099984.456667,normal
9247,1781099984.457070,normal
9248,1781099984.457458,udp_reflection
9249,1781099984.457803,syn_flood
9250,1781099984.458530,syn_flood
9251,1781099984.459199,udp_reflection
9252,1781099984.459626,udp_reflection
9253,1781099984.460184,syn_flood
9254,1781099984.460934,syn_flood
9255,1781099984.461655,http_flood
9256,1781099984.462097,http_flood
9257,1781099984.462509,udp_reflection
9258,1781099984.463000,syn_flood
9259,1781099984.463423,http_flood
9260,1781099984.463967,syn_flood
9261,1781099984.464402,udp_reflection
9262,1781099984.465031,syn_flood
9263,1781099984.465769,normal
9264,1781099984.466233,normal
9265,1781099984.466669,udp_reflection
9266,1781099984.467392,normal
9267,1781099984.467793,syn_flood
9268,1781099984.468359,http_flood
9269,1781099984.469022,http_flood
9270,1781099984.469734,syn_flood
9271,1781099984.470207,udp_reflection
9272,1781099984.471047,syn_flood
9273,1781099984.471764,syn_flood
9274,1781099984.472142,syn_flood
9275,1781099984.472601,syn_flood
9276,1781099984.473191,normal
9277,1781099984.473749,syn_flood
9278,1781099984.474116,syn_flood
9279,1781099984.474612,syn_flood
9280,1781099984.475112,syn_flood
9281,1781099984.475627,syn_flood
9282,1781099984.476136,syn_flood
9283,1781099984.476482,syn_flood
9284,1781099984.477119,syn_flood
9285,1781099984.477502,syn_flood
9286,1781099984.478302,normal
9287,1781099984.478607,normal
9288,1781099984.479133,udp_reflection
9289,1781099984.479759,http_flood
9290,1781099984.480215,normal
9291,1781099984.480633,syn_flood
9292,1781099984.481059,syn_flood
9293,1781099984.481511,normal
9294,1781099984.482081,syn_flood
9295,1781099984.482449,syn_flood
9296,1781099984.482939,syn_flood
9297,1781099984.483355,syn_flood
9298,1781099984.484016,syn_flood
9299,1781099984.484517,syn_flood
9300,1781099984.484959,syn_flood
9301,1781099984.485484,syn_flood
9302,1781099984.485790,syn_flood
9303,1781099984.486246,http_flood
9304,1781099984.486720,http_flood
9305,1781099984.487248,syn_flood
9306,1781099984.487945,normal
9307,1781099984.488432,http_flood
9308,1781099984.488807,syn_flood
9309,1781099984.489442,normal
9310,1781099984.489936,syn_flood
9311,1781099984.490520,syn_flood
9312,1781099984.491032,syn_flood
9313,1781099984.491660,syn_flood
9314,1781099984.492213,normal
9315,1781099984.492828,http_flood
9316,1781099984.493309,syn_flood
9317,1781099984.493658,udp_reflection
9318,1781099984.494150,syn_flood
9319,1781099984.494674,syn_flood
9320,1781099984.495136,http_flood
9321,1781099984.495688,udp_reflection
9322,1781099984.496427,syn_flood
9323,1781099984.497118,normal
9324,1781099984.497533,syn_flood
9325,1781099984.497955,syn_flood
9326,1781099984.498496,syn_flood
9327,1781099984.498970,normal
9328,1781099984.499777,normal
9329,1781099984.500349,syn_flood
9330,1781099984.500833,syn_flood
9331,1781099984.501244,http_flood
9332,1781099984.501866,http_flood
9333,1781099984.502443,syn_flood
9334,1781099984.502933,syn_flood
9335,1781099984.503473,http_flood
9336,1781099984.503992,syn_flood
9337,1781099984.504486,syn_flood
9338,1781099984.504962,http_flood
9339,1781099984.505399,syn_flood
9340,1781099984.506132,normal
9341,1781099984.506661,normal
9342,1781099984.507101,syn_flood
9343,1781099984.507557,syn_flood
9344,1781099984.507977,normal
9345,1781099984.508529,normal
9346,1781099984.508985,syn_flood
9347,1781099984.509499,syn_flood
9348,1781099984.509948,syn_flood
9349,1781099984.510609,syn_flood
9350,1781099984.511165,normal
9351,1781099984.511579,http_flood
9352,1781099984.512061,syn_flood
9353,1781099984.512474,http_flood
9354,1781099984.513173,syn_flood
9355,1781099984.513765,normal
9356,1781099984.514354,syn_flood
9357,1781099984.514841,http_flood
9358,1781099984.515180,syn_flood
9359,1781099984.515629,normal
9360,1781099984.516062,syn_flood
9361,1781099984.516547,udp_reflection
9362,1781099984.517021,syn_flood
9363,1781099984.517619,http_flood
9364,1781099984.518190,udp_reflection
9365,1781099984.518856,syn_flood
9366,1781099984.519183,syn_flood
9367,1781099984.519758,syn_flood
9368,1781099984.520509,syn_flood
9369,1781099984.521000,normal
9370,1781099984.521586,udp_reflection
9371,1781099984.522011,syn_flood
9372,1781099984.522442,syn_flood
9373,1781099984.523285,syn_flood
9374,1781099984.523720,syn_flood
9375,1781099984.524250,syn_flood
9376,1781099984.524827,udp_reflection
9377,1781099984.525661,syn_flood
9378,1781099984.526310,syn_flood
9379,1781099984.526773,syn_flood
9380,1781099984.527297,normal
9381,1781099984.527712,syn_flood
9382,1781099984.528184,syn_flood
9383,1781099984.528780,syn_flood
9384,1781099984.529345,http_flood
9385,1781099984.529862,syn_flood
9386,1781099984.530330,syn_flood
9387,1781099984.531020,normal
9388,1781099984.531494,syn_flood
9389,1781099984.532255,syn_flood
9390,1781099984.532827,syn_flood
9391,1781099984.533246,normal
9392,1781099984.533822,syn_flood
9393,1781099984.534291,syn_flood
9394,1781099984.534858,syn_flood
9395,1781099984.535505,syn_flood
9396,1781099984.536111,http_flood
9397,1781099984.536533,normal
9398,1781099984.536929,syn_flood
9399,1781099984.537553,syn_flood
9400,1781099984.538072,normal
9401,1781099984.538761,udp_reflection
9402,1781099984.539314,syn_flood
9403,1781099984.539819,syn_flood
9404,1781099984.540321,udp_reflection
9405,1781099984.540735,normal
9406,1781099984.541093,syn_flood
9407,1781099984.541874,http_flood
9408,1781099984.542517,normal
9409,1781099984.543147,udp_reflection
9410,1781099984.543691,normal
9411,1781099984.544121,udp_reflection
9412,1781099984.544481,syn_flood
9413,1781099984.545087,syn_flood
9414,1781099984.545602,syn_flood
9415,1781099984.546417,normal
9416,1781099984.547259,syn_flood
9417,1781099984.547704,syn_flood
9418,1781099984.548120,normal
9419,1781099984.548667,syn_flood
9420,1781099984.549053,normal
9421,1781099984.549633,syn_flood
9422,1781099984.550145,http_flood
9423,1781099984.550668,syn_flood
9424,1781099984.551066,syn_flood
9425,1781099984.551529,syn_flood
9426,1781099984.551965,udp_reflection
9427,1781099984.552537,syn_flood
9428,1781099984.553131,normal
9429,1781099984.553683,syn_flood
9430,1781099984.554193,syn_flood
9431,1781099984.554681,syn_flood
9432,1781099984.555078,syn_flood
9433,1781099984.555650,syn_flood
9434,1781099984.556269,syn_flood
9435,1781099984.557176,http_flood
9436,1781099984.557793,http_flood
9437,1781099984.558135,syn_flood
9438,1781099984.558635,syn_flood
9439,1781099984.559119,syn_flood
9440,1781099984.559887,syn_flood
9441,1781099984.560482,syn_flood
9442,1781099984.560951,http_flood
9443,1781099984.561462,udp_reflection
9444,1781099984.561924,normal
9445,1781099984.562390,normal
9446,1781099984.562862,syn_flood
9447,1781099984.563429,normal
9448,1781099984.563962,udp_reflection
9449,1781099984.564577,http_flood
9450,1781099984.565156,syn_flood
9451,1781099984.565650,syn_flood
9452,1781099984.566161,syn_flood
9453,1781099984.566689,udp_reflection
9454,1781099984.567022,syn_flood
9455,1781099984.567795,udp_reflection
9456,1781099984.568392,udp_reflection
9457,1781099984.568836,syn_flood
9458,1781099984.569179,syn_flood
9459,1781099984.569822,syn_flood
9460,1781099984.570336,syn_flood
9461,1781099984.570964,syn_flood
9462,1781099984.571393,syn_flood
9463,1781099984.571874,syn_flood
9464,1781099984.572275,syn_flood
9465,1781099984.572647,syn_flood
9466,1781099984.573305,syn_flood
9467,1781099984.573762,syn_flood
9468,1781099984.574256,syn_flood
9469,1781099984.574873,syn_flood
9470,1781099984.575505,syn_flood
9471,1781099984.575763,syn_flood
9472,1781099984.576300,normal
9473,1781099984.576876,syn_flood
9474,1781099984.577440,http_flood
9475,1781099984.577892,syn_flood
9476,1781099984.578362,udp_reflection
9477,1781099984.578821,syn_flood
9478,1781099984.579319,syn_flood
9479,1781099984.579911,syn_flood
9480,1781099984.580366,syn_flood
9481,1781099984.580953,syn_flood
9482,1781099984.581705,syn_flood
9483,1781099984.582169,syn_flood
9484,1781099984.582568,udp_reflection
9485,1781099984.583021,http_flood
9486,1781099984.583477,syn_flood
9487,1781099984.583800,http_flood
9488,1781099984.584336,syn_flood
9489,1781099984.584843,normal
9490,1781099984.585258,syn_flood
9491,1781099984.585782,syn_flood
9492,1781099984.586524,syn_flood
9493,1781099984.586925,normal
9494,1781099984.587574,syn_flood
9495,1781099984.588080,syn_flood
9496,1781099984.588419,normal
9497,1781099984.588850,normal
9498,1781099984.589370,syn_flood
9499,1781099984.589969,syn_flood
9500,1781099984.590419,syn_flood
9501,1781099984.591028,normal
9502,1781099984.591655,syn_flood
9503,1781099984.592138,http_flood
9504,1781099984.592562,udp_reflection
9505,1781099984.593031,normal
9506,1781099984.593539,syn_flood
9507,1781099984.594050,syn_flood
9508,1781099984.594559,syn_flood
9509,1781099984.595015,syn_flood
9510,1781099984.595419,syn_flood
9511,1781099984.595737,syn_flood
9512,1781099984.596295,syn_flood
9513,1781099984.597013,syn_flood
9514,1781099984.597598,syn_flood
9515,1781099984.598151,syn_flood
9516,1781099984.598750,syn_flood
9517,1781099984.599223,syn_flood
9518,1781099984.600377,syn_flood
9519,1781099984.601117,udp_reflection
9520,1781099984.601804,http_flood
9521,1781099984.602235,http_flood
9522,1781099984.602734,normal
9523,1781099984.603095,syn_flood
9524,1781099984.603510,syn_flood
9525,1781099984.604081,http_flood
9526,1781099984.604495,syn_flood
9527,1781099984.605045,syn_flood
9528,1781099984.605754,syn_flood
9529,1781099984.606355,http_flood
9530,1781099984.606988,syn_flood
9531,1781099984.607691,normal
9532,1781099984.608174,normal
9533,1781099984.608556,syn_flood
9534,1781099984.609087,normal
9535,1781099984.609707,http_flood
9536,1781099984.610289,http_flood
9537,1781099984.611019,normal
9538,1781099984.611714,normal
9539,1781099984.612376,syn_flood
9540,1781099984.613044,syn_flood
9541,1781099984.613612,http_flood
9542,1781099984.614047,syn_flood
9543,1781099984.614801,http_flood
9544,1781099984.615523,syn_flood
9545,1781099984.616045,syn_flood
9546,1781099984.616715,syn_flood
9547,1781099984.617080,syn_flood
9548,1781099984.617691,syn_flood
9549,1781099984.618102,syn_flood
9550,1781099984.618639,syn_flood
9551,1781099984.619110,udp_reflection
9552,1781099984.619590,syn_flood
9553,1781099984.619961,syn_flood
9554,1781099984.620578,syn_flood
9555,1781099984.621419,http_flood
9556,1781099984.621979,syn_flood
9557,1781099984.622447,syn_flood
9558,1781099984.622934,syn_flood
9559,1781099984.623311,normal
9560,1781099984.623927,syn_flood
9561,1781099984.624430,http_flood
9562,1781099984.624975,udp_reflection
9563,1781099984.625398,syn_flood
9564,1781099984.625689,udp_reflection
9565,1781099984.626228,normal
9566,1781099984.626827,syn_flood
9567,1781099984.627181,normal
9568,1781099984.627692,normal
9569,1781099984.628384,syn_flood
9570,1781099984.629009,syn_flood
9571,1781099984.629578,normal
9572,1781099984.630159,normal
9573,1781099984.630849,syn_flood
9574,1781099984.631431,syn_flood
9575,1781099984.632101,syn_flood
9576,1781099984.632727,syn_flood
9577,1781099984.633133,udp_reflection
9578,1781099984.633852,syn_flood
9579,1781099984.634424,syn_flood
9580,1781099984.634912,udp_reflection
9581,1781099984.635462,syn_flood
9582,1781099984.635944,normal
9583,1781099984.636584,syn_flood
9584,1781099984.637006,syn_flood
9585,1781099984.637456,http_flood
9586,1781099984.638165,syn_flood
9587,1781099984.638712,udp_reflection
9588,1781099984.639143,syn_flood
9589,1781099984.639457,syn_flood
9590,1781099984.640008,normal
9591,1781099984.640639,syn_flood
9592,1781099984.641031,syn_flood
9593,1781099984.641733,udp_reflection
9594,1781099984.642393,syn_flood
9595,1781099984.643053,syn_flood
9596,1781099984.643534,syn_flood
9597,1781099984.644152,http_flood
9598,1781099984.644545,syn_flood
9599,1781099984.645226,syn_flood
9600,1781099984.645795,syn_flood
9601,1781099984.646330,http_flood
9602,1781099984.647202,syn_flood
9603,1781099984.647557,http_flood
9604,1781099984.647997,syn_flood
9605,1781099984.648402,syn_flood
9606,1781099984.648825,http_flood
9607,1781099984.649287,syn_flood
9608,1781099984.649669,syn_flood
9609,1781099984.650249,syn_flood
9610,1781099984.650808,http_flood
9611,1781099984.651338,syn_flood
9612,1781099984.651826,normal
9613,1781099984.652375,normal
9614,1781099984.652910,http_flood
9615,1781099984.653350,http_flood
9616,1781099984.653919,http_flood
9617,1781099984.654541,syn_flood
9618,1781099984.655094,http_flood
9619,1781099984.655550,syn_flood
9620,1781099984.656062,normal
9621,1781099984.656825,syn_flood
9622,1781099984.657328,syn_flood
9623,1781099984.657761,syn_flood
9624,1781099984.658437,http_flood
9625,1781099984.658931,normal
9626,1781099984.659434,syn_flood
9627,1781099984.659909,syn_flood
9628,1781099984.660444,syn_flood
9629,1781099984.660792,http_flood
9630,1781099984.661237,normal
9631,1781099984.661747,udp_reflection
9632,1781099984.662350,normal
9633,1781099984.662846,syn_flood
9634,1781099984.663433,syn_flood
9635,1781099984.663907,normal
9636,1781099984.664439,syn_flood
9637,1781099984.664806,syn_flood
9638,1781099984.665353,syn_flood
9639,1781099984.665856,normal
9640,1781099984.666640,http_flood
9641,1781099984.667157,syn_flood
9642,1781099984.667672,syn_flood
9643,1781099984.668125,syn_flood
9644,1781099984.668553,http_flood
9645,1781099984.669022,syn_flood
9646,1781099984.669466,http_flood
9647,1781099984.670036,normal
9648,1781099984.670443,normal
9649,1781099984.671037,syn_flood
9650,1781099984.671475,syn_flood
9651,1781099984.671987,syn_flood
9652,1781099984.672565,normal
9653,1781099984.673050,syn_flood
9654,1781099984.673527,normal
9655,1781099984.673881,http_flood
9656,1781099984.674542,syn_flood
9657,1781099984.675111,http_flood
9658,1781099984.675698,syn_flood
9659,1781099984.676164,udp_reflection
9660,1781099984.676564,syn_flood
9661,1781099984.677042,syn_flood
9662,1781099984.677528,normal
9663,1781099984.677992,syn_flood
9664,1781099984.678583,normal
9665,1781099984.678949,udp_reflection
9666,1781099984.679529,syn_flood
9667,1781099984.679863,syn_flood
9668,1781099984.680296,http_flood
9669,1781099984.680976,udp_reflection
9670,1781099984.681612,normal
9671,1781099984.682052,syn_flood
9672,1781099984.682524,http_flood
9673,1781099984.682944,syn_flood
9674,1781099984.683375,syn_flood
9675,1781099984.683974,normal
9676,1781099984.684566,http_flood
9677,1781099984.684973,udp_reflection
9678,1781099984.685428,udp_reflection
9679,1781099984.685856,syn_flood
9680,1781099984.686422,normal
9681,1781099984.686976,http_flood
9682,1781099984.687529,syn_flood
9683,1781099984.687948,syn_flood
9684,1781099984.688611,normal
9685,1781099984.689156,http_flood
9686,1781099984.689794,udp_reflection
9687,1781099984.690325,normal
9688,1781099984.690717,http_flood
9689,1781099984.691302,syn_flood
9690,1781099984.691850,syn_flood
9691,1781099984.692320,syn_flood
9692,1781099984.693073,udp_reflection
9693,1781099984.693881,http_flood
9694,1781099984.694395,udp_reflection
9695,1781099984.694887,syn_flood
9696,1781099984.695387,normal
9697,1781099984.695918,udp_reflection
9698,1781099984.696355,syn_flood
9699,1781099984.696910,normal
9700,1781099984.697580,syn_flood
9701,1781099984.698009,normal
9702,1781099984.698381,syn_flood
9703,1781099984.698943,http_flood
9704,1781099984.699483,udp_reflection
9705,1781099984.699971,syn_flood
9706,1781099984.700462,udp_reflection
9707,1781099984.700907,http_flood
9708,1781099984.701763,udp_reflection
9709,1781099984.702211,syn_flood
9710,1781099984.702722,normal
9711,1781099984.703121,syn_flood
9712,1781099984.703719,normal
9713,1781099984.704119,normal
9714,1781099984.704642,syn_flood
9715,1781099984.705074,syn_flood
9716,1781099984.705804,syn_flood
9717,1781099984.706563,normal
9718,1781099984.706995,syn_flood
9719,1781099984.707697,syn_flood
9720,1781099984.708186,syn_flood
9721,1781099984.708866,http_flood
9722,1781099984.709389,syn_flood
9723,1781099984.709901,syn_flood
9724,1781099984.710487,syn_flood
9725,1781099984.711188,syn_flood
9726,1781099984.711602,syn_flood
9727,1781099984.712234,syn_flood
9728,1781099984.712612,http_flood
9729,1781099984.713176,syn_flood
9730,1781099984.713679,syn_flood
9731,1781099984.714353,normal
9732,1781099984.714799,normal
9733,1781099984.715256,syn_flood
9734,1781099984.715993,udp_reflection
9735,1781099984.716403,syn_flood
9736,1781099984.716822,normal
9737,1781099984.717372,syn_flood
9738,1781099984.717838,syn_flood
9739,1781099984.718552,normal
9740,1781099984.718981,udp_reflection
9741,1781099984.719540,normal
9742,1781099984.720115,http_flood
9743,1781099984.720796,syn_flood
9744,1781099984.721161,syn_flood
9745,1781099984.721577,normal
9746,1781099984.722130,syn_flood
9747,1781099984.722698,syn_flood
9748,1781099984.723227,syn_flood
9749,1781099984.723766,normal
9750,1781099984.724193,http_flood
9751,1781099984.724828,syn_flood
9752,1781099984.725321,syn_flood
9753,1781099984.725773,normal
9754,1781099984.726607,syn_flood
9755,1781099984.727118,syn_flood
9756,1781099984.727598,syn_flood
9757,1781099984.727989,syn_flood
9758,1781099984.728507,syn_flood
9759,1781099984.728955,syn_flood
9760,1781099984.729464,normal
9761,1781099984.729917,syn_flood
9762,1781099984.730396,syn_flood
9763,1781099984.730783,syn_flood
9764,1781099984.731439,normal
9765,1781099984.731928,syn_flood
9766,1781099984.732411,syn_flood
9767,1781099984.732996,normal
9768,1781099984.733334,udp_reflection
9769,1781099984.733981,syn_flood
9770,1781099984.734575,syn_flood
9771,1781099984.735109,syn_flood
9772,1781099984.735583,syn_flood
9773,1781099984.736078,syn_flood
9774,1781099984.736579,syn_flood
9775,1781099984.737114,syn_flood
9776,1781099984.737501,syn_flood
9777,1781099984.738003,syn_flood
9778,1781099984.738422,normal
9779,1781099984.738943,syn_flood
9780,1781099984.739347,syn_flood
9781,1781099984.739804,http_flood
9782,1781099984.740458,http_flood
9783,1781099984.741089,http_flood
9784,1781099984.741434,normal
9785,1781099984.741863,normal
9786,1781099984.742318,syn_flood
9787,1781099984.742812,udp_reflection
9788,1781099984.743242,syn_flood
9789,1781099984.744032,syn_flood
9790,1781099984.744498,normal
9791,1781099984.745090,normal
9792,1781099984.745701,normal
9793,1781099984.746263,udp_reflection
9794,1781099984.746887,syn_flood
9795,1781099984.747533,syn_flood
9796,1781099984.747853,syn_flood
9797,1781099984.748484,http_flood
9798,1781099984.748830,syn_flood
9799,1781099984.749311,syn_flood
9800,1781099984.749715,http_flood
9801,1781099984.750156,syn_flood
9802,1781099984.750705,normal
9803,1781099984.751266,syn_flood
9804,1781099984.751863,normal
9805,1781099984.752533,udp_reflection
9806,1781099984.753087,syn_flood
9807,1781099984.753545,normal
9808,1781099984.754144,syn_flood
9809,1781099984.754674,syn_flood
9810,1781099984.755142,normal
9811,1781099984.755613,normal
9812,1781099984.756155,normal
9813,1781099984.756624,syn_flood
9814,1781099984.757014,syn_flood
9815,1781099984.757548,syn_flood
9816,1781099984.758044,syn_flood
9817,1781099984.758626,normal
9818,1781099984.759139,normal
9819,1781099984.759853,syn_flood
9820,1781099984.760406,syn_flood
9821,1781099984.760904,normal
9822,1781099984.761282,normal
9823,1781099984.761982,syn_flood
9824,1781099984.762420,syn_flood
9825,1781099984.762774,udp_reflection
9826,1781099984.763333,syn_flood
9827,1781099984.764005,syn_flood
9828,1781099984.764516,syn_flood
9829,1781099984.765136,normal
9830,1781099984.765869,syn_flood
9831,1781099984.766347,syn_flood
9832,1781099984.766707,normal
9833,1781099984.767384,syn_flood
9834,1781099984.767870,syn_flood
9835,1781099984.768368,normal
9836,1781099984.768800,http_flood
9837,1781099984.769365,syn_flood
9838,1781099984.769882,syn_flood
9839,1781099984.770358,syn_flood
9840,1781099984.770778,normal
9841,1781099984.771321,normal
9842,1781099984.771675,udp_reflection
9843,1781099984.772170,syn_flood
9844,1781099984.772586,syn_flood
9845,1781099984.773165,syn_flood
9846,1781099984.773700,syn_flood
9847,1781099984.774231,normal
9848,1781099984.774774,udp_reflection
9849,1781099984.775258,syn_flood
9850,1781099984.775708,syn_flood
9851,1781099984.776344,syn_flood
9852,1781099984.776943,syn_flood
9853,1781099984.777403,normal
9854,1781099984.778001,syn_flood
9855,1781099984.778442,http_flood
9856,1781099984.779093,syn_flood
9857,1781099984.779560,syn_flood
9858,1781099984.780071,syn_flood
9859,1781099984.780674,normal
9860,1781099984.781173,http_flood
9861,1781099984.781742,http_flood
9862,1781099984.782115,syn_flood
9863,1781099984.782641,normal
9864,1781099984.783183,syn_flood
9865,1781099984.783817,syn_flood
9866,1781099984.784386,normal
9867,1781099984.784711,syn_flood
9868,1781099984.785163,normal
9869,1781099984.785718,syn_flood
9870,1781099984.786114,normal
9871,1781099984.786730,syn_flood
9872,1781099984.787053,normal
9873,1781099984.787621,http_flood
9874,1781099984.788156,http_flood
9875,1781099984.788612,syn_flood
9876,1781099984.788990,syn_flood
9877,1781099984.789497,http_flood
9878,1781099984.789807,udp_reflection
9879,1781099984.790291,normal
9880,1781099984.790810,normal
9881,1781099984.791314,syn_flood
9882,1781099984.791710,syn_flood
9883,1781099984.792297,syn_flood
9884,1781099984.792785,syn_flood
9885,1781099984.793264,normal
9886,1781099984.793653,udp_reflection
9887,1781099984.794072,udp_reflection
9888,1781099984.794718,udp_reflection
9889,1781099984.795342,syn_flood
9890,1781099984.795813,syn_flood
9891,1781099984.796565,http_flood
9892,1781099984.797074,syn_flood
9893,1781099984.797627,syn_flood
9894,1781099984.798474,syn_flood
9895,1781099984.799075,syn_flood
9896,1781099984.799678,syn_flood
9897,1781099984.800247,syn_flood
9898,1781099984.800900,syn_flood
9899,1781099984.801437,syn_flood
9900,1781099984.802052,http_flood
9901,1781099984.802483,http_flood
9902,1781099984.803216,syn_flood
9903,1781099984.803804,syn_flood
9904,1781099984.804213,normal
9905,1781099984.804746,http_flood
9906,1781099984.805190,http_flood
9907,1781099984.805657,syn_flood
9908,1781099984.806127,udp_reflection
9909,1781099984.806528,http_flood
9910,1781099984.806995,udp_reflection
9911,1781099984.807709,udp_reflection
9912,1781099984.808219,syn_flood
9913,1781099984.808926,syn_flood
9914,1781099984.809383,syn_flood
9915,1781099984.809744,syn_flood
9916,1781099984.810282,udp_reflection
9917,1781099984.810572,syn_flood
9918,1781099984.811177,http_flood
9919,1781099984.811760,syn_flood
9920,1781099984.812208,syn_flood
9921,1781099984.812624,http_flood
9922,1781099984.813253,normal
9923,1781099984.813755,syn_flood
9924,1781099984.814217,syn_flood
9925,1781099984.814801,normal
9926,1781099984.815417,http_flood
9927,1781099984.815860,syn_flood
9928,1781099984.816655,syn_flood
9929,1781099984.817068,syn_flood
9930,1781099984.817389,normal
9931,1781099984.817849,udp_reflection
9932,1781099984.818560,normal
9933,1781099984.819001,syn_flood
9934,1781099984.819417,normal
9935,1781099984.819890,syn_flood
9936,1781099984.820393,syn_flood
9937,1781099984.820876,syn_flood
9938,1781099984.821315,syn_flood
9939,1781099984.821801,syn_flood
9940,1781099984.822102,udp_reflection
9941,1781099984.822532,normal
9942,1781099984.823027,syn_flood
9943,1781099984.823652,syn_flood
9944,1781099984.824326,syn_flood
9945,1781099984.824915,syn_flood
9946,1781099984.825300,syn_flood
9947,1781099984.825829,syn_flood
9948,1781099984.826409,syn_flood
9949,1781099984.826869,http_flood
9950,1781099984.827525,normal
9951,1781099984.828156,syn_flood
9952,1781099984.828666,http_flood
9953,1781099984.829050,http_flood
9954,1781099984.829647,normal
9955,1781099984.830106,normal
9956,1781099984.830586,normal
9957,1781099984.830983,normal
9958,1781099984.831486,http_flood
9959,1781099984.831964,normal
9960,1781099984.832691,syn_flood
9961,1781099984.833129,syn_flood
9962,1781099984.833567,normal
9963,1781099984.834134,udp_reflection
9964,1781099984.834709,http_flood
9965,1781099984.835283,syn_flood
9966,1781099984.835613,syn_flood
9967,1781099984.836003,syn_flood
9968,1781099984.836551,syn_flood
9969,1781099984.837050,syn_flood
9970,1781099984.837436,udp_reflection
9971,1781099984.837943,normal
9972,1781099984.838581,syn_flood
9973,1781099984.838962,syn_flood
9974,1781099984.839407,syn_flood
9975,1781099984.839894,syn_flood
9976,1781099984.840545,normal
9977,1781099984.840955,syn_flood
9978,1781099984.841431,http_flood
9979,1781099984.841985,syn_flood
9980,1781099984.842639,syn_flood
9981,1781099984.843113,syn_flood
9982,1781099984.843669,normal
9983,1781099984.844141,udp_reflection
9984,1781099984.844744,syn_flood
9985,1781099984.845180,normal
9986,1781099984.845745,udp_reflection
9987,1781099984.846132,syn_flood
9988,1781099984.846787,normal
9989,1781099984.847174,syn_flood
9990,1781099984.847606,normal
9991,1781099984.848192,http_flood
9992,1781099984.848710,udp_reflection
9993,1781099984.849257,syn_flood
9994,1781099984.849747,http_flood
9995,1781099984.850313,normal
9996,1781099984.850768,udp_reflection
9997,1781099984.851125,udp_reflection
9998,1781099984.851705,syn_flood
9999,1781099984.852054,syn_flood
10000,1781099984.852584,udp_reflection
10001,1781099984.853161,syn_flood
10002,1781099984.853784,syn_flood
10003,1781099984.854338,syn_flood
10004,1781099984.854724,normal
10005,1781099984.855248,normal
10006,1781099984.855777,syn_flood
10007,1781099984.856232,http_flood
10008,1781099984.856603,syn_flood
10009,1781099984.857044,udp_reflection
10010,1781099984.857493,syn_flood
10011,1781099984.857969,syn_flood
10012,1781099984.858532,syn_flood
10013,1781099984.859106,normal
10014,1781099984.859769,syn_flood
10015,1781099984.860170,syn_flood
10016,1781099984.860587,normal
10017,1781099984.860935,normal
10018,1781099984.861432,normal
10019,1781099984.861919,syn_flood
10020,1781099984.862703,syn_flood
10021,1781099984.863132,syn_flood
10022,1781099984.863610,syn_flood
10023,1781099984.864231,udp_reflection
10024,1781099984.864727,normal
10025,1781099984.865349,syn_flood
10026,1781099984.865980,normal
10027,1781099984.866459,syn_flood
10028,1781099984.867019,syn_flood
10029,1781099984.867533,syn_flood
10030,1781099984.867868,syn_flood
10031,1781099984.868351,udp_reflection
10032,1781099984.868802,syn_flood
10033,1781099984.869391,http_flood
10034,1781099984.869803,normal
10035,1781099984.870391,normal
10036,1781099984.871024,normal
10037,1781099984.871480,syn_flood
10038,1781099984.871873,syn_flood
10039,1781099984.872339,http_flood
10040,1781099984.872766,normal
10041,1781099984.873096,syn_flood
10042,1781099984.873572,http_flood
10043,1781099984.874356,udp_reflection
10044,1781099984.875016,normal
10045,1781099984.875572,udp_reflection
10046,1781099984.876007,normal
10047,1781099984.876522,syn_flood
10048,1781099984.876849,udp_reflection
10049,1781099984.877429,normal
10050,1781099984.877892,syn_flood
10051,1781099984.878557,syn_flood
10052,1781099984.879004,normal
10053,1781099984.879644,syn_flood
10054,1781099984.880213,http_flood
10055,1781099984.880884,normal
10056,1781099984.881586,syn_flood
10057,1781099984.881932,syn_flood
10058,1781099984.882422,udp_reflection
10059,1781099984.882797,normal
10060,1781099984.883427,udp_reflection
10061,1781099984.884291,http_flood
10062,1781099984.885026,syn_flood
10063,1781099984.885543,syn_flood
10064,1781099984.886007,syn_flood
10065,1781099984.886503,syn_flood
10066,1781099984.886939,syn_flood
10067,1781099984.887310,syn_flood
10068,1781099984.887969,syn_flood
10069,1781099984.888521,normal
10070,1781099984.888971,udp_reflection
10071,1781099984.889457,syn_flood
10072,1781099984.890060,http_flood
10073,1781099984.890571,normal
10074,1781099984.891271,syn_flood
10075,1781099984.891762,udp_reflection
10076,1781099984.892290,syn_flood
10077,1781099984.892852,syn_flood
10078,1781099984.893456,http_flood
10079,1781099984.893967,syn_flood
10080,1781099984.894455,syn_flood
10081,1781099984.894891,syn_flood
10082,1781099984.895278,http_flood
10083,1781099984.895734,syn_flood
10084,1781099984.896274,syn_flood
10085,1781099984.896706,syn_flood
10086,1781099984.897272,normal
10087,1781099984.898102,syn_flood
10088,1781099984.898829,http_flood
10089,1781099984.899280,syn_flood
10090,1781099984.899731,normal
10091,1781099984.900180,syn_flood
10092,1781099984.900589,normal
10093,1781099984.901133,http_flood
10094,1781099984.901633,normal
10095,1781099984.902153,syn_flood
10096,1781099984.902712,http_flood
10097,1781099984.903120,http_flood
10098,1781099984.903603,syn_flood
10099,1781099984.904097,normal
10100,1781099984.904679,syn_flood
10101,1781099984.905331,syn_flood
10102,1781099984.905986,syn_flood
10103,1781099984.906487,http_flood
10104,1781099984.906933,normal
10105,1781099984.907555,http_flood
10106,1781099984.908413,normal
10107,1781099984.908941,http_flood
10108,1781099984.909852,udp_reflection
10109,1781099984.910464,http_flood
10110,1781099984.911026,normal
10111,1781099984.911794,udp_reflection
10112,1781099984.912203,syn_flood
10113,1781099984.912873,udp_reflection
10114,1781099984.913364,normal
10115,1781099984.913838,syn_flood
10116,1781099984.914518,normal
10117,1781099984.915011,udp_reflection
10118,1781099984.915527,normal
10119,1781099984.916231,syn_flood
10120,1781099984.916667,syn_flood
10121,1781099984.917184,syn_flood
10122,1781099984.917607,udp_reflection
10123,1781099984.918160,syn_flood
10124,1781099984.919283,normal
10125,1781099984.919763,http_flood
10126,1781099984.920381,syn_flood
10127,1781099984.920821,syn_flood
10128,1781099984.921396,udp_reflection
10129,1781099984.921996,udp_reflection
10130,1781099984.922763,normal
10131,1781099984.923263,syn_flood
10132,1781099984.923657,syn_flood
10133,1781099984.924240,http_flood
10134,1781099984.924853,syn_flood
10135,1781099984.925206,normal
10136,1781099984.925699,syn_flood
10137,1781099984.926200,udp_reflection
10138,1781099984.926782,udp_reflection
10139,1781099984.927317,udp_reflection
10140,1781099984.927743,normal
10141,1781099984.928166,syn_flood
10142,1781099984.928714,syn_flood
10143,1781099984.929230,http_flood
10144,1781099984.929634,syn_flood
10145,1781099984.930149,normal
10146,1781099984.930493,syn_flood
10147,1781099984.931123,http_flood
10148,1781099984.931577,http_flood
10149,1781099984.932116,normal
10150,1781099984.932494,syn_flood
10151,1781099984.932885,syn_flood
10152,1781099984.933504,syn_flood
10153,1781099984.934100,http_flood
10154,1781099984.934604,syn_flood
10155,1781099984.934989,syn_flood
10156,1781099984.935351,udp_reflection
10157,1781099984.936298,udp_reflection
10158,1781099984.936669,syn_flood
10159,1781099984.937128,normal
10160,1781099984.937537,http_flood
10161,1781099984.938032,syn_flood
10162,1781099984.938803,udp_reflection
10163,1781099984.939414,normal
10164,1781099984.939913,syn_flood
10165,1781099984.940325,http_flood
10166,1781099984.940871,syn_flood
10167,1781099984.941406,normal
10168,1781099984.941742,normal
10169,1781099984.942204,syn_flood
10170,1781099984.942765,http_flood
10171,1781099984.943330,syn_flood
10172,1781099984.943854,syn_flood
10173,1781099984.944268,http_flood
10174,1781099984.944820,syn_flood
10175,1781099984.945175,syn_flood
10176,1781099984.945695,syn_flood
10177,1781099984.946139,normal
10178,1781099984.946787,syn_flood
10179,1781099984.947322,syn_flood
10180,1781099984.947769,http_flood
10181,1781099984.948392,syn_flood
10182,1781099984.948775,syn_flood
10183,1781099984.949147,syn_flood
10184,1781099984.949802,syn_flood
10185,1781099984.950421,syn_flood
10186,1781099984.950917,syn_flood
10187,1781099984.951333,http_flood
10188,1781099984.952073,normal
10189,1781099984.952457,udp_reflection
10190,1781099984.953146,normal
10191,1781099984.953689,normal
10192,1781099984.954277,udp_reflection
10193,1781099984.954774,syn_flood
10194,1781099984.955374,syn_flood
10195,1781099984.955998,syn_flood
10196,1781099984.956524,normal
10197,1781099984.957191,normal
10198,1781099984.957623,syn_flood
10199,1781099984.958102,syn_flood
10200,1781099984.958444,syn_flood
10201,1781099984.958906,syn_flood
10202,1781099984.959388,udp_reflection
10203,1781099984.959748,syn_flood
10204,1781099984.960582,syn_flood
10205,1781099984.960982,normal
10206,1781099984.961354,normal
10207,1781099984.961703,syn_flood
10208,1781099984.962066,syn_flood
10209,1781099984.962502,syn_flood
10210,1781099984.963205,syn_flood
10211,1781099984.963641,syn_flood
10212,1781099984.964089,syn_flood
10213,1781099984.965036,normal
10214,1781099984.965652,syn_flood
10215,1781099984.966213,http_flood
10216,1781099984.966598,udp_reflection
10217,1781099984.967438,syn_flood
10218,1781099984.968435,syn_flood
10219,1781099984.968829,syn_flood
10220,1781099984.969445,syn_flood
10221,1781099984.970002,normal
10222,1781099984.970469,udp_reflection
10223,1781099984.971275,udp_reflection
10224,1781099984.971819,syn_flood
10225,1781099984.972223,normal
10226,1781099984.972879,syn_flood
10227,1781099984.973320,syn_flood
10228,1781099984.973710,syn_flood
10229,1781099984.974343,syn_flood
10230,1781099984.975008,syn_flood
10231,1781099984.975380,syn_flood
10232,1781099984.975964,syn_flood
10233,1781099984.976510,normal
10234,1781099984.977016,syn_flood
10235,1781099984.977876,syn_flood
10236,1781099984.978388,syn_flood
10237,1781099984.978804,syn_flood
10238,1781099984.979325,syn_flood
10239,1781099984.979734,syn_flood
10240,1781099984.980211,normal
10241,1781099984.980666,syn_flood
10242,1781099984.981219,syn_flood
10243,1781099984.981911,syn_flood
10244,1781099984.982695,syn_flood
10245,1781099984.983128,udp_reflection
10246,1781099984.983631,http_flood
10247,1781099984.984360,udp_reflection
10248,1781099984.984870,syn_flood
10249,1781099984.985513,http_flood
10250,1781099984.985943,syn_flood
10251,1781099984.986322,syn_flood
10252,1781099984.986720,syn_flood
10253,1781099984.987111,syn_flood
10254,1781099984.987578,syn_flood
10255,1781099984.988365,syn_flood
10256,1781099984.988895,http_flood
10257,1781099984.989364,syn_flood
10258,1781099984.989793,syn_flood
10259,1781099984.990256,udp_reflection
10260,1781099984.990714,udp_reflection
10261,1781099984.991264,http_flood
10262,1781099984.991664,normal
10263,1781099984.992286,syn_flood
10264,1781099984.992932,normal
10265,1781099984.993586,udp_reflection
10266,1781099984.994253,http_flood
10267,1781099984.994794,udp_reflection
10268,1781099984.995179,udp_reflection
10269,1781099984.995573,syn_flood
10270,1781099984.995916,normal
10271,1781099984.996457,syn_flood
10272,1781099984.996902,syn_flood
10273,1781099984.997364,normal
10274,1781099984.997853,syn_flood
10275,1781099984.998351,normal
10276,1781099984.999004,normal
10277,1781099984.999521,normal
10278,1781099985.000299,udp_reflection
10279,1781099985.000972,syn_flood
10280,1781099985.001367,syn_flood
10281,1781099985.001765,syn_flood
10282,1781099985.002264,syn_flood
10283,1781099985.002743,udp_reflection
10284,1781099985.003221,syn_flood
10285,1781099985.003611,http_flood
10286,1781099985.004114,syn_flood
10287,1781099985.004639,syn_flood
10288,1781099985.005175,http_flood
10289,1781099985.005794,http_flood
10290,1781099985.006360,syn_flood
10291,1781099985.006799,syn_flood
10292,1781099985.007312,syn_flood
10293,1781099985.007961,normal
10294,1781099985.008566,syn_flood
10295,1781099985.009070,udp_reflection
10296,1781099985.009791,syn_flood
10297,1781099985.010419,http_flood
10298,1781099985.010822,syn_flood
10299,1781099985.011363,syn_flood
10300,1781099985.012167,normal
10301,1781099985.012580,syn_flood
10302,1781099985.013029,syn_flood
10303,1781099985.013412,syn_flood
10304,1781099985.013827,syn_flood
10305,1781099985.014274,udp_reflection
10306,1781099985.014785,udp_reflection
10307,1781099985.015243,syn_flood
10308,1781099985.015730,syn_flood
10309,1781099985.016230,syn_flood
10310,1781099985.016938,syn_flood
10311,1781099985.017298,http_flood
10312,1781099985.017630,http_flood
10313,1781099985.018215,syn_flood
10314,1781099985.018626,normal
10315,1781099985.019167,syn_flood
10316,1781099985.019738,normal
10317,1781099985.020263,syn_flood
10318,1781099985.020802,normal
10319,1781099985.021335,http_flood
10320,1781099985.021843,syn_flood
10321,1781099985.022502,syn_flood
10322,1781099985.022895,syn_flood
10323,1781099985.023456,syn_flood
10324,1781099985.023861,syn_flood
10325,1781099985.024319,syn_flood
10326,1781099985.024815,udp_reflection
10327,1781099985.025403,syn_flood
10328,1781099985.026196,syn_flood
10329,1781099985.026780,http_flood
10330,1781099985.027163,udp_reflection
10331,1781099985.027541,syn_flood
10332,1781099985.028029,syn_flood
10333,1781099985.028530,normal
10334,1781099985.028884,syn_flood
10335,1781099985.029696,http_flood
10336,1781099985.030035,syn_flood
10337,1781099985.030493,udp_reflection
10338,1781099985.031064,syn_flood
10339,1781099985.031558,udp_reflection
10340,1781099985.032061,syn_flood
10341,1781099985.032620,syn_flood
10342,1781099985.033014,syn_flood
10343,1781099985.033508,http_flood
10344,1781099985.033980,http_flood
10345,1781099985.034415,udp_reflection
10346,1781099985.035034,normal
10347,1781099985.035813,syn_flood
10348,1781099985.036217,syn_flood
10349,1781099985.036593,syn_flood
10350,1781099985.037244,normal
10351,1781099985.037785,syn_flood
10352,1781099985.038318,udp_reflection
10353,1781099985.038802,syn_flood
10354,1781099985.039257,normal
10355,1781099985.039888,syn_flood
10356,1781099985.040209,normal
10357,1781099985.040734,syn_flood
10358,1781099985.041048,syn_flood
10359,1781099985.041627,syn_flood
10360,1781099985.041958,http_flood
10361,1781099985.042513,normal
10362,1781099985.043045,syn_flood
10363,1781099985.043653,syn_flood
10364,1781099985.044104,http_flood
10365,1781099985.044805,http_flood
10366,1781099985.045233,syn_flood
10367,1781099985.045869,syn_flood
10368,1781099985.046503,http_flood
10369,1781099985.046995,udp_reflection
10370,1781099985.047492,normal
10371,1781099985.048136,syn_flood
10372,1781099985.048775,syn_flood
10373,1781099985.049470,normal
10374,1781099985.050088,http_flood
10375,1781099985.050523,syn_flood
10376,1781099985.051026,syn_flood
10377,1781099985.051607,syn_flood
10378,1781099985.052090,syn_flood
10379,1781099985.052506,udp_reflection
10380,1781099985.052947,syn_flood
10381,1781099985.053518,syn_flood
10382,1781099985.053945,udp_reflection
10383,1781099985.054314,syn_flood
10384,1781099985.054667,syn_flood
10385,1781099985.055191,syn_flood
10386,1781099985.055797,udp_reflection
10387,1781099985.056359,syn_flood
10388,1781099985.056916,syn_flood
10389,1781099985.057557,syn_flood
10390,1781099985.058007,syn_flood
10391,1781099985.058440,http_flood
10392,1781099985.058701,syn_flood
10393,1781099985.059227,udp_reflection
10394,1781099985.059658,syn_flood
10395,1781099985.060099,syn_flood
10396,1781099985.060636,normal
10397,1781099985.061240,syn_flood
10398,1781099985.061555,normal
10399,1781099985.061888,syn_flood
10400,1781099985.062346,normal
10401,1781099985.062852,udp_reflection
10402,1781099985.063453,syn_flood
10403,1781099985.064028,syn_flood
10404,1781099985.064690,syn_flood
10405,1781099985.065041,syn_flood
10406,1781099985.065625,syn_flood
10407,1781099985.066220,normal
10408,1781099985.066865,normal
10409,1781099985.067466,syn_flood
10410,1781099985.068146,syn_flood
10411,1781099985.068796,syn_flood
10412,1781099985.069263,syn_flood
10413,1781099985.069696,syn_flood
10414,1781099985.070240,syn_flood
10415,1781099985.071026,udp_reflection
10416,1781099985.071299,normal
10417,1781099985.071903,http_flood
10418,1781099985.072451,http_flood
10419,1781099985.072920,syn_flood
10420,1781099985.073212,normal
10421,1781099985.073773,http_flood
10422,1781099985.074314,syn_flood
10423,1781099985.075155,normal
10424,1781099985.075541,normal
10425,1781099985.075949,udp_reflection
10426,1781099985.076452,syn_flood
10427,1781099985.076886,normal
10428,1781099985.077485,syn_flood
10429,1781099985.077981,udp_reflection
10430,1781099985.078533,syn_flood
10431,1781099985.078958,syn_flood
10432,1781099985.079468,syn_flood
10433,1781099985.079820,syn_flood
10434,1781099985.080251,udp_reflection
10435,1781099985.080797,syn_flood
10436,1781099985.081241,normal
10437,1781099985.081681,udp_reflection
10438,1781099985.082059,normal
10439,1781099985.082646,udp_reflection
10440,1781099985.083183,syn_flood
10441,1781099985.084108,http_flood
10442,1781099985.084445,normal
10443,1781099985.085068,syn_flood
10444,1781099985.085730,syn_flood
10445,1781099985.086511,syn_flood
10446,1781099985.086830,udp_reflection
10447,1781099985.087534,http_flood
10448,1781099985.088094,normal
10449,1781099985.088557,syn_flood
10450,1781099985.089168,normal
10451,1781099985.089674,http_flood
10452,1781099985.090122,syn_flood
10453,1781099985.090461,udp_reflection
10454,1781099985.090974,http_flood
10455,1781099985.091493,http_flood
10456,1781099985.091825,syn_flood
10457,1781099985.092397,normal
10458,1781099985.092710,syn_flood
10459,1781099985.093396,normal
10460,1781099985.093970,syn_flood
10461,1781099985.094970,syn_flood
10462,1781099985.095484,syn_flood
10463,1781099985.096156,syn_flood
10464,1781099985.096545,normal
10465,1781099985.097119,normal
10466,1781099985.097486,syn_flood
10467,1781099985.097860,normal
10468,1781099985.098218,normal
10469,1781099985.098972,syn_flood
10470,1781099985.099497,syn_flood
10471,1781099985.099851,syn_flood
10472,1781099985.100353,syn_flood
10473,1781099985.100929,syn_flood
10474,1781099985.101342,normal
10475,1781099985.101761,syn_flood
10476,1781099985.102220,normal
10477,1781099985.102616,normal
10478,1781099985.103100,syn_flood
10479,1781099985.103604,syn_flood
10480,1781099985.104192,syn_flood
10481,1781099985.104690,syn_flood
10482,1781099985.105132,normal
10483,1781099985.105644,http_flood
10484,1781099985.106187,syn_flood
10485,1781099985.106624,syn_flood
10486,1781099985.107183,syn_flood
10487,1781099985.107687,syn_flood
10488,1781099985.108104,syn_flood
10489,1781099985.108638,syn_flood
10490,1781099985.109293,syn_flood
10491,1781099985.109698,syn_flood
10492,1781099985.110222,syn_flood
10493,1781099985.110785,syn_flood
10494,1781099985.111276,syn_flood
10495,1781099985.111794,syn_flood
10496,1781099985.112287,syn_flood
10497,1781099985.112735,http_flood
10498,1781099985.113194,syn_flood
10499,1781099985.113575,udp_reflection
10500,1781099985.114248,syn_flood
10501,1781099985.114734,udp_reflection
10502,1781099985.115240,syn_flood
10503,1781099985.115595,http_flood
10504,1781099985.116070,syn_flood
10505,1781099985.116575,udp_reflection
10506,1781099985.117239,syn_flood
10507,1781099985.117769,normal
10508,1781099985.118211,syn_flood
10509,1781099985.118703,syn_flood
10510,1781099985.119153,udp_reflection
10511,1781099985.119766,http_flood
10512,1781099985.120288,syn_flood
10513,1781099985.120934,syn_flood
10514,1781099985.121427,syn_flood
10515,1781099985.121875,udp_reflection
10516,1781099985.122329,http_flood
10517,1781099985.122842,udp_reflection
10518,1781099985.123324,syn_flood
10519,1781099985.123847,syn_flood
10520,1781099985.124433,syn_flood
10521,1781099985.124930,syn_flood
10522,1781099985.125444,http_flood
10523,1781099985.125924,normal
10524,1781099985.126600,syn_flood
10525,1781099985.127089,normal
10526,1781099985.127471,http_flood
10527,1781099985.127862,udp_reflection
10528,1781099985.128391,normal
10529,1781099985.128870,udp_reflection
10530,1781099985.129551,http_flood
10531,1781099985.130085,syn_flood
10532,1781099985.130588,http_flood
10533,1781099985.131183,normal
10534,1781099985.131593,syn_flood
10535,1781099985.132094,normal
10536,1781099985.132822,normal
10537,1781099985.133245,syn_flood
10538,1781099985.133845,syn_flood
10539,1781099985.134331,syn_flood
10540,1781099985.134737,normal
10541,1781099985.135197,syn_flood
10542,1781099985.135664,syn_flood
10543,1781099985.136159,syn_flood
10544,1781099985.136611,normal
10545,1781099985.137077,syn_flood
10546,1781099985.137556,udp_reflection
10547,1781099985.137888,http_flood
10548,1781099985.138376,normal
10549,1781099985.138992,syn_flood
10550,1781099985.139594,http_flood
10551,1781099985.140338,normal
10552,1781099985.141047,udp_reflection
10553,1781099985.141541,http_flood
10554,1781099985.142125,http_flood
10555,1781099985.142793,syn_flood
10556,1781099985.143093,http_flood
10557,1781099985.143708,syn_flood
10558,1781099985.144217,syn_flood
10559,1781099985.144756,normal
10560,1781099985.145261,syn_flood
10561,1781099985.145946,syn_flood
10562,1781099985.146489,http_flood
10563,1781099985.147001,http_flood
10564,1781099985.147684,syn_flood
10565,1781099985.148395,syn_flood
10566,1781099985.148775,syn_flood
10567,1781099985.149265,syn_flood
10568,1781099985.149938,syn_flood
10569,1781099985.150564,http_flood
10570,1781099985.150910,syn_flood
10571,1781099985.151465,syn_flood
10572,1781099985.152196,normal
10573,1781099985.152739,http_flood
10574,1781099985.153138,normal
10575,1781099985.153803,normal
10576,1781099985.154305,udp_reflection
10577,1781099985.154736,http_flood
10578,1781099985.155123,syn_flood
10579,1781099985.155631,syn_flood
10580,1781099985.156132,normal
10581,1781099985.156640,normal
10582,1781099985.157461,syn_flood
10583,1781099985.157895,udp_reflection
10584,1781099985.158297,syn_flood
10585,1781099985.158849,syn_flood
10586,1781099985.159381,normal
10587,1781099985.160252,syn_flood
10588,1781099985.160724,syn_flood
10589,1781099985.161197,udp_reflection
10590,1781099985.162220,udp_reflection
10591,1781099985.162939,syn_flood
10592,1781099985.163442,udp_reflection
10593,1781099985.163980,normal
10594,1781099985.164317,normal
10595,1781099985.164766,http_flood
10596,1781099985.165066,http_flood
10597,1781099985.165745,syn_flood
10598,1781099985.166105,syn_flood
10599,1781099985.166609,udp_reflection
10600,1781099985.167455,normal
10601,1781099985.168031,normal
10602,1781099985.168437,normal
10603,1781099985.168904,syn_flood
10604,1781099985.169394,syn_flood
10605,1781099985.169996,http_flood
10606,1781099985.170458,syn_flood
10607,1781099985.170929,udp_reflection
10608,1781099985.171452,udp_reflection
10609,1781099985.172125,udp_reflection
10610,1781099985.172496,syn_flood
10611,1781099985.173036,normal
10612,1781099985.173419,syn_flood
10613,1781099985.174042,syn_flood
10614,1781099985.174540,normal
10615,1781099985.175193,normal
10616,1781099985.175575,udp_reflection
10617,1781099985.176015,syn_flood
10618,1781099985.176471,syn_flood
10619,1781099985.177012,http_flood
10620,1781099985.177389,syn_flood
10621,1781099985.177789,syn_flood
10622,1781099985.178556,udp_reflection
10623,1781099985.179031,syn_flood
10624,1781099985.179536,syn_flood
10625,1781099985.180116,udp_reflection
10626,1781099985.180476,http_flood
10627,1781099985.180978,http_flood
10628,1781099985.181491,syn_flood
10629,1781099985.182202,normal
10630,1781099985.182693,syn_flood
10631,1781099985.183243,http_flood
10632,1781099985.183718,syn_flood
10633,1781099985.184289,udp_reflection
10634,1781099985.184696,syn_flood
10635,1781099985.185092,http_flood
10636,1781099985.185554,normal
10637,1781099985.186209,syn_flood
10638,1781099985.186793,syn_flood
10639,1781099985.187569,syn_flood
10640,1781099985.188016,syn_flood
10641,1781099985.188487,syn_flood
10642,1781099985.189132,syn_flood
10643,1781099985.189649,udp_reflection
10644,1781099985.190267,syn_flood
10645,1781099985.190824,syn_flood
10646,1781099985.191303,syn_flood
10647,1781099985.191737,normal
10648,1781099985.192253,udp_reflection
10649,1781099985.192775,udp_reflection
10650,1781099985.193244,syn_flood
10651,1781099985.193837,syn_flood
10652,1781099985.194379,syn_flood
10653,1781099985.195127,syn_flood
10654,1781099985.195791,syn_flood
10655,1781099985.196301,syn_flood
10656,1781099985.196845,http_flood
10657,1781099985.197446,http_flood
10658,1781099985.197906,syn_flood
10659,1781099985.198446,syn_flood
10660,1781099985.198915,normal
10661,1781099985.199498,syn_flood
10662,1781099985.199940,normal
10663,1781099985.200301,syn_flood
10664,1781099985.200988,syn_flood
10665,1781099985.201416,syn_flood
10666,1781099985.201989,udp_reflection
10667,1781099985.202504,syn_flood
10668,1781099985.202840,syn_flood
10669,1781099985.203144,udp_reflection
10670,1781099985.203784,syn_flood
10671,1781099985.204350,syn_flood
10672,1781099985.205170,syn_flood
10673,1781099985.205798,syn_flood
10674,1781099985.206282,normal
10675,1781099985.206865,http_flood
10676,1781099985.207461,syn_flood
10677,1781099985.207913,syn_flood
10678,1781099985.208461,http_flood
10679,1781099985.208975,syn_flood
10680,1781099985.209493,syn_flood
10681,1781099985.209939,http_flood
10682,1781099985.210321,syn_flood
10683,1781099985.210862,http_flood
10684,1781099985.211329,syn_flood
10685,1781099985.211893,syn_flood
10686,1781099985.212510,syn_flood
10687,1781099985.212934,normal
10688,1781099985.213367,udp_reflection
10689,1781099985.213817,syn_flood
10690,1781099985.214275,syn_flood
10691,1781099985.214891,syn_flood
10692,1781099985.215426,syn_flood
10693,1781099985.215887,http_flood
10694,1781099985.216489,syn_flood
10695,1781099985.217182,syn_flood
10696,1781099985.217681,syn_flood
10697,1781099985.218209,syn_flood
10698,1781099985.218615,normal
10699,1781099985.219161,http_flood
10700,1781099985.219628,normal
10701,1781099985.220246,syn_flood
10702,1781099985.221065,syn_flood
10703,1781099985.221529,syn_flood
10704,1781099985.222080,udp_reflection
10705,1781099985.222430,normal
10706,1781099985.223033,udp_reflection
10707,1781099985.223732,syn_flood
10708,1781099985.224199,syn_flood
10709,1781099985.224900,syn_flood
10710,1781099985.225667,syn_flood
10711,1781099985.226297,normal
10712,1781099985.226834,syn_flood
10713,1781099985.227355,normal
10714,1781099985.227804,http_flood
10715,1781099985.228161,syn_flood
10716,1781099985.228783,syn_flood
10717,1781099985.229291,udp_reflection
10718,1781099985.229809,syn_flood
10719,1781099985.230471,syn_flood
10720,1781099985.231050,normal
10721,1781099985.231564,http_flood
10722,1781099985.232147,udp_reflection
10723,1781099985.232589,syn_flood
10724,1781099985.233238,udp_reflection
10725,1781099985.233933,normal
10726,1781099985.234373,udp_reflection
10727,1781099985.234989,syn_flood
10728,1781099985.235466,normal
10729,1781099985.236308,syn_flood
10730,1781099985.236734,normal
10731,1781099985.237395,syn_flood
10732,1781099985.238024,udp_reflection
10733,1781099985.238366,syn_flood
10734,1781099985.239003,normal
10735,1781099985.239787,normal
10736,1781099985.240220,udp_reflection
10737,1781099985.240891,normal
10738,1781099985.241271,http_flood
10739,1781099985.241804,syn_flood
10740,1781099985.242423,udp_reflection
10741,1781099985.242864,syn_flood
10742,1781099985.243489,syn_flood
10743,1781099985.244048,syn_flood
10744,1781099985.244717,udp_reflection
10745,1781099985.245238,normal
10746,1781099985.245764,http_flood
10747,1781099985.246184,syn_flood
10748,1781099985.246651,syn_flood
10749,1781099985.247226,syn_flood
10750,1781099985.247718,syn_flood
10751,1781099985.248439,syn_flood
10752,1781099985.248860,syn_flood
10753,1781099985.249427,normal
10754,1781099985.250154,syn_flood
10755,1781099985.250797,syn_flood
10756,1781099985.251434,udp_reflection
10757,1781099985.251763,syn_flood
10758,1781099985.252147,syn_flood
10759,1781099985.252875,udp_reflection
10760,1781099985.253560,syn_flood
10761,1781099985.254015,normal
10762,1781099985.254414,normal
10763,1781099985.254817,normal
10764,1781099985.255362,syn_flood
10765,1781099985.255830,syn_flood
10766,1781099985.256332,syn_flood
10767,1781099985.256958,syn_flood
10768,1781099985.257452,syn_flood
10769,1781099985.257898,normal
10770,1781099985.258387,normal
10771,1781099985.258828,normal
10772,1781099985.259322,syn_flood
10773,1781099985.259808,normal
10774,1781099985.260442,http_flood
10775,1781099985.260975,syn_flood
10776,1781099985.261497,syn_flood
10777,1781099985.262231,syn_flood
10778,1781099985.262669,syn_flood
10779,1781099985.263155,http_flood
10780,1781099985.263756,syn_flood
10781,1781099985.264324,syn_flood
10782,1781099985.264909,http_flood
10783,1781099985.265644,syn_flood
10784,1781099985.266092,normal
10785,1781099985.266725,syn_flood
10786,1781099985.267220,http_flood
10787,1781099985.267664,syn_flood
10788,1781099985.268194,syn_flood
10789,1781099985.268728,udp_reflection
10790,1781099985.269606,syn_flood
10791,1781099985.270170,syn_flood
10792,1781099985.270708,syn_flood
10793,1781099985.271343,udp_reflection
10794,1781099985.271928,syn_flood
10795,1781099985.272475,udp_reflection
10796,1781099985.273122,syn_flood
10797,1781099985.273651,syn_flood
10798,1781099985.274163,normal
10799,1781099985.274730,normal
10800,1781099985.275261,syn_flood
10801,1781099985.275910,syn_flood
10802,1781099985.276477,syn_flood
10803,1781099985.277159,syn_flood
10804,1781099985.277573,normal
10805,1781099985.278214,syn_flood
10806,1781099985.278750,syn_flood
10807,1781099985.279195,http_flood
10808,1781099985.279658,syn_flood
10809,1781099985.280285,syn_flood
10810,1781099985.280776,syn_flood
10811,1781099985.281488,syn_flood
10812,1781099985.282055,syn_flood
10813,1781099985.282527,syn_flood
10814,1781099985.283033,syn_flood
10815,1781099985.283491,normal
10816,1781099985.284154,syn_flood
10817,1781099985.284609,syn_flood
10818,1781099985.285218,udp_reflection
10819,1781099985.285722,syn_flood
10820,1781099985.286080,http_flood
10821,1781099985.286637,syn_flood
10822,1781099985.287208,syn_flood
10823,1781099985.287728,normal
10824,1781099985.288402,normal
10825,1781099985.288894,syn_flood
10826,1781099985.289270,syn_flood
10827,1781099985.289857,http_flood
10828,1781099985.290378,syn_flood
10829,1781099985.290678,normal
10830,1781099985.291336,syn_flood
10831,1781099985.292127,normal
10832,1781099985.292631,normal
10833,1781099985.293114,udp_reflection
10834,1781099985.293604,syn_flood
10835,1781099985.294048,normal
10836,1781099985.294556,syn_flood
10837,1781099985.295093,http_flood
10838,1781099985.295432,syn_flood
10839,1781099985.295887,normal
10840,1781099985.296363,normal
10841,1781099985.296906,syn_flood
10842,1781099985.297891,syn_flood
10843,1781099985.298335,syn_flood
10844,1781099985.298943,syn_flood
10845,1781099985.299433,syn_flood
10846,1781099985.299988,syn_flood
10847,1781099985.300444,http_flood
10848,1781099985.300852,syn_flood
10849,1781099985.301199,normal
10850,1781099985.301595,http_flood
10851,1781099985.302148,syn_flood
10852,1781099985.302672,syn_flood
10853,1781099985.303390,udp_reflection
10854,1781099985.303892,udp_reflection
10855,1781099985.304476,http_flood
10856,1781099985.304836,syn_flood
10857,1781099985.305536,normal
10858,1781099985.305867,normal
10859,1781099985.306312,syn_flood
10860,1781099985.307265,syn_flood
10861,1781099985.307890,normal
10862,1781099985.308599,syn_flood
10863,1781099985.309083,http_flood
10864,1781099985.309562,udp_reflection
10865,1781099985.309984,syn_flood
10866,1781099985.310580,normal
10867,1781099985.311198,http_flood
10868,1781099985.311706,syn_flood
10869,1781099985.312358,syn_flood
10870,1781099985.312960,normal
10871,1781099985.313609,syn_flood
10872,1781099985.313996,syn_flood
10873,1781099985.314832,udp_reflection
10874,1781099985.315277,normal
10875,1781099985.315777,normal
10876,1781099985.316294,normal
10877,1781099985.316647,http_flood
10878,1781099985.317345,normal
10879,1781099985.317868,normal
10880,1781099985.318469,udp_reflection
10881,1781099985.318905,syn_flood
10882,1781099985.319252,syn_flood
10883,1781099985.319892,normal
10884,1781099985.320542,udp_reflection
10885,1781099985.320933,syn_flood
10886,1781099985.321388,http_flood
10887,1781099985.321885,syn_flood
10888,1781099985.322447,syn_flood
10889,1781099985.323060,http_flood
10890,1781099985.323660,syn_flood
10891,1781099985.324213,syn_flood
10892,1781099985.324601,http_flood
10893,1781099985.325242,syn_flood
10894,1781099985.325913,udp_reflection
10895,1781099985.326454,udp_reflection
10896,1781099985.326822,http_flood
10897,1781099985.327287,syn_flood
10898,1781099985.327882,udp_reflection
10899,1781099985.328560,syn_flood
10900,1781099985.329229,syn_flood
10901,1781099985.329742,udp_reflection
10902,1781099985.330317,normal
10903,1781099985.330762,syn_flood
10904,1781099985.331228,syn_flood
10905,1781099985.331618,normal
10906,1781099985.332466,udp_reflection
10907,1781099985.333079,normal
10908,1781099985.333846,http_flood
10909,1781099985.334303,syn_flood
10910,1781099985.334707,normal
10911,1781099985.335104,syn_flood
10912,1781099985.335756,syn_flood
10913,1781099985.336179,udp_reflection
10914,1781099985.336636,udp_reflection
10915,1781099985.337160,syn_flood
10916,1781099985.337722,normal
10917,1781099985.338290,syn_flood
10918,1781099985.338781,syn_flood
10919,1781099985.339204,normal
10920,1781099985.339703,syn_flood
10921,1781099985.340085,syn_flood
10922,1781099985.340545,syn_flood
10923,1781099985.341035,normal
10924,1781099985.341500,udp_reflection
10925,1781099985.342208,http_flood
10926,1781099985.342743,syn_flood
10927,1781099985.343291,normal
10928,1781099985.343937,udp_reflection
10929,1781099985.344334,normal
10930,1781099985.344964,http_flood
10931,1781099985.345449,normal
10932,1781099985.345953,syn_flood
10933,1781099985.346349,normal
10934,1781099985.346887,udp_reflection
10935,1781099985.347336,syn_flood
10936,1781099985.347962,normal
10937,1781099985.348485,syn_flood
10938,1781099985.348988,normal
10939,1781099985.349405,syn_flood
10940,1781099985.349853,http_flood
10941,1781099985.350331,normal
10942,1781099985.350961,http_flood
10943,1781099985.351604,udp_reflection
10944,1781099985.352186,syn_flood
10945,1781099985.352614,http_flood
10946,1781099985.352962,normal
10947,1781099985.353444,udp_reflection
10948,1781099985.353744,syn_flood
10949,1781099985.354266,syn_flood
10950,1781099985.354729,normal
10951,1781099985.355239,normal
10952,1781099985.355755,normal
10953,1781099985.356203,http_flood
10954,1781099985.356885,syn_flood
10955,1781099985.357521,http_flood
10956,1781099985.358216,normal
10957,1781099985.358735,normal
10958,1781099985.359263,syn_flood
10959,1781099985.359878,syn_flood
10960,1781099985.360281,syn_flood
10961,1781099985.360959,normal
10962,1781099985.361414,syn_flood
10963,1781099985.361903,udp_reflection
10964,1781099985.362297,syn_flood
10965,1781099985.362939,syn_flood
10966,1781099985.363410,syn_flood
10967,1781099985.363933,syn_flood
10968,1781099985.364536,syn_flood
10969,1781099985.364848,normal
10970,1781099985.365433,syn_flood
10971,1781099985.365846,udp_reflection
10972,1781099985.366513,syn_flood
10973,1781099985.366905,syn_flood
10974,1781099985.367484,http_flood
10975,1781099985.368095,normal
10976,1781099985.368522,udp_reflection
10977,1781099985.369144,syn_flood
10978,1781099985.369570,udp_reflection
10979,1781099985.370032,normal
10980,1781099985.370553,udp_reflection
10981,1781099985.370965,syn_flood
10982,1781099985.371468,normal
10983,1781099985.372034,udp_reflection
10984,1781099985.372420,syn_flood
10985,1781099985.372939,syn_flood
10986,1781099985.373427,normal
10987,1781099985.373951,normal
10988,1781099985.374243,normal
10989,1781099985.374743,syn_flood
10990,1781099985.375252,syn_flood
10991,1781099985.375725,syn_flood
10992,1781099985.376283,syn_flood
10993,1781099985.376890,syn_flood
10994,1781099985.377598,udp_reflection
10995,1781099985.378179,normal
10996,1781099985.378847,http_flood
10997,1781099985.379480,http_flood
10998,1781099985.380348,udp_reflection
10999,1781099985.380678,syn_flood
11000,1781099985.381096,syn_flood
11001,1781099985.381735,syn_flood
11002,1781099985.382192,syn_flood
11003,1781099985.382585,udp_reflection
11004,1781099985.383142,syn_flood
11005,1781099985.383859,udp_reflection
11006,1781099985.384387,syn_flood
11007,1781099985.384853,http_flood
11008,1781099985.385288,http_flood
11009,1781099985.385800,syn_flood
11010,1781099985.386362,udp_reflection
11011,1781099985.386976,syn_flood
11012,1781099985.387365,syn_flood
11013,1781099985.387984,http_flood
11014,1781099985.388683,syn_flood
11015,1781099985.389212,normal
11016,1781099985.389969,normal
11017,1781099985.390587,syn_flood
11018,1781099985.391132,syn_flood
11019,1781099985.391624,normal
11020,1781099985.391979,syn_flood
11021,1781099985.392413,syn_flood
11022,1781099985.392774,syn_flood
11023,1781099985.393256,syn_flood
11024,1781099985.393695,udp_reflection
11025,1781099985.394430,http_flood
11026,1781099985.394907,syn_flood
11027,1781099985.395636,normal
11028,1781099985.396073,normal
11029,1781099985.396406,normal
11030,1781099985.396853,syn_flood
11031,1781099985.397545,syn_flood
11032,1781099985.397969,normal
11033,1781099985.398388,udp_reflection
11034,1781099985.398810,syn_flood
11035,1781099985.399297,syn_flood
11036,1781099985.399932,http_flood
11037,1781099985.400492,syn_flood
11038,1781099985.400838,http_flood
11039,1781099985.401413,syn_flood
11040,1781099985.401983,syn_flood
11041,1781099985.402462,normal
11042,1781099985.402933,http_flood
11043,1781099985.403495,udp_reflection
11044,1781099985.404169,http_flood
11045,1781099985.404829,normal
11046,1781099985.405361,syn_flood
11047,1781099985.405811,udp_reflection
11048,1781099985.406415,syn_flood
11049,1781099985.406908,syn_flood
11050,1781099985.407348,syn_flood
11051,1781099985.407938,normal
11052,1781099985.408504,syn_flood
11053,1781099985.409042,normal
11054,1781099985.409482,udp_reflection
11055,1781099985.409830,http_flood
11056,1781099985.410362,normal
11057,1781099985.410962,syn_flood
11058,1781099985.411529,http_flood
11059,1781099985.412443,http_flood
11060,1781099985.412933,syn_flood
11061,1781099985.413345,syn_flood
11062,1781099985.413701,udp_reflection
11063,1781099985.414514,syn_flood
11064,1781099985.415074,normal
11065,1781099985.415639,http_flood
11066,1781099985.416031,normal
11067,1781099985.416502,http_flood
11068,1781099985.417115,syn_flood
11069,1781099985.417535,udp_reflection
11070,1781099985.417979,normal
11071,1781099985.418397,syn_flood
11072,1781099985.419030,syn_flood
11073,1781099985.419632,syn_flood
11074,1781099985.420351,syn_flood
11075,1781099985.420739,syn_flood
11076,1781099985.421516,normal
11077,1781099985.422005,udp_reflection
11078,1781099985.422606,http_flood
11079,1781099985.423315,syn_flood
11080,1781099985.423883,udp_reflection
11081,1781099985.424437,syn_flood
11082,1781099985.425116,normal
11083,1781099985.425657,normal
11084,1781099985.426110,syn_flood
11085,1781099985.426512,udp_reflection
11086,1781099985.427050,udp_reflection
11087,1781099985.427807,http_flood
11088,1781099985.428260,normal
11089,1781099985.428775,syn_flood
11090,1781099985.429249,syn_flood
11091,1781099985.429742,normal
11092,1781099985.430202,syn_flood
11093,1781099985.430519,syn_flood
11094,1781099985.430947,syn_flood
11095,1781099985.431572,syn_flood
11096,1781099985.432006,normal
11097,1781099985.432631,syn_flood
11098,1781099985.433313,syn_flood
11099,1781099985.433864,syn_flood
11100,1781099985.434244,syn_flood
11101,1781099985.434801,udp_reflection
11102,1781099985.435412,syn_flood
11103,1781099985.435917,http_flood
11104,1781099985.436365,syn_flood
11105,1781099985.436703,normal
11106,1781099985.437148,normal
11107,1781099985.437676,syn_flood
11108,1781099985.438271,normal
11109,1781099985.438745,http_flood
11110,1781099985.439658,syn_flood
11111,1781099985.439992,syn_flood
11112,1781099985.440553,http_flood
11113,1781099985.441103,udp_reflection
11114,1781099985.441623,normal
11115,1781099985.442149,normal
11116,1781099985.442648,syn_flood
11117,1781099985.443410,syn_flood
11118,1781099985.444031,udp_reflection
11119,1781099985.444522,syn_flood
11120,1781099985.444977,syn_flood
11121,1781099985.445674,udp_reflection
11122,1781099985.446134,udp_reflection
11123,1781099985.446568,syn_flood
11124,1781099985.447300,syn_flood
11125,1781099985.447817,syn_flood
11126,1781099985.448207,http_flood
11127,1781099985.448585,syn_flood
11128,1781099985.449001,syn_flood
11129,1781099985.449602,normal
11130,1781099985.450125,normal
11131,1781099985.450552,normal
11132,1781099985.451192,syn_flood
11133,1781099985.451580,normal
11134,1781099985.451958,syn_flood
11135,1781099985.452269,http_flood
11136,1781099985.452957,syn_flood
11137,1781099985.453607,syn_flood
11138,1781099985.454086,syn_flood
11139,1781099985.454389,syn_flood
11140,1781099985.455040,http_flood
11141,1781099985.455471,syn_flood
11142,1781099985.456025,syn_flood
11143,1781099985.456638,syn_flood
11144,1781099985.457233,syn_flood
11145,1781099985.457740,syn_flood
11146,1781099985.458288,http_flood
11147,1781099985.458858,syn_flood
11148,1781099985.459368,syn_flood
11149,1781099985.459733,syn_flood
11150,1781099985.460102,syn_flood
11151,1781099985.460547,normal
11152,1781099985.460936,normal
11153,1781099985.461673,syn_flood
11154,1781099985.462233,normal
11155,1781099985.462953,udp_reflection
11156,1781099985.463553,syn_flood
11157,1781099985.463994,syn_flood
11158,1781099985.464471,syn_flood
11159,1781099985.464960,udp_reflection
11160,1781099985.465328,syn_flood
11161,1781099985.465754,syn_flood
11162,1781099985.466368,normal
11163,1781099985.466902,normal
11164,1781099985.467451,syn_flood
11165,1781099985.468088,syn_flood
11166,1781099985.468697,syn_flood
11167,1781099985.469218,normal
11168,1781099985.469707,syn_flood
11169,1781099985.470266,normal
11170,1781099985.470775,syn_flood
11171,1781099985.471144,syn_flood
11172,1781099985.471698,syn_flood
11173,1781099985.472320,http_flood
11174,1781099985.472951,syn_flood
11175,1781099985.473276,syn_flood
11176,1781099985.473784,http_flood
11177,1781099985.474598,syn_flood
11178,1781099985.475165,syn_flood
11179,1781099985.475641,http_flood
11180,1781099985.476163,normal
11181,1781099985.476609,normal
11182,1781099985.476967,syn_flood
11183,1781099985.477440,udp_reflection
11184,1781099985.477997,syn_flood
11185,1781099985.478508,syn_flood
11186,1781099985.478976,http_flood
11187,1781099985.479371,syn_flood
11188,1781099985.479666,syn_flood
11189,1781099985.479982,syn_flood
11190,1781099985.480639,syn_flood
11191,1781099985.481220,syn_flood
11192,1781099985.481768,normal
11193,1781099985.482203,syn_flood
11194,1781099985.482707,syn_flood
11195,1781099985.483369,normal
11196,1781099985.484053,udp_reflection
11197,1781099985.484645,udp_reflection
11198,1781099985.485302,normal
11199,1781099985.485656,normal
11200,1781099985.486283,syn_flood
11201,1781099985.486825,udp_reflection
11202,1781099985.487567,normal
11203,1781099985.487985,udp_reflection
11204,1781099985.488597,syn_flood
11205,1781099985.489306,syn_flood
11206,1781099985.489717,syn_flood
11207,1781099985.490257,syn_flood
11208,1781099985.490904,http_flood
11209,1781099985.491384,syn_flood
11210,1781099985.491844,syn_flood
11211,1781099985.492693,syn_flood
11212,1781099985.493286,syn_flood
11213,1781099985.493719,http_flood
11214,1781099985.494135,http_flood
11215,1781099985.494564,syn_flood
11216,1781099985.495137,normal
11217,1781099985.495657,http_flood
11218,1781099985.496325,syn_flood
11219,1781099985.497014,http_flood
11220,1781099985.497496,syn_flood
11221,1781099985.498071,syn_flood
11222,1781099985.498580,normal
11223,1781099985.499009,udp_reflection
11224,1781099985.499616,syn_flood
11225,1781099985.500116,syn_flood
11226,1781099985.500631,normal
11227,1781099985.501496,http_flood
11228,1781099985.501940,syn_flood
11229,1781099985.502405,http_flood
11230,1781099985.502967,normal
11231,1781099985.503391,normal
11232,1781099985.503992,normal
11233,1781099985.504482,syn_flood
11234,1781099985.505002,http_flood
11235,1781099985.505555,normal
11236,1781099985.506006,normal
11237,1781099985.506492,http_flood
11238,1781099985.506875,syn_flood
11239,1781099985.507380,normal
11240,1781099985.508004,syn_flood
11241,1781099985.508447,syn_flood
11242,1781099985.509146,syn_flood
11243,1781099985.509898,normal
11244,1781099985.510523,syn_flood
11245,1781099985.511047,syn_flood
11246,1781099985.511623,http_flood
11247,1781099985.511994,syn_flood
11248,1781099985.512543,normal
11249,1781099985.512945,syn_flood
11250,1781099985.513418,normal
11251,1781099985.513981,http_flood
11252,1781099985.514401,syn_flood
11253,1781099985.514937,syn_flood
11254,1781099985.515444,http_flood
11255,1781099985.516142,syn_flood
11256,1781099985.516520,syn_flood
11257,1781099985.517102,syn_flood
11258,1781099985.517623,normal
11259,1781099985.518180,syn_flood
11260,1781099985.518766,udp_reflection
11261,1781099985.519276,normal
11262,1781099985.519827,normal
11263,1781099985.520315,syn_flood
11264,1781099985.520763,normal
11265,1781099985.521124,normal
11266,1781099985.521700,http_flood
11267,1781099985.522322,syn_flood
11268,1781099985.522691,normal
11269,1781099985.523481,syn_flood
11270,1781099985.523896,syn_flood
11271,1781099985.524633,normal
11272,1781099985.525028,syn_flood
11273,1781099985.525621,normal
11274,1781099985.526242,syn_flood
11275,1781099985.526879,http_flood
11276,1781099985.527502,normal
11277,1781099985.528176,udp_reflection
11278,1781099985.528764,udp_reflection
11279,1781099985.529328,syn_flood
11280,1781099985.529742,http_flood
11281,1781099985.530181,syn_flood
11282,1781099985.530744,normal
11283,1781099985.531383,syn_flood
11284,1781099985.531780,normal
11285,1781099985.532504,syn_flood
11286,1781099985.532987,syn_flood
11287,1781099985.533576,udp_reflection
11288,1781099985.533968,http_flood
11289,1781099985.534410,normal
11290,1781099985.535049,syn_flood
11291,1781099985.535970,syn_flood
11292,1781099985.536628,syn_flood
11293,1781099985.537110,syn_flood
11294,1781099985.537643,syn_flood
11295,1781099985.538102,syn_flood
11296,1781099985.538921,syn_flood
11297,1781099985.539428,syn_flood
11298,1781099985.539790,syn_flood
11299,1781099985.540223,syn_flood
11300,1781099985.540527,syn_flood
11301,1781099985.541046,syn_flood
11302,1781099985.541790,normal
11303,1781099985.542333,syn_flood
11304,1781099985.542742,syn_flood
11305,1781099985.543373,normal
11306,1781099985.543781,syn_flood
11307,1781099985.544345,normal
11308,1781099985.544743,normal
11309,1781099985.545320,http_flood
11310,1781099985.545863,normal
11311,1781099985.546401,syn_flood
11312,1781099985.546880,http_flood
11313,1781099985.547442,normal
11314,1781099985.548006,syn_flood
11315,1781099985.548581,syn_flood
11316,1781099985.549131,syn_flood
11317,1781099985.549563,syn_flood
11318,1781099985.550185,normal
11319,1781099985.550677,syn_flood
11320,1781099985.551158,syn_flood
11321,1781099985.551723,syn_flood
11322,1781099985.552427,udp_reflection
11323,1781099985.553023,normal
11324,1781099985.553409,normal
11325,1781099985.554064,syn_flood
11326,1781099985.554601,normal
11327,1781099985.555106,normal
11328,1781099985.555567,syn_flood
11329,1781099985.556182,udp_reflection
11330,1781099985.556857,udp_reflection
11331,1781099985.557327,normal
11332,1781099985.557878,syn_flood
11333,1781099985.558334,udp_reflection
11334,1781099985.558944,syn_flood
11335,1781099985.559232,normal
11336,1781099985.559680,syn_flood
11337,1781099985.560292,http_flood
11338,1781099985.560854,syn_flood
11339,1781099985.561349,normal
11340,1781099985.561873,syn_flood
11341,1781099985.562489,syn_flood
11342,1781099985.563026,normal
11343,1781099985.563401,syn_flood
11344,1781099985.563708,syn_flood
11345,1781099985.564034,syn_flood
11346,1781099985.564438,udp_reflection
11347,1781099985.564944,syn_flood
11348,1781099985.565370,syn_flood
11349,1781099985.565890,normal
11350,1781099985.566352,http_flood
11351,1781099985.566716,udp_reflection
11352,1781099985.567125,normal
11353,1781099985.567639,syn_flood
11354,1781099985.567991,syn_flood
11355,1781099985.568492,syn_flood
11356,1781099985.569051,udp_reflection
11357,1781099985.569554,normal
11358,1781099985.570161,syn_flood
11359,1781099985.570722,syn_flood
11360,1781099985.571275,syn_flood
11361,1781099985.571860,syn_flood
11362,1781099985.572304,syn_flood
11363,1781099985.572984,syn_flood
11364,1781099985.573549,syn_flood
11365,1781099985.574159,syn_flood
11366,1781099985.574600,http_flood
11367,1781099985.575077,syn_flood
11368,1781099985.575540,normal
11369,1781099985.575987,http_flood
11370,1781099985.576493,syn_flood
11371,1781099985.576883,normal
11372,1781099985.577375,syn_flood
11373,1781099985.577966,syn_flood
11374,1781099985.578719,udp_reflection
11375,1781099985.579187,udp_reflection
11376,1781099985.579944,syn_flood
11377,1781099985.580597,normal
11378,1781099985.581057,syn_flood
11379,1781099985.581590,udp_reflection
11380,1781099985.582073,syn_flood
11381,1781099985.582421,normal
11382,1781099985.582799,udp_reflection
11383,1781099985.583235,syn_flood
11384,1781099985.583701,syn_flood
11385,1781099985.584286,syn_flood
11386,1781099985.584856,syn_flood
11387,1781099985.585120,syn_flood
11388,1781099985.585620,http_flood
11389,1781099985.586102,syn_flood
11390,1781099985.586637,http_flood
11391,1781099985.587070,syn_flood
11392,1781099985.587545,udp_reflection
11393,1781099985.588063,syn_flood
11394,1781099985.588672,syn_flood
11395,1781099985.589142,normal
11396,1781099985.589625,http_flood
11397,1781099985.590503,http_flood
11398,1781099985.590931,syn_flood
11399,1781099985.591491,normal
11400,1781099985.591933,syn_flood
11401,1781099985.592262,syn_flood
11402,1781099985.592732,normal
11403,1781099985.593114,normal
11404,1781099985.594078,normal
11405,1781099985.595375,normal
11406,1781099985.596486,normal
11407,1781099985.597973,normal
11408,1781099985.599714,normal
11409,1781099985.601388,normal
11410,1781099985.603540,udp_reflection
11411,1781099985.605324,syn_flood
11412,1781099985.607016,normal
11413,1781099985.610001,syn_flood
11414,1781099985.611756,syn_flood
11415,1781099985.613423,normal
11416,1781099985.615181,normal
11417,1781099985.617163,normal
11418,1781099985.618576,normal
11419,1781099985.620914,syn_flood
11420,1781099985.622095,udp_reflection
11421,1781099985.623743,normal
11422,1781099985.625742,normal
11423,1781099985.627120,normal
11424,1781099985.629054,normal
11425,1781099985.631000,normal
11426,1781099985.632396,syn_flood
11427,1781099985.634010,normal
11428,1781099985.635759,normal
11429,1781099985.637155,udp_reflection
11430,1781099985.638688,udp_reflection
11431,1781099985.641048,normal
11432,1781099985.642505,normal
11433,1781099985.644876,normal
11434,1781099985.646656,normal
11435,1781099985.648636,syn_flood
11436,1781099985.650605,syn_flood
11437,1781099985.652330,normal
11438,1781099985.653463,normal
11439,1781099985.655561,udp_reflection
11440,1781099985.657080,normal
11441,1781099985.658529,normal
11442,1781099985.659388,normal
11443,1781099985.660908,normal
11444,1781099985.662424,syn_flood
11445,1781099985.664501,syn_flood
11446,1781099985.666215,syn_flood
11447,1781099985.668038,normal
11448,1781099985.669341,syn_flood
11449,1781099985.671434,normal
11450,1781099985.673717,normal
11451,1781099985.674952,normal
11452,1781099985.676558,normal
11453,1781099985.678082,normal
11454,1781099985.679923,normal
11455,1781099985.681609,normal
11456,1781099985.683036,syn_flood
11457,1781099985.685097,normal
11458,1781099985.686743,udp_reflection
11459,1781099985.688414,normal
11460,1781099985.689807,normal
11461,1781099985.691664,normal
11462,1781099985.693567,normal
11463,1781099985.695708,normal
11464,1781099985.697349,normal
11465,1781099985.698667,normal
11466,1781099985.700221,normal
11467,1781099985.702017,syn_flood
11468,1781099985.703422,normal
11469,1781099985.704612,normal
11470,1781099985.705880,udp_reflection
11471,1781099985.707693,syn_flood
11472,1781099985.709269,normal
11473,1781099985.710449,normal
11474,1781099985.712450,normal
11475,1781099985.713577,udp_reflection
11476,1781099985.714893,http_flood
11477,1781099985.716553,normal
11478,1781099985.717915,normal
11479,1781099985.719265,normal
11480,1781099985.720780,udp_reflection
11481,1781099985.722576,normal
11482,1781099985.724285,normal
11483,1781099985.726552,normal
11484,1781099985.728760,normal
11485,1781099985.730108,normal
11486,1781099985.731716,normal
11487,1781099985.732974,normal
11488,1781099985.734519,syn_flood
11489,1781099985.735768,normal
11490,1781099985.738117,syn_flood
11491,1781099985.740210,normal
11492,1781099985.741561,normal
11493,1781099985.743407,normal
11494,1781099985.745475,normal
11495,1781099985.747230,normal
11496,1781099985.748464,normal
11497,1781099985.749920,syn_flood
11498,1781099985.751571,normal
11499,1781099985.753055,syn_flood
11500,1781099985.754757,normal
11501,1781099985.756293,normal
11502,1781099985.757855,normal
11503,1781099985.759516,normal
11504,1781099985.761034,normal
11505,1781099985.762213,normal
11506,1781099985.763476,normal
11507,1781099985.765342,normal
11508,1781099985.767155,normal
11509,1781099985.769108,normal
11510,1781099985.770607,normal
11511,1781099985.771895,normal
11512,1781099985.774519,normal
11513,1781099985.776460,normal
11514,1781099985.777811,normal
11515,1781099985.780019,normal
11516,1781099985.781700,normal
11517,1781099985.782911,udp_reflection
11518,1781099985.784404,syn_flood
11519,1781099985.786734,normal
11520,1781099985.788305,normal
11521,1781099985.789785,syn_flood
11522,1781099985.792182,normal
11523,1781099985.793825,normal
11524,1781099985.794902,syn_flood
11525,1781099985.796004,normal
11526,1781099985.797835,normal
11527,1781099985.799658,normal
11528,1781099985.801242,normal
11529,1781099985.802918,normal
11530,1781099985.804455,normal
11531,1781099985.806234,normal
11532,1781099985.807858,normal
11533,1781099985.809834,normal
11534,1781099985.812326,syn_flood
11535,1781099985.813107,syn_flood
11536,1781099985.814776,normal
11537,1781099985.816207,udp_reflection
11538,1781099985.817498,normal
11539,1781099985.819203,normal
11540,1781099985.820477,syn_flood
11541,1781099985.821831,normal
11542,1781099985.823208,normal
11543,1781099985.824577,http_flood
11544,1781099985.826445,normal
11545,1781099985.828295,udp_reflection
11546,1781099985.829740,normal
11547,1781099985.831470,normal
11548,1781099985.833194,normal
11549,1781099985.835067,normal
11550,1781099985.836487,normal
11551,1781099985.838352,normal
11552,1781099985.840145,syn_flood
11553,1781099985.842465,normal
11554,1781099985.844780,normal
11555,1781099985.846668,normal
11556,1781099985.848050,normal
11557,1781099985.849145,normal
11558,1781099985.851109,normal
11559,1781099985.852886,normal
11560,1781099985.854886,syn_flood
11561,1781099985.856416,syn_flood
11562,1781099985.858338,normal
11563,1781099985.860476,normal
11564,1781099985.862334,normal
11565,1781099985.863825,syn_flood
11566,1781099985.865486,normal
11567,1781099985.867164,normal
11568,1781099985.868752,syn_flood
11569,1781099985.871316,syn_flood
11570,1781099985.873494,normal
11571,1781099985.875020,normal
11572,1781099985.878043,normal
11573,1781099985.880363,normal
11574,1781099985.881910,normal
11575,1781099985.883110,normal
11576,1781099985.884280,syn_flood
11577,1781099985.886206,normal
11578,1781099985.887936,normal
11579,1781099985.889602,normal
11580,1781099985.891596,normal
11581,1781099985.893204,syn_flood
11582,1781099985.894495,syn_flood
11583,1781099985.896071,normal
11584,1781099985.897774,normal
11585,1781099985.899952,normal
11586,1781099985.901952,normal
11587,1781099985.903691,normal
11588,1781099985.905979,normal
11589,1781099985.907810,normal
11590,1781099985.909690,normal
11591,1781099985.911412,normal
11592,1781099985.912575,normal
11593,1781099985.914103,normal
11594,1781099985.915534,normal
11595,1781099985.917558,normal
11596,1781099985.919548,syn_flood
11597,1781099985.920597,normal
11598,1781099985.922083,normal
11599,1781099985.923773,normal
11600,1781099985.925838,normal
11601,1781099985.927899,udp_reflection
11602,1781099985.929040,normal
11603,1781099985.931909,syn_flood
11604,1781099985.933712,normal
11605,1781099985.935790,normal
11606,1781099985.937597,normal
11607,1781099985.939701,normal
11608,1781099985.940683,normal
11609,1781099985.942269,normal
11610,1781099985.944324,normal
11611,1781099985.946097,normal
11612,1781099985.947510,normal
11613,1781099985.949335,normal
11614,1781099985.950799,normal
11615,1781099985.952346,normal
11616,1781099985.953764,normal
11617,1781099985.955230,syn_flood
11618,1781099985.957181,normal
11619,1781099985.958439,normal
11620,1781099985.960117,normal
11621,1781099985.961586,normal
11622,1781099985.962993,normal
11623,1781099985.964272,normal
11624,1781099985.965952,normal
11625,1781099985.967948,normal
11626,1781099985.969825,normal
11627,1781099985.971509,normal
11628,1781099985.973660,normal
11629,1781099985.975708,syn_flood
11630,1781099985.976799,normal
11631,1781099985.978248,normal
11632,1781099985.979984,normal
11633,1781099985.981654,normal
11634,1781099985.983099,normal
11635,1781099985.985655,normal
11636,1781099985.987553,normal
11637,1781099985.989949,normal
11638,1781099985.991904,normal
11639,1781099985.993576,normal
11640,1781099985.995248,normal
11641,1781099985.997685,normal
11642,1781099985.998960,syn_flood
11643,1781099986.001328,normal
11644,1781099986.003039,normal
11645,1781099986.004300,normal
11646,1781099986.005619,normal
11647,1781099986.007024,syn_flood
11648,1781099986.008641,normal
11649,1781099986.010069,normal
11650,1781099986.012686,normal
11651,1781099986.013919,normal
11652,1781099986.015808,normal
11653,1781099986.017039,normal
11654,1781099986.018843,normal
11655,1781099986.020499,normal
11656,1781099986.022712,normal
11657,1781099986.024287,syn_flood
11658,1781099986.025791,syn_flood
11659,1781099986.027397,normal
11660,1781099986.029339,normal
11661,1781099986.031582,normal
11662,1781099986.033083,normal
11663,1781099986.034930,http_flood
11664,1781099986.036615,normal
11665,1781099986.038223,normal
11666,1781099986.039572,normal
11667,1781099986.041167,normal
11668,1781099986.042499,normal
11669,1781099986.045619,normal
11670,1781099986.047691,syn_flood
11671,1781099986.049427,normal
11672,1781099986.051820,normal
11673,1781099986.053280,normal
11674,1781099986.055022,normal
11675,1781099986.056734,normal
11676,1781099986.058573,http_flood
11677,1781099986.060328,normal
11678,1781099986.061494,normal
11679,1781099986.063250,normal
11680,1781099986.064363,normal
11681,1781099986.066510,normal
11682,1781099986.068302,normal
11683,1781099986.069798,http_flood
11684,1781099986.071833,normal
11685,1781099986.073124,normal
11686,1781099986.074691,normal
11687,1781099986.077251,syn_flood
11688,1781099986.078974,normal
11689,1781099986.080613,normal
11690,1781099986.082322,udp_reflection
11691,1781099986.083629,normal
11692,1781099986.085228,normal
11693,1781099986.087278,normal
11694,1781099986.088611,syn_flood
11695,1781099986.090284,normal
11696,1781099986.091542,normal
11697,1781099986.093444,normal
11698,1781099986.094928,syn_flood
11699,1781099986.096831,http_flood
11700,1781099986.098632,normal
11701,1781099986.100697,normal
11702,1781099986.102278,syn_flood
11703,1781099986.104368,normal
11704,1781099986.105338,syn_flood
11705,1781099986.107380,normal
11706,1781099986.109138,syn_flood
11707,1781099986.111146,normal
11708,1781099986.112960,syn_flood
11709,1781099986.115661,normal
11710,1781099986.117461,normal
11711,1781099986.119676,syn_flood
11712,1781099986.121309,normal
11713,1781099986.123162,normal
11714,1781099986.124750,normal
11715,1781099986.126644,normal
11716,1781099986.128316,normal
11717,1781099986.130006,normal
11718,1781099986.131439,normal
11719,1781099986.133089,normal
11720,1781099986.134609,normal
11721,1781099986.136487,udp_reflection
11722,1781099986.138300,syn_flood
11723,1781099986.140111,normal
11724,1781099986.141514,normal
11725,1781099986.142751,normal
11726,1781099986.144349,normal
11727,1781099986.146034,normal
11728,1781099986.147846,http_flood
11729,1781099986.150127,normal
11730,1781099986.152094,normal
11731,1781099986.153751,syn_flood
11732,1781099986.154887,normal
11733,1781099986.156548,normal
11734,1781099986.158288,udp_reflection
11735,1781099986.159683,normal
11736,1781099986.162058,normal
11737,1781099986.163172,udp_reflection
11738,1781099986.164694,normal
11739,1781099986.166552,normal
11740,1781099986.168392,http_flood
11741,1781099986.169932,normal
11742,1781099986.172229,normal
11743,1781099986.174124,normal
11744,1781099986.176586,syn_flood
11745,1781099986.177918,normal
11746,1781099986.179434,normal
11747,1781099986.180968,normal
11748,1781099986.182669,syn_flood
11749,1781099986.184661,normal
11750,1781099986.186665,normal
11751,1781099986.188388,normal
11752,1781099986.190142,normal
11753,1781099986.193179,normal
11754,1781099986.194995,normal
11755,1781099986.196892,syn_flood
11756,1781099986.198589,normal
11757,1781099986.200296,normal
11758,1781099986.201628,normal
11759,1781099986.203329,normal
11760,1781099986.205071,normal
11761,1781099986.206382,normal
11762,1781099986.207546,normal
11763,1781099986.210248,normal
11764,1781099986.211980,http_flood
11765,1781099986.213766,normal
11766,1781099986.215979,syn_flood
11767,1781099986.217652,syn_flood
11768,1781099986.219072,normal
11769,1781099986.221406,normal
11770,1781099986.222933,normal
11771,1781099986.224410,normal
11772,1781099986.226992,http_flood
11773,1781099986.228399,syn_flood
11774,1781099986.230424,normal
11775,1781099986.232313,normal
11776,1781099986.233916,normal
11777,1781099986.235155,normal
11778,1781099986.236528,normal
11779,1781099986.238264,normal
11780,1781099986.240355,normal
11781,1781099986.241786,normal
11782,1781099986.244654,normal
11783,1781099986.245757,normal
11784,1781099986.247845,normal
11785,1781099986.249135,normal
11786,1781099986.251251,syn_flood
11787,1781099986.253308,syn_flood
11788,1781099986.254499,normal
11789,1781099986.255963,normal
11790,1781099986.257571,syn_flood
11791,1781099986.258806,normal
11792,1781099986.260540,syn_flood
11793,1781099986.261842,syn_flood
11794,1781099986.264205,normal
11795,1781099986.265728,normal
11796,1781099986.266976,normal
11797,1781099986.268528,normal
11798,1781099986.270298,normal
11799,1781099986.271616,normal
11800,1781099986.273517,normal
11801,1781099986.275067,syn_flood
11802,1781099986.277294,http_flood
11803,1781099986.278523,normal
11804,1781099986.280109,normal
11805,1781099986.282365,normal
11806,1781099986.285185,normal
11807,1781099986.287105,normal
11808,1781099986.288711,normal
11809,1781099986.289784,http_flood
11810,1781099986.291608,normal
11811,1781099986.293029,normal
11812,1781099986.294485,normal
11813,1781099986.296659,syn_flood
11814,1781099986.298308,normal
11815,1781099986.300143,normal
11816,1781099986.302784,normal
11817,1781099986.304044,normal
11818,1781099986.305302,normal
11819,1781099986.307523,normal
11820,1781099986.309053,normal
11821,1781099986.310533,normal
11822,1781099986.312188,normal
11823,1781099986.313864,normal
11824,1781099986.315493,normal
11825,1781099986.316998,normal
11826,1781099986.318848,normal
11827,1781099986.321383,normal
11828,1781099986.323008,normal
11829,1781099986.324400,syn_flood
11830,1781099986.326195,normal
11831,1781099986.327718,normal
11832,1781099986.329399,udp_reflection
11833,1781099986.330894,normal
11834,1781099986.333223,normal
11835,1781099986.335048,normal
11836,1781099986.336769,normal
11837,1781099986.338394,normal
11838,1781099986.340068,normal
11839,1781099986.342532,normal
11840,1781099986.344088,normal
11841,1781099986.345873,normal
11842,1781099986.347574,normal
11843,1781099986.349428,syn_flood
11844,1781099986.350969,syn_flood
11845,1781099986.352704,udp_reflection
11846,1781099986.355026,normal
11847,1781099986.356674,syn_flood
11848,1781099986.357915,http_flood
11849,1781099986.359192,normal
11850,1781099986.361043,normal
11851,1781099986.362425,normal
11852,1781099986.363964,http_flood
11853,1781099986.365175,normal
11854,1781099986.366822,normal
11855,1781099986.368776,syn_flood
11856,1781099986.370786,normal
11857,1781099986.372448,normal
11858,1781099986.373820,normal
11859,1781099986.375428,normal
11860,1781099986.377573,normal
11861,1781099986.379058,normal
11862,1781099986.381049,normal
11863,1781099986.382892,normal
11864,1781099986.384456,normal
11865,1781099986.385940,normal
11866,1781099986.387205,normal
11867,1781099986.388359,normal
11868,1781099986.389949,normal
11869,1781099986.391336,normal
11870,1781099986.392629,normal
11871,1781099986.394121,syn_flood
11872,1781099986.396052,normal
11873,1781099986.397659,normal
11874,1781099986.399824,normal
11875,1781099986.401310,http_flood
11876,1781099986.403227,normal
11877,1781099986.405003,normal
11878,1781099986.407020,normal
11879,1781099986.408535,normal
11880,1781099986.410290,normal
11881,1781099986.412706,normal
11882,1781099986.415739,normal
11883,1781099986.417420,normal
11884,1781099986.419761,syn_flood
11885,1781099986.421779,normal
11886,1781099986.423305,normal
11887,1781099986.424994,syn_flood
11888,1781099986.426813,normal
11889,1781099986.428491,syn_flood
11890,1781099986.430158,normal
11891,1781099986.432623,normal
11892,1781099986.434932,normal
11893,1781099986.436674,normal
11894,1781099986.438091,normal
11895,1781099986.439416,http_flood
11896,1781099986.441627,normal
11897,1781099986.444115,normal
11898,1781099986.446005,normal
11899,1781099986.447702,normal
11900,1781099986.449354,normal
11901,1781099986.450777,normal
11902,1781099986.453006,normal
11903,1781099986.454422,normal
11904,1781099986.456324,normal
11905,1781099986.457740,syn_flood
11906,1781099986.459379,normal
11907,1781099986.461632,syn_flood
11908,1781099986.463324,udp_reflection
11909,1781099986.464933,http_flood
11910,1781099986.466681,normal
11911,1781099986.468236,normal
11912,1781099986.469730,normal
11913,1781099986.471752,syn_flood
11914,1781099986.473764,normal
11915,1781099986.475910,normal
11916,1781099986.477470,normal
11917,1781099986.479928,syn_flood
11918,1781099986.481578,normal
11919,1781099986.483094,syn_flood
11920,1781099986.484713,udp_reflection
11921,1781099986.486396,syn_flood
11922,1781099986.488524,syn_flood
11923,1781099986.490346,syn_flood
11924,1781099986.491557,normal
11925,1781099986.493494,normal
11926,1781099986.495726,normal
11927,1781099986.496869,normal
11928,1781099986.498098,syn_flood
11929,1781099986.499971,normal
11930,1781099986.501584,normal
11931,1781099986.503509,normal
11932,1781099986.504998,normal
11933,1781099986.507565,normal
11934,1781099986.509659,normal
11935,1781099986.511019,normal
11936,1781099986.512452,normal
11937,1781099986.513911,normal
11938,1781099986.515420,normal
11939,1781099986.516829,http_flood
11940,1781099986.518455,normal
11941,1781099986.520152,syn_flood
11942,1781099986.521932,normal
11943,1781099986.524258,normal
11944,1781099986.526119,normal
11945,1781099986.527291,normal
11946,1781099986.529101,normal
11947,1781099986.530612,http_flood
11948,1781099986.532681,normal
11949,1781099986.534759,syn_flood
11950,1781099986.536034,normal
11951,1781099986.537736,normal
11952,1781099986.540040,normal
11953,1781099986.542038,normal
11954,1781099986.543259,normal
11955,1781099986.545116,normal
11956,1781099986.547811,syn_flood
11957,1781099986.549471,normal
11958,1781099986.551500,http_flood
11959,1781099986.553125,normal
11960,1781099986.554770,normal
11961,1781099986.556226,normal
11962,1781099986.557830,normal
11963,1781099986.559277,syn_flood
11964,1781099986.561334,syn_flood
11965,1781099986.563373,normal
11966,1781099986.565059,normal
11967,1781099986.566085,normal
11968,1781099986.567724,normal
11969,1781099986.569669,syn_flood
11970,1781099986.571395,normal
11971,1781099986.572451,normal
11972,1781099986.575308,normal
11973,1781099986.577053,normal
11974,1781099986.578549,normal
11975,1781099986.580019,normal
11976,1781099986.581623,normal
11977,1781099986.583091,normal
11978,1781099986.585068,normal
11979,1781099986.586438,normal
11980,1781099986.587621,syn_flood
11981,1781099986.589679,normal
11982,1781099986.591699,normal
11983,1781099986.593153,normal
11984,1781099986.594960,normal
11985,1781099986.596241,http_flood
11986,1781099986.597709,normal
11987,1781099986.599767,normal
11988,1781099986.601598,normal
11989,1781099986.602869,normal
11990,1781099986.604473,normal
11991,1781099986.606004,normal
11992,1781099986.607754,syn_flood
11993,1781099986.609710,normal
11994,1781099986.611263,normal
11995,1781099986.612445,udp_reflection
11996,1781099986.614240,http_flood
11997,1781099986.616258,normal
11998,1781099986.617679,normal
11999,1781099986.619259,normal
12000,1781099986.620626,normal
12001,1781099986.622510,udp_reflection
12002,1781099986.624224,normal
12003,1781099986.625652,syn_flood
12004,1781099986.626881,normal
12005,1781099986.628812,normal
12006,1781099986.630857,normal
12007,1781099986.632582,syn_flood
12008,1781099986.634046,normal
12009,1781099986.635838,normal
12010,1781099986.637309,normal
12011,1781099986.638990,normal
12012,1781099986.641016,normal
12013,1781099986.642563,normal
12014,1781099986.644050,normal
12015,1781099986.645490,normal
12016,1781099986.646862,normal
12017,1781099986.648970,normal
12018,1781099986.650852,normal
12019,1781099986.652718,syn_flood
12020,1781099986.654397,udp_reflection
12021,1781099986.656270,normal
12022,1781099986.657757,normal
12023,1781099986.659077,syn_flood
12024,1781099986.660298,normal
12025,1781099986.661616,syn_flood
12026,1781099986.663103,normal
12027,1781099986.664785,normal
12028,1781099986.666072,normal
12029,1781099986.667557,normal
12030,1781099986.669048,syn_flood
12031,1781099986.670658,normal
12032,1781099986.672058,normal
12033,1781099986.674984,normal
12034,1781099986.676474,syn_flood
12035,1781099986.678030,normal
12036,1781099986.680324,normal
12037,1781099986.681530,normal
12038,1781099986.683017,normal
12039,1781099986.684829,normal
12040,1781099986.686303,normal
12041,1781099986.687639,normal
12042,1781099986.689512,normal
12043,1781099986.690864,normal
12044,1781099986.692583,normal
12045,1781099986.693998,normal
12046,1781099986.695590,normal
12047,1781099986.697065,normal
12048,1781099986.698621,normal
12049,1781099986.700693,normal
12050,1781099986.701966,normal
12051,1781099986.703104,normal
12052,1781099986.704594,normal
12053,1781099986.705665,normal
12054,1781099986.707416,normal
12055,1781099986.709793,normal
12056,1781099986.711308,normal
12057,1781099986.713360,normal
12058,1781099986.715338,normal
12059,1781099986.717473,normal
12060,1781099986.719653,normal
12061,1781099986.721655,normal
12062,1781099986.723801,normal
12063,1781099986.724923,syn_flood
12064,1781099986.726600,normal
12065,1781099986.728201,normal
12066,1781099986.730030,normal
12067,1781099986.731585,syn_flood
12068,1781099986.733890,normal
12069,1781099986.735291,normal
12070,1781099986.737057,normal
12071,1781099986.738614,syn_flood
12072,1781099986.740879,normal
12073,1781099986.742893,syn_flood
12074,1781099986.744681,normal
12075,1781099986.746336,normal
12076,1781099986.748100,normal
12077,1781099986.749720,normal
12078,1781099986.751728,syn_flood
12079,1781099986.754200,normal
12080,1781099986.755270,normal
12081,1781099986.757035,normal
12082,1781099986.759322,normal
12083,1781099986.761770,normal
12084,1781099986.764027,normal
12085,1781099986.766053,normal
12086,1781099986.768260,normal
12087,1781099986.769576,syn_flood
12088,1781099986.771562,normal
12089,1781099986.773181,syn_flood
12090,1781099986.775240,normal
12091,1781099986.777539,normal
12092,1781099986.778731,normal
12093,1781099986.780921,normal
12094,1781099986.783047,syn_flood
12095,1781099986.784836,normal
12096,1781099986.786626,normal
12097,1781099986.788793,udp_reflection
12098,1781099986.790438,syn_flood
12099,1781099986.792469,syn_flood
12100,1781099986.794578,normal
12101,1781099986.796041,normal
12102,1781099986.797770,normal
12103,1781099986.799344,udp_reflection
12104,1781099986.800851,normal
12105,1781099986.802936,normal
12106,1781099986.805317,normal
12107,1781099986.806761,normal
12108,1781099986.808723,normal
12109,1781099986.810679,normal
12110,1781099986.811809,syn_flood
12111,1781099986.813019,normal
12112,1781099986.814456,normal
12113,1781099986.815751,normal
12114,1781099986.817898,normal
12115,1781099986.819696,normal
12116,1781099986.821715,normal
12117,1781099986.823658,normal
12118,1781099986.825839,normal
12119,1781099986.827844,syn_flood
12120,1781099986.829345,normal
12121,1781099986.831219,syn_flood
12122,1781099986.832500,normal
12123,1781099986.833744,normal
12124,1781099986.835592,normal
12125,1781099986.837067,normal
12126,1781099986.838360,normal
12127,1781099986.839684,normal
12128,1781099986.841762,normal
12129,1781099986.843659,normal
12130,1781099986.845105,http_flood
12131,1781099986.847650,syn_flood
12132,1781099986.849415,normal
12133,1781099986.851006,normal
12134,1781099986.852784,normal
12135,1781099986.854934,normal
12136,1781099986.856530,normal
12137,1781099986.857958,normal
12138,1781099986.859555,syn_flood
12139,1781099986.861018,normal
12140,1781099986.862692,normal
12141,1781099986.864601,normal
12142,1781099986.865686,normal
12143,1781099986.867391,normal
12144,1781099986.870037,syn_flood
12145,1781099986.871873,normal
12146,1781099986.872994,normal
12147,1781099986.874875,syn_flood
12148,1781099986.876754,normal
12149,1781099986.879164,normal
12150,1781099986.880800,udp_reflection
12151,1781099986.882573,normal
12152,1781099986.883895,normal
12153,1781099986.885800,normal
12154,1781099986.887416,normal
12155,1781099986.888958,normal
12156,1781099986.891430,normal
12157,1781099986.892631,syn_flood
12158,1781099986.894101,normal
12159,1781099986.895675,syn_flood
12160,1781099986.898065,normal
12161,1781099986.899534,normal
12162,1781099986.901136,normal
12163,1781099986.902768,syn_flood
12164,1781099986.904474,normal
12165,1781099986.906272,normal
12166,1781099986.907883,http_flood
12167,1781099986.910054,normal
12168,1781099986.912006,normal
12169,1781099986.912887,normal
12170,1781099986.914475,normal
12171,1781099986.915992,normal
12172,1781099986.917972,http_flood
12173,1781099986.919477,normal
12174,1781099986.921354,normal
12175,1781099986.922767,normal
12176,1781099986.924679,normal
12177,1781099986.926454,http_flood
12178,1781099986.927912,normal
12179,1781099986.929582,normal
12180,1781099986.931028,normal
12181,1781099986.932717,syn_flood
12182,1781099986.934363,normal
12183,1781099986.935671,syn_flood
12184,1781099986.936956,normal
12185,1781099986.938580,normal
12186,1781099986.940669,normal
12187,1781099986.942290,normal
12188,1781099986.943865,syn_flood
12189,1781099986.945633,normal
12190,1781099986.948575,normal
12191,1781099986.950235,normal
12192,1781099986.951966,normal
12193,1781099986.954244,normal
12194,1781099986.955529,normal
12195,1781099986.957193,normal
12196,1781099986.958715,normal
12197,1781099986.960316,normal
12198,1781099986.961897,normal
12199,1781099986.963629,syn_flood
12200,1781099986.965826,normal
12201,1781099986.967141,normal
12202,1781099986.968647,normal
12203,1781099986.969858,syn_flood
12204,1781099986.971081,udp_reflection
12205,1781099986.972891,normal
12206,1781099986.974774,normal
12207,1781099986.976670,normal
12208,1781099986.978423,normal
12209,1781099986.979841,normal
12210,1781099986.981045,normal
12211,1781099986.982729,normal
12212,1781099986.984321,normal
12213,1781099986.986169,normal
12214,1781099986.988035,normal
12215,1781099986.989281,udp_reflection
12216,1781099986.990720,normal
12217,1781099986.992708,syn_flood
12218,1781099986.995056,normal
12219,1781099986.996227,normal
12220,1781099986.998030,normal
12221,1781099986.999770,syn_flood
12222,1781099987.002274,normal
12223,1781099987.003950,syn_flood
12224,1781099987.006491,normal
12225,1781099987.007868,normal
12226,1781099987.009940,normal
12227,1781099987.011876,syn_flood
12228,1781099987.013602,syn_flood
12229,1781099987.015720,normal
12230,1781099987.017169,normal
12231,1781099987.018824,syn_flood
12232,1781099987.020579,normal
12233,1781099987.022134,normal
12234,1781099987.024131,normal
12235,1781099987.025368,normal
12236,1781099987.027208,normal
12237,1781099987.028442,normal
12238,1781099987.029824,syn_flood
12239,1781099987.031386,normal
12240,1781099987.033545,normal
12241,1781099987.036279,normal
12242,1781099987.037416,normal
12243,1781099987.038789,normal
12244,1781099987.040617,normal
12245,1781099987.042108,normal
12246,1781099987.043841,normal
12247,1781099987.045891,normal
12248,1781099987.047513,normal
12249,1781099987.050315,normal
12250,1781099987.052116,normal
12251,1781099987.053859,normal
12252,1781099987.055156,normal
12253,1781099987.056803,syn_flood
12254,1781099987.058751,syn_flood
12255,1781099987.060165,normal
12256,1781099987.062510,normal
12257,1781099987.064333,syn_flood
12258,1781099987.066082,normal
12259,1781099987.067630,normal
12260,1781099987.069314,normal
12261,1781099987.071326,syn_flood
12262,1781099987.073024,normal
12263,1781099987.075135,normal
12264,1781099987.076574,normal
12265,1781099987.077727,normal
12266,1781099987.079022,normal
12267,1781099987.080891,normal
12268,1781099987.082587,syn_flood
12269,1781099987.084012,normal
12270,1781099987.085574,normal
12271,1781099987.087148,normal
12272,1781099987.088722,udp_reflection
12273,1781099987.090369,normal
12274,1781099987.092391,normal
12275,1781099987.093828,normal
12276,1781099987.095831,normal
12277,1781099987.097306,normal
12278,1781099987.099134,normal
12279,1781099987.100976,normal
12280,1781099987.102902,normal
12281,1781099987.104683,normal
12282,1781099987.106102,udp_reflection
12283,1781099987.107677,normal
12284,1781099987.109028,normal
12285,1781099987.110733,normal
12286,1781099987.112356,normal
12287,1781099987.114768,normal
12288,1781099987.116355,normal
12289,1781099987.118378,normal
12290,1781099987.120773,syn_flood
12291,1781099987.122814,normal
12292,1781099987.124655,normal
12293,1781099987.126050,syn_flood
12294,1781099987.127412,normal
12295,1781099987.129316,normal
12296,1781099987.130321,normal
12297,1781099987.132009,normal
12298,1781099987.133828,normal
12299,1781099987.135280,normal
12300,1781099987.136866,udp_reflection
12301,1781099987.138909,normal
12302,1781099987.140362,normal
12303,1781099987.141809,syn_flood
12304,1781099987.144298,normal
12305,1781099987.146344,syn_flood
12306,1781099987.147802,normal
12307,1781099987.148933,normal
12308,1781099987.150108,normal
12309,1781099987.152009,normal
12310,1781099987.153540,normal
12311,1781099987.155079,normal
12312,1781099987.156552,normal
12313,1781099987.158649,normal
12314,1781099987.160417,normal
12315,1781099987.161972,normal
12316,1781099987.164338,normal
12317,1781099987.166185,normal
12318,1781099987.167567,normal
12319,1781099987.170254,normal
12320,1781099987.172015,syn_flood
12321,1781099987.173627,normal
12322,1781099987.175534,normal
12323,1781099987.177073,udp_reflection
12324,1781099987.178759,normal
12325,1781099987.180179,normal
12326,1781099987.181184,normal
12327,1781099987.182388,normal
12328,1781099987.183758,normal
12329,1781099987.185734,normal
12330,1781099987.187111,normal
12331,1781099987.188614,normal
12332,1781099987.190178,normal
12333,1781099987.192209,normal
12334,1781099987.193883,normal
12335,1781099987.195693,normal
12336,1781099987.196797,normal
12337,1781099987.198419,syn_flood
12338,1781099987.199870,syn_flood
12339,1781099987.201935,normal
12340,1781099987.203609,syn_flood
12341,1781099987.205077,syn_flood
12342,1781099987.206656,syn_flood
12343,1781099987.208631,normal
12344,1781099987.210550,http_flood
12345,1781099987.212384,normal
12346,1781099987.213973,normal
12347,1781099987.215485,syn_flood
12348,1781099987.216942,normal
12349,1781099987.218662,normal
12350,1781099987.220399,syn_flood
12351,1781099987.223013,normal
12352,1781099987.224774,syn_flood
12353,1781099987.226703,normal
12354,1781099987.228124,normal
12355,1781099987.230046,normal
12356,1781099987.231843,syn_flood
12357,1781099987.233131,normal
12358,1781099987.234917,normal
12359,1781099987.236125,normal
12360,1781099987.237859,normal
12361,1781099987.240044,syn_flood
12362,1781099987.242046,normal
12363,1781099987.244252,normal
12364,1781099987.246228,normal
12365,1781099987.247759,normal
12366,1781099987.249010,normal
12367,1781099987.251193,normal
12368,1781099987.252456,normal
12369,1781099987.254519,normal
12370,1781099987.256806,syn_flood
12371,1781099987.258022,normal
12372,1781099987.259559,normal
12373,1781099987.261184,normal
12374,1781099987.263366,syn_flood
12375,1781099987.265153,normal
12376,1781099987.266432,normal
12377,1781099987.268272,normal
12378,1781099987.270255,normal
12379,1781099987.272697,normal
12380,1781099987.274781,normal
12381,1781099987.277120,normal
12382,1781099987.278571,normal
12383,1781099987.280443,udp_reflection
12384,1781099987.282638,http_flood
12385,1781099987.284974,normal
12386,1781099987.286439,normal
12387,1781099987.288514,normal
12388,1781099987.290391,normal
12389,1781099987.292542,syn_flood
12390,1781099987.295037,normal
12391,1781099987.296598,normal
12392,1781099987.298050,normal
12393,1781099987.299649,normal
12394,1781099987.301375,normal
12395,1781099987.302497,udp_reflection
12396,1781099987.304870,normal
12397,1781099987.306798,normal
12398,1781099987.308367,normal
12399,1781099987.310359,normal
12400,1781099987.311908,normal
12401,1781099987.313671,syn_flood
12402,1781099987.314956,syn_flood
12403,1781099987.316919,normal
12404,1781099987.318433,syn_flood
12405,1781099987.320087,normal
12406,1781099987.321701,normal
12407,1781099987.323080,normal
12408,1781099987.324756,normal
12409,1781099987.326528,normal
12410,1781099987.327968,syn_flood
12411,1781099987.330002,syn_flood
12412,1781099987.331700,normal
12413,1781099987.332991,normal
12414,1781099987.334736,syn_flood
12415,1781099987.336677,normal
12416,1781099987.337970,normal
12417,1781099987.339928,http_flood
12418,1781099987.341527,normal
12419,1781099987.343398,syn_flood
12420,1781099987.344664,normal
12421,1781099987.346333,normal
12422,1781099987.348067,normal
12423,1781099987.349421,normal
12424,1781099987.351043,normal
12425,1781099987.352662,syn_flood
12426,1781099987.354131,normal
12427,1781099987.356316,normal
12428,1781099987.357641,syn_flood
12429,1781099987.359311,normal
12430,1781099987.361442,normal
12431,1781099987.363551,syn_flood
12432,1781099987.365314,normal
12433,1781099987.366703,normal
12434,1781099987.368708,normal
12435,1781099987.370040,syn_flood
12436,1781099987.371581,normal
12437,1781099987.373053,normal
12438,1781099987.374366,normal
12439,1781099987.376064,syn_flood
12440,1781099987.378036,normal
12441,1781099987.379800,syn_flood
12442,1781099987.381152,normal
12443,1781099987.383806,normal
12444,1781099987.385449,normal
12445,1781099987.387301,normal
12446,1781099987.388932,normal
12447,1781099987.390830,syn_flood
12448,1781099987.392743,normal
12449,1781099987.395155,normal
12450,1781099987.396551,normal
12451,1781099987.398850,udp_reflection
12452,1781099987.400877,syn_flood
12453,1781099987.402681,normal
12454,1781099987.404305,normal
12455,1781099987.407182,normal
12456,1781099987.408602,syn_flood
12457,1781099987.410516,normal
12458,1781099987.412163,normal
12459,1781099987.413887,normal
12460,1781099987.416373,normal
12461,1781099987.418409,normal
12462,1781099987.420249,normal
12463,1781099987.421882,normal
12464,1781099987.423653,normal
12465,1781099987.425420,normal
12466,1781099987.427298,udp_reflection
12467,1781099987.428769,http_flood
12468,1781099987.430091,normal
12469,1781099987.431678,syn_flood
12470,1781099987.433841,normal
12471,1781099987.435181,normal
12472,1781099987.437174,syn_flood
12473,1781099987.438594,normal
12474,1781099987.440613,normal
12475,1781099987.442305,normal
12476,1781099987.444988,normal
12477,1781099987.447428,normal
12478,1781099987.449246,syn_flood
12479,1781099987.451073,normal
12480,1781099987.453097,normal
12481,1781099987.454754,syn_flood
12482,1781099987.456364,udp_reflection
12483,1781099987.458445,syn_flood
12484,1781099987.460321,normal
12485,1781099987.461865,normal
12486,1781099987.463986,normal
12487,1781099987.465420,syn_flood
12488,1781099987.466812,normal
12489,1781099987.468673,normal
12490,1781099987.471475,http_flood
12491,1781099987.473318,normal
12492,1781099987.476223,normal
12493,1781099987.477913,syn_flood
12494,1781099987.479831,normal
12495,1781099987.481046,normal
12496,1781099987.483414,normal
12497,1781099987.485038,normal
12498,1781099987.486612,normal
12499,1781099987.488880,http_flood
12500,1781099987.490231,normal
12501,1781099987.492855,normal
12502,1781099987.494675,normal
12503,1781099987.496100,normal
12504,1781099987.497576,normal
12505,1781099987.500371,normal
12506,1781099987.502146,normal
12507,1781099987.503817,normal
12508,1781099987.504741,normal
12509,1781099987.506393,normal
12510,1781099987.508357,http_flood
12511,1781099987.510432,syn_flood
12512,1781099987.511833,normal
12513,1781099987.513948,normal
12514,1781099987.515383,syn_flood
12515,1781099987.517150,normal
12516,1781099987.518651,normal
12517,1781099987.520178,syn_flood
12518,1781099987.521968,normal
12519,1781099987.523619,syn_flood
12520,1781099987.525198,normal
12521,1781099987.526494,normal
12522,1781099987.528178,udp_reflection
12523,1781099987.529600,normal
12524,1781099987.531059,normal
12525,1781099987.532587,normal
12526,1781099987.534066,normal
12527,1781099987.535660,normal
12528,1781099987.536976,normal
12529,1781099987.538671,syn_flood
12530,1781099987.540278,normal
12531,1781099987.541532,normal
12532,1781099987.542858,normal
12533,1781099987.545199,normal
12534,1781099987.546602,syn_flood
12535,1781099987.548445,normal
12536,1781099987.549899,normal
12537,1781099987.552287,normal
12538,1781099987.554224,normal
12539,1781099987.556274,normal
12540,1781099987.557611,normal
12541,1781099987.559093,normal
12542,1781099987.561074,syn_flood
12543,1781099987.562454,normal
12544,1781099987.563845,normal
12545,1781099987.565367,normal
12546,1781099987.566650,normal
12547,1781099987.568600,http_flood
12548,1781099987.570293,http_flood
12549,1781099987.571846,normal
12550,1781099987.574600,normal
12551,1781099987.577034,normal
12552,1781099987.579820,udp_reflection
12553,1781099987.581765,normal
12554,1781099987.583194,normal
12555,1781099987.585412,normal
12556,1781099987.586921,normal
12557,1781099987.589215,normal
12558,1781099987.591213,normal
12559,1781099987.592694,normal
12560,1781099987.594349,normal
12561,1781099987.596333,normal
12562,1781099987.597826,normal
12563,1781099987.599711,normal
12564,1781099987.601428,normal
12565,1781099987.602724,normal
12566,1781099987.604064,normal
12567,1781099987.605760,normal
12568,1781099987.606817,normal
12569,1781099987.608387,normal
12570,1781099987.610061,normal
12571,1781099987.611550,normal
12572,1781099987.612998,normal
12573,1781099987.615416,normal
12574,1781099987.617087,normal
12575,1781099987.619069,normal
12576,1781099987.620326,normal
12577,1781099987.622320,normal
12578,1781099987.624079,normal
12579,1781099987.625435,normal
12580,1781099987.627388,normal
12581,1781099987.628992,normal
12582,1781099987.630359,normal
12583,1781099987.631728,http_flood
12584,1781099987.633126,normal
12585,1781099987.634335,normal
12586,1781099987.635855,normal
12587,1781099987.638021,syn_flood
12588,1781099987.639497,normal
12589,1781099987.640910,normal
12590,1781099987.642401,normal
12591,1781099987.644212,normal
12592,1781099987.645948,normal
12593,1781099987.647609,normal
12594,1781099987.649213,normal
12595,1781099987.651411,http_flood
12596,1781099987.653492,normal
12597,1781099987.655733,http_flood
12598,1781099987.657583,normal
12599,1781099987.659609,normal
12600,1781099987.660915,http_flood
12601,1781099987.662866,normal
12602,1781099987.664902,normal
12603,1781099987.667053,normal
12604,1781099987.668504,syn_flood
12605,1781099987.670352,normal
12606,1781099987.671663,normal
12607,1781099987.672987,normal
12608,1781099987.674610,normal
12609,1781099987.676475,normal
12610,1781099987.677927,normal
12611,1781099987.680443,normal
12612,1781099987.681852,normal
12613,1781099987.683458,normal
12614,1781099987.684962,normal
12615,1781099987.686419,normal
12616,1781099987.688099,normal
12617,1781099987.689820,normal
12618,1781099987.691103,normal
12619,1781099987.692918,normal
12620,1781099987.694375,normal
12621,1781099987.696099,syn_flood
12622,1781099987.697665,normal
12623,1781099987.699746,syn_flood
12624,1781099987.701361,syn_flood
12625,1781099987.702591,normal
12626,1781099987.704399,normal
12627,1781099987.706241,syn_flood
12628,1781099987.707885,normal
12629,1781099987.710015,normal
12630,1781099987.711894,normal
12631,1781099987.713425,normal
12632,1781099987.714722,normal
12633,1781099987.716311,normal
12634,1781099987.717968,normal
12635,1781099987.719413,syn_flood
12636,1781099987.722014,normal
12637,1781099987.723628,udp_reflection
12638,1781099987.725292,normal
12639,1781099987.726465,normal
12640,1781099987.728449,normal
12641,1781099987.729908,normal
12642,1781099987.731489,normal
12643,1781099987.733329,normal
12644,1781099987.734745,normal
12645,1781099987.736874,http_flood
12646,1781099987.738297,normal
12647,1781099987.740056,normal
12648,1781099987.741860,normal
12649,1781099987.744132,normal
12650,1781099987.745871,normal
12651,1781099987.747741,normal
12652,1781099987.749389,syn_flood
12653,1781099987.750935,normal
12654,1781099987.752255,syn_flood
12655,1781099987.753294,syn_flood
12656,1781099987.754691,syn_flood
12657,1781099987.755942,syn_flood
12658,1781099987.757696,normal
12659,1781099987.759662,normal
12660,1781099987.761616,syn_flood
12661,1781099987.763330,normal
12662,1781099987.765272,syn_flood
12663,1781099987.767856,normal
12664,1781099987.769802,normal
12665,1781099987.771004,normal
12666,1781099987.772792,normal
12667,1781099987.774108,normal
12668,1781099987.775985,http_flood
12669,1781099987.777640,normal
12670,1781099987.779954,syn_flood
12671,1781099987.781690,normal
12672,1781099987.783092,normal
12673,1781099987.784179,normal
12674,1781099987.785634,syn_flood
12675,1781099987.787357,normal
12676,1781099987.788859,normal
12677,1781099987.790661,normal
12678,1781099987.791990,syn_flood
12679,1781099987.793844,syn_flood
12680,1781099987.795624,normal
12681,1781099987.797707,normal
12682,1781099987.799204,syn_flood
12683,1781099987.801947,syn_flood
12684,1781099987.803719,normal
12685,1781099987.804935,normal
12686,1781099987.807208,normal
12687,1781099987.808707,normal
12688,1781099987.810167,normal
12689,1781099987.811271,normal
12690,1781099987.812982,normal
12691,1781099987.814031,normal
12692,1781099987.816064,normal
12693,1781099987.817610,normal
12694,1781099987.819499,normal
12695,1781099987.821582,normal
12696,1781099987.823095,normal
12697,1781099987.824952,normal
12698,1781099987.828632,normal
12699,1781099987.830582,syn_flood
12700,1781099987.831779,normal
12701,1781099987.833095,normal
12702,1781099987.834898,normal
12703,1781099987.836599,normal
12704,1781099987.838238,syn_flood
12705,1781099987.839851,syn_flood
12706,1781099987.841476,normal
12707,1781099987.842641,normal
12708,1781099987.844326,normal
12709,1781099987.846096,normal
12710,1781099987.847468,normal
12711,1781099987.849110,udp_reflection
12712,1781099987.851556,normal
12713,1781099987.852925,normal
12714,1781099987.855095,http_flood
12715,1781099987.856846,normal
12716,1781099987.858558,udp_reflection
12717,1781099987.859740,normal
12718,1781099987.861420,normal
12719,1781099987.862942,syn_flood
12720,1781099987.864424,normal
12721,1781099987.865530,normal
12722,1781099987.866573,normal
12723,1781099987.868458,normal
12724,1781099987.869843,normal
12725,1781099987.872147,syn_flood
12726,1781099987.873781,normal
12727,1781099987.875170,normal
12728,1781099987.876952,normal
12729,1781099987.878552,normal
12730,1781099987.879979,normal
12731,1781099987.881792,normal
12732,1781099987.882825,normal
12733,1781099987.884659,normal
12734,1781099987.886106,http_flood
12735,1781099987.887138,syn_flood
12736,1781099987.888417,normal
12737,1781099987.890405,syn_flood
12738,1781099987.891796,udp_reflection
12739,1781099987.893028,normal
12740,1781099987.894997,normal
12741,1781099987.896602,normal
12742,1781099987.898186,http_flood
12743,1781099987.900425,normal
12744,1781099987.902396,normal
12745,1781099987.904084,normal
12746,1781099987.905823,normal
12747,1781099987.907127,normal
12748,1781099987.909477,syn_flood
12749,1781099987.911621,normal
12750,1781099987.913645,normal
12751,1781099987.914647,normal
12752,1781099987.916372,normal
12753,1781099987.918259,syn_flood
12754,1781099987.919834,http_flood
12755,1781099987.921535,syn_flood
12756,1781099987.923125,normal
12757,1781099987.925240,normal
12758,1781099987.926981,normal
12759,1781099987.928528,normal
12760,1781099987.932118,normal
12761,1781099987.934074,syn_flood
12762,1781099987.935545,normal
12763,1781099987.937123,normal
12764,1781099987.938941,normal
12765,1781099987.941174,syn_flood
12766,1781099987.942611,syn_flood
12767,1781099987.944409,syn_flood
12768,1781099987.946209,normal
12769,1781099987.948251,normal
12770,1781099987.950050,syn_flood
12771,1781099987.951438,normal
12772,1781099987.952686,normal
12773,1781099987.954798,normal
12774,1781099987.956199,normal
12775,1781099987.958462,normal
12776,1781099987.960097,normal
12777,1781099987.961772,normal
12778,1781099987.963921,normal
12779,1781099987.965539,normal
12780,1781099987.967202,normal
12781,1781099987.968990,normal
12782,1781099987.971316,http_flood
12783,1781099987.972895,syn_flood
12784,1781099987.974355,normal
12785,1781099987.975730,normal
12786,1781099987.977719,normal
12787,1781099987.979207,normal
12788,1781099987.980076,syn_flood
12789,1781099987.981679,normal
12790,1781099987.984188,http_flood
12791,1781099987.986145,syn_flood
12792,1781099987.987911,syn_flood
12793,1781099987.989965,syn_flood
12794,1781099987.991587,normal
12795,1781099987.993239,normal
12796,1781099987.995159,normal
12797,1781099987.996957,syn_flood
12798,1781099987.998635,normal
12799,1781099988.000448,normal
12800,1781099988.002451,normal
12801,1781099988.004377,normal
12802,1781099988.006468,syn_flood
12803,1781099988.008051,normal
12804,1781099988.010181,udp_reflection
12805,1781099988.011975,normal
12806,1781099988.013292,normal
12807,1781099988.014540,normal
12808,1781099988.016958,syn_flood
12809,1781099988.019917,normal
12810,1781099988.021699,normal
12811,1781099988.023343,udp_reflection
12812,1781099988.025029,normal
12813,1781099988.026527,normal
12814,1781099988.027990,normal
12815,1781099988.030110,normal
12816,1781099988.031385,normal
12817,1781099988.032361,normal
12818,1781099988.033753,normal
12819,1781099988.035614,udp_reflection
12820,1781099988.037810,syn_flood
12821,1781099988.039457,normal
12822,1781099988.040649,normal
12823,1781099988.041943,normal
12824,1781099988.043814,normal
12825,1781099988.045280,normal
12826,1781099988.046654,normal
12827,1781099988.047793,normal
12828,1781099988.049504,normal
12829,1781099988.051223,normal
12830,1781099988.052927,normal
12831,1781099988.055161,syn_flood
12832,1781099988.057063,syn_flood
12833,1781099988.058191,normal
12834,1781099988.059841,normal
12835,1781099988.061513,normal
12836,1781099988.062895,normal
12837,1781099988.063923,syn_flood
12838,1781099988.066242,http_flood
12839,1781099988.068338,normal
12840,1781099988.069698,normal
12841,1781099988.070638,normal
12842,1781099988.072627,syn_flood
12843,1781099988.074332,normal
12844,1781099988.076624,normal
12845,1781099988.078279,normal
12846,1781099988.080462,normal
12847,1781099988.082284,syn_flood
12848,1781099988.084584,normal
12849,1781099988.086256,normal
12850,1781099988.088074,normal
12851,1781099988.089186,normal
12852,1781099988.090550,normal
12853,1781099988.092513,normal
12854,1781099988.094722,syn_flood
12855,1781099988.096293,syn_flood
12856,1781099988.097640,normal
12857,1781099988.098926,normal
12858,1781099988.100146,normal
12859,1781099988.102143,normal
12860,1781099988.103578,syn_flood
12861,1781099988.104963,syn_flood
12862,1781099988.105985,normal
12863,1781099988.107883,normal
12864,1781099988.109797,normal
12865,1781099988.110875,normal
12866,1781099988.112622,normal
12867,1781099988.114455,normal
12868,1781099988.116397,normal
12869,1781099988.117870,normal
12870,1781099988.119453,normal
12871,1781099988.121377,normal
12872,1781099988.123238,normal
12873,1781099988.124863,normal
12874,1781099988.125854,normal
12875,1781099988.127245,normal
12876,1781099988.129671,normal
12877,1781099988.130862,syn_flood
12878,1781099988.132959,syn_flood
12879,1781099988.134703,normal
12880,1781099988.136477,normal
12881,1781099988.138470,normal
12882,1781099988.139812,udp_reflection
12883,1781099988.141521,normal
12884,1781099988.143957,normal
12885,1781099988.145973,syn_flood
12886,1781099988.147187,normal
12887,1781099988.148875,syn_flood
12888,1781099988.150586,normal
12889,1781099988.151893,normal
12890,1781099988.153593,normal
12891,1781099988.155409,normal
12892,1781099988.157204,normal
12893,1781099988.158833,normal
12894,1781099988.160777,http_flood
12895,1781099988.162458,normal
12896,1781099988.163817,normal
12897,1781099988.164970,normal
12898,1781099988.166542,normal
12899,1781099988.168277,normal
12900,1781099988.170641,udp_reflection
12901,1781099988.172267,normal
12902,1781099988.173795,normal
12903,1781099988.175270,normal
12904,1781099988.176369,normal
12905,1781099988.178661,normal
12906,1781099988.180043,normal
12907,1781099988.181913,normal
12908,1781099988.183247,normal
12909,1781099988.184724,normal
12910,1781099988.186622,normal
12911,1781099988.187933,normal
12912,1781099988.189186,normal
12913,1781099988.191781,normal
12914,1781099988.193515,normal
12915,1781099988.195528,syn_flood
12916,1781099988.196987,normal
12917,1781099988.198390,syn_flood
12918,1781099988.200823,normal
12919,1781099988.203009,normal
12920,1781099988.205106,normal
12921,1781099988.207076,normal
12922,1781099988.208883,normal
12923,1781099988.210535,normal
12924,1781099988.212732,syn_flood
12925,1781099988.214525,normal
12926,1781099988.216425,normal
12927,1781099988.217597,normal
12928,1781099988.219943,syn_flood
12929,1781099988.221740,normal
12930,1781099988.223635,normal
12931,1781099988.224761,normal
12932,1781099988.226439,normal
12933,1781099988.227961,normal
12934,1781099988.230020,normal
12935,1781099988.231658,normal
12936,1781099988.233188,normal
12937,1781099988.235004,normal
12938,1781099988.236485,normal
12939,1781099988.238408,normal
12940,1781099988.240437,normal
12941,1781099988.241852,syn_flood
12942,1781099988.243315,syn_flood
12943,1781099988.244641,normal
12944,1781099988.245976,udp_reflection
12945,1781099988.247896,normal
12946,1781099988.249839,syn_flood
12947,1781099988.252259,normal
12948,1781099988.254000,normal
12949,1781099988.255541,normal
12950,1781099988.257264,normal
12951,1781099988.258299,normal
12952,1781099988.259848,normal
12953,1781099988.261358,normal
12954,1781099988.263048,normal
12955,1781099988.265695,normal
12956,1781099988.267151,normal
12957,1781099988.268455,normal
12958,1781099988.270731,syn_flood
12959,1781099988.272847,normal
12960,1781099988.273924,syn_flood
12961,1781099988.275105,normal
12962,1781099988.278572,normal
12963,1781099988.280438,syn_flood
12964,1781099988.282430,normal
12965,1781099988.284313,normal
12966,1781099988.285993,syn_flood
12967,1781099988.287586,normal
12968,1781099988.289031,normal
12969,1781099988.290659,normal
12970,1781099988.292054,http_flood
12971,1781099988.293670,normal
12972,1781099988.295607,normal
12973,1781099988.297107,normal
12974,1781099988.299302,normal
12975,1781099988.301483,normal
12976,1781099988.302725,normal
12977,1781099988.304440,normal
12978,1781099988.306438,normal
12979,1781099988.309082,normal
12980,1781099988.311323,normal
12981,1781099988.313391,normal
12982,1781099988.315121,normal
12983,1781099988.316819,normal
12984,1781099988.318509,normal
12985,1781099988.319715,normal
12986,1781099988.321075,normal
12987,1781099988.322536,syn_flood
12988,1781099988.324007,normal
12989,1781099988.325258,normal
12990,1781099988.326978,normal
12991,1781099988.328516,normal
12992,1781099988.330374,normal
12993,1781099988.332363,normal
12994,1781099988.333893,normal
12995,1781099988.335229,normal
12996,1781099988.336670,syn_flood
12997,1781099988.338308,syn_flood
12998,1781099988.339714,normal
12999,1781099988.341074,syn_flood
13000,1781099988.343332,normal
13001,1781099988.344378,normal
13002,1781099988.345777,normal
13003,1781099988.347659,normal
13004,1781099988.349483,normal
13005,1781099988.351635,normal
13006,1781099988.352962,normal
13007,1781099988.354020,normal
13008,1781099988.355639,normal
13009,1781099988.357329,syn_flood
13010,1781099988.358734,normal
13011,1781099988.360235,normal
13012,1781099988.361752,normal
13013,1781099988.363564,normal
13014,1781099988.365182,normal
13015,1781099988.367584,normal
13016,1781099988.369215,normal
13017,1781099988.370517,normal
13018,1781099988.372004,normal
13019,1781099988.373492,normal
13020,1781099988.375822,udp_reflection
13021,1781099988.376993,http_flood
13022,1781099988.379047,normal
13023,1781099988.380193,syn_flood
13024,1781099988.381490,normal
13025,1781099988.382684,normal
13026,1781099988.384379,syn_flood
13027,1781099988.386063,normal
13028,1781099988.387486,normal
13029,1781099988.389199,normal
13030,1781099988.391300,normal
13031,1781099988.392676,normal
13032,1781099988.393916,normal
13033,1781099988.395284,normal
13034,1781099988.397560,normal
13035,1781099988.399591,syn_flood
13036,1781099988.401850,syn_flood
13037,1781099988.403564,normal
13038,1781099988.405232,normal
13039,1781099988.407051,normal
13040,1781099988.408441,normal
13041,1781099988.409668,syn_flood
13042,1781099988.411673,normal
13043,1781099988.413879,normal
13044,1781099988.416342,normal
13045,1781099988.418120,normal
13046,1781099988.419837,normal
13047,1781099988.421246,normal
13048,1781099988.423360,normal
13049,1781099988.425490,normal
13050,1781099988.426661,normal
13051,1781099988.428142,normal
13052,1781099988.429576,normal
13053,1781099988.431863,normal
13054,1781099988.433753,normal
13055,1781099988.435654,normal
13056,1781099988.437068,normal
13057,1781099988.438815,normal
13058,1781099988.441198,normal
13059,1781099988.442485,normal
13060,1781099988.444832,normal
13061,1781099988.446407,normal
13062,1781099988.447957,normal
13063,1781099988.450295,normal
13064,1781099988.452086,normal
13065,1781099988.454166,normal
13066,1781099988.455456,normal
13067,1781099988.457159,normal
13068,1781099988.459301,syn_flood
13069,1781099988.461076,udp_reflection
13070,1781099988.462803,normal
13071,1781099988.464859,syn_flood
13072,1781099988.465853,syn_flood
13073,1781099988.467870,normal
13074,1781099988.469575,normal
13075,1781099988.471181,normal
13076,1781099988.472934,syn_flood
13077,1781099988.474160,syn_flood
13078,1781099988.475756,normal
13079,1781099988.477353,normal
13080,1781099988.478506,normal
13081,1781099988.480040,normal
13082,1781099988.482335,syn_flood
13083,1781099988.483562,udp_reflection
13084,1781099988.485244,udp_reflection
13085,1781099988.486488,normal
13086,1781099988.488922,normal
13087,1781099988.490784,normal
13088,1781099988.492219,udp_reflection
13089,1781099988.493704,normal
13090,1781099988.495191,normal
13091,1781099988.497518,normal
13092,1781099988.499229,syn_flood
13093,1781099988.501142,normal
13094,1781099988.502515,normal
13095,1781099988.504947,normal
13096,1781099988.506525,normal
13097,1781099988.509087,normal
13098,1781099988.510738,normal
13099,1781099988.511901,normal
13100,1781099988.513546,syn_flood
13101,1781099988.515921,normal
13102,1781099988.517637,normal
13103,1781099988.519427,normal
13104,1781099988.520996,normal
13105,1781099988.522190,normal
13106,1781099988.524035,normal
13107,1781099988.525017,normal
13108,1781099988.526850,normal
13109,1781099988.528260,syn_flood
13110,1781099988.529314,syn_flood
13111,1781099988.530577,syn_flood
13112,1781099988.532627,syn_flood
13113,1781099988.533905,normal
13114,1781099988.535538,normal
13115,1781099988.537162,syn_flood
13116,1781099988.538509,syn_flood
13117,1781099988.539986,normal
13118,1781099988.541509,normal
13119,1781099988.543216,normal
13120,1781099988.544945,normal
13121,1781099988.546595,normal
13122,1781099988.548511,http_flood
13123,1781099988.550619,syn_flood
13124,1781099988.551964,normal
13125,1781099988.553608,normal
13126,1781099988.555452,syn_flood
13127,1781099988.557614,normal
13128,1781099988.558939,syn_flood
13129,1781099988.560789,normal
13130,1781099988.562763,http_flood
13131,1781099988.564328,normal
13132,1781099988.565946,syn_flood
13133,1781099988.567389,normal
13134,1781099988.569117,syn_flood
13135,1781099988.570640,http_flood
13136,1781099988.572307,normal
13137,1781099988.573461,syn_flood
13138,1781099988.575434,normal
13139,1781099988.577325,normal
13140,1781099988.578824,normal
13141,1781099988.580331,normal
13142,1781099988.582346,syn_flood
13143,1781099988.583590,normal
13144,1781099988.584952,normal
13145,1781099988.586719,normal
13146,1781099988.588309,syn_flood
13147,1781099988.589651,normal
13148,1781099988.590897,normal
13149,1781099988.592460,normal
13150,1781099988.593714,syn_flood
13151,1781099988.595119,normal
13152,1781099988.597112,normal
13153,1781099988.598836,normal
13154,1781099988.600344,normal
13155,1781099988.601646,normal
13156,1781099988.603148,normal
13157,1781099988.604672,syn_flood
13158,1781099988.606669,normal
13159,1781099988.608326,http_flood
13160,1781099988.610130,normal
13161,1781099988.611437,normal
13162,1781099988.613791,normal
13163,1781099988.615760,http_flood
13164,1781099988.617396,http_flood
13165,1781099988.619111,udp_reflection
13166,1781099988.621267,normal
13167,1781099988.623610,syn_flood
13168,1781099988.624835,normal
13169,1781099988.626632,normal
13170,1781099988.628499,normal
13171,1781099988.630290,normal
13172,1781099988.631449,normal
13173,1781099988.633674,normal
13174,1781099988.635904,normal
13175,1781099988.637350,normal
13176,1781099988.639040,normal
13177,1781099988.640442,normal
13178,1781099988.642400,normal
13179,1781099988.643472,syn_flood
13180,1781099988.645384,udp_reflection
13181,1781099988.646660,normal
13182,1781099988.648415,normal
13183,1781099988.650704,syn_flood
13184,1781099988.652800,normal
13185,1781099988.654380,normal
13186,1781099988.655831,normal
13187,1781099988.657206,normal
13188,1781099988.658490,normal
13189,1781099988.660295,normal
13190,1781099988.662235,normal
13191,1781099988.663716,udp_reflection
13192,1781099988.664994,normal
13193,1781099988.667258,normal
13194,1781099988.668623,normal
13195,1781099988.670993,normal
13196,1781099988.672543,normal
13197,1781099988.673604,normal
13198,1781099988.674809,normal
13199,1781099988.675819,normal
13200,1781099988.677519,normal
13201,1781099988.679227,normal
13202,1781099988.680500,normal
13203,1781099988.681603,normal
13204,1781099988.683891,http_flood
13205,1781099988.685657,normal
13206,1781099988.686858,normal
13207,1781099988.688354,normal
13208,1781099988.689831,normal
13209,1781099988.691128,syn_flood
13210,1781099988.692550,normal
13211,1781099988.694285,normal
13212,1781099988.696547,normal
13213,1781099988.698334,normal
13214,1781099988.700288,http_flood
13215,1781099988.702596,syn_flood
13216,1781099988.704645,normal
13217,1781099988.706691,normal
13218,1781099988.708146,normal
13219,1781099988.710332,normal
13220,1781099988.711823,normal
13221,1781099988.713496,normal
13222,1781099988.715660,normal
13223,1781099988.717757,syn_flood
13224,1781099988.719250,normal
13225,1781099988.721147,syn_flood
13226,1781099988.722738,http_flood
13227,1781099988.724355,normal
13228,1781099988.725963,normal
13229,1781099988.727182,normal
13230,1781099988.728636,udp_reflection
13231,1781099988.730456,normal
13232,1781099988.732153,normal
13233,1781099988.733486,normal
13234,1781099988.734608,normal
13235,1781099988.736101,normal
13236,1781099988.737320,syn_flood
13237,1781099988.738568,udp_reflection
13238,1781099988.739947,normal
13239,1781099988.742759,normal
13240,1781099988.743849,syn_flood
13241,1781099988.745218,normal
13242,1781099988.746606,normal
13243,1781099988.747823,normal
13244,1781099988.749784,normal
13245,1781099988.751985,normal
13246,1781099988.753592,normal
13247,1781099988.755473,udp_reflection
13248,1781099988.756459,normal
13249,1781099988.757628,normal
13250,1781099988.759218,normal
13251,1781099988.761393,normal
13252,1781099988.763505,normal
13253,1781099988.764743,normal
13254,1781099988.766301,normal
13255,1781099988.767740,udp_reflection
13256,1781099988.769731,syn_flood
13257,1781099988.771317,normal
13258,1781099988.772615,normal
13259,1781099988.776428,normal
13260,1781099988.778255,normal
13261,1781099988.779957,udp_reflection
13262,1781099988.781635,normal
13263,1781099988.783265,normal
13264,1781099988.785313,normal
13265,1781099988.786969,normal
13266,1781099988.788665,normal
13267,1781099988.790803,normal
13268,1781099988.792088,http_flood
13269,1781099988.794119,normal
13270,1781099988.796003,normal
13271,1781099988.798163,normal
13272,1781099988.799761,normal
13273,1781099988.801244,normal
13274,1781099988.802380,syn_flood
13275,1781099988.804376,normal
13276,1781099988.806325,normal
13277,1781099988.807997,normal
13278,1781099988.809583,normal
13279,1781099988.811916,normal
13280,1781099988.813738,normal
13281,1781099988.816423,normal
13282,1781099988.818018,normal
13283,1781099988.819406,normal
13284,1781099988.820944,normal
13285,1781099988.822418,normal
13286,1781099988.824788,normal
13287,1781099988.827225,normal
13288,1781099988.829042,normal
13289,1781099988.830633,syn_flood
13290,1781099988.832239,normal
13291,1781099988.833769,normal
13292,1781099988.835876,normal
13293,1781099988.837459,normal
13294,1781099988.838826,normal
13295,1781099988.840697,normal
13296,1781099988.843158,normal
13297,1781099988.844536,normal
13298,1781099988.846068,normal
13299,1781099988.847754,normal
13300,1781099988.848922,normal
13301,1781099988.850803,syn_flood
13302,1781099988.852800,normal
13303,1781099988.855381,normal
13304,1781099988.856464,normal
13305,1781099988.858023,normal
13306,1781099988.859811,normal
13307,1781099988.861218,normal
13308,1781099988.863580,syn_flood
13309,1781099988.865939,normal
13310,1781099988.867548,normal
13311,1781099988.868889,normal
13312,1781099988.871247,normal
13313,1781099988.872774,normal
13314,1781099988.874503,syn_flood
13315,1781099988.875712,normal
13316,1781099988.876784,http_flood
13317,1781099988.878634,normal
13318,1781099988.880897,normal
13319,1781099988.882616,normal
13320,1781099988.883836,normal
13321,1781099988.885540,normal
13322,1781099988.888446,normal
13323,1781099988.890076,normal
13324,1781099988.891923,normal
13325,1781099988.894060,normal
13326,1781099988.895921,normal
13327,1781099988.897357,syn_flood
13328,1781099988.898994,normal
13329,1781099988.900864,normal
13330,1781099988.902884,syn_flood
13331,1781099988.904052,syn_flood
13332,1781099988.905673,normal
13333,1781099988.907737,normal
13334,1781099988.909713,normal
13335,1781099988.911306,syn_flood
13336,1781099988.912820,syn_flood
13337,1781099988.914183,normal
13338,1781099988.915611,udp_reflection
13339,1781099988.917544,normal
13340,1781099988.919362,normal
13341,1781099988.921711,syn_flood
13342,1781099988.922851,normal
13343,1781099988.923967,normal
13344,1781099988.925630,normal
13345,1781099988.926842,normal
13346,1781099988.929005,normal
13347,1781099988.930237,normal
13348,1781099988.931674,normal
13349,1781099988.933985,normal
13350,1781099988.935362,normal
13351,1781099988.936697,normal
13352,1781099988.938655,normal
13353,1781099988.940194,normal
13354,1781099988.941697,normal
13355,1781099988.943878,normal
13356,1781099988.946098,normal
13357,1781099988.947332,normal
13358,1781099988.949269,normal
13359,1781099988.950170,normal
13360,1781099988.951621,normal
13361,1781099988.953555,normal
13362,1781099988.955596,normal
13363,1781099988.957620,http_flood
13364,1781099988.959365,normal
13365,1781099988.961360,normal
13366,1781099988.963186,normal
13367,1781099988.964665,syn_flood
13368,1781099988.966047,normal
13369,1781099988.967454,normal
13370,1781099988.968398,normal
13371,1781099988.970323,normal
13372,1781099988.972235,normal
13373,1781099988.973739,normal
13374,1781099988.975419,normal
13375,1781099988.977641,syn_flood
13376,1781099988.979200,normal
13377,1781099988.980673,normal
13378,1781099988.982129,normal
13379,1781099988.983689,normal
13380,1781099988.984915,udp_reflection
13381,1781099988.986319,normal
13382,1781099988.989946,normal
13383,1781099988.991719,normal
13384,1781099988.994191,normal
13385,1781099988.995864,http_flood
13386,1781099988.997233,normal
13387,1781099988.998791,normal
13388,1781099989.000548,normal
13389,1781099989.002232,normal
13390,1781099989.003301,normal
13391,1781099989.004677,normal
13392,1781099989.006212,normal
13393,1781099989.008028,http_flood
13394,1781099989.009242,normal
13395,1781099989.011133,normal
13396,1781099989.013291,normal
13397,1781099989.015518,normal
13398,1781099989.017570,syn_flood
13399,1781099989.019752,syn_flood
13400,1781099989.021312,normal
13401,1781099989.023237,normal
13402,1781099989.024514,normal
13403,1781099989.026195,normal
13404,1781099989.027979,syn_flood
13405,1781099989.030603,syn_flood
13406,1781099989.031927,syn_flood
13407,1781099989.033798,syn_flood
13408,1781099989.035958,normal
13409,1781099989.037573,http_flood
13410,1781099989.039684,syn_flood
13411,1781099989.040940,http_flood
13412,1781099989.043176,normal
13413,1781099989.044639,syn_flood
13414,1781099989.046083,normal
13415,1781099989.048393,http_flood
13416,1781099989.050039,normal
13417,1781099989.051751,normal
13418,1781099989.053104,normal
13419,1781099989.054384,syn_flood
13420,1781099989.056626,normal
13421,1781099989.058706,normal
13422,1781099989.060631,normal
13423,1781099989.061956,normal
13424,1781099989.063165,normal
13425,1781099989.064817,normal
13426,1781099989.066702,normal
13427,1781099989.068755,normal
13428,1781099989.071098,normal
13429,1781099989.073498,normal
13430,1781099989.075330,normal
13431,1781099989.077524,normal
13432,1781099989.078670,http_flood
13433,1781099989.079916,normal
13434,1781099989.081159,http_flood
13435,1781099989.082836,normal
13436,1781099989.084243,normal
13437,1781099989.085773,normal
13438,1781099989.087119,syn_flood
13439,1781099989.089381,normal
13440,1781099989.091529,syn_flood
13441,1781099989.093127,syn_flood
13442,1781099989.094656,syn_flood
13443,1781099989.096764,syn_flood
13444,1781099989.098317,normal
13445,1781099989.100019,normal
13446,1781099989.102158,normal
13447,1781099989.104137,syn_flood
13448,1781099989.105541,normal
13449,1781099989.107442,normal
13450,1781099989.109588,normal
13451,1781099989.111117,normal
13452,1781099989.112506,normal
13453,1781099989.115028,syn_flood
13454,1781099989.116825,normal
13455,1781099989.118771,normal
13456,1781099989.120270,normal
13457,1781099989.122633,normal
13458,1781099989.123765,normal
13459,1781099989.125656,normal
13460,1781099989.128437,syn_flood
13461,1781099989.130084,normal
13462,1781099989.131643,normal
13463,1781099989.133322,normal
13464,1781099989.134794,http_flood
13465,1781099989.136364,normal
13466,1781099989.138562,syn_flood
13467,1781099989.139847,normal
13468,1781099989.141971,normal
13469,1781099989.143480,syn_flood
13470,1781099989.145566,normal
13471,1781099989.146693,normal
13472,1781099989.147937,normal
13473,1781099989.149421,normal
13474,1781099989.150920,normal
13475,1781099989.152427,normal
13476,1781099989.153889,udp_reflection
13477,1781099989.155887,normal
13478,1781099989.157426,normal
13479,1781099989.159266,normal
13480,1781099989.160569,udp_reflection
13481,1781099989.161888,http_flood
13482,1781099989.163728,normal
13483,1781099989.165796,normal
13484,1781099989.168292,normal
13485,1781099989.170130,normal
13486,1781099989.172405,normal
13487,1781099989.174406,normal
13488,1781099989.176325,normal
13489,1781099989.178415,normal
13490,1781099989.179765,udp_reflection
13491,1781099989.181484,normal
13492,1781099989.183210,normal
13493,1781099989.185357,normal
13494,1781099989.187506,normal
13495,1781099989.188853,normal
13496,1781099989.190526,normal
13497,1781099989.191861,syn_flood
13498,1781099989.193048,http_flood
13499,1781099989.195107,normal
13500,1781099989.197212,normal
13501,1781099989.199515,normal
13502,1781099989.201419,normal
13503,1781099989.203461,normal
13504,1781099989.205053,syn_flood
13505,1781099989.207483,normal
13506,1781099989.208864,normal
13507,1781099989.210214,normal
13508,1781099989.211640,normal
13509,1781099989.213547,normal
13510,1781099989.215276,normal
13511,1781099989.217232,normal
13512,1781099989.219088,normal
13513,1781099989.220550,normal
13514,1781099989.221563,normal
13515,1781099989.224033,normal
13516,1781099989.225401,normal
13517,1781099989.226621,normal
13518,1781099989.228319,normal
13519,1781099989.230758,normal
13520,1781099989.232301,udp_reflection
13521,1781099989.233790,normal
13522,1781099989.235742,normal
13523,1781099989.237308,syn_flood
13524,1781099989.238700,normal
13525,1781099989.240504,normal
13526,1781099989.242938,normal
13527,1781099989.244591,normal
13528,1781099989.246242,syn_flood
13529,1781099989.247796,normal
13530,1781099989.248813,normal
13531,1781099989.251393,normal
13532,1781099989.252746,normal
13533,1781099989.254164,normal
13534,1781099989.255523,syn_flood
13535,1781099989.257408,normal
13536,1781099989.258971,normal
13537,1781099989.260606,syn_flood
13538,1781099989.263159,normal
13539,1781099989.265919,syn_flood
13540,1781099989.268232,normal
13541,1781099989.269623,normal
13542,1781099989.271900,syn_flood
13543,1781099989.273855,normal
13544,1781099989.275254,normal
13545,1781099989.277269,normal
13546,1781099989.279346,normal
13547,1781099989.281149,normal
13548,1781099989.282665,normal
13549,1781099989.284339,udp_reflection
13550,1781099989.286011,normal
13551,1781099989.287884,syn_flood
13552,1781099989.289067,normal
13553,1781099989.291261,normal
13554,1781099989.293057,normal
13555,1781099989.295147,udp_reflection
13556,1781099989.296297,udp_reflection
13557,1781099989.298033,udp_reflection
13558,1781099989.299966,normal
13559,1781099989.301588,syn_flood
13560,1781099989.303184,normal
13561,1781099989.305286,normal
13562,1781099989.306953,syn_flood
13563,1781099989.308657,udp_reflection
13564,1781099989.311730,normal
13565,1781099989.314114,normal
13566,1781099989.316172,normal
13567,1781099989.317794,normal
13568,1781099989.319190,normal
13569,1781099989.320709,normal
13570,1781099989.322171,normal
13571,1781099989.324296,normal
13572,1781099989.326020,syn_flood
13573,1781099989.328505,normal
13574,1781099989.329891,normal
13575,1781099989.331613,normal
13576,1781099989.333667,normal
13577,1781099989.335578,normal
13578,1781099989.337163,normal
13579,1781099989.338305,normal
13580,1781099989.339338,normal
13581,1781099989.340616,normal
13582,1781099989.342497,normal
13583,1781099989.344285,normal
13584,1781099989.346135,http_flood
13585,1781099989.348011,syn_flood
13586,1781099989.349438,normal
13587,1781099989.350780,normal
13588,1781099989.352188,syn_flood
13589,1781099989.353499,normal
13590,1781099989.355400,normal
13591,1781099989.357589,normal
13592,1781099989.359087,normal
13593,1781099989.361652,normal
13594,1781099989.363463,syn_flood
13595,1781099989.365449,normal
13596,1781099989.367492,syn_flood
13597,1781099989.369180,normal
13598,1781099989.370361,normal
13599,1781099989.372200,normal
13600,1781099989.374462,syn_flood
13601,1781099989.375999,normal
13602,1781099989.377441,udp_reflection
13603,1781099989.379110,normal
13604,1781099989.381091,normal
13605,1781099989.383200,normal
13606,1781099989.385322,normal
13607,1781099989.387237,syn_flood
13608,1781099989.389281,syn_flood
13609,1781099989.391449,syn_flood
13610,1781099989.392877,normal
13611,1781099989.394538,normal
13612,1781099989.395965,normal
13613,1781099989.397397,normal
13614,1781099989.398669,syn_flood
13615,1781099989.399877,normal
13616,1781099989.402079,http_flood
13617,1781099989.403894,normal
13618,1781099989.405888,normal
13619,1781099989.407813,normal
13620,1781099989.409442,normal
13621,1781099989.411157,normal
13622,1781099989.412860,syn_flood
13623,1781099989.414494,normal
13624,1781099989.416059,normal
13625,1781099989.417830,normal
13626,1781099989.419541,normal
13627,1781099989.421289,syn_flood
13628,1781099989.422678,normal
13629,1781099989.424478,normal
13630,1781099989.426319,normal
13631,1781099989.428303,normal
13632,1781099989.429950,syn_flood
13633,1781099989.432429,normal
13634,1781099989.434186,normal
13635,1781099989.435804,normal
13636,1781099989.437167,normal
13637,1781099989.439135,normal
13638,1781099989.440896,normal
13639,1781099989.442749,syn_flood
13640,1781099989.445186,normal
13641,1781099989.447946,syn_flood
13642,1781099989.449485,normal
13643,1781099989.451824,normal
13644,1781099989.453026,http_flood
13645,1781099989.455014,normal
13646,1781099989.456565,normal
13647,1781099989.458328,normal
13648,1781099989.460020,normal
13649,1781099989.461986,syn_flood
13650,1781099989.464140,syn_flood
13651,1781099989.465546,normal
13652,1781099989.467101,normal
13653,1781099989.468287,normal
13654,1781099989.470944,normal
13655,1781099989.472699,normal
13656,1781099989.474725,normal
13657,1781099989.476469,syn_flood
13658,1781099989.478694,syn_flood
13659,1781099989.480371,udp_reflection
13660,1781099989.482639,normal
13661,1781099989.484447,syn_flood
13662,1781099989.486406,normal
13663,1781099989.487771,normal
13664,1781099989.489378,normal
13665,1781099989.490872,normal
13666,1781099989.492958,syn_flood
13667,1781099989.494997,normal
13668,1781099989.497808,normal
13669,1781099989.499606,normal
13670,1781099989.501607,normal
13671,1781099989.503608,normal
13672,1781099989.505924,normal
13673,1781099989.507491,normal
13674,1781099989.509444,http_flood
13675,1781099989.510849,normal
13676,1781099989.512443,normal
13677,1781099989.514271,syn_flood
13678,1781099989.515699,normal
13679,1781099989.517894,normal
13680,1781099989.519530,normal
13681,1781099989.521928,normal
13682,1781099989.523649,normal
13683,1781099989.524738,normal
13684,1781099989.526887,normal
13685,1781099989.528826,normal
13686,1781099989.530175,normal
13687,1781099989.532050,normal
13688,1781099989.533650,normal
13689,1781099989.535611,syn_flood
13690,1781099989.537080,normal
13691,1781099989.538041,normal
13692,1781099989.539770,normal
13693,1781099989.541085,http_flood
13694,1781099989.542616,syn_flood
13695,1781099989.544364,normal
13696,1781099989.545683,normal
13697,1781099989.547379,normal
13698,1781099989.549235,syn_flood
13699,1781099989.551434,normal
13700,1781099989.553563,normal
13701,1781099989.554917,normal
13702,1781099989.556503,normal
13703,1781099989.559059,normal
13704,1781099989.560362,normal
13705,1781099989.561717,normal
13706,1781099989.563158,normal
13707,1781099989.564728,normal
13708,1781099989.565959,normal
13709,1781099989.567945,normal
13710,1781099989.569236,syn_flood
13711,1781099989.571337,normal
13712,1781099989.574172,normal
13713,1781099989.576078,normal
13714,1781099989.577372,normal
13715,1781099989.578756,normal
13716,1781099989.580692,normal
13717,1781099989.582435,normal
13718,1781099989.584791,normal
13719,1781099989.586630,normal
13720,1781099989.588559,normal
13721,1781099989.590811,normal
13722,1781099989.592307,normal
13723,1781099989.593630,normal
13724,1781099989.595501,normal
13725,1781099989.596912,normal
13726,1781099989.598512,normal
13727,1781099989.600881,syn_flood
13728,1781099989.601722,syn_flood
13729,1781099989.603668,normal
13730,1781099989.605436,normal
13731,1781099989.607263,syn_flood
13732,1781099989.609361,http_flood
13733,1781099989.610965,normal
13734,1781099989.612845,normal
13735,1781099989.614840,normal
13736,1781099989.617493,normal
13737,1781099989.618849,syn_flood
13738,1781099989.620334,normal
13739,1781099989.622597,normal
13740,1781099989.624179,normal
13741,1781099989.625421,normal
13742,1781099989.626412,syn_flood
13743,1781099989.627927,normal
13744,1781099989.629463,normal
13745,1781099989.631726,normal
13746,1781099989.633103,syn_flood
13747,1781099989.635885,normal
13748,1781099989.637347,normal
13749,1781099989.639267,normal
13750,1781099989.640708,normal
13751,1781099989.642851,http_flood
13752,1781099989.644203,normal
13753,1781099989.646386,normal
13754,1781099989.647942,normal
13755,1781099989.649516,http_flood
13756,1781099989.651719,syn_flood
13757,1781099989.654135,normal
13758,1781099989.656106,normal
13759,1781099989.657667,normal
13760,1781099989.659569,normal
13761,1781099989.661436,normal
13762,1781099989.663310,syn_flood
13763,1781099989.664492,normal
13764,1781099989.665936,normal
13765,1781099989.667551,normal
13766,1781099989.669332,normal
13767,1781099989.671034,normal
13768,1781099989.672497,normal
13769,1781099989.673678,normal
13770,1781099989.675598,normal
13771,1781099989.677468,normal
13772,1781099989.679210,normal
13773,1781099989.681103,http_flood
13774,1781099989.682774,normal
13775,1781099989.684311,normal
13776,1781099989.685454,normal
13777,1781099989.686991,normal
13778,1781099989.688557,udp_reflection
13779,1781099989.690016,syn_flood
13780,1781099989.691396,normal
13781,1781099989.693382,normal
13782,1781099989.695226,http_flood
13783,1781099989.697154,normal
13784,1781099989.698406,udp_reflection
13785,1781099989.700660,normal
13786,1781099989.701669,normal
13787,1781099989.703849,normal
13788,1781099989.705628,normal
13789,1781099989.707417,normal
13790,1781099989.709775,normal
13791,1781099989.711221,normal
13792,1781099989.712962,normal
13793,1781099989.714669,normal
13794,1781099989.716396,syn_flood
13795,1781099989.718188,normal
13796,1781099989.720234,normal
13797,1781099989.721404,normal
13798,1781099989.723197,syn_flood
13799,1781099989.725220,normal
13800,1781099989.727241,http_flood
13801,1781099989.728740,syn_flood
13802,1781099989.730912,normal
13803,1781099989.732626,normal
13804,1781099989.733901,normal
13805,1781099989.735654,normal
13806,1781099989.737474,normal
13807,1781099989.738935,normal
13808,1781099989.740736,normal
13809,1781099989.742046,normal
13810,1781099989.743579,normal
13811,1781099989.745645,normal
13812,1781099989.748198,normal
13813,1781099989.749455,normal
13814,1781099989.751962,syn_flood
13815,1781099989.754423,normal
13816,1781099989.755445,normal
13817,1781099989.757277,syn_flood
13818,1781099989.758719,normal
13819,1781099989.761047,normal
13820,1781099989.762736,udp_reflection
13821,1781099989.764293,normal
13822,1781099989.765447,normal
13823,1781099989.767285,normal
13824,1781099989.768558,syn_flood
13825,1781099989.770031,normal
13826,1781099989.772068,normal
13827,1781099989.773553,normal
13828,1781099989.775053,http_flood
13829,1781099989.776415,normal
13830,1781099989.777894,normal
13831,1781099989.778949,normal
13832,1781099989.780911,normal
13833,1781099989.782662,normal
13834,1781099989.783771,normal
13835,1781099989.784937,normal
13836,1781099989.786391,normal
13837,1781099989.787830,normal
13838,1781099989.789213,normal
13839,1781099989.790783,normal
13840,1781099989.792242,normal
13841,1781099989.793905,syn_flood
13842,1781099989.795048,normal
13843,1781099989.796547,normal
13844,1781099989.798344,normal
13845,1781099989.799903,syn_flood
13846,1781099989.801674,normal
13847,1781099989.803317,normal
13848,1781099989.805084,normal
13849,1781099989.807481,syn_flood
13850,1781099989.809308,normal
13851,1781099989.810836,normal
13852,1781099989.812983,udp_reflection
13853,1781099989.814793,syn_flood
13854,1781099989.815903,udp_reflection
13855,1781099989.817084,normal
13856,1781099989.818134,syn_flood
13857,1781099989.819676,normal
13858,1781099989.821420,normal
13859,1781099989.823175,normal
13860,1781099989.825252,normal
13861,1781099989.826651,normal
13862,1781099989.828324,normal
13863,1781099989.830062,udp_reflection
13864,1781099989.831463,normal
13865,1781099989.833255,normal
13866,1781099989.835479,normal
13867,1781099989.837636,normal
13868,1781099989.839500,syn_flood
13869,1781099989.841212,syn_flood
13870,1781099989.842515,udp_reflection
13871,1781099989.844034,normal
13872,1781099989.845670,udp_reflection
13873,1781099989.847434,normal
13874,1781099989.849357,normal
13875,1781099989.851705,normal
13876,1781099989.853856,normal
13877,1781099989.855630,syn_flood
13878,1781099989.857819,syn_flood
13879,1781099989.860287,normal
13880,1781099989.862369,normal
13881,1781099989.864334,normal
13882,1781099989.866056,normal
13883,1781099989.867582,normal
13884,1781099989.869545,normal
13885,1781099989.872406,normal
13886,1781099989.873796,normal
13887,1781099989.875106,syn_flood
13888,1781099989.876775,normal
13889,1781099989.878242,syn_flood
13890,1781099989.880118,normal
13891,1781099989.882385,normal
13892,1781099989.883714,normal
13893,1781099989.884696,normal
13894,1781099989.886786,normal
13895,1781099989.889502,normal
13896,1781099989.891082,normal
13897,1781099989.892616,normal
13898,1781099989.894714,normal
13899,1781099989.896194,normal
13900,1781099989.898269,normal
13901,1781099989.900125,syn_flood
13902,1781099989.901556,normal
13903,1781099989.903145,normal
13904,1781099989.905251,syn_flood
13905,1781099989.906771,normal
13906,1781099989.909198,normal
13907,1781099989.910413,syn_flood
13908,1781099989.912055,normal
13909,1781099989.914028,syn_flood
13910,1781099989.915880,normal
13911,1781099989.917946,normal
13912,1781099989.919932,syn_flood
13913,1781099989.921864,normal
13914,1781099989.923478,normal
13915,1781099989.925027,normal
13916,1781099989.926975,normal
13917,1781099989.928486,normal
13918,1781099989.930066,normal
13919,1781099989.931107,normal
13920,1781099989.932341,udp_reflection
13921,1781099989.933881,normal
13922,1781099989.935395,normal
13923,1781099989.937420,normal
13924,1781099989.938787,normal
13925,1781099989.940436,normal
13926,1781099989.942153,normal
13927,1781099989.943460,normal
13928,1781099989.944901,normal
13929,1781099989.946756,normal
13930,1781099989.948647,udp_reflection
13931,1781099989.950486,syn_flood
13932,1781099989.952370,udp_reflection
13933,1781099989.954146,normal
13934,1781099989.955229,normal
13935,1781099989.956853,normal
13936,1781099989.958215,syn_flood
13937,1781099989.960274,normal
13938,1781099989.962283,normal
13939,1781099989.963760,syn_flood
13940,1781099989.964903,normal
13941,1781099989.966179,syn_flood
13942,1781099989.967968,normal
13943,1781099989.969236,normal
13944,1781099989.970385,normal
13945,1781099989.972236,normal
13946,1781099989.973379,normal
13947,1781099989.975067,normal
13948,1781099989.976802,normal
13949,1781099989.978360,normal
13950,1781099989.980540,normal
13951,1781099989.982303,syn_flood
13952,1781099989.984472,syn_flood
13953,1781099989.985843,normal
13954,1781099989.987630,normal
13955,1781099989.989307,normal
13956,1781099989.991234,normal
13957,1781099989.992980,normal
13958,1781099989.995018,normal
13959,1781099989.996776,normal
13960,1781099989.998634,normal
13961,1781099989.999924,normal
13962,1781099990.002908,normal
13963,1781099990.004551,udp_reflection
13964,1781099990.006149,normal
13965,1781099990.007781,syn_flood
13966,1781099990.009373,normal
13967,1781099990.010727,normal
13968,1781099990.012604,http_flood
13969,1781099990.014565,normal
13970,1781099990.015626,normal
13971,1781099990.018233,syn_flood
13972,1781099990.020042,normal
13973,1781099990.021432,udp_reflection
13974,1781099990.022869,normal
13975,1781099990.024537,normal
13976,1781099990.026100,normal
13977,1781099990.027502,syn_flood
13978,1781099990.029039,syn_flood
13979,1781099990.030587,normal
13980,1781099990.031834,normal
13981,1781099990.033846,normal
13982,1781099990.035390,normal
13983,1781099990.036690,normal
13984,1781099990.038046,normal
13985,1781099990.039463,normal
13986,1781099990.040656,normal
13987,1781099990.042762,normal
13988,1781099990.044263,normal
13989,1781099990.045766,syn_flood
13990,1781099990.046894,normal
13991,1781099990.048402,normal
13992,1781099990.049619,normal
13993,1781099990.051477,normal
13994,1781099990.052900,normal
13995,1781099990.055012,normal
13996,1781099990.056529,udp_reflection
13997,1781099990.057965,normal
13998,1781099990.060021,normal
13999,1781099990.061442,normal
14000,1781099990.062718,normal
14001,1781099990.064463,normal
14002,1781099990.066712,normal
14003,1781099990.069123,syn_flood
14004,1781099990.070931,normal
14005,1781099990.072224,normal
14006,1781099990.073803,syn_flood
14007,1781099990.075300,http_flood
14008,1781099990.077137,normal
14009,1781099990.079628,normal
14010,1781099990.081840,syn_flood
14011,1781099990.083618,udp_reflection
14012,1781099990.085767,normal
14013,1781099990.087543,normal
14014,1781099990.089564,normal
14015,1781099990.091026,normal
14016,1781099990.092630,normal
14017,1781099990.094423,udp_reflection
14018,1781099990.096508,normal
14019,1781099990.098294,normal
14020,1781099990.100145,normal
14021,1781099990.102453,syn_flood
14022,1781099990.103993,syn_flood
14023,1781099990.105502,normal
14024,1781099990.107171,normal
14025,1781099990.109380,syn_flood
14026,1781099990.111167,normal
14027,1781099990.112761,normal
14028,1781099990.115219,normal
14029,1781099990.117342,normal
14030,1781099990.118766,normal
14031,1781099990.119732,http_flood
14032,1781099990.120974,http_flood
14033,1781099990.122676,normal
14034,1781099990.124024,normal
14035,1781099990.125427,syn_flood
14036,1781099990.127667,syn_flood
14037,1781099990.129537,normal
14038,1781099990.131586,normal
14039,1781099990.133800,normal
14040,1781099990.135768,normal
14041,1781099990.138618,syn_flood
14042,1781099990.140383,normal
14043,1781099990.142236,normal
14044,1781099990.143876,normal
14045,1781099990.145246,normal
14046,1781099990.146680,normal
14047,1781099990.148165,normal
14048,1781099990.150107,normal
14049,1781099990.152248,normal
14050,1781099990.153765,syn_flood
14051,1781099990.155615,normal
14052,1781099990.156925,http_flood
14053,1781099990.158791,normal
14054,1781099990.160713,normal
14055,1781099990.162488,syn_flood
14056,1781099990.164294,normal
14057,1781099990.165912,normal
14058,1781099990.167520,normal
14059,1781099990.169744,syn_flood
14060,1781099990.171315,normal
14061,1781099990.173186,normal
14062,1781099990.174715,normal
14063,1781099990.176041,syn_flood
14064,1781099990.177896,syn_flood
14065,1781099990.179332,normal
14066,1781099990.180712,normal
14067,1781099990.182261,normal
14068,1781099990.183429,normal
14069,1781099990.185145,normal
14070,1781099990.186726,normal
14071,1781099990.187992,normal
14072,1781099990.189947,http_flood
14073,1781099990.192562,normal
14074,1781099990.194708,http_flood
14075,1781099990.196018,normal
14076,1781099990.197517,udp_reflection
14077,1781099990.199001,syn_flood
14078,1781099990.200718,normal
14079,1781099990.202409,syn_flood
14080,1781099990.203732,udp_reflection
14081,1781099990.205363,normal
14082,1781099990.206952,normal
14083,1781099990.208127,normal
14084,1781099990.209530,normal
14085,1781099990.210955,normal
14086,1781099990.212934,normal
14087,1781099990.214532,syn_flood
14088,1781099990.216519,normal
14089,1781099990.217829,normal
14090,1781099990.219700,syn_flood
14091,1781099990.221480,normal
14092,1781099990.223123,udp_reflection
14093,1781099990.225262,normal
14094,1781099990.226891,normal
14095,1781099990.229167,syn_flood
14096,1781099990.230312,normal
14097,1781099990.232063,normal
14098,1781099990.233579,normal
14099,1781099990.235104,normal
14100,1781099990.236410,normal
14101,1781099990.237807,normal
14102,1781099990.239566,udp_reflection
14103,1781099990.241284,normal
14104,1781099990.243273,normal
14105,1781099990.245358,normal
14106,1781099990.247182,normal
14107,1781099990.248742,normal
14108,1781099990.250691,normal
14109,1781099990.252168,normal
14110,1781099990.253556,normal
14111,1781099990.255140,syn_flood
14112,1781099990.256610,normal
14113,1781099990.258296,normal
14114,1781099990.259509,normal
14115,1781099990.261301,normal
14116,1781099990.263125,normal
14117,1781099990.265098,normal
14118,1781099990.266708,http_flood
14119,1781099990.268374,normal
14120,1781099990.270331,normal
14121,1781099990.271933,normal
14122,1781099990.273820,normal
14123,1781099990.275226,normal
14124,1781099990.276736,normal
14125,1781099990.278120,normal
14126,1781099990.279973,normal
14127,1781099990.281147,normal
14128,1781099990.282691,normal
14129,1781099990.284542,udp_reflection
14130,1781099990.286356,normal
14131,1781099990.288081,normal
14132,1781099990.290719,normal
14133,1781099990.292399,syn_flood
14134,1781099990.294798,normal
14135,1781099990.296267,normal
14136,1781099990.297558,normal
14137,1781099990.299339,udp_reflection
14138,1781099990.301137,normal
14139,1781099990.302338,normal
14140,1781099990.303477,syn_flood
14141,1781099990.305050,normal
14142,1781099990.307488,normal
14143,1781099990.309753,syn_flood
14144,1781099990.311163,normal
14145,1781099990.312673,normal
14146,1781099990.313995,http_flood
14147,1781099990.315828,normal
14148,1781099990.317182,normal
14149,1781099990.319302,normal
14150,1781099990.321112,normal
14151,1781099990.323176,normal
14152,1781099990.325450,syn_flood
14153,1781099990.326979,normal
14154,1781099990.329509,normal
14155,1781099990.332146,normal
14156,1781099990.333373,normal
14157,1781099990.334848,normal
14158,1781099990.337094,syn_flood
14159,1781099990.339009,udp_reflection
14160,1781099990.341139,syn_flood
14161,1781099990.343099,normal
14162,1781099990.344764,syn_flood
14163,1781099990.346217,normal
14164,1781099990.347771,normal
14165,1781099990.348999,normal
14166,1781099990.350549,normal
14167,1781099990.352115,normal
14168,1781099990.354180,syn_flood
14169,1781099990.356519,normal
14170,1781099990.359162,normal
14171,1781099990.360714,normal
14172,1781099990.362020,normal
14173,1781099990.363567,normal
14174,1781099990.365012,normal
14175,1781099990.367070,normal
14176,1781099990.369003,normal
14177,1781099990.370073,normal
14178,1781099990.371734,normal
14179,1781099990.373108,normal
14180,1781099990.374599,normal
14181,1781099990.376148,normal
14182,1781099990.377911,normal
14183,1781099990.380079,normal
14184,1781099990.381686,normal
14185,1781099990.383719,normal
14186,1781099990.385444,syn_flood
14187,1781099990.386827,normal
14188,1781099990.389007,normal
14189,1781099990.391010,syn_flood
14190,1781099990.392604,udp_reflection
14191,1781099990.394023,normal
14192,1781099990.395590,normal
14193,1781099990.397329,syn_flood
14194,1781099990.398660,normal
14195,1781099990.399876,normal
14196,1781099990.402160,normal
14197,1781099990.403858,normal
14198,1781099990.405696,normal
14199,1781099990.407512,normal
14200,1781099990.409104,normal
14201,1781099990.410617,syn_flood
14202,1781099990.412304,normal
14203,1781099990.414627,normal
14204,1781099990.416386,normal
14205,1781099990.417959,normal
14206,1781099990.419203,udp_reflection
14207,1781099990.420696,syn_flood
14208,1781099990.422426,normal
14209,1781099990.423952,syn_flood
14210,1781099990.424875,syn_flood
14211,1781099990.426316,normal
14212,1781099990.427473,udp_reflection
14213,1781099990.429196,normal
14214,1781099990.430836,normal
14215,1781099990.432278,normal
14216,1781099990.433468,syn_flood
14217,1781099990.434711,normal
14218,1781099990.436720,normal
14219,1781099990.438383,normal
14220,1781099990.439871,syn_flood
14221,1781099990.441394,syn_flood
14222,1781099990.442890,http_flood
14223,1781099990.444232,normal
14224,1781099990.445695,normal
14225,1781099990.447155,normal
14226,1781099990.448554,syn_flood
14227,1781099990.450684,normal
14228,1781099990.452480,normal
14229,1781099990.454295,normal
14230,1781099990.456527,syn_flood
14231,1781099990.458525,normal
14232,1781099990.460879,normal
14233,1781099990.462565,normal
14234,1781099990.464725,syn_flood
14235,1781099990.466577,normal
14236,1781099990.467940,syn_flood
14237,1781099990.469552,normal
14238,1781099990.471003,normal
14239,1781099990.473418,normal
14240,1781099990.474747,syn_flood
14241,1781099990.476614,normal
14242,1781099990.478139,syn_flood
14243,1781099990.480100,normal
14244,1781099990.481647,normal
14245,1781099990.484299,http_flood
14246,1781099990.485543,normal
14247,1781099990.487034,normal
14248,1781099990.488986,normal
14249,1781099990.490671,syn_flood
14250,1781099990.491641,normal
14251,1781099990.493089,normal
14252,1781099990.494420,normal
14253,1781099990.495945,normal
