packet_index,timestamp,label
0,1781099988.139719,normal
1,1781099988.141624,normal
2,1781099988.143757,normal
3,1781099988.146786,normal
4,1781099988.148233,normal
5,1781099988.150784,normal
6,1781099988.152737,normal
7,1781099988.154450,normal
8,1781099988.157661,normal
9,1781099988.160148,normal
10,1781099988.161838,normal
11,1781099988.163870,normal
12,1781099988.166410,normal
13,1781099988.168767,normal
14,1781099988.171099,normal
15,1781099988.173621,udp_reflection
16,1781099988.176068,udp_reflection
17,1781099988.177759,normal
18,1781099988.179666,normal
19,1781099988.181823,normal
20,1781099988.183975,normal
21,1781099988.186123,udp_reflection
22,1781099988.188241,normal
23,1781099988.190608,udp_reflection
24,1781099988.192668,normal
25,1781099988.194281,normal
26,1781099988.196050,normal
27,1781099988.197651,normal
28,1781099988.199404,normal
29,1781099988.201366,normal
30,1781099988.203781,normal
31,1781099988.205637,normal
32,1781099988.207942,normal
33,1781099988.210176,normal
34,1781099988.211937,udp_reflection
35,1781099988.213827,normal
36,1781099988.215723,normal
37,1781099988.218349,normal
38,1781099988.220361,normal
39,1781099988.221950,normal
40,1781099988.224411,normal
41,1781099988.226072,normal
42,1781099988.227499,normal
43,1781099988.229903,normal
44,1781099988.232829,normal
45,1781099988.236574,normal
46,1781099988.238198,normal
47,1781099988.241064,normal
48,1781099988.242224,normal
49,1781099988.243832,normal
50,1781099988.245903,normal
51,1781099988.247432,normal
52,1781099988.249813,normal
53,1781099988.251257,normal
54,1781099988.253210,normal
55,1781099988.255507,normal
56,1781099988.257401,normal
57,1781099988.259724,normal
58,1781099988.261691,normal
59,1781099988.263389,normal
60,1781099988.265049,normal
61,1781099988.266646,normal
62,1781099988.268769,normal
63,1781099988.270980,normal
64,1781099988.273698,normal
65,1781099988.275733,normal
66,1781099988.277930,normal
67,1781099988.279954,normal
68,1781099988.282349,normal
69,1781099988.284118,normal
70,1781099988.285740,udp_reflection
71,1781099988.287478,normal
72,1781099988.288781,normal
73,1781099988.290713,normal
74,1781099988.292757,normal
75,1781099988.294285,normal
76,1781099988.297815,normal
77,1781099988.300367,normal
78,1781099988.302280,udp_reflection
79,1781099988.304831,normal
80,1781099988.306697,normal
81,1781099988.308202,normal
82,1781099988.309755,normal
83,1781099988.312271,normal
84,1781099988.314191,normal
85,1781099988.316013,normal
86,1781099988.318058,normal
87,1781099988.320718,udp_reflection
88,1781099988.323484,normal
89,1781099988.325430,normal
90,1781099988.327397,normal
91,1781099988.329408,normal
92,1781099988.332359,normal
93,1781099988.334380,normal
94,1781099988.336493,normal
95,1781099988.338068,normal
96,1781099988.340280,normal
97,1781099988.342296,normal
98,1781099988.343962,normal
99,1781099988.345627,normal
100,1781099988.347916,normal
101,1781099988.349416,normal
102,1781099988.351091,normal
103,1781099988.352940,normal
104,1781099988.354603,normal
105,1781099988.356377,normal
106,1781099988.358526,udp_reflection
107,1781099988.360492,normal
108,1781099988.362428,normal
109,1781099988.365126,normal
110,1781099988.367792,normal
111,1781099988.369842,normal
112,1781099988.371899,normal
113,1781099988.374785,normal
114,1781099988.376758,udp_reflection
115,1781099988.378956,normal
116,1781099988.380986,normal
117,1781099988.383636,normal
118,1781099988.385726,udp_reflection
119,1781099988.388231,normal
120,1781099988.389490,normal
121,1781099988.390855,normal
122,1781099988.392508,normal
123,1781099988.394755,udp_reflection
124,1781099988.396784,normal
125,1781099988.399533,normal
126,1781099988.401556,udp_reflection
127,1781099988.403929,normal
128,1781099988.407325,udp_reflection
129,1781099988.409667,udp_reflection
130,1781099988.412363,udp_reflection
131,1781099988.414560,normal
132,1781099988.416924,udp_reflection
133,1781099988.420243,normal
134,1781099988.421548,normal
135,1781099988.423371,udp_reflection
136,1781099988.426437,normal
137,1781099988.428423,udp_reflection
138,1781099988.431957,normal
139,1781099988.433906,normal
140,1781099988.435673,normal
141,1781099988.437972,normal
142,1781099988.440951,normal
143,1781099988.442489,normal
144,1781099988.444125,udp_reflection
145,1781099988.445801,normal
146,1781099988.447019,normal
147,1781099988.448571,normal
148,1781099988.450067,normal
149,1781099988.452319,normal
150,1781099988.454318,normal
151,1781099988.455593,normal
152,1781099988.457180,normal
153,1781099988.458431,udp_reflection
154,1781099988.460365,normal
155,1781099988.462795,normal
156,1781099988.465331,normal
157,1781099988.467699,normal
158,1781099988.469899,normal
159,1781099988.472598,normal
160,1781099988.474935,normal
161,1781099988.477106,normal
162,1781099988.478400,normal
163,1781099988.480472,normal
164,1781099988.482631,normal
165,1781099988.484770,normal
166,1781099988.486609,normal
167,1781099988.488162,normal
168,1781099988.490921,normal
169,1781099988.494623,normal
170,1781099988.496627,normal
171,1781099988.498076,normal
172,1781099988.499914,normal
173,1781099988.501237,normal
174,1781099988.502839,normal
175,1781099988.505168,udp_reflection
176,1781099988.507163,normal
177,1781099988.508667,normal
178,1781099988.510633,normal
179,1781099988.512420,normal
180,1781099988.514157,normal
181,1781099988.516907,udp_reflection
182,1781099988.518760,normal
183,1781099988.520953,normal
184,1781099988.522591,normal
185,1781099988.524272,normal
186,1781099988.526577,normal
187,1781099988.530282,udp_reflection
188,1781099988.532605,udp_reflection
189,1781099988.535584,udp_reflection
190,1781099988.537235,normal
191,1781099988.539419,udp_reflection
192,1781099988.541738,normal
193,1781099988.544152,normal
194,1781099988.546488,normal
195,1781099988.548296,udp_reflection
196,1781099988.549848,normal
197,1781099988.551836,normal
198,1781099988.553307,normal
199,1781099988.555028,normal
200,1781099988.557070,udp_reflection
201,1781099988.560607,normal
202,1781099988.562531,normal
203,1781099988.564326,normal
204,1781099988.565906,normal
205,1781099988.567141,normal
206,1781099988.569461,normal
207,1781099988.571624,udp_reflection
208,1781099988.573594,normal
209,1781099988.575619,normal
210,1781099988.577299,normal
211,1781099988.579052,normal
212,1781099988.580918,normal
213,1781099988.582491,normal
214,1781099988.583899,normal
215,1781099988.585943,udp_reflection
216,1781099988.587746,normal
217,1781099988.589278,normal
218,1781099988.591721,normal
219,1781099988.593863,udp_reflection
220,1781099988.596522,normal
221,1781099988.599080,udp_reflection
222,1781099988.600992,normal
223,1781099988.603719,normal
224,1781099988.605268,udp_reflection
225,1781099988.607050,normal
226,1781099988.609505,normal
227,1781099988.612299,normal
228,1781099988.613922,normal
229,1781099988.615952,normal
230,1781099988.618713,normal
231,1781099988.620616,udp_reflection
232,1781099988.622370,normal
233,1781099988.624666,normal
234,1781099988.626930,normal
235,1781099988.628673,normal
236,1781099988.630775,normal
237,1781099988.632850,normal
238,1781099988.635102,udp_reflection
239,1781099988.636799,normal
240,1781099988.638774,normal
241,1781099988.640658,normal
242,1781099988.642915,normal
243,1781099988.646971,normal
244,1781099988.648414,normal
245,1781099988.650534,normal
246,1781099988.652112,normal
247,1781099988.653627,normal
248,1781099988.655577,normal
249,1781099988.657475,normal
250,1781099988.658947,normal
251,1781099988.661518,normal
252,1781099988.663029,normal
253,1781099988.664715,normal
254,1781099988.666026,normal
255,1781099988.667196,udp_reflection
256,1781099988.668521,normal
257,1781099988.670733,normal
258,1781099988.672082,normal
259,1781099988.674257,normal
260,1781099988.676033,normal
261,1781099988.678439,normal
262,1781099988.680466,normal
263,1781099988.682387,normal
264,1781099988.684381,udp_reflection
265,1781099988.686540,normal
266,1781099988.687978,udp_reflection
267,1781099988.690451,udp_reflection
268,1781099988.692373,normal
269,1781099988.694387,udp_reflection
270,1781099988.696990,normal
271,1781099988.699593,normal
272,1781099988.701795,normal
273,1781099988.703578,normal
274,1781099988.705362,normal
275,1781099988.706831,udp_reflection
276,1781099988.708798,normal
277,1781099988.711452,normal
278,1781099988.712853,normal
279,1781099988.714838,normal
280,1781099988.717135,normal
281,1781099988.718849,normal
282,1781099988.720584,normal
283,1781099988.722887,udp_reflection
284,1781099988.724608,normal
285,1781099988.725930,udp_reflection
286,1781099988.727586,normal
287,1781099988.728638,normal
288,1781099988.730501,normal
289,1781099988.732203,udp_reflection
290,1781099988.733883,normal
291,1781099988.734722,normal
292,1781099988.736032,normal
293,1781099988.737749,udp_reflection
294,1781099988.739911,normal
295,1781099988.741999,normal
296,1781099988.743957,udp_reflection
297,1781099988.745684,normal
298,1781099988.747465,normal
299,1781099988.749092,normal
300,1781099988.750819,normal
301,1781099988.752534,normal
302,1781099988.754737,normal
303,1781099988.756390,normal
304,1781099988.758425,normal
305,1781099988.760030,normal
306,1781099988.761936,normal
307,1781099988.763420,normal
308,1781099988.765528,normal
309,1781099988.767701,normal
310,1781099988.768810,normal
311,1781099988.770361,normal
312,1781099988.772537,normal
313,1781099988.774590,udp_reflection
314,1781099988.776078,normal
315,1781099988.778395,normal
316,1781099988.779973,normal
317,1781099988.781233,normal
318,1781099988.782628,normal
319,1781099988.784853,normal
320,1781099988.786173,normal
321,1781099988.788464,normal
322,1781099988.789869,normal
323,1781099988.791297,normal
324,1781099988.793075,normal
325,1781099988.794994,udp_reflection
326,1781099988.797313,normal
327,1781099988.799331,normal
328,1781099988.800922,udp_reflection
329,1781099988.802687,udp_reflection
330,1781099988.804399,normal
331,1781099988.805771,normal
332,1781099988.807692,normal
333,1781099988.809177,udp_reflection
334,1781099988.810791,normal
335,1781099988.814002,normal
336,1781099988.815977,normal
337,1781099988.817588,normal
338,1781099988.820233,udp_reflection
339,1781099988.822337,normal
340,1781099988.824741,udp_reflection
341,1781099988.825898,normal
342,1781099988.827304,udp_reflection
343,1781099988.828935,normal
344,1781099988.830199,normal
345,1781099988.832345,normal
346,1781099988.833845,normal
347,1781099988.835289,normal
348,1781099988.836475,normal
349,1781099988.838998,normal
350,1781099988.840442,normal
351,1781099988.842484,normal
352,1781099988.844103,normal
353,1781099988.845330,normal
354,1781099988.847108,normal
355,1781099988.848807,normal
356,1781099988.850711,normal
357,1781099988.852470,normal
358,1781099988.854336,normal
359,1781099988.857163,udp_reflection
360,1781099988.858723,normal
361,1781099988.861216,normal
362,1781099988.863021,normal
363,1781099988.865174,normal
364,1781099988.866812,normal
365,1781099988.868527,normal
366,1781099988.870766,normal
367,1781099988.873127,normal
368,1781099988.874447,normal
369,1781099988.877073,normal
370,1781099988.879479,normal
371,1781099988.881246,normal
372,1781099988.882609,normal
373,1781099988.884248,normal
374,1781099988.886392,normal
375,1781099988.887861,normal
376,1781099988.889968,normal
377,1781099988.891540,normal
378,1781099988.893204,udp_reflection
379,1781099988.895456,normal
380,1781099988.896756,normal
381,1781099988.898287,normal
382,1781099988.901006,normal
383,1781099988.902525,normal
384,1781099988.903840,normal
385,1781099988.905409,normal
386,1781099988.907337,udp_reflection
387,1781099988.909475,udp_reflection
388,1781099988.910999,normal
389,1781099988.912825,normal
390,1781099988.914990,udp_reflection
391,1781099988.916601,normal
392,1781099988.918359,normal
393,1781099988.920164,normal
394,1781099988.921232,udp_reflection
395,1781099988.922664,normal
396,1781099988.924407,normal
397,1781099988.925551,normal
398,1781099988.926874,normal
399,1781099988.928748,normal
400,1781099988.930020,normal
401,1781099988.931490,normal
402,1781099988.933035,normal
403,1781099988.934470,normal
404,1781099988.935588,udp_reflection
405,1781099988.936804,udp_reflection
406,1781099988.938263,udp_reflection
407,1781099988.940174,normal
408,1781099988.941539,udp_reflection
409,1781099988.943174,normal
410,1781099988.945012,normal
411,1781099988.946413,normal
412,1781099988.948591,normal
413,1781099988.949982,normal
414,1781099988.951926,normal
415,1781099988.953505,udp_reflection
416,1781099988.955458,udp_reflection
417,1781099988.958054,normal
418,1781099988.959400,normal
419,1781099988.961732,normal
420,1781099988.963674,normal
421,1781099988.965584,normal
422,1781099988.967574,normal
423,1781099988.969007,normal
424,1781099988.970918,normal
425,1781099988.972308,normal
426,1781099988.974478,normal
427,1781099988.975892,normal
428,1781099988.976674,normal
429,1781099988.979023,normal
430,1781099988.980536,normal
431,1781099988.982023,normal
432,1781099988.983735,normal
433,1781099988.985225,udp_reflection
434,1781099988.986731,normal
435,1781099988.988306,normal
436,1781099988.990775,normal
437,1781099988.992629,udp_reflection
438,1781099988.993974,normal
439,1781099988.995553,normal
440,1781099988.997673,normal
441,1781099988.998812,udp_reflection
442,1781099989.000298,normal
443,1781099989.002133,normal
444,1781099989.003829,normal
445,1781099989.006100,normal
446,1781099989.007422,normal
447,1781099989.009310,normal
448,1781099989.010444,normal
449,1781099989.012087,udp_reflection
450,1781099989.013262,normal
451,1781099989.015131,normal
452,1781099989.017393,normal
453,1781099989.019331,normal
454,1781099989.021799,udp_reflection
455,1781099989.023182,normal
456,1781099989.025160,normal
457,1781099989.026954,normal
458,1781099989.028557,normal
459,1781099989.030266,normal
460,1781099989.031887,normal
461,1781099989.032853,normal
462,1781099989.034420,normal
463,1781099989.036382,normal
464,1781099989.038211,normal
465,1781099989.039715,normal
466,1781099989.041627,normal
467,1781099989.043832,normal
468,1781099989.045459,normal
469,1781099989.046536,normal
470,1781099989.048646,normal
471,1781099989.050733,normal
472,1781099989.052467,normal
473,1781099989.054291,normal
474,1781099989.055675,udp_reflection
475,1781099989.057488,normal
476,1781099989.059989,normal
477,1781099989.061378,normal
478,1781099989.062787,normal
479,1781099989.064519,normal
480,1781099989.066526,normal
481,1781099989.068603,normal
482,1781099989.070339,udp_reflection
483,1781099989.072058,normal
484,1781099989.074269,normal
485,1781099989.076480,normal
486,1781099989.078046,normal
487,1781099989.079563,normal
488,1781099989.080752,normal
489,1781099989.082266,normal
490,1781099989.083939,normal
491,1781099989.086756,normal
492,1781099989.088396,normal
493,1781099989.090358,normal
494,1781099989.092366,normal
495,1781099989.094111,normal
496,1781099989.096084,normal
497,1781099989.097356,normal
498,1781099989.099232,normal
499,1781099989.100905,normal
500,1781099989.102468,normal
501,1781099989.104229,normal
502,1781099989.105970,normal
503,1781099989.108155,normal
504,1781099989.109863,normal
505,1781099989.111196,normal
506,1781099989.112895,udp_reflection
507,1781099989.114721,normal
508,1781099989.116440,normal
509,1781099989.118537,udp_reflection
510,1781099989.119961,udp_reflection
511,1781099989.121139,normal
512,1781099989.122439,udp_reflection
513,1781099989.124211,normal
514,1781099989.126247,normal
515,1781099989.127328,normal
516,1781099989.128787,normal
517,1781099989.129975,udp_reflection
518,1781099989.131796,normal
519,1781099989.133499,normal
520,1781099989.135277,normal
521,1781099989.136638,normal
522,1781099989.139615,normal
523,1781099989.140991,normal
524,1781099989.141804,normal
525,1781099989.143641,normal
526,1781099989.145437,normal
527,1781099989.147566,normal
528,1781099989.149234,udp_reflection
529,1781099989.151397,udp_reflection
530,1781099989.153399,udp_reflection
531,1781099989.155573,normal
532,1781099989.157722,normal
533,1781099989.159714,normal
534,1781099989.161155,normal
535,1781099989.163024,normal
536,1781099989.164570,normal
537,1781099989.166569,normal
538,1781099989.168458,normal
539,1781099989.169988,normal
540,1781099989.172562,normal
541,1781099989.174278,udp_reflection
542,1781099989.175881,normal
543,1781099989.177207,normal
544,1781099989.178631,udp_reflection
545,1781099989.180390,udp_reflection
546,1781099989.182620,normal
547,1781099989.184333,normal
548,1781099989.186180,udp_reflection
549,1781099989.187623,normal
550,1781099989.188952,normal
551,1781099989.190827,normal
552,1781099989.192392,normal
553,1781099989.193792,normal
554,1781099989.195991,normal
555,1781099989.197353,normal
556,1781099989.198726,normal
557,1781099989.200209,udp_reflection
558,1781099989.201674,normal
559,1781099989.203916,udp_reflection
560,1781099989.205772,normal
561,1781099989.206833,normal
562,1781099989.208309,udp_reflection
563,1781099989.210517,normal
564,1781099989.211673,normal
565,1781099989.212940,normal
566,1781099989.214512,udp_reflection
567,1781099989.216708,normal
568,1781099989.218227,udp_reflection
569,1781099989.219766,normal
570,1781099989.222323,normal
571,1781099989.223576,normal
572,1781099989.225262,udp_reflection
573,1781099989.227286,normal
574,1781099989.229288,normal
575,1781099989.232385,normal
576,1781099989.233988,normal
577,1781099989.235713,normal
578,1781099989.237467,normal
579,1781099989.238914,normal
580,1781099989.240670,udp_reflection
581,1781099989.242375,normal
582,1781099989.244080,normal
583,1781099989.245748,normal
584,1781099989.246773,normal
585,1781099989.248330,normal
586,1781099989.250044,normal
587,1781099989.252115,udp_reflection
588,1781099989.254439,normal
589,1781099989.255678,normal
590,1781099989.257675,normal
591,1781099989.259461,normal
592,1781099989.260872,normal
593,1781099989.262398,normal
594,1781099989.264181,normal
595,1781099989.265674,normal
596,1781099989.267451,normal
597,1781099989.268271,udp_reflection
598,1781099989.269855,normal
599,1781099989.271446,normal
600,1781099989.273401,udp_reflection
601,1781099989.275182,normal
602,1781099989.276529,normal
603,1781099989.277833,normal
604,1781099989.279625,udp_reflection
605,1781099989.280737,normal
606,1781099989.282331,normal
607,1781099989.283530,normal
608,1781099989.284919,udp_reflection
609,1781099989.286522,normal
610,1781099989.288157,normal
611,1781099989.289270,normal
612,1781099989.291335,udp_reflection
613,1781099989.293273,udp_reflection
614,1781099989.294524,normal
615,1781099989.296223,normal
616,1781099989.297483,normal
617,1781099989.298770,udp_reflection
618,1781099989.300600,normal
619,1781099989.301780,normal
620,1781099989.303118,normal
621,1781099989.304461,normal
622,1781099989.306319,normal
623,1781099989.307899,normal
624,1781099989.310108,udp_reflection
625,1781099989.311494,normal
626,1781099989.312521,udp_reflection
627,1781099989.314038,normal
628,1781099989.315122,normal
629,1781099989.316857,normal
630,1781099989.318955,normal
631,1781099989.320863,normal
632,1781099989.322195,normal
633,1781099989.323742,normal
634,1781099989.325159,normal
635,1781099989.326622,normal
636,1781099989.328353,normal
637,1781099989.330132,normal
638,1781099989.332078,normal
639,1781099989.333855,normal
640,1781099989.335877,udp_reflection
641,1781099989.337160,normal
642,1781099989.338647,normal
643,1781099989.340648,normal
644,1781099989.342015,normal
645,1781099989.343227,normal
646,1781099989.344197,normal
647,1781099989.346320,normal
648,1781099989.347746,normal
649,1781099989.348903,udp_reflection
650,1781099989.350917,normal
651,1781099989.352539,normal
652,1781099989.354151,udp_reflection
653,1781099989.356287,udp_reflection
654,1781099989.358134,normal
655,1781099989.359729,udp_reflection
656,1781099989.361465,normal
657,1781099989.363163,normal
658,1781099989.365538,normal
659,1781099989.367058,udp_reflection
660,1781099989.368510,normal
661,1781099989.369851,normal
662,1781099989.371708,normal
663,1781099989.372844,normal
664,1781099989.374283,normal
665,1781099989.375837,normal
666,1781099989.377859,normal
667,1781099989.379132,normal
668,1781099989.380539,normal
669,1781099989.382249,normal
670,1781099989.383636,normal
671,1781099989.385813,normal
672,1781099989.387238,udp_reflection
673,1781099989.388287,normal
674,1781099989.389738,normal
675,1781099989.390985,normal
676,1781099989.392636,normal
677,1781099989.394815,normal
678,1781099989.396230,udp_reflection
679,1781099989.397341,udp_reflection
680,1781099989.398466,normal
681,1781099989.399882,udp_reflection
682,1781099989.401610,udp_reflection
683,1781099989.403210,normal
684,1781099989.404285,normal
685,1781099989.406032,udp_reflection
686,1781099989.407714,udp_reflection
687,1781099989.409757,normal
688,1781099989.411220,normal
689,1781099989.412709,normal
690,1781099989.414653,normal
691,1781099989.416265,normal
692,1781099989.417556,normal
693,1781099989.419024,normal
694,1781099989.420385,udp_reflection
695,1781099989.421953,normal
696,1781099989.423294,normal
697,1781099989.424813,normal
698,1781099989.426524,normal
699,1781099989.427997,udp_reflection
700,1781099989.429415,normal
701,1781099989.431211,udp_reflection
702,1781099989.432463,udp_reflection
703,1781099989.433800,normal
704,1781099989.435332,udp_reflection
705,1781099989.436604,normal
706,1781099989.437923,normal
707,1781099989.440123,normal
708,1781099989.441712,udp_reflection
709,1781099989.442729,normal
710,1781099989.444056,normal
711,1781099989.445459,normal
712,1781099989.446838,udp_reflection
713,1781099989.448388,normal
714,1781099989.449921,udp_reflection
715,1781099989.451739,udp_reflection
716,1781099989.452937,normal
717,1781099989.454778,normal
718,1781099989.456307,udp_reflection
719,1781099989.457252,udp_reflection
720,1781099989.459081,normal
721,1781099989.461310,udp_reflection
722,1781099989.462550,normal
723,1781099989.464020,normal
724,1781099989.465312,normal
725,1781099989.466649,normal
726,1781099989.468302,normal
727,1781099989.469852,normal
728,1781099989.471401,normal
729,1781099989.473330,normal
730,1781099989.474740,normal
731,1781099989.476389,normal
732,1781099989.477982,normal
733,1781099989.479620,normal
734,1781099989.480628,udp_reflection
735,1781099989.481974,udp_reflection
736,1781099989.483547,udp_reflection
737,1781099989.485356,normal
738,1781099989.486771,normal
739,1781099989.488703,normal
740,1781099989.490467,normal
741,1781099989.491918,udp_reflection
742,1781099989.493894,normal
743,1781099989.495692,normal
744,1781099989.497374,udp_reflection
745,1781099989.498883,normal
746,1781099989.500516,normal
747,1781099989.501867,normal
748,1781099989.504024,udp_reflection
749,1781099989.505525,normal
750,1781099989.506433,udp_reflection
751,1781099989.508046,udp_reflection
752,1781099989.509503,normal
753,1781099989.510974,normal
754,1781099989.512691,normal
755,1781099989.514458,udp_reflection
756,1781099989.515909,normal
757,1781099989.518225,normal
758,1781099989.519050,normal
759,1781099989.520234,normal
760,1781099989.521433,normal
761,1781099989.523062,udp_reflection
762,1781099989.524709,udp_reflection
763,1781099989.526010,normal
764,1781099989.528203,normal
765,1781099989.529310,normal
766,1781099989.530326,normal
767,1781099989.532238,normal
768,1781099989.533660,udp_reflection
769,1781099989.534684,normal
770,1781099989.536025,udp_reflection
771,1781099989.537574,normal
772,1781099989.538990,udp_reflection
773,1781099989.540770,normal
774,1781099989.542637,normal
775,1781099989.543758,normal
776,1781099989.545420,normal
777,1781099989.547460,udp_reflection
778,1781099989.548553,normal
779,1781099989.550255,udp_reflection
780,1781099989.552272,normal
781,1781099989.553593,normal
782,1781099989.554886,udp_reflection
783,1781099989.556292,udp_reflection
784,1781099989.557098,normal
785,1781099989.558771,normal
786,1781099989.559698,normal
787,1781099989.561390,udp_reflection
788,1781099989.563073,udp_reflection
789,1781099989.564501,udp_reflection
790,1781099989.566107,normal
791,1781099989.568099,udp_reflection
792,1781099989.569093,normal
793,1781099989.570275,normal
794,1781099989.571635,udp_reflection
795,1781099989.573717,normal
796,1781099989.575106,normal
797,1781099989.576328,normal
798,1781099989.578377,udp_reflection
799,1781099989.579746,normal
800,1781099989.580882,normal
801,1781099989.582453,udp_reflection
802,1781099989.583809,udp_reflection
803,1781099989.587842,normal
804,1781099989.589470,normal
805,1781099989.591201,udp_reflection
806,1781099989.592436,normal
807,1781099989.593825,normal
808,1781099989.595859,normal
809,1781099989.597131,normal
810,1781099989.598301,normal
811,1781099989.600600,udp_reflection
812,1781099989.602018,normal
813,1781099989.604070,normal
814,1781099989.605988,normal
815,1781099989.608559,udp_reflection
816,1781099989.610772,udp_reflection
817,1781099989.612209,normal
818,1781099989.613942,normal
819,1781099989.615295,udp_reflection
820,1781099989.616982,normal
821,1781099989.618490,normal
822,1781099989.619624,udp_reflection
823,1781099989.620713,normal
824,1781099989.622685,udp_reflection
825,1781099989.623903,udp_reflection
826,1781099989.625538,normal
827,1781099989.627133,normal
828,1781099989.628593,normal
829,1781099989.629909,normal
830,1781099989.631143,udp_reflection
831,1781099989.632351,udp_reflection
832,1781099989.633866,udp_reflection
833,1781099989.634960,normal
834,1781099989.636158,udp_reflection
835,1781099989.638143,udp_reflection
836,1781099989.639503,normal
837,1781099989.640678,normal
838,1781099989.641545,normal
839,1781099989.643374,normal
840,1781099989.644813,udp_reflection
841,1781099989.645881,normal
842,1781099989.647507,normal
843,1781099989.649159,udp_reflection
844,1781099989.650591,normal
845,1781099989.651555,normal
846,1781099989.653041,udp_reflection
847,1781099989.654358,normal
848,1781099989.655973,normal
849,1781099989.657705,udp_reflection
850,1781099989.659288,normal
851,1781099989.660331,udp_reflection
852,1781099989.661688,udp_reflection
853,1781099989.663208,udp_reflection
854,1781099989.664425,normal
855,1781099989.665808,normal
856,1781099989.667000,normal
857,1781099989.667992,normal
858,1781099989.669388,normal
859,1781099989.670679,normal
860,1781099989.672205,udp_reflection
861,1781099989.673732,udp_reflection
862,1781099989.674871,udp_reflection
863,1781099989.675919,normal
864,1781099989.677153,normal
865,1781099989.678528,normal
866,1781099989.680157,normal
867,1781099989.682312,normal
868,1781099989.683567,normal
869,1781099989.684820,normal
870,1781099989.686079,normal
871,1781099989.687455,normal
872,1781099989.688638,normal
873,1781099989.689787,normal
874,1781099989.691430,udp_reflection
875,1781099989.692815,normal
876,1781099989.694289,normal
877,1781099989.695683,normal
878,1781099989.697287,normal
879,1781099989.698460,normal
880,1781099989.699693,normal
881,1781099989.700814,udp_reflection
882,1781099989.702345,udp_reflection
883,1781099989.703368,normal
884,1781099989.705460,normal
885,1781099989.706798,normal
886,1781099989.708441,normal
887,1781099989.709623,normal
888,1781099989.710876,udp_reflection
889,1781099989.712278,normal
890,1781099989.713774,normal
891,1781099989.715429,udp_reflection
892,1781099989.716540,normal
893,1781099989.717438,normal
894,1781099989.718691,udp_reflection
895,1781099989.720120,udp_reflection
896,1781099989.721337,udp_reflection
897,1781099989.722799,normal
898,1781099989.723936,udp_reflection
899,1781099989.725343,normal
900,1781099989.726819,udp_reflection
901,1781099989.728153,normal
902,1781099989.729937,udp_reflection
903,1781099989.731818,normal
904,1781099989.732948,normal
905,1781099989.734703,normal
906,1781099989.736336,normal
907,1781099989.737802,udp_reflection
908,1781099989.739446,normal
909,1781099989.740251,normal
910,1781099989.742199,normal
911,1781099989.744038,normal
912,1781099989.745434,normal
913,1781099989.747504,udp_reflection
914,1781099989.749495,normal
915,1781099989.751339,normal
916,1781099989.752479,udp_reflection
917,1781099989.753613,normal
918,1781099989.754923,udp_reflection
919,1781099989.756434,normal
920,1781099989.757842,normal
921,1781099989.759913,normal
922,1781099989.761158,udp_reflection
923,1781099989.762367,normal
924,1781099989.763408,udp_reflection
925,1781099989.765113,udp_reflection
926,1781099989.766468,normal
927,1781099989.768286,udp_reflection
928,1781099989.769308,normal
929,1781099989.770505,udp_reflection
930,1781099989.771663,udp_reflection
931,1781099989.773544,normal
932,1781099989.775533,normal
933,1781099989.776589,normal
934,1781099989.777873,normal
935,1781099989.779059,normal
936,1781099989.781147,normal
937,1781099989.782439,normal
938,1781099989.783837,normal
939,1781099989.785146,normal
940,1781099989.786472,udp_reflection
941,1781099989.787541,udp_reflection
942,1781099989.789139,normal
943,1781099989.790538,udp_reflection
944,1781099989.792064,normal
945,1781099989.793369,normal
946,1781099989.794546,normal
947,1781099989.795686,udp_reflection
948,1781099989.796883,udp_reflection
949,1781099989.798298,normal
950,1781099989.800456,normal
951,1781099989.801708,udp_reflection
952,1781099989.802968,udp_reflection
953,1781099989.803823,udp_reflection
954,1781099989.805286,normal
955,1781099989.806098,normal
956,1781099989.807452,normal
957,1781099989.808360,normal
958,1781099989.809884,normal
959,1781099989.811521,normal
960,1781099989.812653,normal
961,1781099989.813735,normal
962,1781099989.815004,normal
963,1781099989.816643,udp_reflection
964,1781099989.817667,normal
965,1781099989.818922,normal
966,1781099989.820695,normal
967,1781099989.821975,udp_reflection
968,1781099989.823370,udp_reflection
969,1781099989.824574,normal
970,1781099989.825818,normal
971,1781099989.826753,udp_reflection
972,1781099989.828212,udp_reflection
973,1781099989.830035,normal
974,1781099989.831386,udp_reflection
975,1781099989.832732,normal
976,1781099989.834175,udp_reflection
977,1781099989.836458,normal
978,1781099989.837956,normal
979,1781099989.839764,udp_reflection
980,1781099989.840891,udp_reflection
981,1781099989.842020,udp_reflection
982,1781099989.843320,normal
983,1781099989.845100,udp_reflection
984,1781099989.846081,udp_reflection
985,1781099989.847112,normal
986,1781099989.848309,udp_reflection
987,1781099989.849299,udp_reflection
988,1781099989.850563,normal
989,1781099989.852083,normal
990,1781099989.853485,normal
991,1781099989.855151,udp_reflection
992,1781099989.856412,udp_reflection
993,1781099989.857754,udp_reflection
994,1781099989.858956,normal
995,1781099989.860044,normal
996,1781099989.861250,normal
997,1781099989.862699,normal
998,1781099989.863978,normal
999,1781099989.865215,udp_reflection
1000,1781099989.866482,normal
1001,1781099989.868448,normal
1002,1781099989.869454,udp_reflection
1003,1781099989.870789,normal
1004,1781099989.872042,normal
1005,1781099989.874308,normal
1006,1781099989.876099,udp_reflection
1007,1781099989.877522,udp_reflection
1008,1781099989.878833,udp_reflection
1009,1781099989.880795,normal
1010,1781099989.881678,udp_reflection
1011,1781099989.883009,normal
1012,1781099989.884359,normal
1013,1781099989.885369,normal
1014,1781099989.886673,normal
1015,1781099989.888214,udp_reflection
1016,1781099989.889555,normal
1017,1781099989.890864,normal
1018,1781099989.892075,normal
1019,1781099989.893478,normal
1020,1781099989.894511,normal
1021,1781099989.895798,normal
1022,1781099989.897366,normal
1023,1781099989.898804,normal
1024,1781099989.900085,normal
1025,1781099989.901623,normal
1026,1781099989.903486,normal
1027,1781099989.904733,normal
1028,1781099989.906591,normal
1029,1781099989.907918,udp_reflection
1030,1781099989.909098,normal
1031,1781099989.910821,normal
1032,1781099989.911815,normal
1033,1781099989.913330,normal
1034,1781099989.914240,udp_reflection
1035,1781099989.915826,normal
1036,1781099989.918070,normal
1037,1781099989.919493,normal
1038,1781099989.921012,normal
1039,1781099989.922883,normal
1040,1781099989.924403,normal
1041,1781099989.925522,normal
1042,1781099989.926456,normal
1043,1781099989.928095,normal
1044,1781099989.929000,udp_reflection
1045,1781099989.930987,normal
1046,1781099989.932299,normal
1047,1781099989.933466,normal
1048,1781099989.934566,normal
1049,1781099989.935443,udp_reflection
1050,1781099989.936375,udp_reflection
1051,1781099989.937717,udp_reflection
1052,1781099989.939180,udp_reflection
1053,1781099989.940276,normal
1054,1781099989.941887,udp_reflection
1055,1781099989.943224,normal
1056,1781099989.944633,normal
1057,1781099989.946173,normal
1058,1781099989.947924,normal
1059,1781099989.949196,normal
1060,1781099989.950082,normal
1061,1781099989.951623,normal
1062,1781099989.953289,udp_reflection
1063,1781099989.954218,normal
1064,1781099989.955173,normal
1065,1781099989.956697,udp_reflection
1066,1781099989.958439,normal
1067,1781099989.959865,normal
1068,1781099989.960945,normal
1069,1781099989.962612,udp_reflection
1070,1781099989.964060,udp_reflection
1071,1781099989.965448,normal
1072,1781099989.967274,normal
1073,1781099989.968637,normal
1074,1781099989.969854,udp_reflection
1075,1781099989.971327,normal
1076,1781099989.972317,normal
1077,1781099989.973766,normal
1078,1781099989.975127,normal
1079,1781099989.977377,normal
1080,1781099989.978348,udp_reflection
1081,1781099989.979383,normal
1082,1781099989.980840,udp_reflection
1083,1781099989.981871,udp_reflection
1084,1781099989.983276,normal
1085,1781099989.984332,normal
1086,1781099989.985555,normal
1087,1781099989.987149,udp_reflection
1088,1781099989.988389,udp_reflection
1089,1781099989.989930,normal
1090,1781099989.991355,normal
1091,1781099989.992728,udp_reflection
1092,1781099989.993651,udp_reflection
1093,1781099989.995048,udp_reflection
1094,1781099989.996487,normal
1095,1781099989.997771,normal
1096,1781099989.998833,udp_reflection
1097,1781099990.000283,normal
1098,1781099990.001373,normal
1099,1781099990.002481,normal
1100,1781099990.003471,normal
1101,1781099990.005040,normal
1102,1781099990.006168,normal
1103,1781099990.007310,udp_reflection
1104,1781099990.008977,udp_reflection
1105,1781099990.010622,udp_reflection
1106,1781099990.011872,normal
1107,1781099990.013405,udp_reflection
1108,1781099990.014352,normal
1109,1781099990.015890,normal
1110,1781099990.017242,normal
1111,1781099990.018602,normal
1112,1781099990.019609,normal
1113,1781099990.020956,normal
1114,1781099990.022554,normal
1115,1781099990.023958,normal
1116,1781099990.025495,normal
1117,1781099990.026590,normal
1118,1781099990.027999,udp_reflection
1119,1781099990.029308,normal
1120,1781099990.030722,normal
1121,1781099990.031786,udp_reflection
1122,1781099990.033133,normal
1123,1781099990.034816,normal
1124,1781099990.037007,normal
1125,1781099990.038424,udp_reflection
1126,1781099990.039524,normal
1127,1781099990.040890,normal
1128,1781099990.042453,normal
1129,1781099990.043663,udp_reflection
1130,1781099990.044828,udp_reflection
1131,1781099990.046149,normal
1132,1781099990.047150,udp_reflection
1133,1781099990.048583,normal
1134,1781099990.050066,normal
1135,1781099990.051118,udp_reflection
1136,1781099990.052389,normal
1137,1781099990.053627,normal
1138,1781099990.054752,udp_reflection
1139,1781099990.055985,udp_reflection
1140,1781099990.057453,udp_reflection
1141,1781099990.060479,normal
1142,1781099990.061742,udp_reflection
1143,1781099990.063856,normal
1144,1781099990.064903,udp_reflection
1145,1781099990.066253,normal
1146,1781099990.067423,normal
1147,1781099990.068711,normal
1148,1781099990.069782,udp_reflection
1149,1781099990.071289,normal
1150,1781099990.072694,normal
1151,1781099990.073823,normal
1152,1781099990.075363,udp_reflection
1153,1781099990.077275,normal
1154,1781099990.078786,normal
1155,1781099990.080263,normal
1156,1781099990.081613,normal
1157,1781099990.082725,normal
1158,1781099990.084041,udp_reflection
1159,1781099990.085530,udp_reflection
1160,1781099990.086779,udp_reflection
1161,1781099990.088068,normal
1162,1781099990.089278,udp_reflection
1163,1781099990.091413,normal
1164,1781099990.092512,udp_reflection
1165,1781099990.094294,normal
1166,1781099990.095526,udp_reflection
1167,1781099990.096403,normal
1168,1781099990.097291,normal
1169,1781099990.098557,normal
1170,1781099990.099710,udp_reflection
1171,1781099990.100899,normal
1172,1781099990.102021,normal
1173,1781099990.103226,normal
1174,1781099990.104319,udp_reflection
1175,1781099990.105570,normal
1176,1781099990.106551,udp_reflection
1177,1781099990.107904,normal
1178,1781099990.108963,normal
1179,1781099990.110551,udp_reflection
1180,1781099990.111701,udp_reflection
1181,1781099990.113176,udp_reflection
1182,1781099990.114187,udp_reflection
1183,1781099990.115226,normal
1184,1781099990.117224,normal
1185,1781099990.118524,udp_reflection
1186,1781099990.119557,normal
1187,1781099990.120661,normal
1188,1781099990.121552,normal
1189,1781099990.122990,udp_reflection
1190,1781099990.124444,normal
1191,1781099990.125642,udp_reflection
1192,1781099990.126998,normal
1193,1781099990.128348,udp_reflection
1194,1781099990.129473,normal
1195,1781099990.130720,udp_reflection
1196,1781099990.131792,udp_reflection
1197,1781099990.133492,normal
1198,1781099990.134598,normal
1199,1781099990.135473,udp_reflection
1200,1781099990.136994,udp_reflection
1201,1781099990.138394,normal
1202,1781099990.139745,normal
1203,1781099990.140712,normal
1204,1781099990.142467,udp_reflection
1205,1781099990.143585,normal
1206,1781099990.145060,udp_reflection
1207,1781099990.146624,normal
1208,1781099990.148461,normal
1209,1781099990.149306,normal
1210,1781099990.150563,udp_reflection
1211,1781099990.152159,udp_reflection
1212,1781099990.153540,udp_reflection
1213,1781099990.154850,udp_reflection
1214,1781099990.156081,normal
1215,1781099990.156953,udp_reflection
1216,1781099990.158335,normal
1217,1781099990.159250,normal
1218,1781099990.160537,udp_reflection
1219,1781099990.162052,normal
1220,1781099990.163532,normal
1221,1781099990.164650,udp_reflection
1222,1781099990.165780,normal
1223,1781099990.166987,normal
1224,1781099990.168489,udp_reflection
1225,1781099990.169636,udp_reflection
1226,1781099990.170755,normal
1227,1781099990.172133,normal
1228,1781099990.173679,normal
1229,1781099990.174660,normal
1230,1781099990.175666,normal
1231,1781099990.177032,normal
1232,1781099990.178834,udp_reflection
1233,1781099990.180451,normal
1234,1781099990.181913,normal
1235,1781099990.182994,normal
1236,1781099990.184073,udp_reflection
1237,1781099990.185921,normal
1238,1781099990.187898,normal
1239,1781099990.189246,udp_reflection
1240,1781099990.190269,normal
1241,1781099990.191901,normal
1242,1781099990.192705,normal
1243,1781099990.193882,udp_reflection
1244,1781099990.194536,udp_reflection
1245,1781099990.195911,normal
1246,1781099990.197393,udp_reflection
1247,1781099990.198435,normal
1248,1781099990.199603,udp_reflection
1249,1781099990.200871,normal
1250,1781099990.202155,udp_reflection
1251,1781099990.203858,normal
1252,1781099990.204800,udp_reflection
1253,1781099990.206329,normal
1254,1781099990.207683,normal
1255,1781099990.208786,normal
1256,1781099990.210117,udp_reflection
1257,1781099990.211823,normal
1258,1781099990.213188,udp_reflection
1259,1781099990.214010,normal
1260,1781099990.215678,normal
1261,1781099990.216444,normal
1262,1781099990.217814,normal
1263,1781099990.218783,udp_reflection
1264,1781099990.220486,normal
1265,1781099990.221466,udp_reflection
1266,1781099990.222746,udp_reflection
1267,1781099990.223744,normal
1268,1781099990.224638,normal
1269,1781099990.225684,udp_reflection
1270,1781099990.226701,normal
1271,1781099990.228096,normal
1272,1781099990.229222,normal
1273,1781099990.230973,normal
1274,1781099990.232591,udp_reflection
1275,1781099990.233589,normal
1276,1781099990.234867,normal
1277,1781099990.236206,udp_reflection
1278,1781099990.237457,normal
1279,1781099990.238401,udp_reflection
1280,1781099990.239726,normal
1281,1781099990.240988,normal
1282,1781099990.242363,udp_reflection
1283,1781099990.243354,udp_reflection
1284,1781099990.244585,normal
1285,1781099990.246135,udp_reflection
1286,1781099990.247405,normal
1287,1781099990.248818,normal
1288,1781099990.249849,normal
1289,1781099990.251497,normal
1290,1781099990.252503,normal
1291,1781099990.253610,normal
1292,1781099990.255085,normal
1293,1781099990.256034,udp_reflection
1294,1781099990.257450,normal
1295,1781099990.258530,udp_reflection
1296,1781099990.259931,normal
1297,1781099990.261317,udp_reflection
1298,1781099990.262727,udp_reflection
1299,1781099990.263670,normal
1300,1781099990.265230,normal
1301,1781099990.266461,normal
1302,1781099990.267738,normal
1303,1781099990.269009,udp_reflection
1304,1781099990.269842,normal
1305,1781099990.271451,udp_reflection
1306,1781099990.272465,udp_reflection
1307,1781099990.273827,udp_reflection
1308,1781099990.275061,normal
1309,1781099990.276469,udp_reflection
1310,1781099990.277531,udp_reflection
1311,1781099990.278602,normal
1312,1781099990.279571,udp_reflection
1313,1781099990.280463,udp_reflection
1314,1781099990.281782,normal
1315,1781099990.282988,udp_reflection
1316,1781099990.284359,udp_reflection
1317,1781099990.286306,udp_reflection
1318,1781099990.287367,udp_reflection
1319,1781099990.288604,normal
1320,1781099990.289692,normal
1321,1781099990.290622,normal
1322,1781099990.291426,normal
1323,1781099990.292769,udp_reflection
1324,1781099990.293694,normal
1325,1781099990.295169,udp_reflection
1326,1781099990.296165,normal
1327,1781099990.297463,udp_reflection
1328,1781099990.298737,normal
1329,1781099990.299607,udp_reflection
1330,1781099990.300488,normal
1331,1781099990.301769,udp_reflection
1332,1781099990.302875,normal
1333,1781099990.304080,udp_reflection
1334,1781099990.305110,normal
1335,1781099990.306036,normal
1336,1781099990.307257,udp_reflection
1337,1781099990.308573,normal
1338,1781099990.309871,udp_reflection
1339,1781099990.311240,normal
1340,1781099990.312345,normal
1341,1781099990.313744,normal
1342,1781099990.315139,normal
1343,1781099990.316768,normal
1344,1781099990.318516,udp_reflection
1345,1781099990.319599,udp_reflection
1346,1781099990.321346,normal
1347,1781099990.322802,normal
1348,1781099990.324090,normal
1349,1781099990.325202,normal
1350,1781099990.326191,normal
1351,1781099990.327714,normal
1352,1781099990.328806,normal
1353,1781099990.330069,normal
1354,1781099990.331211,udp_reflection
1355,1781099990.332226,udp_reflection
1356,1781099990.333725,normal
1357,1781099990.334713,normal
1358,1781099990.336421,udp_reflection
1359,1781099990.337931,udp_reflection
1360,1781099990.339314,normal
1361,1781099990.340687,normal
1362,1781099990.342448,normal
1363,1781099990.343810,normal
1364,1781099990.345204,udp_reflection
1365,1781099990.346530,udp_reflection
1366,1781099990.347423,udp_reflection
1367,1781099990.348358,normal
1368,1781099990.349260,udp_reflection
1369,1781099990.350465,normal
1370,1781099990.351231,normal
1371,1781099990.352415,normal
1372,1781099990.353250,normal
1373,1781099990.354549,udp_reflection
1374,1781099990.355843,normal
1375,1781099990.357063,udp_reflection
1376,1781099990.358289,normal
1377,1781099990.359285,normal
1378,1781099990.360628,normal
1379,1781099990.362076,normal
1380,1781099990.362769,normal
1381,1781099990.364361,udp_reflection
1382,1781099990.365856,normal
1383,1781099990.367322,normal
1384,1781099990.368585,normal
1385,1781099990.369799,normal
1386,1781099990.371011,normal
1387,1781099990.372152,normal
1388,1781099990.373399,udp_reflection
1389,1781099990.374392,normal
1390,1781099990.375297,normal
1391,1781099990.376777,normal
1392,1781099990.377959,udp_reflection
1393,1781099990.379252,normal
1394,1781099990.380637,normal
1395,1781099990.381666,normal
1396,1781099990.383111,normal
1397,1781099990.384425,udp_reflection
1398,1781099990.385389,normal
1399,1781099990.386765,normal
1400,1781099990.387704,normal
1401,1781099990.388704,udp_reflection
1402,1781099990.389634,normal
1403,1781099990.390930,udp_reflection
1404,1781099990.391818,normal
1405,1781099990.392966,udp_reflection
1406,1781099990.394110,udp_reflection
1407,1781099990.395479,udp_reflection
1408,1781099990.396971,normal
1409,1781099990.398219,udp_reflection
1410,1781099990.399238,normal
1411,1781099990.399981,udp_reflection
1412,1781099990.401634,udp_reflection
1413,1781099990.403076,normal
1414,1781099990.404239,udp_reflection
1415,1781099990.405655,udp_reflection
1416,1781099990.406698,normal
1417,1781099990.407910,udp_reflection
1418,1781099990.409402,normal
1419,1781099990.410599,normal
1420,1781099990.411855,udp_reflection
1421,1781099990.413103,normal
1422,1781099990.413963,normal
1423,1781099990.415867,udp_reflection
1424,1781099990.416778,normal
1425,1781099990.417835,normal
1426,1781099990.419138,normal
1427,1781099990.420698,normal
1428,1781099990.422745,normal
1429,1781099990.423641,normal
1430,1781099990.424565,normal
1431,1781099990.426147,normal
1432,1781099990.427512,udp_reflection
1433,1781099990.428682,normal
1434,1781099990.429810,normal
1435,1781099990.430890,normal
1436,1781099990.432123,udp_reflection
1437,1781099990.433218,normal
1438,1781099990.434135,udp_reflection
1439,1781099990.435158,normal
1440,1781099990.436344,udp_reflection
1441,1781099990.438028,normal
1442,1781099990.439238,normal
1443,1781099990.440418,normal
1444,1781099990.442169,normal
1445,1781099990.443210,normal
1446,1781099990.444475,udp_reflection
1447,1781099990.445769,normal
1448,1781099990.446790,normal
1449,1781099990.447993,normal
1450,1781099990.449211,normal
1451,1781099990.450217,normal
1452,1781099990.451310,udp_reflection
1453,1781099990.452607,normal
1454,1781099990.453631,normal
1455,1781099990.454678,udp_reflection
1456,1781099990.456153,normal
1457,1781099990.457316,udp_reflection
1458,1781099990.458253,udp_reflection
1459,1781099990.459385,udp_reflection
1460,1781099990.460811,normal
1461,1781099990.461782,udp_reflection
1462,1781099990.462761,udp_reflection
1463,1781099990.463850,udp_reflection
1464,1781099990.464752,normal
1465,1781099990.465888,normal
1466,1781099990.467531,normal
1467,1781099990.468389,normal
1468,1781099990.469567,normal
1469,1781099990.471041,normal
1470,1781099990.472661,normal
1471,1781099990.474151,normal
1472,1781099990.475453,udp_reflection
1473,1781099990.476611,normal
1474,1781099990.477211,normal
1475,1781099990.478254,udp_reflection
1476,1781099990.479244,udp_reflection
1477,1781099990.480741,normal
1478,1781099990.481834,normal
1479,1781099990.482804,normal
1480,1781099990.484100,udp_reflection
1481,1781099990.485230,normal
1482,1781099990.487819,normal
1483,1781099990.488719,udp_reflection
1484,1781099990.489918,udp_reflection
1485,1781099990.491265,normal
1486,1781099990.492285,normal
1487,1781099990.493787,udp_reflection
1488,1781099990.495027,normal
1489,1781099990.496117,udp_reflection
1490,1781099990.497161,normal
1491,1781099990.498934,normal
1492,1781099990.500601,normal
1493,1781099990.501565,udp_reflection
1494,1781099990.502811,udp_reflection
1495,1781099990.503780,udp_reflection
1496,1781099990.504862,normal
1497,1781099990.506510,normal
1498,1781099990.507427,normal
1499,1781099990.508188,normal
1500,1781099990.509345,udp_reflection
1501,1781099990.510360,normal
1502,1781099990.511172,normal
1503,1781099990.512043,normal
1504,1781099990.513079,normal
1505,1781099990.514325,normal
1506,1781099990.515624,normal
1507,1781099990.516527,normal
1508,1781099990.517338,normal
1509,1781099990.518468,udp_reflection
1510,1781099990.519633,normal
1511,1781099990.520637,normal
1512,1781099990.521955,normal
1513,1781099990.523161,normal
1514,1781099990.524217,normal
1515,1781099990.525677,udp_reflection
1516,1781099990.526702,udp_reflection
1517,1781099990.528437,udp_reflection
1518,1781099990.529763,udp_reflection
1519,1781099990.530787,udp_reflection
1520,1781099990.531656,udp_reflection
1521,1781099990.532577,normal
1522,1781099990.534163,udp_reflection
1523,1781099990.535221,normal
1524,1781099990.536402,normal
1525,1781099990.537313,normal
1526,1781099990.538765,normal
1527,1781099990.539662,normal
1528,1781099990.540777,udp_reflection
1529,1781099990.542002,udp_reflection
1530,1781099990.543119,udp_reflection
1531,1781099990.543911,udp_reflection
1532,1781099990.545065,normal
1533,1781099990.546074,udp_reflection
1534,1781099990.546931,udp_reflection
1535,1781099990.548011,normal
1536,1781099990.549303,normal
1537,1781099990.550881,normal
1538,1781099990.552046,udp_reflection
1539,1781099990.552935,normal
1540,1781099990.554419,udp_reflection
1541,1781099990.555358,normal
1542,1781099990.556817,normal
1543,1781099990.557924,normal
1544,1781099990.559315,normal
1545,1781099990.560503,normal
1546,1781099990.561583,udp_reflection
1547,1781099990.562753,normal
1548,1781099990.564240,normal
1549,1781099990.565208,udp_reflection
1550,1781099990.565860,normal
1551,1781099990.567434,normal
1552,1781099990.568702,udp_reflection
1553,1781099990.569756,udp_reflection
1554,1781099990.570889,udp_reflection
1555,1781099990.572311,udp_reflection
1556,1781099990.574165,normal
1557,1781099990.575152,normal
1558,1781099990.576178,normal
1559,1781099990.577234,normal
1560,1781099990.578489,normal
1561,1781099990.579528,udp_reflection
1562,1781099990.580615,udp_reflection
1563,1781099990.581736,normal
1564,1781099990.582930,normal
1565,1781099990.584344,normal
1566,1781099990.585403,udp_reflection
1567,1781099990.586102,udp_reflection
1568,1781099990.586914,normal
1569,1781099990.588216,normal
1570,1781099990.589188,normal
1571,1781099990.590150,udp_reflection
1572,1781099990.591787,normal
1573,1781099990.592769,normal
1574,1781099990.593753,normal
1575,1781099990.594791,udp_reflection
1576,1781099990.595779,udp_reflection
1577,1781099990.596723,udp_reflection
1578,1781099990.598102,normal
1579,1781099990.599197,normal
1580,1781099990.600041,normal
1581,1781099990.601119,normal
1582,1781099990.601874,normal
1583,1781099990.602801,udp_reflection
1584,1781099990.603992,normal
1585,1781099990.604594,normal
1586,1781099990.605678,normal
1587,1781099990.606691,normal
1588,1781099990.607564,normal
1589,1781099990.608244,udp_reflection
1590,1781099990.609640,normal
1591,1781099990.610708,udp_reflection
1592,1781099990.612561,normal
1593,1781099990.614037,udp_reflection
1594,1781099990.615583,udp_reflection
1595,1781099990.616630,udp_reflection
1596,1781099990.618479,udp_reflection
1597,1781099990.620601,normal
1598,1781099990.621776,normal
1599,1781099990.623077,normal
1600,1781099990.624255,normal
1601,1781099990.625762,udp_reflection
1602,1781099990.626849,normal
1603,1781099990.628452,normal
1604,1781099990.630089,udp_reflection
1605,1781099990.630926,normal
1606,1781099990.631887,normal
1607,1781099990.632995,udp_reflection
1608,1781099990.634331,normal
1609,1781099990.635107,normal
1610,1781099990.635864,udp_reflection
1611,1781099990.637180,udp_reflection
1612,1781099990.638412,normal
1613,1781099990.639177,normal
1614,1781099990.640379,normal
1615,1781099990.641586,normal
1616,1781099990.642334,udp_reflection
1617,1781099990.643190,normal
1618,1781099990.645068,udp_reflection
1619,1781099990.646437,normal
1620,1781099990.647804,udp_reflection
1621,1781099990.648957,normal
1622,1781099990.649987,udp_reflection
1623,1781099990.650954,normal
1624,1781099990.651836,udp_reflection
1625,1781099990.652988,normal
1626,1781099990.654229,normal
1627,1781099990.655511,udp_reflection
1628,1781099990.656372,normal
1629,1781099990.657445,normal
1630,1781099990.658962,normal
1631,1781099990.659976,udp_reflection
1632,1781099990.661430,normal
1633,1781099990.662490,normal
1634,1781099990.664837,udp_reflection
1635,1781099990.665572,normal
1636,1781099990.666281,udp_reflection
1637,1781099990.667535,udp_reflection
1638,1781099990.669077,normal
1639,1781099990.669997,normal
1640,1781099990.671252,normal
1641,1781099990.672203,udp_reflection
1642,1781099990.673095,udp_reflection
1643,1781099990.674177,udp_reflection
1644,1781099990.675330,normal
1645,1781099990.676285,normal
1646,1781099990.678203,normal
1647,1781099990.679235,udp_reflection
1648,1781099990.680057,udp_reflection
1649,1781099990.681275,udp_reflection
1650,1781099990.682582,normal
1651,1781099990.683239,udp_reflection
1652,1781099990.684222,normal
1653,1781099990.685187,udp_reflection
1654,1781099990.686077,normal
1655,1781099990.687132,udp_reflection
1656,1781099990.688313,normal
1657,1781099990.689916,normal
1658,1781099990.691010,normal
1659,1781099990.691810,normal
1660,1781099990.692872,normal
1661,1781099990.693970,normal
1662,1781099990.695025,udp_reflection
1663,1781099990.696092,udp_reflection
1664,1781099990.697103,udp_reflection
1665,1781099990.698451,udp_reflection
1666,1781099990.699726,udp_reflection
1667,1781099990.701272,normal
1668,1781099990.702585,normal
1669,1781099990.703787,normal
1670,1781099990.704827,normal
1671,1781099990.706321,udp_reflection
1672,1781099990.707640,normal
1673,1781099990.709897,udp_reflection
1674,1781099990.711134,udp_reflection
1675,1781099990.712218,normal
1676,1781099990.713281,normal
1677,1781099990.715027,normal
1678,1781099990.715816,normal
1679,1781099990.717115,normal
1680,1781099990.718287,normal
1681,1781099990.718998,normal
1682,1781099990.720066,normal
1683,1781099990.722035,normal
1684,1781099990.722961,normal
1685,1781099990.724083,normal
1686,1781099990.725175,normal
1687,1781099990.726026,normal
1688,1781099990.727094,normal
1689,1781099990.728094,normal
1690,1781099990.728716,udp_reflection
1691,1781099990.729786,normal
1692,1781099990.730958,udp_reflection
1693,1781099990.731676,udp_reflection
1694,1781099990.732538,udp_reflection
1695,1781099990.733644,normal
1696,1781099990.734528,normal
1697,1781099990.735711,normal
1698,1781099990.736985,normal
1699,1781099990.738351,udp_reflection
1700,1781099990.739751,udp_reflection
1701,1781099990.740462,normal
1702,1781099990.741736,normal
1703,1781099990.742877,normal
1704,1781099990.743870,normal
1705,1781099990.744938,udp_reflection
1706,1781099990.745748,udp_reflection
1707,1781099990.747353,normal
1708,1781099990.748766,normal
1709,1781099990.749615,udp_reflection
1710,1781099990.750602,udp_reflection
1711,1781099990.751824,udp_reflection
1712,1781099990.753023,normal
1713,1781099990.754200,udp_reflection
1714,1781099990.755321,udp_reflection
1715,1781099990.756668,normal
1716,1781099990.757850,udp_reflection
1717,1781099990.758879,normal
1718,1781099990.759935,udp_reflection
1719,1781099990.761443,normal
1720,1781099990.762482,udp_reflection
1721,1781099990.763787,normal
1722,1781099990.764679,normal
1723,1781099990.765692,udp_reflection
1724,1781099990.766720,udp_reflection
1725,1781099990.768073,normal
1726,1781099990.768922,normal
1727,1781099990.770159,udp_reflection
1728,1781099990.771294,udp_reflection
1729,1781099990.771997,normal
1730,1781099990.772872,udp_reflection
1731,1781099990.773704,udp_reflection
1732,1781099990.775062,udp_reflection
1733,1781099990.775967,normal
1734,1781099990.777101,udp_reflection
1735,1781099990.778020,normal
1736,1781099990.778768,normal
1737,1781099990.779845,normal
1738,1781099990.781477,normal
1739,1781099990.782420,udp_reflection
1740,1781099990.783736,normal
1741,1781099990.784904,normal
1742,1781099990.786150,normal
1743,1781099990.786956,normal
1744,1781099990.787682,udp_reflection
1745,1781099990.789260,udp_reflection
1746,1781099990.790122,udp_reflection
1747,1781099990.791203,udp_reflection
1748,1781099990.792172,normal
1749,1781099990.793056,udp_reflection
1750,1781099990.794122,normal
1751,1781099990.795197,udp_reflection
1752,1781099990.796218,normal
1753,1781099990.797393,udp_reflection
1754,1781099990.798140,udp_reflection
1755,1781099990.799843,normal
1756,1781099990.801000,normal
1757,1781099990.801827,udp_reflection
1758,1781099990.802740,udp_reflection
1759,1781099990.803600,udp_reflection
1760,1781099990.805014,udp_reflection
1761,1781099990.806409,udp_reflection
1762,1781099990.807992,udp_reflection
1763,1781099990.809571,normal
1764,1781099990.810320,udp_reflection
1765,1781099990.811673,udp_reflection
1766,1781099990.812423,normal
1767,1781099990.813568,udp_reflection
1768,1781099990.814239,udp_reflection
1769,1781099990.814749,normal
1770,1781099990.815778,udp_reflection
1771,1781099990.817348,normal
1772,1781099990.818578,udp_reflection
1773,1781099990.819740,udp_reflection
1774,1781099990.820750,udp_reflection
1775,1781099990.821758,normal
1776,1781099990.822877,udp_reflection
1777,1781099990.824131,normal
1778,1781099990.825294,normal
1779,1781099990.826463,udp_reflection
1780,1781099990.827888,udp_reflection
1781,1781099990.828706,udp_reflection
1782,1781099990.829869,udp_reflection
1783,1781099990.831222,udp_reflection
1784,1781099990.832254,udp_reflection
1785,1781099990.833169,udp_reflection
1786,1781099990.833839,udp_reflection
1787,1781099990.834761,normal
1788,1781099990.835845,normal
1789,1781099990.837158,normal
1790,1781099990.838339,udp_reflection
1791,1781099990.839346,udp_reflection
1792,1781099990.840415,udp_reflection
1793,1781099990.841367,udp_reflection
1794,1781099990.842171,normal
1795,1781099990.842950,udp_reflection
1796,1781099990.843794,normal
1797,1781099990.844449,udp_reflection
1798,1781099990.845206,normal
1799,1781099990.845832,udp_reflection
1800,1781099990.846752,normal
1801,1781099990.847849,udp_reflection
1802,1781099990.849067,normal
1803,1781099990.850505,udp_reflection
1804,1781099990.851772,udp_reflection
1805,1781099990.852379,udp_reflection
1806,1781099990.853374,normal
1807,1781099990.854641,udp_reflection
1808,1781099990.855821,normal
1809,1781099990.856843,normal
1810,1781099990.858018,normal
1811,1781099990.858845,normal
1812,1781099990.860193,normal
1813,1781099990.861305,normal
1814,1781099990.862240,udp_reflection
1815,1781099990.863021,normal
1816,1781099990.864047,udp_reflection
1817,1781099990.864854,normal
1818,1781099990.865955,normal
1819,1781099990.867057,udp_reflection
1820,1781099990.868543,normal
1821,1781099990.869510,udp_reflection
1822,1781099990.870848,udp_reflection
1823,1781099990.872058,normal
1824,1781099990.872844,normal
1825,1781099990.873875,normal
1826,1781099990.875095,udp_reflection
1827,1781099990.875956,normal
1828,1781099990.876860,udp_reflection
1829,1781099990.878135,udp_reflection
1830,1781099990.879211,normal
1831,1781099990.880680,normal
1832,1781099990.882411,normal
1833,1781099990.883441,udp_reflection
1834,1781099990.884313,udp_reflection
1835,1781099990.885635,udp_reflection
1836,1781099990.886560,udp_reflection
1837,1781099990.887756,normal
1838,1781099990.889148,udp_reflection
1839,1781099990.889937,udp_reflection
1840,1781099990.891503,udp_reflection
1841,1781099990.892547,normal
1842,1781099990.893438,udp_reflection
1843,1781099990.894343,udp_reflection
1844,1781099990.895873,normal
1845,1781099990.896744,normal
1846,1781099990.898229,normal
1847,1781099990.899081,udp_reflection
1848,1781099990.900112,normal
1849,1781099990.901219,udp_reflection
1850,1781099990.902500,normal
1851,1781099990.903519,normal
1852,1781099990.904603,udp_reflection
1853,1781099990.905613,normal
1854,1781099990.907114,normal
1855,1781099990.908326,udp_reflection
1856,1781099990.909439,normal
1857,1781099990.910267,udp_reflection
1858,1781099990.911177,udp_reflection
1859,1781099990.911913,udp_reflection
1860,1781099990.913361,normal
1861,1781099990.914629,normal
1862,1781099990.915723,udp_reflection
1863,1781099990.916396,normal
1864,1781099990.917436,normal
1865,1781099990.918430,udp_reflection
1866,1781099990.919388,udp_reflection
1867,1781099990.920416,udp_reflection
1868,1781099990.921529,udp_reflection
1869,1781099990.922250,normal
1870,1781099990.923609,normal
1871,1781099990.924942,udp_reflection
1872,1781099990.925900,normal
1873,1781099990.926648,normal
1874,1781099990.927696,udp_reflection
1875,1781099990.928735,normal
1876,1781099990.929877,normal
1877,1781099990.931121,normal
1878,1781099990.932027,udp_reflection
1879,1781099990.933252,udp_reflection
1880,1781099990.934081,udp_reflection
1881,1781099990.935027,normal
1882,1781099990.936438,udp_reflection
1883,1781099990.937648,udp_reflection
1884,1781099990.938672,normal
1885,1781099990.939520,udp_reflection
1886,1781099990.940302,udp_reflection
1887,1781099990.941508,normal
1888,1781099990.942392,normal
1889,1781099990.943313,normal
1890,1781099990.944364,udp_reflection
1891,1781099990.945330,normal
1892,1781099990.946076,normal
1893,1781099990.947008,udp_reflection
1894,1781099990.947820,normal
1895,1781099990.949169,udp_reflection
1896,1781099990.949842,udp_reflection
1897,1781099990.950988,normal
1898,1781099990.952121,normal
1899,1781099990.952920,normal
1900,1781099990.954168,udp_reflection
1901,1781099990.955181,normal
1902,1781099990.956270,normal
1903,1781099990.957152,udp_reflection
1904,1781099990.958542,normal
1905,1781099990.959989,udp_reflection
1906,1781099990.961033,udp_reflection
1907,1781099990.962638,normal
1908,1781099990.963664,normal
1909,1781099990.964767,udp_reflection
1910,1781099990.965784,normal
1911,1781099990.966819,udp_reflection
1912,1781099990.967628,udp_reflection
1913,1781099990.968660,udp_reflection
1914,1781099990.969567,udp_reflection
1915,1781099990.970706,normal
1916,1781099990.971515,udp_reflection
1917,1781099990.972579,normal
1918,1781099990.973875,udp_reflection
1919,1781099990.975080,udp_reflection
1920,1781099990.975819,normal
1921,1781099990.976878,normal
1922,1781099990.977852,normal
1923,1781099990.978982,udp_reflection
1924,1781099990.980087,normal
1925,1781099990.981115,udp_reflection
1926,1781099990.982374,normal
1927,1781099990.983454,udp_reflection
1928,1781099990.984373,normal
1929,1781099990.985349,udp_reflection
1930,1781099990.986294,udp_reflection
1931,1781099990.987167,normal
1932,1781099990.988256,normal
1933,1781099990.989211,normal
1934,1781099990.990006,normal
1935,1781099990.990857,udp_reflection
1936,1781099990.992009,normal
1937,1781099990.993160,normal
1938,1781099990.994708,normal
1939,1781099990.995797,udp_reflection
1940,1781099990.996747,udp_reflection
1941,1781099990.997729,udp_reflection
1942,1781099990.998673,normal
1943,1781099990.999537,udp_reflection
1944,1781099991.000384,normal
1945,1781099991.001488,udp_reflection
1946,1781099991.002429,udp_reflection
1947,1781099991.003452,normal
1948,1781099991.004622,udp_reflection
1949,1781099991.005805,udp_reflection
1950,1781099991.006894,udp_reflection
1951,1781099991.008013,normal
1952,1781099991.008842,udp_reflection
1953,1781099991.009995,udp_reflection
1954,1781099991.010890,normal
1955,1781099991.011806,normal
1956,1781099991.012949,udp_reflection
1957,1781099991.013723,udp_reflection
1958,1781099991.014680,normal
1959,1781099991.015787,normal
1960,1781099991.016733,normal
1961,1781099991.017770,normal
1962,1781099991.018703,udp_reflection
1963,1781099991.020001,normal
1964,1781099991.020870,normal
1965,1781099991.022457,normal
1966,1781099991.023520,normal
1967,1781099991.024514,normal
1968,1781099991.025395,udp_reflection
1969,1781099991.025995,udp_reflection
1970,1781099991.027530,udp_reflection
1971,1781099991.028630,udp_reflection
1972,1781099991.029924,udp_reflection
1973,1781099991.030874,normal
1974,1781099991.031971,normal
1975,1781099991.033092,normal
1976,1781099991.033906,normal
1977,1781099991.034917,udp_reflection
1978,1781099991.036146,udp_reflection
1979,1781099991.037197,udp_reflection
1980,1781099991.038088,udp_reflection
1981,1781099991.039217,udp_reflection
1982,1781099991.040356,udp_reflection
1983,1781099991.041107,udp_reflection
1984,1781099991.042121,udp_reflection
1985,1781099991.043540,udp_reflection
1986,1781099991.045089,normal
1987,1781099991.046057,udp_reflection
1988,1781099991.047290,udp_reflection
1989,1781099991.048200,udp_reflection
1990,1781099991.049458,udp_reflection
1991,1781099991.050388,normal
1992,1781099991.051201,normal
1993,1781099991.052121,udp_reflection
1994,1781099991.053093,normal
1995,1781099991.054308,normal
1996,1781099991.055110,normal
1997,1781099991.056018,normal
1998,1781099991.057107,udp_reflection
1999,1781099991.057882,normal
2000,1781099991.058919,normal
2001,1781099991.059963,normal
2002,1781099991.061166,udp_reflection
2003,1781099991.061874,udp_reflection
2004,1781099991.062583,udp_reflection
2005,1781099991.063605,udp_reflection
2006,1781099991.064438,udp_reflection
2007,1781099991.065478,normal
2008,1781099991.066337,udp_reflection
2009,1781099991.067367,udp_reflection
2010,1781099991.068609,normal
2011,1781099991.069345,normal
2012,1781099991.070402,udp_reflection
2013,1781099991.071419,normal
2014,1781099991.072709,udp_reflection
2015,1781099991.073833,normal
2016,1781099991.074672,normal
2017,1781099991.075615,normal
2018,1781099991.076542,udp_reflection
2019,1781099991.077390,normal
2020,1781099991.078030,udp_reflection
2021,1781099991.078928,udp_reflection
2022,1781099991.079601,udp_reflection
2023,1781099991.080945,udp_reflection
2024,1781099991.081814,udp_reflection
2025,1781099991.083177,normal
2026,1781099991.084178,normal
2027,1781099991.085152,udp_reflection
2028,1781099991.086243,normal
2029,1781099991.087377,udp_reflection
2030,1781099991.088634,udp_reflection
2031,1781099991.089546,normal
2032,1781099991.090331,udp_reflection
2033,1781099991.091341,udp_reflection
2034,1781099991.092152,udp_reflection
2035,1781099991.093198,normal
2036,1781099991.094216,udp_reflection
2037,1781099991.095158,udp_reflection
2038,1781099991.095906,udp_reflection
2039,1781099991.096733,normal
2040,1781099991.097902,udp_reflection
2041,1781099991.098906,normal
2042,1781099991.099843,normal
2043,1781099991.100861,udp_reflection
2044,1781099991.101673,normal
2045,1781099991.102448,udp_reflection
2046,1781099991.103404,udp_reflection
2047,1781099991.104392,udp_reflection
2048,1781099991.105272,normal
2049,1781099991.106245,normal
2050,1781099991.107100,normal
2051,1781099991.107888,udp_reflection
2052,1781099991.108823,normal
2053,1781099991.109752,udp_reflection
2054,1781099991.110868,udp_reflection
2055,1781099991.111921,normal
2056,1781099991.112703,udp_reflection
2057,1781099991.113781,normal
2058,1781099991.114405,udp_reflection
2059,1781099991.115350,normal
2060,1781099991.116268,normal
2061,1781099991.117679,udp_reflection
2062,1781099991.118695,normal
2063,1781099991.119817,normal
2064,1781099991.120612,udp_reflection
2065,1781099991.121618,normal
2066,1781099991.122696,normal
2067,1781099991.123987,normal
2068,1781099991.124767,udp_reflection
2069,1781099991.125447,normal
2070,1781099991.126564,normal
2071,1781099991.127356,udp_reflection
2072,1781099991.128051,udp_reflection
2073,1781099991.129099,udp_reflection
2074,1781099991.129838,normal
2075,1781099991.131805,normal
2076,1781099991.132886,normal
2077,1781099991.134221,udp_reflection
2078,1781099991.135196,udp_reflection
2079,1781099991.136246,normal
2080,1781099991.137576,udp_reflection
2081,1781099991.138350,udp_reflection
2082,1781099991.138965,udp_reflection
2083,1781099991.139880,normal
2084,1781099991.140551,udp_reflection
2085,1781099991.141598,normal
2086,1781099991.142543,udp_reflection
2087,1781099991.143808,normal
2088,1781099991.145281,udp_reflection
2089,1781099991.146370,normal
2090,1781099991.148164,udp_reflection
2091,1781099991.148978,udp_reflection
2092,1781099991.149964,udp_reflection
2093,1781099991.151169,normal
2094,1781099991.152171,udp_reflection
2095,1781099991.153181,normal
2096,1781099991.154376,normal
2097,1781099991.155268,normal
2098,1781099991.156982,udp_reflection
2099,1781099991.157872,normal
2100,1781099991.158857,udp_reflection
2101,1781099991.159974,udp_reflection
2102,1781099991.160640,normal
2103,1781099991.161983,udp_reflection
2104,1781099991.162896,normal
2105,1781099991.163925,normal
2106,1781099991.165398,udp_reflection
2107,1781099991.166329,udp_reflection
2108,1781099991.167076,normal
2109,1781099991.167856,udp_reflection
2110,1781099991.169002,normal
2111,1781099991.170443,udp_reflection
2112,1781099991.171273,udp_reflection
2113,1781099991.171844,normal
2114,1781099991.172797,normal
2115,1781099991.174079,normal
2116,1781099991.175135,normal
2117,1781099991.176135,udp_reflection
2118,1781099991.177076,normal
2119,1781099991.178206,normal
2120,1781099991.179042,normal
2121,1781099991.179982,udp_reflection
2122,1781099991.180772,udp_reflection
2123,1781099991.181750,udp_reflection
2124,1781099991.182829,udp_reflection
2125,1781099991.183607,normal
2126,1781099991.184284,normal
2127,1781099991.185024,udp_reflection
2128,1781099991.185698,udp_reflection
2129,1781099991.187250,normal
2130,1781099991.188388,udp_reflection
2131,1781099991.189702,udp_reflection
2132,1781099991.191026,normal
2133,1781099991.191833,udp_reflection
2134,1781099991.192801,normal
2135,1781099991.193734,udp_reflection
2136,1781099991.194909,normal
2137,1781099991.195881,udp_reflection
2138,1781099991.196687,udp_reflection
2139,1781099991.197717,normal
2140,1781099991.198432,udp_reflection
2141,1781099991.199384,udp_reflection
2142,1781099991.199958,normal
2143,1781099991.200850,udp_reflection
2144,1781099991.201773,normal
2145,1781099991.202838,udp_reflection
2146,1781099991.203701,normal
2147,1781099991.204387,normal
2148,1781099991.205208,normal
2149,1781099991.206133,udp_reflection
2150,1781099991.207013,normal
2151,1781099991.207651,normal
2152,1781099991.208597,udp_reflection
2153,1781099991.209361,udp_reflection
2154,1781099991.211054,normal
2155,1781099991.211905,udp_reflection
2156,1781099991.213018,udp_reflection
2157,1781099991.214664,udp_reflection
2158,1781099991.215273,udp_reflection
2159,1781099991.216368,udp_reflection
2160,1781099991.217877,normal
2161,1781099991.218878,normal
2162,1781099991.219593,udp_reflection
2163,1781099991.220399,udp_reflection
2164,1781099991.221244,udp_reflection
2165,1781099991.222101,normal
2166,1781099991.223163,normal
2167,1781099991.223835,udp_reflection
2168,1781099991.224842,udp_reflection
2169,1781099991.226016,normal
2170,1781099991.227025,normal
2171,1781099991.227879,normal
2172,1781099991.228861,normal
2173,1781099991.229570,udp_reflection
2174,1781099991.230511,udp_reflection
2175,1781099991.231518,normal
2176,1781099991.232205,normal
2177,1781099991.232807,udp_reflection
2178,1781099991.233941,udp_reflection
2179,1781099991.234917,udp_reflection
2180,1781099991.235713,udp_reflection
2181,1781099991.236542,udp_reflection
2182,1781099991.237696,udp_reflection
2183,1781099991.238890,udp_reflection
2184,1781099991.239541,udp_reflection
2185,1781099991.240697,normal
2186,1781099991.241409,normal
2187,1781099991.242125,normal
2188,1781099991.243202,normal
2189,1781099991.243900,udp_reflection
2190,1781099991.244882,normal
2191,1781099991.245839,normal
2192,1781099991.246753,normal
2193,1781099991.248029,udp_reflection
2194,1781099991.248757,udp_reflection
2195,1781099991.249813,normal
2196,1781099991.250629,udp_reflection
2197,1781099991.251367,udp_reflection
2198,1781099991.252160,udp_reflection
2199,1781099991.253739,udp_reflection
2200,1781099991.254341,normal
2201,1781099991.255415,normal
2202,1781099991.256535,udp_reflection
2203,1781099991.257338,normal
2204,1781099991.258219,normal
2205,1781099991.258888,udp_reflection
2206,1781099991.259621,normal
2207,1781099991.260364,normal
2208,1781099991.261180,normal
2209,1781099991.261828,normal
2210,1781099991.262795,udp_reflection
2211,1781099991.263493,normal
2212,1781099991.264502,normal
2213,1781099991.265349,normal
2214,1781099991.266577,udp_reflection
2215,1781099991.267521,normal
2216,1781099991.268206,udp_reflection
2217,1781099991.269071,normal
2218,1781099991.270100,normal
2219,1781099991.271119,normal
2220,1781099991.271917,normal
2221,1781099991.272821,udp_reflection
2222,1781099991.273698,udp_reflection
2223,1781099991.274748,normal
2224,1781099991.275482,udp_reflection
2225,1781099991.277517,udp_reflection
2226,1781099991.278409,udp_reflection
2227,1781099991.279297,udp_reflection
2228,1781099991.280321,normal
2229,1781099991.281512,udp_reflection
2230,1781099991.282198,udp_reflection
2231,1781099991.283569,normal
2232,1781099991.284642,udp_reflection
2233,1781099991.285696,udp_reflection
2234,1781099991.286306,normal
2235,1781099991.287502,udp_reflection
2236,1781099991.289202,normal
2237,1781099991.289742,normal
2238,1781099991.290711,normal
2239,1781099991.291375,normal
2240,1781099991.292272,normal
2241,1781099991.292900,udp_reflection
2242,1781099991.293835,udp_reflection
2243,1781099991.294704,udp_reflection
2244,1781099991.295451,normal
2245,1781099991.296574,udp_reflection
2246,1781099991.297405,udp_reflection
2247,1781099991.298185,udp_reflection
2248,1781099991.298949,normal
2249,1781099991.299817,udp_reflection
2250,1781099991.300734,normal
2251,1781099991.302067,normal
2252,1781099991.302879,udp_reflection
2253,1781099991.303466,udp_reflection
2254,1781099991.304421,normal
2255,1781099991.305501,udp_reflection
2256,1781099991.306325,udp_reflection
2257,1781099991.307019,normal
2258,1781099991.307763,udp_reflection
2259,1781099991.309017,normal
2260,1781099991.309731,udp_reflection
2261,1781099991.310617,udp_reflection
2262,1781099991.312503,normal
2263,1781099991.313258,normal
2264,1781099991.314138,udp_reflection
2265,1781099991.315443,udp_reflection
2266,1781099991.316361,normal
2267,1781099991.317742,normal
2268,1781099991.318643,normal
2269,1781099991.319250,udp_reflection
2270,1781099991.320098,normal
2271,1781099991.321100,normal
2272,1781099991.321938,udp_reflection
2273,1781099991.322885,normal
2274,1781099991.324040,normal
2275,1781099991.325471,normal
2276,1781099991.326296,normal
2277,1781099991.327428,udp_reflection
2278,1781099991.328704,udp_reflection
2279,1781099991.329835,normal
2280,1781099991.331233,udp_reflection
2281,1781099991.332258,udp_reflection
2282,1781099991.333456,normal
2283,1781099991.334733,normal
2284,1781099991.335568,normal
2285,1781099991.336373,udp_reflection
2286,1781099991.337270,normal
2287,1781099991.338378,udp_reflection
2288,1781099991.339360,normal
2289,1781099991.340370,normal
2290,1781099991.341281,udp_reflection
2291,1781099991.342141,normal
2292,1781099991.343922,udp_reflection
2293,1781099991.345044,udp_reflection
2294,1781099991.346597,udp_reflection
2295,1781099991.348022,udp_reflection
2296,1781099991.349050,udp_reflection
2297,1781099991.350317,udp_reflection
2298,1781099991.351355,normal
2299,1781099991.352406,normal
2300,1781099991.353455,normal
2301,1781099991.354634,normal
2302,1781099991.355779,udp_reflection
2303,1781099991.356610,normal
2304,1781099991.357349,udp_reflection
2305,1781099991.358327,udp_reflection
2306,1781099991.359558,udp_reflection
2307,1781099991.360440,udp_reflection
2308,1781099991.361933,normal
2309,1781099991.362910,udp_reflection
2310,1781099991.364246,normal
2311,1781099991.365710,udp_reflection
2312,1781099991.366705,udp_reflection
2313,1781099991.367533,udp_reflection
2314,1781099991.368295,normal
2315,1781099991.369277,udp_reflection
2316,1781099991.370630,udp_reflection
2317,1781099991.371807,udp_reflection
2318,1781099991.372470,udp_reflection
2319,1781099991.373545,udp_reflection
2320,1781099991.374759,udp_reflection
2321,1781099991.376101,udp_reflection
2322,1781099991.377361,normal
2323,1781099991.378722,udp_reflection
2324,1781099991.380097,normal
2325,1781099991.381452,udp_reflection
2326,1781099991.383025,normal
2327,1781099991.384611,udp_reflection
2328,1781099991.386394,udp_reflection
2329,1781099991.387373,normal
2330,1781099991.388152,udp_reflection
2331,1781099991.389505,normal
2332,1781099991.390924,normal
2333,1781099991.391738,udp_reflection
2334,1781099991.392698,normal
2335,1781099991.393931,udp_reflection
2336,1781099991.395212,normal
2337,1781099991.396420,udp_reflection
2338,1781099991.397216,normal
2339,1781099991.398427,normal
2340,1781099991.399770,normal
2341,1781099991.400868,normal
2342,1781099991.401969,udp_reflection
2343,1781099991.403306,udp_reflection
2344,1781099991.404626,udp_reflection
2345,1781099991.405919,udp_reflection
2346,1781099991.406765,normal
2347,1781099991.408098,udp_reflection
2348,1781099991.409261,udp_reflection
2349,1781099991.410557,normal
2350,1781099991.412199,udp_reflection
2351,1781099991.413070,udp_reflection
2352,1781099991.414512,udp_reflection
2353,1781099991.415512,udp_reflection
2354,1781099991.416731,udp_reflection
2355,1781099991.417612,udp_reflection
2356,1781099991.418941,normal
2357,1781099991.420342,normal
2358,1781099991.421750,normal
2359,1781099991.423083,normal
2360,1781099991.424246,udp_reflection
2361,1781099991.425374,udp_reflection
2362,1781099991.426450,udp_reflection
2363,1781099991.427356,udp_reflection
2364,1781099991.428411,normal
2365,1781099991.430036,udp_reflection
2366,1781099991.430872,udp_reflection
2367,1781099991.432118,udp_reflection
2368,1781099991.433481,udp_reflection
2369,1781099991.435048,udp_reflection
2370,1781099991.436203,normal
2371,1781099991.436921,normal
2372,1781099991.437953,udp_reflection
2373,1781099991.438983,normal
2374,1781099991.439950,normal
2375,1781099991.441350,udp_reflection
2376,1781099991.442609,udp_reflection
2377,1781099991.444620,normal
2378,1781099991.446627,normal
2379,1781099991.447775,udp_reflection
2380,1781099991.448842,normal
2381,1781099991.450387,udp_reflection
2382,1781099991.451501,udp_reflection
2383,1781099991.452775,udp_reflection
2384,1781099991.453796,normal
2385,1781099991.454754,normal
2386,1781099991.455799,udp_reflection
2387,1781099991.456730,udp_reflection
2388,1781099991.457803,normal
2389,1781099991.458759,normal
2390,1781099991.460331,normal
2391,1781099991.461627,normal
2392,1781099991.462500,udp_reflection
2393,1781099991.463607,udp_reflection
2394,1781099991.464896,udp_reflection
2395,1781099991.466054,normal
2396,1781099991.467976,normal
2397,1781099991.468868,normal
2398,1781099991.470019,udp_reflection
2399,1781099991.470988,normal
2400,1781099991.472160,udp_reflection
2401,1781099991.473592,udp_reflection
2402,1781099991.475302,udp_reflection
2403,1781099991.476670,normal
2404,1781099991.477863,normal
2405,1781099991.479424,udp_reflection
2406,1781099991.480576,udp_reflection
2407,1781099991.481941,udp_reflection
2408,1781099991.483074,udp_reflection
2409,1781099991.484542,udp_reflection
2410,1781099991.485325,udp_reflection
2411,1781099991.486632,normal
2412,1781099991.487579,udp_reflection
2413,1781099991.488723,udp_reflection
2414,1781099991.490161,udp_reflection
2415,1781099991.491267,udp_reflection
2416,1781099991.492373,normal
2417,1781099991.493437,udp_reflection
2418,1781099991.495307,udp_reflection
2419,1781099991.496364,udp_reflection
2420,1781099991.497691,normal
2421,1781099991.498823,udp_reflection
2422,1781099991.499929,normal
2423,1781099991.501251,normal
2424,1781099991.502535,normal
2425,1781099991.503834,udp_reflection
2426,1781099991.504952,udp_reflection
2427,1781099991.506155,udp_reflection
2428,1781099991.506814,normal
2429,1781099991.507812,normal
2430,1781099991.508973,udp_reflection
2431,1781099991.510020,udp_reflection
2432,1781099991.510994,udp_reflection
2433,1781099991.512107,udp_reflection
2434,1781099991.513173,normal
2435,1781099991.514110,normal
2436,1781099991.515262,udp_reflection
2437,1781099991.517068,udp_reflection
2438,1781099991.518263,udp_reflection
2439,1781099991.519760,normal
2440,1781099991.521013,udp_reflection
2441,1781099991.522062,udp_reflection
2442,1781099991.523171,udp_reflection
2443,1781099991.524174,normal
2444,1781099991.525047,normal
2445,1781099991.526745,normal
2446,1781099991.527992,udp_reflection
2447,1781099991.529489,udp_reflection
2448,1781099991.530437,udp_reflection
2449,1781099991.531346,udp_reflection
2450,1781099991.532395,udp_reflection
2451,1781099991.533401,udp_reflection
2452,1781099991.534470,udp_reflection
2453,1781099991.535678,udp_reflection
2454,1781099991.537077,normal
2455,1781099991.538649,udp_reflection
2456,1781099991.539960,normal
2457,1781099991.540895,normal
2458,1781099991.541937,udp_reflection
2459,1781099991.542778,normal
2460,1781099991.543993,normal
2461,1781099991.545231,normal
2462,1781099991.546535,normal
2463,1781099991.547787,normal
2464,1781099991.549173,udp_reflection
2465,1781099991.551423,udp_reflection
2466,1781099991.552860,udp_reflection
2467,1781099991.553872,udp_reflection
2468,1781099991.554917,udp_reflection
2469,1781099991.556105,udp_reflection
2470,1781099991.557009,normal
2471,1781099991.558419,udp_reflection
2472,1781099991.559549,normal
2473,1781099991.560888,normal
2474,1781099991.562059,normal
2475,1781099991.563087,normal
2476,1781099991.564009,udp_reflection
2477,1781099991.564766,normal
2478,1781099991.565857,udp_reflection
2479,1781099991.566879,normal
2480,1781099991.568535,udp_reflection
2481,1781099991.569630,udp_reflection
2482,1781099991.571222,udp_reflection
2483,1781099991.572199,udp_reflection
2484,1781099991.573788,udp_reflection
2485,1781099991.574974,normal
2486,1781099991.575935,udp_reflection
2487,1781099991.577325,udp_reflection
2488,1781099991.578470,udp_reflection
2489,1781099991.579936,udp_reflection
2490,1781099991.581383,udp_reflection
2491,1781099991.582360,udp_reflection
2492,1781099991.583380,normal
2493,1781099991.584776,normal
2494,1781099991.586091,normal
2495,1781099991.587391,udp_reflection
2496,1781099991.588398,udp_reflection
2497,1781099991.589667,udp_reflection
2498,1781099991.591758,normal
2499,1781099991.593132,udp_reflection
2500,1781099991.594336,udp_reflection
2501,1781099991.595549,udp_reflection
2502,1781099991.596740,udp_reflection
2503,1781099991.598127,udp_reflection
2504,1781099991.599346,udp_reflection
2505,1781099991.600917,udp_reflection
2506,1781099991.602124,udp_reflection
2507,1781099991.603031,udp_reflection
2508,1781099991.604106,udp_reflection
2509,1781099991.605648,normal
2510,1781099991.606627,normal
2511,1781099991.607981,normal
2512,1781099991.608830,udp_reflection
2513,1781099991.609919,udp_reflection
2514,1781099991.611794,udp_reflection
2515,1781099991.613344,udp_reflection
2516,1781099991.614505,normal
2517,1781099991.616051,udp_reflection
2518,1781099991.618220,udp_reflection
2519,1781099991.619419,udp_reflection
2520,1781099991.620872,udp_reflection
2521,1781099991.622971,normal
2522,1781099991.624108,udp_reflection
2523,1781099991.625774,normal
2524,1781099991.627129,normal
2525,1781099991.628414,normal
2526,1781099991.629377,udp_reflection
2527,1781099991.630268,udp_reflection
2528,1781099991.631345,normal
2529,1781099991.632390,udp_reflection
2530,1781099991.633827,udp_reflection
2531,1781099991.634959,normal
2532,1781099991.635775,normal
2533,1781099991.637316,normal
2534,1781099991.638361,udp_reflection
2535,1781099991.639255,udp_reflection
2536,1781099991.640934,udp_reflection
2537,1781099991.642259,udp_reflection
2538,1781099991.644003,normal
2539,1781099991.645151,udp_reflection
2540,1781099991.646752,udp_reflection
2541,1781099991.648685,udp_reflection
2542,1781099991.650059,udp_reflection
2543,1781099991.651201,udp_reflection
2544,1781099991.652961,normal
2545,1781099991.654256,udp_reflection
2546,1781099991.655296,normal
2547,1781099991.657425,udp_reflection
2548,1781099991.658621,udp_reflection
2549,1781099991.659720,udp_reflection
2550,1781099991.660910,normal
2551,1781099991.662162,udp_reflection
2552,1781099991.663299,udp_reflection
2553,1781099991.664476,normal
2554,1781099991.665483,udp_reflection
2555,1781099991.666692,normal
2556,1781099991.668481,udp_reflection
2557,1781099991.669651,normal
2558,1781099991.670848,udp_reflection
2559,1781099991.672144,udp_reflection
2560,1781099991.673874,normal
2561,1781099991.675332,normal
2562,1781099991.676108,udp_reflection
2563,1781099991.677250,normal
2564,1781099991.678284,udp_reflection
2565,1781099991.679379,udp_reflection
2566,1781099991.680260,normal
2567,1781099991.682389,udp_reflection
2568,1781099991.683503,udp_reflection
2569,1781099991.684645,normal
2570,1781099991.685607,normal
2571,1781099991.686612,udp_reflection
2572,1781099991.687859,udp_reflection
2573,1781099991.689039,normal
2574,1781099991.690496,udp_reflection
2575,1781099991.692357,udp_reflection
2576,1781099991.693929,udp_reflection
2577,1781099991.695315,normal
2578,1781099991.696605,normal
2579,1781099991.697572,udp_reflection
2580,1781099991.698786,udp_reflection
2581,1781099991.699980,udp_reflection
2582,1781099991.700838,normal
2583,1781099991.702270,normal
2584,1781099991.703551,udp_reflection
2585,1781099991.705467,normal
2586,1781099991.707306,udp_reflection
2587,1781099991.708723,udp_reflection
2588,1781099991.709846,normal
2589,1781099991.711307,udp_reflection
2590,1781099991.712624,normal
2591,1781099991.713591,udp_reflection
2592,1781099991.714750,normal
2593,1781099991.715991,normal
2594,1781099991.717252,udp_reflection
2595,1781099991.718485,normal
2596,1781099991.719738,udp_reflection
2597,1781099991.721001,udp_reflection
2598,1781099991.722924,udp_reflection
2599,1781099991.724675,udp_reflection
2600,1781099991.725650,udp_reflection
2601,1781099991.726794,udp_reflection
2602,1781099991.728013,normal
2603,1781099991.729122,normal
2604,1781099991.730313,normal
2605,1781099991.731298,udp_reflection
2606,1781099991.732228,udp_reflection
2607,1781099991.733430,normal
2608,1781099991.735078,udp_reflection
2609,1781099991.736684,normal
2610,1781099991.737861,udp_reflection
2611,1781099991.739552,udp_reflection
2612,1781099991.740752,normal
2613,1781099991.742316,normal
2614,1781099991.743644,udp_reflection
2615,1781099991.744598,udp_reflection
2616,1781099991.746144,udp_reflection
2617,1781099991.747246,normal
2618,1781099991.748200,normal
2619,1781099991.749239,udp_reflection
2620,1781099991.750288,udp_reflection
2621,1781099991.751798,udp_reflection
2622,1781099991.753121,normal
2623,1781099991.754555,normal
2624,1781099991.756066,normal
2625,1781099991.757530,udp_reflection
2626,1781099991.758904,normal
2627,1781099991.760539,udp_reflection
2628,1781099991.762083,normal
2629,1781099991.763772,udp_reflection
2630,1781099991.764971,udp_reflection
2631,1781099991.766120,normal
2632,1781099991.767157,udp_reflection
2633,1781099991.768243,normal
2634,1781099991.769843,udp_reflection
2635,1781099991.771741,udp_reflection
2636,1781099991.772923,normal
2637,1781099991.774437,normal
2638,1781099991.776127,normal
2639,1781099991.777830,normal
2640,1781099991.778931,normal
2641,1781099991.780700,normal
2642,1781099991.781902,udp_reflection
2643,1781099991.783940,udp_reflection
2644,1781099991.785136,normal
2645,1781099991.786750,udp_reflection
2646,1781099991.787982,udp_reflection
2647,1781099991.788884,normal
2648,1781099991.790463,normal
2649,1781099991.792062,normal
2650,1781099991.793360,udp_reflection
2651,1781099991.794965,normal
2652,1781099991.796203,udp_reflection
2653,1781099991.797407,udp_reflection
2654,1781099991.798409,normal
2655,1781099991.799531,normal
2656,1781099991.800884,udp_reflection
2657,1781099991.802201,udp_reflection
2658,1781099991.803299,normal
2659,1781099991.804891,normal
2660,1781099991.806041,udp_reflection
2661,1781099991.807631,udp_reflection
2662,1781099991.808987,udp_reflection
2663,1781099991.810357,udp_reflection
2664,1781099991.811447,udp_reflection
2665,1781099991.812781,udp_reflection
2666,1781099991.813951,normal
2667,1781099991.815317,normal
2668,1781099991.816704,udp_reflection
2669,1781099991.818205,normal
2670,1781099991.819529,udp_reflection
2671,1781099991.820802,normal
2672,1781099991.822596,normal
2673,1781099991.824040,normal
2674,1781099991.825435,normal
2675,1781099991.826834,normal
2676,1781099991.828606,udp_reflection
2677,1781099991.829609,udp_reflection
2678,1781099991.831499,udp_reflection
2679,1781099991.833084,normal
2680,1781099991.834763,udp_reflection
2681,1781099991.835891,udp_reflection
2682,1781099991.836906,udp_reflection
2683,1781099991.837843,udp_reflection
2684,1781099991.839848,udp_reflection
2685,1781099991.841053,normal
2686,1781099991.842338,normal
2687,1781099991.843793,normal
2688,1781099991.844977,normal
2689,1781099991.846572,normal
2690,1781099991.848133,udp_reflection
2691,1781099991.849774,udp_reflection
2692,1781099991.850730,udp_reflection
2693,1781099991.851734,udp_reflection
2694,1781099991.853086,udp_reflection
2695,1781099991.854712,udp_reflection
2696,1781099991.856106,udp_reflection
2697,1781099991.857737,udp_reflection
2698,1781099991.859081,normal
2699,1781099991.860213,normal
2700,1781099991.861740,udp_reflection
2701,1781099991.863484,normal
2702,1781099991.864705,normal
2703,1781099991.866746,udp_reflection
2704,1781099991.867647,normal
2705,1781099991.868991,normal
2706,1781099991.870268,normal
2707,1781099991.871333,udp_reflection
2708,1781099991.872291,normal
2709,1781099991.873552,udp_reflection
2710,1781099991.874632,udp_reflection
2711,1781099991.875971,normal
2712,1781099991.877888,normal
2713,1781099991.879148,udp_reflection
2714,1781099991.880719,udp_reflection
2715,1781099991.882070,normal
2716,1781099991.883303,udp_reflection
2717,1781099991.884711,udp_reflection
2718,1781099991.885860,normal
2719,1781099991.887811,udp_reflection
2720,1781099991.888769,udp_reflection
2721,1781099991.889987,udp_reflection
2722,1781099991.891805,udp_reflection
2723,1781099991.893182,udp_reflection
2724,1781099991.894019,udp_reflection
2725,1781099991.895015,udp_reflection
2726,1781099991.896317,normal
2727,1781099991.897671,normal
2728,1781099991.899602,udp_reflection
2729,1781099991.900911,udp_reflection
2730,1781099991.901987,normal
2731,1781099991.903460,udp_reflection
2732,1781099991.904766,udp_reflection
2733,1781099991.906277,udp_reflection
2734,1781099991.907504,normal
2735,1781099991.908909,udp_reflection
2736,1781099991.910430,normal
2737,1781099991.911546,udp_reflection
2738,1781099991.912888,udp_reflection
2739,1781099991.914286,udp_reflection
2740,1781099991.916295,udp_reflection
2741,1781099991.917395,udp_reflection
2742,1781099991.919351,udp_reflection
2743,1781099991.920344,normal
2744,1781099991.921689,normal
2745,1781099991.923540,udp_reflection
2746,1781099991.924908,normal
2747,1781099991.926044,udp_reflection
2748,1781099991.927268,normal
2749,1781099991.928645,udp_reflection
2750,1781099991.929902,normal
2751,1781099991.931333,udp_reflection
2752,1781099991.932524,udp_reflection
2753,1781099991.933873,udp_reflection
2754,1781099991.936129,udp_reflection
2755,1781099991.937545,udp_reflection
2756,1781099991.938777,normal
2757,1781099991.939920,udp_reflection
2758,1781099991.940804,normal
2759,1781099991.941952,normal
2760,1781099991.943501,udp_reflection
2761,1781099991.945388,normal
2762,1781099991.946936,normal
2763,1781099991.948378,udp_reflection
2764,1781099991.949558,normal
2765,1781099991.950937,normal
2766,1781099991.951817,udp_reflection
2767,1781099991.953458,udp_reflection
2768,1781099991.955202,udp_reflection
2769,1781099991.956564,udp_reflection
2770,1781099991.957799,udp_reflection
2771,1781099991.958702,udp_reflection
2772,1781099991.960643,udp_reflection
2773,1781099991.961761,udp_reflection
2774,1781099991.963419,normal
2775,1781099991.964514,normal
2776,1781099991.965757,udp_reflection
2777,1781099991.966908,normal
2778,1781099991.968461,normal
2779,1781099991.969610,udp_reflection
2780,1781099991.970660,normal
2781,1781099991.972337,udp_reflection
2782,1781099991.973276,udp_reflection
2783,1781099991.975030,udp_reflection
2784,1781099991.976209,udp_reflection
2785,1781099991.977583,normal
2786,1781099991.979652,udp_reflection
2787,1781099991.981155,udp_reflection
2788,1781099991.982553,normal
2789,1781099991.983947,normal
2790,1781099991.985677,udp_reflection
2791,1781099991.987653,udp_reflection
2792,1781099991.989139,udp_reflection
2793,1781099991.990560,normal
2794,1781099991.991508,normal
2795,1781099991.993399,udp_reflection
2796,1781099991.994694,normal
2797,1781099991.996000,normal
2798,1781099991.997319,normal
2799,1781099991.998685,udp_reflection
2800,1781099992.000360,normal
2801,1781099992.001871,normal
2802,1781099992.002961,udp_reflection
2803,1781099992.004364,udp_reflection
2804,1781099992.006042,udp_reflection
2805,1781099992.007626,normal
2806,1781099992.008909,udp_reflection
2807,1781099992.010006,udp_reflection
2808,1781099992.011426,udp_reflection
2809,1781099992.012904,udp_reflection
2810,1781099992.013998,udp_reflection
2811,1781099992.014990,udp_reflection
2812,1781099992.016163,udp_reflection
2813,1781099992.017524,normal
2814,1781099992.018953,udp_reflection
2815,1781099992.020284,udp_reflection
2816,1781099992.021386,udp_reflection
2817,1781099992.023501,udp_reflection
2818,1781099992.024403,udp_reflection
2819,1781099992.025985,udp_reflection
2820,1781099992.027023,normal
2821,1781099992.028886,udp_reflection
2822,1781099992.030439,udp_reflection
2823,1781099992.031746,udp_reflection
2824,1781099992.032959,udp_reflection
2825,1781099992.034780,udp_reflection
2826,1781099992.035789,udp_reflection
2827,1781099992.037640,udp_reflection
2828,1781099992.038962,udp_reflection
2829,1781099992.040213,normal
2830,1781099992.040965,udp_reflection
2831,1781099992.042632,udp_reflection
2832,1781099992.043643,normal
2833,1781099992.045388,normal
2834,1781099992.047174,udp_reflection
2835,1781099992.048553,udp_reflection
2836,1781099992.049786,normal
2837,1781099992.050695,udp_reflection
2838,1781099992.052146,normal
2839,1781099992.053954,udp_reflection
2840,1781099992.055437,normal
2841,1781099992.057262,normal
2842,1781099992.058864,udp_reflection
2843,1781099992.060552,udp_reflection
2844,1781099992.061644,normal
2845,1781099992.063381,udp_reflection
2846,1781099992.064657,udp_reflection
2847,1781099992.066882,udp_reflection
2848,1781099992.068386,udp_reflection
2849,1781099992.069846,udp_reflection
2850,1781099992.071652,udp_reflection
2851,1781099992.072786,normal
2852,1781099992.073722,normal
2853,1781099992.074883,udp_reflection
2854,1781099992.076478,udp_reflection
2855,1781099992.078032,udp_reflection
2856,1781099992.079614,udp_reflection
2857,1781099992.081358,udp_reflection
2858,1781099992.082731,udp_reflection
2859,1781099992.083906,udp_reflection
2860,1781099992.084776,udp_reflection
2861,1781099992.085653,normal
2862,1781099992.087270,udp_reflection
2863,1781099992.088916,udp_reflection
2864,1781099992.089835,normal
2865,1781099992.090867,udp_reflection
2866,1781099992.093048,udp_reflection
2867,1781099992.095395,udp_reflection
2868,1781099992.096739,udp_reflection
2869,1781099992.097732,udp_reflection
2870,1781099992.098795,udp_reflection
2871,1781099992.100231,normal
2872,1781099992.101790,normal
2873,1781099992.103484,udp_reflection
2874,1781099992.105086,udp_reflection
2875,1781099992.106692,udp_reflection
2876,1781099992.107646,udp_reflection
2877,1781099992.108850,udp_reflection
2878,1781099992.110421,normal
2879,1781099992.111428,udp_reflection
2880,1781099992.112947,udp_reflection
2881,1781099992.114735,normal
2882,1781099992.115798,normal
2883,1781099992.116739,udp_reflection
2884,1781099992.117956,normal
2885,1781099992.119465,udp_reflection
2886,1781099992.120839,udp_reflection
2887,1781099992.122416,normal
2888,1781099992.124316,udp_reflection
2889,1781099992.125655,udp_reflection
2890,1781099992.127417,udp_reflection
2891,1781099992.129046,udp_reflection
2892,1781099992.129919,udp_reflection
2893,1781099992.132021,udp_reflection
2894,1781099992.133144,udp_reflection
2895,1781099992.134372,udp_reflection
2896,1781099992.136294,normal
2897,1781099992.137768,udp_reflection
2898,1781099992.138964,normal
2899,1781099992.140533,udp_reflection
2900,1781099992.141798,normal
2901,1781099992.142728,normal
2902,1781099992.144551,normal
2903,1781099992.145707,udp_reflection
2904,1781099992.147244,normal
2905,1781099992.148492,udp_reflection
2906,1781099992.149584,udp_reflection
2907,1781099992.150619,udp_reflection
2908,1781099992.151926,normal
2909,1781099992.153026,udp_reflection
2910,1781099992.154472,udp_reflection
2911,1781099992.155917,udp_reflection
2912,1781099992.157871,normal
2913,1781099992.159821,udp_reflection
2914,1781099992.160906,udp_reflection
2915,1781099992.162163,normal
2916,1781099992.163924,normal
2917,1781099992.165232,udp_reflection
2918,1781099992.166360,normal
2919,1781099992.167665,udp_reflection
2920,1781099992.169166,udp_reflection
2921,1781099992.170332,udp_reflection
2922,1781099992.171703,udp_reflection
2923,1781099992.173662,udp_reflection
2924,1781099992.174881,udp_reflection
2925,1781099992.176093,udp_reflection
2926,1781099992.177574,normal
2927,1781099992.179407,udp_reflection
2928,1781099992.180984,normal
2929,1781099992.182209,normal
2930,1781099992.183439,normal
2931,1781099992.184931,normal
2932,1781099992.187112,normal
2933,1781099992.188599,normal
2934,1781099992.190308,udp_reflection
2935,1781099992.191524,udp_reflection
2936,1781099992.193064,udp_reflection
2937,1781099992.194504,udp_reflection
2938,1781099992.196376,udp_reflection
2939,1781099992.197698,udp_reflection
2940,1781099992.198718,udp_reflection
2941,1781099992.200847,udp_reflection
2942,1781099992.202102,udp_reflection
2943,1781099992.203448,normal
2944,1781099992.205258,udp_reflection
2945,1781099992.206413,normal
2946,1781099992.208068,udp_reflection
2947,1781099992.209078,udp_reflection
2948,1781099992.210825,normal
2949,1781099992.212230,normal
2950,1781099992.214137,udp_reflection
2951,1781099992.215569,udp_reflection
2952,1781099992.216968,udp_reflection
2953,1781099992.218463,udp_reflection
2954,1781099992.219254,normal
2955,1781099992.220417,udp_reflection
2956,1781099992.222290,normal
2957,1781099992.224387,normal
2958,1781099992.225499,udp_reflection
2959,1781099992.226526,udp_reflection
2960,1781099992.227982,udp_reflection
2961,1781099992.229410,udp_reflection
2962,1781099992.230936,udp_reflection
2963,1781099992.231902,udp_reflection
2964,1781099992.233436,normal
2965,1781099992.234671,udp_reflection
2966,1781099992.236093,udp_reflection
2967,1781099992.237233,udp_reflection
2968,1781099992.238535,udp_reflection
2969,1781099992.239511,normal
2970,1781099992.240953,normal
2971,1781099992.242334,normal
2972,1781099992.243997,normal
2973,1781099992.244986,udp_reflection
2974,1781099992.246407,udp_reflection
2975,1781099992.247783,udp_reflection
2976,1781099992.249032,normal
2977,1781099992.250397,udp_reflection
2978,1781099992.251547,udp_reflection
2979,1781099992.252936,udp_reflection
2980,1781099992.254358,udp_reflection
2981,1781099992.255443,udp_reflection
2982,1781099992.257193,udp_reflection
2983,1781099992.258674,udp_reflection
2984,1781099992.260128,udp_reflection
2985,1781099992.260973,udp_reflection
2986,1781099992.262357,udp_reflection
2987,1781099992.263350,normal
2988,1781099992.264979,udp_reflection
2989,1781099992.266443,udp_reflection
2990,1781099992.267939,udp_reflection
2991,1781099992.269064,normal
2992,1781099992.270200,udp_reflection
2993,1781099992.271641,normal
2994,1781099992.272759,udp_reflection
2995,1781099992.273772,udp_reflection
2996,1781099992.274905,udp_reflection
2997,1781099992.275787,normal
2998,1781099992.276946,udp_reflection
2999,1781099992.278541,normal
3000,1781099992.279788,udp_reflection
3001,1781099992.281240,normal
3002,1781099992.282600,normal
3003,1781099992.284345,udp_reflection
3004,1781099992.285592,normal
3005,1781099992.286885,normal
3006,1781099992.288003,udp_reflection
3007,1781099992.289226,udp_reflection
3008,1781099992.290345,udp_reflection
3009,1781099992.291876,udp_reflection
3010,1781099992.293049,udp_reflection
3011,1781099992.294083,normal
3012,1781099992.296384,udp_reflection
3013,1781099992.297369,udp_reflection
3014,1781099992.298992,udp_reflection
3015,1781099992.300216,normal
3016,1781099992.301105,normal
3017,1781099992.301943,udp_reflection
3018,1781099992.303013,udp_reflection
3019,1781099992.304891,normal
3020,1781099992.306200,udp_reflection
3021,1781099992.307666,udp_reflection
3022,1781099992.309328,udp_reflection
3023,1781099992.310525,udp_reflection
3024,1781099992.312137,udp_reflection
3025,1781099992.313861,udp_reflection
3026,1781099992.315030,udp_reflection
3027,1781099992.316941,udp_reflection
3028,1781099992.318367,udp_reflection
3029,1781099992.319474,udp_reflection
3030,1781099992.321117,udp_reflection
3031,1781099992.321929,udp_reflection
3032,1781099992.323516,udp_reflection
3033,1781099992.325984,udp_reflection
3034,1781099992.326970,normal
3035,1781099992.328122,udp_reflection
3036,1781099992.329998,udp_reflection
3037,1781099992.331632,udp_reflection
3038,1781099992.333050,udp_reflection
3039,1781099992.334189,udp_reflection
3040,1781099992.334988,udp_reflection
3041,1781099992.336303,udp_reflection
3042,1781099992.337408,udp_reflection
3043,1781099992.338389,udp_reflection
3044,1781099992.339722,normal
3045,1781099992.340921,udp_reflection
3046,1781099992.342264,udp_reflection
3047,1781099992.343925,normal
3048,1781099992.345224,normal
3049,1781099992.346375,udp_reflection
3050,1781099992.347918,normal
3051,1781099992.348800,udp_reflection
3052,1781099992.350353,normal
3053,1781099992.352055,udp_reflection
3054,1781099992.353199,udp_reflection
3055,1781099992.354833,udp_reflection
3056,1781099992.356431,udp_reflection
3057,1781099992.357721,udp_reflection
3058,1781099992.358959,normal
3059,1781099992.360302,normal
3060,1781099992.362073,udp_reflection
3061,1781099992.363878,normal
3062,1781099992.365502,normal
3063,1781099992.366468,udp_reflection
3064,1781099992.367777,udp_reflection
3065,1781099992.368580,normal
3066,1781099992.369747,udp_reflection
3067,1781099992.371016,udp_reflection
3068,1781099992.372245,udp_reflection
3069,1781099992.373476,normal
3070,1781099992.375150,udp_reflection
3071,1781099992.376287,normal
3072,1781099992.377604,udp_reflection
3073,1781099992.378988,normal
3074,1781099992.380172,udp_reflection
3075,1781099992.382109,udp_reflection
3076,1781099992.383260,normal
3077,1781099992.384192,normal
3078,1781099992.385823,udp_reflection
3079,1781099992.387089,udp_reflection
3080,1781099992.388147,normal
3081,1781099992.389595,udp_reflection
3082,1781099992.390876,normal
3083,1781099992.392473,udp_reflection
3084,1781099992.393880,udp_reflection
3085,1781099992.394655,normal
3086,1781099992.395837,udp_reflection
3087,1781099992.396845,normal
3088,1781099992.398537,udp_reflection
3089,1781099992.400272,normal
3090,1781099992.402498,udp_reflection
3091,1781099992.403875,normal
3092,1781099992.405061,udp_reflection
3093,1781099992.406388,udp_reflection
3094,1781099992.407634,udp_reflection
3095,1781099992.408821,udp_reflection
3096,1781099992.410651,udp_reflection
3097,1781099992.412071,udp_reflection
3098,1781099992.413317,normal
3099,1781099992.414789,normal
3100,1781099992.415949,udp_reflection
3101,1781099992.417482,normal
3102,1781099992.418586,udp_reflection
3103,1781099992.420021,udp_reflection
3104,1781099992.421366,normal
3105,1781099992.422540,udp_reflection
3106,1781099992.423581,normal
3107,1781099992.424785,normal
3108,1781099992.425714,udp_reflection
3109,1781099992.427026,normal
3110,1781099992.428218,normal
3111,1781099992.429412,udp_reflection
3112,1781099992.430814,udp_reflection
3113,1781099992.432444,udp_reflection
3114,1781099992.433599,normal
3115,1781099992.435412,normal
3116,1781099992.436744,normal
3117,1781099992.438220,udp_reflection
3118,1781099992.440013,udp_reflection
3119,1781099992.441432,udp_reflection
3120,1781099992.443054,normal
3121,1781099992.444658,udp_reflection
3122,1781099992.445790,udp_reflection
3123,1781099992.447128,udp_reflection
3124,1781099992.448525,udp_reflection
3125,1781099992.449984,normal
3126,1781099992.451318,udp_reflection
3127,1781099992.453077,udp_reflection
3128,1781099992.455068,udp_reflection
3129,1781099992.456283,normal
3130,1781099992.456962,normal
3131,1781099992.458226,normal
3132,1781099992.459261,normal
3133,1781099992.460778,udp_reflection
3134,1781099992.462243,normal
3135,1781099992.463536,normal
3136,1781099992.464923,udp_reflection
3137,1781099992.466217,udp_reflection
3138,1781099992.467613,udp_reflection
3139,1781099992.468655,normal
3140,1781099992.469779,udp_reflection
3141,1781099992.471054,udp_reflection
3142,1781099992.472323,normal
3143,1781099992.473638,udp_reflection
3144,1781099992.474871,normal
3145,1781099992.475995,udp_reflection
3146,1781099992.477157,udp_reflection
3147,1781099992.478715,normal
3148,1781099992.479903,normal
3149,1781099992.480907,udp_reflection
3150,1781099992.483146,udp_reflection
3151,1781099992.484133,udp_reflection
3152,1781099992.485442,normal
3153,1781099992.486720,udp_reflection
3154,1781099992.488248,udp_reflection
3155,1781099992.489734,udp_reflection
3156,1781099992.490624,udp_reflection
3157,1781099992.491895,udp_reflection
3158,1781099992.493394,udp_reflection
3159,1781099992.494600,normal
3160,1781099992.495564,normal
3161,1781099992.496446,udp_reflection
3162,1781099992.497965,udp_reflection
3163,1781099992.499029,udp_reflection
3164,1781099992.500160,udp_reflection
3165,1781099992.501593,udp_reflection
3166,1781099992.502540,udp_reflection
3167,1781099992.504144,udp_reflection
3168,1781099992.505504,udp_reflection
3169,1781099992.506407,udp_reflection
3170,1781099992.507854,normal
3171,1781099992.509046,udp_reflection
3172,1781099992.510321,udp_reflection
3173,1781099992.511183,udp_reflection
3174,1781099992.512365,normal
3175,1781099992.513674,udp_reflection
3176,1781099992.514884,udp_reflection
3177,1781099992.516419,normal
3178,1781099992.517611,udp_reflection
3179,1781099992.519435,udp_reflection
3180,1781099992.520987,normal
3181,1781099992.522186,udp_reflection
3182,1781099992.523030,normal
3183,1781099992.524244,udp_reflection
3184,1781099992.525437,udp_reflection
3185,1781099992.526637,udp_reflection
3186,1781099992.528143,normal
3187,1781099992.528939,udp_reflection
3188,1781099992.530219,udp_reflection
3189,1781099992.531610,udp_reflection
3190,1781099992.533233,normal
3191,1781099992.534168,udp_reflection
3192,1781099992.535555,udp_reflection
3193,1781099992.536888,normal
3194,1781099992.538318,udp_reflection
3195,1781099992.539790,udp_reflection
3196,1781099992.540635,udp_reflection
3197,1781099992.541879,udp_reflection
3198,1781099992.543900,udp_reflection
3199,1781099992.545094,udp_reflection
3200,1781099992.546196,normal
3201,1781099992.547584,udp_reflection
3202,1781099992.548907,udp_reflection
3203,1781099992.550622,normal
3204,1781099992.551970,udp_reflection
3205,1781099992.553316,udp_reflection
3206,1781099992.554422,udp_reflection
3207,1781099992.556035,udp_reflection
3208,1781099992.557199,udp_reflection
3209,1781099992.559154,normal
3210,1781099992.560654,udp_reflection
3211,1781099992.561969,udp_reflection
3212,1781099992.563128,udp_reflection
3213,1781099992.564076,udp_reflection
3214,1781099992.565253,normal
3215,1781099992.566303,udp_reflection
3216,1781099992.567940,normal
3217,1781099992.569321,normal
3218,1781099992.570840,udp_reflection
3219,1781099992.571990,normal
3220,1781099992.573328,normal
3221,1781099992.574980,udp_reflection
3222,1781099992.576337,normal
3223,1781099992.578080,normal
3224,1781099992.579563,udp_reflection
3225,1781099992.581481,udp_reflection
3226,1781099992.582449,normal
3227,1781099992.583560,udp_reflection
3228,1781099992.584960,udp_reflection
3229,1781099992.586122,udp_reflection
3230,1781099992.587630,udp_reflection
3231,1781099992.589072,udp_reflection
3232,1781099992.590505,normal
3233,1781099992.591792,udp_reflection
3234,1781099992.592845,udp_reflection
3235,1781099992.593872,udp_reflection
3236,1781099992.595359,udp_reflection
3237,1781099992.596264,udp_reflection
3238,1781099992.597384,normal
3239,1781099992.598632,udp_reflection
3240,1781099992.599790,udp_reflection
3241,1781099992.601106,udp_reflection
3242,1781099992.602514,udp_reflection
3243,1781099992.604269,udp_reflection
3244,1781099992.605184,normal
3245,1781099992.606086,normal
3246,1781099992.607969,udp_reflection
3247,1781099992.608958,udp_reflection
3248,1781099992.610109,udp_reflection
3249,1781099992.610930,udp_reflection
3250,1781099992.613083,udp_reflection
3251,1781099992.614376,udp_reflection
3252,1781099992.615505,normal
3253,1781099992.616488,udp_reflection
3254,1781099992.617645,normal
3255,1781099992.618792,normal
3256,1781099992.620079,udp_reflection
3257,1781099992.621420,udp_reflection
3258,1781099992.622375,udp_reflection
3259,1781099992.623577,udp_reflection
3260,1781099992.624774,udp_reflection
3261,1781099992.626002,udp_reflection
3262,1781099992.627169,udp_reflection
3263,1781099992.628124,udp_reflection
3264,1781099992.629683,udp_reflection
3265,1781099992.631007,udp_reflection
3266,1781099992.632118,normal
3267,1781099992.633068,udp_reflection
3268,1781099992.634110,udp_reflection
3269,1781099992.635175,normal
3270,1781099992.636165,normal
3271,1781099992.637569,udp_reflection
3272,1781099992.638515,normal
3273,1781099992.640305,normal
3274,1781099992.641649,udp_reflection
3275,1781099992.642978,udp_reflection
3276,1781099992.643862,normal
3277,1781099992.645669,udp_reflection
3278,1781099992.647199,udp_reflection
3279,1781099992.648987,udp_reflection
3280,1781099992.650385,udp_reflection
3281,1781099992.651435,udp_reflection
3282,1781099992.652760,udp_reflection
3283,1781099992.653824,normal
3284,1781099992.654812,udp_reflection
3285,1781099992.655558,udp_reflection
3286,1781099992.657297,udp_reflection
3287,1781099992.658518,udp_reflection
3288,1781099992.659994,normal
3289,1781099992.661331,normal
3290,1781099992.662555,udp_reflection
3291,1781099992.663996,udp_reflection
3292,1781099992.665429,udp_reflection
3293,1781099992.666669,normal
3294,1781099992.667950,udp_reflection
3295,1781099992.668914,normal
3296,1781099992.670102,udp_reflection
3297,1781099992.671101,udp_reflection
3298,1781099992.672359,udp_reflection
3299,1781099992.673682,udp_reflection
3300,1781099992.675036,udp_reflection
3301,1781099992.676503,udp_reflection
3302,1781099992.677456,normal
3303,1781099992.678578,normal
3304,1781099992.680327,udp_reflection
3305,1781099992.681161,udp_reflection
3306,1781099992.682212,normal
3307,1781099992.683594,normal
3308,1781099992.684703,udp_reflection
3309,1781099992.685878,udp_reflection
3310,1781099992.687365,normal
3311,1781099992.688900,normal
3312,1781099992.690121,udp_reflection
3313,1781099992.691495,udp_reflection
3314,1781099992.692769,normal
3315,1781099992.693966,udp_reflection
3316,1781099992.694790,normal
3317,1781099992.696034,udp_reflection
3318,1781099992.696835,udp_reflection
3319,1781099992.698465,normal
3320,1781099992.699974,udp_reflection
3321,1781099992.701340,udp_reflection
3322,1781099992.702901,normal
3323,1781099992.704128,udp_reflection
3324,1781099992.705704,udp_reflection
3325,1781099992.707006,udp_reflection
3326,1781099992.708469,udp_reflection
3327,1781099992.709641,normal
3328,1781099992.710736,normal
3329,1781099992.711681,udp_reflection
3330,1781099992.713022,udp_reflection
3331,1781099992.714028,udp_reflection
3332,1781099992.715288,udp_reflection
3333,1781099992.716418,normal
3334,1781099992.717299,udp_reflection
3335,1781099992.718201,udp_reflection
3336,1781099992.719230,udp_reflection
3337,1781099992.720407,udp_reflection
3338,1781099992.721218,udp_reflection
3339,1781099992.722347,udp_reflection
3340,1781099992.723172,udp_reflection
3341,1781099992.724769,udp_reflection
3342,1781099992.726164,udp_reflection
3343,1781099992.727170,udp_reflection
3344,1781099992.728595,udp_reflection
3345,1781099992.730251,normal
3346,1781099992.730987,udp_reflection
3347,1781099992.731910,udp_reflection
3348,1781099992.733020,normal
3349,1781099992.734037,udp_reflection
3350,1781099992.735092,udp_reflection
3351,1781099992.736281,udp_reflection
3352,1781099992.737174,udp_reflection
3353,1781099992.738609,normal
3354,1781099992.740045,udp_reflection
3355,1781099992.741674,udp_reflection
3356,1781099992.743117,udp_reflection
3357,1781099992.745156,udp_reflection
3358,1781099992.746042,normal
3359,1781099992.747079,udp_reflection
3360,1781099992.747920,udp_reflection
3361,1781099992.749486,udp_reflection
3362,1781099992.750498,udp_reflection
3363,1781099992.751413,udp_reflection
3364,1781099992.753212,normal
3365,1781099992.754417,udp_reflection
3366,1781099992.755199,udp_reflection
3367,1781099992.756679,normal
3368,1781099992.758494,udp_reflection
3369,1781099992.759455,normal
3370,1781099992.760746,udp_reflection
3371,1781099992.761814,normal
3372,1781099992.762855,udp_reflection
3373,1781099992.764099,udp_reflection
3374,1781099992.765283,udp_reflection
3375,1781099992.766261,normal
3376,1781099992.767464,normal
3377,1781099992.769313,udp_reflection
3378,1781099992.770505,udp_reflection
3379,1781099992.771604,udp_reflection
3380,1781099992.772726,normal
3381,1781099992.773820,udp_reflection
3382,1781099992.775344,udp_reflection
3383,1781099992.776287,normal
3384,1781099992.777293,udp_reflection
3385,1781099992.778699,udp_reflection
3386,1781099992.779789,udp_reflection
3387,1781099992.780802,normal
3388,1781099992.782007,udp_reflection
3389,1781099992.783080,normal
3390,1781099992.784712,udp_reflection
3391,1781099992.785836,udp_reflection
3392,1781099992.786905,udp_reflection
3393,1781099992.787915,udp_reflection
3394,1781099992.789226,udp_reflection
3395,1781099992.790281,udp_reflection
3396,1781099992.791514,normal
3397,1781099992.792493,udp_reflection
3398,1781099992.793520,udp_reflection
3399,1781099992.794676,udp_reflection
3400,1781099992.795853,normal
3401,1781099992.797184,udp_reflection
3402,1781099992.798469,udp_reflection
3403,1781099992.799495,normal
3404,1781099992.800993,udp_reflection
3405,1781099992.802415,normal
3406,1781099992.803250,udp_reflection
3407,1781099992.804202,normal
3408,1781099992.805296,udp_reflection
3409,1781099992.806156,udp_reflection
3410,1781099992.807070,udp_reflection
3411,1781099992.808995,udp_reflection
3412,1781099992.810285,udp_reflection
3413,1781099992.811020,normal
3414,1781099992.813052,udp_reflection
3415,1781099992.814023,udp_reflection
3416,1781099992.815151,normal
3417,1781099992.816452,udp_reflection
3418,1781099992.817311,udp_reflection
3419,1781099992.818769,udp_reflection
3420,1781099992.819967,udp_reflection
3421,1781099992.820937,udp_reflection
3422,1781099992.821988,udp_reflection
3423,1781099992.823495,normal
3424,1781099992.824797,udp_reflection
3425,1781099992.826372,udp_reflection
3426,1781099992.827374,udp_reflection
3427,1781099992.828452,udp_reflection
3428,1781099992.829499,udp_reflection
3429,1781099992.830874,normal
3430,1781099992.831739,normal
3431,1781099992.832895,udp_reflection
3432,1781099992.833941,udp_reflection
3433,1781099992.835522,udp_reflection
3434,1781099992.836735,udp_reflection
3435,1781099992.838002,udp_reflection
3436,1781099992.838687,udp_reflection
3437,1781099992.839662,normal
3438,1781099992.840693,normal
3439,1781099992.842506,normal
3440,1781099992.843912,udp_reflection
3441,1781099992.844856,normal
3442,1781099992.846076,udp_reflection
3443,1781099992.846977,udp_reflection
3444,1781099992.847905,udp_reflection
3445,1781099992.849307,udp_reflection
3446,1781099992.850983,udp_reflection
3447,1781099992.852029,udp_reflection
3448,1781099992.852830,udp_reflection
3449,1781099992.853859,udp_reflection
3450,1781099992.854954,udp_reflection
3451,1781099992.855952,normal
3452,1781099992.856935,normal
3453,1781099992.858018,udp_reflection
3454,1781099992.859503,udp_reflection
3455,1781099992.860440,udp_reflection
3456,1781099992.861654,udp_reflection
3457,1781099992.862963,normal
3458,1781099992.864338,udp_reflection
3459,1781099992.865227,udp_reflection
3460,1781099992.866530,udp_reflection
3461,1781099992.868082,udp_reflection
3462,1781099992.869195,udp_reflection
3463,1781099992.870630,udp_reflection
3464,1781099992.871436,normal
3465,1781099992.872253,udp_reflection
3466,1781099992.873283,udp_reflection
3467,1781099992.874127,udp_reflection
3468,1781099992.875541,udp_reflection
3469,1781099992.876722,udp_reflection
3470,1781099992.877683,udp_reflection
3471,1781099992.879014,udp_reflection
3472,1781099992.880389,udp_reflection
3473,1781099992.881697,normal
3474,1781099992.882693,udp_reflection
3475,1781099992.884220,udp_reflection
3476,1781099992.885862,normal
3477,1781099992.886917,udp_reflection
3478,1781099992.888248,udp_reflection
3479,1781099992.889340,udp_reflection
3480,1781099992.890781,udp_reflection
3481,1781099992.891746,udp_reflection
3482,1781099992.893219,udp_reflection
3483,1781099992.894298,udp_reflection
3484,1781099992.895202,udp_reflection
3485,1781099992.896240,normal
3486,1781099992.897450,udp_reflection
3487,1781099992.898743,udp_reflection
3488,1781099992.899507,udp_reflection
3489,1781099992.900619,udp_reflection
3490,1781099992.902125,normal
3491,1781099992.903158,normal
3492,1781099992.904428,normal
3493,1781099992.905524,normal
3494,1781099992.906542,udp_reflection
3495,1781099992.907499,udp_reflection
3496,1781099992.908257,normal
3497,1781099992.909320,normal
3498,1781099992.910291,udp_reflection
3499,1781099992.911660,udp_reflection
3500,1781099992.912469,udp_reflection
3501,1781099992.913645,normal
3502,1781099992.914803,normal
3503,1781099992.915550,udp_reflection
3504,1781099992.916780,normal
3505,1781099992.918412,udp_reflection
3506,1781099992.919614,normal
3507,1781099992.920522,udp_reflection
3508,1781099992.921605,udp_reflection
3509,1781099992.922646,udp_reflection
3510,1781099992.923946,udp_reflection
3511,1781099992.925855,udp_reflection
3512,1781099992.926958,udp_reflection
3513,1781099992.927839,udp_reflection
3514,1781099992.928921,udp_reflection
3515,1781099992.929720,udp_reflection
3516,1781099992.930906,udp_reflection
3517,1781099992.932245,udp_reflection
3518,1781099992.933227,udp_reflection
3519,1781099992.934268,udp_reflection
3520,1781099992.935725,udp_reflection
3521,1781099992.937604,normal
3522,1781099992.938654,udp_reflection
3523,1781099992.939230,udp_reflection
3524,1781099992.940443,normal
3525,1781099992.941601,udp_reflection
3526,1781099992.942435,udp_reflection
3527,1781099992.943339,udp_reflection
3528,1781099992.944190,udp_reflection
3529,1781099992.945108,udp_reflection
3530,1781099992.946430,normal
3531,1781099992.947023,udp_reflection
3532,1781099992.948410,udp_reflection
3533,1781099992.949434,udp_reflection
3534,1781099992.950377,udp_reflection
3535,1781099992.951488,udp_reflection
3536,1781099992.952327,udp_reflection
3537,1781099992.953483,udp_reflection
3538,1781099992.954414,udp_reflection
3539,1781099992.955298,normal
3540,1781099992.956365,normal
3541,1781099992.957112,udp_reflection
3542,1781099992.958225,udp_reflection
3543,1781099992.959319,udp_reflection
3544,1781099992.960207,udp_reflection
3545,1781099992.961057,udp_reflection
3546,1781099992.962072,udp_reflection
3547,1781099992.963189,udp_reflection
3548,1781099992.963968,udp_reflection
3549,1781099992.964816,udp_reflection
3550,1781099992.965547,udp_reflection
3551,1781099992.966546,udp_reflection
3552,1781099992.967345,udp_reflection
3553,1781099992.968364,udp_reflection
3554,1781099992.969984,udp_reflection
3555,1781099992.970555,normal
3556,1781099992.971393,udp_reflection
3557,1781099992.972742,normal
3558,1781099992.973691,udp_reflection
3559,1781099992.974545,udp_reflection
3560,1781099992.975875,udp_reflection
3561,1781099992.976810,normal
3562,1781099992.977787,udp_reflection
3563,1781099992.978658,udp_reflection
3564,1781099992.979506,udp_reflection
3565,1781099992.980883,udp_reflection
3566,1781099992.981761,udp_reflection
3567,1781099992.982675,udp_reflection
3568,1781099992.983978,normal
3569,1781099992.985343,udp_reflection
3570,1781099992.986994,udp_reflection
3571,1781099992.988349,udp_reflection
3572,1781099992.989185,udp_reflection
3573,1781099992.990987,udp_reflection
3574,1781099992.991832,normal
3575,1781099992.992649,udp_reflection
3576,1781099992.993465,normal
3577,1781099992.994706,normal
3578,1781099992.995880,udp_reflection
3579,1781099992.996605,udp_reflection
3580,1781099992.997776,udp_reflection
3581,1781099992.998725,udp_reflection
3582,1781099992.999888,udp_reflection
3583,1781099993.000768,udp_reflection
3584,1781099993.002092,udp_reflection
3585,1781099993.003135,udp_reflection
3586,1781099993.004070,udp_reflection
3587,1781099993.005068,normal
3588,1781099993.006037,udp_reflection
3589,1781099993.007140,udp_reflection
3590,1781099993.007910,udp_reflection
3591,1781099993.009089,udp_reflection
3592,1781099993.010273,udp_reflection
3593,1781099993.011291,udp_reflection
3594,1781099993.011911,udp_reflection
3595,1781099993.012949,normal
3596,1781099993.013964,normal
3597,1781099993.014517,udp_reflection
3598,1781099993.015461,udp_reflection
3599,1781099993.016413,udp_reflection
3600,1781099993.017693,normal
3601,1781099993.018855,udp_reflection
3602,1781099993.020126,udp_reflection
3603,1781099993.021214,normal
3604,1781099993.022092,udp_reflection
3605,1781099993.023535,udp_reflection
3606,1781099993.024814,udp_reflection
3607,1781099993.026316,normal
3608,1781099993.027238,udp_reflection
3609,1781099993.028420,normal
3610,1781099993.029418,udp_reflection
3611,1781099993.030212,udp_reflection
3612,1781099993.031186,udp_reflection
3613,1781099993.032893,udp_reflection
3614,1781099993.033883,normal
3615,1781099993.034652,udp_reflection
3616,1781099993.035595,udp_reflection
3617,1781099993.036340,normal
3618,1781099993.037731,udp_reflection
3619,1781099993.038746,udp_reflection
3620,1781099993.040045,udp_reflection
3621,1781099993.041118,udp_reflection
3622,1781099993.042316,udp_reflection
3623,1781099993.043484,udp_reflection
3624,1781099993.044363,udp_reflection
3625,1781099993.045349,udp_reflection
3626,1781099993.046309,normal
3627,1781099993.047563,udp_reflection
3628,1781099993.048430,udp_reflection
3629,1781099993.049323,normal
3630,1781099993.050361,udp_reflection
3631,1781099993.051595,udp_reflection
3632,1781099993.052760,udp_reflection
3633,1781099993.053769,normal
3634,1781099993.055104,udp_reflection
3635,1781099993.055753,udp_reflection
3636,1781099993.056700,udp_reflection
3637,1781099993.058033,normal
3638,1781099993.059027,udp_reflection
3639,1781099993.060220,udp_reflection
3640,1781099993.060905,udp_reflection
3641,1781099993.061886,udp_reflection
3642,1781099993.062732,udp_reflection
3643,1781099993.063794,udp_reflection
3644,1781099993.064552,udp_reflection
3645,1781099993.065485,udp_reflection
3646,1781099993.066176,udp_reflection
3647,1781099993.067151,udp_reflection
3648,1781099993.067991,udp_reflection
3649,1781099993.069132,udp_reflection
3650,1781099993.070055,udp_reflection
3651,1781099993.071193,udp_reflection
3652,1781099993.072102,udp_reflection
3653,1781099993.072945,udp_reflection
3654,1781099993.073797,udp_reflection
3655,1781099993.074852,udp_reflection
3656,1781099993.075770,udp_reflection
3657,1781099993.076631,udp_reflection
3658,1781099993.077616,udp_reflection
3659,1781099993.078652,normal
3660,1781099993.079337,udp_reflection
3661,1781099993.080482,udp_reflection
3662,1781099993.081600,udp_reflection
3663,1781099993.082421,udp_reflection
3664,1781099993.083273,udp_reflection
3665,1781099993.084767,udp_reflection
3666,1781099993.085656,udp_reflection
3667,1781099993.086803,normal
3668,1781099993.087902,udp_reflection
3669,1781099993.088991,udp_reflection
3670,1781099993.089713,udp_reflection
3671,1781099993.090564,normal
3672,1781099993.091575,udp_reflection
3673,1781099993.092811,udp_reflection
3674,1781099993.093774,udp_reflection
3675,1781099993.094849,udp_reflection
3676,1781099993.095601,udp_reflection
3677,1781099993.096517,udp_reflection
3678,1781099993.097602,udp_reflection
3679,1781099993.098438,udp_reflection
3680,1781099993.099563,udp_reflection
3681,1781099993.100939,udp_reflection
3682,1781099993.101979,udp_reflection
3683,1781099993.102892,udp_reflection
3684,1781099993.103983,udp_reflection
3685,1781099993.105141,udp_reflection
3686,1781099993.106352,udp_reflection
3687,1781099993.107202,udp_reflection
3688,1781099993.108290,udp_reflection
3689,1781099993.109113,udp_reflection
3690,1781099993.110040,udp_reflection
3691,1781099993.110969,udp_reflection
3692,1781099993.112031,normal
3693,1781099993.112889,udp_reflection
3694,1781099993.114404,normal
3695,1781099993.115541,udp_reflection
3696,1781099993.116326,normal
3697,1781099993.117586,udp_reflection
3698,1781099993.119056,udp_reflection
3699,1781099993.120151,udp_reflection
3700,1781099993.121203,udp_reflection
3701,1781099993.122124,udp_reflection
3702,1781099993.123279,udp_reflection
3703,1781099993.123883,udp_reflection
3704,1781099993.124947,udp_reflection
3705,1781099993.125890,normal
3706,1781099993.127419,udp_reflection
3707,1781099993.128267,udp_reflection
3708,1781099993.129658,udp_reflection
3709,1781099993.130989,udp_reflection
3710,1781099993.131985,udp_reflection
3711,1781099993.132646,udp_reflection
3712,1781099993.133592,udp_reflection
3713,1781099993.134506,udp_reflection
3714,1781099993.135549,udp_reflection
3715,1781099993.136466,udp_reflection
3716,1781099993.137131,udp_reflection
3717,1781099993.137959,udp_reflection
3718,1781099993.138763,udp_reflection
3719,1781099993.139735,udp_reflection
3720,1781099993.140755,udp_reflection
3721,1781099993.141766,udp_reflection
3722,1781099993.142480,normal
3723,1781099993.143345,udp_reflection
3724,1781099993.143997,normal
3725,1781099993.144888,udp_reflection
3726,1781099993.145623,udp_reflection
3727,1781099993.146609,udp_reflection
3728,1781099993.147404,udp_reflection
3729,1781099993.148570,udp_reflection
3730,1781099993.149479,udp_reflection
3731,1781099993.150294,udp_reflection
3732,1781099993.151541,normal
3733,1781099993.152225,udp_reflection
3734,1781099993.153095,udp_reflection
3735,1781099993.153819,normal
3736,1781099993.155016,udp_reflection
3737,1781099993.155781,udp_reflection
3738,1781099993.157018,udp_reflection
3739,1781099993.158199,udp_reflection
3740,1781099993.159189,udp_reflection
3741,1781099993.160223,udp_reflection
3742,1781099993.161222,udp_reflection
3743,1781099993.162122,udp_reflection
3744,1781099993.163368,udp_reflection
3745,1781099993.164350,udp_reflection
3746,1781099993.165381,udp_reflection
3747,1781099993.166667,normal
3748,1781099993.167691,udp_reflection
3749,1781099993.168694,udp_reflection
3750,1781099993.169812,udp_reflection
3751,1781099993.170984,udp_reflection
3752,1781099993.171981,udp_reflection
3753,1781099993.172950,udp_reflection
3754,1781099993.173722,udp_reflection
3755,1781099993.174745,udp_reflection
3756,1781099993.175608,udp_reflection
3757,1781099993.176753,normal
3758,1781099993.177475,udp_reflection
3759,1781099993.178789,normal
3760,1781099993.179778,udp_reflection
3761,1781099993.180827,udp_reflection
3762,1781099993.181534,udp_reflection
3763,1781099993.182234,udp_reflection
3764,1781099993.183038,udp_reflection
3765,1781099993.184002,udp_reflection
3766,1781099993.184811,udp_reflection
3767,1781099993.185818,udp_reflection
3768,1781099993.187101,udp_reflection
3769,1781099993.187904,normal
3770,1781099993.188689,normal
3771,1781099993.189703,udp_reflection
3772,1781099993.190741,udp_reflection
3773,1781099993.191417,udp_reflection
3774,1781099993.192843,udp_reflection
3775,1781099993.193707,normal
3776,1781099993.194405,normal
3777,1781099993.195301,udp_reflection
3778,1781099993.196277,udp_reflection
3779,1781099993.197313,udp_reflection
3780,1781099993.198567,udp_reflection
3781,1781099993.199496,normal
3782,1781099993.200160,udp_reflection
3783,1781099993.201018,udp_reflection
3784,1781099993.202590,udp_reflection
3785,1781099993.203222,normal
3786,1781099993.204210,udp_reflection
3787,1781099993.205474,udp_reflection
3788,1781099993.206192,udp_reflection
3789,1781099993.207007,udp_reflection
3790,1781099993.207822,udp_reflection
3791,1781099993.208760,normal
3792,1781099993.209463,udp_reflection
3793,1781099993.210187,normal
3794,1781099993.211004,udp_reflection
3795,1781099993.211776,udp_reflection
3796,1781099993.212591,udp_reflection
3797,1781099993.213938,udp_reflection
3798,1781099993.215152,udp_reflection
3799,1781099993.216044,udp_reflection
3800,1781099993.216723,udp_reflection
3801,1781099993.217561,udp_reflection
3802,1781099993.218373,udp_reflection
3803,1781099993.219234,udp_reflection
3804,1781099993.220140,udp_reflection
3805,1781099993.221488,udp_reflection
3806,1781099993.222340,normal
3807,1781099993.223028,udp_reflection
3808,1781099993.223971,udp_reflection
3809,1781099993.224652,udp_reflection
3810,1781099993.225592,normal
3811,1781099993.226351,udp_reflection
3812,1781099993.227237,udp_reflection
3813,1781099993.228314,udp_reflection
3814,1781099993.229267,udp_reflection
3815,1781099993.230180,udp_reflection
3816,1781099993.230888,udp_reflection
3817,1781099993.231812,udp_reflection
3818,1781099993.232648,normal
3819,1781099993.233754,udp_reflection
3820,1781099993.234575,udp_reflection
3821,1781099993.235469,udp_reflection
3822,1781099993.236089,udp_reflection
3823,1781099993.236883,udp_reflection
3824,1781099993.237743,udp_reflection
3825,1781099993.238771,udp_reflection
3826,1781099993.239418,udp_reflection
3827,1781099993.240249,udp_reflection
3828,1781099993.241129,udp_reflection
3829,1781099993.241898,udp_reflection
3830,1781099993.243076,udp_reflection
3831,1781099993.243788,udp_reflection
3832,1781099993.244750,normal
3833,1781099993.245797,udp_reflection
3834,1781099993.246563,udp_reflection
3835,1781099993.247536,udp_reflection
3836,1781099993.248041,udp_reflection
3837,1781099993.248971,udp_reflection
3838,1781099993.249940,udp_reflection
3839,1781099993.250469,udp_reflection
3840,1781099993.251228,udp_reflection
3841,1781099993.252256,udp_reflection
3842,1781099993.253172,udp_reflection
3843,1781099993.254038,udp_reflection
3844,1781099993.254745,normal
3845,1781099993.255694,udp_reflection
3846,1781099993.256720,udp_reflection
3847,1781099993.257492,udp_reflection
3848,1781099993.258525,udp_reflection
3849,1781099993.259145,normal
3850,1781099993.260068,udp_reflection
3851,1781099993.261084,udp_reflection
3852,1781099993.262071,udp_reflection
3853,1781099993.262990,normal
3854,1781099993.264061,udp_reflection
3855,1781099993.264783,udp_reflection
3856,1781099993.265523,udp_reflection
3857,1781099993.266433,udp_reflection
3858,1781099993.267347,udp_reflection
3859,1781099993.268108,udp_reflection
3860,1781099993.268817,normal
3861,1781099993.269714,udp_reflection
3862,1781099993.270856,udp_reflection
3863,1781099993.271802,udp_reflection
3864,1781099993.272641,udp_reflection
3865,1781099993.273805,udp_reflection
3866,1781099993.274960,udp_reflection
3867,1781099993.276188,udp_reflection
3868,1781099993.277171,udp_reflection
3869,1781099993.278096,udp_reflection
3870,1781099993.279072,udp_reflection
3871,1781099993.279842,udp_reflection
3872,1781099993.280862,normal
3873,1781099993.281896,udp_reflection
3874,1781099993.283134,udp_reflection
3875,1781099993.283910,udp_reflection
3876,1781099993.284635,udp_reflection
3877,1781099993.285599,udp_reflection
3878,1781099993.286594,udp_reflection
3879,1781099993.287180,udp_reflection
3880,1781099993.287910,udp_reflection
3881,1781099993.288828,udp_reflection
3882,1781099993.289745,udp_reflection
3883,1781099993.290822,normal
3884,1781099993.291676,udp_reflection
3885,1781099993.292430,udp_reflection
3886,1781099993.293343,udp_reflection
3887,1781099993.294543,normal
3888,1781099993.295540,udp_reflection
3889,1781099993.296672,udp_reflection
3890,1781099993.297637,udp_reflection
3891,1781099993.298649,udp_reflection
3892,1781099993.299769,normal
3893,1781099993.300614,udp_reflection
3894,1781099993.301441,udp_reflection
3895,1781099993.302193,udp_reflection
3896,1781099993.303354,udp_reflection
3897,1781099993.304263,udp_reflection
3898,1781099993.305093,normal
3899,1781099993.305937,udp_reflection
3900,1781099993.306573,udp_reflection
3901,1781099993.307624,udp_reflection
3902,1781099993.308533,udp_reflection
3903,1781099993.309590,udp_reflection
3904,1781099993.310756,udp_reflection
3905,1781099993.311789,normal
3906,1781099993.312541,udp_reflection
3907,1781099993.313336,udp_reflection
3908,1781099993.314389,udp_reflection
3909,1781099993.314913,normal
3910,1781099993.315851,normal
3911,1781099993.316869,udp_reflection
3912,1781099993.317702,normal
3913,1781099993.319339,udp_reflection
3914,1781099993.320181,udp_reflection
3915,1781099993.321126,udp_reflection
3916,1781099993.322332,udp_reflection
3917,1781099993.323045,udp_reflection
3918,1781099993.323949,udp_reflection
3919,1781099993.324822,udp_reflection
3920,1781099993.325670,udp_reflection
3921,1781099993.326456,udp_reflection
3922,1781099993.327339,udp_reflection
3923,1781099993.328036,udp_reflection
3924,1781099993.328540,udp_reflection
3925,1781099993.329225,udp_reflection
3926,1781099993.330032,udp_reflection
3927,1781099993.330902,udp_reflection
3928,1781099993.331750,normal
3929,1781099993.332743,udp_reflection
3930,1781099993.333754,udp_reflection
3931,1781099993.334754,udp_reflection
3932,1781099993.335620,udp_reflection
3933,1781099993.336758,udp_reflection
3934,1781099993.337653,udp_reflection
3935,1781099993.338562,normal
3936,1781099993.339343,udp_reflection
3937,1781099993.339977,udp_reflection
3938,1781099993.341180,udp_reflection
3939,1781099993.342240,udp_reflection
3940,1781099993.343425,udp_reflection
3941,1781099993.344489,udp_reflection
3942,1781099993.345201,udp_reflection
3943,1781099993.346188,udp_reflection
3944,1781099993.346904,udp_reflection
3945,1781099993.347722,udp_reflection
3946,1781099993.348689,udp_reflection
3947,1781099993.349689,udp_reflection
3948,1781099993.350587,udp_reflection
3949,1781099993.351431,udp_reflection
3950,1781099993.352455,udp_reflection
3951,1781099993.353409,udp_reflection
3952,1781099993.354192,udp_reflection
3953,1781099993.354978,udp_reflection
3954,1781099993.355928,udp_reflection
3955,1781099993.357254,udp_reflection
3956,1781099993.358352,udp_reflection
3957,1781099993.358955,udp_reflection
3958,1781099993.359558,udp_reflection
3959,1781099993.360127,udp_reflection
3960,1781099993.361009,udp_reflection
3961,1781099993.362084,udp_reflection
3962,1781099993.363006,udp_reflection
3963,1781099993.363870,udp_reflection
3964,1781099993.364820,normal
3965,1781099993.365750,udp_reflection
3966,1781099993.366603,udp_reflection
3967,1781099993.367563,udp_reflection
3968,1781099993.368570,udp_reflection
3969,1781099993.369531,udp_reflection
3970,1781099993.370487,udp_reflection
3971,1781099993.371338,udp_reflection
3972,1781099993.372271,udp_reflection
3973,1781099993.372928,udp_reflection
3974,1781099993.373796,udp_reflection
3975,1781099993.374314,udp_reflection
3976,1781099993.375188,udp_reflection
3977,1781099993.376218,udp_reflection
3978,1781099993.377000,udp_reflection
3979,1781099993.377959,normal
3980,1781099993.378907,udp_reflection
3981,1781099993.379550,udp_reflection
3982,1781099993.380181,udp_reflection
3983,1781099993.381243,udp_reflection
3984,1781099993.381866,udp_reflection
3985,1781099993.382800,udp_reflection
3986,1781099993.383642,udp_reflection
3987,1781099993.384573,udp_reflection
3988,1781099993.385524,udp_reflection
3989,1781099993.386388,udp_reflection
3990,1781099993.386909,udp_reflection
3991,1781099993.387489,udp_reflection
3992,1781099993.388339,udp_reflection
3993,1781099993.389040,udp_reflection
3994,1781099993.389821,udp_reflection
3995,1781099993.390752,udp_reflection
3996,1781099993.391509,udp_reflection
3997,1781099993.392267,udp_reflection
3998,1781099993.392936,udp_reflection
3999,1781099993.393831,udp_reflection
4000,1781099993.394340,udp_reflection
4001,1781099993.395301,udp_reflection
4002,1781099993.396302,udp_reflection
4003,1781099993.396979,udp_reflection
4004,1781099993.397563,udp_reflection
4005,1781099993.398367,udp_reflection
4006,1781099993.399376,udp_reflection
4007,1781099993.400390,udp_reflection
4008,1781099993.401218,udp_reflection
4009,1781099993.402278,udp_reflection
4010,1781099993.403217,udp_reflection
4011,1781099993.404239,udp_reflection
4012,1781099993.405039,udp_reflection
4013,1781099993.405813,udp_reflection
4014,1781099993.406469,udp_reflection
4015,1781099993.407425,udp_reflection
4016,1781099993.408520,udp_reflection
4017,1781099993.409209,udp_reflection
4018,1781099993.410414,udp_reflection
4019,1781099993.411235,udp_reflection
4020,1781099993.411909,udp_reflection
4021,1781099993.412731,udp_reflection
4022,1781099993.413429,udp_reflection
4023,1781099993.414129,udp_reflection
4024,1781099993.414969,udp_reflection
4025,1781099993.415631,udp_reflection
4026,1781099993.416648,udp_reflection
4027,1781099993.417545,udp_reflection
4028,1781099993.418852,udp_reflection
4029,1781099993.419649,udp_reflection
4030,1781099993.420512,udp_reflection
4031,1781099993.421308,udp_reflection
4032,1781099993.421939,udp_reflection
4033,1781099993.422612,udp_reflection
4034,1781099993.423411,udp_reflection
4035,1781099993.423872,udp_reflection
4036,1781099993.424575,udp_reflection
4037,1781099993.425279,udp_reflection
4038,1781099993.426163,udp_reflection
4039,1781099993.426884,udp_reflection
4040,1781099993.427548,udp_reflection
4041,1781099993.428373,udp_reflection
4042,1781099993.429157,udp_reflection
4043,1781099993.429992,udp_reflection
4044,1781099993.430601,udp_reflection
4045,1781099993.432030,udp_reflection
4046,1781099993.432605,udp_reflection
4047,1781099993.433238,udp_reflection
4048,1781099993.433912,udp_reflection
4049,1781099993.434948,udp_reflection
4050,1781099993.435739,udp_reflection
4051,1781099993.436418,udp_reflection
4052,1781099993.437321,udp_reflection
4053,1781099993.438387,udp_reflection
4054,1781099993.439216,udp_reflection
4055,1781099993.440169,udp_reflection
4056,1781099993.440706,udp_reflection
4057,1781099993.441482,udp_reflection
4058,1781099993.442430,udp_reflection
4059,1781099993.443118,udp_reflection
4060,1781099993.443674,udp_reflection
4061,1781099993.444628,udp_reflection
4062,1781099993.445228,udp_reflection
4063,1781099993.445969,udp_reflection
4064,1781099993.446937,normal
4065,1781099993.448088,udp_reflection
4066,1781099993.448606,udp_reflection
4067,1781099993.449423,udp_reflection
4068,1781099993.450071,udp_reflection
4069,1781099993.451073,udp_reflection
4070,1781099993.451584,udp_reflection
4071,1781099993.452246,udp_reflection
4072,1781099993.452763,udp_reflection
4073,1781099993.453688,udp_reflection
4074,1781099993.454804,udp_reflection
4075,1781099993.455863,udp_reflection
4076,1781099993.456773,udp_reflection
4077,1781099993.457172,udp_reflection
4078,1781099993.458315,udp_reflection
4079,1781099993.459253,udp_reflection
4080,1781099993.460288,udp_reflection
4081,1781099993.460942,udp_reflection
4082,1781099993.461551,udp_reflection
4083,1781099993.462510,udp_reflection
4084,1781099993.463878,normal
4085,1781099993.464650,udp_reflection
4086,1781099993.465294,udp_reflection
4087,1781099993.466235,udp_reflection
4088,1781099993.467366,udp_reflection
4089,1781099993.468138,udp_reflection
4090,1781099993.469016,udp_reflection
4091,1781099993.470121,udp_reflection
4092,1781099993.470749,udp_reflection
4093,1781099993.471446,udp_reflection
4094,1781099993.472448,udp_reflection
4095,1781099993.472934,udp_reflection
4096,1781099993.473814,udp_reflection
4097,1781099993.474342,udp_reflection
4098,1781099993.475159,udp_reflection
4099,1781099993.476248,udp_reflection
4100,1781099993.476977,udp_reflection
4101,1781099993.477688,udp_reflection
4102,1781099993.478402,udp_reflection
4103,1781099993.479241,udp_reflection
4104,1781099993.479923,udp_reflection
4105,1781099993.480712,udp_reflection
4106,1781099993.481680,udp_reflection
4107,1781099993.482728,udp_reflection
4108,1781099993.483331,udp_reflection
4109,1781099993.484103,udp_reflection
4110,1781099993.484842,udp_reflection
4111,1781099993.486028,udp_reflection
4112,1781099993.487034,udp_reflection
4113,1781099993.487955,udp_reflection
4114,1781099993.488923,udp_reflection
4115,1781099993.489843,udp_reflection
4116,1781099993.490419,udp_reflection
4117,1781099993.491286,udp_reflection
4118,1781099993.492024,udp_reflection
4119,1781099993.492679,udp_reflection
4120,1781099993.493419,udp_reflection
4121,1781099993.494450,udp_reflection
4122,1781099993.495246,udp_reflection
4123,1781099993.496060,normal
4124,1781099993.496884,udp_reflection
4125,1781099993.497521,udp_reflection
4126,1781099993.498412,udp_reflection
4127,1781099993.499260,udp_reflection
4128,1781099993.499881,udp_reflection
4129,1781099993.500911,udp_reflection
4130,1781099993.501580,udp_reflection
4131,1781099993.502304,udp_reflection
4132,1781099993.503428,udp_reflection
4133,1781099993.504673,udp_reflection
4134,1781099993.505954,udp_reflection
4135,1781099993.506727,udp_reflection
4136,1781099993.507586,udp_reflection
4137,1781099993.508401,udp_reflection
4138,1781099993.509278,udp_reflection
4139,1781099993.510497,udp_reflection
4140,1781099993.511127,udp_reflection
4141,1781099993.511922,udp_reflection
4142,1781099993.512532,udp_reflection
4143,1781099993.513212,udp_reflection
4144,1781099993.513957,normal
4145,1781099993.515031,udp_reflection
4146,1781099993.515867,udp_reflection
4147,1781099993.516527,udp_reflection
4148,1781099993.517247,udp_reflection
4149,1781099993.517802,udp_reflection
4150,1781099993.518961,udp_reflection
4151,1781099993.519613,udp_reflection
4152,1781099993.520392,udp_reflection
4153,1781099993.521154,udp_reflection
4154,1781099993.521677,udp_reflection
4155,1781099993.522612,udp_reflection
4156,1781099993.523640,udp_reflection
4157,1781099993.524252,udp_reflection
4158,1781099993.525299,udp_reflection
4159,1781099993.526284,udp_reflection
4160,1781099993.527214,udp_reflection
4161,1781099993.528054,udp_reflection
4162,1781099993.528664,udp_reflection
4163,1781099993.529230,udp_reflection
4164,1781099993.530077,udp_reflection
4165,1781099993.530752,udp_reflection
4166,1781099993.531385,udp_reflection
4167,1781099993.532484,udp_reflection
4168,1781099993.533097,udp_reflection
4169,1781099993.534255,udp_reflection
4170,1781099993.535038,udp_reflection
4171,1781099993.535506,udp_reflection
4172,1781099993.536543,udp_reflection
4173,1781099993.537504,normal
4174,1781099993.538481,udp_reflection
4175,1781099993.539535,udp_reflection
4176,1781099993.540162,udp_reflection
4177,1781099993.540803,udp_reflection
4178,1781099993.541879,udp_reflection
4179,1781099993.542714,udp_reflection
4180,1781099993.543337,udp_reflection
4181,1781099993.544041,udp_reflection
4182,1781099993.544662,udp_reflection
4183,1781099993.545206,udp_reflection
4184,1781099993.545878,udp_reflection
4185,1781099993.546589,udp_reflection
4186,1781099993.547034,udp_reflection
4187,1781099993.547666,udp_reflection
4188,1781099993.548405,udp_reflection
4189,1781099993.549462,udp_reflection
4190,1781099993.550045,normal
4191,1781099993.550983,udp_reflection
4192,1781099993.551596,udp_reflection
4193,1781099993.552145,udp_reflection
4194,1781099993.552846,udp_reflection
4195,1781099993.553563,udp_reflection
4196,1781099993.554561,udp_reflection
4197,1781099993.555448,udp_reflection
4198,1781099993.556223,udp_reflection
4199,1781099993.557011,udp_reflection
4200,1781099993.558119,normal
4201,1781099993.558670,udp_reflection
4202,1781099993.559523,udp_reflection
4203,1781099993.560117,udp_reflection
4204,1781099993.561152,udp_reflection
4205,1781099993.561785,udp_reflection
4206,1781099993.562703,udp_reflection
4207,1781099993.563712,udp_reflection
4208,1781099993.564785,udp_reflection
4209,1781099993.565404,udp_reflection
4210,1781099993.566343,udp_reflection
4211,1781099993.567298,udp_reflection
4212,1781099993.568242,normal
4213,1781099993.569007,udp_reflection
4214,1781099993.569967,udp_reflection
4215,1781099993.570799,udp_reflection
4216,1781099993.571732,udp_reflection
4217,1781099993.572639,udp_reflection
4218,1781099993.573112,udp_reflection
4219,1781099993.573761,udp_reflection
4220,1781099993.574589,udp_reflection
4221,1781099993.575187,udp_reflection
4222,1781099993.576343,udp_reflection
4223,1781099993.577491,udp_reflection
4224,1781099993.578268,udp_reflection
4225,1781099993.578991,udp_reflection
4226,1781099993.579610,udp_reflection
4227,1781099993.580105,udp_reflection
4228,1781099993.581218,udp_reflection
4229,1781099993.582342,udp_reflection
4230,1781099993.582991,udp_reflection
4231,1781099993.583866,udp_reflection
4232,1781099993.584663,udp_reflection
4233,1781099993.585303,normal
4234,1781099993.586030,udp_reflection
4235,1781099993.586791,udp_reflection
4236,1781099993.587452,udp_reflection
4237,1781099993.588377,udp_reflection
4238,1781099993.589119,udp_reflection
4239,1781099993.590125,udp_reflection
4240,1781099993.591100,udp_reflection
4241,1781099993.591938,udp_reflection
4242,1781099993.592686,udp_reflection
4243,1781099993.593329,udp_reflection
4244,1781099993.594002,udp_reflection
4245,1781099993.594679,udp_reflection
4246,1781099993.595516,udp_reflection
4247,1781099993.596269,udp_reflection
4248,1781099993.597211,udp_reflection
4249,1781099993.598002,udp_reflection
4250,1781099993.598533,udp_reflection
4251,1781099993.599192,udp_reflection
4252,1781099993.599984,udp_reflection
4253,1781099993.600635,udp_reflection
4254,1781099993.601166,udp_reflection
4255,1781099993.601879,udp_reflection
4256,1781099993.602661,udp_reflection
4257,1781099993.603342,udp_reflection
4258,1781099993.603969,udp_reflection
4259,1781099993.604519,udp_reflection
4260,1781099993.606003,udp_reflection
4261,1781099993.606775,udp_reflection
4262,1781099993.607569,udp_reflection
4263,1781099993.608124,udp_reflection
4264,1781099993.609045,udp_reflection
4265,1781099993.609830,udp_reflection
4266,1781099993.610526,udp_reflection
4267,1781099993.611326,udp_reflection
4268,1781099993.612426,udp_reflection
4269,1781099993.613220,udp_reflection
4270,1781099993.614225,udp_reflection
4271,1781099993.615149,udp_reflection
4272,1781099993.615701,udp_reflection
4273,1781099993.616569,udp_reflection
4274,1781099993.617132,normal
4275,1781099993.617736,udp_reflection
4276,1781099993.618443,udp_reflection
4277,1781099993.619600,udp_reflection
4278,1781099993.620277,udp_reflection
4279,1781099993.620959,udp_reflection
4280,1781099993.621968,udp_reflection
4281,1781099993.622790,udp_reflection
4282,1781099993.623475,udp_reflection
4283,1781099993.624045,udp_reflection
4284,1781099993.624825,udp_reflection
4285,1781099993.625593,udp_reflection
4286,1781099993.626576,udp_reflection
4287,1781099993.627285,udp_reflection
4288,1781099993.628000,normal
4289,1781099993.628613,udp_reflection
4290,1781099993.629965,udp_reflection
4291,1781099993.630632,udp_reflection
4292,1781099993.631414,udp_reflection
4293,1781099993.632099,udp_reflection
4294,1781099993.632967,udp_reflection
4295,1781099993.634043,udp_reflection
4296,1781099993.634782,udp_reflection
4297,1781099993.635614,udp_reflection
4298,1781099993.636165,udp_reflection
4299,1781099993.636873,udp_reflection
4300,1781099993.637489,udp_reflection
4301,1781099993.638099,udp_reflection
4302,1781099993.638943,udp_reflection
4303,1781099993.639815,udp_reflection
4304,1781099993.640728,udp_reflection
4305,1781099993.641379,udp_reflection
4306,1781099993.641933,udp_reflection
4307,1781099993.642572,udp_reflection
4308,1781099993.643607,udp_reflection
4309,1781099993.644334,udp_reflection
4310,1781099993.644975,normal
4311,1781099993.645672,udp_reflection
4312,1781099993.646335,udp_reflection
4313,1781099993.647276,udp_reflection
4314,1781099993.647726,udp_reflection
4315,1781099993.648269,udp_reflection
4316,1781099993.649224,udp_reflection
4317,1781099993.649905,udp_reflection
4318,1781099993.650583,udp_reflection
4319,1781099993.651268,udp_reflection
4320,1781099993.652117,udp_reflection
4321,1781099993.652667,udp_reflection
4322,1781099993.653496,udp_reflection
4323,1781099993.654505,udp_reflection
4324,1781099993.655116,udp_reflection
4325,1781099993.655939,normal
4326,1781099993.656862,udp_reflection
4327,1781099993.657635,udp_reflection
4328,1781099993.658293,udp_reflection
4329,1781099993.658927,udp_reflection
4330,1781099993.659678,udp_reflection
4331,1781099993.660444,udp_reflection
4332,1781099993.661510,udp_reflection
4333,1781099993.662238,normal
4334,1781099993.662856,udp_reflection
4335,1781099993.663688,udp_reflection
4336,1781099993.664529,udp_reflection
4337,1781099993.665279,normal
4338,1781099993.666032,udp_reflection
4339,1781099993.666518,udp_reflection
4340,1781099993.667211,udp_reflection
4341,1781099993.668105,udp_reflection
4342,1781099993.668676,udp_reflection
4343,1781099993.669226,udp_reflection
4344,1781099993.669804,udp_reflection
4345,1781099993.670582,udp_reflection
4346,1781099993.671288,udp_reflection
4347,1781099993.672052,udp_reflection
4348,1781099993.672610,udp_reflection
4349,1781099993.673454,udp_reflection
4350,1781099993.673990,udp_reflection
4351,1781099993.675400,udp_reflection
4352,1781099993.676006,udp_reflection
4353,1781099993.677003,udp_reflection
4354,1781099993.677693,udp_reflection
4355,1781099993.678406,udp_reflection
4356,1781099993.679119,udp_reflection
4357,1781099993.679801,udp_reflection
4358,1781099993.680355,udp_reflection
4359,1781099993.681055,normal
4360,1781099993.681720,udp_reflection
4361,1781099993.682699,udp_reflection
4362,1781099993.683460,udp_reflection
4363,1781099993.684270,normal
4364,1781099993.685390,udp_reflection
4365,1781099993.685940,udp_reflection
4366,1781099993.686719,normal
4367,1781099993.687178,normal
4368,1781099993.688295,udp_reflection
4369,1781099993.688897,normal
4370,1781099993.689764,udp_reflection
4371,1781099993.690479,udp_reflection
4372,1781099993.691085,udp_reflection
4373,1781099993.691838,normal
4374,1781099993.692616,udp_reflection
4375,1781099993.693732,udp_reflection
4376,1781099993.694278,udp_reflection
4377,1781099993.695147,udp_reflection
4378,1781099993.695772,udp_reflection
4379,1781099993.696473,udp_reflection
4380,1781099993.697086,normal
4381,1781099993.697869,normal
4382,1781099993.698615,udp_reflection
4383,1781099993.699295,udp_reflection
4384,1781099993.700184,udp_reflection
4385,1781099993.701069,udp_reflection
4386,1781099993.701793,udp_reflection
4387,1781099993.702416,udp_reflection
4388,1781099993.703369,udp_reflection
4389,1781099993.704186,udp_reflection
4390,1781099993.704944,udp_reflection
4391,1781099993.705626,udp_reflection
4392,1781099993.706182,normal
4393,1781099993.707008,udp_reflection
4394,1781099993.707519,normal
4395,1781099993.708176,normal
4396,1781099993.708705,udp_reflection
4397,1781099993.709415,udp_reflection
4398,1781099993.710128,udp_reflection
4399,1781099993.711056,udp_reflection
4400,1781099993.711732,udp_reflection
4401,1781099993.712589,udp_reflection
4402,1781099993.713204,udp_reflection
4403,1781099993.713958,udp_reflection
4404,1781099993.714792,udp_reflection
4405,1781099993.715554,udp_reflection
4406,1781099993.716501,udp_reflection
4407,1781099993.717244,udp_reflection
4408,1781099993.718000,udp_reflection
4409,1781099993.718806,udp_reflection
4410,1781099993.719620,udp_reflection
4411,1781099993.720635,normal
4412,1781099993.721106,udp_reflection
4413,1781099993.721860,udp_reflection
4414,1781099993.722847,udp_reflection
4415,1781099993.723490,udp_reflection
4416,1781099993.724486,udp_reflection
4417,1781099993.725271,udp_reflection
4418,1781099993.725962,udp_reflection
4419,1781099993.726710,udp_reflection
4420,1781099993.727520,udp_reflection
4421,1781099993.728215,udp_reflection
4422,1781099993.729188,udp_reflection
4423,1781099993.729794,udp_reflection
4424,1781099993.730505,udp_reflection
4425,1781099993.731009,udp_reflection
4426,1781099993.731976,udp_reflection
4427,1781099993.732717,udp_reflection
4428,1781099993.733394,udp_reflection
4429,1781099993.734554,udp_reflection
4430,1781099993.735368,udp_reflection
4431,1781099993.736068,udp_reflection
4432,1781099993.736918,udp_reflection
4433,1781099993.737774,udp_reflection
4434,1781099993.738671,udp_reflection
4435,1781099993.739212,normal
4436,1781099993.740034,udp_reflection
4437,1781099993.740681,normal
4438,1781099993.741564,udp_reflection
4439,1781099993.742203,udp_reflection
4440,1781099993.743017,normal
4441,1781099993.743690,normal
4442,1781099993.744648,udp_reflection
4443,1781099993.745459,udp_reflection
4444,1781099993.746287,udp_reflection
4445,1781099993.747433,udp_reflection
4446,1781099993.748055,normal
4447,1781099993.748985,udp_reflection
4448,1781099993.749648,udp_reflection
4449,1781099993.750351,udp_reflection
4450,1781099993.750858,udp_reflection
4451,1781099993.751560,udp_reflection
4452,1781099993.752391,udp_reflection
4453,1781099993.753312,udp_reflection
4454,1781099993.754246,normal
4455,1781099993.754736,normal
4456,1781099993.755350,normal
4457,1781099993.755877,udp_reflection
4458,1781099993.756428,udp_reflection
4459,1781099993.757497,udp_reflection
4460,1781099993.758321,udp_reflection
4461,1781099993.758901,udp_reflection
4462,1781099993.759728,udp_reflection
4463,1781099993.760474,udp_reflection
4464,1781099993.761070,udp_reflection
4465,1781099993.761477,udp_reflection
4466,1781099993.762208,udp_reflection
4467,1781099993.762957,udp_reflection
4468,1781099993.763627,udp_reflection
4469,1781099993.764326,udp_reflection
4470,1781099993.765221,udp_reflection
4471,1781099993.766027,normal
4472,1781099993.766830,udp_reflection
4473,1781099993.767883,udp_reflection
4474,1781099993.768450,udp_reflection
4475,1781099993.769051,udp_reflection
4476,1781099993.769782,normal
4477,1781099993.770467,normal
4478,1781099993.771008,udp_reflection
4479,1781099993.771620,udp_reflection
4480,1781099993.772110,udp_reflection
4481,1781099993.772594,udp_reflection
4482,1781099993.773603,normal
4483,1781099993.774365,normal
4484,1781099993.775203,udp_reflection
4485,1781099993.775797,udp_reflection
4486,1781099993.776664,udp_reflection
4487,1781099993.777516,normal
4488,1781099993.778018,udp_reflection
4489,1781099993.778946,udp_reflection
4490,1781099993.779621,udp_reflection
4491,1781099993.780140,normal
4492,1781099993.780834,udp_reflection
4493,1781099993.781978,normal
4494,1781099993.782708,udp_reflection
4495,1781099993.783345,udp_reflection
4496,1781099993.784044,udp_reflection
4497,1781099993.784779,udp_reflection
4498,1781099993.785354,udp_reflection
4499,1781099993.786005,normal
4500,1781099993.786575,udp_reflection
4501,1781099993.787515,normal
4502,1781099993.788451,udp_reflection
4503,1781099993.789149,normal
4504,1781099993.789829,udp_reflection
4505,1781099993.790892,normal
4506,1781099993.791404,udp_reflection
4507,1781099993.792292,udp_reflection
4508,1781099993.792750,normal
4509,1781099993.793534,udp_reflection
4510,1781099993.794255,udp_reflection
4511,1781099993.795163,udp_reflection
4512,1781099993.795708,udp_reflection
4513,1781099993.796916,udp_reflection
4514,1781099993.797813,udp_reflection
4515,1781099993.798609,udp_reflection
4516,1781099993.799314,udp_reflection
4517,1781099993.800127,udp_reflection
4518,1781099993.800675,udp_reflection
4519,1781099993.801160,normal
4520,1781099993.801960,udp_reflection
4521,1781099993.802741,udp_reflection
4522,1781099993.803423,udp_reflection
4523,1781099993.804088,normal
4524,1781099993.804749,udp_reflection
4525,1781099993.805737,udp_reflection
4526,1781099993.806286,normal
4527,1781099993.806797,udp_reflection
4528,1781099993.807208,udp_reflection
4529,1781099993.807789,udp_reflection
4530,1781099993.808521,udp_reflection
4531,1781099993.809175,udp_reflection
4532,1781099993.810064,udp_reflection
4533,1781099993.810852,udp_reflection
4534,1781099993.811527,udp_reflection
4535,1781099993.812063,udp_reflection
4536,1781099993.812924,udp_reflection
4537,1781099993.813499,udp_reflection
4538,1781099993.814220,udp_reflection
4539,1781099993.814963,udp_reflection
4540,1781099993.815980,normal
4541,1781099993.816490,udp_reflection
4542,1781099993.817230,udp_reflection
4543,1781099993.817851,normal
4544,1781099993.818305,udp_reflection
4545,1781099993.818910,udp_reflection
4546,1781099993.819419,udp_reflection
4547,1781099993.820111,udp_reflection
4548,1781099993.820799,udp_reflection
4549,1781099993.821449,udp_reflection
4550,1781099993.822094,normal
4551,1781099993.823132,normal
4552,1781099993.823851,udp_reflection
4553,1781099993.824596,normal
4554,1781099993.825357,normal
4555,1781099993.825767,normal
4556,1781099993.826486,normal
4557,1781099993.827147,udp_reflection
4558,1781099993.827911,udp_reflection
4559,1781099993.828692,udp_reflection
4560,1781099993.829364,normal
4561,1781099993.830018,normal
4562,1781099993.830780,udp_reflection
4563,1781099993.831607,udp_reflection
4564,1781099993.832319,normal
4565,1781099993.832880,udp_reflection
4566,1781099993.833452,udp_reflection
4567,1781099993.834040,udp_reflection
4568,1781099993.834963,udp_reflection
4569,1781099993.835777,udp_reflection
4570,1781099993.836581,udp_reflection
4571,1781099993.837007,udp_reflection
4572,1781099993.837550,udp_reflection
4573,1781099993.838251,udp_reflection
4574,1781099993.839340,normal
4575,1781099993.840220,normal
4576,1781099993.841094,udp_reflection
4577,1781099993.842214,udp_reflection
4578,1781099993.842925,udp_reflection
4579,1781099993.843451,normal
4580,1781099993.844163,normal
4581,1781099993.844952,udp_reflection
4582,1781099993.845743,udp_reflection
4583,1781099993.846378,udp_reflection
4584,1781099993.847257,udp_reflection
4585,1781099993.848052,udp_reflection
4586,1781099993.848729,udp_reflection
4587,1781099993.849417,udp_reflection
4588,1781099993.850085,udp_reflection
4589,1781099993.850727,udp_reflection
4590,1781099993.851668,udp_reflection
4591,1781099993.852261,normal
4592,1781099993.853386,normal
4593,1781099993.854180,udp_reflection
4594,1781099993.854839,normal
4595,1781099993.855854,udp_reflection
4596,1781099993.856485,udp_reflection
4597,1781099993.857137,udp_reflection
4598,1781099993.858051,udp_reflection
4599,1781099993.858834,udp_reflection
4600,1781099993.859732,normal
4601,1781099993.860561,udp_reflection
4602,1781099993.861035,udp_reflection
4603,1781099993.861639,udp_reflection
4604,1781099993.862301,normal
4605,1781099993.863186,normal
4606,1781099993.864326,udp_reflection
4607,1781099993.864979,udp_reflection
4608,1781099993.865930,udp_reflection
4609,1781099993.866606,normal
4610,1781099993.867513,udp_reflection
4611,1781099993.868939,normal
4612,1781099993.869722,normal
4613,1781099993.870425,udp_reflection
4614,1781099993.871077,udp_reflection
4615,1781099993.871827,udp_reflection
4616,1781099993.872475,normal
4617,1781099993.872953,udp_reflection
4618,1781099993.873895,udp_reflection
4619,1781099993.874682,normal
4620,1781099993.875478,udp_reflection
4621,1781099993.876436,normal
4622,1781099993.877169,udp_reflection
4623,1781099993.877607,udp_reflection
4624,1781099993.878239,udp_reflection
4625,1781099993.878973,udp_reflection
4626,1781099993.879855,udp_reflection
4627,1781099993.880488,udp_reflection
4628,1781099993.881215,udp_reflection
4629,1781099993.881917,udp_reflection
4630,1781099993.882904,udp_reflection
4631,1781099993.883673,udp_reflection
4632,1781099993.884120,udp_reflection
4633,1781099993.884827,normal
4634,1781099993.886005,udp_reflection
4635,1781099993.886805,udp_reflection
4636,1781099993.887367,normal
4637,1781099993.888049,udp_reflection
4638,1781099993.888967,udp_reflection
4639,1781099993.889668,udp_reflection
4640,1781099993.890346,udp_reflection
4641,1781099993.891218,udp_reflection
4642,1781099993.891656,udp_reflection
4643,1781099993.892193,udp_reflection
4644,1781099993.893216,udp_reflection
4645,1781099993.893883,udp_reflection
4646,1781099993.894501,udp_reflection
4647,1781099993.895015,udp_reflection
4648,1781099993.895572,udp_reflection
4649,1781099993.896066,normal
4650,1781099993.896954,normal
4651,1781099993.897555,udp_reflection
4652,1781099993.898174,normal
4653,1781099993.899004,normal
4654,1781099993.899571,udp_reflection
4655,1781099993.900233,normal
4656,1781099993.901303,normal
4657,1781099993.901882,udp_reflection
4658,1781099993.902817,udp_reflection
4659,1781099993.903374,udp_reflection
4660,1781099993.904212,udp_reflection
4661,1781099993.904800,udp_reflection
4662,1781099993.905477,udp_reflection
4663,1781099993.906175,udp_reflection
4664,1781099993.906933,normal
4665,1781099993.907692,normal
4666,1781099993.908157,normal
4667,1781099993.908634,normal
4668,1781099993.909331,udp_reflection
4669,1781099993.910204,udp_reflection
4670,1781099993.911020,udp_reflection
4671,1781099993.911489,udp_reflection
4672,1781099993.912316,udp_reflection
4673,1781099993.912992,normal
4674,1781099993.913522,udp_reflection
4675,1781099993.914305,udp_reflection
4676,1781099993.914683,udp_reflection
4677,1781099993.915225,udp_reflection
4678,1781099993.915774,udp_reflection
4679,1781099993.916476,udp_reflection
4680,1781099993.917236,normal
4681,1781099993.917847,udp_reflection
4682,1781099993.918554,udp_reflection
4683,1781099993.919076,normal
4684,1781099993.919680,normal
4685,1781099993.920258,udp_reflection
4686,1781099993.920986,udp_reflection
4687,1781099993.921697,udp_reflection
4688,1781099993.922256,normal
4689,1781099993.922710,udp_reflection
4690,1781099993.923348,normal
4691,1781099993.924268,udp_reflection
4692,1781099993.925306,udp_reflection
4693,1781099993.925959,udp_reflection
4694,1781099993.926750,udp_reflection
4695,1781099993.927403,udp_reflection
4696,1781099993.928385,udp_reflection
4697,1781099993.929111,udp_reflection
4698,1781099993.929957,udp_reflection
4699,1781099993.930881,udp_reflection
4700,1781099993.931532,udp_reflection
4701,1781099993.932151,normal
4702,1781099993.932958,udp_reflection
4703,1781099993.933511,udp_reflection
4704,1781099993.934029,udp_reflection
4705,1781099993.934796,udp_reflection
4706,1781099993.935623,normal
4707,1781099993.936464,udp_reflection
4708,1781099993.937050,udp_reflection
4709,1781099993.937923,udp_reflection
4710,1781099993.938685,udp_reflection
4711,1781099993.939213,udp_reflection
4712,1781099993.939938,udp_reflection
4713,1781099993.940583,udp_reflection
4714,1781099993.941604,normal
4715,1781099993.942442,udp_reflection
4716,1781099993.943227,udp_reflection
4717,1781099993.943798,normal
4718,1781099993.944867,udp_reflection
4719,1781099993.945591,udp_reflection
4720,1781099993.946332,normal
4721,1781099993.947273,normal
4722,1781099993.947758,udp_reflection
4723,1781099993.948549,normal
4724,1781099993.949408,udp_reflection
4725,1781099993.949801,normal
4726,1781099993.950486,udp_reflection
4727,1781099993.951055,udp_reflection
4728,1781099993.951711,udp_reflection
4729,1781099993.952428,udp_reflection
4730,1781099993.953221,normal
4731,1781099993.953738,udp_reflection
4732,1781099993.954569,udp_reflection
4733,1781099993.955081,udp_reflection
4734,1781099993.955671,udp_reflection
4735,1781099993.956402,normal
4736,1781099993.956936,udp_reflection
4737,1781099993.957560,udp_reflection
4738,1781099993.958402,udp_reflection
4739,1781099993.959043,udp_reflection
4740,1781099993.959607,udp_reflection
4741,1781099993.960328,udp_reflection
4742,1781099993.961089,udp_reflection
4743,1781099993.961737,normal
4744,1781099993.962265,udp_reflection
4745,1781099993.963435,udp_reflection
4746,1781099993.963985,udp_reflection
4747,1781099993.964550,udp_reflection
4748,1781099993.965332,udp_reflection
4749,1781099993.965867,udp_reflection
4750,1781099993.966626,udp_reflection
4751,1781099993.967266,udp_reflection
4752,1781099993.968009,udp_reflection
4753,1781099993.968553,udp_reflection
4754,1781099993.969289,udp_reflection
4755,1781099993.970019,udp_reflection
4756,1781099993.970680,udp_reflection
4757,1781099993.971501,normal
4758,1781099993.972008,udp_reflection
4759,1781099993.972824,udp_reflection
4760,1781099993.973558,udp_reflection
4761,1781099993.974746,normal
4762,1781099993.975544,udp_reflection
4763,1781099993.976122,udp_reflection
4764,1781099993.976720,normal
4765,1781099993.977368,udp_reflection
4766,1781099993.977883,udp_reflection
4767,1781099993.978650,udp_reflection
4768,1781099993.979755,normal
4769,1781099993.980397,udp_reflection
4770,1781099993.981078,normal
4771,1781099993.982319,udp_reflection
4772,1781099993.982982,udp_reflection
4773,1781099993.983583,udp_reflection
4774,1781099993.984426,udp_reflection
4775,1781099993.985679,udp_reflection
4776,1781099993.986275,udp_reflection
4777,1781099993.986839,udp_reflection
4778,1781099993.987646,udp_reflection
4779,1781099993.988428,normal
4780,1781099993.989102,udp_reflection
4781,1781099993.989721,udp_reflection
4782,1781099993.990481,udp_reflection
4783,1781099993.991127,udp_reflection
4784,1781099993.991616,udp_reflection
4785,1781099993.992276,udp_reflection
4786,1781099993.992922,udp_reflection
4787,1781099993.994139,udp_reflection
4788,1781099993.995118,udp_reflection
4789,1781099993.995623,normal
4790,1781099993.996460,normal
4791,1781099993.997276,udp_reflection
4792,1781099993.997966,udp_reflection
4793,1781099993.998903,udp_reflection
4794,1781099993.999424,udp_reflection
4795,1781099994.000015,normal
4796,1781099994.000663,normal
4797,1781099994.001693,udp_reflection
4798,1781099994.002627,udp_reflection
4799,1781099994.003040,normal
4800,1781099994.003738,normal
4801,1781099994.004438,normal
4802,1781099994.005217,normal
4803,1781099994.006127,udp_reflection
4804,1781099994.007013,udp_reflection
4805,1781099994.007668,udp_reflection
4806,1781099994.008396,normal
4807,1781099994.009063,normal
4808,1781099994.009549,udp_reflection
4809,1781099994.010372,udp_reflection
4810,1781099994.010833,udp_reflection
4811,1781099994.011628,normal
4812,1781099994.012483,udp_reflection
4813,1781099994.013483,udp_reflection
4814,1781099994.014313,udp_reflection
4815,1781099994.015232,udp_reflection
4816,1781099994.015934,udp_reflection
4817,1781099994.016856,udp_reflection
4818,1781099994.017615,udp_reflection
4819,1781099994.018304,udp_reflection
4820,1781099994.019074,udp_reflection
4821,1781099994.020095,udp_reflection
4822,1781099994.020643,udp_reflection
4823,1781099994.021356,normal
4824,1781099994.022150,normal
4825,1781099994.022890,normal
4826,1781099994.023550,normal
4827,1781099994.024093,udp_reflection
4828,1781099994.024649,udp_reflection
4829,1781099994.025169,udp_reflection
4830,1781099994.025791,udp_reflection
4831,1781099994.026388,udp_reflection
4832,1781099994.027146,udp_reflection
4833,1781099994.027826,normal
4834,1781099994.028949,udp_reflection
4835,1781099994.029425,normal
4836,1781099994.029945,normal
4837,1781099994.030673,udp_reflection
4838,1781099994.031196,udp_reflection
4839,1781099994.031791,udp_reflection
4840,1781099994.032385,udp_reflection
4841,1781099994.033285,normal
4842,1781099994.033916,udp_reflection
4843,1781099994.034494,normal
4844,1781099994.035427,udp_reflection
4845,1781099994.035884,udp_reflection
4846,1781099994.036662,udp_reflection
4847,1781099994.037306,udp_reflection
4848,1781099994.037955,udp_reflection
4849,1781099994.038449,udp_reflection
4850,1781099994.039250,normal
4851,1781099994.039858,udp_reflection
4852,1781099994.040500,udp_reflection
4853,1781099994.040944,normal
4854,1781099994.041835,udp_reflection
4855,1781099994.042537,udp_reflection
4856,1781099994.043119,udp_reflection
4857,1781099994.043815,udp_reflection
4858,1781099994.044481,udp_reflection
4859,1781099994.045237,udp_reflection
4860,1781099994.045863,udp_reflection
4861,1781099994.046493,udp_reflection
4862,1781099994.047038,udp_reflection
4863,1781099994.047917,udp_reflection
4864,1781099994.048696,udp_reflection
4865,1781099994.049397,udp_reflection
4866,1781099994.050156,udp_reflection
4867,1781099994.050837,normal
4868,1781099994.051506,normal
4869,1781099994.052075,udp_reflection
4870,1781099994.052655,udp_reflection
4871,1781099994.053042,udp_reflection
4872,1781099994.053638,udp_reflection
4873,1781099994.054332,udp_reflection
4874,1781099994.055564,udp_reflection
4875,1781099994.056336,udp_reflection
4876,1781099994.057102,normal
4877,1781099994.057582,udp_reflection
4878,1781099994.058706,udp_reflection
4879,1781099994.059282,normal
4880,1781099994.060121,udp_reflection
4881,1781099994.060732,udp_reflection
4882,1781099994.061564,udp_reflection
4883,1781099994.062137,udp_reflection
4884,1781099994.062596,udp_reflection
4885,1781099994.063165,udp_reflection
4886,1781099994.064364,udp_reflection
4887,1781099994.065118,normal
4888,1781099994.065826,udp_reflection
4889,1781099994.066457,udp_reflection
4890,1781099994.067127,udp_reflection
4891,1781099994.067852,normal
4892,1781099994.068457,udp_reflection
4893,1781099994.069081,udp_reflection
4894,1781099994.069741,normal
4895,1781099994.070303,udp_reflection
4896,1781099994.071095,udp_reflection
4897,1781099994.071533,udp_reflection
4898,1781099994.072275,udp_reflection
4899,1781099994.072998,udp_reflection
4900,1781099994.073501,udp_reflection
4901,1781099994.074281,udp_reflection
4902,1781099994.074792,normal
4903,1781099994.075438,udp_reflection
4904,1781099994.076279,udp_reflection
4905,1781099994.076870,udp_reflection
4906,1781099994.077570,udp_reflection
4907,1781099994.078197,udp_reflection
4908,1781099994.079047,udp_reflection
4909,1781099994.079875,udp_reflection
4910,1781099994.080523,udp_reflection
4911,1781099994.081234,udp_reflection
4912,1781099994.081835,udp_reflection
4913,1781099994.082807,normal
4914,1781099994.083513,udp_reflection
4915,1781099994.084107,udp_reflection
4916,1781099994.084680,udp_reflection
4917,1781099994.085646,udp_reflection
4918,1781099994.086385,udp_reflection
4919,1781099994.086956,udp_reflection
4920,1781099994.087623,udp_reflection
4921,1781099994.088537,udp_reflection
4922,1781099994.089358,udp_reflection
4923,1781099994.089834,normal
4924,1781099994.090488,normal
4925,1781099994.091067,udp_reflection
4926,1781099994.091556,normal
4927,1781099994.092279,normal
4928,1781099994.092848,udp_reflection
4929,1781099994.093438,udp_reflection
4930,1781099994.094254,udp_reflection
4931,1781099994.095133,normal
4932,1781099994.095726,udp_reflection
4933,1781099994.096212,normal
4934,1781099994.096864,udp_reflection
4935,1781099994.097429,udp_reflection
4936,1781099994.098197,udp_reflection
4937,1781099994.099386,normal
4938,1781099994.100469,udp_reflection
4939,1781099994.101501,normal
4940,1781099994.102263,normal
4941,1781099994.102917,udp_reflection
4942,1781099994.103625,udp_reflection
4943,1781099994.104316,udp_reflection
4944,1781099994.104987,udp_reflection
4945,1781099994.105589,udp_reflection
4946,1781099994.106268,normal
4947,1781099994.106950,normal
4948,1781099994.107987,udp_reflection
4949,1781099994.108970,udp_reflection
4950,1781099994.109819,normal
4951,1781099994.110590,udp_reflection
4952,1781099994.111034,udp_reflection
4953,1781099994.111817,udp_reflection
4954,1781099994.112400,normal
4955,1781099994.112849,udp_reflection
4956,1781099994.113231,udp_reflection
4957,1781099994.113976,udp_reflection
4958,1781099994.114798,udp_reflection
4959,1781099994.115228,udp_reflection
4960,1781099994.115811,udp_reflection
4961,1781099994.116521,udp_reflection
4962,1781099994.117283,udp_reflection
4963,1781099994.117978,udp_reflection
4964,1781099994.118650,udp_reflection
4965,1781099994.119807,normal
4966,1781099994.120423,udp_reflection
4967,1781099994.121062,udp_reflection
4968,1781099994.121661,udp_reflection
4969,1781099994.122438,udp_reflection
4970,1781099994.123128,normal
4971,1781099994.123794,udp_reflection
4972,1781099994.124754,normal
4973,1781099994.125503,normal
4974,1781099994.126281,udp_reflection
4975,1781099994.126941,udp_reflection
4976,1781099994.127612,udp_reflection
4977,1781099994.128112,udp_reflection
4978,1781099994.128819,udp_reflection
4979,1781099994.129560,normal
4980,1781099994.130438,udp_reflection
4981,1781099994.131138,udp_reflection
4982,1781099994.131851,udp_reflection
4983,1781099994.132696,normal
4984,1781099994.133298,udp_reflection
4985,1781099994.133818,normal
4986,1781099994.134560,udp_reflection
4987,1781099994.135299,udp_reflection
4988,1781099994.136093,udp_reflection
4989,1781099994.136776,normal
4990,1781099994.137683,udp_reflection
4991,1781099994.138584,normal
4992,1781099994.139364,normal
4993,1781099994.139859,normal
4994,1781099994.140447,normal
4995,1781099994.141029,udp_reflection
4996,1781099994.141664,udp_reflection
4997,1781099994.142183,udp_reflection
4998,1781099994.142887,udp_reflection
4999,1781099994.143637,udp_reflection
5000,1781099994.144181,udp_reflection
5001,1781099994.144839,udp_reflection
5002,1781099994.145858,udp_reflection
5003,1781099994.146405,udp_reflection
5004,1781099994.147028,udp_reflection
5005,1781099994.147453,udp_reflection
5006,1781099994.148325,udp_reflection
5007,1781099994.148943,normal
5008,1781099994.149707,udp_reflection
5009,1781099994.150890,udp_reflection
5010,1781099994.151575,udp_reflection
5011,1781099994.152380,udp_reflection
5012,1781099994.153030,normal
5013,1781099994.153742,normal
5014,1781099994.154616,udp_reflection
5015,1781099994.155115,normal
5016,1781099994.155656,normal
5017,1781099994.156330,normal
5018,1781099994.156971,udp_reflection
5019,1781099994.157954,udp_reflection
5020,1781099994.158792,udp_reflection
5021,1781099994.159563,normal
5022,1781099994.160191,udp_reflection
5023,1781099994.160987,udp_reflection
5024,1781099994.161631,udp_reflection
5025,1781099994.162550,udp_reflection
5026,1781099994.163089,udp_reflection
5027,1781099994.163972,udp_reflection
5028,1781099994.164647,udp_reflection
5029,1781099994.165324,udp_reflection
5030,1781099994.166056,udp_reflection
5031,1781099994.166845,normal
5032,1781099994.167646,udp_reflection
5033,1781099994.168309,udp_reflection
5034,1781099994.168885,udp_reflection
5035,1781099994.169573,udp_reflection
5036,1781099994.170315,udp_reflection
5037,1781099994.171056,udp_reflection
5038,1781099994.171656,udp_reflection
5039,1781099994.172423,udp_reflection
5040,1781099994.173365,udp_reflection
5041,1781099994.174251,udp_reflection
5042,1781099994.174927,udp_reflection
5043,1781099994.175589,udp_reflection
5044,1781099994.176368,udp_reflection
5045,1781099994.177052,udp_reflection
5046,1781099994.177536,udp_reflection
5047,1781099994.178083,udp_reflection
5048,1781099994.178827,normal
5049,1781099994.179664,udp_reflection
5050,1781099994.180269,normal
5051,1781099994.181126,normal
5052,1781099994.182079,udp_reflection
5053,1781099994.182749,udp_reflection
5054,1781099994.183374,udp_reflection
5055,1781099994.184022,udp_reflection
5056,1781099994.184629,udp_reflection
5057,1781099994.185260,udp_reflection
5058,1781099994.186185,normal
5059,1781099994.186715,normal
5060,1781099994.187277,udp_reflection
5061,1781099994.187945,normal
5062,1781099994.188748,normal
5063,1781099994.189634,udp_reflection
5064,1781099994.190249,udp_reflection
5065,1781099994.190881,udp_reflection
5066,1781099994.191665,udp_reflection
5067,1781099994.192607,udp_reflection
5068,1781099994.193187,normal
5069,1781099994.193863,udp_reflection
5070,1781099994.194628,udp_reflection
5071,1781099994.195303,udp_reflection
5072,1781099994.196242,udp_reflection
5073,1781099994.196829,udp_reflection
5074,1781099994.197524,normal
5075,1781099994.198186,normal
5076,1781099994.198741,udp_reflection
5077,1781099994.199526,normal
5078,1781099994.200017,udp_reflection
5079,1781099994.200600,udp_reflection
5080,1781099994.201097,udp_reflection
5081,1781099994.201652,udp_reflection
5082,1781099994.202339,udp_reflection
5083,1781099994.202909,normal
5084,1781099994.203328,udp_reflection
5085,1781099994.204211,normal
5086,1781099994.204971,udp_reflection
5087,1781099994.205588,udp_reflection
5088,1781099994.206085,udp_reflection
5089,1781099994.207013,udp_reflection
5090,1781099994.207804,normal
5091,1781099994.208537,udp_reflection
5092,1781099994.209359,udp_reflection
5093,1781099994.210192,udp_reflection
5094,1781099994.210776,udp_reflection
5095,1781099994.211400,udp_reflection
5096,1781099994.211957,udp_reflection
5097,1781099994.212844,udp_reflection
5098,1781099994.213721,udp_reflection
5099,1781099994.214635,udp_reflection
5100,1781099994.215379,normal
5101,1781099994.216033,normal
5102,1781099994.216694,udp_reflection
5103,1781099994.217549,udp_reflection
5104,1781099994.218399,udp_reflection
5105,1781099994.218940,udp_reflection
5106,1781099994.219707,udp_reflection
5107,1781099994.220295,udp_reflection
5108,1781099994.221010,udp_reflection
5109,1781099994.221600,udp_reflection
5110,1781099994.222317,normal
5111,1781099994.223204,normal
5112,1781099994.223849,udp_reflection
5113,1781099994.224503,normal
5114,1781099994.225103,udp_reflection
5115,1781099994.225780,normal
5116,1781099994.226307,normal
5117,1781099994.226813,udp_reflection
5118,1781099994.227359,udp_reflection
5119,1781099994.228042,udp_reflection
5120,1781099994.228767,udp_reflection
5121,1781099994.229554,udp_reflection
5122,1781099994.230416,udp_reflection
5123,1781099994.231139,udp_reflection
5124,1781099994.231889,normal
5125,1781099994.232486,udp_reflection
5126,1781099994.233320,udp_reflection
5127,1781099994.234101,normal
5128,1781099994.234778,udp_reflection
5129,1781099994.235603,udp_reflection
5130,1781099994.236470,normal
5131,1781099994.237131,udp_reflection
5132,1781099994.238017,udp_reflection
5133,1781099994.238722,udp_reflection
5134,1781099994.239501,udp_reflection
5135,1781099994.240108,udp_reflection
5136,1781099994.240824,udp_reflection
5137,1781099994.241566,udp_reflection
5138,1781099994.242618,udp_reflection
5139,1781099994.243484,udp_reflection
5140,1781099994.244190,udp_reflection
5141,1781099994.244886,udp_reflection
5142,1781099994.245714,udp_reflection
5143,1781099994.246272,udp_reflection
5144,1781099994.246979,normal
5145,1781099994.247656,udp_reflection
5146,1781099994.248376,udp_reflection
5147,1781099994.249442,normal
5148,1781099994.250266,udp_reflection
5149,1781099994.251079,udp_reflection
5150,1781099994.251925,udp_reflection
5151,1781099994.253137,udp_reflection
5152,1781099994.253756,udp_reflection
5153,1781099994.254820,udp_reflection
5154,1781099994.255631,udp_reflection
5155,1781099994.256688,udp_reflection
5156,1781099994.257494,udp_reflection
5157,1781099994.258232,normal
5158,1781099994.259032,udp_reflection
5159,1781099994.259528,normal
5160,1781099994.260335,normal
5161,1781099994.261042,udp_reflection
5162,1781099994.261828,udp_reflection
5163,1781099994.262323,udp_reflection
5164,1781099994.263123,udp_reflection
5165,1781099994.264254,udp_reflection
5166,1781099994.265009,udp_reflection
5167,1781099994.265562,udp_reflection
5168,1781099994.266273,udp_reflection
5169,1781099994.267492,udp_reflection
5170,1781099994.268363,normal
5171,1781099994.269319,normal
5172,1781099994.270217,udp_reflection
5173,1781099994.270935,udp_reflection
5174,1781099994.271523,udp_reflection
5175,1781099994.272451,udp_reflection
5176,1781099994.273000,udp_reflection
5177,1781099994.273610,udp_reflection
5178,1781099994.274371,udp_reflection
5179,1781099994.275453,normal
5180,1781099994.275986,normal
5181,1781099994.276602,udp_reflection
5182,1781099994.277401,normal
5183,1781099994.278222,normal
5184,1781099994.279138,udp_reflection
5185,1781099994.279858,udp_reflection
5186,1781099994.280696,normal
5187,1781099994.281588,udp_reflection
5188,1781099994.282341,udp_reflection
5189,1781099994.282895,udp_reflection
5190,1781099994.283957,udp_reflection
5191,1781099994.284888,udp_reflection
5192,1781099994.285706,udp_reflection
5193,1781099994.286302,udp_reflection
5194,1781099994.287225,normal
5195,1781099994.287823,udp_reflection
5196,1781099994.288556,udp_reflection
5197,1781099994.289267,normal
5198,1781099994.290204,udp_reflection
5199,1781099994.290894,normal
5200,1781099994.291556,udp_reflection
5201,1781099994.292138,udp_reflection
5202,1781099994.292864,udp_reflection
5203,1781099994.293724,udp_reflection
5204,1781099994.294443,udp_reflection
5205,1781099994.295158,udp_reflection
5206,1781099994.296169,udp_reflection
5207,1781099994.297320,udp_reflection
5208,1781099994.297973,udp_reflection
5209,1781099994.298987,udp_reflection
5210,1781099994.299548,udp_reflection
5211,1781099994.300232,udp_reflection
5212,1781099994.301017,udp_reflection
5213,1781099994.302117,udp_reflection
5214,1781099994.302928,udp_reflection
5215,1781099994.303488,normal
5216,1781099994.304332,udp_reflection
5217,1781099994.305217,udp_reflection
5218,1781099994.305999,normal
5219,1781099994.306923,normal
5220,1781099994.307536,normal
5221,1781099994.308335,udp_reflection
5222,1781099994.309155,normal
5223,1781099994.309863,udp_reflection
5224,1781099994.310631,normal
5225,1781099994.311480,udp_reflection
5226,1781099994.312293,udp_reflection
5227,1781099994.313192,normal
5228,1781099994.314023,udp_reflection
5229,1781099994.314614,normal
5230,1781099994.315163,udp_reflection
5231,1781099994.316086,normal
5232,1781099994.316692,udp_reflection
5233,1781099994.317444,normal
5234,1781099994.317856,normal
5235,1781099994.318471,udp_reflection
5236,1781099994.319341,udp_reflection
5237,1781099994.320073,normal
5238,1781099994.320668,udp_reflection
5239,1781099994.321457,normal
5240,1781099994.322403,normal
5241,1781099994.323234,normal
5242,1781099994.324247,udp_reflection
5243,1781099994.324831,normal
5244,1781099994.325760,udp_reflection
5245,1781099994.326355,normal
5246,1781099994.327075,udp_reflection
5247,1781099994.327610,normal
5248,1781099994.328209,udp_reflection
5249,1781099994.328930,normal
5250,1781099994.329795,udp_reflection
5251,1781099994.330586,udp_reflection
5252,1781099994.331572,normal
5253,1781099994.332097,udp_reflection
5254,1781099994.332688,udp_reflection
5255,1781099994.333374,udp_reflection
5256,1781099994.334221,udp_reflection
5257,1781099994.334838,udp_reflection
5258,1781099994.335404,normal
5259,1781099994.336272,udp_reflection
5260,1781099994.337301,normal
5261,1781099994.337806,normal
5262,1781099994.338645,udp_reflection
5263,1781099994.339367,udp_reflection
5264,1781099994.340055,udp_reflection
5265,1781099994.340814,normal
5266,1781099994.341736,udp_reflection
5267,1781099994.342457,udp_reflection
5268,1781099994.343211,udp_reflection
5269,1781099994.344100,udp_reflection
5270,1781099994.344665,udp_reflection
5271,1781099994.345314,udp_reflection
5272,1781099994.346067,udp_reflection
5273,1781099994.347062,normal
5274,1781099994.348179,udp_reflection
5275,1781099994.349075,udp_reflection
5276,1781099994.350154,udp_reflection
5277,1781099994.351205,udp_reflection
5278,1781099994.351659,udp_reflection
5279,1781099994.352371,udp_reflection
5280,1781099994.353102,udp_reflection
5281,1781099994.353807,udp_reflection
5282,1781099994.354704,udp_reflection
5283,1781099994.355392,udp_reflection
5284,1781099994.355989,normal
5285,1781099994.356460,udp_reflection
5286,1781099994.357098,udp_reflection
5287,1781099994.357830,udp_reflection
5288,1781099994.358646,udp_reflection
5289,1781099994.359497,udp_reflection
5290,1781099994.360217,udp_reflection
5291,1781099994.361058,udp_reflection
5292,1781099994.361782,udp_reflection
5293,1781099994.362846,udp_reflection
5294,1781099994.363492,udp_reflection
5295,1781099994.363990,normal
5296,1781099994.364629,udp_reflection
5297,1781099994.365298,udp_reflection
5298,1781099994.366261,udp_reflection
5299,1781099994.367207,normal
5300,1781099994.368010,udp_reflection
5301,1781099994.369050,udp_reflection
5302,1781099994.369774,normal
5303,1781099994.370342,udp_reflection
5304,1781099994.371211,normal
5305,1781099994.371936,udp_reflection
5306,1781099994.372633,normal
5307,1781099994.373361,udp_reflection
5308,1781099994.374043,udp_reflection
5309,1781099994.375065,udp_reflection
5310,1781099994.375718,udp_reflection
5311,1781099994.376669,udp_reflection
5312,1781099994.377185,udp_reflection
5313,1781099994.377831,udp_reflection
5314,1781099994.378808,normal
5315,1781099994.379745,udp_reflection
5316,1781099994.380604,udp_reflection
5317,1781099994.381176,udp_reflection
5318,1781099994.381811,normal
5319,1781099994.382395,udp_reflection
5320,1781099994.383273,udp_reflection
5321,1781099994.384377,normal
5322,1781099994.385194,normal
5323,1781099994.386100,udp_reflection
5324,1781099994.386992,udp_reflection
5325,1781099994.388034,udp_reflection
5326,1781099994.388679,udp_reflection
5327,1781099994.389288,udp_reflection
5328,1781099994.389933,udp_reflection
5329,1781099994.390614,udp_reflection
5330,1781099994.391565,udp_reflection
5331,1781099994.392606,udp_reflection
5332,1781099994.393347,udp_reflection
5333,1781099994.393999,udp_reflection
5334,1781099994.394843,udp_reflection
5335,1781099994.395390,udp_reflection
5336,1781099994.396014,udp_reflection
5337,1781099994.396921,udp_reflection
5338,1781099994.397572,udp_reflection
5339,1781099994.398433,udp_reflection
5340,1781099994.399153,normal
5341,1781099994.400088,udp_reflection
5342,1781099994.401678,udp_reflection
5343,1781099994.402544,udp_reflection
5344,1781099994.403250,normal
5345,1781099994.403927,normal
5346,1781099994.404751,normal
5347,1781099994.405883,udp_reflection
5348,1781099994.406717,udp_reflection
5349,1781099994.407428,udp_reflection
5350,1781099994.408171,udp_reflection
5351,1781099994.409101,udp_reflection
5352,1781099994.409825,udp_reflection
5353,1781099994.410633,udp_reflection
5354,1781099994.411225,udp_reflection
5355,1781099994.411816,udp_reflection
5356,1781099994.412341,udp_reflection
5357,1781099994.413364,udp_reflection
5358,1781099994.414426,udp_reflection
5359,1781099994.415339,udp_reflection
5360,1781099994.415877,udp_reflection
5361,1781099994.416513,udp_reflection
5362,1781099994.417680,udp_reflection
5363,1781099994.418353,udp_reflection
5364,1781099994.419502,udp_reflection
5365,1781099994.420638,udp_reflection
5366,1781099994.421467,normal
5367,1781099994.422007,normal
5368,1781099994.422711,udp_reflection
5369,1781099994.423275,udp_reflection
5370,1781099994.424082,udp_reflection
5371,1781099994.424868,udp_reflection
5372,1781099994.425510,udp_reflection
5373,1781099994.426308,udp_reflection
5374,1781099994.427081,udp_reflection
5375,1781099994.427925,udp_reflection
5376,1781099994.428620,udp_reflection
5377,1781099994.429288,udp_reflection
5378,1781099994.430173,udp_reflection
5379,1781099994.431082,normal
5380,1781099994.431749,normal
5381,1781099994.432443,normal
5382,1781099994.433033,udp_reflection
5383,1781099994.433953,udp_reflection
5384,1781099994.434707,udp_reflection
5385,1781099994.435410,normal
5386,1781099994.436116,normal
5387,1781099994.436728,udp_reflection
5388,1781099994.437586,udp_reflection
5389,1781099994.438255,udp_reflection
5390,1781099994.439080,normal
5391,1781099994.439762,udp_reflection
5392,1781099994.440719,udp_reflection
5393,1781099994.441260,udp_reflection
5394,1781099994.441922,normal
5395,1781099994.442652,normal
5396,1781099994.443172,udp_reflection
5397,1781099994.444148,normal
5398,1781099994.444983,udp_reflection
5399,1781099994.445684,udp_reflection
5400,1781099994.446498,udp_reflection
5401,1781099994.447336,udp_reflection
5402,1781099994.447906,udp_reflection
5403,1781099994.448611,udp_reflection
5404,1781099994.449163,normal
5405,1781099994.449675,udp_reflection
5406,1781099994.450264,udp_reflection
5407,1781099994.450928,udp_reflection
5408,1781099994.451699,udp_reflection
5409,1781099994.452754,normal
5410,1781099994.453618,udp_reflection
5411,1781099994.454605,udp_reflection
5412,1781099994.455709,udp_reflection
5413,1781099994.456335,udp_reflection
5414,1781099994.457159,udp_reflection
5415,1781099994.458254,normal
5416,1781099994.458795,udp_reflection
5417,1781099994.459594,normal
5418,1781099994.460763,udp_reflection
5419,1781099994.461632,udp_reflection
5420,1781099994.462578,normal
5421,1781099994.463626,udp_reflection
5422,1781099994.464458,udp_reflection
5423,1781099994.465371,normal
5424,1781099994.465969,udp_reflection
5425,1781099994.466722,udp_reflection
5426,1781099994.467376,udp_reflection
5427,1781099994.468178,udp_reflection
5428,1781099994.469046,udp_reflection
5429,1781099994.469661,udp_reflection
5430,1781099994.470760,udp_reflection
5431,1781099994.471393,normal
5432,1781099994.472506,udp_reflection
5433,1781099994.473236,udp_reflection
5434,1781099994.474036,udp_reflection
5435,1781099994.474621,udp_reflection
5436,1781099994.475542,udp_reflection
5437,1781099994.476205,udp_reflection
5438,1781099994.476944,udp_reflection
5439,1781099994.477777,udp_reflection
5440,1781099994.478652,normal
5441,1781099994.479345,udp_reflection
5442,1781099994.480642,normal
5443,1781099994.481447,udp_reflection
5444,1781099994.482039,normal
5445,1781099994.482803,udp_reflection
5446,1781099994.483632,udp_reflection
5447,1781099994.484985,normal
5448,1781099994.485644,udp_reflection
5449,1781099994.486717,udp_reflection
5450,1781099994.487628,normal
5451,1781099994.488161,udp_reflection
5452,1781099994.489254,udp_reflection
5453,1781099994.489822,normal
5454,1781099994.490751,udp_reflection
5455,1781099994.491591,udp_reflection
5456,1781099994.492227,udp_reflection
5457,1781099994.493262,udp_reflection
5458,1781099994.494432,udp_reflection
5459,1781099994.495170,udp_reflection
5460,1781099994.495726,normal
5461,1781099994.496520,udp_reflection
5462,1781099994.497563,udp_reflection
5463,1781099994.498300,udp_reflection
5464,1781099994.499192,udp_reflection
5465,1781099994.500108,normal
5466,1781099994.500753,normal
5467,1781099994.501338,udp_reflection
5468,1781099994.502179,udp_reflection
5469,1781099994.502840,udp_reflection
5470,1781099994.503609,normal
5471,1781099994.504095,normal
5472,1781099994.505141,normal
5473,1781099994.505738,udp_reflection
5474,1781099994.506554,udp_reflection
5475,1781099994.507356,udp_reflection
5476,1781099994.508036,normal
5477,1781099994.508582,normal
5478,1781099994.509317,udp_reflection
5479,1781099994.510118,udp_reflection
5480,1781099994.510885,udp_reflection
5481,1781099994.511700,udp_reflection
5482,1781099994.512707,udp_reflection
5483,1781099994.513378,udp_reflection
5484,1781099994.513986,normal
5485,1781099994.514764,udp_reflection
5486,1781099994.515865,udp_reflection
5487,1781099994.516521,udp_reflection
5488,1781099994.517486,udp_reflection
5489,1781099994.518297,udp_reflection
5490,1781099994.519071,udp_reflection
5491,1781099994.519732,udp_reflection
5492,1781099994.520485,udp_reflection
5493,1781099994.521526,udp_reflection
5494,1781099994.522323,udp_reflection
5495,1781099994.523339,udp_reflection
5496,1781099994.523966,udp_reflection
5497,1781099994.524630,udp_reflection
5498,1781099994.525248,udp_reflection
5499,1781099994.526099,udp_reflection
5500,1781099994.526916,udp_reflection
5501,1781099994.527741,udp_reflection
5502,1781099994.528574,udp_reflection
5503,1781099994.529231,udp_reflection
5504,1781099994.530289,normal
5505,1781099994.530957,udp_reflection
5506,1781099994.531687,udp_reflection
5507,1781099994.532589,udp_reflection
5508,1781099994.533467,udp_reflection
5509,1781099994.534287,udp_reflection
5510,1781099994.535214,udp_reflection
5511,1781099994.536468,normal
5512,1781099994.537345,udp_reflection
5513,1781099994.538141,udp_reflection
5514,1781099994.538942,udp_reflection
5515,1781099994.539740,udp_reflection
5516,1781099994.540822,normal
5517,1781099994.541644,normal
5518,1781099994.542319,normal
5519,1781099994.543573,udp_reflection
5520,1781099994.544366,udp_reflection
5521,1781099994.545171,udp_reflection
5522,1781099994.545746,udp_reflection
5523,1781099994.546698,udp_reflection
5524,1781099994.547547,udp_reflection
5525,1781099994.548128,udp_reflection
5526,1781099994.548735,udp_reflection
5527,1781099994.549576,normal
5528,1781099994.550380,udp_reflection
5529,1781099994.551317,normal
5530,1781099994.552171,normal
5531,1781099994.552826,udp_reflection
5532,1781099994.553470,udp_reflection
5533,1781099994.554339,udp_reflection
5534,1781099994.555222,udp_reflection
5535,1781099994.556408,udp_reflection
5536,1781099994.557424,udp_reflection
5537,1781099994.558194,udp_reflection
5538,1781099994.558877,udp_reflection
5539,1781099994.559654,normal
5540,1781099994.560577,udp_reflection
5541,1781099994.561662,udp_reflection
5542,1781099994.562808,udp_reflection
5543,1781099994.563860,udp_reflection
5544,1781099994.564586,udp_reflection
5545,1781099994.565386,normal
5546,1781099994.566428,udp_reflection
5547,1781099994.567143,udp_reflection
5548,1781099994.568108,udp_reflection
5549,1781099994.569489,udp_reflection
5550,1781099994.570282,udp_reflection
5551,1781099994.570992,udp_reflection
5552,1781099994.571996,udp_reflection
5553,1781099994.572894,normal
5554,1781099994.573819,normal
5555,1781099994.574676,udp_reflection
5556,1781099994.575533,udp_reflection
5557,1781099994.576305,udp_reflection
5558,1781099994.577398,udp_reflection
5559,1781099994.578244,udp_reflection
5560,1781099994.579397,udp_reflection
5561,1781099994.580391,udp_reflection
5562,1781099994.581034,udp_reflection
5563,1781099994.581664,udp_reflection
5564,1781099994.582340,udp_reflection
5565,1781099994.583237,udp_reflection
5566,1781099994.584172,normal
5567,1781099994.585148,normal
5568,1781099994.586096,udp_reflection
5569,1781099994.587176,udp_reflection
5570,1781099994.587947,udp_reflection
5571,1781099994.588886,udp_reflection
5572,1781099994.589905,udp_reflection
5573,1781099994.590812,udp_reflection
5574,1781099994.591537,udp_reflection
5575,1781099994.592410,udp_reflection
5576,1781099994.593642,udp_reflection
5577,1781099994.594585,udp_reflection
5578,1781099994.595350,normal
5579,1781099994.596261,udp_reflection
5580,1781099994.597018,normal
5581,1781099994.597836,udp_reflection
5582,1781099994.598943,normal
5583,1781099994.599633,udp_reflection
5584,1781099994.600308,udp_reflection
5585,1781099994.601156,udp_reflection
5586,1781099994.602488,udp_reflection
5587,1781099994.603627,udp_reflection
5588,1781099994.604300,udp_reflection
5589,1781099994.605001,normal
5590,1781099994.605914,udp_reflection
5591,1781099994.606685,udp_reflection
5592,1781099994.607892,udp_reflection
5593,1781099994.608765,normal
5594,1781099994.609531,udp_reflection
5595,1781099994.610409,udp_reflection
5596,1781099994.611135,udp_reflection
5597,1781099994.611987,udp_reflection
5598,1781099994.612735,udp_reflection
5599,1781099994.613517,udp_reflection
5600,1781099994.614048,udp_reflection
5601,1781099994.614887,udp_reflection
5602,1781099994.615684,udp_reflection
5603,1781099994.616793,udp_reflection
5604,1781099994.617610,udp_reflection
5605,1781099994.618340,udp_reflection
5606,1781099994.619258,udp_reflection
5607,1781099994.620041,udp_reflection
5608,1781099994.621005,udp_reflection
5609,1781099994.621792,normal
5610,1781099994.622477,udp_reflection
5611,1781099994.623811,udp_reflection
5612,1781099994.624600,udp_reflection
5613,1781099994.625629,udp_reflection
5614,1781099994.626660,udp_reflection
5615,1781099994.627498,udp_reflection
5616,1781099994.628379,udp_reflection
5617,1781099994.629208,udp_reflection
5618,1781099994.630084,udp_reflection
5619,1781099994.631005,udp_reflection
5620,1781099994.632120,udp_reflection
5621,1781099994.633276,udp_reflection
5622,1781099994.634158,udp_reflection
5623,1781099994.635184,udp_reflection
5624,1781099994.636029,udp_reflection
5625,1781099994.636942,udp_reflection
5626,1781099994.637776,udp_reflection
5627,1781099994.638300,udp_reflection
5628,1781099994.639274,udp_reflection
5629,1781099994.639940,udp_reflection
5630,1781099994.640587,udp_reflection
5631,1781099994.641433,normal
5632,1781099994.642085,udp_reflection
5633,1781099994.642961,udp_reflection
5634,1781099994.643807,normal
5635,1781099994.644477,udp_reflection
5636,1781099994.645247,udp_reflection
5637,1781099994.646146,udp_reflection
5638,1781099994.647065,udp_reflection
5639,1781099994.648493,udp_reflection
5640,1781099994.649503,udp_reflection
5641,1781099994.650058,udp_reflection
5642,1781099994.651177,udp_reflection
5643,1781099994.652080,udp_reflection
5644,1781099994.653168,udp_reflection
5645,1781099994.654132,udp_reflection
5646,1781099994.655155,udp_reflection
5647,1781099994.656158,normal
5648,1781099994.656853,udp_reflection
5649,1781099994.657604,udp_reflection
5650,1781099994.658869,udp_reflection
5651,1781099994.659822,udp_reflection
5652,1781099994.660606,udp_reflection
5653,1781099994.661495,udp_reflection
5654,1781099994.662303,udp_reflection
5655,1781099994.663283,udp_reflection
5656,1781099994.664055,udp_reflection
5657,1781099994.664968,udp_reflection
5658,1781099994.665841,udp_reflection
5659,1781099994.666585,udp_reflection
5660,1781099994.667481,udp_reflection
5661,1781099994.668610,udp_reflection
5662,1781099994.669402,normal
5663,1781099994.670248,udp_reflection
5664,1781099994.671138,udp_reflection
5665,1781099994.671923,udp_reflection
5666,1781099994.672631,udp_reflection
5667,1781099994.673719,udp_reflection
5668,1781099994.674637,normal
5669,1781099994.675276,udp_reflection
5670,1781099994.676060,udp_reflection
5671,1781099994.676719,normal
5672,1781099994.677542,udp_reflection
5673,1781099994.678596,udp_reflection
5674,1781099994.679522,udp_reflection
5675,1781099994.680541,udp_reflection
5676,1781099994.681494,normal
5677,1781099994.682637,udp_reflection
5678,1781099994.683390,udp_reflection
5679,1781099994.684192,udp_reflection
5680,1781099994.684961,udp_reflection
5681,1781099994.686150,udp_reflection
5682,1781099994.686875,udp_reflection
5683,1781099994.687615,udp_reflection
5684,1781099994.688721,udp_reflection
5685,1781099994.689650,udp_reflection
5686,1781099994.690484,udp_reflection
5687,1781099994.691411,udp_reflection
5688,1781099994.692473,udp_reflection
5689,1781099994.693601,udp_reflection
5690,1781099994.694455,udp_reflection
5691,1781099994.695175,udp_reflection
5692,1781099994.696188,udp_reflection
5693,1781099994.696800,udp_reflection
5694,1781099994.697410,udp_reflection
5695,1781099994.698417,udp_reflection
5696,1781099994.699667,udp_reflection
5697,1781099994.700613,udp_reflection
5698,1781099994.701341,udp_reflection
5699,1781099994.702206,udp_reflection
5700,1781099994.703486,udp_reflection
5701,1781099994.704343,udp_reflection
5702,1781099994.705798,udp_reflection
5703,1781099994.706746,udp_reflection
5704,1781099994.707701,udp_reflection
5705,1781099994.708595,udp_reflection
5706,1781099994.709734,udp_reflection
5707,1781099994.710980,udp_reflection
5708,1781099994.712162,udp_reflection
5709,1781099994.713696,normal
5710,1781099994.714658,udp_reflection
5711,1781099994.716084,udp_reflection
5712,1781099994.716826,udp_reflection
5713,1781099994.718029,normal
5714,1781099994.718613,udp_reflection
5715,1781099994.719316,udp_reflection
5716,1781099994.720312,udp_reflection
5717,1781099994.721155,udp_reflection
5718,1781099994.721974,udp_reflection
5719,1781099994.723006,udp_reflection
5720,1781099994.723935,udp_reflection
5721,1781099994.725100,udp_reflection
5722,1781099994.725770,udp_reflection
5723,1781099994.726696,udp_reflection
5724,1781099994.727605,udp_reflection
5725,1781099994.728768,udp_reflection
5726,1781099994.729518,udp_reflection
5727,1781099994.730325,udp_reflection
5728,1781099994.731147,udp_reflection
5729,1781099994.732063,udp_reflection
5730,1781099994.733206,udp_reflection
5731,1781099994.734205,udp_reflection
5732,1781099994.735174,udp_reflection
5733,1781099994.736037,udp_reflection
5734,1781099994.736762,udp_reflection
5735,1781099994.737805,udp_reflection
5736,1781099994.738479,udp_reflection
5737,1781099994.739291,udp_reflection
5738,1781099994.740020,udp_reflection
5739,1781099994.741047,normal
5740,1781099994.742151,udp_reflection
5741,1781099994.743217,udp_reflection
5742,1781099994.743832,udp_reflection
5743,1781099994.744491,udp_reflection
5744,1781099994.745238,udp_reflection
5745,1781099994.746206,udp_reflection
5746,1781099994.747034,udp_reflection
5747,1781099994.747829,udp_reflection
5748,1781099994.748832,udp_reflection
5749,1781099994.749859,udp_reflection
5750,1781099994.751076,udp_reflection
5751,1781099994.752122,udp_reflection
5752,1781099994.752824,udp_reflection
5753,1781099994.753873,udp_reflection
5754,1781099994.755008,udp_reflection
5755,1781099994.756014,udp_reflection
5756,1781099994.757066,normal
5757,1781099994.757852,udp_reflection
5758,1781099994.758869,udp_reflection
5759,1781099994.760173,udp_reflection
5760,1781099994.761121,udp_reflection
5761,1781099994.762191,udp_reflection
5762,1781099994.763078,udp_reflection
5763,1781099994.763946,udp_reflection
5764,1781099994.764866,udp_reflection
5765,1781099994.765841,udp_reflection
5766,1781099994.766854,udp_reflection
5767,1781099994.767740,udp_reflection
5768,1781099994.768790,udp_reflection
5769,1781099994.769689,udp_reflection
5770,1781099994.770506,normal
5771,1781099994.770978,udp_reflection
5772,1781099994.771938,udp_reflection
5773,1781099994.772493,udp_reflection
5774,1781099994.773465,udp_reflection
5775,1781099994.774567,udp_reflection
5776,1781099994.775536,udp_reflection
5777,1781099994.776204,udp_reflection
5778,1781099994.777302,udp_reflection
5779,1781099994.778369,udp_reflection
5780,1781099994.779609,udp_reflection
5781,1781099994.780282,udp_reflection
5782,1781099994.781398,udp_reflection
5783,1781099994.782159,udp_reflection
5784,1781099994.782996,udp_reflection
5785,1781099994.783838,udp_reflection
5786,1781099994.784713,udp_reflection
5787,1781099994.785699,udp_reflection
5788,1781099994.786569,udp_reflection
5789,1781099994.787436,udp_reflection
5790,1781099994.788610,udp_reflection
5791,1781099994.789470,udp_reflection
5792,1781099994.790702,udp_reflection
5793,1781099994.792525,udp_reflection
5794,1781099994.793599,udp_reflection
5795,1781099994.794400,udp_reflection
5796,1781099994.795478,udp_reflection
5797,1781099994.796784,normal
5798,1781099994.797909,udp_reflection
5799,1781099994.798639,udp_reflection
5800,1781099994.800061,udp_reflection
5801,1781099994.801018,udp_reflection
5802,1781099994.802055,udp_reflection
5803,1781099994.802972,udp_reflection
5804,1781099994.803691,udp_reflection
5805,1781099994.804880,udp_reflection
5806,1781099994.805702,udp_reflection
5807,1781099994.806517,udp_reflection
5808,1781099994.807281,udp_reflection
5809,1781099994.807937,udp_reflection
5810,1781099994.808629,udp_reflection
5811,1781099994.809687,udp_reflection
5812,1781099994.811028,udp_reflection
5813,1781099994.811792,udp_reflection
5814,1781099994.813411,udp_reflection
5815,1781099994.814463,udp_reflection
5816,1781099994.815830,udp_reflection
5817,1781099994.816996,udp_reflection
5818,1781099994.818067,normal
5819,1781099994.818923,udp_reflection
5820,1781099994.819986,udp_reflection
5821,1781099994.820857,udp_reflection
5822,1781099994.822174,udp_reflection
5823,1781099994.823287,udp_reflection
5824,1781099994.824261,udp_reflection
5825,1781099994.825264,udp_reflection
5826,1781099994.826433,udp_reflection
5827,1781099994.827169,udp_reflection
5828,1781099994.827998,udp_reflection
5829,1781099994.828766,udp_reflection
5830,1781099994.829997,normal
5831,1781099994.831170,normal
5832,1781099994.831980,udp_reflection
5833,1781099994.832953,udp_reflection
5834,1781099994.834213,normal
5835,1781099994.835288,udp_reflection
5836,1781099994.836326,udp_reflection
5837,1781099994.837393,udp_reflection
5838,1781099994.838334,udp_reflection
5839,1781099994.839074,udp_reflection
5840,1781099994.840101,udp_reflection
5841,1781099994.840888,normal
5842,1781099994.842017,udp_reflection
5843,1781099994.843220,normal
5844,1781099994.844084,udp_reflection
5845,1781099994.845247,udp_reflection
5846,1781099994.846358,udp_reflection
5847,1781099994.847393,udp_reflection
5848,1781099994.848386,udp_reflection
5849,1781099994.849630,udp_reflection
5850,1781099994.850980,udp_reflection
5851,1781099994.851947,udp_reflection
5852,1781099994.852963,udp_reflection
5853,1781099994.853758,udp_reflection
5854,1781099994.854621,udp_reflection
5855,1781099994.855933,udp_reflection
5856,1781099994.856895,udp_reflection
5857,1781099994.857980,udp_reflection
5858,1781099994.859007,udp_reflection
5859,1781099994.860032,udp_reflection
5860,1781099994.860835,udp_reflection
5861,1781099994.861684,udp_reflection
5862,1781099994.862615,udp_reflection
5863,1781099994.863287,udp_reflection
5864,1781099994.864191,udp_reflection
5865,1781099994.864951,udp_reflection
5866,1781099994.866324,udp_reflection
5867,1781099994.867981,udp_reflection
5868,1781099994.868805,udp_reflection
5869,1781099994.869750,udp_reflection
5870,1781099994.870921,udp_reflection
5871,1781099994.872023,udp_reflection
5872,1781099994.873137,udp_reflection
5873,1781099994.873962,udp_reflection
5874,1781099994.874609,udp_reflection
5875,1781099994.875449,udp_reflection
5876,1781099994.876983,udp_reflection
5877,1781099994.878514,udp_reflection
5878,1781099994.879704,udp_reflection
5879,1781099994.880568,udp_reflection
5880,1781099994.881537,udp_reflection
5881,1781099994.882748,udp_reflection
5882,1781099994.883890,udp_reflection
5883,1781099994.884578,udp_reflection
5884,1781099994.885507,udp_reflection
5885,1781099994.886919,normal
5886,1781099994.888329,udp_reflection
5887,1781099994.889606,udp_reflection
5888,1781099994.890476,udp_reflection
5889,1781099994.891557,udp_reflection
5890,1781099994.892322,udp_reflection
5891,1781099994.893552,udp_reflection
5892,1781099994.894907,udp_reflection
5893,1781099994.895934,udp_reflection
5894,1781099994.897031,udp_reflection
5895,1781099994.898141,udp_reflection
5896,1781099994.899079,udp_reflection
5897,1781099994.899966,udp_reflection
5898,1781099994.901180,udp_reflection
5899,1781099994.902511,udp_reflection
5900,1781099994.903183,udp_reflection
5901,1781099994.904245,udp_reflection
5902,1781099994.905353,udp_reflection
5903,1781099994.906526,udp_reflection
5904,1781099994.907928,udp_reflection
5905,1781099994.909060,udp_reflection
5906,1781099994.910536,udp_reflection
5907,1781099994.911571,udp_reflection
5908,1781099994.912534,udp_reflection
5909,1781099994.913618,udp_reflection
5910,1781099994.914945,udp_reflection
5911,1781099994.915834,udp_reflection
5912,1781099994.916743,udp_reflection
5913,1781099994.918067,udp_reflection
5914,1781099994.919085,udp_reflection
5915,1781099994.920299,udp_reflection
5916,1781099994.921179,udp_reflection
5917,1781099994.922033,udp_reflection
5918,1781099994.923073,udp_reflection
5919,1781099994.924251,udp_reflection
5920,1781099994.925133,udp_reflection
5921,1781099994.926016,udp_reflection
5922,1781099994.927422,udp_reflection
5923,1781099994.928417,udp_reflection
5924,1781099994.929064,udp_reflection
5925,1781099994.930081,udp_reflection
5926,1781099994.931100,udp_reflection
5927,1781099994.932137,udp_reflection
5928,1781099994.933516,udp_reflection
5929,1781099994.934770,udp_reflection
5930,1781099994.935933,udp_reflection
5931,1781099994.937492,udp_reflection
5932,1781099994.938553,udp_reflection
5933,1781099994.939856,udp_reflection
5934,1781099994.940735,udp_reflection
5935,1781099994.941932,udp_reflection
5936,1781099994.942942,udp_reflection
5937,1781099994.943751,udp_reflection
5938,1781099994.944577,udp_reflection
5939,1781099994.945649,udp_reflection
5940,1781099994.946869,udp_reflection
5941,1781099994.948050,udp_reflection
5942,1781099994.948864,udp_reflection
5943,1781099994.949987,udp_reflection
5944,1781099994.951602,udp_reflection
5945,1781099994.953306,udp_reflection
5946,1781099994.954260,udp_reflection
5947,1781099994.955083,udp_reflection
5948,1781099994.956012,udp_reflection
5949,1781099994.957097,udp_reflection
5950,1781099994.958022,udp_reflection
5951,1781099994.959443,udp_reflection
5952,1781099994.960399,udp_reflection
5953,1781099994.961381,udp_reflection
5954,1781099994.962873,udp_reflection
5955,1781099994.963855,udp_reflection
5956,1781099994.965072,udp_reflection
5957,1781099994.966598,udp_reflection
5958,1781099994.967551,udp_reflection
5959,1781099994.968745,udp_reflection
5960,1781099994.969774,udp_reflection
5961,1781099994.970881,udp_reflection
5962,1781099994.971809,udp_reflection
5963,1781099994.972971,udp_reflection
5964,1781099994.973799,udp_reflection
5965,1781099994.974705,udp_reflection
5966,1781099994.975551,udp_reflection
5967,1781099994.976657,udp_reflection
5968,1781099994.977707,udp_reflection
5969,1781099994.978616,udp_reflection
5970,1781099994.979745,udp_reflection
5971,1781099994.980641,udp_reflection
5972,1781099994.981860,udp_reflection
5973,1781099994.982791,udp_reflection
5974,1781099994.983969,udp_reflection
5975,1781099994.985075,udp_reflection
5976,1781099994.986206,udp_reflection
5977,1781099994.987092,udp_reflection
5978,1781099994.988094,udp_reflection
5979,1781099994.989458,udp_reflection
5980,1781099994.991199,udp_reflection
5981,1781099994.992410,udp_reflection
5982,1781099994.993327,udp_reflection
5983,1781099994.994188,udp_reflection
5984,1781099994.995394,udp_reflection
5985,1781099994.996542,udp_reflection
5986,1781099994.997429,udp_reflection
5987,1781099994.998850,udp_reflection
5988,1781099994.999909,udp_reflection
5989,1781099995.000962,udp_reflection
5990,1781099995.001895,udp_reflection
5991,1781099995.002947,udp_reflection
5992,1781099995.004311,udp_reflection
5993,1781099995.005325,udp_reflection
5994,1781099995.006460,udp_reflection
5995,1781099995.008169,udp_reflection
5996,1781099995.009002,udp_reflection
5997,1781099995.010123,udp_reflection
5998,1781099995.011434,udp_reflection
5999,1781099995.013036,udp_reflection
6000,1781099995.014383,udp_reflection
6001,1781099995.016194,udp_reflection
6002,1781099995.017153,udp_reflection
6003,1781099995.019033,udp_reflection
6004,1781099995.020290,udp_reflection
6005,1781099995.022100,udp_reflection
6006,1781099995.023432,udp_reflection
6007,1781099995.024492,udp_reflection
6008,1781099995.025564,udp_reflection
6009,1781099995.026861,udp_reflection
6010,1781099995.027983,udp_reflection
6011,1781099995.028686,udp_reflection
6012,1781099995.029834,udp_reflection
6013,1781099995.031024,udp_reflection
6014,1781099995.032063,udp_reflection
6015,1781099995.033114,udp_reflection
6016,1781099995.033985,udp_reflection
6017,1781099995.035211,udp_reflection
6018,1781099995.036644,udp_reflection
6019,1781099995.037232,udp_reflection
6020,1781099995.038489,udp_reflection
6021,1781099995.039448,udp_reflection
6022,1781099995.040591,udp_reflection
6023,1781099995.041657,udp_reflection
6024,1781099995.042857,udp_reflection
6025,1781099995.044319,udp_reflection
6026,1781099995.045667,udp_reflection
6027,1781099995.046983,udp_reflection
6028,1781099995.048314,udp_reflection
6029,1781099995.049586,udp_reflection
6030,1781099995.050615,udp_reflection
6031,1781099995.051697,udp_reflection
6032,1781099995.052595,udp_reflection
6033,1781099995.053770,udp_reflection
6034,1781099995.054795,udp_reflection
6035,1781099995.056195,udp_reflection
6036,1781099995.057125,udp_reflection
6037,1781099995.058352,udp_reflection
6038,1781099995.059482,udp_reflection
6039,1781099995.060378,udp_reflection
6040,1781099995.061419,udp_reflection
6041,1781099995.062750,udp_reflection
6042,1781099995.063780,udp_reflection
6043,1781099995.064916,udp_reflection
6044,1781099995.065768,udp_reflection
6045,1781099995.067058,udp_reflection
6046,1781099995.068087,udp_reflection
6047,1781099995.069214,udp_reflection
6048,1781099995.070112,udp_reflection
6049,1781099995.071060,udp_reflection
6050,1781099995.072031,udp_reflection
6051,1781099995.072657,udp_reflection
6052,1781099995.073947,normal
6053,1781099995.075457,udp_reflection
6054,1781099995.076872,udp_reflection
6055,1781099995.077784,udp_reflection
6056,1781099995.078954,udp_reflection
6057,1781099995.080318,udp_reflection
6058,1781099995.081233,udp_reflection
6059,1781099995.082511,udp_reflection
6060,1781099995.083565,udp_reflection
6061,1781099995.084647,udp_reflection
6062,1781099995.085438,udp_reflection
6063,1781099995.086376,udp_reflection
6064,1781099995.087627,udp_reflection
6065,1781099995.088889,udp_reflection
6066,1781099995.090147,udp_reflection
6067,1781099995.091179,udp_reflection
6068,1781099995.092084,udp_reflection
6069,1781099995.093151,udp_reflection
6070,1781099995.094484,udp_reflection
6071,1781099995.095834,udp_reflection
6072,1781099995.096799,udp_reflection
6073,1781099995.098461,udp_reflection
6074,1781099995.100019,udp_reflection
6075,1781099995.100951,udp_reflection
6076,1781099995.102035,udp_reflection
6077,1781099995.103167,udp_reflection
6078,1781099995.104234,udp_reflection
6079,1781099995.105218,udp_reflection
6080,1781099995.106454,udp_reflection
6081,1781099995.107378,udp_reflection
6082,1781099995.108495,udp_reflection
6083,1781099995.109512,udp_reflection
6084,1781099995.110646,udp_reflection
6085,1781099995.111734,udp_reflection
6086,1781099995.112571,udp_reflection
6087,1781099995.114017,udp_reflection
6088,1781099995.115544,udp_reflection
6089,1781099995.116738,udp_reflection
6090,1781099995.118029,udp_reflection
6091,1781099995.119368,udp_reflection
6092,1781099995.120504,udp_reflection
6093,1781099995.121558,udp_reflection
6094,1781099995.122761,udp_reflection
6095,1781099995.123786,udp_reflection
6096,1781099995.124807,udp_reflection
6097,1781099995.125665,udp_reflection
6098,1781099995.126804,udp_reflection
6099,1781099995.128278,udp_reflection
6100,1781099995.129768,udp_reflection
6101,1781099995.131083,udp_reflection
6102,1781099995.132306,udp_reflection
6103,1781099995.133713,udp_reflection
6104,1781099995.134600,udp_reflection
6105,1781099995.136038,udp_reflection
6106,1781099995.137142,udp_reflection
6107,1781099995.138461,udp_reflection
6108,1781099995.139925,udp_reflection
6109,1781099995.141127,udp_reflection
6110,1781099995.142155,udp_reflection
6111,1781099995.143294,udp_reflection
6112,1781099995.144290,udp_reflection
6113,1781099995.145446,udp_reflection
6114,1781099995.146982,udp_reflection
6115,1781099995.148008,udp_reflection
6116,1781099995.148898,udp_reflection
6117,1781099995.150442,udp_reflection
6118,1781099995.151513,udp_reflection
6119,1781099995.152628,udp_reflection
6120,1781099995.153705,udp_reflection
6121,1781099995.155405,udp_reflection
6122,1781099995.156409,udp_reflection
6123,1781099995.157635,udp_reflection
6124,1781099995.159007,udp_reflection
6125,1781099995.160261,udp_reflection
6126,1781099995.161889,udp_reflection
6127,1781099995.163413,udp_reflection
6128,1781099995.164614,udp_reflection
6129,1781099995.165357,udp_reflection
6130,1781099995.167400,udp_reflection
6131,1781099995.168536,udp_reflection
6132,1781099995.170092,udp_reflection
6133,1781099995.171032,udp_reflection
6134,1781099995.172308,udp_reflection
6135,1781099995.173421,udp_reflection
6136,1781099995.174490,udp_reflection
6137,1781099995.175766,udp_reflection
6138,1781099995.176545,udp_reflection
6139,1781099995.178237,udp_reflection
6140,1781099995.179042,udp_reflection
6141,1781099995.180372,udp_reflection
6142,1781099995.181467,udp_reflection
6143,1781099995.183014,udp_reflection
6144,1781099995.184597,udp_reflection
6145,1781099995.185815,udp_reflection
6146,1781099995.186720,udp_reflection
6147,1781099995.187956,udp_reflection
6148,1781099995.188830,udp_reflection
6149,1781099995.190230,udp_reflection
6150,1781099995.191277,udp_reflection
6151,1781099995.192588,udp_reflection
6152,1781099995.193847,udp_reflection
6153,1781099995.195026,udp_reflection
6154,1781099995.196167,udp_reflection
6155,1781099995.197300,udp_reflection
6156,1781099995.198214,udp_reflection
6157,1781099995.199341,udp_reflection
6158,1781099995.200633,udp_reflection
6159,1781099995.201820,udp_reflection
6160,1781099995.203007,udp_reflection
6161,1781099995.203872,udp_reflection
6162,1781099995.205282,udp_reflection
6163,1781099995.206188,udp_reflection
6164,1781099995.207388,udp_reflection
6165,1781099995.208347,udp_reflection
6166,1781099995.209541,udp_reflection
6167,1781099995.210383,udp_reflection
6168,1781099995.211910,udp_reflection
6169,1781099995.213119,udp_reflection
6170,1781099995.214941,udp_reflection
6171,1781099995.215856,udp_reflection
6172,1781099995.217110,udp_reflection
6173,1781099995.218516,udp_reflection
6174,1781099995.219988,udp_reflection
6175,1781099995.221133,udp_reflection
6176,1781099995.221881,udp_reflection
6177,1781099995.223230,udp_reflection
6178,1781099995.224316,udp_reflection
6179,1781099995.225694,udp_reflection
6180,1781099995.226836,udp_reflection
6181,1781099995.228149,udp_reflection
6182,1781099995.229279,udp_reflection
6183,1781099995.231497,udp_reflection
6184,1781099995.232889,udp_reflection
6185,1781099995.233618,udp_reflection
6186,1781099995.235005,udp_reflection
6187,1781099995.237098,udp_reflection
6188,1781099995.238251,udp_reflection
6189,1781099995.239686,udp_reflection
6190,1781099995.240778,udp_reflection
6191,1781099995.241833,udp_reflection
6192,1781099995.242997,udp_reflection
6193,1781099995.244197,udp_reflection
6194,1781099995.245239,udp_reflection
6195,1781099995.246402,udp_reflection
6196,1781099995.247649,udp_reflection
6197,1781099995.248943,udp_reflection
6198,1781099995.249947,udp_reflection
6199,1781099995.251524,udp_reflection
6200,1781099995.253152,udp_reflection
6201,1781099995.254266,udp_reflection
6202,1781099995.255289,udp_reflection
6203,1781099995.256218,udp_reflection
6204,1781099995.257779,udp_reflection
6205,1781099995.258939,udp_reflection
6206,1781099995.260339,udp_reflection
6207,1781099995.261439,udp_reflection
6208,1781099995.262798,udp_reflection
6209,1781099995.264036,udp_reflection
6210,1781099995.265853,udp_reflection
6211,1781099995.267590,udp_reflection
6212,1781099995.268747,udp_reflection
6213,1781099995.269963,udp_reflection
6214,1781099995.271219,udp_reflection
6215,1781099995.272291,udp_reflection
6216,1781099995.273309,udp_reflection
6217,1781099995.274237,udp_reflection
6218,1781099995.275229,udp_reflection
6219,1781099995.276383,udp_reflection
6220,1781099995.277817,udp_reflection
6221,1781099995.278836,udp_reflection
6222,1781099995.279973,udp_reflection
6223,1781099995.281435,udp_reflection
6224,1781099995.282250,udp_reflection
6225,1781099995.282998,udp_reflection
6226,1781099995.284568,udp_reflection
6227,1781099995.286685,udp_reflection
6228,1781099995.287899,udp_reflection
6229,1781099995.289179,udp_reflection
6230,1781099995.290949,udp_reflection
6231,1781099995.292523,udp_reflection
6232,1781099995.293761,udp_reflection
6233,1781099995.295010,udp_reflection
6234,1781099995.296385,udp_reflection
6235,1781099995.297261,udp_reflection
6236,1781099995.298312,udp_reflection
6237,1781099995.299257,udp_reflection
6238,1781099995.299940,udp_reflection
6239,1781099995.301437,udp_reflection
6240,1781099995.302696,udp_reflection
6241,1781099995.304070,udp_reflection
6242,1781099995.305103,udp_reflection
6243,1781099995.306265,udp_reflection
6244,1781099995.307205,udp_reflection
6245,1781099995.308325,udp_reflection
6246,1781099995.310180,udp_reflection
6247,1781099995.311570,udp_reflection
6248,1781099995.312643,udp_reflection
6249,1781099995.314104,udp_reflection
6250,1781099995.315807,udp_reflection
6251,1781099995.317192,udp_reflection
6252,1781099995.318402,udp_reflection
6253,1781099995.319158,udp_reflection
6254,1781099995.320377,udp_reflection
6255,1781099995.321703,udp_reflection
6256,1781099995.323962,udp_reflection
6257,1781099995.325215,udp_reflection
6258,1781099995.326650,udp_reflection
6259,1781099995.327695,udp_reflection
6260,1781099995.328604,udp_reflection
6261,1781099995.329982,udp_reflection
6262,1781099995.331197,udp_reflection
6263,1781099995.332396,udp_reflection
6264,1781099995.333946,udp_reflection
6265,1781099995.335209,udp_reflection
6266,1781099995.336526,udp_reflection
6267,1781099995.337885,udp_reflection
6268,1781099995.339227,udp_reflection
6269,1781099995.340260,udp_reflection
6270,1781099995.341853,udp_reflection
6271,1781099995.343398,normal
6272,1781099995.344807,udp_reflection
6273,1781099995.345934,udp_reflection
6274,1781099995.346811,udp_reflection
6275,1781099995.347787,udp_reflection
6276,1781099995.348534,udp_reflection
6277,1781099995.349589,udp_reflection
6278,1781099995.350849,udp_reflection
6279,1781099995.352070,udp_reflection
6280,1781099995.353055,udp_reflection
6281,1781099995.354488,udp_reflection
6282,1781099995.355896,udp_reflection
6283,1781099995.358030,udp_reflection
6284,1781099995.359909,udp_reflection
6285,1781099995.361086,udp_reflection
6286,1781099995.362579,udp_reflection
6287,1781099995.364151,udp_reflection
6288,1781099995.365029,udp_reflection
6289,1781099995.366081,udp_reflection
6290,1781099995.367380,udp_reflection
6291,1781099995.368778,udp_reflection
6292,1781099995.370476,udp_reflection
6293,1781099995.371496,udp_reflection
6294,1781099995.372600,udp_reflection
6295,1781099995.374122,udp_reflection
6296,1781099995.375295,udp_reflection
6297,1781099995.376815,udp_reflection
6298,1781099995.377827,udp_reflection
6299,1781099995.378895,udp_reflection
6300,1781099995.380215,udp_reflection
6301,1781099995.381225,udp_reflection
6302,1781099995.382395,udp_reflection
6303,1781099995.384014,udp_reflection
6304,1781099995.385547,udp_reflection
6305,1781099995.387070,normal
6306,1781099995.388151,udp_reflection
6307,1781099995.389495,udp_reflection
6308,1781099995.390516,udp_reflection
6309,1781099995.391171,udp_reflection
6310,1781099995.392371,udp_reflection
6311,1781099995.393781,normal
6312,1781099995.395064,udp_reflection
6313,1781099995.396811,udp_reflection
6314,1781099995.399116,udp_reflection
6315,1781099995.400777,udp_reflection
6316,1781099995.402269,udp_reflection
6317,1781099995.403352,normal
6318,1781099995.404788,udp_reflection
6319,1781099995.405993,udp_reflection
6320,1781099995.407105,udp_reflection
6321,1781099995.408073,udp_reflection
6322,1781099995.409192,udp_reflection
6323,1781099995.410262,udp_reflection
6324,1781099995.411712,udp_reflection
6325,1781099995.413006,udp_reflection
6326,1781099995.414182,udp_reflection
6327,1781099995.415084,udp_reflection
6328,1781099995.416176,udp_reflection
6329,1781099995.417857,udp_reflection
6330,1781099995.419354,udp_reflection
6331,1781099995.420254,udp_reflection
6332,1781099995.421859,udp_reflection
6333,1781099995.423155,udp_reflection
6334,1781099995.424589,udp_reflection
6335,1781099995.425464,udp_reflection
6336,1781099995.426717,udp_reflection
6337,1781099995.428271,udp_reflection
6338,1781099995.429613,udp_reflection
6339,1781099995.430766,udp_reflection
6340,1781099995.431996,udp_reflection
6341,1781099995.433629,udp_reflection
6342,1781099995.434695,normal
6343,1781099995.436050,udp_reflection
6344,1781099995.437110,udp_reflection
6345,1781099995.438335,udp_reflection
6346,1781099995.439880,udp_reflection
6347,1781099995.441107,udp_reflection
6348,1781099995.442285,udp_reflection
6349,1781099995.443805,udp_reflection
6350,1781099995.444927,udp_reflection
6351,1781099995.446251,udp_reflection
6352,1781099995.447487,udp_reflection
6353,1781099995.448596,udp_reflection
6354,1781099995.450130,normal
6355,1781099995.451553,udp_reflection
6356,1781099995.452577,udp_reflection
6357,1781099995.454100,udp_reflection
6358,1781099995.455223,udp_reflection
6359,1781099995.457047,udp_reflection
6360,1781099995.458315,udp_reflection
6361,1781099995.459363,udp_reflection
6362,1781099995.461287,udp_reflection
6363,1781099995.462500,udp_reflection
6364,1781099995.463427,udp_reflection
6365,1781099995.464678,udp_reflection
6366,1781099995.466213,udp_reflection
6367,1781099995.467604,udp_reflection
6368,1781099995.468889,udp_reflection
6369,1781099995.470268,udp_reflection
6370,1781099995.471909,udp_reflection
6371,1781099995.473338,udp_reflection
6372,1781099995.474567,udp_reflection
6373,1781099995.476221,udp_reflection
6374,1781099995.477676,udp_reflection
6375,1781099995.479292,udp_reflection
6376,1781099995.480474,udp_reflection
6377,1781099995.481757,udp_reflection
6378,1781099995.482919,udp_reflection
6379,1781099995.483877,udp_reflection
6380,1781099995.484806,udp_reflection
6381,1781099995.486868,udp_reflection
6382,1781099995.488490,udp_reflection
6383,1781099995.489928,udp_reflection
6384,1781099995.492112,udp_reflection
6385,1781099995.493177,udp_reflection
6386,1781099995.494179,udp_reflection
6387,1781099995.495384,udp_reflection
6388,1781099995.496768,udp_reflection
6389,1781099995.498368,udp_reflection
6390,1781099995.500097,udp_reflection
6391,1781099995.501192,udp_reflection
6392,1781099995.502545,udp_reflection
6393,1781099995.504483,udp_reflection
6394,1781099995.505602,udp_reflection
6395,1781099995.507295,udp_reflection
6396,1781099995.508691,udp_reflection
6397,1781099995.510133,udp_reflection
6398,1781099995.511440,udp_reflection
6399,1781099995.512855,udp_reflection
6400,1781099995.514246,udp_reflection
6401,1781099995.515345,udp_reflection
6402,1781099995.516887,udp_reflection
6403,1781099995.518091,udp_reflection
6404,1781099995.519581,udp_reflection
6405,1781099995.521907,udp_reflection
6406,1781099995.523079,udp_reflection
6407,1781099995.524447,udp_reflection
6408,1781099995.526261,udp_reflection
6409,1781099995.527450,udp_reflection
6410,1781099995.528687,udp_reflection
6411,1781099995.529851,udp_reflection
6412,1781099995.530784,udp_reflection
6413,1781099995.531753,udp_reflection
6414,1781099995.533086,udp_reflection
6415,1781099995.533809,udp_reflection
6416,1781099995.535410,udp_reflection
6417,1781099995.536374,udp_reflection
6418,1781099995.537455,udp_reflection
6419,1781099995.538658,udp_reflection
6420,1781099995.539946,udp_reflection
6421,1781099995.541289,udp_reflection
6422,1781099995.542476,udp_reflection
6423,1781099995.543606,udp_reflection
6424,1781099995.545601,udp_reflection
6425,1781099995.546724,udp_reflection
6426,1781099995.548589,udp_reflection
6427,1781099995.550542,udp_reflection
6428,1781099995.552024,udp_reflection
6429,1781099995.553533,udp_reflection
6430,1781099995.555506,udp_reflection
6431,1781099995.557048,udp_reflection
6432,1781099995.558475,udp_reflection
6433,1781099995.560359,udp_reflection
6434,1781099995.561383,udp_reflection
6435,1781099995.562853,udp_reflection
6436,1781099995.563844,udp_reflection
6437,1781099995.565149,udp_reflection
6438,1781099995.566499,udp_reflection
6439,1781099995.567758,udp_reflection
6440,1781099995.569060,udp_reflection
6441,1781099995.570744,normal
6442,1781099995.571898,udp_reflection
6443,1781099995.573544,udp_reflection
6444,1781099995.574908,udp_reflection
6445,1781099995.576143,udp_reflection
6446,1781099995.577437,udp_reflection
6447,1781099995.578758,udp_reflection
6448,1781099995.580031,udp_reflection
6449,1781099995.581211,udp_reflection
6450,1781099995.582616,udp_reflection
6451,1781099995.584382,udp_reflection
6452,1781099995.586008,udp_reflection
6453,1781099995.587678,udp_reflection
6454,1781099995.589031,udp_reflection
6455,1781099995.590166,udp_reflection
6456,1781099995.591537,udp_reflection
6457,1781099995.592947,udp_reflection
6458,1781099995.594282,udp_reflection
6459,1781099995.595420,udp_reflection
6460,1781099995.597543,udp_reflection
6461,1781099995.598809,udp_reflection
6462,1781099995.600376,udp_reflection
6463,1781099995.601258,udp_reflection
6464,1781099995.602333,udp_reflection
6465,1781099995.603497,udp_reflection
6466,1781099995.604631,udp_reflection
6467,1781099995.605712,udp_reflection
6468,1781099995.607113,udp_reflection
6469,1781099995.608558,udp_reflection
6470,1781099995.610213,udp_reflection
6471,1781099995.611379,udp_reflection
6472,1781099995.612583,udp_reflection
6473,1781099995.613887,udp_reflection
6474,1781099995.614904,udp_reflection
6475,1781099995.616426,udp_reflection
6476,1781099995.617753,udp_reflection
6477,1781099995.618937,udp_reflection
6478,1781099995.620129,udp_reflection
6479,1781099995.621264,udp_reflection
6480,1781099995.622674,udp_reflection
6481,1781099995.624165,udp_reflection
6482,1781099995.625448,udp_reflection
6483,1781099995.626792,udp_reflection
6484,1781099995.628479,udp_reflection
6485,1781099995.629932,udp_reflection
6486,1781099995.631478,udp_reflection
6487,1781099995.632604,udp_reflection
6488,1781099995.633631,udp_reflection
6489,1781099995.634902,udp_reflection
6490,1781099995.636487,udp_reflection
6491,1781099995.637779,udp_reflection
6492,1781099995.639444,udp_reflection
6493,1781099995.641024,udp_reflection
6494,1781099995.643498,udp_reflection
6495,1781099995.645091,udp_reflection
6496,1781099995.646763,udp_reflection
6497,1781099995.648371,udp_reflection
6498,1781099995.649592,udp_reflection
6499,1781099995.651469,udp_reflection
6500,1781099995.653179,udp_reflection
6501,1781099995.655479,udp_reflection
6502,1781099995.657029,udp_reflection
6503,1781099995.658930,udp_reflection
6504,1781099995.659989,udp_reflection
6505,1781099995.661536,udp_reflection
6506,1781099995.662551,udp_reflection
6507,1781099995.664451,udp_reflection
6508,1781099995.665594,udp_reflection
6509,1781099995.667099,udp_reflection
6510,1781099995.668935,udp_reflection
6511,1781099995.670347,udp_reflection
6512,1781099995.672005,udp_reflection
6513,1781099995.672964,udp_reflection
6514,1781099995.674538,udp_reflection
6515,1781099995.676149,udp_reflection
6516,1781099995.677490,udp_reflection
6517,1781099995.678561,udp_reflection
6518,1781099995.679925,udp_reflection
6519,1781099995.681010,udp_reflection
6520,1781099995.683164,udp_reflection
6521,1781099995.684499,udp_reflection
6522,1781099995.685994,udp_reflection
6523,1781099995.687628,udp_reflection
6524,1781099995.689680,udp_reflection
6525,1781099995.691017,udp_reflection
6526,1781099995.692201,udp_reflection
6527,1781099995.693944,udp_reflection
6528,1781099995.695671,udp_reflection
6529,1781099995.697394,udp_reflection
6530,1781099995.698683,udp_reflection
6531,1781099995.700137,udp_reflection
6532,1781099995.701443,udp_reflection
6533,1781099995.703177,udp_reflection
6534,1781099995.704501,udp_reflection
6535,1781099995.705774,udp_reflection
6536,1781099995.707527,normal
6537,1781099995.708863,normal
6538,1781099995.710395,udp_reflection
6539,1781099995.711986,udp_reflection
6540,1781099995.713370,normal
6541,1781099995.714727,udp_reflection
6542,1781099995.716181,normal
6543,1781099995.717447,udp_reflection
6544,1781099995.718843,udp_reflection
6545,1781099995.720813,udp_reflection
6546,1781099995.721760,udp_reflection
6547,1781099995.723476,udp_reflection
6548,1781099995.724400,udp_reflection
6549,1781099995.725878,udp_reflection
6550,1781099995.726986,udp_reflection
6551,1781099995.728218,udp_reflection
6552,1781099995.729477,udp_reflection
6553,1781099995.730849,udp_reflection
6554,1781099995.731902,udp_reflection
6555,1781099995.733246,udp_reflection
6556,1781099995.734840,udp_reflection
6557,1781099995.737207,udp_reflection
6558,1781099995.738835,udp_reflection
6559,1781099995.740460,udp_reflection
6560,1781099995.741589,udp_reflection
6561,1781099995.743328,udp_reflection
6562,1781099995.744733,udp_reflection
6563,1781099995.745874,udp_reflection
6564,1781099995.747165,udp_reflection
6565,1781099995.748869,udp_reflection
6566,1781099995.750153,udp_reflection
6567,1781099995.751043,udp_reflection
6568,1781099995.752404,udp_reflection
6569,1781099995.753484,udp_reflection
6570,1781099995.754808,udp_reflection
6571,1781099995.755984,udp_reflection
6572,1781099995.757185,udp_reflection
6573,1781099995.758372,udp_reflection
6574,1781099995.759556,udp_reflection
6575,1781099995.761208,udp_reflection
6576,1781099995.762682,udp_reflection
6577,1781099995.764634,udp_reflection
6578,1781099995.766007,udp_reflection
6579,1781099995.767614,udp_reflection
6580,1781099995.769564,udp_reflection
6581,1781099995.770691,udp_reflection
6582,1781099995.771899,udp_reflection
6583,1781099995.773802,udp_reflection
6584,1781099995.775466,udp_reflection
6585,1781099995.776543,udp_reflection
6586,1781099995.777701,udp_reflection
6587,1781099995.779320,udp_reflection
6588,1781099995.780405,udp_reflection
6589,1781099995.781755,udp_reflection
6590,1781099995.784038,udp_reflection
6591,1781099995.785411,udp_reflection
6592,1781099995.786503,udp_reflection
6593,1781099995.788503,udp_reflection
6594,1781099995.789938,udp_reflection
6595,1781099995.791215,normal
6596,1781099995.792339,udp_reflection
6597,1781099995.793513,udp_reflection
6598,1781099995.794882,udp_reflection
6599,1781099995.795829,udp_reflection
6600,1781099995.797912,udp_reflection
6601,1781099995.799425,udp_reflection
6602,1781099995.800763,udp_reflection
6603,1781099995.802035,udp_reflection
6604,1781099995.803632,udp_reflection
6605,1781099995.805207,udp_reflection
6606,1781099995.807059,udp_reflection
6607,1781099995.808206,udp_reflection
6608,1781099995.809793,udp_reflection
6609,1781099995.811950,udp_reflection
6610,1781099995.813905,normal
6611,1781099995.814954,udp_reflection
6612,1781099995.815900,udp_reflection
6613,1781099995.817003,udp_reflection
6614,1781099995.818440,udp_reflection
6615,1781099995.820068,udp_reflection
6616,1781099995.822406,udp_reflection
6617,1781099995.824018,udp_reflection
6618,1781099995.825258,udp_reflection
6619,1781099995.826465,udp_reflection
6620,1781099995.827373,udp_reflection
6621,1781099995.828515,udp_reflection
6622,1781099995.829724,udp_reflection
6623,1781099995.831616,udp_reflection
6624,1781099995.833132,udp_reflection
6625,1781099995.833916,udp_reflection
6626,1781099995.835400,udp_reflection
6627,1781099995.836483,udp_reflection
6628,1781099995.838027,udp_reflection
6629,1781099995.839047,udp_reflection
6630,1781099995.840360,udp_reflection
6631,1781099995.841657,udp_reflection
6632,1781099995.843218,normal
6633,1781099995.844481,udp_reflection
6634,1781099995.846277,udp_reflection
6635,1781099995.847203,udp_reflection
6636,1781099995.849166,udp_reflection
6637,1781099995.850528,udp_reflection
6638,1781099995.851475,udp_reflection
6639,1781099995.852849,udp_reflection
6640,1781099995.854302,udp_reflection
6641,1781099995.855837,udp_reflection
6642,1781099995.856932,udp_reflection
6643,1781099995.858555,udp_reflection
6644,1781099995.860943,udp_reflection
6645,1781099995.862459,udp_reflection
6646,1781099995.863614,udp_reflection
6647,1781099995.865134,udp_reflection
6648,1781099995.866545,udp_reflection
6649,1781099995.868309,udp_reflection
6650,1781099995.869318,udp_reflection
6651,1781099995.870524,udp_reflection
6652,1781099995.871783,udp_reflection
6653,1781099995.873565,udp_reflection
6654,1781099995.875132,udp_reflection
6655,1781099995.877392,udp_reflection
6656,1781099995.878795,udp_reflection
6657,1781099995.880097,udp_reflection
6658,1781099995.881353,udp_reflection
6659,1781099995.883599,udp_reflection
6660,1781099995.884731,udp_reflection
6661,1781099995.885947,udp_reflection
6662,1781099995.887403,udp_reflection
6663,1781099995.888511,udp_reflection
6664,1781099995.890477,normal
6665,1781099995.891855,udp_reflection
6666,1781099995.893897,udp_reflection
6667,1781099995.894872,udp_reflection
6668,1781099995.896142,udp_reflection
6669,1781099995.897593,udp_reflection
6670,1781099995.899216,udp_reflection
6671,1781099995.900705,udp_reflection
6672,1781099995.902298,udp_reflection
6673,1781099995.903325,udp_reflection
6674,1781099995.904335,udp_reflection
6675,1781099995.905692,udp_reflection
6676,1781099995.907243,udp_reflection
6677,1781099995.908550,udp_reflection
6678,1781099995.909989,udp_reflection
6679,1781099995.911092,udp_reflection
6680,1781099995.912208,udp_reflection
6681,1781099995.913879,udp_reflection
6682,1781099995.915956,udp_reflection
6683,1781099995.917543,udp_reflection
6684,1781099995.919008,udp_reflection
6685,1781099995.920552,udp_reflection
6686,1781099995.921901,udp_reflection
6687,1781099995.923416,normal
6688,1781099995.925366,udp_reflection
6689,1781099995.927365,udp_reflection
6690,1781099995.929728,udp_reflection
6691,1781099995.931680,udp_reflection
6692,1781099995.933030,udp_reflection
6693,1781099995.934004,udp_reflection
6694,1781099995.935331,udp_reflection
6695,1781099995.936407,udp_reflection
6696,1781099995.937854,udp_reflection
6697,1781099995.939060,udp_reflection
6698,1781099995.940315,udp_reflection
6699,1781099995.941867,udp_reflection
6700,1781099995.942904,udp_reflection
6701,1781099995.944627,udp_reflection
6702,1781099995.946665,udp_reflection
6703,1781099995.947738,udp_reflection
6704,1781099995.949020,udp_reflection
6705,1781099995.951006,udp_reflection
6706,1781099995.952197,udp_reflection
6707,1781099995.953963,udp_reflection
6708,1781099995.955747,udp_reflection
6709,1781099995.957351,udp_reflection
6710,1781099995.958896,udp_reflection
6711,1781099995.960280,udp_reflection
6712,1781099995.961684,udp_reflection
6713,1781099995.963223,udp_reflection
6714,1781099995.964795,udp_reflection
6715,1781099995.965804,udp_reflection
6716,1781099995.967190,udp_reflection
6717,1781099995.968726,udp_reflection
6718,1781099995.970598,udp_reflection
6719,1781099995.972104,udp_reflection
6720,1781099995.973429,normal
6721,1781099995.974983,udp_reflection
6722,1781099995.976500,udp_reflection
6723,1781099995.977707,udp_reflection
6724,1781099995.979017,udp_reflection
6725,1781099995.980272,udp_reflection
6726,1781099995.981512,udp_reflection
6727,1781099995.983173,udp_reflection
6728,1781099995.984892,udp_reflection
6729,1781099995.986692,udp_reflection
6730,1781099995.988002,udp_reflection
6731,1781099995.989263,udp_reflection
6732,1781099995.990241,udp_reflection
6733,1781099995.991508,udp_reflection
6734,1781099995.992961,udp_reflection
6735,1781099995.994056,udp_reflection
6736,1781099995.996147,normal
6737,1781099995.997509,udp_reflection
6738,1781099995.998712,udp_reflection
6739,1781099996.000367,udp_reflection
6740,1781099996.001986,udp_reflection
6741,1781099996.003199,udp_reflection
6742,1781099996.004306,udp_reflection
6743,1781099996.005627,udp_reflection
6744,1781099996.007019,udp_reflection
6745,1781099996.008576,udp_reflection
6746,1781099996.010237,udp_reflection
6747,1781099996.011153,udp_reflection
6748,1781099996.012683,udp_reflection
6749,1781099996.014033,udp_reflection
6750,1781099996.015479,udp_reflection
6751,1781099996.016878,udp_reflection
6752,1781099996.018354,udp_reflection
6753,1781099996.019605,udp_reflection
6754,1781099996.020806,udp_reflection
6755,1781099996.021869,udp_reflection
6756,1781099996.023280,udp_reflection
6757,1781099996.024266,udp_reflection
6758,1781099996.025369,udp_reflection
6759,1781099996.026797,udp_reflection
6760,1781099996.028363,udp_reflection
6761,1781099996.029345,udp_reflection
6762,1781099996.030822,udp_reflection
6763,1781099996.032399,udp_reflection
6764,1781099996.033668,udp_reflection
6765,1781099996.035365,udp_reflection
6766,1781099996.037509,udp_reflection
6767,1781099996.039024,udp_reflection
6768,1781099996.040398,udp_reflection
6769,1781099996.041567,udp_reflection
6770,1781099996.042742,udp_reflection
6771,1781099996.044086,udp_reflection
6772,1781099996.045754,udp_reflection
6773,1781099996.047028,udp_reflection
6774,1781099996.048365,udp_reflection
6775,1781099996.049792,udp_reflection
6776,1781099996.051265,udp_reflection
6777,1781099996.052351,udp_reflection
6778,1781099996.053661,udp_reflection
6779,1781099996.054706,udp_reflection
6780,1781099996.056487,udp_reflection
6781,1781099996.057925,udp_reflection
6782,1781099996.059320,udp_reflection
6783,1781099996.060862,udp_reflection
6784,1781099996.062171,udp_reflection
6785,1781099996.063171,udp_reflection
6786,1781099996.064325,udp_reflection
6787,1781099996.065882,udp_reflection
6788,1781099996.066927,udp_reflection
6789,1781099996.068370,udp_reflection
6790,1781099996.069772,udp_reflection
6791,1781099996.071484,udp_reflection
6792,1781099996.072559,udp_reflection
6793,1781099996.073479,udp_reflection
6794,1781099996.074940,udp_reflection
6795,1781099996.076092,udp_reflection
6796,1781099996.077461,udp_reflection
6797,1781099996.078960,udp_reflection
6798,1781099996.080397,udp_reflection
6799,1781099996.082481,udp_reflection
6800,1781099996.084338,udp_reflection
6801,1781099996.085419,udp_reflection
6802,1781099996.086668,udp_reflection
6803,1781099996.088462,udp_reflection
6804,1781099996.090230,udp_reflection
6805,1781099996.092006,udp_reflection
6806,1781099996.093677,udp_reflection
6807,1781099996.094967,udp_reflection
6808,1781099996.095904,udp_reflection
6809,1781099996.097954,udp_reflection
6810,1781099996.098688,udp_reflection
6811,1781099996.100059,udp_reflection
6812,1781099996.102123,udp_reflection
6813,1781099996.103450,udp_reflection
6814,1781099996.104976,udp_reflection
6815,1781099996.106156,udp_reflection
6816,1781099996.107453,udp_reflection
6817,1781099996.108526,udp_reflection
6818,1781099996.110092,udp_reflection
6819,1781099996.111578,udp_reflection
6820,1781099996.112448,udp_reflection
6821,1781099996.114315,udp_reflection
6822,1781099996.115466,udp_reflection
6823,1781099996.116836,udp_reflection
6824,1781099996.118336,udp_reflection
6825,1781099996.119591,udp_reflection
6826,1781099996.121232,udp_reflection
6827,1781099996.123069,udp_reflection
6828,1781099996.125009,udp_reflection
6829,1781099996.126222,udp_reflection
6830,1781099996.127468,udp_reflection
6831,1781099996.128878,udp_reflection
6832,1781099996.130493,udp_reflection
6833,1781099996.131668,udp_reflection
6834,1781099996.132768,udp_reflection
6835,1781099996.134316,udp_reflection
6836,1781099996.136236,udp_reflection
6837,1781099996.137732,udp_reflection
6838,1781099996.139028,udp_reflection
6839,1781099996.140032,udp_reflection
6840,1781099996.141919,udp_reflection
6841,1781099996.143062,udp_reflection
6842,1781099996.144549,udp_reflection
6843,1781099996.145772,udp_reflection
6844,1781099996.147473,udp_reflection
6845,1781099996.148531,udp_reflection
6846,1781099996.149765,udp_reflection
6847,1781099996.151482,udp_reflection
6848,1781099996.152926,udp_reflection
6849,1781099996.154496,udp_reflection
6850,1781099996.156484,udp_reflection
6851,1781099996.158158,udp_reflection
6852,1781099996.159337,udp_reflection
6853,1781099996.160476,udp_reflection
6854,1781099996.162158,udp_reflection
6855,1781099996.163581,udp_reflection
6856,1781099996.164951,udp_reflection
6857,1781099996.165950,udp_reflection
6858,1781099996.167390,udp_reflection
6859,1781099996.168230,udp_reflection
6860,1781099996.169806,udp_reflection
6861,1781099996.171212,udp_reflection
6862,1781099996.173203,udp_reflection
6863,1781099996.174534,udp_reflection
6864,1781099996.175515,udp_reflection
6865,1781099996.177213,udp_reflection
6866,1781099996.178349,udp_reflection
6867,1781099996.179729,udp_reflection
6868,1781099996.180539,udp_reflection
6869,1781099996.181890,udp_reflection
6870,1781099996.183111,udp_reflection
6871,1781099996.184337,udp_reflection
6872,1781099996.185321,udp_reflection
6873,1781099996.186629,udp_reflection
6874,1781099996.188184,udp_reflection
6875,1781099996.189097,udp_reflection
6876,1781099996.190148,udp_reflection
6877,1781099996.191504,udp_reflection
6878,1781099996.192706,udp_reflection
6879,1781099996.194268,udp_reflection
6880,1781099996.195355,udp_reflection
6881,1781099996.196747,udp_reflection
6882,1781099996.198328,udp_reflection
6883,1781099996.199849,udp_reflection
6884,1781099996.201345,udp_reflection
6885,1781099996.202672,udp_reflection
6886,1781099996.203704,udp_reflection
6887,1781099996.205334,udp_reflection
6888,1781099996.206658,udp_reflection
6889,1781099996.207904,udp_reflection
6890,1781099996.209299,udp_reflection
6891,1781099996.210297,udp_reflection
6892,1781099996.211497,udp_reflection
6893,1781099996.212715,udp_reflection
6894,1781099996.214071,udp_reflection
6895,1781099996.215425,udp_reflection
6896,1781099996.217271,udp_reflection
6897,1781099996.218167,udp_reflection
6898,1781099996.219147,udp_reflection
6899,1781099996.220256,udp_reflection
6900,1781099996.221323,udp_reflection
6901,1781099996.222385,udp_reflection
6902,1781099996.223450,udp_reflection
6903,1781099996.225264,udp_reflection
6904,1781099996.226961,udp_reflection
6905,1781099996.228054,udp_reflection
6906,1781099996.229201,udp_reflection
6907,1781099996.230942,udp_reflection
6908,1781099996.232139,udp_reflection
6909,1781099996.233460,udp_reflection
6910,1781099996.235305,udp_reflection
6911,1781099996.236631,udp_reflection
6912,1781099996.237605,udp_reflection
6913,1781099996.238564,udp_reflection
6914,1781099996.239553,udp_reflection
6915,1781099996.241216,udp_reflection
6916,1781099996.243127,udp_reflection
6917,1781099996.244551,udp_reflection
6918,1781099996.246440,udp_reflection
6919,1781099996.247784,udp_reflection
6920,1781099996.248622,udp_reflection
6921,1781099996.249895,udp_reflection
6922,1781099996.251276,udp_reflection
6923,1781099996.252485,udp_reflection
6924,1781099996.253740,udp_reflection
6925,1781099996.255337,udp_reflection
6926,1781099996.256613,udp_reflection
6927,1781099996.257938,udp_reflection
6928,1781099996.258997,udp_reflection
6929,1781099996.260085,udp_reflection
6930,1781099996.261647,udp_reflection
6931,1781099996.262723,udp_reflection
6932,1781099996.264429,udp_reflection
6933,1781099996.265909,udp_reflection
6934,1781099996.267824,udp_reflection
6935,1781099996.269685,udp_reflection
6936,1781099996.271415,normal
6937,1781099996.272849,udp_reflection
6938,1781099996.273889,udp_reflection
6939,1781099996.275079,udp_reflection
6940,1781099996.275963,udp_reflection
6941,1781099996.277305,udp_reflection
6942,1781099996.278209,udp_reflection
6943,1781099996.279670,udp_reflection
6944,1781099996.281427,udp_reflection
6945,1781099996.282863,udp_reflection
6946,1781099996.284122,udp_reflection
6947,1781099996.285905,udp_reflection
6948,1781099996.287215,udp_reflection
6949,1781099996.288870,udp_reflection
6950,1781099996.289972,udp_reflection
6951,1781099996.291013,udp_reflection
6952,1781099996.291867,udp_reflection
6953,1781099996.293123,udp_reflection
6954,1781099996.294653,udp_reflection
6955,1781099996.295718,udp_reflection
6956,1781099996.296929,udp_reflection
6957,1781099996.298258,udp_reflection
6958,1781099996.299573,udp_reflection
6959,1781099996.300273,udp_reflection
6960,1781099996.301652,udp_reflection
6961,1781099996.303028,udp_reflection
6962,1781099996.304473,udp_reflection
6963,1781099996.305935,udp_reflection
6964,1781099996.307338,udp_reflection
6965,1781099996.308732,udp_reflection
6966,1781099996.310457,udp_reflection
6967,1781099996.311322,udp_reflection
6968,1781099996.312696,udp_reflection
6969,1781099996.313849,udp_reflection
6970,1781099996.315237,udp_reflection
6971,1781099996.316401,udp_reflection
6972,1781099996.317311,udp_reflection
6973,1781099996.318439,udp_reflection
6974,1781099996.319372,udp_reflection
6975,1781099996.320626,udp_reflection
6976,1781099996.321868,udp_reflection
6977,1781099996.322770,udp_reflection
6978,1781099996.324262,udp_reflection
6979,1781099996.325386,udp_reflection
6980,1781099996.326199,udp_reflection
6981,1781099996.327357,udp_reflection
6982,1781099996.328306,udp_reflection
6983,1781099996.329358,udp_reflection
6984,1781099996.330087,udp_reflection
6985,1781099996.331804,udp_reflection
6986,1781099996.332861,udp_reflection
6987,1781099996.334394,udp_reflection
6988,1781099996.335887,udp_reflection
6989,1781099996.337039,udp_reflection
6990,1781099996.338620,udp_reflection
6991,1781099996.339682,udp_reflection
6992,1781099996.340682,udp_reflection
6993,1781099996.341750,udp_reflection
6994,1781099996.342910,udp_reflection
6995,1781099996.344184,udp_reflection
6996,1781099996.345809,udp_reflection
6997,1781099996.347304,udp_reflection
6998,1781099996.348509,udp_reflection
6999,1781099996.349600,udp_reflection
7000,1781099996.350656,udp_reflection
7001,1781099996.352213,udp_reflection
7002,1781099996.353363,udp_reflection
7003,1781099996.354231,udp_reflection
7004,1781099996.355376,udp_reflection
7005,1781099996.356909,udp_reflection
7006,1781099996.358078,udp_reflection
7007,1781099996.359314,udp_reflection
7008,1781099996.361041,udp_reflection
7009,1781099996.362713,udp_reflection
7010,1781099996.363705,udp_reflection
7011,1781099996.365690,udp_reflection
7012,1781099996.366784,udp_reflection
7013,1781099996.367964,udp_reflection
7014,1781099996.369359,udp_reflection
7015,1781099996.370531,udp_reflection
7016,1781099996.371778,udp_reflection
7017,1781099996.372861,udp_reflection
7018,1781099996.374132,udp_reflection
7019,1781099996.375208,udp_reflection
7020,1781099996.376429,udp_reflection
7021,1781099996.377307,udp_reflection
7022,1781099996.378953,udp_reflection
7023,1781099996.379970,udp_reflection
7024,1781099996.380989,udp_reflection
7025,1781099996.382355,udp_reflection
7026,1781099996.383583,udp_reflection
7027,1781099996.385028,udp_reflection
7028,1781099996.386011,udp_reflection
7029,1781099996.387503,udp_reflection
7030,1781099996.389272,udp_reflection
7031,1781099996.390431,udp_reflection
7032,1781099996.391773,udp_reflection
7033,1781099996.393226,udp_reflection
7034,1781099996.395275,udp_reflection
7035,1781099996.396724,udp_reflection
7036,1781099996.397743,udp_reflection
7037,1781099996.398934,udp_reflection
7038,1781099996.399991,udp_reflection
7039,1781099996.401021,udp_reflection
7040,1781099996.402158,udp_reflection
7041,1781099996.403713,udp_reflection
7042,1781099996.404785,udp_reflection
7043,1781099996.405682,udp_reflection
7044,1781099996.407078,udp_reflection
7045,1781099996.408846,udp_reflection
7046,1781099996.409838,normal
7047,1781099996.411506,udp_reflection
7048,1781099996.413600,udp_reflection
7049,1781099996.414769,udp_reflection
7050,1781099996.415771,udp_reflection
7051,1781099996.416470,normal
7052,1781099996.417949,udp_reflection
7053,1781099996.419229,normal
7054,1781099996.420637,udp_reflection
7055,1781099996.422077,udp_reflection
7056,1781099996.423128,normal
7057,1781099996.424765,udp_reflection
7058,1781099996.426216,udp_reflection
7059,1781099996.428090,udp_reflection
7060,1781099996.429073,udp_reflection
7061,1781099996.430100,udp_reflection
7062,1781099996.431238,normal
7063,1781099996.432470,udp_reflection
7064,1781099996.433884,udp_reflection
7065,1781099996.434968,udp_reflection
7066,1781099996.435886,udp_reflection
7067,1781099996.437096,udp_reflection
7068,1781099996.438325,udp_reflection
7069,1781099996.439117,udp_reflection
7070,1781099996.440016,udp_reflection
7071,1781099996.441231,udp_reflection
7072,1781099996.442285,udp_reflection
7073,1781099996.443583,udp_reflection
7074,1781099996.444815,udp_reflection
7075,1781099996.446288,udp_reflection
7076,1781099996.447160,normal
7077,1781099996.448401,udp_reflection
7078,1781099996.449490,udp_reflection
7079,1781099996.450450,udp_reflection
7080,1781099996.451977,normal
7081,1781099996.453282,udp_reflection
7082,1781099996.454859,udp_reflection
7083,1781099996.455883,udp_reflection
7084,1781099996.457129,udp_reflection
7085,1781099996.458787,normal
7086,1781099996.460446,udp_reflection
7087,1781099996.462088,udp_reflection
7088,1781099996.463109,udp_reflection
7089,1781099996.464200,udp_reflection
7090,1781099996.465377,normal
7091,1781099996.466300,normal
7092,1781099996.467462,udp_reflection
7093,1781099996.468689,udp_reflection
7094,1781099996.469740,udp_reflection
7095,1781099996.470833,udp_reflection
7096,1781099996.471933,udp_reflection
7097,1781099996.473107,udp_reflection
7098,1781099996.474513,udp_reflection
7099,1781099996.475927,udp_reflection
7100,1781099996.476987,udp_reflection
7101,1781099996.478102,udp_reflection
7102,1781099996.479075,udp_reflection
7103,1781099996.480108,udp_reflection
7104,1781099996.481114,udp_reflection
7105,1781099996.482617,udp_reflection
7106,1781099996.483989,udp_reflection
7107,1781099996.485724,udp_reflection
7108,1781099996.486969,udp_reflection
7109,1781099996.487984,normal
7110,1781099996.489089,udp_reflection
7111,1781099996.490053,udp_reflection
7112,1781099996.491215,udp_reflection
7113,1781099996.492294,udp_reflection
7114,1781099996.493519,udp_reflection
7115,1781099996.494932,udp_reflection
7116,1781099996.495889,udp_reflection
7117,1781099996.497109,udp_reflection
7118,1781099996.498756,udp_reflection
7119,1781099996.500167,udp_reflection
7120,1781099996.500932,udp_reflection
7121,1781099996.502111,udp_reflection
7122,1781099996.502865,udp_reflection
7123,1781099996.503887,udp_reflection
7124,1781099996.505371,udp_reflection
7125,1781099996.506553,udp_reflection
7126,1781099996.507923,udp_reflection
7127,1781099996.508986,udp_reflection
7128,1781099996.510770,udp_reflection
7129,1781099996.512139,udp_reflection
7130,1781099996.512952,udp_reflection
7131,1781099996.514137,normal
7132,1781099996.515358,normal
7133,1781099996.516694,normal
7134,1781099996.518413,udp_reflection
7135,1781099996.519297,udp_reflection
7136,1781099996.520596,udp_reflection
7137,1781099996.521467,udp_reflection
7138,1781099996.523036,udp_reflection
7139,1781099996.523791,udp_reflection
7140,1781099996.525366,udp_reflection
7141,1781099996.526502,udp_reflection
7142,1781099996.528215,normal
7143,1781099996.529526,udp_reflection
7144,1781099996.530730,udp_reflection
7145,1781099996.532030,udp_reflection
7146,1781099996.533142,udp_reflection
7147,1781099996.534564,udp_reflection
7148,1781099996.535325,udp_reflection
7149,1781099996.536605,udp_reflection
7150,1781099996.537405,normal
7151,1781099996.538624,udp_reflection
7152,1781099996.539876,udp_reflection
7153,1781099996.541236,udp_reflection
7154,1781099996.542512,udp_reflection
7155,1781099996.543393,udp_reflection
7156,1781099996.544619,udp_reflection
7157,1781099996.545499,udp_reflection
7158,1781099996.546980,udp_reflection
7159,1781099996.549091,udp_reflection
7160,1781099996.550266,udp_reflection
7161,1781099996.551595,udp_reflection
7162,1781099996.552496,udp_reflection
7163,1781099996.553381,udp_reflection
7164,1781099996.554553,udp_reflection
7165,1781099996.555876,udp_reflection
7166,1781099996.556820,udp_reflection
7167,1781099996.558217,udp_reflection
7168,1781099996.560197,normal
7169,1781099996.561082,udp_reflection
7170,1781099996.562580,udp_reflection
7171,1781099996.563531,udp_reflection
7172,1781099996.565218,udp_reflection
7173,1781099996.566272,udp_reflection
7174,1781099996.567316,udp_reflection
7175,1781099996.568185,udp_reflection
7176,1781099996.569757,normal
7177,1781099996.571424,udp_reflection
7178,1781099996.572507,udp_reflection
7179,1781099996.573496,udp_reflection
7180,1781099996.575026,udp_reflection
7181,1781099996.575919,udp_reflection
7182,1781099996.577015,normal
7183,1781099996.578351,normal
7184,1781099996.579719,udp_reflection
7185,1781099996.581117,normal
7186,1781099996.582502,udp_reflection
7187,1781099996.583513,udp_reflection
7188,1781099996.584707,udp_reflection
7189,1781099996.586031,udp_reflection
7190,1781099996.587206,udp_reflection
7191,1781099996.588420,udp_reflection
7192,1781099996.589322,normal
7193,1781099996.591126,udp_reflection
7194,1781099996.592394,udp_reflection
7195,1781099996.593866,udp_reflection
7196,1781099996.594956,udp_reflection
7197,1781099996.596164,normal
7198,1781099996.596920,udp_reflection
7199,1781099996.598054,udp_reflection
7200,1781099996.599123,udp_reflection
7201,1781099996.599859,udp_reflection
7202,1781099996.601055,udp_reflection
7203,1781099996.602095,udp_reflection
7204,1781099996.603493,udp_reflection
7205,1781099996.604483,udp_reflection
7206,1781099996.605813,normal
7207,1781099996.607028,udp_reflection
7208,1781099996.608160,udp_reflection
7209,1781099996.609281,normal
7210,1781099996.610584,udp_reflection
7211,1781099996.611733,normal
7212,1781099996.613113,udp_reflection
7213,1781099996.614070,normal
7214,1781099996.615096,normal
7215,1781099996.616870,udp_reflection
7216,1781099996.617767,normal
7217,1781099996.619004,udp_reflection
7218,1781099996.620192,udp_reflection
7219,1781099996.621614,normal
7220,1781099996.622491,udp_reflection
7221,1781099996.623492,normal
7222,1781099996.624553,udp_reflection
7223,1781099996.625595,udp_reflection
7224,1781099996.626310,udp_reflection
7225,1781099996.627401,udp_reflection
7226,1781099996.628557,udp_reflection
7227,1781099996.629943,udp_reflection
7228,1781099996.631131,udp_reflection
7229,1781099996.632603,udp_reflection
7230,1781099996.633765,normal
7231,1781099996.634853,udp_reflection
7232,1781099996.635710,normal
7233,1781099996.636732,udp_reflection
7234,1781099996.637999,udp_reflection
7235,1781099996.638825,udp_reflection
7236,1781099996.639700,udp_reflection
7237,1781099996.641016,udp_reflection
7238,1781099996.642110,udp_reflection
7239,1781099996.642827,udp_reflection
7240,1781099996.644204,udp_reflection
7241,1781099996.645000,udp_reflection
7242,1781099996.646637,udp_reflection
7243,1781099996.647970,udp_reflection
7244,1781099996.648760,udp_reflection
7245,1781099996.649969,udp_reflection
7246,1781099996.651066,udp_reflection
7247,1781099996.652049,udp_reflection
7248,1781099996.652935,udp_reflection
7249,1781099996.654112,normal
7250,1781099996.655391,udp_reflection
7251,1781099996.656258,udp_reflection
7252,1781099996.657306,normal
7253,1781099996.658196,udp_reflection
7254,1781099996.659404,udp_reflection
7255,1781099996.660269,normal
7256,1781099996.662039,udp_reflection
7257,1781099996.663091,udp_reflection
7258,1781099996.663884,udp_reflection
7259,1781099996.665169,udp_reflection
7260,1781099996.666628,udp_reflection
7261,1781099996.667581,udp_reflection
7262,1781099996.668773,udp_reflection
7263,1781099996.669855,udp_reflection
7264,1781099996.670852,udp_reflection
7265,1781099996.672074,udp_reflection
7266,1781099996.673117,udp_reflection
7267,1781099996.674296,udp_reflection
7268,1781099996.675132,udp_reflection
7269,1781099996.676089,udp_reflection
7270,1781099996.677551,udp_reflection
7271,1781099996.678920,udp_reflection
7272,1781099996.680010,udp_reflection
7273,1781099996.681382,udp_reflection
7274,1781099996.682205,udp_reflection
7275,1781099996.683104,udp_reflection
7276,1781099996.684231,udp_reflection
7277,1781099996.684978,udp_reflection
7278,1781099996.685806,udp_reflection
7279,1781099996.686894,udp_reflection
7280,1781099996.688066,udp_reflection
7281,1781099996.689030,udp_reflection
7282,1781099996.689928,udp_reflection
7283,1781099996.690985,udp_reflection
7284,1781099996.692333,udp_reflection
7285,1781099996.693374,udp_reflection
7286,1781099996.694506,udp_reflection
7287,1781099996.695618,udp_reflection
7288,1781099996.696585,normal
7289,1781099996.697485,udp_reflection
7290,1781099996.698520,udp_reflection
7291,1781099996.699492,udp_reflection
7292,1781099996.700323,udp_reflection
7293,1781099996.701292,udp_reflection
7294,1781099996.702791,udp_reflection
7295,1781099996.703961,normal
7296,1781099996.705535,udp_reflection
7297,1781099996.706683,udp_reflection
7298,1781099996.707919,udp_reflection
7299,1781099996.708910,normal
7300,1781099996.709805,udp_reflection
7301,1781099996.710555,normal
7302,1781099996.711787,normal
7303,1781099996.712769,udp_reflection
7304,1781099996.714066,udp_reflection
7305,1781099996.715024,udp_reflection
7306,1781099996.716064,udp_reflection
7307,1781099996.717595,udp_reflection
7308,1781099996.718479,udp_reflection
7309,1781099996.719715,udp_reflection
7310,1781099996.720882,udp_reflection
7311,1781099996.722089,udp_reflection
7312,1781099996.723594,udp_reflection
7313,1781099996.724761,normal
7314,1781099996.725916,udp_reflection
7315,1781099996.726934,normal
7316,1781099996.727781,udp_reflection
7317,1781099996.728665,udp_reflection
7318,1781099996.729598,udp_reflection
7319,1781099996.730442,udp_reflection
7320,1781099996.732113,udp_reflection
7321,1781099996.733001,udp_reflection
7322,1781099996.734249,udp_reflection
7323,1781099996.735485,normal
7324,1781099996.736546,udp_reflection
7325,1781099996.737615,normal
7326,1781099996.738648,normal
7327,1781099996.739884,udp_reflection
7328,1781099996.741039,udp_reflection
7329,1781099996.741936,udp_reflection
7330,1781099996.742811,normal
7331,1781099996.743867,udp_reflection
7332,1781099996.745008,udp_reflection
7333,1781099996.745999,udp_reflection
7334,1781099996.746768,udp_reflection
7335,1781099996.747969,udp_reflection
7336,1781099996.748983,udp_reflection
7337,1781099996.749769,udp_reflection
7338,1781099996.750812,udp_reflection
7339,1781099996.752216,udp_reflection
7340,1781099996.752958,udp_reflection
7341,1781099996.754180,normal
7342,1781099996.754863,udp_reflection
7343,1781099996.756108,udp_reflection
7344,1781099996.757520,udp_reflection
7345,1781099996.758539,udp_reflection
7346,1781099996.759815,normal
7347,1781099996.761139,udp_reflection
7348,1781099996.762588,normal
7349,1781099996.764224,udp_reflection
7350,1781099996.765401,udp_reflection
7351,1781099996.766668,udp_reflection
7352,1781099996.767604,udp_reflection
7353,1781099996.768778,udp_reflection
7354,1781099996.769829,normal
7355,1781099996.770805,udp_reflection
7356,1781099996.771592,normal
7357,1781099996.772534,udp_reflection
7358,1781099996.773928,udp_reflection
7359,1781099996.775245,udp_reflection
7360,1781099996.776203,udp_reflection
7361,1781099996.777447,udp_reflection
7362,1781099996.778219,udp_reflection
7363,1781099996.779038,udp_reflection
7364,1781099996.779777,udp_reflection
7365,1781099996.781078,udp_reflection
7366,1781099996.782451,udp_reflection
7367,1781099996.783386,udp_reflection
7368,1781099996.784868,udp_reflection
7369,1781099996.785755,normal
7370,1781099996.786611,udp_reflection
7371,1781099996.787873,udp_reflection
7372,1781099996.788887,udp_reflection
7373,1781099996.789957,normal
7374,1781099996.790802,udp_reflection
7375,1781099996.791970,normal
7376,1781099996.792887,udp_reflection
7377,1781099996.793468,udp_reflection
7378,1781099996.794809,normal
7379,1781099996.796264,udp_reflection
7380,1781099996.797593,udp_reflection
7381,1781099996.798630,normal
7382,1781099996.799431,udp_reflection
7383,1781099996.800344,udp_reflection
7384,1781099996.801116,udp_reflection
7385,1781099996.802044,udp_reflection
7386,1781099996.803089,udp_reflection
7387,1781099996.804369,udp_reflection
7388,1781099996.805328,udp_reflection
7389,1781099996.806576,udp_reflection
7390,1781099996.807246,normal
7391,1781099996.808455,udp_reflection
7392,1781099996.809252,udp_reflection
7393,1781099996.810480,udp_reflection
7394,1781099996.811483,udp_reflection
7395,1781099996.812504,udp_reflection
7396,1781099996.813528,udp_reflection
7397,1781099996.814558,udp_reflection
7398,1781099996.815724,udp_reflection
7399,1781099996.816458,udp_reflection
7400,1781099996.817546,udp_reflection
7401,1781099996.818609,udp_reflection
7402,1781099996.819867,normal
7403,1781099996.820899,udp_reflection
7404,1781099996.821659,udp_reflection
7405,1781099996.822917,normal
7406,1781099996.824048,udp_reflection
7407,1781099996.824903,udp_reflection
7408,1781099996.825712,normal
7409,1781099996.826587,udp_reflection
7410,1781099996.827648,udp_reflection
7411,1781099996.828664,udp_reflection
7412,1781099996.829792,udp_reflection
7413,1781099996.831263,udp_reflection
7414,1781099996.832036,udp_reflection
7415,1781099996.833175,udp_reflection
7416,1781099996.834465,udp_reflection
7417,1781099996.835459,udp_reflection
7418,1781099996.836581,udp_reflection
7419,1781099996.837380,normal
7420,1781099996.838305,normal
7421,1781099996.838953,udp_reflection
7422,1781099996.840087,udp_reflection
7423,1781099996.841006,normal
7424,1781099996.842006,udp_reflection
7425,1781099996.842967,normal
7426,1781099996.843717,udp_reflection
7427,1781099996.845186,udp_reflection
7428,1781099996.846299,udp_reflection
7429,1781099996.847044,udp_reflection
7430,1781099996.848252,udp_reflection
7431,1781099996.849163,udp_reflection
7432,1781099996.850434,normal
7433,1781099996.851153,normal
7434,1781099996.852599,udp_reflection
7435,1781099996.853251,udp_reflection
7436,1781099996.854546,udp_reflection
7437,1781099996.855662,udp_reflection
7438,1781099996.856477,udp_reflection
7439,1781099996.857487,normal
7440,1781099996.858205,udp_reflection
7441,1781099996.859431,udp_reflection
7442,1781099996.860573,normal
7443,1781099996.861308,udp_reflection
7444,1781099996.862155,udp_reflection
7445,1781099996.863291,udp_reflection
7446,1781099996.863982,udp_reflection
7447,1781099996.865664,normal
7448,1781099996.867059,udp_reflection
7449,1781099996.868286,normal
7450,1781099996.869210,udp_reflection
7451,1781099996.870018,udp_reflection
7452,1781099996.870948,udp_reflection
7453,1781099996.871845,udp_reflection
7454,1781099996.872806,udp_reflection
7455,1781099996.873683,udp_reflection
7456,1781099996.874658,udp_reflection
7457,1781099996.876311,udp_reflection
7458,1781099996.877149,normal
7459,1781099996.878123,udp_reflection
7460,1781099996.879391,normal
7461,1781099996.880621,udp_reflection
7462,1781099996.882269,normal
7463,1781099996.883408,udp_reflection
7464,1781099996.885081,udp_reflection
7465,1781099996.885817,udp_reflection
7466,1781099996.886802,normal
7467,1781099996.887812,udp_reflection
7468,1781099996.889234,udp_reflection
7469,1781099996.890244,normal
7470,1781099996.891184,udp_reflection
7471,1781099996.892261,udp_reflection
7472,1781099996.893169,udp_reflection
7473,1781099996.893904,normal
7474,1781099996.894735,udp_reflection
7475,1781099996.895693,udp_reflection
7476,1781099996.896619,udp_reflection
7477,1781099996.898081,normal
7478,1781099996.898930,udp_reflection
7479,1781099996.900015,normal
7480,1781099996.901417,udp_reflection
7481,1781099996.902102,udp_reflection
7482,1781099996.902910,udp_reflection
7483,1781099996.903952,udp_reflection
7484,1781099996.904819,normal
7485,1781099996.905702,udp_reflection
7486,1781099996.906570,normal
7487,1781099996.907448,udp_reflection
7488,1781099996.908170,udp_reflection
7489,1781099996.909007,udp_reflection
7490,1781099996.909885,normal
7491,1781099996.910953,udp_reflection
7492,1781099996.911966,udp_reflection
7493,1781099996.912622,normal
7494,1781099996.913483,normal
7495,1781099996.914412,udp_reflection
7496,1781099996.915168,normal
7497,1781099996.916007,udp_reflection
7498,1781099996.916838,udp_reflection
7499,1781099996.918035,udp_reflection
7500,1781099996.918638,udp_reflection
7501,1781099996.919546,udp_reflection
7502,1781099996.920272,udp_reflection
7503,1781099996.920878,udp_reflection
7504,1781099996.921860,udp_reflection
7505,1781099996.922670,udp_reflection
7506,1781099996.923692,udp_reflection
7507,1781099996.924836,normal
7508,1781099996.926011,udp_reflection
7509,1781099996.926840,udp_reflection
7510,1781099996.927629,udp_reflection
7511,1781099996.928698,normal
7512,1781099996.930157,udp_reflection
7513,1781099996.931073,udp_reflection
7514,1781099996.931847,udp_reflection
7515,1781099996.933279,udp_reflection
7516,1781099996.934171,udp_reflection
7517,1781099996.935501,udp_reflection
7518,1781099996.936588,udp_reflection
7519,1781099996.937550,normal
7520,1781099996.938455,udp_reflection
7521,1781099996.939244,normal
7522,1781099996.940345,udp_reflection
7523,1781099996.941211,udp_reflection
7524,1781099996.942633,udp_reflection
7525,1781099996.943649,udp_reflection
7526,1781099996.944375,udp_reflection
7527,1781099996.945964,udp_reflection
7528,1781099996.947073,normal
7529,1781099996.948262,normal
7530,1781099996.949203,normal
7531,1781099996.949944,normal
7532,1781099996.951029,normal
7533,1781099996.952165,normal
7534,1781099996.953483,udp_reflection
7535,1781099996.954354,udp_reflection
7536,1781099996.955179,udp_reflection
7537,1781099996.956516,udp_reflection
7538,1781099996.958033,udp_reflection
7539,1781099996.959062,udp_reflection
7540,1781099996.959843,udp_reflection
7541,1781099996.960930,udp_reflection
7542,1781099996.962061,udp_reflection
7543,1781099996.962854,normal
7544,1781099996.963536,udp_reflection
7545,1781099996.964541,udp_reflection
7546,1781099996.965548,udp_reflection
7547,1781099996.966238,udp_reflection
7548,1781099996.967077,udp_reflection
7549,1781099996.968063,normal
7550,1781099996.969401,normal
7551,1781099996.970270,udp_reflection
7552,1781099996.971354,normal
7553,1781099996.972382,normal
7554,1781099996.973424,normal
7555,1781099996.974385,normal
7556,1781099996.975610,udp_reflection
7557,1781099996.976403,udp_reflection
7558,1781099996.977058,udp_reflection
7559,1781099996.977845,udp_reflection
7560,1781099996.978666,udp_reflection
7561,1781099996.980301,udp_reflection
7562,1781099996.981480,udp_reflection
7563,1781099996.982429,udp_reflection
7564,1781099996.983160,udp_reflection
7565,1781099996.984309,udp_reflection
7566,1781099996.985418,udp_reflection
7567,1781099996.986400,normal
7568,1781099996.987619,udp_reflection
7569,1781099996.988531,udp_reflection
7570,1781099996.989402,udp_reflection
7571,1781099996.990381,udp_reflection
7572,1781099996.991360,normal
7573,1781099996.991891,normal
7574,1781099996.992825,udp_reflection
7575,1781099996.993901,normal
7576,1781099996.995058,udp_reflection
7577,1781099996.995873,udp_reflection
7578,1781099996.996794,normal
7579,1781099996.997880,udp_reflection
7580,1781099996.998991,udp_reflection
7581,1781099997.000037,udp_reflection
7582,1781099997.000929,normal
7583,1781099997.001864,udp_reflection
7584,1781099997.002517,normal
7585,1781099997.003690,normal
7586,1781099997.004521,udp_reflection
7587,1781099997.005742,udp_reflection
7588,1781099997.006719,udp_reflection
7589,1781099997.007484,normal
7590,1781099997.008727,normal
7591,1781099997.009878,normal
7592,1781099997.010759,udp_reflection
7593,1781099997.011463,normal
7594,1781099997.012084,udp_reflection
7595,1781099997.012693,udp_reflection
7596,1781099997.013348,udp_reflection
7597,1781099997.014191,normal
7598,1781099997.014918,udp_reflection
7599,1781099997.016031,udp_reflection
7600,1781099997.017196,udp_reflection
7601,1781099997.018173,udp_reflection
7602,1781099997.019160,udp_reflection
7603,1781099997.020213,udp_reflection
7604,1781099997.021192,udp_reflection
7605,1781099997.021773,udp_reflection
7606,1781099997.022615,udp_reflection
7607,1781099997.023644,udp_reflection
7608,1781099997.024517,udp_reflection
7609,1781099997.025305,udp_reflection
7610,1781099997.026565,udp_reflection
7611,1781099997.028183,udp_reflection
7612,1781099997.028806,udp_reflection
7613,1781099997.030276,normal
7614,1781099997.030996,udp_reflection
7615,1781099997.031737,udp_reflection
7616,1781099997.032436,normal
7617,1781099997.033321,udp_reflection
7618,1781099997.034739,udp_reflection
7619,1781099997.035574,udp_reflection
7620,1781099997.036425,udp_reflection
7621,1781099997.036959,udp_reflection
7622,1781099997.037871,normal
7623,1781099997.038592,udp_reflection
7624,1781099997.039611,udp_reflection
7625,1781099997.040351,udp_reflection
7626,1781099997.041447,normal
7627,1781099997.042450,normal
7628,1781099997.043426,normal
7629,1781099997.044302,udp_reflection
7630,1781099997.045442,normal
7631,1781099997.046497,normal
7632,1781099997.047363,udp_reflection
7633,1781099997.048229,normal
7634,1781099997.049112,udp_reflection
7635,1781099997.050148,normal
7636,1781099997.051863,udp_reflection
7637,1781099997.052583,normal
7638,1781099997.053625,udp_reflection
7639,1781099997.054412,normal
7640,1781099997.055045,udp_reflection
7641,1781099997.055752,udp_reflection
7642,1781099997.056709,udp_reflection
7643,1781099997.057643,normal
7644,1781099997.058651,udp_reflection
7645,1781099997.059603,udp_reflection
7646,1781099997.060312,udp_reflection
7647,1781099997.060977,udp_reflection
7648,1781099997.061779,udp_reflection
7649,1781099997.062624,udp_reflection
7650,1781099997.064272,udp_reflection
7651,1781099997.064917,udp_reflection
7652,1781099997.065582,udp_reflection
7653,1781099997.066490,udp_reflection
7654,1781099997.067076,normal
7655,1781099997.067864,normal
7656,1781099997.068632,udp_reflection
7657,1781099997.069585,udp_reflection
7658,1781099997.070680,udp_reflection
7659,1781099997.071443,udp_reflection
7660,1781099997.072170,udp_reflection
7661,1781099997.073088,udp_reflection
7662,1781099997.074339,udp_reflection
7663,1781099997.075250,udp_reflection
7664,1781099997.075874,udp_reflection
7665,1781099997.077030,udp_reflection
7666,1781099997.078111,udp_reflection
7667,1781099997.079082,udp_reflection
7668,1781099997.080048,udp_reflection
7669,1781099997.080849,udp_reflection
7670,1781099997.081723,udp_reflection
7671,1781099997.082535,udp_reflection
7672,1781099997.083483,udp_reflection
7673,1781099997.084226,udp_reflection
7674,1781099997.085296,udp_reflection
7675,1781099997.086025,udp_reflection
7676,1781099997.086735,udp_reflection
7677,1781099997.087941,normal
7678,1781099997.089097,udp_reflection
7679,1781099997.090437,udp_reflection
7680,1781099997.091380,normal
7681,1781099997.092243,udp_reflection
7682,1781099997.092687,udp_reflection
7683,1781099997.093684,normal
7684,1781099997.094657,udp_reflection
7685,1781099997.095661,udp_reflection
7686,1781099997.096630,udp_reflection
7687,1781099997.097423,udp_reflection
7688,1781099997.098141,normal
7689,1781099997.099213,udp_reflection
7690,1781099997.099997,udp_reflection
7691,1781099997.100828,normal
7692,1781099997.101567,normal
7693,1781099997.102307,udp_reflection
7694,1781099997.103253,udp_reflection
7695,1781099997.104226,normal
7696,1781099997.105253,udp_reflection
7697,1781099997.106009,normal
7698,1781099997.106855,udp_reflection
7699,1781099997.107466,normal
7700,1781099997.108174,udp_reflection
7701,1781099997.108961,udp_reflection
7702,1781099997.109708,udp_reflection
7703,1781099997.110425,udp_reflection
7704,1781099997.111424,udp_reflection
7705,1781099997.112279,udp_reflection
7706,1781099997.113385,udp_reflection
7707,1781099997.114274,udp_reflection
7708,1781099997.115220,normal
7709,1781099997.116254,normal
7710,1781099997.116936,udp_reflection
7711,1781099997.117490,udp_reflection
7712,1781099997.118515,udp_reflection
7713,1781099997.119386,udp_reflection
7714,1781099997.120367,udp_reflection
7715,1781099997.120971,udp_reflection
7716,1781099997.121775,udp_reflection
7717,1781099997.122848,normal
7718,1781099997.123498,udp_reflection
7719,1781099997.124245,normal
7720,1781099997.125049,udp_reflection
7721,1781099997.125897,udp_reflection
7722,1781099997.126807,udp_reflection
7723,1781099997.127724,udp_reflection
7724,1781099997.128607,udp_reflection
7725,1781099997.129637,udp_reflection
7726,1781099997.130627,normal
7727,1781099997.131597,normal
7728,1781099997.132603,udp_reflection
7729,1781099997.133547,udp_reflection
7730,1781099997.134650,normal
7731,1781099997.135598,udp_reflection
7732,1781099997.136474,normal
7733,1781099997.137437,udp_reflection
7734,1781099997.138258,udp_reflection
7735,1781099997.139137,udp_reflection
7736,1781099997.139713,normal
7737,1781099997.140516,normal
7738,1781099997.141400,udp_reflection
7739,1781099997.142168,udp_reflection
7740,1781099997.143152,udp_reflection
7741,1781099997.144095,udp_reflection
7742,1781099997.145050,udp_reflection
7743,1781099997.145686,normal
7744,1781099997.146557,normal
7745,1781099997.147216,udp_reflection
7746,1781099997.147864,udp_reflection
7747,1781099997.148651,udp_reflection
7748,1781099997.149819,udp_reflection
7749,1781099997.150856,udp_reflection
7750,1781099997.151719,udp_reflection
7751,1781099997.152549,udp_reflection
7752,1781099997.153369,udp_reflection
7753,1781099997.154325,udp_reflection
7754,1781099997.155051,udp_reflection
7755,1781099997.156329,udp_reflection
7756,1781099997.157194,udp_reflection
7757,1781099997.158232,normal
7758,1781099997.159336,udp_reflection
7759,1781099997.159940,udp_reflection
7760,1781099997.160824,udp_reflection
7761,1781099997.161588,udp_reflection
7762,1781099997.162595,normal
7763,1781099997.163574,normal
7764,1781099997.164699,udp_reflection
7765,1781099997.165637,udp_reflection
7766,1781099997.166333,normal
7767,1781099997.167126,udp_reflection
7768,1781099997.167928,udp_reflection
7769,1781099997.168560,udp_reflection
7770,1781099997.169611,udp_reflection
7771,1781099997.170235,udp_reflection
7772,1781099997.171097,udp_reflection
7773,1781099997.171818,udp_reflection
7774,1781099997.172771,normal
7775,1781099997.173576,udp_reflection
7776,1781099997.174139,udp_reflection
7777,1781099997.175229,udp_reflection
7778,1781099997.175750,udp_reflection
7779,1781099997.176656,udp_reflection
7780,1781099997.177448,udp_reflection
7781,1781099997.178463,udp_reflection
7782,1781099997.179112,udp_reflection
7783,1781099997.180321,udp_reflection
7784,1781099997.180971,normal
7785,1781099997.181738,normal
7786,1781099997.182442,udp_reflection
7787,1781099997.183358,udp_reflection
7788,1781099997.184310,udp_reflection
7789,1781099997.185210,udp_reflection
7790,1781099997.185817,normal
7791,1781099997.186331,normal
7792,1781099997.187417,udp_reflection
7793,1781099997.188160,udp_reflection
7794,1781099997.188707,udp_reflection
7795,1781099997.189369,udp_reflection
7796,1781099997.190260,normal
7797,1781099997.190830,udp_reflection
7798,1781099997.191615,normal
7799,1781099997.192519,udp_reflection
7800,1781099997.193936,udp_reflection
7801,1781099997.194890,udp_reflection
7802,1781099997.195756,udp_reflection
7803,1781099997.196302,udp_reflection
7804,1781099997.197246,normal
7805,1781099997.198006,udp_reflection
7806,1781099997.198794,normal
7807,1781099997.199453,udp_reflection
7808,1781099997.200503,udp_reflection
7809,1781099997.201290,udp_reflection
7810,1781099997.202294,normal
7811,1781099997.202906,udp_reflection
7812,1781099997.204182,udp_reflection
7813,1781099997.204867,udp_reflection
7814,1781099997.205672,normal
7815,1781099997.206389,normal
7816,1781099997.207274,normal
7817,1781099997.208344,udp_reflection
7818,1781099997.209198,udp_reflection
7819,1781099997.209916,normal
7820,1781099997.210622,udp_reflection
7821,1781099997.211373,udp_reflection
7822,1781099997.212157,udp_reflection
7823,1781099997.212873,normal
7824,1781099997.213542,normal
7825,1781099997.214489,udp_reflection
7826,1781099997.215129,udp_reflection
7827,1781099997.215768,udp_reflection
7828,1781099997.216599,udp_reflection
7829,1781099997.217453,udp_reflection
7830,1781099997.218278,udp_reflection
7831,1781099997.219083,udp_reflection
7832,1781099997.219727,normal
7833,1781099997.220597,udp_reflection
7834,1781099997.221502,udp_reflection
7835,1781099997.222619,udp_reflection
7836,1781099997.223315,udp_reflection
7837,1781099997.224023,udp_reflection
7838,1781099997.224706,normal
7839,1781099997.225529,normal
7840,1781099997.226282,udp_reflection
7841,1781099997.227118,udp_reflection
7842,1781099997.228272,udp_reflection
7843,1781099997.228833,normal
7844,1781099997.229660,udp_reflection
7845,1781099997.230226,udp_reflection
7846,1781099997.231264,udp_reflection
7847,1781099997.232109,udp_reflection
7848,1781099997.232863,udp_reflection
7849,1781099997.233408,udp_reflection
7850,1781099997.234504,udp_reflection
7851,1781099997.235209,normal
7852,1781099997.236359,udp_reflection
7853,1781099997.237080,udp_reflection
7854,1781099997.238134,udp_reflection
7855,1781099997.239107,normal
7856,1781099997.239772,udp_reflection
7857,1781099997.240501,udp_reflection
7858,1781099997.241309,udp_reflection
7859,1781099997.242483,udp_reflection
7860,1781099997.243393,udp_reflection
7861,1781099997.244115,normal
7862,1781099997.245029,normal
7863,1781099997.246095,normal
7864,1781099997.246850,normal
7865,1781099997.247499,udp_reflection
7866,1781099997.248312,udp_reflection
7867,1781099997.248951,udp_reflection
7868,1781099997.249626,udp_reflection
7869,1781099997.250468,udp_reflection
7870,1781099997.251136,udp_reflection
7871,1781099997.251957,udp_reflection
7872,1781099997.252520,udp_reflection
7873,1781099997.253165,normal
7874,1781099997.253874,udp_reflection
7875,1781099997.254532,normal
7876,1781099997.255119,udp_reflection
7877,1781099997.255921,normal
7878,1781099997.256634,normal
7879,1781099997.257303,udp_reflection
7880,1781099997.258396,udp_reflection
7881,1781099997.259048,udp_reflection
7882,1781099997.259870,udp_reflection
7883,1781099997.260432,normal
7884,1781099997.261431,udp_reflection
7885,1781099997.262114,udp_reflection
7886,1781099997.263049,normal
7887,1781099997.263718,normal
7888,1781099997.264297,udp_reflection
7889,1781099997.265389,udp_reflection
7890,1781099997.266301,normal
7891,1781099997.267006,normal
7892,1781099997.267754,udp_reflection
7893,1781099997.268456,udp_reflection
7894,1781099997.269392,udp_reflection
7895,1781099997.270351,udp_reflection
7896,1781099997.270988,udp_reflection
7897,1781099997.271648,udp_reflection
7898,1781099997.272711,udp_reflection
7899,1781099997.273561,udp_reflection
7900,1781099997.274038,udp_reflection
7901,1781099997.274922,udp_reflection
7902,1781099997.275668,normal
7903,1781099997.276567,udp_reflection
7904,1781099997.277391,normal
7905,1781099997.278311,udp_reflection
7906,1781099997.279549,udp_reflection
7907,1781099997.280213,normal
7908,1781099997.280957,udp_reflection
7909,1781099997.281591,udp_reflection
7910,1781099997.282328,udp_reflection
7911,1781099997.282823,udp_reflection
7912,1781099997.283495,udp_reflection
7913,1781099997.284337,udp_reflection
7914,1781099997.284927,udp_reflection
7915,1781099997.285700,udp_reflection
7916,1781099997.286376,udp_reflection
7917,1781099997.287021,normal
7918,1781099997.288180,normal
7919,1781099997.288943,normal
7920,1781099997.289845,normal
7921,1781099997.290482,udp_reflection
7922,1781099997.291445,normal
7923,1781099997.292331,udp_reflection
7924,1781099997.293164,normal
7925,1781099997.293693,udp_reflection
7926,1781099997.294490,udp_reflection
7927,1781099997.295417,udp_reflection
7928,1781099997.296154,udp_reflection
7929,1781099997.297233,udp_reflection
7930,1781099997.297914,udp_reflection
7931,1781099997.298589,udp_reflection
7932,1781099997.299469,udp_reflection
7933,1781099997.300190,normal
7934,1781099997.300795,udp_reflection
7935,1781099997.301436,udp_reflection
7936,1781099997.302211,udp_reflection
7937,1781099997.302838,udp_reflection
7938,1781099997.303679,udp_reflection
7939,1781099997.304568,udp_reflection
7940,1781099997.305705,udp_reflection
7941,1781099997.306315,udp_reflection
7942,1781099997.307181,normal
7943,1781099997.307983,udp_reflection
7944,1781099997.308688,udp_reflection
7945,1781099997.309477,udp_reflection
7946,1781099997.310166,normal
7947,1781099997.310792,normal
7948,1781099997.311659,udp_reflection
7949,1781099997.312284,normal
7950,1781099997.313265,udp_reflection
7951,1781099997.314303,udp_reflection
7952,1781099997.314980,udp_reflection
7953,1781099997.315741,normal
7954,1781099997.316522,udp_reflection
7955,1781099997.317154,udp_reflection
7956,1781099997.317923,udp_reflection
7957,1781099997.318760,normal
7958,1781099997.319499,udp_reflection
7959,1781099997.320034,udp_reflection
7960,1781099997.321270,udp_reflection
7961,1781099997.321831,udp_reflection
7962,1781099997.322452,udp_reflection
7963,1781099997.323028,udp_reflection
7964,1781099997.323800,udp_reflection
7965,1781099997.324682,normal
7966,1781099997.325443,udp_reflection
7967,1781099997.326283,udp_reflection
7968,1781099997.327085,udp_reflection
7969,1781099997.327773,udp_reflection
7970,1781099997.328405,normal
7971,1781099997.329187,normal
7972,1781099997.329887,udp_reflection
7973,1781099997.330515,normal
7974,1781099997.331093,udp_reflection
7975,1781099997.331749,udp_reflection
7976,1781099997.332563,udp_reflection
7977,1781099997.333185,normal
7978,1781099997.333776,udp_reflection
7979,1781099997.334777,udp_reflection
7980,1781099997.335525,normal
7981,1781099997.336405,udp_reflection
7982,1781099997.337411,udp_reflection
7983,1781099997.338116,udp_reflection
7984,1781099997.338876,udp_reflection
7985,1781099997.339489,udp_reflection
7986,1781099997.340705,udp_reflection
7987,1781099997.341712,udp_reflection
7988,1781099997.342479,udp_reflection
7989,1781099997.343300,udp_reflection
7990,1781099997.343984,udp_reflection
7991,1781099997.344956,udp_reflection
7992,1781099997.345552,udp_reflection
7993,1781099997.346392,normal
7994,1781099997.347108,udp_reflection
7995,1781099997.348206,udp_reflection
7996,1781099997.349202,udp_reflection
7997,1781099997.350054,udp_reflection
7998,1781099997.350948,normal
7999,1781099997.351986,udp_reflection
8000,1781099997.352833,normal
8001,1781099997.353494,udp_reflection
8002,1781099997.354300,udp_reflection
8003,1781099997.355075,udp_reflection
8004,1781099997.355687,udp_reflection
8005,1781099997.356385,udp_reflection
8006,1781099997.357061,udp_reflection
8007,1781099997.357679,normal
8008,1781099997.358445,udp_reflection
8009,1781099997.359185,udp_reflection
8010,1781099997.359929,udp_reflection
8011,1781099997.360756,udp_reflection
8012,1781099997.361310,udp_reflection
8013,1781099997.361962,normal
8014,1781099997.362861,udp_reflection
8015,1781099997.363358,udp_reflection
8016,1781099997.364085,udp_reflection
8017,1781099997.365100,udp_reflection
8018,1781099997.366021,udp_reflection
8019,1781099997.366748,udp_reflection
8020,1781099997.367416,udp_reflection
8021,1781099997.368339,udp_reflection
8022,1781099997.369592,udp_reflection
8023,1781099997.370255,udp_reflection
8024,1781099997.370831,udp_reflection
8025,1781099997.371364,udp_reflection
8026,1781099997.372400,normal
8027,1781099997.373067,udp_reflection
8028,1781099997.374041,udp_reflection
8029,1781099997.374742,udp_reflection
8030,1781099997.375721,normal
8031,1781099997.376719,udp_reflection
8032,1781099997.377795,udp_reflection
8033,1781099997.378998,udp_reflection
8034,1781099997.380175,udp_reflection
8035,1781099997.380801,normal
8036,1781099997.381666,udp_reflection
8037,1781099997.382622,udp_reflection
8038,1781099997.383177,normal
8039,1781099997.383958,udp_reflection
8040,1781099997.384731,udp_reflection
8041,1781099997.385706,normal
8042,1781099997.386809,udp_reflection
8043,1781099997.387756,udp_reflection
8044,1781099997.388563,normal
8045,1781099997.389852,udp_reflection
8046,1781099997.390544,udp_reflection
8047,1781099997.391232,normal
8048,1781099997.392293,udp_reflection
8049,1781099997.392652,udp_reflection
8050,1781099997.393440,udp_reflection
8051,1781099997.394249,udp_reflection
8052,1781099997.395031,udp_reflection
8053,1781099997.395771,normal
8054,1781099997.396506,udp_reflection
8055,1781099997.397542,normal
8056,1781099997.398182,normal
8057,1781099997.399226,udp_reflection
8058,1781099997.399946,udp_reflection
8059,1781099997.400544,normal
8060,1781099997.401209,udp_reflection
8061,1781099997.402166,udp_reflection
8062,1781099997.402933,normal
8063,1781099997.403675,udp_reflection
8064,1781099997.404947,normal
8065,1781099997.405790,udp_reflection
8066,1781099997.406911,udp_reflection
8067,1781099997.407752,udp_reflection
8068,1781099997.408493,udp_reflection
8069,1781099997.409077,udp_reflection
8070,1781099997.409774,udp_reflection
8071,1781099997.410243,udp_reflection
8072,1781099997.410995,udp_reflection
8073,1781099997.411697,normal
8074,1781099997.412568,udp_reflection
8075,1781099997.413493,normal
8076,1781099997.414181,udp_reflection
8077,1781099997.414988,udp_reflection
8078,1781099997.415564,normal
8079,1781099997.416394,udp_reflection
8080,1781099997.417152,normal
8081,1781099997.418003,normal
8082,1781099997.418568,udp_reflection
8083,1781099997.419350,normal
8084,1781099997.420282,udp_reflection
8085,1781099997.420851,udp_reflection
8086,1781099997.421819,udp_reflection
8087,1781099997.422668,udp_reflection
8088,1781099997.423518,udp_reflection
8089,1781099997.424716,udp_reflection
8090,1781099997.425274,udp_reflection
8091,1781099997.426079,udp_reflection
8092,1781099997.426801,udp_reflection
8093,1781099997.427486,normal
8094,1781099997.428291,udp_reflection
8095,1781099997.429078,udp_reflection
8096,1781099997.430120,udp_reflection
8097,1781099997.430734,udp_reflection
8098,1781099997.431413,udp_reflection
8099,1781099997.431999,normal
8100,1781099997.432577,udp_reflection
8101,1781099997.433402,udp_reflection
8102,1781099997.434082,udp_reflection
8103,1781099997.434826,udp_reflection
8104,1781099997.435462,udp_reflection
8105,1781099997.436244,udp_reflection
8106,1781099997.436914,udp_reflection
8107,1781099997.437802,udp_reflection
8108,1781099997.438691,udp_reflection
8109,1781099997.439633,udp_reflection
8110,1781099997.440646,udp_reflection
8111,1781099997.441472,normal
8112,1781099997.442801,udp_reflection
8113,1781099997.443907,normal
8114,1781099997.444949,normal
8115,1781099997.445721,udp_reflection
8116,1781099997.446455,udp_reflection
8117,1781099997.447426,udp_reflection
8118,1781099997.448272,udp_reflection
8119,1781099997.448987,udp_reflection
8120,1781099997.449538,udp_reflection
8121,1781099997.450240,udp_reflection
8122,1781099997.451033,normal
8123,1781099997.451567,normal
8124,1781099997.452166,normal
8125,1781099997.452955,udp_reflection
8126,1781099997.453889,udp_reflection
8127,1781099997.454625,normal
8128,1781099997.455333,udp_reflection
8129,1781099997.456079,normal
8130,1781099997.456966,udp_reflection
8131,1781099997.457611,udp_reflection
8132,1781099997.458478,normal
8133,1781099997.459180,udp_reflection
8134,1781099997.459805,normal
8135,1781099997.460781,udp_reflection
8136,1781099997.461963,udp_reflection
8137,1781099997.462855,normal
8138,1781099997.463490,udp_reflection
8139,1781099997.464042,normal
8140,1781099997.464818,udp_reflection
8141,1781099997.465323,udp_reflection
8142,1781099997.466291,udp_reflection
8143,1781099997.467081,udp_reflection
8144,1781099997.467907,udp_reflection
8145,1781099997.468604,udp_reflection
8146,1781099997.469602,udp_reflection
8147,1781099997.470114,udp_reflection
8148,1781099997.470965,udp_reflection
8149,1781099997.471564,normal
8150,1781099997.472397,udp_reflection
8151,1781099997.473026,udp_reflection
8152,1781099997.473940,udp_reflection
8153,1781099997.474731,udp_reflection
8154,1781099997.475508,udp_reflection
8155,1781099997.476333,udp_reflection
8156,1781099997.477411,udp_reflection
8157,1781099997.477921,normal
8158,1781099997.478708,normal
8159,1781099997.479511,udp_reflection
8160,1781099997.480057,normal
8161,1781099997.480773,normal
8162,1781099997.481334,udp_reflection
8163,1781099997.482162,normal
8164,1781099997.482923,udp_reflection
8165,1781099997.484076,udp_reflection
8166,1781099997.484833,udp_reflection
8167,1781099997.485625,udp_reflection
8168,1781099997.486129,normal
8169,1781099997.487032,udp_reflection
8170,1781099997.487731,normal
8171,1781099997.488685,udp_reflection
8172,1781099997.489341,udp_reflection
8173,1781099997.489950,udp_reflection
8174,1781099997.491228,udp_reflection
8175,1781099997.491944,udp_reflection
8176,1781099997.492570,normal
8177,1781099997.493129,udp_reflection
8178,1781099997.494081,normal
8179,1781099997.494817,udp_reflection
8180,1781099997.495603,udp_reflection
8181,1781099997.496223,normal
8182,1781099997.497201,normal
8183,1781099997.497652,udp_reflection
8184,1781099997.498378,udp_reflection
8185,1781099997.499719,udp_reflection
8186,1781099997.500205,udp_reflection
8187,1781099997.501083,udp_reflection
8188,1781099997.501785,udp_reflection
8189,1781099997.502316,udp_reflection
8190,1781099997.503077,udp_reflection
8191,1781099997.503693,udp_reflection
8192,1781099997.504469,udp_reflection
8193,1781099997.505645,normal
8194,1781099997.506283,udp_reflection
8195,1781099997.506932,udp_reflection
8196,1781099997.507659,normal
8197,1781099997.508343,normal
8198,1781099997.509166,udp_reflection
8199,1781099997.510085,udp_reflection
8200,1781099997.510772,udp_reflection
8201,1781099997.511358,udp_reflection
8202,1781099997.512355,udp_reflection
8203,1781099997.513092,udp_reflection
8204,1781099997.513875,normal
8205,1781099997.514534,normal
8206,1781099997.515145,udp_reflection
8207,1781099997.516158,normal
8208,1781099997.517073,udp_reflection
8209,1781099997.517615,udp_reflection
8210,1781099997.518559,udp_reflection
8211,1781099997.519098,normal
8212,1781099997.519612,normal
8213,1781099997.520686,normal
8214,1781099997.521435,udp_reflection
8215,1781099997.521956,udp_reflection
8216,1781099997.522997,udp_reflection
8217,1781099997.523540,udp_reflection
8218,1781099997.524096,udp_reflection
8219,1781099997.524576,udp_reflection
8220,1781099997.525160,udp_reflection
8221,1781099997.525735,udp_reflection
8222,1781099997.526379,udp_reflection
8223,1781099997.527073,udp_reflection
8224,1781099997.527719,udp_reflection
8225,1781099997.528530,udp_reflection
8226,1781099997.529473,normal
8227,1781099997.530301,udp_reflection
8228,1781099997.530858,udp_reflection
8229,1781099997.531475,udp_reflection
8230,1781099997.532408,udp_reflection
8231,1781099997.533282,udp_reflection
8232,1781099997.533864,udp_reflection
8233,1781099997.534653,udp_reflection
8234,1781099997.535505,udp_reflection
8235,1781099997.536267,udp_reflection
8236,1781099997.537111,normal
8237,1781099997.537947,normal
8238,1781099997.538741,udp_reflection
8239,1781099997.539389,udp_reflection
8240,1781099997.539963,normal
8241,1781099997.540613,udp_reflection
8242,1781099997.541373,udp_reflection
8243,1781099997.542109,udp_reflection
8244,1781099997.542766,udp_reflection
8245,1781099997.543585,udp_reflection
8246,1781099997.544206,udp_reflection
8247,1781099997.544809,udp_reflection
8248,1781099997.545521,udp_reflection
8249,1781099997.546276,udp_reflection
8250,1781099997.547117,udp_reflection
8251,1781099997.547770,udp_reflection
8252,1781099997.548434,normal
8253,1781099997.549020,normal
8254,1781099997.549795,udp_reflection
8255,1781099997.550471,udp_reflection
8256,1781099997.551207,normal
8257,1781099997.551788,udp_reflection
8258,1781099997.552589,udp_reflection
8259,1781099997.553470,udp_reflection
8260,1781099997.554095,udp_reflection
8261,1781099997.554938,udp_reflection
8262,1781099997.555578,udp_reflection
8263,1781099997.556518,udp_reflection
8264,1781099997.557261,udp_reflection
8265,1781099997.557911,udp_reflection
8266,1781099997.558753,udp_reflection
8267,1781099997.559508,normal
8268,1781099997.560319,udp_reflection
8269,1781099997.561301,udp_reflection
8270,1781099997.562133,udp_reflection
8271,1781099997.562940,normal
8272,1781099997.563549,udp_reflection
8273,1781099997.564290,udp_reflection
8274,1781099997.564823,udp_reflection
8275,1781099997.565631,udp_reflection
8276,1781099997.566089,udp_reflection
8277,1781099997.566622,udp_reflection
8278,1781099997.567605,udp_reflection
8279,1781099997.568455,normal
8280,1781099997.569307,udp_reflection
8281,1781099997.569791,udp_reflection
8282,1781099997.570432,udp_reflection
8283,1781099997.570969,udp_reflection
8284,1781099997.571837,normal
8285,1781099997.572776,udp_reflection
8286,1781099997.573556,udp_reflection
8287,1781099997.574250,udp_reflection
8288,1781099997.575662,udp_reflection
8289,1781099997.576340,udp_reflection
8290,1781099997.577347,udp_reflection
8291,1781099997.577998,udp_reflection
8292,1781099997.578782,udp_reflection
8293,1781099997.579517,udp_reflection
8294,1781099997.580495,udp_reflection
8295,1781099997.581219,udp_reflection
8296,1781099997.581833,udp_reflection
8297,1781099997.582947,normal
8298,1781099997.583428,udp_reflection
8299,1781099997.584070,udp_reflection
8300,1781099997.585006,normal
8301,1781099997.585727,udp_reflection
8302,1781099997.586449,udp_reflection
8303,1781099997.587292,udp_reflection
8304,1781099997.588181,udp_reflection
8305,1781099997.589028,udp_reflection
8306,1781099997.589635,udp_reflection
8307,1781099997.590269,udp_reflection
8308,1781099997.590980,udp_reflection
8309,1781099997.591812,udp_reflection
8310,1781099997.592285,udp_reflection
8311,1781099997.592993,udp_reflection
8312,1781099997.593606,udp_reflection
8313,1781099997.594436,udp_reflection
8314,1781099997.594938,udp_reflection
8315,1781099997.595429,udp_reflection
8316,1781099997.596005,udp_reflection
8317,1781099997.596782,udp_reflection
8318,1781099997.597272,normal
8319,1781099997.597886,normal
8320,1781099997.598368,udp_reflection
8321,1781099997.598926,udp_reflection
8322,1781099997.599549,udp_reflection
8323,1781099997.600343,udp_reflection
8324,1781099997.601002,udp_reflection
8325,1781099997.601655,udp_reflection
8326,1781099997.602372,normal
8327,1781099997.602966,udp_reflection
8328,1781099997.603768,normal
8329,1781099997.604627,udp_reflection
8330,1781099997.605428,udp_reflection
8331,1781099997.605788,udp_reflection
8332,1781099997.606524,udp_reflection
8333,1781099997.607260,udp_reflection
8334,1781099997.608066,normal
8335,1781099997.608850,udp_reflection
8336,1781099997.609407,udp_reflection
8337,1781099997.610254,udp_reflection
8338,1781099997.610847,udp_reflection
8339,1781099997.611451,udp_reflection
8340,1781099997.612144,normal
8341,1781099997.612824,normal
8342,1781099997.613489,normal
8343,1781099997.614155,udp_reflection
8344,1781099997.614920,udp_reflection
8345,1781099997.615644,normal
8346,1781099997.616696,udp_reflection
8347,1781099997.617672,normal
8348,1781099997.618310,udp_reflection
8349,1781099997.618973,udp_reflection
8350,1781099997.619742,normal
8351,1781099997.620268,udp_reflection
8352,1781099997.621328,udp_reflection
8353,1781099997.622166,udp_reflection
8354,1781099997.623029,udp_reflection
8355,1781099997.624141,udp_reflection
8356,1781099997.624773,udp_reflection
8357,1781099997.625549,normal
8358,1781099997.626308,udp_reflection
8359,1781099997.626987,udp_reflection
8360,1781099997.627706,normal
8361,1781099997.628474,udp_reflection
8362,1781099997.629085,udp_reflection
8363,1781099997.630187,udp_reflection
8364,1781099997.630709,udp_reflection
8365,1781099997.631235,udp_reflection
8366,1781099997.632018,udp_reflection
8367,1781099997.632870,udp_reflection
8368,1781099997.633820,udp_reflection
8369,1781099997.634612,normal
8370,1781099997.635273,normal
8371,1781099997.636168,udp_reflection
8372,1781099997.636707,udp_reflection
8373,1781099997.637664,udp_reflection
8374,1781099997.638367,udp_reflection
8375,1781099997.638992,udp_reflection
8376,1781099997.639671,udp_reflection
8377,1781099997.640492,udp_reflection
8378,1781099997.641427,udp_reflection
8379,1781099997.642109,udp_reflection
8380,1781099997.642774,udp_reflection
8381,1781099997.643569,udp_reflection
8382,1781099997.644095,udp_reflection
8383,1781099997.644626,udp_reflection
8384,1781099997.645238,udp_reflection
8385,1781099997.645713,udp_reflection
8386,1781099997.646453,normal
8387,1781099997.647213,udp_reflection
8388,1781099997.647836,udp_reflection
8389,1781099997.648365,udp_reflection
8390,1781099997.648973,udp_reflection
8391,1781099997.649803,udp_reflection
8392,1781099997.650646,udp_reflection
8393,1781099997.651269,udp_reflection
8394,1781099997.652095,udp_reflection
8395,1781099997.652526,udp_reflection
8396,1781099997.653262,udp_reflection
8397,1781099997.653888,udp_reflection
8398,1781099997.654757,normal
8399,1781099997.655370,udp_reflection
8400,1781099997.655986,udp_reflection
8401,1781099997.656548,udp_reflection
8402,1781099997.657516,udp_reflection
8403,1781099997.658293,udp_reflection
8404,1781099997.659116,udp_reflection
8405,1781099997.660123,udp_reflection
8406,1781099997.660704,udp_reflection
8407,1781099997.661532,udp_reflection
8408,1781099997.662091,udp_reflection
8409,1781099997.662889,normal
8410,1781099997.663504,udp_reflection
8411,1781099997.664246,udp_reflection
8412,1781099997.664875,udp_reflection
8413,1781099997.665569,udp_reflection
8414,1781099997.666348,udp_reflection
8415,1781099997.666959,udp_reflection
8416,1781099997.667667,udp_reflection
8417,1781099997.668408,udp_reflection
8418,1781099997.669349,udp_reflection
8419,1781099997.670119,udp_reflection
8420,1781099997.670829,udp_reflection
8421,1781099997.671743,udp_reflection
8422,1781099997.672202,normal
8423,1781099997.673081,udp_reflection
8424,1781099997.673781,udp_reflection
8425,1781099997.674543,udp_reflection
8426,1781099997.675317,udp_reflection
8427,1781099997.675945,udp_reflection
8428,1781099997.676604,normal
8429,1781099997.677649,udp_reflection
8430,1781099997.678335,udp_reflection
8431,1781099997.678829,normal
8432,1781099997.679586,normal
8433,1781099997.680343,udp_reflection
8434,1781099997.680952,udp_reflection
8435,1781099997.681618,udp_reflection
8436,1781099997.682224,normal
8437,1781099997.682779,udp_reflection
8438,1781099997.683341,udp_reflection
8439,1781099997.684095,udp_reflection
8440,1781099997.684661,udp_reflection
8441,1781099997.685446,udp_reflection
8442,1781099997.686139,udp_reflection
8443,1781099997.686955,udp_reflection
8444,1781099997.687736,udp_reflection
8445,1781099997.688593,udp_reflection
8446,1781099997.689324,udp_reflection
8447,1781099997.690073,normal
8448,1781099997.690866,normal
8449,1781099997.691758,udp_reflection
8450,1781099997.692303,normal
8451,1781099997.693009,normal
8452,1781099997.693359,udp_reflection
8453,1781099997.693752,udp_reflection
8454,1781099997.694670,udp_reflection
8455,1781099997.695262,udp_reflection
8456,1781099997.696051,udp_reflection
8457,1781099997.696798,udp_reflection
8458,1781099997.697265,udp_reflection
8459,1781099997.697754,udp_reflection
8460,1781099997.698276,normal
8461,1781099997.699049,udp_reflection
8462,1781099997.699659,udp_reflection
8463,1781099997.700180,udp_reflection
8464,1781099997.701025,udp_reflection
8465,1781099997.701530,udp_reflection
8466,1781099997.702140,normal
8467,1781099997.702959,udp_reflection
8468,1781099997.703870,udp_reflection
8469,1781099997.704678,normal
8470,1781099997.705348,udp_reflection
8471,1781099997.705940,udp_reflection
8472,1781099997.706695,udp_reflection
8473,1781099997.707203,udp_reflection
8474,1781099997.708242,udp_reflection
8475,1781099997.708936,udp_reflection
8476,1781099997.709714,udp_reflection
8477,1781099997.710356,udp_reflection
8478,1781099997.710980,udp_reflection
8479,1781099997.711670,udp_reflection
8480,1781099997.712478,udp_reflection
8481,1781099997.713175,udp_reflection
8482,1781099997.713921,udp_reflection
8483,1781099997.714644,udp_reflection
8484,1781099997.715541,udp_reflection
8485,1781099997.716363,udp_reflection
8486,1781099997.716978,udp_reflection
8487,1781099997.717514,udp_reflection
8488,1781099997.718139,normal
8489,1781099997.718880,udp_reflection
8490,1781099997.719499,udp_reflection
8491,1781099997.720207,udp_reflection
8492,1781099997.720964,udp_reflection
8493,1781099997.721791,udp_reflection
8494,1781099997.722513,udp_reflection
8495,1781099997.723005,normal
8496,1781099997.724193,udp_reflection
8497,1781099997.725376,udp_reflection
8498,1781099997.726351,udp_reflection
8499,1781099997.727238,udp_reflection
8500,1781099997.727899,udp_reflection
8501,1781099997.728441,udp_reflection
8502,1781099997.729241,udp_reflection
8503,1781099997.729841,udp_reflection
8504,1781099997.730479,udp_reflection
8505,1781099997.730986,udp_reflection
8506,1781099997.731903,udp_reflection
8507,1781099997.732678,udp_reflection
8508,1781099997.733388,udp_reflection
8509,1781099997.734090,udp_reflection
8510,1781099997.734656,udp_reflection
8511,1781099997.735429,udp_reflection
8512,1781099997.736237,udp_reflection
8513,1781099997.737075,udp_reflection
8514,1781099997.737727,udp_reflection
8515,1781099997.738348,udp_reflection
8516,1781099997.738932,udp_reflection
8517,1781099997.739512,udp_reflection
8518,1781099997.740089,udp_reflection
8519,1781099997.740821,udp_reflection
8520,1781099997.741423,normal
8521,1781099997.742269,udp_reflection
8522,1781099997.743194,udp_reflection
8523,1781099997.743832,udp_reflection
8524,1781099997.744688,udp_reflection
8525,1781099997.745504,udp_reflection
8526,1781099997.746422,udp_reflection
8527,1781099997.747297,udp_reflection
8528,1781099997.747819,udp_reflection
8529,1781099997.748483,udp_reflection
8530,1781099997.748945,normal
8531,1781099997.749437,udp_reflection
8532,1781099997.750356,udp_reflection
8533,1781099997.751072,udp_reflection
8534,1781099997.751736,udp_reflection
8535,1781099997.752348,udp_reflection
8536,1781099997.753099,udp_reflection
8537,1781099997.753977,udp_reflection
8538,1781099997.754797,udp_reflection
8539,1781099997.755808,udp_reflection
8540,1781099997.756513,normal
8541,1781099997.757181,normal
8542,1781099997.757838,udp_reflection
8543,1781099997.758469,udp_reflection
8544,1781099997.759259,udp_reflection
8545,1781099997.759809,udp_reflection
8546,1781099997.760468,udp_reflection
8547,1781099997.761569,udp_reflection
8548,1781099997.762100,udp_reflection
8549,1781099997.762574,udp_reflection
8550,1781099997.763296,udp_reflection
8551,1781099997.764069,udp_reflection
8552,1781099997.764715,udp_reflection
8553,1781099997.765442,udp_reflection
8554,1781099997.765933,udp_reflection
8555,1781099997.766875,udp_reflection
8556,1781099997.767636,udp_reflection
8557,1781099997.768467,normal
8558,1781099997.769206,normal
8559,1781099997.769921,udp_reflection
8560,1781099997.770651,udp_reflection
8561,1781099997.771421,udp_reflection
8562,1781099997.772020,normal
8563,1781099997.772557,udp_reflection
8564,1781099997.773094,udp_reflection
8565,1781099997.773843,udp_reflection
8566,1781099997.774687,normal
8567,1781099997.775762,normal
8568,1781099997.776536,udp_reflection
8569,1781099997.777374,udp_reflection
8570,1781099997.777964,udp_reflection
8571,1781099997.778877,udp_reflection
8572,1781099997.779652,udp_reflection
8573,1781099997.780306,normal
8574,1781099997.780872,udp_reflection
8575,1781099997.781599,udp_reflection
8576,1781099997.782180,udp_reflection
8577,1781099997.782848,normal
8578,1781099997.783540,udp_reflection
8579,1781099997.784227,udp_reflection
8580,1781099997.784816,udp_reflection
8581,1781099997.785650,udp_reflection
8582,1781099997.786335,udp_reflection
8583,1781099997.787261,udp_reflection
8584,1781099997.787910,udp_reflection
8585,1781099997.788679,udp_reflection
8586,1781099997.789353,udp_reflection
8587,1781099997.790036,udp_reflection
8588,1781099997.790756,normal
8589,1781099997.791257,udp_reflection
8590,1781099997.791937,udp_reflection
8591,1781099997.792428,udp_reflection
8592,1781099997.792854,udp_reflection
8593,1781099997.793491,udp_reflection
8594,1781099997.794120,udp_reflection
8595,1781099997.794639,udp_reflection
8596,1781099997.795236,udp_reflection
8597,1781099997.795826,udp_reflection
8598,1781099997.796430,udp_reflection
8599,1781099997.797217,udp_reflection
8600,1781099997.797966,udp_reflection
8601,1781099997.798406,udp_reflection
8602,1781099997.799081,udp_reflection
8603,1781099997.799826,udp_reflection
8604,1781099997.800402,udp_reflection
8605,1781099997.801152,normal
8606,1781099997.801732,udp_reflection
8607,1781099997.802480,udp_reflection
8608,1781099997.803144,udp_reflection
8609,1781099997.803687,udp_reflection
8610,1781099997.804442,udp_reflection
8611,1781099997.805014,udp_reflection
8612,1781099997.805741,udp_reflection
8613,1781099997.806594,udp_reflection
8614,1781099997.807184,udp_reflection
8615,1781099997.808032,udp_reflection
8616,1781099997.808434,udp_reflection
8617,1781099997.809198,normal
8618,1781099997.809749,udp_reflection
8619,1781099997.810791,udp_reflection
8620,1781099997.811248,udp_reflection
8621,1781099997.811973,udp_reflection
8622,1781099997.812613,udp_reflection
8623,1781099997.813633,udp_reflection
8624,1781099997.814342,udp_reflection
8625,1781099997.815242,udp_reflection
8626,1781099997.815858,udp_reflection
8627,1781099997.816549,udp_reflection
8628,1781099997.817491,udp_reflection
8629,1781099997.818316,udp_reflection
8630,1781099997.818962,udp_reflection
8631,1781099997.819485,udp_reflection
8632,1781099997.820470,udp_reflection
8633,1781099997.821016,udp_reflection
8634,1781099997.821915,udp_reflection
8635,1781099997.822747,udp_reflection
8636,1781099997.823534,udp_reflection
8637,1781099997.824459,udp_reflection
8638,1781099997.824903,udp_reflection
8639,1781099997.825691,udp_reflection
8640,1781099997.826378,udp_reflection
8641,1781099997.827639,udp_reflection
8642,1781099997.828394,udp_reflection
8643,1781099997.829034,udp_reflection
8644,1781099997.829782,udp_reflection
8645,1781099997.830370,udp_reflection
8646,1781099997.830909,udp_reflection
8647,1781099997.831797,udp_reflection
8648,1781099997.832235,udp_reflection
8649,1781099997.832793,udp_reflection
8650,1781099997.833620,udp_reflection
8651,1781099997.834290,udp_reflection
8652,1781099997.834920,udp_reflection
8653,1781099997.835352,udp_reflection
8654,1781099997.835924,udp_reflection
8655,1781099997.836565,udp_reflection
8656,1781099997.837369,udp_reflection
8657,1781099997.837910,udp_reflection
8658,1781099997.838622,udp_reflection
8659,1781099997.839469,udp_reflection
8660,1781099997.840008,udp_reflection
8661,1781099997.841039,udp_reflection
8662,1781099997.841802,udp_reflection
8663,1781099997.842427,udp_reflection
8664,1781099997.843025,udp_reflection
8665,1781099997.843560,udp_reflection
8666,1781099997.844290,udp_reflection
8667,1781099997.845012,normal
8668,1781099997.845576,normal
8669,1781099997.846179,udp_reflection
8670,1781099997.846931,udp_reflection
8671,1781099997.847687,udp_reflection
8672,1781099997.848468,udp_reflection
8673,1781099997.849203,udp_reflection
8674,1781099997.849786,normal
8675,1781099997.850526,udp_reflection
8676,1781099997.851411,udp_reflection
8677,1781099997.852154,udp_reflection
8678,1781099997.852745,udp_reflection
8679,1781099997.853431,udp_reflection
8680,1781099997.854462,udp_reflection
8681,1781099997.855170,udp_reflection
8682,1781099997.855861,udp_reflection
8683,1781099997.856626,normal
8684,1781099997.857327,udp_reflection
8685,1781099997.858041,udp_reflection
8686,1781099997.858721,udp_reflection
8687,1781099997.859203,udp_reflection
8688,1781099997.859896,udp_reflection
8689,1781099997.860553,udp_reflection
8690,1781099997.861191,udp_reflection
8691,1781099997.861951,udp_reflection
8692,1781099997.862579,udp_reflection
8693,1781099997.863307,udp_reflection
8694,1781099997.863954,udp_reflection
8695,1781099997.864502,udp_reflection
8696,1781099997.865217,udp_reflection
8697,1781099997.865809,normal
8698,1781099997.866756,udp_reflection
8699,1781099997.867586,udp_reflection
8700,1781099997.868354,udp_reflection
8701,1781099997.869129,udp_reflection
8702,1781099997.870925,udp_reflection
8703,1781099997.871550,udp_reflection
8704,1781099997.872161,udp_reflection
8705,1781099997.872683,udp_reflection
8706,1781099997.873485,udp_reflection
8707,1781099997.874260,udp_reflection
8708,1781099997.874812,udp_reflection
8709,1781099997.875431,udp_reflection
8710,1781099997.876075,udp_reflection
8711,1781099997.876888,udp_reflection
8712,1781099997.877610,udp_reflection
8713,1781099997.878229,udp_reflection
8714,1781099997.879292,udp_reflection
8715,1781099997.880179,udp_reflection
8716,1781099997.880766,udp_reflection
8717,1781099997.881535,udp_reflection
8718,1781099997.882492,udp_reflection
8719,1781099997.883183,udp_reflection
8720,1781099997.883788,udp_reflection
8721,1781099997.884466,udp_reflection
8722,1781099997.885421,udp_reflection
8723,1781099997.886158,udp_reflection
8724,1781099997.887221,udp_reflection
8725,1781099997.888082,udp_reflection
8726,1781099997.888729,udp_reflection
8727,1781099997.889548,udp_reflection
8728,1781099997.890464,udp_reflection
8729,1781099997.890973,udp_reflection
8730,1781099997.891781,udp_reflection
8731,1781099997.892564,udp_reflection
8732,1781099997.893389,udp_reflection
8733,1781099997.893994,udp_reflection
8734,1781099997.894875,udp_reflection
8735,1781099997.895472,udp_reflection
8736,1781099997.896169,udp_reflection
8737,1781099997.896826,udp_reflection
8738,1781099997.897460,udp_reflection
8739,1781099997.898256,udp_reflection
8740,1781099997.898950,udp_reflection
8741,1781099997.899571,udp_reflection
8742,1781099997.900640,udp_reflection
8743,1781099997.901562,udp_reflection
8744,1781099997.902260,udp_reflection
8745,1781099997.903114,udp_reflection
8746,1781099997.904017,udp_reflection
8747,1781099997.904648,udp_reflection
8748,1781099997.905497,udp_reflection
8749,1781099997.906504,normal
8750,1781099997.907175,udp_reflection
8751,1781099997.907777,udp_reflection
8752,1781099997.908226,udp_reflection
8753,1781099997.908981,udp_reflection
8754,1781099997.909633,udp_reflection
8755,1781099997.910774,udp_reflection
8756,1781099997.911329,udp_reflection
8757,1781099997.912063,udp_reflection
8758,1781099997.912852,udp_reflection
8759,1781099997.913665,udp_reflection
8760,1781099997.914199,udp_reflection
8761,1781099997.914931,udp_reflection
8762,1781099997.916348,udp_reflection
8763,1781099997.917145,udp_reflection
8764,1781099997.918109,udp_reflection
8765,1781099997.919120,udp_reflection
8766,1781099997.919770,udp_reflection
8767,1781099997.920388,udp_reflection
8768,1781099997.921330,udp_reflection
8769,1781099997.922134,udp_reflection
8770,1781099997.922848,udp_reflection
8771,1781099997.923729,udp_reflection
8772,1781099997.924452,udp_reflection
8773,1781099997.925543,udp_reflection
8774,1781099997.926408,udp_reflection
8775,1781099997.927019,udp_reflection
8776,1781099997.927697,udp_reflection
8777,1781099997.928301,udp_reflection
8778,1781099997.928945,udp_reflection
8779,1781099997.930127,udp_reflection
8780,1781099997.930621,udp_reflection
8781,1781099997.931647,udp_reflection
8782,1781099997.932154,udp_reflection
8783,1781099997.932781,udp_reflection
8784,1781099997.933506,udp_reflection
8785,1781099997.934407,udp_reflection
8786,1781099997.935243,udp_reflection
8787,1781099997.935795,udp_reflection
8788,1781099997.936487,udp_reflection
8789,1781099997.937507,udp_reflection
8790,1781099997.938856,udp_reflection
8791,1781099997.939422,udp_reflection
8792,1781099997.940120,udp_reflection
8793,1781099997.940624,udp_reflection
8794,1781099997.941295,normal
8795,1781099997.941979,udp_reflection
8796,1781099997.942516,udp_reflection
8797,1781099997.943057,udp_reflection
8798,1781099997.943609,udp_reflection
8799,1781099997.944681,udp_reflection
8800,1781099997.945437,udp_reflection
8801,1781099997.946184,udp_reflection
8802,1781099997.946930,udp_reflection
8803,1781099997.947572,udp_reflection
8804,1781099997.948261,udp_reflection
8805,1781099997.948961,udp_reflection
8806,1781099997.949899,udp_reflection
8807,1781099997.950651,udp_reflection
8808,1781099997.951418,udp_reflection
8809,1781099997.952124,udp_reflection
8810,1781099997.952908,udp_reflection
8811,1781099997.953534,udp_reflection
8812,1781099997.954154,udp_reflection
8813,1781099997.955147,udp_reflection
8814,1781099997.956330,udp_reflection
8815,1781099997.956981,udp_reflection
8816,1781099997.957837,udp_reflection
8817,1781099997.958441,udp_reflection
8818,1781099997.959131,udp_reflection
8819,1781099997.959778,udp_reflection
8820,1781099997.960522,normal
8821,1781099997.961234,udp_reflection
8822,1781099997.961889,udp_reflection
8823,1781099997.962631,udp_reflection
8824,1781099997.963135,udp_reflection
8825,1781099997.963574,udp_reflection
8826,1781099997.964143,udp_reflection
8827,1781099997.964863,udp_reflection
8828,1781099997.965592,udp_reflection
8829,1781099997.966301,udp_reflection
8830,1781099997.966979,udp_reflection
8831,1781099997.967534,udp_reflection
8832,1781099997.968324,udp_reflection
8833,1781099997.969227,udp_reflection
8834,1781099997.969900,udp_reflection
8835,1781099997.970714,udp_reflection
8836,1781099997.971422,udp_reflection
8837,1781099997.972156,udp_reflection
8838,1781099997.972946,udp_reflection
8839,1781099997.973779,udp_reflection
8840,1781099997.974249,udp_reflection
8841,1781099997.975066,udp_reflection
8842,1781099997.975906,udp_reflection
8843,1781099997.976699,udp_reflection
8844,1781099997.977568,udp_reflection
8845,1781099997.978420,udp_reflection
8846,1781099997.979201,udp_reflection
8847,1781099997.979988,udp_reflection
8848,1781099997.980766,udp_reflection
8849,1781099997.981335,udp_reflection
8850,1781099997.981910,udp_reflection
8851,1781099997.982636,udp_reflection
8852,1781099997.983595,udp_reflection
8853,1781099997.984449,udp_reflection
8854,1781099997.985027,udp_reflection
8855,1781099997.985699,udp_reflection
8856,1781099997.986727,udp_reflection
8857,1781099997.987650,udp_reflection
8858,1781099997.988425,udp_reflection
8859,1781099997.989042,udp_reflection
8860,1781099997.989697,udp_reflection
8861,1781099997.990281,udp_reflection
8862,1781099997.991120,udp_reflection
8863,1781099997.992045,udp_reflection
8864,1781099997.993160,udp_reflection
8865,1781099997.993679,udp_reflection
8866,1781099997.994630,udp_reflection
8867,1781099997.995311,udp_reflection
8868,1781099997.995840,udp_reflection
8869,1781099997.996495,udp_reflection
8870,1781099997.997332,udp_reflection
8871,1781099997.997933,udp_reflection
8872,1781099997.998473,udp_reflection
8873,1781099997.999307,udp_reflection
8874,1781099997.999914,normal
8875,1781099998.000411,udp_reflection
8876,1781099998.001159,udp_reflection
8877,1781099998.001820,udp_reflection
8878,1781099998.002568,udp_reflection
8879,1781099998.003183,udp_reflection
8880,1781099998.004062,udp_reflection
8881,1781099998.004724,udp_reflection
8882,1781099998.005462,udp_reflection
8883,1781099998.006453,udp_reflection
8884,1781099998.007312,udp_reflection
8885,1781099998.008180,udp_reflection
8886,1781099998.008980,udp_reflection
8887,1781099998.009803,udp_reflection
8888,1781099998.010499,udp_reflection
8889,1781099998.011245,udp_reflection
8890,1781099998.012164,udp_reflection
8891,1781099998.013040,udp_reflection
8892,1781099998.013609,udp_reflection
8893,1781099998.014544,udp_reflection
8894,1781099998.015129,udp_reflection
8895,1781099998.015699,udp_reflection
8896,1781099998.016533,udp_reflection
8897,1781099998.017152,udp_reflection
8898,1781099998.017942,udp_reflection
8899,1781099998.018822,udp_reflection
8900,1781099998.019393,udp_reflection
8901,1781099998.020220,udp_reflection
8902,1781099998.021039,udp_reflection
8903,1781099998.022068,udp_reflection
8904,1781099998.023031,udp_reflection
8905,1781099998.023758,udp_reflection
8906,1781099998.024319,udp_reflection
8907,1781099998.025012,udp_reflection
8908,1781099998.025551,udp_reflection
8909,1781099998.026134,udp_reflection
8910,1781099998.026990,udp_reflection
8911,1781099998.027841,udp_reflection
8912,1781099998.028314,udp_reflection
8913,1781099998.029284,udp_reflection
8914,1781099998.030391,normal
8915,1781099998.031023,udp_reflection
8916,1781099998.031898,udp_reflection
8917,1781099998.032748,udp_reflection
8918,1781099998.033572,udp_reflection
8919,1781099998.034182,udp_reflection
8920,1781099998.034907,udp_reflection
8921,1781099998.035695,udp_reflection
8922,1781099998.036657,udp_reflection
8923,1781099998.037547,udp_reflection
8924,1781099998.038150,udp_reflection
8925,1781099998.038700,udp_reflection
8926,1781099998.039402,udp_reflection
8927,1781099998.040068,udp_reflection
8928,1781099998.040799,udp_reflection
8929,1781099998.041301,udp_reflection
8930,1781099998.042130,udp_reflection
8931,1781099998.043101,udp_reflection
8932,1781099998.043863,udp_reflection
8933,1781099998.044362,udp_reflection
8934,1781099998.045439,udp_reflection
8935,1781099998.046223,udp_reflection
8936,1781099998.047017,udp_reflection
8937,1781099998.047777,udp_reflection
8938,1781099998.048432,udp_reflection
8939,1781099998.049309,udp_reflection
8940,1781099998.049884,udp_reflection
8941,1781099998.050531,udp_reflection
8942,1781099998.051209,udp_reflection
8943,1781099998.051802,udp_reflection
8944,1781099998.052746,udp_reflection
8945,1781099998.053391,normal
8946,1781099998.054315,udp_reflection
8947,1781099998.054971,udp_reflection
8948,1781099998.055643,udp_reflection
8949,1781099998.056467,udp_reflection
8950,1781099998.057159,normal
8951,1781099998.057954,udp_reflection
8952,1781099998.058670,udp_reflection
8953,1781099998.059502,udp_reflection
8954,1781099998.060257,udp_reflection
8955,1781099998.061134,udp_reflection
8956,1781099998.062167,udp_reflection
8957,1781099998.063004,udp_reflection
8958,1781099998.063548,udp_reflection
8959,1781099998.064102,udp_reflection
8960,1781099998.064815,udp_reflection
8961,1781099998.065556,udp_reflection
8962,1781099998.066144,udp_reflection
8963,1781099998.067118,udp_reflection
8964,1781099998.067825,udp_reflection
8965,1781099998.068284,udp_reflection
8966,1781099998.068771,udp_reflection
8967,1781099998.069592,udp_reflection
8968,1781099998.070588,udp_reflection
8969,1781099998.071090,udp_reflection
8970,1781099998.071931,udp_reflection
8971,1781099998.072872,udp_reflection
8972,1781099998.073446,udp_reflection
8973,1781099998.074478,udp_reflection
8974,1781099998.075296,udp_reflection
8975,1781099998.075854,udp_reflection
8976,1781099998.076420,udp_reflection
8977,1781099998.077229,udp_reflection
8978,1781099998.078020,udp_reflection
8979,1781099998.078623,udp_reflection
8980,1781099998.079280,udp_reflection
8981,1781099998.080083,udp_reflection
8982,1781099998.080671,udp_reflection
8983,1781099998.081319,udp_reflection
8984,1781099998.082013,udp_reflection
8985,1781099998.082877,udp_reflection
8986,1781099998.083672,udp_reflection
8987,1781099998.084301,udp_reflection
8988,1781099998.084972,udp_reflection
8989,1781099998.085644,udp_reflection
8990,1781099998.086257,udp_reflection
8991,1781099998.086920,udp_reflection
8992,1781099998.087831,udp_reflection
8993,1781099998.088535,udp_reflection
8994,1781099998.089508,udp_reflection
8995,1781099998.090353,udp_reflection
8996,1781099998.091339,udp_reflection
8997,1781099998.092158,udp_reflection
8998,1781099998.093193,udp_reflection
8999,1781099998.094204,udp_reflection
9000,1781099998.094961,udp_reflection
9001,1781099998.095656,udp_reflection
9002,1781099998.096365,udp_reflection
9003,1781099998.097047,udp_reflection
9004,1781099998.097827,udp_reflection
9005,1781099998.098625,udp_reflection
9006,1781099998.099636,udp_reflection
9007,1781099998.100319,udp_reflection
9008,1781099998.101112,udp_reflection
9009,1781099998.101873,udp_reflection
9010,1781099998.102579,udp_reflection
9011,1781099998.103424,udp_reflection
9012,1781099998.104261,udp_reflection
9013,1781099998.105115,udp_reflection
9014,1781099998.105599,udp_reflection
9015,1781099998.106496,udp_reflection
9016,1781099998.107219,udp_reflection
9017,1781099998.108083,udp_reflection
9018,1781099998.108708,udp_reflection
9019,1781099998.109386,udp_reflection
9020,1781099998.110143,udp_reflection
9021,1781099998.111306,udp_reflection
9022,1781099998.112457,udp_reflection
9023,1781099998.113249,udp_reflection
9024,1781099998.114107,udp_reflection
9025,1781099998.114597,udp_reflection
9026,1781099998.115301,udp_reflection
9027,1781099998.116149,udp_reflection
9028,1781099998.116936,udp_reflection
9029,1781099998.117943,udp_reflection
9030,1781099998.118639,udp_reflection
9031,1781099998.119552,udp_reflection
9032,1781099998.120319,udp_reflection
9033,1781099998.121279,udp_reflection
9034,1781099998.122024,udp_reflection
9035,1781099998.123139,udp_reflection
9036,1781099998.124189,udp_reflection
9037,1781099998.125183,udp_reflection
9038,1781099998.125868,udp_reflection
9039,1781099998.126564,udp_reflection
9040,1781099998.127299,udp_reflection
9041,1781099998.128094,udp_reflection
9042,1781099998.128819,udp_reflection
9043,1781099998.129649,udp_reflection
9044,1781099998.130195,udp_reflection
9045,1781099998.131071,udp_reflection
9046,1781099998.131776,udp_reflection
9047,1781099998.132182,udp_reflection
9048,1781099998.133000,udp_reflection
9049,1781099998.134067,udp_reflection
9050,1781099998.134889,udp_reflection
9051,1781099998.135539,udp_reflection
9052,1781099998.136390,normal
9053,1781099998.137140,udp_reflection
9054,1781099998.137836,udp_reflection
9055,1781099998.138569,udp_reflection
9056,1781099998.139241,udp_reflection
9057,1781099998.140117,udp_reflection
9058,1781099998.140885,udp_reflection
9059,1781099998.141642,udp_reflection
9060,1781099998.142242,udp_reflection
9061,1781099998.143140,udp_reflection
9062,1781099998.143869,udp_reflection
9063,1781099998.144395,udp_reflection
9064,1781099998.145031,udp_reflection
9065,1781099998.145879,udp_reflection
9066,1781099998.146709,udp_reflection
9067,1781099998.147611,udp_reflection
9068,1781099998.148389,udp_reflection
9069,1781099998.149237,udp_reflection
9070,1781099998.149709,udp_reflection
9071,1781099998.150580,udp_reflection
9072,1781099998.151666,udp_reflection
9073,1781099998.152650,udp_reflection
9074,1781099998.153534,udp_reflection
9075,1781099998.154312,udp_reflection
9076,1781099998.155134,udp_reflection
9077,1781099998.155920,udp_reflection
9078,1781099998.156677,udp_reflection
9079,1781099998.157301,udp_reflection
9080,1781099998.158069,udp_reflection
9081,1781099998.159147,udp_reflection
9082,1781099998.159802,udp_reflection
9083,1781099998.160462,udp_reflection
9084,1781099998.161406,udp_reflection
9085,1781099998.162823,udp_reflection
9086,1781099998.163720,udp_reflection
9087,1781099998.164747,udp_reflection
9088,1781099998.165636,udp_reflection
9089,1781099998.166482,udp_reflection
9090,1781099998.167249,udp_reflection
9091,1781099998.167909,udp_reflection
9092,1781099998.168582,udp_reflection
9093,1781099998.169301,udp_reflection
9094,1781099998.169781,udp_reflection
9095,1781099998.170647,udp_reflection
9096,1781099998.171610,udp_reflection
9097,1781099998.172398,udp_reflection
9098,1781099998.172813,udp_reflection
9099,1781099998.173692,udp_reflection
9100,1781099998.174449,normal
9101,1781099998.175167,udp_reflection
9102,1781099998.176094,udp_reflection
9103,1781099998.177125,udp_reflection
9104,1781099998.177738,normal
9105,1781099998.178360,udp_reflection
9106,1781099998.179434,udp_reflection
9107,1781099998.180416,udp_reflection
9108,1781099998.181795,udp_reflection
9109,1781099998.182477,udp_reflection
9110,1781099998.183183,udp_reflection
9111,1781099998.184230,udp_reflection
9112,1781099998.184974,udp_reflection
9113,1781099998.185718,udp_reflection
9114,1781099998.186333,udp_reflection
9115,1781099998.187382,udp_reflection
9116,1781099998.188148,udp_reflection
9117,1781099998.189304,udp_reflection
9118,1781099998.190196,udp_reflection
9119,1781099998.191010,udp_reflection
9120,1781099998.192016,udp_reflection
9121,1781099998.192761,udp_reflection
9122,1781099998.193879,normal
9123,1781099998.194568,udp_reflection
9124,1781099998.195508,udp_reflection
9125,1781099998.196349,udp_reflection
9126,1781099998.197031,udp_reflection
9127,1781099998.198324,udp_reflection
9128,1781099998.199237,udp_reflection
9129,1781099998.200156,udp_reflection
9130,1781099998.200941,udp_reflection
9131,1781099998.201591,udp_reflection
9132,1781099998.202320,udp_reflection
9133,1781099998.203270,udp_reflection
9134,1781099998.204104,udp_reflection
9135,1781099998.204929,normal
9136,1781099998.205802,normal
9137,1781099998.206852,udp_reflection
9138,1781099998.208179,udp_reflection
9139,1781099998.208951,udp_reflection
9140,1781099998.209897,udp_reflection
9141,1781099998.210844,udp_reflection
9142,1781099998.211657,udp_reflection
9143,1781099998.213039,udp_reflection
9144,1781099998.213910,udp_reflection
9145,1781099998.214844,normal
9146,1781099998.215656,udp_reflection
9147,1781099998.216580,udp_reflection
9148,1781099998.217326,normal
9149,1781099998.218052,normal
9150,1781099998.218984,udp_reflection
9151,1781099998.219737,udp_reflection
9152,1781099998.220521,udp_reflection
9153,1781099998.221556,udp_reflection
9154,1781099998.222677,udp_reflection
9155,1781099998.223293,udp_reflection
9156,1781099998.224220,udp_reflection
9157,1781099998.225345,udp_reflection
9158,1781099998.226807,udp_reflection
9159,1781099998.227385,udp_reflection
9160,1781099998.228357,udp_reflection
9161,1781099998.229905,udp_reflection
9162,1781099998.230537,udp_reflection
9163,1781099998.231581,udp_reflection
9164,1781099998.232434,udp_reflection
9165,1781099998.233450,udp_reflection
9166,1781099998.234621,normal
9167,1781099998.235724,udp_reflection
9168,1781099998.237090,udp_reflection
9169,1781099998.238117,udp_reflection
9170,1781099998.238944,udp_reflection
9171,1781099998.239876,udp_reflection
9172,1781099998.240646,udp_reflection
9173,1781099998.241413,udp_reflection
9174,1781099998.242321,udp_reflection
9175,1781099998.243978,udp_reflection
9176,1781099998.244828,udp_reflection
9177,1781099998.245383,udp_reflection
9178,1781099998.246147,udp_reflection
9179,1781099998.247663,udp_reflection
9180,1781099998.248790,udp_reflection
9181,1781099998.249644,udp_reflection
9182,1781099998.250796,udp_reflection
9183,1781099998.251909,udp_reflection
9184,1781099998.252808,normal
9185,1781099998.253633,udp_reflection
9186,1781099998.254475,udp_reflection
9187,1781099998.255511,udp_reflection
9188,1781099998.256364,udp_reflection
9189,1781099998.257323,udp_reflection
9190,1781099998.258303,udp_reflection
9191,1781099998.259364,udp_reflection
9192,1781099998.260113,udp_reflection
9193,1781099998.260926,udp_reflection
9194,1781099998.261808,udp_reflection
9195,1781099998.262855,udp_reflection
9196,1781099998.263636,udp_reflection
9197,1781099998.264822,udp_reflection
9198,1781099998.265813,normal
9199,1781099998.266621,udp_reflection
9200,1781099998.267538,udp_reflection
9201,1781099998.268219,udp_reflection
9202,1781099998.268806,udp_reflection
9203,1781099998.269632,udp_reflection
9204,1781099998.270450,udp_reflection
9205,1781099998.271439,udp_reflection
9206,1781099998.272251,normal
9207,1781099998.272992,udp_reflection
9208,1781099998.273731,udp_reflection
9209,1781099998.274484,udp_reflection
9210,1781099998.275342,normal
9211,1781099998.275955,udp_reflection
9212,1781099998.276683,udp_reflection
9213,1781099998.277590,udp_reflection
9214,1781099998.278515,udp_reflection
9215,1781099998.279906,udp_reflection
9216,1781099998.280579,udp_reflection
9217,1781099998.281486,udp_reflection
9218,1781099998.282120,normal
9219,1781099998.283063,udp_reflection
9220,1781099998.284310,udp_reflection
9221,1781099998.285069,normal
9222,1781099998.285815,udp_reflection
9223,1781099998.286556,udp_reflection
9224,1781099998.287297,udp_reflection
9225,1781099998.288415,udp_reflection
9226,1781099998.289224,udp_reflection
9227,1781099998.290076,normal
9228,1781099998.290642,udp_reflection
9229,1781099998.291511,udp_reflection
9230,1781099998.292225,udp_reflection
9231,1781099998.293694,udp_reflection
9232,1781099998.294670,udp_reflection
9233,1781099998.295907,normal
9234,1781099998.297126,udp_reflection
9235,1781099998.297940,udp_reflection
9236,1781099998.298642,udp_reflection
9237,1781099998.299462,udp_reflection
9238,1781099998.300108,normal
9239,1781099998.301217,udp_reflection
9240,1781099998.302119,normal
9241,1781099998.302691,udp_reflection
9242,1781099998.303714,udp_reflection
9243,1781099998.304747,udp_reflection
9244,1781099998.305800,udp_reflection
9245,1781099998.306705,udp_reflection
9246,1781099998.307356,normal
9247,1781099998.308075,udp_reflection
9248,1781099998.309009,udp_reflection
9249,1781099998.309992,udp_reflection
9250,1781099998.310677,normal
9251,1781099998.311555,udp_reflection
9252,1781099998.312400,udp_reflection
9253,1781099998.313026,udp_reflection
9254,1781099998.314049,udp_reflection
9255,1781099998.314841,udp_reflection
9256,1781099998.315846,udp_reflection
9257,1781099998.316613,udp_reflection
9258,1781099998.317572,udp_reflection
9259,1781099998.318536,udp_reflection
9260,1781099998.319590,udp_reflection
9261,1781099998.320278,udp_reflection
9262,1781099998.321061,udp_reflection
9263,1781099998.322080,udp_reflection
9264,1781099998.322857,udp_reflection
9265,1781099998.323882,udp_reflection
9266,1781099998.324658,normal
9267,1781099998.326102,udp_reflection
9268,1781099998.326813,udp_reflection
9269,1781099998.328353,udp_reflection
9270,1781099998.329177,udp_reflection
9271,1781099998.330519,udp_reflection
9272,1781099998.331457,udp_reflection
9273,1781099998.332093,udp_reflection
9274,1781099998.332786,udp_reflection
9275,1781099998.333526,udp_reflection
9276,1781099998.334445,udp_reflection
9277,1781099998.335466,udp_reflection
9278,1781099998.336337,normal
9279,1781099998.337189,udp_reflection
9280,1781099998.338325,udp_reflection
9281,1781099998.339197,normal
9282,1781099998.340203,udp_reflection
9283,1781099998.341214,udp_reflection
9284,1781099998.342366,udp_reflection
9285,1781099998.343055,udp_reflection
9286,1781099998.343722,udp_reflection
9287,1781099998.344310,udp_reflection
9288,1781099998.345972,udp_reflection
9289,1781099998.346735,udp_reflection
9290,1781099998.347726,normal
9291,1781099998.348533,udp_reflection
9292,1781099998.349717,normal
9293,1781099998.350492,udp_reflection
9294,1781099998.351777,udp_reflection
9295,1781099998.352716,udp_reflection
9296,1781099998.353754,normal
9297,1781099998.354738,udp_reflection
9298,1781099998.355917,udp_reflection
9299,1781099998.356639,normal
9300,1781099998.357754,udp_reflection
9301,1781099998.358783,udp_reflection
9302,1781099998.359550,udp_reflection
9303,1781099998.360590,udp_reflection
9304,1781099998.361408,udp_reflection
9305,1781099998.362289,udp_reflection
9306,1781099998.363252,udp_reflection
9307,1781099998.364237,udp_reflection
9308,1781099998.365031,udp_reflection
9309,1781099998.366013,udp_reflection
9310,1781099998.366914,udp_reflection
9311,1781099998.367687,udp_reflection
9312,1781099998.368616,udp_reflection
9313,1781099998.369667,udp_reflection
9314,1781099998.370538,udp_reflection
9315,1781099998.371885,udp_reflection
9316,1781099998.372892,udp_reflection
9317,1781099998.374173,udp_reflection
9318,1781099998.375247,udp_reflection
9319,1781099998.376306,udp_reflection
9320,1781099998.377219,udp_reflection
9321,1781099998.378287,udp_reflection
9322,1781099998.379706,udp_reflection
9323,1781099998.380343,udp_reflection
9324,1781099998.381608,udp_reflection
9325,1781099998.382250,udp_reflection
9326,1781099998.383228,udp_reflection
9327,1781099998.384053,udp_reflection
9328,1781099998.385167,udp_reflection
9329,1781099998.386495,udp_reflection
9330,1781099998.387501,normal
9331,1781099998.388234,udp_reflection
9332,1781099998.389023,udp_reflection
9333,1781099998.389840,udp_reflection
9334,1781099998.390976,udp_reflection
9335,1781099998.392027,normal
9336,1781099998.392624,normal
9337,1781099998.393636,udp_reflection
9338,1781099998.394884,udp_reflection
9339,1781099998.395512,udp_reflection
9340,1781099998.396390,udp_reflection
9341,1781099998.397197,udp_reflection
9342,1781099998.398232,udp_reflection
9343,1781099998.399250,udp_reflection
9344,1781099998.400105,udp_reflection
9345,1781099998.401134,udp_reflection
9346,1781099998.402225,udp_reflection
9347,1781099998.402959,udp_reflection
9348,1781099998.403868,udp_reflection
9349,1781099998.404801,udp_reflection
9350,1781099998.405600,udp_reflection
9351,1781099998.406480,udp_reflection
9352,1781099998.407275,udp_reflection
9353,1781099998.408121,udp_reflection
9354,1781099998.408945,udp_reflection
9355,1781099998.410131,normal
9356,1781099998.410915,normal
9357,1781099998.411653,udp_reflection
9358,1781099998.412810,normal
9359,1781099998.414101,udp_reflection
9360,1781099998.415007,udp_reflection
9361,1781099998.416009,udp_reflection
9362,1781099998.417114,udp_reflection
9363,1781099998.418313,udp_reflection
9364,1781099998.419545,udp_reflection
9365,1781099998.420331,udp_reflection
9366,1781099998.421259,udp_reflection
9367,1781099998.421929,udp_reflection
9368,1781099998.423550,udp_reflection
9369,1781099998.424413,normal
9370,1781099998.425182,udp_reflection
9371,1781099998.426211,udp_reflection
9372,1781099998.427585,udp_reflection
9373,1781099998.428361,udp_reflection
9374,1781099998.429191,udp_reflection
9375,1781099998.430455,udp_reflection
9376,1781099998.431430,udp_reflection
9377,1781099998.432398,udp_reflection
9378,1781099998.433526,udp_reflection
9379,1781099998.434311,udp_reflection
9380,1781099998.435260,normal
9381,1781099998.436176,udp_reflection
9382,1781099998.437323,normal
9383,1781099998.438094,udp_reflection
9384,1781099998.439198,udp_reflection
9385,1781099998.439937,udp_reflection
9386,1781099998.440716,udp_reflection
9387,1781099998.441456,normal
9388,1781099998.442059,udp_reflection
9389,1781099998.443358,udp_reflection
9390,1781099998.444200,udp_reflection
9391,1781099998.445095,udp_reflection
9392,1781099998.445803,udp_reflection
9393,1781099998.446510,udp_reflection
9394,1781099998.447245,udp_reflection
9395,1781099998.448177,udp_reflection
9396,1781099998.449158,udp_reflection
9397,1781099998.449803,normal
9398,1781099998.450600,udp_reflection
9399,1781099998.451711,normal
9400,1781099998.452675,udp_reflection
9401,1781099998.453544,udp_reflection
9402,1781099998.454486,udp_reflection
9403,1781099998.455489,udp_reflection
9404,1781099998.456260,udp_reflection
9405,1781099998.457012,normal
9406,1781099998.458130,normal
9407,1781099998.458893,udp_reflection
9408,1781099998.459590,udp_reflection
9409,1781099998.460229,udp_reflection
9410,1781099998.461242,udp_reflection
9411,1781099998.462246,normal
9412,1781099998.463119,udp_reflection
9413,1781099998.464059,udp_reflection
9414,1781099998.464989,udp_reflection
9415,1781099998.465904,udp_reflection
9416,1781099998.466769,udp_reflection
9417,1781099998.467744,udp_reflection
9418,1781099998.468304,udp_reflection
9419,1781099998.468968,normal
9420,1781099998.470025,udp_reflection
9421,1781099998.471087,normal
9422,1781099998.472053,udp_reflection
9423,1781099998.473202,udp_reflection
9424,1781099998.474344,udp_reflection
9425,1781099998.475442,normal
9426,1781099998.476116,udp_reflection
9427,1781099998.476957,udp_reflection
9428,1781099998.477931,udp_reflection
9429,1781099998.479071,normal
9430,1781099998.479841,udp_reflection
9431,1781099998.480880,udp_reflection
9432,1781099998.481903,normal
9433,1781099998.483282,udp_reflection
9434,1781099998.484459,udp_reflection
9435,1781099998.485584,normal
9436,1781099998.486720,udp_reflection
9437,1781099998.487837,normal
9438,1781099998.488588,udp_reflection
9439,1781099998.489141,udp_reflection
9440,1781099998.490079,udp_reflection
9441,1781099998.491222,udp_reflection
9442,1781099998.492173,udp_reflection
9443,1781099998.492948,udp_reflection
9444,1781099998.494171,udp_reflection
9445,1781099998.495110,udp_reflection
9446,1781099998.496125,udp_reflection
9447,1781099998.496738,udp_reflection
9448,1781099998.497939,udp_reflection
9449,1781099998.499070,udp_reflection
9450,1781099998.500039,udp_reflection
9451,1781099998.500882,udp_reflection
9452,1781099998.501779,udp_reflection
9453,1781099998.502610,udp_reflection
9454,1781099998.503925,udp_reflection
9455,1781099998.504872,udp_reflection
9456,1781099998.505827,udp_reflection
9457,1781099998.506762,udp_reflection
9458,1781099998.507884,udp_reflection
9459,1781099998.509009,normal
9460,1781099998.509935,udp_reflection
9461,1781099998.510822,normal
9462,1781099998.512501,udp_reflection
9463,1781099998.513714,normal
9464,1781099998.514657,udp_reflection
9465,1781099998.515937,udp_reflection
9466,1781099998.516855,udp_reflection
9467,1781099998.517629,normal
9468,1781099998.518543,udp_reflection
9469,1781099998.519534,udp_reflection
9470,1781099998.520331,udp_reflection
9471,1781099998.521417,udp_reflection
9472,1781099998.521939,udp_reflection
9473,1781099998.523006,udp_reflection
9474,1781099998.523843,udp_reflection
9475,1781099998.524786,normal
9476,1781099998.525858,udp_reflection
9477,1781099998.526851,udp_reflection
9478,1781099998.527739,udp_reflection
9479,1781099998.528740,udp_reflection
9480,1781099998.529708,udp_reflection
9481,1781099998.531311,udp_reflection
9482,1781099998.532435,udp_reflection
9483,1781099998.533652,normal
9484,1781099998.534901,udp_reflection
9485,1781099998.536021,normal
9486,1781099998.536880,udp_reflection
9487,1781099998.537968,udp_reflection
9488,1781099998.538841,udp_reflection
9489,1781099998.540186,udp_reflection
9490,1781099998.541294,udp_reflection
9491,1781099998.542144,udp_reflection
9492,1781099998.543067,normal
9493,1781099998.543822,normal
9494,1781099998.544627,udp_reflection
9495,1781099998.545505,udp_reflection
9496,1781099998.546816,udp_reflection
9497,1781099998.547610,udp_reflection
9498,1781099998.548750,normal
9499,1781099998.550055,udp_reflection
9500,1781099998.550809,udp_reflection
9501,1781099998.551825,normal
9502,1781099998.552453,udp_reflection
9503,1781099998.553363,udp_reflection
9504,1781099998.554430,udp_reflection
9505,1781099998.555377,udp_reflection
9506,1781099998.555940,udp_reflection
9507,1781099998.557131,normal
9508,1781099998.558398,udp_reflection
9509,1781099998.559233,udp_reflection
9510,1781099998.560391,udp_reflection
9511,1781099998.561374,udp_reflection
9512,1781099998.562201,udp_reflection
9513,1781099998.562829,udp_reflection
9514,1781099998.564026,normal
9515,1781099998.565518,udp_reflection
9516,1781099998.566630,normal
9517,1781099998.567482,udp_reflection
9518,1781099998.568318,udp_reflection
9519,1781099998.569296,udp_reflection
9520,1781099998.570030,udp_reflection
9521,1781099998.570949,udp_reflection
9522,1781099998.572057,udp_reflection
9523,1781099998.573081,normal
9524,1781099998.573771,udp_reflection
9525,1781099998.574805,udp_reflection
9526,1781099998.575680,udp_reflection
9527,1781099998.576598,udp_reflection
9528,1781099998.577183,normal
9529,1781099998.578138,udp_reflection
9530,1781099998.579115,udp_reflection
9531,1781099998.580387,udp_reflection
9532,1781099998.581529,udp_reflection
9533,1781099998.582432,udp_reflection
9534,1781099998.583476,udp_reflection
9535,1781099998.584438,udp_reflection
9536,1781099998.585856,udp_reflection
9537,1781099998.586807,udp_reflection
9538,1781099998.587671,normal
9539,1781099998.588831,udp_reflection
9540,1781099998.589933,udp_reflection
9541,1781099998.591070,udp_reflection
9542,1781099998.591895,udp_reflection
9543,1781099998.593261,normal
9544,1781099998.594112,udp_reflection
9545,1781099998.595085,udp_reflection
9546,1781099998.595932,udp_reflection
9547,1781099998.596668,normal
9548,1781099998.597414,udp_reflection
9549,1781099998.598452,udp_reflection
9550,1781099998.599120,udp_reflection
9551,1781099998.600183,udp_reflection
9552,1781099998.601473,normal
9553,1781099998.602610,udp_reflection
9554,1781099998.603930,udp_reflection
9555,1781099998.604866,udp_reflection
9556,1781099998.606206,udp_reflection
9557,1781099998.607388,udp_reflection
9558,1781099998.608245,udp_reflection
9559,1781099998.609097,udp_reflection
9560,1781099998.609753,normal
9561,1781099998.610491,udp_reflection
9562,1781099998.611353,udp_reflection
9563,1781099998.612323,udp_reflection
9564,1781099998.613402,udp_reflection
9565,1781099998.614530,udp_reflection
9566,1781099998.615477,udp_reflection
9567,1781099998.616676,udp_reflection
9568,1781099998.617872,udp_reflection
9569,1781099998.618920,normal
9570,1781099998.619585,udp_reflection
9571,1781099998.620566,udp_reflection
9572,1781099998.621396,udp_reflection
9573,1781099998.622120,normal
9574,1781099998.623203,udp_reflection
9575,1781099998.624534,normal
9576,1781099998.625133,udp_reflection
9577,1781099998.626081,udp_reflection
9578,1781099998.626724,udp_reflection
9579,1781099998.627960,udp_reflection
9580,1781099998.629037,normal
9581,1781099998.630211,udp_reflection
9582,1781099998.631419,udp_reflection
9583,1781099998.632090,udp_reflection
9584,1781099998.633082,normal
9585,1781099998.634388,normal
9586,1781099998.635095,udp_reflection
9587,1781099998.635928,normal
9588,1781099998.637431,normal
9589,1781099998.638249,udp_reflection
9590,1781099998.639049,udp_reflection
9591,1781099998.640099,normal
9592,1781099998.641233,udp_reflection
9593,1781099998.642349,udp_reflection
9594,1781099998.643739,normal
9595,1781099998.644997,udp_reflection
9596,1781099998.646185,udp_reflection
9597,1781099998.647233,udp_reflection
9598,1781099998.648770,udp_reflection
9599,1781099998.649782,udp_reflection
9600,1781099998.651053,udp_reflection
9601,1781099998.652214,udp_reflection
9602,1781099998.653219,udp_reflection
9603,1781099998.654192,udp_reflection
9604,1781099998.655019,udp_reflection
9605,1781099998.656024,normal
9606,1781099998.656923,udp_reflection
9607,1781099998.657749,udp_reflection
9608,1781099998.658702,udp_reflection
9609,1781099998.659434,udp_reflection
9610,1781099998.660031,udp_reflection
9611,1781099998.660733,udp_reflection
9612,1781099998.661607,udp_reflection
9613,1781099998.662226,normal
9614,1781099998.663354,udp_reflection
9615,1781099998.664156,udp_reflection
9616,1781099998.664905,udp_reflection
9617,1781099998.665528,udp_reflection
9618,1781099998.666317,udp_reflection
9619,1781099998.667344,udp_reflection
9620,1781099998.668461,udp_reflection
9621,1781099998.669535,udp_reflection
9622,1781099998.670396,udp_reflection
9623,1781099998.671264,normal
9624,1781099998.672204,udp_reflection
9625,1781099998.673001,normal
9626,1781099998.674170,udp_reflection
9627,1781099998.675256,udp_reflection
9628,1781099998.676193,udp_reflection
9629,1781099998.677622,udp_reflection
9630,1781099998.678312,udp_reflection
9631,1781099998.679142,udp_reflection
9632,1781099998.680048,udp_reflection
9633,1781099998.681264,udp_reflection
9634,1781099998.682318,udp_reflection
9635,1781099998.683627,udp_reflection
9636,1781099998.684726,normal
9637,1781099998.685739,udp_reflection
9638,1781099998.686705,udp_reflection
9639,1781099998.687463,udp_reflection
9640,1781099998.688476,udp_reflection
9641,1781099998.689389,udp_reflection
9642,1781099998.690635,udp_reflection
9643,1781099998.691376,udp_reflection
9644,1781099998.692158,udp_reflection
9645,1781099998.693566,udp_reflection
9646,1781099998.694448,udp_reflection
9647,1781099998.695226,udp_reflection
9648,1781099998.696271,normal
9649,1781099998.696951,udp_reflection
9650,1781099998.697975,udp_reflection
9651,1781099998.699117,normal
9652,1781099998.700265,udp_reflection
9653,1781099998.701344,udp_reflection
9654,1781099998.702346,udp_reflection
9655,1781099998.703598,udp_reflection
9656,1781099998.704718,normal
9657,1781099998.705734,udp_reflection
9658,1781099998.706614,normal
9659,1781099998.707782,udp_reflection
9660,1781099998.708480,udp_reflection
9661,1781099998.710053,udp_reflection
9662,1781099998.711141,normal
9663,1781099998.712209,udp_reflection
9664,1781099998.713030,udp_reflection
9665,1781099998.714182,normal
9666,1781099998.715019,udp_reflection
9667,1781099998.716109,udp_reflection
9668,1781099998.717362,udp_reflection
9669,1781099998.718272,udp_reflection
9670,1781099998.719118,udp_reflection
9671,1781099998.720082,udp_reflection
9672,1781099998.721246,udp_reflection
9673,1781099998.722583,udp_reflection
9674,1781099998.723701,udp_reflection
9675,1781099998.724667,udp_reflection
9676,1781099998.725757,normal
9677,1781099998.726784,udp_reflection
9678,1781099998.727851,normal
9679,1781099998.728591,normal
9680,1781099998.729626,udp_reflection
9681,1781099998.730447,udp_reflection
9682,1781099998.731368,udp_reflection
9683,1781099998.732066,udp_reflection
9684,1781099998.732835,udp_reflection
9685,1781099998.733912,udp_reflection
9686,1781099998.735110,udp_reflection
9687,1781099998.736227,normal
9688,1781099998.737333,udp_reflection
9689,1781099998.738142,udp_reflection
9690,1781099998.738940,udp_reflection
9691,1781099998.740111,udp_reflection
9692,1781099998.740807,udp_reflection
9693,1781099998.742097,normal
9694,1781099998.742755,udp_reflection
9695,1781099998.744026,udp_reflection
9696,1781099998.745036,udp_reflection
9697,1781099998.746143,udp_reflection
9698,1781099998.747540,udp_reflection
9699,1781099998.748507,udp_reflection
9700,1781099998.749513,udp_reflection
9701,1781099998.750574,udp_reflection
9702,1781099998.751734,udp_reflection
9703,1781099998.752908,normal
9704,1781099998.753828,udp_reflection
9705,1781099998.755046,udp_reflection
9706,1781099998.755955,udp_reflection
9707,1781099998.756741,udp_reflection
9708,1781099998.758154,normal
9709,1781099998.758837,udp_reflection
9710,1781099998.759815,udp_reflection
9711,1781099998.761034,udp_reflection
9712,1781099998.761932,udp_reflection
9713,1781099998.762775,udp_reflection
9714,1781099998.763600,udp_reflection
9715,1781099998.764792,udp_reflection
9716,1781099998.765923,udp_reflection
9717,1781099998.766681,udp_reflection
9718,1781099998.767515,udp_reflection
9719,1781099998.768343,udp_reflection
9720,1781099998.769197,udp_reflection
9721,1781099998.770849,udp_reflection
9722,1781099998.772315,udp_reflection
9723,1781099998.773743,normal
9724,1781099998.774426,normal
9725,1781099998.775588,udp_reflection
9726,1781099998.776506,udp_reflection
9727,1781099998.777483,udp_reflection
9728,1781099998.778217,normal
9729,1781099998.779179,udp_reflection
9730,1781099998.780024,udp_reflection
9731,1781099998.781383,udp_reflection
9732,1781099998.782644,udp_reflection
9733,1781099998.783641,udp_reflection
9734,1781099998.784729,udp_reflection
9735,1781099998.786182,udp_reflection
9736,1781099998.787196,udp_reflection
9737,1781099998.787831,normal
9738,1781099998.789081,udp_reflection
9739,1781099998.790077,udp_reflection
9740,1781099998.790706,normal
9741,1781099998.791783,normal
9742,1781099998.793174,udp_reflection
9743,1781099998.793930,udp_reflection
9744,1781099998.795032,udp_reflection
9745,1781099998.796157,udp_reflection
9746,1781099998.797353,udp_reflection
9747,1781099998.798377,udp_reflection
9748,1781099998.799340,normal
9749,1781099998.800288,udp_reflection
9750,1781099998.801803,udp_reflection
9751,1781099998.803329,normal
9752,1781099998.804327,udp_reflection
9753,1781099998.805327,udp_reflection
9754,1781099998.806208,udp_reflection
9755,1781099998.807666,udp_reflection
9756,1781099998.808707,normal
9757,1781099998.809525,udp_reflection
9758,1781099998.810597,udp_reflection
9759,1781099998.812246,udp_reflection
9760,1781099998.813251,udp_reflection
9761,1781099998.814308,normal
9762,1781099998.815140,udp_reflection
9763,1781099998.815897,udp_reflection
9764,1781099998.816871,udp_reflection
9765,1781099998.817899,udp_reflection
9766,1781099998.818623,udp_reflection
9767,1781099998.819744,udp_reflection
9768,1781099998.820463,normal
9769,1781099998.821506,normal
9770,1781099998.822290,udp_reflection
9771,1781099998.823539,udp_reflection
9772,1781099998.824350,udp_reflection
9773,1781099998.825491,udp_reflection
9774,1781099998.826424,udp_reflection
9775,1781099998.827187,udp_reflection
9776,1781099998.828326,udp_reflection
9777,1781099998.829156,udp_reflection
9778,1781099998.830281,udp_reflection
9779,1781099998.831928,udp_reflection
9780,1781099998.832701,udp_reflection
9781,1781099998.833478,udp_reflection
9782,1781099998.834701,udp_reflection
9783,1781099998.835913,udp_reflection
9784,1781099998.837011,udp_reflection
9785,1781099998.837806,udp_reflection
9786,1781099998.838701,udp_reflection
9787,1781099998.839689,normal
9788,1781099998.840539,normal
9789,1781099998.841644,udp_reflection
9790,1781099998.843184,normal
9791,1781099998.844076,normal
9792,1781099998.845262,udp_reflection
9793,1781099998.846830,udp_reflection
9794,1781099998.847594,udp_reflection
9795,1781099998.848505,udp_reflection
9796,1781099998.849576,udp_reflection
9797,1781099998.850456,udp_reflection
9798,1781099998.851568,udp_reflection
9799,1781099998.852931,normal
9800,1781099998.853794,udp_reflection
9801,1781099998.855074,udp_reflection
9802,1781099998.856381,normal
9803,1781099998.857517,udp_reflection
9804,1781099998.858609,udp_reflection
9805,1781099998.859564,normal
9806,1781099998.860708,udp_reflection
9807,1781099998.861966,normal
9808,1781099998.862974,udp_reflection
9809,1781099998.864217,udp_reflection
9810,1781099998.865327,udp_reflection
9811,1781099998.866220,udp_reflection
9812,1781099998.866846,udp_reflection
9813,1781099998.867959,udp_reflection
9814,1781099998.868952,udp_reflection
9815,1781099998.869878,normal
9816,1781099998.870813,udp_reflection
9817,1781099998.871775,normal
9818,1781099998.872954,udp_reflection
9819,1781099998.873842,udp_reflection
9820,1781099998.875393,udp_reflection
9821,1781099998.876753,udp_reflection
9822,1781099998.877476,normal
9823,1781099998.878579,normal
9824,1781099998.879282,udp_reflection
9825,1781099998.880162,udp_reflection
9826,1781099998.881007,udp_reflection
9827,1781099998.881754,normal
9828,1781099998.882917,udp_reflection
9829,1781099998.883854,udp_reflection
9830,1781099998.884824,udp_reflection
9831,1781099998.885562,normal
9832,1781099998.886363,udp_reflection
9833,1781099998.887333,udp_reflection
9834,1781099998.888237,udp_reflection
9835,1781099998.889225,udp_reflection
9836,1781099998.890369,udp_reflection
9837,1781099998.891662,udp_reflection
9838,1781099998.892572,udp_reflection
9839,1781099998.893523,udp_reflection
9840,1781099998.894752,normal
9841,1781099998.895921,normal
9842,1781099998.896642,udp_reflection
9843,1781099998.897632,udp_reflection
9844,1781099998.898735,udp_reflection
9845,1781099998.899689,udp_reflection
9846,1781099998.900628,udp_reflection
9847,1781099998.901191,normal
9848,1781099998.902378,udp_reflection
9849,1781099998.903290,udp_reflection
9850,1781099998.904009,normal
9851,1781099998.905084,udp_reflection
9852,1781099998.905786,udp_reflection
9853,1781099998.906582,udp_reflection
9854,1781099998.907590,udp_reflection
9855,1781099998.908823,udp_reflection
9856,1781099998.910028,udp_reflection
9857,1781099998.910782,normal
9858,1781099998.911830,udp_reflection
9859,1781099998.912774,normal
9860,1781099998.914231,udp_reflection
9861,1781099998.915083,normal
9862,1781099998.916135,udp_reflection
9863,1781099998.917029,normal
9864,1781099998.918116,normal
9865,1781099998.919326,udp_reflection
9866,1781099998.920352,normal
9867,1781099998.921363,udp_reflection
9868,1781099998.922473,udp_reflection
9869,1781099998.923519,normal
9870,1781099998.924773,udp_reflection
9871,1781099998.925870,udp_reflection
9872,1781099998.926997,udp_reflection
9873,1781099998.928239,normal
9874,1781099998.929095,udp_reflection
9875,1781099998.930366,udp_reflection
9876,1781099998.931228,udp_reflection
9877,1781099998.932207,udp_reflection
9878,1781099998.933330,udp_reflection
9879,1781099998.934367,udp_reflection
9880,1781099998.935171,udp_reflection
9881,1781099998.936431,udp_reflection
9882,1781099998.937922,udp_reflection
9883,1781099998.938870,udp_reflection
9884,1781099998.940138,normal
9885,1781099998.940856,udp_reflection
9886,1781099998.941717,udp_reflection
9887,1781099998.942951,udp_reflection
9888,1781099998.944280,udp_reflection
9889,1781099998.946000,udp_reflection
9890,1781099998.947015,udp_reflection
9891,1781099998.947886,udp_reflection
9892,1781099998.948792,udp_reflection
9893,1781099998.949712,udp_reflection
9894,1781099998.951158,normal
9895,1781099998.951994,udp_reflection
9896,1781099998.953434,udp_reflection
9897,1781099998.954601,udp_reflection
9898,1781099998.955981,normal
9899,1781099998.956885,udp_reflection
9900,1781099998.957872,normal
9901,1781099998.959033,udp_reflection
9902,1781099998.959768,udp_reflection
9903,1781099998.960640,udp_reflection
9904,1781099998.962688,udp_reflection
9905,1781099998.964040,normal
9906,1781099998.965613,udp_reflection
9907,1781099998.966219,normal
9908,1781099998.967825,udp_reflection
9909,1781099998.968819,udp_reflection
9910,1781099998.969868,udp_reflection
9911,1781099998.970817,udp_reflection
9912,1781099998.971449,normal
9913,1781099998.972497,udp_reflection
9914,1781099998.973420,udp_reflection
9915,1781099998.973979,normal
9916,1781099998.974972,normal
9917,1781099998.975995,udp_reflection
9918,1781099998.977741,udp_reflection
9919,1781099998.978924,udp_reflection
9920,1781099998.979965,udp_reflection
9921,1781099998.981348,normal
9922,1781099998.982427,udp_reflection
9923,1781099998.983641,udp_reflection
9924,1781099998.984328,normal
9925,1781099998.985570,normal
9926,1781099998.986216,normal
9927,1781099998.987751,normal
9928,1781099998.988597,udp_reflection
9929,1781099998.990220,udp_reflection
9930,1781099998.991266,udp_reflection
9931,1781099998.992744,udp_reflection
9932,1781099998.993855,udp_reflection
9933,1781099998.995388,udp_reflection
9934,1781099998.996582,udp_reflection
9935,1781099998.997678,udp_reflection
9936,1781099998.998987,udp_reflection
9937,1781099998.999982,udp_reflection
9938,1781099999.001263,udp_reflection
9939,1781099999.002509,udp_reflection
9940,1781099999.003517,udp_reflection
9941,1781099999.004282,normal
9942,1781099999.005296,udp_reflection
9943,1781099999.006470,normal
9944,1781099999.007376,udp_reflection
9945,1781099999.008583,udp_reflection
9946,1781099999.009244,udp_reflection
9947,1781099999.010345,udp_reflection
9948,1781099999.011190,udp_reflection
9949,1781099999.012346,normal
9950,1781099999.013231,udp_reflection
9951,1781099999.014843,udp_reflection
9952,1781099999.015757,udp_reflection
9953,1781099999.017266,udp_reflection
9954,1781099999.018386,udp_reflection
9955,1781099999.019467,normal
9956,1781099999.020203,udp_reflection
9957,1781099999.021114,udp_reflection
9958,1781099999.022379,udp_reflection
9959,1781099999.023350,udp_reflection
9960,1781099999.024301,udp_reflection
9961,1781099999.025627,normal
9962,1781099999.026875,normal
9963,1781099999.027724,udp_reflection
9964,1781099999.028661,udp_reflection
9965,1781099999.030000,udp_reflection
9966,1781099999.030924,udp_reflection
9967,1781099999.032485,udp_reflection
9968,1781099999.034264,udp_reflection
9969,1781099999.035094,normal
9970,1781099999.036138,udp_reflection
9971,1781099999.036741,normal
9972,1781099999.037608,normal
9973,1781099999.038507,udp_reflection
9974,1781099999.039306,udp_reflection
9975,1781099999.040204,udp_reflection
9976,1781099999.041334,udp_reflection
9977,1781099999.042916,normal
9978,1781099999.044199,udp_reflection
9979,1781099999.045243,normal
9980,1781099999.046590,normal
9981,1781099999.047569,udp_reflection
9982,1781099999.048778,udp_reflection
9983,1781099999.050059,udp_reflection
9984,1781099999.051407,udp_reflection
9985,1781099999.052568,udp_reflection
9986,1781099999.053814,udp_reflection
9987,1781099999.054897,udp_reflection
9988,1781099999.056343,udp_reflection
9989,1781099999.057204,udp_reflection
9990,1781099999.059001,normal
9991,1781099999.060129,udp_reflection
9992,1781099999.060834,udp_reflection
9993,1781099999.062538,normal
9994,1781099999.063644,normal
9995,1781099999.064552,udp_reflection
9996,1781099999.065649,udp_reflection
9997,1781099999.066558,udp_reflection
9998,1781099999.067602,udp_reflection
9999,1781099999.068548,udp_reflection
10000,1781099999.069965,udp_reflection
10001,1781099999.071320,udp_reflection
10002,1781099999.072212,normal
10003,1781099999.073065,normal
10004,1781099999.074215,normal
10005,1781099999.075303,udp_reflection
10006,1781099999.075979,udp_reflection
10007,1781099999.077389,normal
10008,1781099999.078630,udp_reflection
10009,1781099999.079914,udp_reflection
10010,1781099999.081104,udp_reflection
10011,1781099999.082266,udp_reflection
10012,1781099999.083406,udp_reflection
10013,1781099999.084364,udp_reflection
10014,1781099999.085672,udp_reflection
10015,1781099999.086516,udp_reflection
10016,1781099999.087669,normal
10017,1781099999.088706,udp_reflection
10018,1781099999.089705,udp_reflection
10019,1781099999.090646,udp_reflection
10020,1781099999.092329,udp_reflection
10021,1781099999.093057,udp_reflection
10022,1781099999.093708,udp_reflection
10023,1781099999.094751,udp_reflection
10024,1781099999.096369,udp_reflection
10025,1781099999.097117,udp_reflection
10026,1781099999.098527,normal
10027,1781099999.099980,udp_reflection
10028,1781099999.101099,normal
10029,1781099999.102320,udp_reflection
10030,1781099999.103223,udp_reflection
10031,1781099999.104067,udp_reflection
10032,1781099999.105163,udp_reflection
10033,1781099999.106403,udp_reflection
10034,1781099999.107566,udp_reflection
10035,1781099999.108473,udp_reflection
10036,1781099999.109508,udp_reflection
10037,1781099999.110603,udp_reflection
10038,1781099999.111547,udp_reflection
10039,1781099999.112400,udp_reflection
10040,1781099999.113560,udp_reflection
10041,1781099999.114720,udp_reflection
10042,1781099999.115656,udp_reflection
10043,1781099999.117128,udp_reflection
10044,1781099999.118754,udp_reflection
10045,1781099999.119771,udp_reflection
10046,1781099999.120813,udp_reflection
10047,1781099999.121802,udp_reflection
10048,1781099999.123304,normal
10049,1781099999.124312,udp_reflection
10050,1781099999.125309,udp_reflection
10051,1781099999.126104,udp_reflection
10052,1781099999.127066,udp_reflection
10053,1781099999.128217,udp_reflection
10054,1781099999.129183,udp_reflection
10055,1781099999.130844,udp_reflection
10056,1781099999.131854,udp_reflection
10057,1781099999.132764,udp_reflection
10058,1781099999.134024,normal
10059,1781099999.134826,normal
10060,1781099999.135799,udp_reflection
10061,1781099999.136814,udp_reflection
10062,1781099999.137715,udp_reflection
10063,1781099999.139010,udp_reflection
10064,1781099999.139950,udp_reflection
10065,1781099999.141610,udp_reflection
10066,1781099999.142744,udp_reflection
10067,1781099999.143843,udp_reflection
10068,1781099999.145468,udp_reflection
10069,1781099999.146391,udp_reflection
10070,1781099999.147145,udp_reflection
10071,1781099999.148520,udp_reflection
10072,1781099999.149462,udp_reflection
10073,1781099999.150698,udp_reflection
10074,1781099999.152145,udp_reflection
10075,1781099999.153070,udp_reflection
10076,1781099999.153967,udp_reflection
10077,1781099999.155037,udp_reflection
10078,1781099999.155889,udp_reflection
10079,1781099999.156963,udp_reflection
10080,1781099999.158504,udp_reflection
10081,1781099999.159338,udp_reflection
10082,1781099999.160579,udp_reflection
10083,1781099999.161702,udp_reflection
10084,1781099999.163180,udp_reflection
10085,1781099999.165404,normal
10086,1781099999.166523,udp_reflection
10087,1781099999.167441,udp_reflection
10088,1781099999.168487,udp_reflection
10089,1781099999.169766,udp_reflection
10090,1781099999.170693,udp_reflection
10091,1781099999.171860,udp_reflection
10092,1781099999.173548,normal
10093,1781099999.174919,udp_reflection
10094,1781099999.176336,udp_reflection
10095,1781099999.177505,udp_reflection
10096,1781099999.178699,udp_reflection
10097,1781099999.179598,normal
10098,1781099999.180600,udp_reflection
10099,1781099999.181587,udp_reflection
10100,1781099999.182569,udp_reflection
10101,1781099999.184563,udp_reflection
10102,1781099999.185580,udp_reflection
10103,1781099999.186801,normal
10104,1781099999.187708,udp_reflection
10105,1781099999.189065,normal
10106,1781099999.190018,normal
10107,1781099999.191116,udp_reflection
10108,1781099999.192221,udp_reflection
10109,1781099999.193785,normal
10110,1781099999.195135,normal
10111,1781099999.196266,udp_reflection
10112,1781099999.197215,udp_reflection
10113,1781099999.197952,normal
10114,1781099999.199380,udp_reflection
10115,1781099999.200302,udp_reflection
10116,1781099999.201553,udp_reflection
10117,1781099999.202945,udp_reflection
10118,1781099999.203878,normal
10119,1781099999.204811,udp_reflection
10120,1781099999.206138,udp_reflection
10121,1781099999.207249,udp_reflection
10122,1781099999.208434,udp_reflection
10123,1781099999.209671,udp_reflection
10124,1781099999.210894,udp_reflection
10125,1781099999.211893,normal
10126,1781099999.213258,normal
10127,1781099999.214025,normal
10128,1781099999.214941,udp_reflection
10129,1781099999.216226,normal
10130,1781099999.217470,udp_reflection
10131,1781099999.218488,normal
10132,1781099999.219841,udp_reflection
10133,1781099999.220798,normal
10134,1781099999.222055,udp_reflection
10135,1781099999.222946,udp_reflection
10136,1781099999.224191,udp_reflection
10137,1781099999.225309,normal
10138,1781099999.226490,udp_reflection
10139,1781099999.227433,udp_reflection
10140,1781099999.229073,udp_reflection
10141,1781099999.230128,udp_reflection
10142,1781099999.230906,normal
10143,1781099999.231807,udp_reflection
10144,1781099999.232594,udp_reflection
10145,1781099999.233622,udp_reflection
10146,1781099999.235081,udp_reflection
10147,1781099999.235961,udp_reflection
10148,1781099999.237108,udp_reflection
10149,1781099999.238282,udp_reflection
10150,1781099999.239361,udp_reflection
10151,1781099999.240388,udp_reflection
10152,1781099999.241519,normal
10153,1781099999.242461,udp_reflection
10154,1781099999.243508,normal
10155,1781099999.244640,udp_reflection
10156,1781099999.246024,normal
10157,1781099999.247130,udp_reflection
10158,1781099999.248504,udp_reflection
10159,1781099999.249706,udp_reflection
10160,1781099999.251194,udp_reflection
10161,1781099999.252281,normal
10162,1781099999.253320,udp_reflection
10163,1781099999.254660,normal
10164,1781099999.255576,normal
10165,1781099999.256547,udp_reflection
10166,1781099999.257629,udp_reflection
10167,1781099999.259141,udp_reflection
10168,1781099999.260293,udp_reflection
10169,1781099999.261142,udp_reflection
10170,1781099999.262179,udp_reflection
10171,1781099999.262859,udp_reflection
10172,1781099999.263686,udp_reflection
10173,1781099999.264834,normal
10174,1781099999.265981,normal
10175,1781099999.267025,udp_reflection
10176,1781099999.267964,normal
10177,1781099999.268936,udp_reflection
10178,1781099999.269702,udp_reflection
10179,1781099999.271025,udp_reflection
10180,1781099999.271769,udp_reflection
10181,1781099999.273570,normal
10182,1781099999.274447,udp_reflection
10183,1781099999.275663,normal
10184,1781099999.276232,normal
10185,1781099999.277700,udp_reflection
10186,1781099999.278777,normal
10187,1781099999.280846,udp_reflection
10188,1781099999.281883,udp_reflection
10189,1781099999.282605,udp_reflection
10190,1781099999.283962,normal
10191,1781099999.284935,normal
10192,1781099999.285864,udp_reflection
10193,1781099999.286995,normal
10194,1781099999.288093,normal
10195,1781099999.289341,normal
10196,1781099999.290363,normal
10197,1781099999.292076,udp_reflection
10198,1781099999.292993,normal
10199,1781099999.294060,udp_reflection
10200,1781099999.295179,normal
10201,1781099999.296679,normal
10202,1781099999.298107,udp_reflection
10203,1781099999.299170,normal
10204,1781099999.300635,udp_reflection
10205,1781099999.301485,udp_reflection
10206,1781099999.302789,normal
10207,1781099999.304271,udp_reflection
10208,1781099999.306012,udp_reflection
10209,1781099999.306951,udp_reflection
10210,1781099999.307906,normal
10211,1781099999.309283,udp_reflection
10212,1781099999.310238,udp_reflection
10213,1781099999.310919,udp_reflection
10214,1781099999.312092,udp_reflection
10215,1781099999.313056,normal
10216,1781099999.314419,normal
10217,1781099999.315351,udp_reflection
10218,1781099999.316162,udp_reflection
10219,1781099999.316904,udp_reflection
10220,1781099999.317633,udp_reflection
10221,1781099999.318998,udp_reflection
10222,1781099999.320002,normal
10223,1781099999.321216,udp_reflection
10224,1781099999.322334,normal
10225,1781099999.323910,udp_reflection
10226,1781099999.324989,udp_reflection
10227,1781099999.326243,udp_reflection
10228,1781099999.327099,udp_reflection
10229,1781099999.328038,normal
10230,1781099999.329175,udp_reflection
10231,1781099999.330149,udp_reflection
10232,1781099999.331426,udp_reflection
10233,1781099999.332543,udp_reflection
10234,1781099999.333374,udp_reflection
10235,1781099999.334352,udp_reflection
10236,1781099999.335031,udp_reflection
10237,1781099999.336077,udp_reflection
10238,1781099999.337309,udp_reflection
10239,1781099999.338580,udp_reflection
10240,1781099999.339671,normal
10241,1781099999.341199,udp_reflection
10242,1781099999.342078,udp_reflection
10243,1781099999.343400,udp_reflection
10244,1781099999.344335,udp_reflection
10245,1781099999.345307,normal
10246,1781099999.345908,udp_reflection
10247,1781099999.347677,normal
10248,1781099999.348545,normal
10249,1781099999.349125,normal
10250,1781099999.349942,udp_reflection
10251,1781099999.350905,udp_reflection
10252,1781099999.352185,udp_reflection
10253,1781099999.353736,normal
10254,1781099999.354672,udp_reflection
10255,1781099999.355655,normal
10256,1781099999.356416,normal
10257,1781099999.358118,udp_reflection
10258,1781099999.359258,udp_reflection
10259,1781099999.360680,udp_reflection
10260,1781099999.362268,normal
10261,1781099999.363607,normal
10262,1781099999.364506,udp_reflection
10263,1781099999.365736,normal
10264,1781099999.366862,udp_reflection
10265,1781099999.368136,udp_reflection
10266,1781099999.369882,udp_reflection
10267,1781099999.370694,udp_reflection
10268,1781099999.372051,udp_reflection
10269,1781099999.373122,udp_reflection
10270,1781099999.374607,udp_reflection
10271,1781099999.375881,normal
10272,1781099999.376979,udp_reflection
10273,1781099999.378308,udp_reflection
10274,1781099999.379573,udp_reflection
10275,1781099999.380452,normal
10276,1781099999.381470,normal
10277,1781099999.382472,udp_reflection
10278,1781099999.383631,udp_reflection
10279,1781099999.384577,udp_reflection
10280,1781099999.385468,normal
10281,1781099999.386448,normal
10282,1781099999.387245,udp_reflection
10283,1781099999.388249,normal
10284,1781099999.389617,udp_reflection
10285,1781099999.390541,udp_reflection
10286,1781099999.392341,udp_reflection
10287,1781099999.393305,normal
10288,1781099999.394480,normal
10289,1781099999.396181,normal
10290,1781099999.397532,udp_reflection
10291,1781099999.398757,normal
10292,1781099999.399931,normal
10293,1781099999.400950,normal
10294,1781099999.402658,udp_reflection
10295,1781099999.403866,normal
10296,1781099999.405319,udp_reflection
10297,1781099999.406336,normal
10298,1781099999.407264,udp_reflection
10299,1781099999.408735,udp_reflection
10300,1781099999.410042,udp_reflection
10301,1781099999.411190,udp_reflection
10302,1781099999.412035,normal
10303,1781099999.413157,udp_reflection
10304,1781099999.414616,normal
10305,1781099999.415667,udp_reflection
10306,1781099999.416970,udp_reflection
10307,1781099999.418157,normal
10308,1781099999.419457,udp_reflection
10309,1781099999.420976,udp_reflection
10310,1781099999.422247,normal
10311,1781099999.423337,normal
10312,1781099999.424252,udp_reflection
10313,1781099999.425393,udp_reflection
10314,1781099999.426381,normal
10315,1781099999.427725,udp_reflection
10316,1781099999.428968,udp_reflection
10317,1781099999.429806,udp_reflection
10318,1781099999.430698,udp_reflection
10319,1781099999.431965,udp_reflection
10320,1781099999.433049,udp_reflection
10321,1781099999.434281,udp_reflection
10322,1781099999.435142,udp_reflection
10323,1781099999.436257,normal
10324,1781099999.437497,normal
10325,1781099999.439101,udp_reflection
10326,1781099999.439985,normal
10327,1781099999.441258,udp_reflection
10328,1781099999.442771,udp_reflection
10329,1781099999.443957,normal
10330,1781099999.445328,udp_reflection
10331,1781099999.447247,normal
10332,1781099999.448907,udp_reflection
10333,1781099999.450155,normal
10334,1781099999.451221,udp_reflection
10335,1781099999.452299,udp_reflection
10336,1781099999.453415,udp_reflection
10337,1781099999.454754,normal
10338,1781099999.455838,udp_reflection
10339,1781099999.456942,udp_reflection
10340,1781099999.458445,udp_reflection
10341,1781099999.459630,udp_reflection
10342,1781099999.460914,udp_reflection
10343,1781099999.461758,udp_reflection
10344,1781099999.463152,udp_reflection
10345,1781099999.464772,normal
10346,1781099999.466223,udp_reflection
10347,1781099999.467152,udp_reflection
10348,1781099999.468171,udp_reflection
10349,1781099999.469275,normal
10350,1781099999.470289,normal
10351,1781099999.471586,normal
10352,1781099999.472799,udp_reflection
10353,1781099999.474349,udp_reflection
10354,1781099999.475726,normal
10355,1781099999.477031,udp_reflection
10356,1781099999.478046,normal
10357,1781099999.479645,normal
10358,1781099999.480857,udp_reflection
10359,1781099999.482426,udp_reflection
10360,1781099999.483554,normal
10361,1781099999.484546,udp_reflection
10362,1781099999.485720,udp_reflection
10363,1781099999.487251,udp_reflection
10364,1781099999.488438,udp_reflection
10365,1781099999.489610,normal
10366,1781099999.490626,normal
10367,1781099999.492222,udp_reflection
10368,1781099999.493973,normal
10369,1781099999.495317,udp_reflection
10370,1781099999.496807,normal
10371,1781099999.497776,normal
10372,1781099999.498739,udp_reflection
10373,1781099999.499727,normal
10374,1781099999.500909,normal
10375,1781099999.502321,normal
10376,1781099999.503455,normal
10377,1781099999.504725,normal
10378,1781099999.505773,udp_reflection
10379,1781099999.507131,normal
10380,1781099999.508073,udp_reflection
10381,1781099999.509027,udp_reflection
10382,1781099999.510682,udp_reflection
10383,1781099999.511542,normal
10384,1781099999.512505,udp_reflection
10385,1781099999.513690,udp_reflection
10386,1781099999.515167,udp_reflection
10387,1781099999.516726,udp_reflection
10388,1781099999.517935,udp_reflection
10389,1781099999.519290,udp_reflection
10390,1781099999.520436,normal
10391,1781099999.521414,udp_reflection
10392,1781099999.522613,normal
10393,1781099999.523556,udp_reflection
10394,1781099999.524652,udp_reflection
10395,1781099999.525535,udp_reflection
10396,1781099999.526686,udp_reflection
10397,1781099999.528041,normal
10398,1781099999.529433,normal
10399,1781099999.530517,normal
10400,1781099999.531732,udp_reflection
10401,1781099999.533021,normal
10402,1781099999.534659,udp_reflection
10403,1781099999.535800,udp_reflection
10404,1781099999.537116,udp_reflection
10405,1781099999.538222,udp_reflection
10406,1781099999.539303,udp_reflection
10407,1781099999.540437,udp_reflection
10408,1781099999.541925,normal
10409,1781099999.542495,normal
10410,1781099999.543394,udp_reflection
10411,1781099999.544562,udp_reflection
10412,1781099999.545434,udp_reflection
10413,1781099999.546505,normal
10414,1781099999.548224,udp_reflection
10415,1781099999.549115,udp_reflection
10416,1781099999.550478,udp_reflection
10417,1781099999.551932,normal
10418,1781099999.553125,udp_reflection
10419,1781099999.554309,udp_reflection
10420,1781099999.555601,udp_reflection
10421,1781099999.557068,udp_reflection
10422,1781099999.558410,udp_reflection
10423,1781099999.559470,normal
10424,1781099999.560960,udp_reflection
10425,1781099999.561806,udp_reflection
10426,1781099999.562954,udp_reflection
10427,1781099999.563821,normal
10428,1781099999.564834,normal
10429,1781099999.565954,udp_reflection
10430,1781099999.567635,udp_reflection
10431,1781099999.568550,normal
10432,1781099999.569246,udp_reflection
10433,1781099999.571040,udp_reflection
10434,1781099999.572436,normal
10435,1781099999.573518,normal
10436,1781099999.574963,udp_reflection
10437,1781099999.575907,udp_reflection
10438,1781099999.576875,normal
10439,1781099999.577861,udp_reflection
10440,1781099999.578869,normal
10441,1781099999.579595,udp_reflection
10442,1781099999.580430,udp_reflection
10443,1781099999.581595,normal
10444,1781099999.583031,udp_reflection
10445,1781099999.584222,udp_reflection
10446,1781099999.585509,udp_reflection
10447,1781099999.586518,udp_reflection
10448,1781099999.587512,normal
10449,1781099999.588972,udp_reflection
10450,1781099999.589969,udp_reflection
10451,1781099999.591038,udp_reflection
10452,1781099999.591997,udp_reflection
10453,1781099999.592975,udp_reflection
10454,1781099999.594682,normal
10455,1781099999.595652,udp_reflection
10456,1781099999.597060,udp_reflection
10457,1781099999.598124,normal
10458,1781099999.599243,udp_reflection
10459,1781099999.600458,udp_reflection
10460,1781099999.603062,udp_reflection
10461,1781099999.603949,normal
10462,1781099999.605256,udp_reflection
10463,1781099999.606217,udp_reflection
10464,1781099999.607772,udp_reflection
10465,1781099999.609082,udp_reflection
10466,1781099999.610559,udp_reflection
10467,1781099999.611606,udp_reflection
10468,1781099999.612978,normal
10469,1781099999.614236,udp_reflection
10470,1781099999.615548,udp_reflection
10471,1781099999.616915,udp_reflection
10472,1781099999.618165,udp_reflection
10473,1781099999.619553,udp_reflection
10474,1781099999.620676,normal
10475,1781099999.621998,udp_reflection
10476,1781099999.622821,normal
10477,1781099999.624040,udp_reflection
10478,1781099999.625815,udp_reflection
10479,1781099999.626903,udp_reflection
10480,1781099999.628034,udp_reflection
10481,1781099999.629084,normal
10482,1781099999.630773,udp_reflection
10483,1781099999.631817,normal
10484,1781099999.633672,normal
10485,1781099999.634785,udp_reflection
10486,1781099999.635726,udp_reflection
10487,1781099999.636670,udp_reflection
10488,1781099999.637887,udp_reflection
10489,1781099999.638889,udp_reflection
10490,1781099999.640186,normal
10491,1781099999.641193,normal
10492,1781099999.642261,normal
10493,1781099999.643613,udp_reflection
10494,1781099999.644468,normal
10495,1781099999.645431,udp_reflection
10496,1781099999.646852,normal
10497,1781099999.648218,normal
10498,1781099999.649348,udp_reflection
10499,1781099999.650953,udp_reflection
10500,1781099999.652001,normal
10501,1781099999.653709,udp_reflection
10502,1781099999.655250,udp_reflection
10503,1781099999.656231,udp_reflection
10504,1781099999.657400,normal
10505,1781099999.658967,udp_reflection
10506,1781099999.660428,udp_reflection
10507,1781099999.661984,udp_reflection
10508,1781099999.663013,normal
10509,1781099999.664886,udp_reflection
10510,1781099999.666647,normal
10511,1781099999.667689,udp_reflection
10512,1781099999.668668,udp_reflection
10513,1781099999.669735,normal
10514,1781099999.670844,udp_reflection
10515,1781099999.672074,udp_reflection
10516,1781099999.674016,udp_reflection
10517,1781099999.675620,normal
10518,1781099999.676579,normal
10519,1781099999.677826,normal
10520,1781099999.679605,normal
10521,1781099999.680603,udp_reflection
10522,1781099999.681914,normal
10523,1781099999.683050,udp_reflection
10524,1781099999.684712,udp_reflection
10525,1781099999.685664,normal
10526,1781099999.686939,udp_reflection
10527,1781099999.688866,udp_reflection
10528,1781099999.689820,udp_reflection
10529,1781099999.691056,normal
10530,1781099999.691940,udp_reflection
10531,1781099999.692949,normal
10532,1781099999.694226,udp_reflection
10533,1781099999.695454,udp_reflection
10534,1781099999.696388,udp_reflection
10535,1781099999.697812,normal
10536,1781099999.698753,udp_reflection
10537,1781099999.700563,udp_reflection
10538,1781099999.702256,normal
10539,1781099999.703319,normal
10540,1781099999.704907,normal
10541,1781099999.705659,normal
10542,1781099999.706456,normal
10543,1781099999.707874,udp_reflection
10544,1781099999.708785,udp_reflection
10545,1781099999.710150,normal
10546,1781099999.711364,udp_reflection
10547,1781099999.712813,normal
10548,1781099999.714077,udp_reflection
10549,1781099999.715268,udp_reflection
10550,1781099999.716239,udp_reflection
10551,1781099999.717557,normal
10552,1781099999.718669,normal
10553,1781099999.719637,udp_reflection
10554,1781099999.720753,udp_reflection
10555,1781099999.721940,normal
10556,1781099999.722786,normal
10557,1781099999.724240,udp_reflection
10558,1781099999.725419,normal
10559,1781099999.726496,udp_reflection
10560,1781099999.727844,normal
10561,1781099999.728800,normal
10562,1781099999.730209,normal
10563,1781099999.731372,udp_reflection
10564,1781099999.732687,udp_reflection
10565,1781099999.733689,udp_reflection
10566,1781099999.735327,normal
10567,1781099999.736253,udp_reflection
10568,1781099999.737454,udp_reflection
10569,1781099999.738460,udp_reflection
10570,1781099999.739839,udp_reflection
10571,1781099999.741320,udp_reflection
10572,1781099999.742223,normal
10573,1781099999.744099,udp_reflection
10574,1781099999.745498,normal
10575,1781099999.747001,normal
10576,1781099999.747864,udp_reflection
10577,1781099999.749244,udp_reflection
10578,1781099999.750356,udp_reflection
10579,1781099999.751851,normal
10580,1781099999.753236,udp_reflection
10581,1781099999.754430,udp_reflection
10582,1781099999.755691,udp_reflection
10583,1781099999.756712,udp_reflection
10584,1781099999.757885,udp_reflection
10585,1781099999.759251,normal
10586,1781099999.760656,udp_reflection
10587,1781099999.761893,udp_reflection
10588,1781099999.763333,udp_reflection
10589,1781099999.764783,normal
10590,1781099999.765844,udp_reflection
10591,1781099999.766990,normal
10592,1781099999.768003,normal
10593,1781099999.769175,udp_reflection
10594,1781099999.770549,udp_reflection
10595,1781099999.772143,normal
10596,1781099999.773804,udp_reflection
10597,1781099999.774626,udp_reflection
10598,1781099999.776160,normal
10599,1781099999.777269,normal
10600,1781099999.778599,normal
10601,1781099999.779650,udp_reflection
10602,1781099999.781165,normal
10603,1781099999.782431,udp_reflection
10604,1781099999.783672,udp_reflection
10605,1781099999.784678,udp_reflection
10606,1781099999.785658,udp_reflection
10607,1781099999.786716,udp_reflection
10608,1781099999.788450,udp_reflection
10609,1781099999.789818,normal
10610,1781099999.791105,normal
10611,1781099999.792625,udp_reflection
10612,1781099999.793868,normal
10613,1781099999.795182,udp_reflection
10614,1781099999.796388,normal
10615,1781099999.797426,normal
10616,1781099999.798522,normal
10617,1781099999.799772,normal
10618,1781099999.800761,udp_reflection
10619,1781099999.802463,udp_reflection
10620,1781099999.804302,udp_reflection
10621,1781099999.805478,udp_reflection
10622,1781099999.806764,normal
10623,1781099999.808324,normal
10624,1781099999.809631,udp_reflection
10625,1781099999.810725,udp_reflection
10626,1781099999.812784,udp_reflection
10627,1781099999.813722,normal
10628,1781099999.815420,udp_reflection
10629,1781099999.816394,udp_reflection
10630,1781099999.817752,udp_reflection
10631,1781099999.818816,normal
10632,1781099999.819859,udp_reflection
10633,1781099999.821029,udp_reflection
10634,1781099999.822302,udp_reflection
10635,1781099999.823468,normal
10636,1781099999.824902,udp_reflection
10637,1781099999.825928,udp_reflection
10638,1781099999.826820,udp_reflection
10639,1781099999.828116,normal
10640,1781099999.829160,normal
10641,1781099999.831246,udp_reflection
10642,1781099999.832293,udp_reflection
10643,1781099999.833470,udp_reflection
10644,1781099999.834543,udp_reflection
10645,1781099999.837048,udp_reflection
10646,1781099999.838066,udp_reflection
10647,1781099999.838911,udp_reflection
10648,1781099999.840410,normal
10649,1781099999.841664,normal
10650,1781099999.843021,normal
10651,1781099999.844042,normal
10652,1781099999.845148,normal
10653,1781099999.846120,udp_reflection
10654,1781099999.847527,normal
10655,1781099999.849476,udp_reflection
10656,1781099999.850502,udp_reflection
10657,1781099999.851878,udp_reflection
10658,1781099999.853231,normal
10659,1781099999.854149,udp_reflection
10660,1781099999.855658,udp_reflection
10661,1781099999.856609,normal
10662,1781099999.857750,udp_reflection
10663,1781099999.859232,normal
10664,1781099999.860936,udp_reflection
10665,1781099999.861960,udp_reflection
10666,1781099999.862921,normal
10667,1781099999.864165,udp_reflection
10668,1781099999.865082,normal
10669,1781099999.866330,normal
10670,1781099999.867633,normal
10671,1781099999.869443,udp_reflection
10672,1781099999.870858,udp_reflection
10673,1781099999.871985,normal
10674,1781099999.873205,udp_reflection
10675,1781099999.874546,udp_reflection
10676,1781099999.875489,normal
10677,1781099999.877522,normal
10678,1781099999.878713,udp_reflection
10679,1781099999.879897,udp_reflection
10680,1781099999.881360,normal
10681,1781099999.882794,udp_reflection
10682,1781099999.883674,normal
10683,1781099999.884806,normal
10684,1781099999.886157,normal
10685,1781099999.887171,udp_reflection
10686,1781099999.888592,udp_reflection
10687,1781099999.889934,udp_reflection
10688,1781099999.890991,normal
10689,1781099999.892131,normal
10690,1781099999.893171,normal
10691,1781099999.894912,udp_reflection
10692,1781099999.896128,normal
10693,1781099999.897441,udp_reflection
10694,1781099999.898165,udp_reflection
10695,1781099999.899366,normal
10696,1781099999.900550,udp_reflection
10697,1781099999.902013,udp_reflection
10698,1781099999.903176,normal
10699,1781099999.904512,udp_reflection
10700,1781099999.905532,udp_reflection
10701,1781099999.907615,normal
10702,1781099999.908799,udp_reflection
10703,1781099999.910265,normal
10704,1781099999.912099,normal
10705,1781099999.913416,udp_reflection
10706,1781099999.914539,udp_reflection
10707,1781099999.916284,udp_reflection
10708,1781099999.917459,normal
10709,1781099999.918816,udp_reflection
10710,1781099999.919903,normal
10711,1781099999.921734,udp_reflection
10712,1781099999.922788,udp_reflection
10713,1781099999.923761,udp_reflection
10714,1781099999.924853,normal
10715,1781099999.926045,normal
10716,1781099999.928278,normal
10717,1781099999.929544,normal
10718,1781099999.930960,udp_reflection
10719,1781099999.931940,normal
10720,1781099999.933415,udp_reflection
10721,1781099999.934228,normal
10722,1781099999.935967,normal
10723,1781099999.938037,udp_reflection
10724,1781099999.939683,normal
10725,1781099999.940887,udp_reflection
10726,1781099999.941670,udp_reflection
10727,1781099999.943183,udp_reflection
10728,1781099999.944328,udp_reflection
10729,1781099999.945731,udp_reflection
10730,1781099999.947596,normal
10731,1781099999.948642,udp_reflection
10732,1781099999.950351,udp_reflection
10733,1781099999.951272,udp_reflection
10734,1781099999.952647,udp_reflection
10735,1781099999.953517,udp_reflection
10736,1781099999.955138,normal
10737,1781099999.956269,normal
10738,1781099999.957372,normal
10739,1781099999.959208,normal
10740,1781099999.960296,udp_reflection
10741,1781099999.961544,normal
10742,1781099999.962493,udp_reflection
10743,1781099999.963940,normal
10744,1781099999.965367,normal
10745,1781099999.966808,normal
10746,1781099999.967841,normal
10747,1781099999.968909,udp_reflection
10748,1781099999.970133,udp_reflection
10749,1781099999.970985,normal
10750,1781099999.971947,normal
10751,1781099999.973386,udp_reflection
10752,1781099999.974630,normal
10753,1781099999.976390,udp_reflection
10754,1781099999.977468,udp_reflection
10755,1781099999.978915,normal
10756,1781099999.980033,udp_reflection
10757,1781099999.981498,normal
10758,1781099999.982419,udp_reflection
10759,1781099999.984024,udp_reflection
10760,1781099999.985477,normal
10761,1781099999.987033,normal
10762,1781099999.988542,normal
10763,1781099999.989821,udp_reflection
10764,1781099999.991007,normal
10765,1781099999.992141,udp_reflection
10766,1781099999.993584,normal
10767,1781099999.995193,udp_reflection
10768,1781099999.997090,udp_reflection
10769,1781099999.998828,udp_reflection
10770,1781099999.999869,udp_reflection
10771,1781100000.000900,udp_reflection
10772,1781100000.002450,udp_reflection
10773,1781100000.003801,normal
10774,1781100000.004890,udp_reflection
10775,1781100000.006359,udp_reflection
10776,1781100000.008143,normal
10777,1781100000.009974,udp_reflection
10778,1781100000.011193,udp_reflection
10779,1781100000.012400,normal
10780,1781100000.013370,udp_reflection
10781,1781100000.014361,udp_reflection
10782,1781100000.015936,udp_reflection
10783,1781100000.016936,normal
10784,1781100000.018310,normal
10785,1781100000.019456,udp_reflection
10786,1781100000.020897,udp_reflection
10787,1781100000.021982,normal
10788,1781100000.023114,normal
10789,1781100000.024624,normal
10790,1781100000.025616,udp_reflection
10791,1781100000.026987,normal
10792,1781100000.029365,normal
10793,1781100000.030937,udp_reflection
10794,1781100000.032087,normal
10795,1781100000.033440,normal
10796,1781100000.035831,normal
10797,1781100000.037112,udp_reflection
10798,1781100000.039473,udp_reflection
10799,1781100000.040774,udp_reflection
10800,1781100000.042611,udp_reflection
10801,1781100000.044547,normal
10802,1781100000.045676,udp_reflection
10803,1781100000.046933,udp_reflection
10804,1781100000.048222,normal
10805,1781100000.050013,udp_reflection
10806,1781100000.051039,normal
10807,1781100000.052597,normal
10808,1781100000.054651,udp_reflection
10809,1781100000.056371,udp_reflection
10810,1781100000.057745,normal
10811,1781100000.058743,udp_reflection
10812,1781100000.060860,udp_reflection
10813,1781100000.062443,normal
10814,1781100000.063707,udp_reflection
10815,1781100000.065440,udp_reflection
10816,1781100000.066523,normal
10817,1781100000.067710,normal
10818,1781100000.069144,udp_reflection
10819,1781100000.070392,normal
10820,1781100000.071495,normal
10821,1781100000.072722,udp_reflection
10822,1781100000.073903,normal
10823,1781100000.075068,normal
10824,1781100000.076199,normal
10825,1781100000.077563,normal
10826,1781100000.078658,udp_reflection
10827,1781100000.080200,udp_reflection
10828,1781100000.082258,udp_reflection
10829,1781100000.084149,normal
10830,1781100000.085101,normal
10831,1781100000.086501,udp_reflection
10832,1781100000.087914,normal
10833,1781100000.089388,normal
10834,1781100000.090585,udp_reflection
10835,1781100000.092240,normal
10836,1781100000.093400,normal
10837,1781100000.095000,normal
10838,1781100000.096460,udp_reflection
10839,1781100000.097532,normal
10840,1781100000.098886,normal
10841,1781100000.100193,udp_reflection
10842,1781100000.101460,normal
10843,1781100000.102762,udp_reflection
10844,1781100000.104254,udp_reflection
10845,1781100000.106174,udp_reflection
10846,1781100000.107923,udp_reflection
10847,1781100000.109484,udp_reflection
10848,1781100000.110394,udp_reflection
10849,1781100000.111291,normal
10850,1781100000.112496,udp_reflection
10851,1781100000.113754,udp_reflection
10852,1781100000.115509,udp_reflection
10853,1781100000.117316,normal
10854,1781100000.118387,normal
10855,1781100000.119444,normal
10856,1781100000.120737,udp_reflection
10857,1781100000.122248,normal
10858,1781100000.123785,udp_reflection
10859,1781100000.125193,udp_reflection
10860,1781100000.126453,normal
10861,1781100000.128404,normal
10862,1781100000.129480,udp_reflection
10863,1781100000.130927,udp_reflection
10864,1781100000.132466,normal
10865,1781100000.133972,normal
10866,1781100000.135762,normal
10867,1781100000.136988,udp_reflection
10868,1781100000.137959,normal
10869,1781100000.139508,udp_reflection
10870,1781100000.140573,normal
10871,1781100000.141567,udp_reflection
10872,1781100000.142990,normal
10873,1781100000.145566,udp_reflection
10874,1781100000.146434,normal
10875,1781100000.148265,udp_reflection
10876,1781100000.149424,udp_reflection
10877,1781100000.150401,udp_reflection
10878,1781100000.151500,udp_reflection
10879,1781100000.153079,udp_reflection
10880,1781100000.154378,udp_reflection
10881,1781100000.155373,normal
10882,1781100000.157061,udp_reflection
10883,1781100000.158358,udp_reflection
10884,1781100000.159484,normal
10885,1781100000.161042,normal
10886,1781100000.162345,udp_reflection
10887,1781100000.163714,normal
10888,1781100000.164926,normal
10889,1781100000.166132,udp_reflection
10890,1781100000.167469,normal
10891,1781100000.169372,udp_reflection
10892,1781100000.170566,udp_reflection
10893,1781100000.171892,udp_reflection
10894,1781100000.173178,udp_reflection
10895,1781100000.174424,udp_reflection
10896,1781100000.176165,udp_reflection
10897,1781100000.177452,normal
10898,1781100000.178942,normal
10899,1781100000.179984,udp_reflection
10900,1781100000.181636,udp_reflection
10901,1781100000.182642,normal
10902,1781100000.183809,udp_reflection
10903,1781100000.185522,normal
10904,1781100000.186757,udp_reflection
10905,1781100000.187826,normal
10906,1781100000.190579,udp_reflection
10907,1781100000.191482,udp_reflection
10908,1781100000.193283,normal
10909,1781100000.194284,normal
10910,1781100000.195727,udp_reflection
10911,1781100000.197190,udp_reflection
10912,1781100000.198370,udp_reflection
10913,1781100000.199513,udp_reflection
10914,1781100000.200937,udp_reflection
10915,1781100000.201879,udp_reflection
10916,1781100000.203100,udp_reflection
10917,1781100000.204429,udp_reflection
10918,1781100000.205704,normal
10919,1781100000.207208,udp_reflection
10920,1781100000.208418,normal
10921,1781100000.210012,normal
10922,1781100000.211185,normal
10923,1781100000.213896,normal
10924,1781100000.215484,normal
10925,1781100000.217040,udp_reflection
10926,1781100000.218235,normal
10927,1781100000.219590,udp_reflection
10928,1781100000.220495,udp_reflection
10929,1781100000.221925,normal
10930,1781100000.223541,udp_reflection
10931,1781100000.224720,normal
10932,1781100000.226126,normal
10933,1781100000.227456,udp_reflection
10934,1781100000.228713,normal
10935,1781100000.230643,normal
10936,1781100000.232403,normal
10937,1781100000.233537,udp_reflection
10938,1781100000.235441,normal
10939,1781100000.236416,udp_reflection
10940,1781100000.238269,udp_reflection
10941,1781100000.240242,normal
10942,1781100000.241534,udp_reflection
10943,1781100000.242578,udp_reflection
10944,1781100000.243958,normal
10945,1781100000.245600,normal
10946,1781100000.247189,udp_reflection
10947,1781100000.248586,udp_reflection
10948,1781100000.250094,normal
10949,1781100000.251156,normal
10950,1781100000.252353,normal
10951,1781100000.254532,normal
10952,1781100000.256398,normal
10953,1781100000.257519,udp_reflection
10954,1781100000.258773,normal
10955,1781100000.259881,normal
10956,1781100000.260645,udp_reflection
10957,1781100000.261601,udp_reflection
10958,1781100000.262567,udp_reflection
10959,1781100000.263569,udp_reflection
10960,1781100000.265057,udp_reflection
10961,1781100000.266588,udp_reflection
10962,1781100000.268085,udp_reflection
10963,1781100000.269475,normal
10964,1781100000.270613,udp_reflection
10965,1781100000.272470,udp_reflection
10966,1781100000.274078,normal
10967,1781100000.274990,normal
10968,1781100000.276451,normal
10969,1781100000.277720,normal
10970,1781100000.278710,normal
10971,1781100000.279943,normal
10972,1781100000.282680,normal
10973,1781100000.283999,normal
10974,1781100000.286075,normal
10975,1781100000.287641,udp_reflection
10976,1781100000.289160,udp_reflection
10977,1781100000.290473,udp_reflection
10978,1781100000.292194,udp_reflection
10979,1781100000.293406,udp_reflection
10980,1781100000.294827,normal
10981,1781100000.295857,udp_reflection
10982,1781100000.297475,udp_reflection
10983,1781100000.299860,normal
10984,1781100000.301751,normal
10985,1781100000.302420,udp_reflection
10986,1781100000.303559,normal
10987,1781100000.304848,udp_reflection
10988,1781100000.306228,udp_reflection
10989,1781100000.307900,normal
10990,1781100000.309292,udp_reflection
10991,1781100000.310624,normal
10992,1781100000.312146,normal
10993,1781100000.313905,normal
10994,1781100000.315687,udp_reflection
10995,1781100000.317150,udp_reflection
10996,1781100000.318380,udp_reflection
10997,1781100000.319484,normal
10998,1781100000.322339,udp_reflection
10999,1781100000.323899,udp_reflection
11000,1781100000.324910,udp_reflection
11001,1781100000.326685,udp_reflection
11002,1781100000.328163,udp_reflection
11003,1781100000.329271,normal
11004,1781100000.330823,normal
11005,1781100000.331956,normal
11006,1781100000.333046,normal
11007,1781100000.334343,udp_reflection
11008,1781100000.336394,normal
11009,1781100000.338107,udp_reflection
11010,1781100000.339156,normal
11011,1781100000.341174,normal
11012,1781100000.342244,normal
11013,1781100000.343409,normal
11014,1781100000.345009,udp_reflection
11015,1781100000.346498,normal
11016,1781100000.347978,udp_reflection
11017,1781100000.349398,udp_reflection
11018,1781100000.351134,normal
11019,1781100000.352078,udp_reflection
11020,1781100000.354392,normal
11021,1781100000.355877,normal
11022,1781100000.356935,udp_reflection
11023,1781100000.358014,normal
11024,1781100000.359466,udp_reflection
11025,1781100000.360823,udp_reflection
11026,1781100000.362282,udp_reflection
11027,1781100000.363704,normal
11028,1781100000.366306,normal
11029,1781100000.367352,normal
11030,1781100000.368803,normal
11031,1781100000.370136,normal
11032,1781100000.372036,udp_reflection
11033,1781100000.373246,udp_reflection
11034,1781100000.374995,normal
11035,1781100000.376575,udp_reflection
11036,1781100000.378311,udp_reflection
11037,1781100000.379452,udp_reflection
11038,1781100000.380893,normal
11039,1781100000.381881,normal
11040,1781100000.383262,udp_reflection
11041,1781100000.384829,normal
11042,1781100000.386706,udp_reflection
11043,1781100000.387854,udp_reflection
11044,1781100000.389828,normal
11045,1781100000.391811,normal
11046,1781100000.394705,normal
11047,1781100000.396456,udp_reflection
11048,1781100000.398580,udp_reflection
11049,1781100000.399492,normal
11050,1781100000.401599,normal
11051,1781100000.403369,udp_reflection
11052,1781100000.405046,udp_reflection
11053,1781100000.406291,normal
11054,1781100000.408030,normal
11055,1781100000.409645,normal
11056,1781100000.411163,udp_reflection
11057,1781100000.412970,udp_reflection
11058,1781100000.414354,udp_reflection
11059,1781100000.415824,udp_reflection
11060,1781100000.417906,udp_reflection
11061,1781100000.419538,udp_reflection
11062,1781100000.420823,normal
11063,1781100000.422342,normal
11064,1781100000.423432,normal
11065,1781100000.425278,udp_reflection
11066,1781100000.426608,normal
11067,1781100000.427838,udp_reflection
11068,1781100000.429217,udp_reflection
11069,1781100000.430470,udp_reflection
11070,1781100000.431304,normal
11071,1781100000.433015,normal
11072,1781100000.434829,normal
11073,1781100000.436390,udp_reflection
11074,1781100000.438286,normal
11075,1781100000.439857,normal
11076,1781100000.441482,udp_reflection
11077,1781100000.443188,normal
11078,1781100000.444502,normal
11079,1781100000.445843,normal
11080,1781100000.447434,udp_reflection
11081,1781100000.448404,udp_reflection
11082,1781100000.450155,normal
11083,1781100000.451358,udp_reflection
11084,1781100000.452201,normal
11085,1781100000.453442,udp_reflection
11086,1781100000.454860,udp_reflection
11087,1781100000.456970,normal
11088,1781100000.458089,udp_reflection
11089,1781100000.459235,normal
11090,1781100000.460747,normal
11091,1781100000.463052,normal
11092,1781100000.464327,udp_reflection
11093,1781100000.465716,normal
11094,1781100000.467232,normal
11095,1781100000.468643,udp_reflection
11096,1781100000.469686,normal
11097,1781100000.471265,udp_reflection
11098,1781100000.472750,udp_reflection
11099,1781100000.473728,normal
11100,1781100000.474878,udp_reflection
11101,1781100000.476320,normal
11102,1781100000.477770,udp_reflection
11103,1781100000.479224,udp_reflection
11104,1781100000.480676,udp_reflection
11105,1781100000.481865,normal
11106,1781100000.483122,normal
11107,1781100000.484415,udp_reflection
11108,1781100000.485763,udp_reflection
11109,1781100000.487117,udp_reflection
11110,1781100000.488313,normal
11111,1781100000.490172,normal
11112,1781100000.491987,udp_reflection
11113,1781100000.493544,udp_reflection
11114,1781100000.495479,normal
11115,1781100000.496792,udp_reflection
11116,1781100000.498158,normal
11117,1781100000.500172,udp_reflection
11118,1781100000.501369,udp_reflection
11119,1781100000.503135,normal
11120,1781100000.505744,normal
11121,1781100000.507220,udp_reflection
11122,1781100000.508502,udp_reflection
11123,1781100000.509631,normal
11124,1781100000.511069,normal
11125,1781100000.512109,udp_reflection
11126,1781100000.514008,normal
11127,1781100000.515013,udp_reflection
11128,1781100000.516318,udp_reflection
11129,1781100000.518227,normal
11130,1781100000.520032,normal
11131,1781100000.521920,normal
11132,1781100000.522865,udp_reflection
11133,1781100000.525163,udp_reflection
11134,1781100000.527200,udp_reflection
11135,1781100000.529481,udp_reflection
11136,1781100000.530827,normal
11137,1781100000.532201,normal
11138,1781100000.534174,normal
11139,1781100000.535404,udp_reflection
11140,1781100000.537582,normal
11141,1781100000.539424,udp_reflection
11142,1781100000.540905,normal
11143,1781100000.542275,udp_reflection
11144,1781100000.543818,udp_reflection
11145,1781100000.545496,normal
11146,1781100000.547254,normal
11147,1781100000.548883,udp_reflection
11148,1781100000.550260,udp_reflection
11149,1781100000.551735,normal
11150,1781100000.552912,normal
11151,1781100000.554394,normal
11152,1781100000.555691,udp_reflection
11153,1781100000.557420,normal
11154,1781100000.559111,normal
11155,1781100000.560625,udp_reflection
11156,1781100000.561900,normal
11157,1781100000.563039,udp_reflection
11158,1781100000.564186,udp_reflection
11159,1781100000.565638,normal
11160,1781100000.567124,normal
11161,1781100000.568762,udp_reflection
11162,1781100000.569907,udp_reflection
11163,1781100000.571294,normal
11164,1781100000.572785,normal
11165,1781100000.574551,udp_reflection
11166,1781100000.575941,normal
11167,1781100000.577379,udp_reflection
11168,1781100000.579065,normal
11169,1781100000.580373,udp_reflection
11170,1781100000.581909,udp_reflection
11171,1781100000.583234,normal
11172,1781100000.584436,udp_reflection
11173,1781100000.585983,normal
11174,1781100000.587469,normal
11175,1781100000.589092,normal
11176,1781100000.590589,normal
11177,1781100000.592092,udp_reflection
11178,1781100000.593785,normal
11179,1781100000.595458,udp_reflection
11180,1781100000.596704,udp_reflection
11181,1781100000.598307,normal
11182,1781100000.600021,udp_reflection
11183,1781100000.602124,udp_reflection
11184,1781100000.603632,normal
11185,1781100000.604955,udp_reflection
11186,1781100000.606219,udp_reflection
11187,1781100000.607408,normal
11188,1781100000.608670,udp_reflection
11189,1781100000.610343,udp_reflection
11190,1781100000.611566,udp_reflection
11191,1781100000.612393,normal
11192,1781100000.613488,normal
11193,1781100000.615763,normal
11194,1781100000.616834,normal
11195,1781100000.618382,udp_reflection
11196,1781100000.619831,normal
11197,1781100000.621258,udp_reflection
11198,1781100000.623039,udp_reflection
11199,1781100000.624618,udp_reflection
11200,1781100000.626030,normal
11201,1781100000.627345,normal
11202,1781100000.628900,normal
11203,1781100000.629968,udp_reflection
11204,1781100000.631081,normal
11205,1781100000.632237,normal
11206,1781100000.633653,udp_reflection
11207,1781100000.635479,normal
11208,1781100000.636592,udp_reflection
11209,1781100000.638571,normal
11210,1781100000.640066,normal
11211,1781100000.641449,udp_reflection
11212,1781100000.643211,udp_reflection
11213,1781100000.644804,udp_reflection
11214,1781100000.646402,normal
11215,1781100000.648208,udp_reflection
11216,1781100000.649490,udp_reflection
11217,1781100000.650861,normal
11218,1781100000.652711,normal
11219,1781100000.653916,normal
11220,1781100000.655458,normal
11221,1781100000.657058,udp_reflection
11222,1781100000.658623,normal
11223,1781100000.660114,normal
11224,1781100000.661272,udp_reflection
11225,1781100000.663107,normal
11226,1781100000.665149,normal
11227,1781100000.666739,normal
11228,1781100000.668430,udp_reflection
11229,1781100000.670185,udp_reflection
11230,1781100000.671567,udp_reflection
11231,1781100000.672816,normal
11232,1781100000.674630,udp_reflection
11233,1781100000.676193,udp_reflection
11234,1781100000.677195,normal
11235,1781100000.678703,udp_reflection
11236,1781100000.680516,normal
11237,1781100000.681947,normal
11238,1781100000.683337,udp_reflection
11239,1781100000.685005,normal
11240,1781100000.685984,udp_reflection
11241,1781100000.687890,udp_reflection
11242,1781100000.688773,normal
11243,1781100000.689955,udp_reflection
11244,1781100000.691480,udp_reflection
11245,1781100000.692506,udp_reflection
11246,1781100000.694720,udp_reflection
11247,1781100000.695580,normal
11248,1781100000.697473,udp_reflection
11249,1781100000.699248,normal
11250,1781100000.700453,normal
11251,1781100000.702178,udp_reflection
11252,1781100000.704415,udp_reflection
11253,1781100000.706458,udp_reflection
11254,1781100000.708033,udp_reflection
11255,1781100000.709631,udp_reflection
11256,1781100000.710716,normal
11257,1781100000.712366,normal
11258,1781100000.713313,udp_reflection
11259,1781100000.715102,udp_reflection
11260,1781100000.717068,normal
11261,1781100000.718952,normal
11262,1781100000.719840,normal
11263,1781100000.721115,udp_reflection
11264,1781100000.722260,udp_reflection
11265,1781100000.723862,normal
11266,1781100000.725740,normal
11267,1781100000.727434,normal
11268,1781100000.728812,udp_reflection
11269,1781100000.730443,normal
11270,1781100000.731693,normal
11271,1781100000.733849,udp_reflection
11272,1781100000.735071,udp_reflection
11273,1781100000.736626,normal
11274,1781100000.737975,normal
11275,1781100000.739824,udp_reflection
11276,1781100000.741815,normal
11277,1781100000.743332,normal
11278,1781100000.744833,normal
11279,1781100000.746156,normal
11280,1781100000.747767,normal
11281,1781100000.749812,udp_reflection
11282,1781100000.751137,udp_reflection
11283,1781100000.752282,udp_reflection
11284,1781100000.754060,normal
11285,1781100000.755598,udp_reflection
11286,1781100000.757522,normal
11287,1781100000.759087,udp_reflection
11288,1781100000.760432,udp_reflection
11289,1781100000.761865,normal
11290,1781100000.763492,udp_reflection
11291,1781100000.765024,normal
11292,1781100000.766496,udp_reflection
11293,1781100000.768009,normal
11294,1781100000.769733,udp_reflection
11295,1781100000.771426,udp_reflection
11296,1781100000.772776,normal
11297,1781100000.773955,udp_reflection
11298,1781100000.775305,normal
11299,1781100000.777405,normal
11300,1781100000.779187,normal
11301,1781100000.780826,normal
11302,1781100000.782082,udp_reflection
11303,1781100000.784114,normal
11304,1781100000.785698,normal
11305,1781100000.787194,udp_reflection
11306,1781100000.788326,udp_reflection
11307,1781100000.790516,normal
11308,1781100000.792506,udp_reflection
11309,1781100000.794295,udp_reflection
11310,1781100000.795932,normal
11311,1781100000.797170,udp_reflection
11312,1781100000.799012,udp_reflection
11313,1781100000.800007,normal
11314,1781100000.801452,normal
11315,1781100000.803032,normal
11316,1781100000.804312,udp_reflection
11317,1781100000.805523,udp_reflection
11318,1781100000.806763,normal
11319,1781100000.808470,normal
11320,1781100000.810167,udp_reflection
11321,1781100000.811341,udp_reflection
11322,1781100000.812292,udp_reflection
11323,1781100000.814430,udp_reflection
11324,1781100000.815696,udp_reflection
11325,1781100000.817183,normal
11326,1781100000.819136,normal
11327,1781100000.820796,normal
11328,1781100000.822197,udp_reflection
11329,1781100000.823566,udp_reflection
11330,1781100000.825197,udp_reflection
11331,1781100000.827447,udp_reflection
11332,1781100000.828773,udp_reflection
11333,1781100000.829796,udp_reflection
11334,1781100000.831058,normal
11335,1781100000.832744,udp_reflection
11336,1781100000.834184,udp_reflection
11337,1781100000.835774,normal
11338,1781100000.837602,normal
11339,1781100000.839749,udp_reflection
11340,1781100000.841241,normal
11341,1781100000.843072,udp_reflection
11342,1781100000.846981,normal
11343,1781100000.848432,udp_reflection
11344,1781100000.849967,udp_reflection
11345,1781100000.851279,normal
11346,1781100000.852939,normal
11347,1781100000.854620,udp_reflection
11348,1781100000.855531,normal
11349,1781100000.857330,normal
11350,1781100000.858496,normal
11351,1781100000.859871,udp_reflection
11352,1781100000.861692,udp_reflection
11353,1781100000.863373,normal
11354,1781100000.865057,normal
11355,1781100000.866674,normal
11356,1781100000.868302,normal
11357,1781100000.870069,normal
11358,1781100000.872313,udp_reflection
11359,1781100000.873966,normal
11360,1781100000.875908,normal
11361,1781100000.877198,udp_reflection
11362,1781100000.879689,normal
11363,1781100000.881356,udp_reflection
11364,1781100000.882890,normal
11365,1781100000.884581,udp_reflection
11366,1781100000.885845,normal
11367,1781100000.887777,normal
11368,1781100000.889193,udp_reflection
11369,1781100000.890789,normal
11370,1781100000.892419,normal
11371,1781100000.894270,normal
11372,1781100000.895618,udp_reflection
11373,1781100000.896892,udp_reflection
11374,1781100000.898010,normal
11375,1781100000.900207,normal
11376,1781100000.901244,normal
