packet_index,timestamp,label
0,1781099972.229115,normal
1,1781099972.231424,normal
2,1781099972.233327,normal
3,1781099972.235825,normal
4,1781099972.238316,normal
5,1781099972.239856,normal
6,1781099972.241905,normal
7,1781099972.243748,normal
8,1781099972.245537,normal
9,1781099972.246818,normal
10,1781099972.248989,normal
11,1781099972.251196,udp_reflection
12,1781099972.252895,normal
13,1781099972.254886,normal
14,1781099972.257040,normal
15,1781099972.259485,normal
16,1781099972.261406,normal
17,1781099972.263802,http_flood
18,1781099972.265290,normal
19,1781099972.269119,normal
20,1781099972.271949,normal
21,1781099972.274615,normal
22,1781099972.276606,normal
23,1781099972.278251,normal
24,1781099972.280443,normal
25,1781099972.283196,normal
26,1781099972.285026,syn_flood
27,1781099972.287084,normal
28,1781099972.288739,normal
29,1781099972.290971,normal
30,1781099972.293494,normal
31,1781099972.296049,normal
32,1781099972.297720,normal
33,1781099972.299364,normal
34,1781099972.301505,normal
35,1781099972.303378,normal
36,1781099972.306072,normal
37,1781099972.307950,normal
38,1781099972.309978,normal
39,1781099972.312209,normal
40,1781099972.314310,normal
41,1781099972.315415,normal
42,1781099972.318366,normal
43,1781099972.319792,normal
44,1781099972.321791,syn_flood
45,1781099972.325006,normal
46,1781099972.326375,udp_reflection
47,1781099972.328492,normal
48,1781099972.331090,normal
49,1781099972.333599,normal
50,1781099972.336520,normal
51,1781099972.338736,normal
52,1781099972.341367,normal
53,1781099972.343242,normal
54,1781099972.345569,normal
55,1781099972.348171,normal
56,1781099972.350712,normal
57,1781099972.353172,normal
58,1781099972.355234,udp_reflection
59,1781099972.357285,normal
60,1781099972.359105,normal
61,1781099972.361666,udp_reflection
62,1781099972.364312,normal
63,1781099972.366246,normal
64,1781099972.369038,normal
65,1781099972.371887,normal
66,1781099972.375134,http_flood
67,1781099972.377417,normal
68,1781099972.379763,normal
69,1781099972.381357,http_flood
70,1781099972.384000,normal
71,1781099972.385945,normal
72,1781099972.387763,normal
73,1781099972.389740,normal
74,1781099972.392222,normal
75,1781099972.394517,normal
76,1781099972.396234,normal
77,1781099972.397728,normal
78,1781099972.400557,normal
79,1781099972.402760,normal
80,1781099972.405368,normal
81,1781099972.407767,normal
82,1781099972.410275,normal
83,1781099972.413356,http_flood
84,1781099972.415329,normal
85,1781099972.417555,http_flood
86,1781099972.420836,normal
87,1781099972.422820,normal
88,1781099972.425264,normal
89,1781099972.427727,normal
90,1781099972.429962,normal
91,1781099972.432163,normal
92,1781099972.433717,http_flood
93,1781099972.435297,normal
94,1781099972.437167,normal
95,1781099972.439625,normal
96,1781099972.442128,normal
97,1781099972.444933,normal
98,1781099972.447341,normal
99,1781099972.449283,normal
100,1781099972.451339,normal
101,1781099972.453495,normal
102,1781099972.455691,normal
103,1781099972.457382,normal
104,1781099972.460448,normal
105,1781099972.462423,normal
106,1781099972.465408,http_flood
107,1781099972.467901,normal
108,1781099972.469593,normal
109,1781099972.472150,normal
110,1781099972.474064,normal
111,1781099972.476947,normal
112,1781099972.480733,normal
113,1781099972.483319,normal
114,1781099972.484680,normal
115,1781099972.487705,normal
116,1781099972.490044,syn_flood
117,1781099972.492111,normal
118,1781099972.494328,normal
119,1781099972.497546,http_flood
120,1781099972.500526,normal
121,1781099972.502737,normal
122,1781099972.505103,normal
123,1781099972.507221,normal
124,1781099972.509842,normal
125,1781099972.511357,normal
126,1781099972.513843,normal
127,1781099972.515142,normal
128,1781099972.516956,udp_reflection
129,1781099972.519027,normal
130,1781099972.520727,normal
131,1781099972.523789,normal
132,1781099972.526488,normal
133,1781099972.528686,normal
134,1781099972.531049,normal
135,1781099972.533692,http_flood
136,1781099972.536691,normal
137,1781099972.539074,normal
138,1781099972.540955,normal
139,1781099972.543170,normal
140,1781099972.545443,normal
141,1781099972.548142,normal
142,1781099972.550616,normal
143,1781099972.552567,udp_reflection
144,1781099972.556136,udp_reflection
145,1781099972.557745,normal
146,1781099972.559623,normal
147,1781099972.562884,normal
148,1781099972.565050,normal
149,1781099972.568249,normal
150,1781099972.570929,normal
151,1781099972.572897,normal
152,1781099972.575490,normal
153,1781099972.577509,normal
154,1781099972.579564,normal
155,1781099972.581137,http_flood
156,1781099972.582623,normal
157,1781099972.584671,normal
158,1781099972.587207,normal
159,1781099972.589890,normal
160,1781099972.591474,normal
161,1781099972.593977,normal
162,1781099972.596543,http_flood
163,1781099972.599183,normal
164,1781099972.601434,normal
165,1781099972.603067,normal
166,1781099972.605994,normal
167,1781099972.608358,normal
168,1781099972.610392,normal
169,1781099972.612886,normal
170,1781099972.614787,normal
171,1781099972.616633,normal
172,1781099972.618522,udp_reflection
173,1781099972.620780,normal
174,1781099972.623073,normal
175,1781099972.625782,normal
176,1781099972.627573,normal
177,1781099972.629913,normal
178,1781099972.632526,normal
179,1781099972.633793,normal
180,1781099972.635592,normal
181,1781099972.638139,normal
182,1781099972.639962,normal
183,1781099972.642363,normal
184,1781099972.644192,normal
185,1781099972.647192,normal
186,1781099972.648778,normal
187,1781099972.651483,normal
188,1781099972.653268,normal
189,1781099972.655621,normal
190,1781099972.657090,normal
191,1781099972.659314,normal
192,1781099972.661695,normal
193,1781099972.663644,normal
194,1781099972.665809,normal
195,1781099972.668599,normal
196,1781099972.670189,normal
197,1781099972.672296,normal
198,1781099972.674737,normal
199,1781099972.677131,normal
200,1781099972.678929,normal
201,1781099972.681540,normal
202,1781099972.683252,normal
203,1781099972.685392,normal
204,1781099972.687263,normal
205,1781099972.690344,normal
206,1781099972.691992,normal
207,1781099972.694968,normal
208,1781099972.697163,normal
209,1781099972.699125,normal
210,1781099972.701340,normal
211,1781099972.703310,normal
212,1781099972.705095,normal
213,1781099972.707412,normal
214,1781099972.710205,normal
215,1781099972.711683,udp_reflection
216,1781099972.713667,normal
217,1781099972.715446,http_flood
218,1781099972.717526,normal
219,1781099972.719612,normal
220,1781099972.721815,udp_reflection
221,1781099972.724051,normal
222,1781099972.725566,normal
223,1781099972.727598,normal
224,1781099972.730347,normal
225,1781099972.732283,normal
226,1781099972.733901,normal
227,1781099972.736159,normal
228,1781099972.738541,http_flood
229,1781099972.740857,normal
230,1781099972.742341,normal
231,1781099972.744348,normal
232,1781099972.746794,normal
233,1781099972.748592,normal
234,1781099972.750793,normal
235,1781099972.752686,normal
236,1781099972.754405,normal
237,1781099972.756355,normal
238,1781099972.758425,normal
239,1781099972.760170,normal
240,1781099972.762066,normal
241,1781099972.764746,normal
242,1781099972.767523,normal
243,1781099972.769795,normal
244,1781099972.772564,normal
245,1781099972.774454,normal
246,1781099972.776688,normal
247,1781099972.778236,normal
248,1781099972.780013,normal
249,1781099972.782471,normal
250,1781099972.784891,normal
251,1781099972.786796,normal
252,1781099972.788526,normal
253,1781099972.790557,http_flood
254,1781099972.792593,normal
255,1781099972.794305,syn_flood
256,1781099972.796209,normal
257,1781099972.798492,normal
258,1781099972.800566,normal
259,1781099972.802288,normal
260,1781099972.803874,normal
261,1781099972.806346,normal
262,1781099972.808569,normal
263,1781099972.811265,normal
264,1781099972.813034,normal
265,1781099972.815443,normal
266,1781099972.817999,normal
267,1781099972.820272,normal
268,1781099972.822713,normal
269,1781099972.825891,normal
270,1781099972.827615,normal
271,1781099972.830138,normal
272,1781099972.831595,http_flood
273,1781099972.835638,normal
274,1781099972.838416,normal
275,1781099972.840172,normal
276,1781099972.842291,http_flood
277,1781099972.845093,normal
278,1781099972.846866,normal
279,1781099972.848871,normal
280,1781099972.851336,normal
281,1781099972.853492,normal
282,1781099972.856050,normal
283,1781099972.858561,normal
284,1781099972.860532,normal
285,1781099972.862154,normal
286,1781099972.864150,normal
287,1781099972.866362,normal
288,1781099972.869077,normal
289,1781099972.870845,normal
290,1781099972.872469,normal
291,1781099972.873937,normal
292,1781099972.876303,normal
293,1781099972.878896,normal
294,1781099972.880481,normal
295,1781099972.882881,normal
296,1781099972.884832,normal
297,1781099972.887314,syn_flood
298,1781099972.889127,normal
299,1781099972.892199,normal
300,1781099972.895606,normal
301,1781099972.897468,normal
302,1781099972.898673,normal
303,1781099972.900621,normal
304,1781099972.902086,normal
305,1781099972.903837,normal
306,1781099972.905889,normal
307,1781099972.908999,normal
308,1781099972.910582,normal
309,1781099972.912514,normal
310,1781099972.914392,normal
311,1781099972.916800,normal
312,1781099972.918266,normal
313,1781099972.920469,normal
314,1781099972.922566,normal
315,1781099972.924849,normal
316,1781099972.927779,normal
317,1781099972.930779,syn_flood
318,1781099972.933252,normal
319,1781099972.935566,normal
320,1781099972.937835,normal
321,1781099972.940362,normal
322,1781099972.942865,normal
323,1781099972.945065,normal
324,1781099972.947422,normal
325,1781099972.950331,normal
326,1781099972.952524,udp_reflection
327,1781099972.953912,syn_flood
328,1781099972.955868,normal
329,1781099972.957757,normal
330,1781099972.959900,udp_reflection
331,1781099972.962232,normal
332,1781099972.964049,normal
333,1781099972.966277,normal
334,1781099972.968745,normal
335,1781099972.970829,normal
336,1781099972.972450,normal
337,1781099972.974372,normal
338,1781099972.977296,normal
339,1781099972.979469,normal
340,1781099972.981869,normal
341,1781099972.983597,normal
342,1781099972.985214,normal
343,1781099972.986922,normal
344,1781099972.989141,normal
345,1781099972.990704,normal
346,1781099972.992852,http_flood
347,1781099972.994907,normal
348,1781099972.997455,normal
349,1781099972.999902,normal
350,1781099973.002776,normal
351,1781099973.004673,normal
352,1781099973.007204,normal
353,1781099973.010248,normal
354,1781099973.012412,normal
355,1781099973.014851,normal
356,1781099973.018221,normal
357,1781099973.021182,normal
358,1781099973.023293,normal
359,1781099973.025266,normal
360,1781099973.027097,normal
361,1781099973.029141,normal
362,1781099973.032000,normal
363,1781099973.033568,normal
364,1781099973.035620,normal
365,1781099973.038313,normal
366,1781099973.041082,normal
367,1781099973.043369,normal
368,1781099973.045309,normal
369,1781099973.048022,normal
370,1781099973.050371,normal
371,1781099973.053149,normal
372,1781099973.055262,http_flood
373,1781099973.057067,normal
374,1781099973.058791,normal
375,1781099973.061298,normal
376,1781099973.063663,normal
377,1781099973.065365,normal
378,1781099973.067439,normal
379,1781099973.070315,normal
380,1781099973.072549,normal
381,1781099973.075793,normal
382,1781099973.077480,normal
383,1781099973.079709,normal
384,1781099973.081597,normal
385,1781099973.083656,normal
386,1781099973.085542,udp_reflection
387,1781099973.087925,normal
388,1781099973.089429,normal
389,1781099973.091480,normal
390,1781099973.094345,normal
391,1781099973.096358,normal
392,1781099973.098806,normal
393,1781099973.100762,normal
394,1781099973.103188,normal
395,1781099973.105317,normal
396,1781099973.107286,normal
397,1781099973.109251,syn_flood
398,1781099973.111631,normal
399,1781099973.113625,normal
400,1781099973.115355,normal
401,1781099973.118042,normal
402,1781099973.119795,normal
403,1781099973.122442,normal
404,1781099973.123763,normal
405,1781099973.127579,normal
406,1781099973.129499,normal
407,1781099973.130810,syn_flood
408,1781099973.132191,normal
409,1781099973.134382,normal
410,1781099973.137284,normal
411,1781099973.139082,normal
412,1781099973.141098,normal
413,1781099973.143230,normal
414,1781099973.145381,normal
415,1781099973.147023,normal
416,1781099973.149359,normal
417,1781099973.152066,normal
418,1781099973.153956,syn_flood
419,1781099973.156140,normal
420,1781099973.158885,syn_flood
421,1781099973.161525,normal
422,1781099973.163134,normal
423,1781099973.165486,normal
424,1781099973.167568,normal
425,1781099973.169585,normal
426,1781099973.171823,udp_reflection
427,1781099973.175125,normal
428,1781099973.176980,normal
429,1781099973.178811,normal
430,1781099973.181212,normal
431,1781099973.184288,normal
432,1781099973.186523,normal
433,1781099973.189270,normal
434,1781099973.191157,normal
435,1781099973.193238,normal
436,1781099973.195999,normal
437,1781099973.198872,udp_reflection
438,1781099973.201620,normal
439,1781099973.203084,normal
440,1781099973.204923,normal
441,1781099973.207423,normal
442,1781099973.209317,normal
443,1781099973.211266,normal
444,1781099973.214716,normal
445,1781099973.216982,normal
446,1781099973.218980,normal
447,1781099973.220399,normal
448,1781099973.222916,normal
449,1781099973.224990,normal
450,1781099973.226909,normal
451,1781099973.229634,normal
452,1781099973.231350,normal
453,1781099973.233481,normal
454,1781099973.235962,http_flood
455,1781099973.238381,syn_flood
456,1781099973.240899,normal
457,1781099973.242997,normal
458,1781099973.244699,normal
459,1781099973.246600,normal
460,1781099973.250078,normal
461,1781099973.253020,normal
462,1781099973.256322,normal
463,1781099973.257885,normal
464,1781099973.260866,normal
465,1781099973.263163,normal
466,1781099973.265798,normal
467,1781099973.268224,normal
468,1781099973.270483,normal
469,1781099973.273435,normal
470,1781099973.275462,normal
471,1781099973.277432,normal
472,1781099973.280534,normal
473,1781099973.282412,normal
474,1781099973.284071,normal
475,1781099973.286049,normal
476,1781099973.288566,udp_reflection
477,1781099973.291620,syn_flood
478,1781099973.294160,normal
479,1781099973.297252,normal
480,1781099973.299129,normal
481,1781099973.300753,normal
482,1781099973.303191,normal
483,1781099973.304877,normal
484,1781099973.307892,normal
485,1781099973.309947,normal
486,1781099973.312026,http_flood
487,1781099973.314505,normal
488,1781099973.316512,http_flood
489,1781099973.319010,syn_flood
490,1781099973.321816,normal
491,1781099973.324311,syn_flood
492,1781099973.326327,udp_reflection
493,1781099973.328483,normal
494,1781099973.331275,normal
495,1781099973.333500,normal
496,1781099973.335754,normal
497,1781099973.337596,normal
498,1781099973.339951,normal
499,1781099973.343513,normal
500,1781099973.345717,normal
501,1781099973.348900,normal
502,1781099973.350656,normal
503,1781099973.352647,normal
504,1781099973.354966,normal
505,1781099973.356951,normal
506,1781099973.359695,normal
507,1781099973.362278,normal
508,1781099973.364779,normal
509,1781099973.366951,normal
510,1781099973.369384,normal
511,1781099973.371249,normal
512,1781099973.375060,normal
513,1781099973.377767,normal
514,1781099973.379290,normal
515,1781099973.381666,normal
516,1781099973.384050,normal
517,1781099973.385816,normal
518,1781099973.387437,normal
519,1781099973.388838,http_flood
520,1781099973.391085,normal
521,1781099973.393205,normal
522,1781099973.396408,http_flood
523,1781099973.398557,normal
524,1781099973.401191,normal
525,1781099973.403814,http_flood
526,1781099973.405398,http_flood
527,1781099973.409600,normal
528,1781099973.412465,normal
529,1781099973.414708,normal
530,1781099973.417037,normal
531,1781099973.419016,normal
532,1781099973.421752,normal
533,1781099973.423387,normal
534,1781099973.425914,normal
535,1781099973.428524,normal
536,1781099973.430299,normal
537,1781099973.433480,normal
538,1781099973.435560,normal
539,1781099973.437683,normal
540,1781099973.439824,normal
541,1781099973.442266,normal
542,1781099973.445065,normal
543,1781099973.447022,http_flood
544,1781099973.448614,udp_reflection
545,1781099973.450398,normal
546,1781099973.453716,normal
547,1781099973.455622,normal
548,1781099973.457323,normal
549,1781099973.459726,normal
550,1781099973.461926,http_flood
551,1781099973.464841,normal
552,1781099973.466990,normal
553,1781099973.468670,normal
554,1781099973.471805,normal
555,1781099973.473756,normal
556,1781099973.475976,normal
557,1781099973.478262,normal
558,1781099973.480350,normal
559,1781099973.482846,normal
560,1781099973.485389,normal
561,1781099973.487319,normal
562,1781099973.489635,normal
563,1781099973.492467,normal
564,1781099973.494493,normal
565,1781099973.496338,syn_flood
566,1781099973.498117,normal
567,1781099973.500210,normal
568,1781099973.502868,http_flood
569,1781099973.505162,normal
570,1781099973.507576,normal
571,1781099973.510062,syn_flood
572,1781099973.512736,normal
573,1781099973.514901,normal
574,1781099973.516636,normal
575,1781099973.519711,http_flood
576,1781099973.523306,normal
577,1781099973.525128,normal
578,1781099973.527587,normal
579,1781099973.529957,normal
580,1781099973.531879,normal
581,1781099973.534000,syn_flood
582,1781099973.535658,normal
583,1781099973.537434,normal
584,1781099973.539812,normal
585,1781099973.541499,normal
586,1781099973.543923,syn_flood
587,1781099973.546219,normal
588,1781099973.548642,normal
589,1781099973.550333,normal
590,1781099973.552343,normal
591,1781099973.554801,http_flood
592,1781099973.557254,normal
593,1781099973.559883,normal
594,1781099973.561886,normal
595,1781099973.563528,normal
596,1781099973.565741,normal
597,1781099973.567395,http_flood
598,1781099973.569816,syn_flood
599,1781099973.572555,normal
600,1781099973.575077,normal
601,1781099973.578241,normal
602,1781099973.579845,normal
603,1781099973.581782,normal
604,1781099973.584022,normal
605,1781099973.585981,normal
606,1781099973.588328,normal
607,1781099973.591265,normal
608,1781099973.593354,normal
609,1781099973.594972,normal
610,1781099973.597582,normal
611,1781099973.599522,normal
612,1781099973.601723,normal
613,1781099973.604054,normal
614,1781099973.606863,normal
615,1781099973.610110,normal
616,1781099973.611373,normal
617,1781099973.613452,normal
618,1781099973.615483,normal
619,1781099973.617538,normal
620,1781099973.619547,normal
621,1781099973.621899,normal
622,1781099973.623578,normal
623,1781099973.625209,http_flood
624,1781099973.626922,normal
625,1781099973.629319,normal
626,1781099973.631417,normal
627,1781099973.633614,normal
628,1781099973.635973,normal
629,1781099973.638196,normal
630,1781099973.640469,normal
631,1781099973.642904,http_flood
632,1781099973.645276,normal
633,1781099973.648428,normal
634,1781099973.650738,http_flood
635,1781099973.652670,normal
636,1781099973.654927,normal
637,1781099973.657522,normal
638,1781099973.660105,normal
639,1781099973.661467,normal
640,1781099973.663530,normal
641,1781099973.665655,normal
642,1781099973.667243,normal
643,1781099973.669128,normal
644,1781099973.671676,normal
645,1781099973.674052,normal
646,1781099973.677081,udp_reflection
647,1781099973.680007,normal
648,1781099973.682558,normal
649,1781099973.685007,normal
650,1781099973.686492,syn_flood
651,1781099973.689348,normal
652,1781099973.691652,normal
653,1781099973.693686,normal
654,1781099973.695992,normal
655,1781099973.698786,normal
656,1781099973.701334,normal
657,1781099973.703889,normal
658,1781099973.705571,normal
659,1781099973.708905,normal
660,1781099973.710844,normal
661,1781099973.715108,normal
662,1781099973.717682,normal
663,1781099973.719729,normal
664,1781099973.721360,normal
665,1781099973.723368,normal
666,1781099973.724959,normal
667,1781099973.726901,normal
668,1781099973.729945,normal
669,1781099973.731876,normal
670,1781099973.734046,normal
671,1781099973.736089,normal
672,1781099973.739277,normal
673,1781099973.741491,normal
674,1781099973.743201,normal
675,1781099973.745364,normal
676,1781099973.747817,normal
677,1781099973.749680,normal
678,1781099973.751776,normal
679,1781099973.753875,normal
680,1781099973.756658,normal
681,1781099973.759683,normal
682,1781099973.762319,normal
683,1781099973.764380,normal
684,1781099973.766646,normal
685,1781099973.769023,normal
686,1781099973.770562,syn_flood
687,1781099973.773085,syn_flood
688,1781099973.775629,normal
689,1781099973.777665,normal
690,1781099973.778919,normal
691,1781099973.781402,normal
692,1781099973.783311,normal
693,1781099973.785439,normal
694,1781099973.787101,normal
695,1781099973.789102,normal
696,1781099973.790668,normal
697,1781099973.792543,udp_reflection
698,1781099973.795176,normal
699,1781099973.797458,normal
700,1781099973.799330,udp_reflection
701,1781099973.801623,normal
702,1781099973.804261,normal
703,1781099973.807831,normal
704,1781099973.809147,normal
705,1781099973.811934,normal
706,1781099973.813386,normal
707,1781099973.815274,normal
708,1781099973.817275,normal
709,1781099973.820474,normal
710,1781099973.824052,syn_flood
711,1781099973.827176,syn_flood
712,1781099973.829994,normal
713,1781099973.831723,normal
714,1781099973.833500,normal
715,1781099973.835666,normal
716,1781099973.838164,normal
717,1781099973.840695,normal
718,1781099973.842989,http_flood
719,1781099973.845648,normal
720,1781099973.847093,normal
721,1781099973.849320,normal
722,1781099973.851736,normal
723,1781099973.853720,normal
724,1781099973.855969,normal
725,1781099973.857720,syn_flood
726,1781099973.859958,normal
727,1781099973.862587,syn_flood
728,1781099973.864872,normal
729,1781099973.866903,normal
730,1781099973.869671,normal
731,1781099973.871952,normal
732,1781099973.874032,normal
733,1781099973.876389,normal
734,1781099973.879150,normal
735,1781099973.882193,syn_flood
736,1781099973.884616,normal
737,1781099973.886725,normal
738,1781099973.889039,normal
739,1781099973.890622,http_flood
740,1781099973.892666,syn_flood
741,1781099973.895174,normal
742,1781099973.896704,normal
743,1781099973.898749,normal
744,1781099973.900856,normal
745,1781099973.903317,syn_flood
746,1781099973.905553,normal
747,1781099973.907951,normal
748,1781099973.910325,normal
749,1781099973.912187,normal
750,1781099973.915069,normal
751,1781099973.917323,normal
752,1781099973.920580,normal
753,1781099973.923846,normal
754,1781099973.926640,normal
755,1781099973.929402,normal
756,1781099973.931855,normal
757,1781099973.935271,normal
758,1781099973.936909,normal
759,1781099973.940316,normal
760,1781099973.943510,syn_flood
761,1781099973.946395,normal
762,1781099973.949458,normal
763,1781099973.953011,normal
764,1781099973.954647,normal
765,1781099973.958275,normal
766,1781099973.959737,normal
767,1781099973.962079,udp_reflection
768,1781099973.964381,normal
769,1781099973.966477,normal
770,1781099973.968469,normal
771,1781099973.971110,normal
772,1781099973.973341,normal
773,1781099973.975762,normal
774,1781099973.977757,normal
775,1781099973.979366,normal
776,1781099973.981321,normal
777,1781099973.983398,normal
778,1781099973.986507,normal
779,1781099973.989854,normal
780,1781099973.992097,normal
781,1781099973.994000,normal
782,1781099973.996684,udp_reflection
783,1781099973.999547,normal
784,1781099974.001758,normal
785,1781099974.004780,normal
786,1781099974.007970,normal
787,1781099974.009945,normal
788,1781099974.012154,normal
789,1781099974.013979,normal
790,1781099974.016519,normal
791,1781099974.018923,normal
792,1781099974.020822,normal
793,1781099974.023332,udp_reflection
794,1781099974.025480,normal
795,1781099974.027946,normal
796,1781099974.030040,normal
797,1781099974.032510,normal
798,1781099974.035118,normal
799,1781099974.037199,normal
800,1781099974.039780,normal
801,1781099974.042348,normal
802,1781099974.044482,normal
803,1781099974.046619,normal
804,1781099974.049205,udp_reflection
805,1781099974.051557,syn_flood
806,1781099974.053540,normal
807,1781099974.055486,http_flood
808,1781099974.057216,normal
809,1781099974.059198,normal
810,1781099974.061761,udp_reflection
811,1781099974.063063,normal
812,1781099974.064867,normal
813,1781099974.067498,normal
814,1781099974.070124,normal
815,1781099974.072064,normal
816,1781099974.074083,normal
817,1781099974.076223,normal
818,1781099974.078447,normal
819,1781099974.081475,normal
820,1781099974.083385,normal
821,1781099974.085013,normal
822,1781099974.087363,normal
823,1781099974.090547,normal
824,1781099974.091938,normal
825,1781099974.093449,normal
826,1781099974.095546,normal
827,1781099974.097783,normal
828,1781099974.101149,normal
829,1781099974.103426,normal
830,1781099974.104552,normal
831,1781099974.107827,normal
832,1781099974.110728,normal
833,1781099974.113225,normal
834,1781099974.114841,normal
835,1781099974.116958,normal
836,1781099974.118877,normal
837,1781099974.120800,syn_flood
838,1781099974.122543,normal
839,1781099974.125279,normal
840,1781099974.126926,normal
841,1781099974.129327,udp_reflection
842,1781099974.131586,normal
843,1781099974.133451,normal
844,1781099974.134898,normal
845,1781099974.137499,normal
846,1781099974.139239,syn_flood
847,1781099974.140775,normal
848,1781099974.142925,normal
849,1781099974.144243,udp_reflection
850,1781099974.146254,normal
851,1781099974.148740,normal
852,1781099974.151430,normal
853,1781099974.153973,normal
854,1781099974.155989,normal
855,1781099974.157952,normal
856,1781099974.159531,normal
857,1781099974.162152,normal
858,1781099974.164421,normal
859,1781099974.165988,normal
860,1781099974.168112,normal
861,1781099974.169831,normal
862,1781099974.171673,normal
863,1781099974.173446,syn_flood
864,1781099974.174752,normal
865,1781099974.176689,normal
866,1781099974.178513,normal
867,1781099974.180259,normal
868,1781099974.182466,normal
869,1781099974.184253,normal
870,1781099974.186239,normal
871,1781099974.187968,normal
872,1781099974.189720,normal
873,1781099974.191150,normal
874,1781099974.194190,normal
875,1781099974.196576,normal
876,1781099974.198672,normal
877,1781099974.200395,normal
878,1781099974.202399,normal
879,1781099974.204488,normal
880,1781099974.207764,syn_flood
881,1781099974.210130,normal
882,1781099974.211856,normal
883,1781099974.214964,normal
884,1781099974.217367,normal
885,1781099974.219410,normal
886,1781099974.221725,normal
887,1781099974.224345,normal
888,1781099974.225809,normal
889,1781099974.227797,normal
890,1781099974.230405,http_flood
891,1781099974.232335,normal
892,1781099974.234235,normal
893,1781099974.236820,normal
894,1781099974.238556,normal
895,1781099974.240764,normal
896,1781099974.243688,normal
897,1781099974.245928,normal
898,1781099974.248064,http_flood
899,1781099974.250847,normal
900,1781099974.253215,normal
901,1781099974.255504,normal
902,1781099974.257739,normal
903,1781099974.260170,normal
904,1781099974.261763,normal
905,1781099974.264478,normal
906,1781099974.267416,udp_reflection
907,1781099974.270413,normal
908,1781099974.273030,normal
909,1781099974.275199,normal
910,1781099974.277168,normal
911,1781099974.279162,normal
912,1781099974.281146,normal
913,1781099974.284660,http_flood
914,1781099974.286771,normal
915,1781099974.288861,normal
916,1781099974.291189,normal
917,1781099974.293363,http_flood
918,1781099974.295640,normal
919,1781099974.297655,normal
920,1781099974.299935,normal
921,1781099974.302238,normal
922,1781099974.304520,normal
923,1781099974.306469,normal
924,1781099974.308139,normal
925,1781099974.310608,normal
926,1781099974.312435,normal
927,1781099974.315325,normal
928,1781099974.317491,normal
929,1781099974.319829,normal
930,1781099974.322506,normal
931,1781099974.324224,normal
932,1781099974.325908,normal
933,1781099974.328085,normal
934,1781099974.329620,normal
935,1781099974.332245,normal
936,1781099974.335967,normal
937,1781099974.338383,normal
938,1781099974.340699,normal
939,1781099974.342442,normal
940,1781099974.344250,normal
941,1781099974.345827,normal
942,1781099974.348204,normal
943,1781099974.349705,syn_flood
944,1781099974.351914,normal
945,1781099974.354752,normal
946,1781099974.356691,normal
947,1781099974.359125,normal
948,1781099974.361281,normal
949,1781099974.362893,normal
950,1781099974.364735,normal
951,1781099974.366163,normal
952,1781099974.367873,normal
953,1781099974.369872,normal
954,1781099974.372644,normal
955,1781099974.374994,normal
956,1781099974.377492,syn_flood
957,1781099974.380005,normal
958,1781099974.381913,normal
959,1781099974.384571,normal
960,1781099974.386283,normal
961,1781099974.388766,normal
962,1781099974.391563,normal
963,1781099974.394517,normal
964,1781099974.396490,normal
965,1781099974.398643,normal
966,1781099974.400986,normal
967,1781099974.403796,normal
968,1781099974.405431,udp_reflection
969,1781099974.407614,normal
970,1781099974.409652,normal
971,1781099974.411161,normal
972,1781099974.413430,http_flood
973,1781099974.415823,normal
974,1781099974.417622,normal
975,1781099974.419706,normal
976,1781099974.422564,normal
977,1781099974.425207,normal
978,1781099974.427063,normal
979,1781099974.429984,normal
980,1781099974.432973,udp_reflection
981,1781099974.434596,normal
982,1781099974.437182,normal
983,1781099974.439569,normal
984,1781099974.441396,normal
985,1781099974.443469,normal
986,1781099974.445808,normal
987,1781099974.447548,http_flood
988,1781099974.449817,syn_flood
989,1781099974.452691,normal
990,1781099974.455280,normal
991,1781099974.457389,normal
992,1781099974.459111,normal
993,1781099974.461281,normal
994,1781099974.463406,normal
995,1781099974.465407,normal
996,1781099974.467548,normal
997,1781099974.469978,normal
998,1781099974.472648,normal
999,1781099974.474402,normal
1000,1781099974.476941,normal
1001,1781099974.479703,syn_flood
1002,1781099974.483020,normal
1003,1781099974.484314,normal
1004,1781099974.487323,normal
1005,1781099974.490390,normal
1006,1781099974.493198,normal
1007,1781099974.495217,normal
1008,1781099974.497469,normal
1009,1781099974.499652,normal
1010,1781099974.501669,normal
1011,1781099974.505669,normal
1012,1781099974.507966,normal
1013,1781099974.510192,normal
1014,1781099974.513312,normal
1015,1781099974.515352,normal
1016,1781099974.516963,normal
1017,1781099974.519290,normal
1018,1781099974.521490,normal
1019,1781099974.523527,normal
1020,1781099974.526000,normal
1021,1781099974.528044,normal
1022,1781099974.530311,normal
1023,1781099974.532518,http_flood
1024,1781099974.534581,normal
1025,1781099974.536698,udp_reflection
1026,1781099974.538939,normal
1027,1781099974.541744,normal
1028,1781099974.543904,normal
1029,1781099974.545812,syn_flood
1030,1781099974.547960,udp_reflection
1031,1781099974.552158,normal
1032,1781099974.554382,normal
1033,1781099974.555779,normal
1034,1781099974.557677,normal
1035,1781099974.559993,normal
1036,1781099974.562237,normal
1037,1781099974.565014,normal
1038,1781099974.567387,udp_reflection
1039,1781099974.570075,normal
1040,1781099974.573206,normal
1041,1781099974.575493,syn_flood
1042,1781099974.578432,normal
1043,1781099974.580632,normal
1044,1781099974.582563,normal
1045,1781099974.583872,udp_reflection
1046,1781099974.586283,normal
1047,1781099974.587888,normal
1048,1781099974.589288,normal
1049,1781099974.590677,normal
1050,1781099974.592086,normal
1051,1781099974.594947,normal
1052,1781099974.596371,normal
1053,1781099974.598051,normal
1054,1781099974.599684,normal
1055,1781099974.601624,normal
1056,1781099974.604436,normal
1057,1781099974.607522,normal
1058,1781099974.609864,normal
1059,1781099974.612827,normal
1060,1781099974.614781,normal
1061,1781099974.617804,normal
1062,1781099974.620234,normal
1063,1781099974.623538,normal
1064,1781099974.626327,normal
1065,1781099974.628550,normal
1066,1781099974.632154,normal
1067,1781099974.634600,normal
1068,1781099974.636665,normal
1069,1781099974.638475,normal
1070,1781099974.640872,normal
1071,1781099974.644130,normal
1072,1781099974.646518,normal
1073,1781099974.649099,normal
1074,1781099974.651599,normal
1075,1781099974.653617,normal
1076,1781099974.655951,normal
1077,1781099974.658038,normal
1078,1781099974.660252,normal
1079,1781099974.661752,normal
1080,1781099974.664138,normal
1081,1781099974.665740,normal
1082,1781099974.667888,normal
1083,1781099974.670679,normal
1084,1781099974.673016,normal
1085,1781099974.675707,normal
1086,1781099974.677810,normal
1087,1781099974.678972,normal
1088,1781099974.681389,normal
1089,1781099974.682686,normal
1090,1781099974.685907,normal
1091,1781099974.688555,normal
1092,1781099974.691162,normal
1093,1781099974.693002,syn_flood
1094,1781099974.695028,normal
1095,1781099974.697531,normal
1096,1781099974.699975,udp_reflection
1097,1781099974.702024,normal
1098,1781099974.703995,normal
1099,1781099974.706000,normal
1100,1781099974.709016,syn_flood
1101,1781099974.711717,normal
1102,1781099974.713735,normal
1103,1781099974.715312,normal
1104,1781099974.717957,normal
1105,1781099974.720418,normal
1106,1781099974.722806,normal
1107,1781099974.724757,normal
1108,1781099974.726495,normal
1109,1781099974.728356,normal
1110,1781099974.731045,udp_reflection
1111,1781099974.733513,normal
1112,1781099974.736221,normal
1113,1781099974.737679,normal
1114,1781099974.739491,normal
1115,1781099974.742061,http_flood
1116,1781099974.744779,normal
1117,1781099974.747159,normal
1118,1781099974.749008,normal
1119,1781099974.750970,normal
1120,1781099974.753275,normal
1121,1781099974.755484,normal
1122,1781099974.758145,normal
1123,1781099974.760849,syn_flood
1124,1781099974.762515,normal
1125,1781099974.765615,normal
1126,1781099974.766681,normal
1127,1781099974.768047,normal
1128,1781099974.769872,normal
1129,1781099974.771889,normal
1130,1781099974.773921,normal
1131,1781099974.776355,normal
1132,1781099974.779279,normal
1133,1781099974.781985,normal
1134,1781099974.784464,normal
1135,1781099974.786804,normal
1136,1781099974.789010,normal
1137,1781099974.791217,normal
1138,1781099974.793016,normal
1139,1781099974.796034,normal
1140,1781099974.798458,normal
1141,1781099974.800497,normal
1142,1781099974.803283,normal
1143,1781099974.805509,normal
1144,1781099974.808008,normal
1145,1781099974.810760,udp_reflection
1146,1781099974.813374,normal
1147,1781099974.816120,normal
1148,1781099974.819782,syn_flood
1149,1781099974.821482,normal
1150,1781099974.823779,normal
1151,1781099974.826275,normal
1152,1781099974.829061,normal
1153,1781099974.830674,normal
1154,1781099974.831998,syn_flood
1155,1781099974.834835,normal
1156,1781099974.836576,normal
1157,1781099974.838463,http_flood
1158,1781099974.839965,normal
1159,1781099974.842060,normal
1160,1781099974.844259,syn_flood
1161,1781099974.846555,normal
1162,1781099974.848056,normal
1163,1781099974.850701,normal
1164,1781099974.852187,normal
1165,1781099974.854349,normal
1166,1781099974.857181,normal
1167,1781099974.859380,normal
1168,1781099974.861522,normal
1169,1781099974.863469,normal
1170,1781099974.865849,normal
1171,1781099974.867310,normal
1172,1781099974.869197,normal
1173,1781099974.871300,normal
1174,1781099974.873913,normal
1175,1781099974.876997,normal
1176,1781099974.878757,normal
1177,1781099974.880815,normal
1178,1781099974.882926,normal
1179,1781099974.885040,normal
1180,1781099974.887289,normal
1181,1781099974.888774,normal
1182,1781099974.891057,normal
1183,1781099974.892681,normal
1184,1781099974.894594,normal
1185,1781099974.896621,normal
1186,1781099974.898896,normal
1187,1781099974.900705,normal
1188,1781099974.902681,normal
1189,1781099974.904466,normal
1190,1781099974.907287,normal
1191,1781099974.909384,syn_flood
1192,1781099974.912563,normal
1193,1781099974.914927,normal
1194,1781099974.917817,normal
1195,1781099974.920270,normal
1196,1781099974.921726,normal
1197,1781099974.924289,normal
1198,1781099974.925980,syn_flood
1199,1781099974.927950,syn_flood
1200,1781099974.929877,normal
1201,1781099974.932073,normal
1202,1781099974.934641,normal
1203,1781099974.936986,normal
1204,1781099974.938590,normal
1205,1781099974.940839,normal
1206,1781099974.943553,normal
1207,1781099974.945836,normal
1208,1781099974.947383,udp_reflection
1209,1781099974.949538,normal
1210,1781099974.951249,normal
1211,1781099974.953173,normal
1212,1781099974.956006,normal
1213,1781099974.958501,normal
1214,1781099974.960164,normal
1215,1781099974.962585,normal
1216,1781099974.964352,normal
1217,1781099974.967029,normal
1218,1781099974.969732,normal
1219,1781099974.971557,normal
1220,1781099974.973593,normal
1221,1781099974.976156,normal
1222,1781099974.978865,normal
1223,1781099974.980390,normal
1224,1781099974.982685,normal
1225,1781099974.985457,normal
1226,1781099974.989048,normal
1227,1781099974.990850,normal
1228,1781099974.992727,http_flood
1229,1781099974.994467,normal
1230,1781099974.996326,normal
1231,1781099974.998482,normal
1232,1781099975.000334,normal
1233,1781099975.002537,normal
1234,1781099975.003987,normal
1235,1781099975.006589,normal
1236,1781099975.008771,normal
1237,1781099975.010973,normal
1238,1781099975.013592,normal
1239,1781099975.016631,normal
1240,1781099975.018750,normal
1241,1781099975.021004,udp_reflection
1242,1781099975.023812,normal
1243,1781099975.025528,normal
1244,1781099975.027935,normal
1245,1781099975.030057,normal
1246,1781099975.032222,normal
1247,1781099975.033825,normal
1248,1781099975.035931,normal
1249,1781099975.037895,normal
1250,1781099975.041333,normal
1251,1781099975.044028,normal
1252,1781099975.047108,normal
1253,1781099975.049083,normal
1254,1781099975.051051,http_flood
1255,1781099975.053110,normal
1256,1781099975.055302,normal
1257,1781099975.057809,normal
1258,1781099975.059797,normal
1259,1781099975.061282,normal
1260,1781099975.064162,normal
1261,1781099975.066416,normal
1262,1781099975.068372,normal
1263,1781099975.071084,normal
1264,1781099975.073643,normal
1265,1781099975.075914,normal
1266,1781099975.078748,normal
1267,1781099975.080663,normal
1268,1781099975.082624,normal
1269,1781099975.085933,normal
1270,1781099975.087776,normal
1271,1781099975.090188,normal
1272,1781099975.092031,normal
1273,1781099975.094275,syn_flood
1274,1781099975.096601,normal
1275,1781099975.098495,normal
1276,1781099975.100785,normal
1277,1781099975.103027,normal
1278,1781099975.105982,normal
1279,1781099975.107711,normal
1280,1781099975.109863,normal
1281,1781099975.112121,normal
1282,1781099975.114157,syn_flood
1283,1781099975.117218,normal
1284,1781099975.119742,normal
1285,1781099975.123583,normal
1286,1781099975.125103,normal
1287,1781099975.127229,normal
1288,1781099975.128751,normal
1289,1781099975.130087,normal
1290,1781099975.132097,normal
1291,1781099975.134211,normal
1292,1781099975.137614,normal
1293,1781099975.139333,normal
1294,1781099975.141115,normal
1295,1781099975.143600,http_flood
1296,1781099975.146190,normal
1297,1781099975.148307,normal
1298,1781099975.150921,http_flood
1299,1781099975.152726,normal
1300,1781099975.154829,normal
1301,1781099975.157274,normal
1302,1781099975.158907,normal
1303,1781099975.160565,normal
1304,1781099975.162336,normal
1305,1781099975.164192,normal
1306,1781099975.166031,normal
1307,1781099975.167863,normal
1308,1781099975.169803,normal
1309,1781099975.172665,normal
1310,1781099975.175191,http_flood
1311,1781099975.177722,normal
1312,1781099975.179956,normal
1313,1781099975.182165,normal
1314,1781099975.184401,http_flood
1315,1781099975.186406,normal
1316,1781099975.188051,normal
1317,1781099975.190256,udp_reflection
1318,1781099975.192726,normal
1319,1781099975.195838,normal
1320,1781099975.198099,normal
1321,1781099975.199544,normal
1322,1781099975.201918,normal
1323,1781099975.204707,udp_reflection
1324,1781099975.206361,normal
1325,1781099975.208601,normal
1326,1781099975.212392,normal
1327,1781099975.213647,normal
1328,1781099975.215309,normal
1329,1781099975.218021,normal
1330,1781099975.220830,normal
1331,1781099975.223515,normal
1332,1781099975.227255,normal
1333,1781099975.229587,normal
1334,1781099975.231500,normal
1335,1781099975.233539,normal
1336,1781099975.236173,normal
1337,1781099975.237954,normal
1338,1781099975.240347,normal
1339,1781099975.242278,normal
1340,1781099975.244463,normal
1341,1781099975.246372,normal
1342,1781099975.248894,http_flood
1343,1781099975.251563,normal
1344,1781099975.253370,normal
1345,1781099975.255925,normal
1346,1781099975.258012,http_flood
1347,1781099975.259792,normal
1348,1781099975.262897,normal
1349,1781099975.264887,normal
1350,1781099975.266885,normal
1351,1781099975.269312,normal
1352,1781099975.272544,normal
1353,1781099975.274381,normal
1354,1781099975.276430,normal
1355,1781099975.279133,normal
1356,1781099975.280719,normal
1357,1781099975.282310,normal
1358,1781099975.284652,normal
1359,1781099975.287150,normal
1360,1781099975.288620,normal
1361,1781099975.290697,normal
1362,1781099975.292985,normal
1363,1781099975.295114,udp_reflection
1364,1781099975.297206,normal
1365,1781099975.299756,normal
1366,1781099975.302942,normal
1367,1781099975.305123,normal
1368,1781099975.306802,normal
1369,1781099975.308701,normal
1370,1781099975.310716,normal
1371,1781099975.312280,normal
1372,1781099975.314678,normal
1373,1781099975.316838,normal
1374,1781099975.319685,normal
1375,1781099975.321713,syn_flood
1376,1781099975.323970,normal
1377,1781099975.327812,normal
1378,1781099975.331009,normal
1379,1781099975.333082,syn_flood
1380,1781099975.335505,normal
1381,1781099975.337856,normal
1382,1781099975.339708,normal
1383,1781099975.342707,normal
1384,1781099975.345382,normal
1385,1781099975.347550,normal
1386,1781099975.349113,normal
1387,1781099975.351206,normal
1388,1781099975.353298,normal
1389,1781099975.356172,normal
1390,1781099975.357369,normal
1391,1781099975.359694,normal
1392,1781099975.361383,normal
1393,1781099975.363827,normal
1394,1781099975.367710,normal
1395,1781099975.370530,normal
1396,1781099975.372858,normal
1397,1781099975.375015,normal
1398,1781099975.377193,normal
1399,1781099975.379165,normal
1400,1781099975.382224,normal
1401,1781099975.384211,normal
1402,1781099975.386307,normal
1403,1781099975.388815,normal
1404,1781099975.391208,normal
1405,1781099975.392740,normal
1406,1781099975.394412,normal
1407,1781099975.396917,normal
1408,1781099975.399149,normal
1409,1781099975.401583,normal
1410,1781099975.404153,normal
1411,1781099975.405873,normal
1412,1781099975.407695,syn_flood
1413,1781099975.411095,normal
1414,1781099975.413885,normal
1415,1781099975.416289,normal
1416,1781099975.418149,normal
1417,1781099975.419305,normal
1418,1781099975.421177,normal
1419,1781099975.422642,normal
1420,1781099975.426035,normal
1421,1781099975.427649,normal
1422,1781099975.430320,normal
1423,1781099975.432187,normal
1424,1781099975.435138,normal
1425,1781099975.437244,normal
1426,1781099975.439446,normal
1427,1781099975.441798,http_flood
1428,1781099975.443976,normal
1429,1781099975.446289,normal
1430,1781099975.449155,normal
1431,1781099975.450907,syn_flood
1432,1781099975.451937,normal
1433,1781099975.454279,normal
1434,1781099975.456239,normal
1435,1781099975.458333,normal
1436,1781099975.460205,normal
1437,1781099975.463378,normal
1438,1781099975.466550,normal
1439,1781099975.469520,normal
1440,1781099975.471364,normal
1441,1781099975.473475,normal
1442,1781099975.475913,normal
1443,1781099975.477451,normal
1444,1781099975.479659,normal
1445,1781099975.481155,normal
1446,1781099975.483361,normal
1447,1781099975.485228,http_flood
1448,1781099975.488161,normal
1449,1781099975.490961,normal
1450,1781099975.492400,normal
1451,1781099975.495367,normal
1452,1781099975.497293,normal
1453,1781099975.499526,normal
1454,1781099975.501614,normal
1455,1781099975.503671,normal
1456,1781099975.505864,normal
1457,1781099975.507333,normal
1458,1781099975.509686,normal
1459,1781099975.512351,http_flood
1460,1781099975.514623,normal
1461,1781099975.516331,normal
1462,1781099975.518449,normal
1463,1781099975.520605,udp_reflection
1464,1781099975.522475,normal
1465,1781099975.525088,normal
1466,1781099975.527474,normal
1467,1781099975.530711,normal
1468,1781099975.532970,normal
1469,1781099975.535306,normal
1470,1781099975.536993,normal
1471,1781099975.538850,normal
1472,1781099975.541547,normal
1473,1781099975.543606,normal
1474,1781099975.546049,normal
1475,1781099975.547706,normal
1476,1781099975.549304,normal
1477,1781099975.551479,normal
1478,1781099975.554208,normal
1479,1781099975.556607,normal
1480,1781099975.558183,normal
1481,1781099975.560526,normal
1482,1781099975.563194,normal
1483,1781099975.565797,normal
1484,1781099975.568577,normal
1485,1781099975.570649,normal
1486,1781099975.572716,normal
1487,1781099975.575610,normal
1488,1781099975.578385,normal
1489,1781099975.580427,normal
1490,1781099975.582491,normal
1491,1781099975.584391,normal
1492,1781099975.586473,normal
1493,1781099975.589506,normal
1494,1781099975.591841,normal
1495,1781099975.593750,normal
1496,1781099975.596748,normal
1497,1781099975.598386,normal
1498,1781099975.600674,normal
1499,1781099975.602820,normal
1500,1781099975.605441,normal
1501,1781099975.607755,http_flood
1502,1781099975.610645,normal
1503,1781099975.612565,normal
1504,1781099975.614879,normal
1505,1781099975.616758,normal
1506,1781099975.617990,normal
1507,1781099975.620070,normal
1508,1781099975.622400,normal
1509,1781099975.624752,normal
1510,1781099975.627651,normal
1511,1781099975.629334,normal
1512,1781099975.631786,normal
1513,1781099975.633730,normal
1514,1781099975.635432,normal
1515,1781099975.637151,normal
1516,1781099975.641175,normal
1517,1781099975.644094,normal
1518,1781099975.645872,normal
1519,1781099975.648609,http_flood
1520,1781099975.650438,normal
1521,1781099975.652295,normal
1522,1781099975.654307,http_flood
1523,1781099975.656294,normal
1524,1781099975.658504,normal
1525,1781099975.660871,normal
1526,1781099975.662781,normal
1527,1781099975.665300,normal
1528,1781099975.667061,http_flood
1529,1781099975.669485,normal
1530,1781099975.672123,normal
1531,1781099975.675199,normal
1532,1781099975.677787,normal
1533,1781099975.680566,normal
1534,1781099975.683102,normal
1535,1781099975.685140,normal
1536,1781099975.687679,syn_flood
1537,1781099975.688866,normal
1538,1781099975.691150,normal
1539,1781099975.693337,normal
1540,1781099975.695104,normal
1541,1781099975.696815,normal
1542,1781099975.698665,normal
1543,1781099975.700409,normal
1544,1781099975.702412,normal
1545,1781099975.704161,normal
1546,1781099975.706321,normal
1547,1781099975.708491,normal
1548,1781099975.710680,normal
1549,1781099975.712523,normal
1550,1781099975.714881,normal
1551,1781099975.717523,normal
1552,1781099975.719613,normal
1553,1781099975.722069,normal
1554,1781099975.724209,normal
1555,1781099975.726030,normal
1556,1781099975.728873,normal
1557,1781099975.731768,normal
1558,1781099975.733443,normal
1559,1781099975.735098,normal
1560,1781099975.737175,http_flood
1561,1781099975.739953,syn_flood
1562,1781099975.742131,normal
1563,1781099975.744360,normal
1564,1781099975.746289,normal
1565,1781099975.748873,normal
1566,1781099975.752534,normal
1567,1781099975.755415,normal
1568,1781099975.757683,normal
1569,1781099975.759938,normal
1570,1781099975.761511,normal
1571,1781099975.763969,normal
1572,1781099975.767079,normal
1573,1781099975.769666,normal
1574,1781099975.771685,normal
1575,1781099975.773539,normal
1576,1781099975.775401,normal
1577,1781099975.777180,normal
1578,1781099975.779580,normal
1579,1781099975.781856,normal
1580,1781099975.783909,normal
1581,1781099975.785595,normal
1582,1781099975.787277,normal
1583,1781099975.789223,normal
1584,1781099975.791764,normal
1585,1781099975.793667,normal
1586,1781099975.795703,normal
1587,1781099975.798820,normal
1588,1781099975.800419,normal
1589,1781099975.803150,normal
1590,1781099975.805379,normal
1591,1781099975.807484,udp_reflection
1592,1781099975.810112,normal
1593,1781099975.812490,normal
1594,1781099975.815007,normal
1595,1781099975.817355,normal
1596,1781099975.819600,syn_flood
1597,1781099975.821038,normal
1598,1781099975.822634,normal
1599,1781099975.825109,normal
1600,1781099975.827234,normal
1601,1781099975.830016,normal
1602,1781099975.832258,normal
1603,1781099975.833810,normal
1604,1781099975.836275,normal
1605,1781099975.838355,normal
1606,1781099975.839924,normal
1607,1781099975.842497,udp_reflection
1608,1781099975.845029,normal
1609,1781099975.847373,normal
1610,1781099975.849354,http_flood
1611,1781099975.851581,normal
1612,1781099975.854858,normal
1613,1781099975.856725,normal
1614,1781099975.858918,normal
1615,1781099975.861118,normal
1616,1781099975.863832,http_flood
1617,1781099975.865990,normal
1618,1781099975.868243,normal
1619,1781099975.870582,normal
1620,1781099975.873250,normal
1621,1781099975.875780,normal
1622,1781099975.877906,normal
1623,1781099975.880681,normal
1624,1781099975.883097,normal
1625,1781099975.885881,normal
1626,1781099975.887652,normal
1627,1781099975.889088,normal
1628,1781099975.890969,normal
1629,1781099975.892685,normal
1630,1781099975.895696,normal
1631,1781099975.897500,normal
1632,1781099975.899900,normal
1633,1781099975.902434,normal
1634,1781099975.904051,normal
1635,1781099975.905830,syn_flood
1636,1781099975.907682,normal
1637,1781099975.910394,normal
1638,1781099975.911947,http_flood
1639,1781099975.914445,http_flood
1640,1781099975.916006,syn_flood
1641,1781099975.917967,normal
1642,1781099975.919571,normal
1643,1781099975.921260,normal
1644,1781099975.923060,normal
1645,1781099975.924486,syn_flood
1646,1781099975.926599,normal
1647,1781099975.930258,normal
1648,1781099975.933237,normal
1649,1781099975.935002,normal
1650,1781099975.938393,normal
1651,1781099975.940362,normal
1652,1781099975.942163,normal
1653,1781099975.943805,normal
1654,1781099975.945662,normal
1655,1781099975.947512,normal
1656,1781099975.949676,normal
1657,1781099975.952060,normal
1658,1781099975.953850,normal
1659,1781099975.956188,normal
1660,1781099975.957937,normal
1661,1781099975.959775,normal
1662,1781099975.962316,normal
1663,1781099975.964128,normal
1664,1781099975.966045,normal
1665,1781099975.968565,normal
1666,1781099975.970903,normal
1667,1781099975.973340,normal
1668,1781099975.975662,normal
1669,1781099975.977614,normal
1670,1781099975.980251,normal
1671,1781099975.983257,normal
1672,1781099975.985323,normal
1673,1781099975.988156,normal
1674,1781099975.990597,normal
1675,1781099975.992572,normal
1676,1781099975.994900,normal
1677,1781099975.997542,normal
1678,1781099975.999322,normal
1679,1781099976.001443,syn_flood
1680,1781099976.003948,normal
1681,1781099976.006185,normal
1682,1781099976.007648,normal
1683,1781099976.010147,normal
1684,1781099976.012505,normal
1685,1781099976.014336,udp_reflection
1686,1781099976.016645,normal
1687,1781099976.018039,normal
1688,1781099976.020697,normal
1689,1781099976.022151,udp_reflection
1690,1781099976.024024,normal
1691,1781099976.026359,normal
1692,1781099976.029367,normal
1693,1781099976.030855,normal
1694,1781099976.034097,normal
1695,1781099976.035963,normal
1696,1781099976.038985,normal
1697,1781099976.040965,normal
1698,1781099976.043011,normal
1699,1781099976.045533,normal
1700,1781099976.047439,normal
1701,1781099976.050032,normal
1702,1781099976.052745,normal
1703,1781099976.054787,normal
1704,1781099976.056542,normal
1705,1781099976.059415,normal
1706,1781099976.060807,normal
1707,1781099976.063270,normal
1708,1781099976.065258,normal
1709,1781099976.069169,normal
1710,1781099976.072580,normal
1711,1781099976.075794,http_flood
1712,1781099976.078502,normal
1713,1781099976.080802,normal
1714,1781099976.082702,normal
1715,1781099976.085810,normal
1716,1781099976.087230,normal
1717,1781099976.089780,normal
1718,1781099976.091361,normal
1719,1781099976.093358,normal
1720,1781099976.095111,normal
1721,1781099976.097263,normal
1722,1781099976.100195,normal
1723,1781099976.102539,normal
1724,1781099976.104334,normal
1725,1781099976.106762,syn_flood
1726,1781099976.109382,normal
1727,1781099976.111223,normal
1728,1781099976.113807,normal
1729,1781099976.116900,normal
1730,1781099976.118278,normal
1731,1781099976.120021,normal
1732,1781099976.122290,normal
1733,1781099976.124246,normal
1734,1781099976.126359,normal
1735,1781099976.127908,normal
1736,1781099976.129871,normal
1737,1781099976.131732,normal
1738,1781099976.133812,normal
1739,1781099976.136260,syn_flood
1740,1781099976.138150,normal
1741,1781099976.140085,normal
1742,1781099976.141923,normal
1743,1781099976.143405,normal
1744,1781099976.146327,normal
1745,1781099976.149066,normal
1746,1781099976.151115,normal
1747,1781099976.153714,normal
1748,1781099976.155519,normal
1749,1781099976.157346,normal
1750,1781099976.160264,normal
1751,1781099976.162494,normal
1752,1781099976.165353,normal
1753,1781099976.167381,normal
1754,1781099976.169422,normal
1755,1781099976.171637,normal
1756,1781099976.173597,normal
1757,1781099976.175278,normal
1758,1781099976.177327,normal
1759,1781099976.179064,normal
1760,1781099976.181128,udp_reflection
1761,1781099976.183478,normal
1762,1781099976.185568,normal
1763,1781099976.187718,normal
1764,1781099976.190742,normal
1765,1781099976.192487,normal
1766,1781099976.194552,normal
1767,1781099976.196444,normal
1768,1781099976.199040,normal
1769,1781099976.201336,normal
1770,1781099976.203357,normal
1771,1781099976.205639,normal
1772,1781099976.207148,http_flood
1773,1781099976.209719,normal
1774,1781099976.213067,normal
1775,1781099976.215611,normal
1776,1781099976.217560,normal
1777,1781099976.219594,normal
1778,1781099976.222193,normal
1779,1781099976.224040,normal
1780,1781099976.226564,normal
1781,1781099976.229220,normal
1782,1781099976.231259,normal
1783,1781099976.233057,http_flood
1784,1781099976.235870,normal
1785,1781099976.237468,syn_flood
1786,1781099976.240258,normal
1787,1781099976.243277,normal
1788,1781099976.245529,normal
1789,1781099976.247355,normal
1790,1781099976.249652,normal
1791,1781099976.251976,normal
1792,1781099976.254680,http_flood
1793,1781099976.257593,normal
1794,1781099976.260655,normal
1795,1781099976.263031,normal
1796,1781099976.265001,normal
1797,1781099976.267008,normal
1798,1781099976.268821,normal
1799,1781099976.270575,normal
1800,1781099976.273102,normal
1801,1781099976.275024,http_flood
1802,1781099976.276716,normal
1803,1781099976.279224,normal
1804,1781099976.281232,normal
1805,1781099976.282855,normal
1806,1781099976.285398,normal
1807,1781099976.287550,normal
1808,1781099976.289670,normal
1809,1781099976.291374,normal
1810,1781099976.294361,normal
1811,1781099976.297150,normal
1812,1781099976.299654,normal
1813,1781099976.302545,normal
1814,1781099976.304537,normal
1815,1781099976.307177,udp_reflection
1816,1781099976.309349,normal
1817,1781099976.312231,normal
1818,1781099976.313928,normal
1819,1781099976.316698,normal
1820,1781099976.318688,normal
1821,1781099976.321067,normal
1822,1781099976.322589,normal
1823,1781099976.325465,normal
1824,1781099976.326883,normal
1825,1781099976.328948,normal
1826,1781099976.330949,normal
1827,1781099976.333756,normal
1828,1781099976.335925,normal
1829,1781099976.339189,udp_reflection
1830,1781099976.341575,normal
1831,1781099976.343839,normal
1832,1781099976.345677,normal
1833,1781099976.347848,normal
1834,1781099976.351397,normal
1835,1781099976.353261,normal
1836,1781099976.355550,normal
1837,1781099976.357314,normal
1838,1781099976.359773,normal
1839,1781099976.361753,normal
1840,1781099976.364818,normal
1841,1781099976.366861,normal
1842,1781099976.369334,normal
1843,1781099976.371158,normal
1844,1781099976.374520,normal
1845,1781099976.377299,normal
1846,1781099976.379221,normal
1847,1781099976.381655,syn_flood
1848,1781099976.383660,normal
1849,1781099976.386190,normal
1850,1781099976.388947,normal
1851,1781099976.391201,normal
1852,1781099976.394191,normal
1853,1781099976.396266,normal
1854,1781099976.399196,normal
1855,1781099976.401267,http_flood
1856,1781099976.404013,normal
1857,1781099976.406019,normal
1858,1781099976.408207,normal
1859,1781099976.410151,normal
1860,1781099976.413886,normal
1861,1781099976.416218,normal
1862,1781099976.418438,normal
1863,1781099976.420883,normal
1864,1781099976.422906,normal
1865,1781099976.424817,normal
1866,1781099976.426623,normal
1867,1781099976.429078,normal
1868,1781099976.431882,normal
1869,1781099976.433745,normal
1870,1781099976.435565,normal
1871,1781099976.437217,normal
1872,1781099976.440040,normal
1873,1781099976.442486,normal
1874,1781099976.445269,normal
1875,1781099976.447578,normal
1876,1781099976.449334,normal
1877,1781099976.451420,normal
1878,1781099976.453746,normal
1879,1781099976.455716,normal
1880,1781099976.457358,normal
1881,1781099976.459310,normal
1882,1781099976.461239,normal
1883,1781099976.463103,udp_reflection
1884,1781099976.464999,normal
1885,1781099976.467408,normal
1886,1781099976.469027,syn_flood
1887,1781099976.470972,udp_reflection
1888,1781099976.472878,normal
1889,1781099976.474724,normal
1890,1781099976.477282,normal
1891,1781099976.479479,normal
1892,1781099976.481505,normal
1893,1781099976.483535,normal
1894,1781099976.486249,normal
1895,1781099976.488354,normal
1896,1781099976.490803,normal
1897,1781099976.493018,normal
1898,1781099976.495079,normal
1899,1781099976.498579,normal
1900,1781099976.500157,syn_flood
1901,1781099976.503398,normal
1902,1781099976.506047,normal
1903,1781099976.508472,normal
1904,1781099976.510760,normal
1905,1781099976.512757,normal
1906,1781099976.515762,normal
1907,1781099976.517710,normal
1908,1781099976.521071,http_flood
1909,1781099976.522996,normal
1910,1781099976.525134,normal
1911,1781099976.527692,normal
1912,1781099976.530068,normal
1913,1781099976.533101,normal
1914,1781099976.534916,normal
1915,1781099976.537952,normal
1916,1781099976.540633,normal
1917,1781099976.542070,normal
1918,1781099976.543628,http_flood
1919,1781099976.545454,normal
1920,1781099976.548408,normal
1921,1781099976.551341,http_flood
1922,1781099976.553311,normal
1923,1781099976.555605,normal
1924,1781099976.557401,normal
1925,1781099976.560997,normal
1926,1781099976.562348,normal
1927,1781099976.565618,normal
1928,1781099976.567327,normal
1929,1781099976.570014,normal
1930,1781099976.572593,normal
1931,1781099976.574269,normal
1932,1781099976.577201,normal
1933,1781099976.578579,normal
1934,1781099976.580502,normal
1935,1781099976.583748,normal
1936,1781099976.586440,normal
1937,1781099976.589288,normal
1938,1781099976.591543,normal
1939,1781099976.593234,normal
1940,1781099976.595423,normal
1941,1781099976.597322,normal
1942,1781099976.599497,normal
1943,1781099976.601230,normal
1944,1781099976.603299,udp_reflection
1945,1781099976.605966,normal
1946,1781099976.608736,normal
1947,1781099976.611052,normal
1948,1781099976.613632,normal
1949,1781099976.616838,normal
1950,1781099976.618848,normal
1951,1781099976.620769,normal
1952,1781099976.623851,normal
1953,1781099976.626096,normal
1954,1781099976.627623,normal
1955,1781099976.630136,normal
1956,1781099976.632621,syn_flood
1957,1781099976.634789,http_flood
1958,1781099976.636279,normal
1959,1781099976.639051,normal
1960,1781099976.641021,normal
1961,1781099976.643191,udp_reflection
1962,1781099976.644910,normal
1963,1781099976.646729,normal
1964,1781099976.648795,normal
1965,1781099976.651271,udp_reflection
1966,1781099976.653621,normal
1967,1781099976.656330,normal
1968,1781099976.658364,http_flood
1969,1781099976.660674,normal
1970,1781099976.663842,normal
1971,1781099976.666179,normal
1972,1781099976.667735,normal
1973,1781099976.669267,normal
1974,1781099976.670737,normal
1975,1781099976.673095,normal
1976,1781099976.675761,normal
1977,1781099976.678094,normal
1978,1781099976.679924,normal
1979,1781099976.681222,normal
1980,1781099976.683485,normal
1981,1781099976.685735,normal
1982,1781099976.687749,normal
1983,1781099976.690253,http_flood
1984,1781099976.691735,normal
1985,1781099976.693861,normal
1986,1781099976.696461,normal
1987,1781099976.698494,normal
1988,1781099976.700913,syn_flood
1989,1781099976.702480,normal
1990,1781099976.704632,normal
1991,1781099976.706393,normal
1992,1781099976.708875,normal
1993,1781099976.710567,normal
1994,1781099976.712179,normal
1995,1781099976.714836,normal
1996,1781099976.717571,normal
1997,1781099976.719270,normal
1998,1781099976.720912,http_flood
1999,1781099976.723152,normal
2000,1781099976.725117,normal
2001,1781099976.726916,normal
2002,1781099976.729214,normal
2003,1781099976.731132,normal
2004,1781099976.733376,syn_flood
2005,1781099976.735677,normal
2006,1781099976.738166,http_flood
2007,1781099976.739989,normal
2008,1781099976.742072,normal
2009,1781099976.744736,normal
2010,1781099976.746998,udp_reflection
2011,1781099976.749754,normal
2012,1781099976.752611,normal
2013,1781099976.754819,normal
2014,1781099976.757765,normal
2015,1781099976.759522,normal
2016,1781099976.762544,normal
2017,1781099976.764369,normal
2018,1781099976.766927,normal
2019,1781099976.768955,syn_flood
2020,1781099976.770269,normal
2021,1781099976.772871,udp_reflection
2022,1781099976.775058,normal
2023,1781099976.777945,normal
2024,1781099976.781232,normal
2025,1781099976.783537,normal
2026,1781099976.785455,normal
2027,1781099976.788262,udp_reflection
2028,1781099976.791023,normal
2029,1781099976.792915,normal
2030,1781099976.794519,normal
2031,1781099976.797965,http_flood
2032,1781099976.800417,normal
2033,1781099976.802579,normal
2034,1781099976.804759,udp_reflection
2035,1781099976.807100,normal
2036,1781099976.809471,normal
2037,1781099976.811275,normal
2038,1781099976.813714,normal
2039,1781099976.815414,normal
2040,1781099976.816847,normal
2041,1781099976.819622,normal
2042,1781099976.821606,normal
2043,1781099976.824108,normal
2044,1781099976.826047,normal
2045,1781099976.827945,normal
2046,1781099976.829437,normal
2047,1781099976.831274,normal
2048,1781099976.833405,normal
2049,1781099976.836335,normal
2050,1781099976.840452,normal
2051,1781099976.842388,normal
2052,1781099976.844430,normal
2053,1781099976.846115,normal
2054,1781099976.848937,normal
2055,1781099976.851002,http_flood
2056,1781099976.853195,normal
2057,1781099976.854686,normal
2058,1781099976.856776,normal
2059,1781099976.858961,normal
2060,1781099976.861364,syn_flood
2061,1781099976.863696,normal
2062,1781099976.865861,normal
2063,1781099976.868129,normal
2064,1781099976.870486,http_flood
2065,1781099976.872278,normal
2066,1781099976.874282,normal
2067,1781099976.876620,normal
2068,1781099976.879178,normal
2069,1781099976.881031,normal
2070,1781099976.884468,normal
2071,1781099976.887130,normal
2072,1781099976.889498,normal
2073,1781099976.891157,normal
2074,1781099976.892491,normal
2075,1781099976.894740,normal
2076,1781099976.896415,http_flood
2077,1781099976.898669,normal
2078,1781099976.901328,normal
2079,1781099976.903581,normal
2080,1781099976.905720,normal
2081,1781099976.908319,normal
2082,1781099976.910944,syn_flood
2083,1781099976.912601,normal
2084,1781099976.914778,normal
2085,1781099976.916729,normal
2086,1781099976.918574,udp_reflection
2087,1781099976.920559,normal
2088,1781099976.923279,normal
2089,1781099976.925574,normal
2090,1781099976.927680,normal
2091,1781099976.930235,normal
2092,1781099976.932140,normal
2093,1781099976.933691,normal
2094,1781099976.935775,normal
2095,1781099976.937614,normal
2096,1781099976.940630,normal
2097,1781099976.943289,normal
2098,1781099976.945017,normal
2099,1781099976.946930,normal
2100,1781099976.948660,normal
2101,1781099976.950549,normal
2102,1781099976.953114,http_flood
2103,1781099976.955823,normal
2104,1781099976.957727,syn_flood
2105,1781099976.959800,normal
2106,1781099976.962675,normal
2107,1781099976.964425,normal
2108,1781099976.967849,http_flood
2109,1781099976.970509,syn_flood
2110,1781099976.973123,normal
2111,1781099976.976668,normal
2112,1781099976.978681,udp_reflection
2113,1781099976.980630,normal
2114,1781099976.982883,normal
2115,1781099976.984652,normal
2116,1781099976.987349,normal
2117,1781099976.988695,normal
2118,1781099976.991131,normal
2119,1781099976.993680,normal
2120,1781099976.996148,normal
2121,1781099976.998435,normal
2122,1781099977.000573,normal
2123,1781099977.002614,udp_reflection
2124,1781099977.003178,normal
2125,1781099977.003860,syn_flood
2126,1781099977.004415,normal
2127,1781099977.005105,normal
2128,1781099977.005855,syn_flood
2129,1781099977.006450,udp_reflection
2130,1781099977.007242,normal
2131,1781099977.007673,http_flood
2132,1781099977.008241,syn_flood
2133,1781099977.009047,normal
2134,1781099977.009928,normal
2135,1781099977.010646,normal
2136,1781099977.011304,normal
2137,1781099977.011859,normal
2138,1781099977.012524,normal
2139,1781099977.013147,udp_reflection
2140,1781099977.013977,normal
2141,1781099977.014614,normal
2142,1781099977.015190,normal
2143,1781099977.015843,normal
2144,1781099977.016588,http_flood
2145,1781099977.017338,normal
2146,1781099977.017968,normal
2147,1781099977.018708,normal
2148,1781099977.019306,normal
2149,1781099977.019907,udp_reflection
2150,1781099977.020750,normal
2151,1781099977.021706,normal
2152,1781099977.022390,udp_reflection
2153,1781099977.022881,normal
2154,1781099977.023617,udp_reflection
2155,1781099977.024304,http_flood
2156,1781099977.024889,normal
2157,1781099977.025421,udp_reflection
2158,1781099977.026216,normal
2159,1781099977.026871,udp_reflection
2160,1781099977.027414,http_flood
2161,1781099977.028362,syn_flood
2162,1781099977.028768,http_flood
2163,1781099977.029805,syn_flood
2164,1781099977.030614,normal
2165,1781099977.031139,http_flood
2166,1781099977.032005,normal
2167,1781099977.032648,normal
2168,1781099977.033140,normal
2169,1781099977.033714,http_flood
2170,1781099977.034447,normal
2171,1781099977.034856,syn_flood
2172,1781099977.035366,syn_flood
2173,1781099977.036342,http_flood
2174,1781099977.037053,normal
2175,1781099977.037735,normal
2176,1781099977.038285,syn_flood
2177,1781099977.038895,normal
2178,1781099977.039713,normal
2179,1781099977.040588,normal
2180,1781099977.041449,syn_flood
2181,1781099977.042063,syn_flood
2182,1781099977.042567,normal
2183,1781099977.043049,udp_reflection
2184,1781099977.043741,http_flood
2185,1781099977.044281,udp_reflection
2186,1781099977.044945,udp_reflection
2187,1781099977.045557,normal
2188,1781099977.046261,normal
2189,1781099977.047030,normal
2190,1781099977.047703,normal
2191,1781099977.048423,normal
2192,1781099977.049088,normal
2193,1781099977.049626,syn_flood
2194,1781099977.050311,udp_reflection
2195,1781099977.051140,normal
2196,1781099977.051955,normal
2197,1781099977.052310,udp_reflection
2198,1781099977.052895,syn_flood
2199,1781099977.053731,http_flood
2200,1781099977.054865,normal
2201,1781099977.055741,normal
2202,1781099977.056465,syn_flood
2203,1781099977.057299,syn_flood
2204,1781099977.057942,normal
2205,1781099977.058593,udp_reflection
2206,1781099977.059247,http_flood
2207,1781099977.060200,normal
2208,1781099977.060933,normal
2209,1781099977.061772,udp_reflection
2210,1781099977.062736,udp_reflection
2211,1781099977.063496,syn_flood
2212,1781099977.064398,normal
2213,1781099977.064920,udp_reflection
2214,1781099977.065595,normal
2215,1781099977.066630,http_flood
2216,1781099977.067399,syn_flood
2217,1781099977.067823,normal
2218,1781099977.068348,normal
2219,1781099977.069557,normal
2220,1781099977.070218,normal
2221,1781099977.071017,normal
2222,1781099977.071917,syn_flood
2223,1781099977.072455,http_flood
2224,1781099977.073291,udp_reflection
2225,1781099977.074132,udp_reflection
2226,1781099977.074754,normal
2227,1781099977.075340,normal
2228,1781099977.076005,http_flood
2229,1781099977.076695,normal
2230,1781099977.077363,http_flood
2231,1781099977.077865,normal
2232,1781099977.078482,normal
2233,1781099977.078956,normal
2234,1781099977.079854,http_flood
2235,1781099977.080460,normal
2236,1781099977.081542,syn_flood
2237,1781099977.082294,normal
2238,1781099977.082820,normal
2239,1781099977.083366,http_flood
2240,1781099977.084035,normal
2241,1781099977.085077,syn_flood
2242,1781099977.085586,normal
2243,1781099977.086217,normal
2244,1781099977.087043,http_flood
2245,1781099977.087858,udp_reflection
2246,1781099977.088567,http_flood
2247,1781099977.089171,normal
2248,1781099977.089863,normal
2249,1781099977.090641,normal
2250,1781099977.091299,normal
2251,1781099977.092222,syn_flood
2252,1781099977.093087,syn_flood
2253,1781099977.094146,syn_flood
2254,1781099977.094786,http_flood
2255,1781099977.095333,normal
2256,1781099977.096008,normal
2257,1781099977.096560,http_flood
2258,1781099977.097401,http_flood
2259,1781099977.098167,normal
2260,1781099977.098832,http_flood
2261,1781099977.099428,normal
2262,1781099977.100085,udp_reflection
2263,1781099977.100713,udp_reflection
2264,1781099977.101437,normal
2265,1781099977.102112,normal
2266,1781099977.102924,normal
2267,1781099977.103666,normal
2268,1781099977.104326,udp_reflection
2269,1781099977.104846,normal
2270,1781099977.105351,http_flood
2271,1781099977.105772,normal
2272,1781099977.106405,syn_flood
2273,1781099977.106891,syn_flood
2274,1781099977.107499,normal
2275,1781099977.108421,udp_reflection
2276,1781099977.109020,syn_flood
2277,1781099977.109688,normal
2278,1781099977.110286,normal
2279,1781099977.111109,normal
2280,1781099977.111804,normal
2281,1781099977.112615,http_flood
2282,1781099977.113274,normal
2283,1781099977.114134,normal
2284,1781099977.115212,udp_reflection
2285,1781099977.115870,normal
2286,1781099977.116490,normal
2287,1781099977.117094,udp_reflection
2288,1781099977.117646,syn_flood
2289,1781099977.118364,normal
2290,1781099977.119420,normal
2291,1781099977.120381,normal
2292,1781099977.121231,normal
2293,1781099977.121769,normal
2294,1781099977.122495,udp_reflection
2295,1781099977.123389,normal
2296,1781099977.123976,http_flood
2297,1781099977.124655,normal
2298,1781099977.125249,normal
2299,1781099977.125803,normal
2300,1781099977.126557,normal
2301,1781099977.127400,syn_flood
2302,1781099977.127956,normal
2303,1781099977.128660,normal
2304,1781099977.129372,syn_flood
2305,1781099977.129909,normal
2306,1781099977.130541,http_flood
2307,1781099977.131043,normal
2308,1781099977.131819,normal
2309,1781099977.132231,normal
2310,1781099977.133038,normal
2311,1781099977.133795,udp_reflection
2312,1781099977.134259,normal
2313,1781099977.135392,normal
2314,1781099977.136196,syn_flood
2315,1781099977.136965,udp_reflection
2316,1781099977.137552,normal
2317,1781099977.138180,normal
2318,1781099977.138809,normal
2319,1781099977.139680,udp_reflection
2320,1781099977.140481,http_flood
2321,1781099977.141381,normal
2322,1781099977.141987,normal
2323,1781099977.142757,udp_reflection
2324,1781099977.143534,syn_flood
2325,1781099977.144256,normal
2326,1781099977.145022,normal
2327,1781099977.145633,syn_flood
2328,1781099977.146337,syn_flood
2329,1781099977.147023,normal
2330,1781099977.147912,normal
2331,1781099977.148547,normal
2332,1781099977.149364,normal
2333,1781099977.150170,syn_flood
2334,1781099977.150744,normal
2335,1781099977.151194,udp_reflection
2336,1781099977.151828,normal
2337,1781099977.152442,normal
2338,1781099977.153159,normal
2339,1781099977.153807,http_flood
2340,1781099977.154605,udp_reflection
2341,1781099977.155203,normal
2342,1781099977.155711,http_flood
2343,1781099977.156452,normal
2344,1781099977.157146,normal
2345,1781099977.158018,normal
2346,1781099977.158575,normal
2347,1781099977.159356,normal
2348,1781099977.160122,http_flood
2349,1781099977.160884,normal
2350,1781099977.161414,normal
2351,1781099977.162034,normal
2352,1781099977.162974,normal
2353,1781099977.163826,http_flood
2354,1781099977.164857,normal
2355,1781099977.165470,udp_reflection
2356,1781099977.166324,normal
2357,1781099977.166877,http_flood
2358,1781099977.167454,normal
2359,1781099977.167902,normal
2360,1781099977.168677,syn_flood
2361,1781099977.169303,http_flood
2362,1781099977.169969,normal
2363,1781099977.170830,syn_flood
2364,1781099977.171616,syn_flood
2365,1781099977.172341,normal
2366,1781099977.173297,syn_flood
2367,1781099977.173833,syn_flood
2368,1781099977.174564,syn_flood
2369,1781099977.175282,http_flood
2370,1781099977.175913,http_flood
2371,1781099977.176428,normal
2372,1781099977.177001,normal
2373,1781099977.177599,http_flood
2374,1781099977.178244,udp_reflection
2375,1781099977.178848,syn_flood
2376,1781099977.179714,http_flood
2377,1781099977.180288,normal
2378,1781099977.180897,syn_flood
2379,1781099977.181616,normal
2380,1781099977.182282,normal
2381,1781099977.182994,normal
2382,1781099977.183589,normal
2383,1781099977.184455,normal
2384,1781099977.185015,normal
2385,1781099977.185770,udp_reflection
2386,1781099977.186295,syn_flood
2387,1781099977.186997,http_flood
2388,1781099977.187718,udp_reflection
2389,1781099977.188201,normal
2390,1781099977.188989,normal
2391,1781099977.189708,normal
2392,1781099977.190276,normal
2393,1781099977.190873,syn_flood
2394,1781099977.191369,syn_flood
2395,1781099977.191909,normal
2396,1781099977.192492,normal
2397,1781099977.193098,normal
2398,1781099977.193616,normal
2399,1781099977.194187,http_flood
2400,1781099977.194734,http_flood
2401,1781099977.195443,normal
2402,1781099977.196550,normal
2403,1781099977.197036,normal
2404,1781099977.197720,udp_reflection
2405,1781099977.198424,normal
2406,1781099977.199140,normal
2407,1781099977.199712,http_flood
2408,1781099977.200313,normal
2409,1781099977.201126,udp_reflection
2410,1781099977.201728,syn_flood
2411,1781099977.202405,normal
2412,1781099977.203147,syn_flood
2413,1781099977.203671,normal
2414,1781099977.204275,normal
2415,1781099977.205118,normal
2416,1781099977.205670,normal
2417,1781099977.206239,normal
2418,1781099977.206753,http_flood
2419,1781099977.207389,udp_reflection
2420,1781099977.208023,normal
2421,1781099977.208492,udp_reflection
2422,1781099977.209288,normal
2423,1781099977.210266,syn_flood
2424,1781099977.211057,normal
2425,1781099977.211699,syn_flood
2426,1781099977.212374,http_flood
2427,1781099977.212799,udp_reflection
2428,1781099977.213478,normal
2429,1781099977.214004,udp_reflection
2430,1781099977.214873,normal
2431,1781099977.215651,normal
2432,1781099977.216312,http_flood
2433,1781099977.217101,http_flood
2434,1781099977.217849,normal
2435,1781099977.218565,syn_flood
2436,1781099977.219121,syn_flood
2437,1781099977.219852,normal
2438,1781099977.220773,normal
2439,1781099977.221442,udp_reflection
2440,1781099977.222517,normal
2441,1781099977.223402,normal
2442,1781099977.223765,syn_flood
2443,1781099977.224528,udp_reflection
2444,1781099977.225068,http_flood
2445,1781099977.225617,normal
2446,1781099977.226248,normal
2447,1781099977.227020,syn_flood
2448,1781099977.227526,syn_flood
2449,1781099977.228207,udp_reflection
2450,1781099977.228842,normal
2451,1781099977.229672,normal
2452,1781099977.230376,normal
2453,1781099977.230983,syn_flood
2454,1781099977.231586,normal
2455,1781099977.232063,normal
2456,1781099977.233037,normal
2457,1781099977.233549,normal
2458,1781099977.234331,udp_reflection
2459,1781099977.235025,normal
2460,1781099977.235755,normal
2461,1781099977.236440,normal
2462,1781099977.236901,normal
2463,1781099977.237612,normal
2464,1781099977.238389,udp_reflection
2465,1781099977.239195,normal
2466,1781099977.239918,normal
2467,1781099977.240279,udp_reflection
2468,1781099977.241067,normal
2469,1781099977.241588,udp_reflection
2470,1781099977.242827,normal
2471,1781099977.243335,syn_flood
2472,1781099977.243918,normal
2473,1781099977.244460,normal
2474,1781099977.245317,normal
2475,1781099977.246064,normal
2476,1781099977.246878,normal
2477,1781099977.247334,normal
2478,1781099977.248024,http_flood
2479,1781099977.249120,syn_flood
2480,1781099977.249654,udp_reflection
2481,1781099977.250214,udp_reflection
2482,1781099977.250985,normal
2483,1781099977.251712,normal
2484,1781099977.252311,syn_flood
2485,1781099977.253151,http_flood
2486,1781099977.253973,normal
2487,1781099977.254569,http_flood
2488,1781099977.255194,normal
2489,1781099977.255906,http_flood
2490,1781099977.256420,normal
2491,1781099977.257022,udp_reflection
2492,1781099977.257748,http_flood
2493,1781099977.258399,normal
2494,1781099977.258839,syn_flood
2495,1781099977.259544,normal
2496,1781099977.260006,normal
2497,1781099977.260698,normal
2498,1781099977.261555,normal
2499,1781099977.262162,syn_flood
2500,1781099977.262820,normal
2501,1781099977.263515,normal
2502,1781099977.264107,http_flood
2503,1781099977.264779,udp_reflection
2504,1781099977.265633,normal
2505,1781099977.266202,syn_flood
2506,1781099977.266634,udp_reflection
2507,1781099977.267254,normal
2508,1781099977.268136,http_flood
2509,1781099977.268905,normal
2510,1781099977.269378,normal
2511,1781099977.270131,udp_reflection
2512,1781099977.270765,udp_reflection
2513,1781099977.271267,normal
2514,1781099977.271823,normal
2515,1781099977.272546,normal
2516,1781099977.273331,syn_flood
2517,1781099977.274272,udp_reflection
2518,1781099977.275187,http_flood
2519,1781099977.275803,normal
2520,1781099977.276345,http_flood
2521,1781099977.277105,normal
2522,1781099977.277894,http_flood
2523,1781099977.278517,normal
2524,1781099977.279227,normal
2525,1781099977.279560,normal
2526,1781099977.280060,normal
2527,1781099977.281075,normal
2528,1781099977.281834,udp_reflection
2529,1781099977.282521,normal
2530,1781099977.282972,normal
2531,1781099977.283684,normal
2532,1781099977.284444,udp_reflection
2533,1781099977.284960,udp_reflection
2534,1781099977.285717,syn_flood
2535,1781099977.286632,http_flood
2536,1781099977.287359,udp_reflection
2537,1781099977.287982,normal
2538,1781099977.288975,normal
2539,1781099977.289850,normal
2540,1781099977.290445,normal
2541,1781099977.291428,normal
2542,1781099977.291939,normal
2543,1781099977.292901,normal
2544,1781099977.293521,normal
2545,1781099977.293915,normal
2546,1781099977.295021,normal
2547,1781099977.295592,syn_flood
2548,1781099977.296098,syn_flood
2549,1781099977.297026,normal
2550,1781099977.297883,http_flood
2551,1781099977.298570,normal
2552,1781099977.299285,normal
2553,1781099977.300218,normal
2554,1781099977.300950,normal
2555,1781099977.301490,normal
2556,1781099977.302181,udp_reflection
2557,1781099977.302933,normal
2558,1781099977.303722,udp_reflection
2559,1781099977.304347,normal
2560,1781099977.305122,normal
2561,1781099977.305774,normal
2562,1781099977.306689,normal
2563,1781099977.307343,normal
2564,1781099977.307939,normal
2565,1781099977.308528,normal
2566,1781099977.308953,http_flood
2567,1781099977.309599,udp_reflection
2568,1781099977.310216,udp_reflection
2569,1781099977.311020,normal
2570,1781099977.311733,normal
2571,1781099977.312410,normal
2572,1781099977.313598,normal
2573,1781099977.314718,normal
2574,1781099977.315415,normal
2575,1781099977.315961,normal
2576,1781099977.317024,normal
2577,1781099977.317947,syn_flood
2578,1781099977.318550,normal
2579,1781099977.319405,normal
2580,1781099977.319996,udp_reflection
2581,1781099977.320929,udp_reflection
2582,1781099977.321702,udp_reflection
2583,1781099977.322330,http_flood
2584,1781099977.323080,normal
2585,1781099977.323902,syn_flood
2586,1781099977.324371,normal
2587,1781099977.325025,normal
2588,1781099977.325482,normal
2589,1781099977.326052,normal
2590,1781099977.326665,http_flood
2591,1781099977.327680,normal
2592,1781099977.328413,syn_flood
2593,1781099977.329075,udp_reflection
2594,1781099977.329599,http_flood
2595,1781099977.330381,normal
2596,1781099977.330830,normal
2597,1781099977.331464,normal
2598,1781099977.332303,http_flood
2599,1781099977.333154,normal
2600,1781099977.333783,normal
2601,1781099977.334506,normal
2602,1781099977.335289,normal
2603,1781099977.335996,normal
2604,1781099977.336826,normal
2605,1781099977.337498,http_flood
2606,1781099977.338015,normal
2607,1781099977.338656,udp_reflection
2608,1781099977.339195,udp_reflection
2609,1781099977.340119,normal
2610,1781099977.340867,http_flood
2611,1781099977.341571,normal
2612,1781099977.342234,udp_reflection
2613,1781099977.342725,http_flood
2614,1781099977.343268,normal
2615,1781099977.343884,normal
2616,1781099977.344521,normal
2617,1781099977.345031,udp_reflection
2618,1781099977.345526,normal
2619,1781099977.346209,udp_reflection
2620,1781099977.346811,normal
2621,1781099977.347513,normal
2622,1781099977.348074,normal
2623,1781099977.348972,normal
2624,1781099977.349701,syn_flood
2625,1781099977.350550,normal
2626,1781099977.351315,normal
2627,1781099977.352237,normal
2628,1781099977.352858,http_flood
2629,1781099977.353508,normal
2630,1781099977.354206,http_flood
2631,1781099977.355222,http_flood
2632,1781099977.355885,http_flood
2633,1781099977.356412,normal
2634,1781099977.357172,normal
2635,1781099977.357746,normal
2636,1781099977.358348,normal
2637,1781099977.358902,normal
2638,1781099977.359461,http_flood
2639,1781099977.360102,normal
2640,1781099977.361097,syn_flood
2641,1781099977.361740,normal
2642,1781099977.362518,normal
2643,1781099977.363209,normal
2644,1781099977.363749,normal
2645,1781099977.364647,normal
2646,1781099977.365122,normal
2647,1781099977.366141,http_flood
2648,1781099977.367064,udp_reflection
2649,1781099977.367901,normal
2650,1781099977.368636,syn_flood
2651,1781099977.369512,udp_reflection
2652,1781099977.369991,normal
2653,1781099977.370697,syn_flood
2654,1781099977.371262,normal
2655,1781099977.372011,normal
2656,1781099977.372570,normal
2657,1781099977.372959,udp_reflection
2658,1781099977.373652,normal
2659,1781099977.374090,normal
2660,1781099977.374668,udp_reflection
2661,1781099977.375288,http_flood
2662,1781099977.376040,syn_flood
2663,1781099977.376630,normal
2664,1781099977.377374,normal
2665,1781099977.377968,normal
2666,1781099977.378801,normal
2667,1781099977.379387,normal
2668,1781099977.379861,http_flood
2669,1781099977.380311,http_flood
2670,1781099977.381194,udp_reflection
2671,1781099977.381906,normal
2672,1781099977.382576,http_flood
2673,1781099977.383352,normal
2674,1781099977.384115,normal
2675,1781099977.384736,udp_reflection
2676,1781099977.385555,udp_reflection
2677,1781099977.386302,udp_reflection
2678,1781099977.387147,http_flood
2679,1781099977.387716,normal
2680,1781099977.388436,normal
2681,1781099977.389332,udp_reflection
2682,1781099977.389875,http_flood
2683,1781099977.390478,http_flood
2684,1781099977.391382,syn_flood
2685,1781099977.392101,udp_reflection
2686,1781099977.392578,normal
2687,1781099977.393194,normal
2688,1781099977.393902,normal
2689,1781099977.394834,normal
2690,1781099977.395595,syn_flood
2691,1781099977.396189,syn_flood
2692,1781099977.396675,http_flood
2693,1781099977.397172,udp_reflection
2694,1781099977.397869,normal
2695,1781099977.398626,normal
2696,1781099977.399354,normal
2697,1781099977.400093,http_flood
2698,1781099977.400858,syn_flood
2699,1781099977.401554,syn_flood
2700,1781099977.402116,http_flood
2701,1781099977.403040,normal
2702,1781099977.403555,normal
2703,1781099977.404110,normal
2704,1781099977.405199,syn_flood
2705,1781099977.405746,udp_reflection
2706,1781099977.406677,normal
2707,1781099977.407091,http_flood
2708,1781099977.407817,normal
2709,1781099977.408422,normal
2710,1781099977.409338,syn_flood
2711,1781099977.409909,udp_reflection
2712,1781099977.410431,syn_flood
2713,1781099977.411074,normal
2714,1781099977.411854,normal
2715,1781099977.412513,normal
2716,1781099977.413062,normal
2717,1781099977.414002,normal
2718,1781099977.414789,normal
2719,1781099977.415399,normal
2720,1781099977.416147,udp_reflection
2721,1781099977.416918,normal
2722,1781099977.417759,normal
2723,1781099977.418424,udp_reflection
2724,1781099977.418939,normal
2725,1781099977.419870,normal
2726,1781099977.420546,normal
2727,1781099977.421086,normal
2728,1781099977.422048,normal
2729,1781099977.423017,normal
2730,1781099977.423604,normal
2731,1781099977.424153,normal
2732,1781099977.424817,normal
2733,1781099977.425545,normal
2734,1781099977.426246,normal
2735,1781099977.426885,normal
2736,1781099977.427838,normal
2737,1781099977.428495,http_flood
2738,1781099977.429103,http_flood
2739,1781099977.429936,normal
2740,1781099977.430782,normal
2741,1781099977.431393,http_flood
2742,1781099977.432016,normal
2743,1781099977.432452,udp_reflection
2744,1781099977.433075,normal
2745,1781099977.433705,http_flood
2746,1781099977.434385,normal
2747,1781099977.435035,syn_flood
2748,1781099977.435538,normal
2749,1781099977.436275,syn_flood
2750,1781099977.436930,http_flood
2751,1781099977.437630,syn_flood
2752,1781099977.438286,udp_reflection
2753,1781099977.439031,http_flood
2754,1781099977.439541,normal
2755,1781099977.440372,syn_flood
2756,1781099977.441055,syn_flood
2757,1781099977.441705,normal
2758,1781099977.442363,normal
2759,1781099977.443006,normal
2760,1781099977.443624,normal
2761,1781099977.444344,udp_reflection
2762,1781099977.444812,normal
2763,1781099977.445425,http_flood
2764,1781099977.446110,udp_reflection
2765,1781099977.446470,normal
2766,1781099977.447061,normal
2767,1781099977.447595,normal
2768,1781099977.448152,normal
2769,1781099977.448667,normal
2770,1781099977.449301,normal
2771,1781099977.450196,normal
2772,1781099977.450823,normal
2773,1781099977.451512,normal
2774,1781099977.452169,normal
2775,1781099977.452632,normal
2776,1781099977.453176,normal
2777,1781099977.453775,http_flood
2778,1781099977.454380,normal
2779,1781099977.455099,syn_flood
2780,1781099977.455654,normal
2781,1781099977.456219,http_flood
2782,1781099977.456921,syn_flood
2783,1781099977.457528,syn_flood
2784,1781099977.458110,http_flood
2785,1781099977.458777,syn_flood
2786,1781099977.459388,normal
2787,1781099977.460073,normal
2788,1781099977.460842,normal
2789,1781099977.461466,syn_flood
2790,1781099977.462018,normal
2791,1781099977.462574,syn_flood
2792,1781099977.463564,udp_reflection
2793,1781099977.464207,normal
2794,1781099977.464756,syn_flood
2795,1781099977.465584,normal
2796,1781099977.466087,normal
2797,1781099977.466807,normal
2798,1781099977.467506,normal
2799,1781099977.468019,normal
2800,1781099977.468515,normal
2801,1781099977.468989,normal
2802,1781099977.469584,normal
2803,1781099977.470336,normal
2804,1781099977.470975,http_flood
2805,1781099977.471510,normal
2806,1781099977.472160,http_flood
2807,1781099977.472721,http_flood
2808,1781099977.473632,normal
2809,1781099977.474362,normal
2810,1781099977.475214,http_flood
2811,1781099977.475921,udp_reflection
2812,1781099977.476573,http_flood
2813,1781099977.477012,normal
2814,1781099977.477654,normal
2815,1781099977.478082,normal
2816,1781099977.478877,normal
2817,1781099977.479692,normal
2818,1781099977.480174,normal
2819,1781099977.480978,normal
2820,1781099977.481590,normal
2821,1781099977.482091,normal
2822,1781099977.482658,normal
2823,1781099977.483284,normal
2824,1781099977.484176,normal
2825,1781099977.484803,normal
2826,1781099977.485409,udp_reflection
2827,1781099977.485982,normal
2828,1781099977.486615,normal
2829,1781099977.487296,normal
2830,1781099977.487920,udp_reflection
2831,1781099977.488384,udp_reflection
2832,1781099977.489007,udp_reflection
2833,1781099977.489521,normal
2834,1781099977.490157,normal
2835,1781099977.490831,syn_flood
2836,1781099977.491401,normal
2837,1781099977.491962,normal
2838,1781099977.492488,udp_reflection
2839,1781099977.493138,syn_flood
2840,1781099977.493613,normal
2841,1781099977.494803,normal
2842,1781099977.495229,http_flood
2843,1781099977.495722,normal
2844,1781099977.496262,normal
2845,1781099977.496967,normal
2846,1781099977.497712,http_flood
2847,1781099977.498330,normal
2848,1781099977.499130,normal
2849,1781099977.499936,normal
2850,1781099977.500496,http_flood
2851,1781099977.501268,syn_flood
2852,1781099977.501918,http_flood
2853,1781099977.502706,http_flood
2854,1781099977.503302,normal
2855,1781099977.503890,normal
2856,1781099977.504546,normal
2857,1781099977.505198,normal
2858,1781099977.505936,http_flood
2859,1781099977.506581,http_flood
2860,1781099977.507523,normal
2861,1781099977.508184,http_flood
2862,1781099977.509114,syn_flood
2863,1781099977.509521,normal
2864,1781099977.510072,normal
2865,1781099977.510936,normal
2866,1781099977.511502,normal
2867,1781099977.512213,syn_flood
2868,1781099977.512818,normal
2869,1781099977.513627,normal
2870,1781099977.514427,normal
2871,1781099977.515053,normal
2872,1781099977.515676,normal
2873,1781099977.516439,udp_reflection
2874,1781099977.517111,normal
2875,1781099977.517867,http_flood
2876,1781099977.518791,normal
2877,1781099977.519153,normal
2878,1781099977.520278,normal
2879,1781099977.520917,http_flood
2880,1781099977.521681,normal
2881,1781099977.522547,http_flood
2882,1781099977.523138,normal
2883,1781099977.523951,udp_reflection
2884,1781099977.524606,syn_flood
2885,1781099977.525401,normal
2886,1781099977.526103,http_flood
2887,1781099977.527050,normal
2888,1781099977.527510,normal
2889,1781099977.528267,normal
2890,1781099977.529018,syn_flood
2891,1781099977.529398,http_flood
2892,1781099977.530202,http_flood
2893,1781099977.530802,udp_reflection
2894,1781099977.531328,normal
2895,1781099977.531955,normal
2896,1781099977.532659,udp_reflection
2897,1781099977.533234,normal
2898,1781099977.533733,udp_reflection
2899,1781099977.534743,normal
2900,1781099977.535546,normal
2901,1781099977.535984,http_flood
2902,1781099977.536829,udp_reflection
2903,1781099977.537498,normal
2904,1781099977.538249,normal
2905,1781099977.538883,normal
2906,1781099977.539687,http_flood
2907,1781099977.540978,normal
2908,1781099977.541535,normal
2909,1781099977.542672,normal
2910,1781099977.543384,normal
2911,1781099977.544050,normal
2912,1781099977.544500,normal
2913,1781099977.545380,normal
2914,1781099977.545938,http_flood
2915,1781099977.546567,normal
2916,1781099977.547319,normal
2917,1781099977.547757,udp_reflection
2918,1781099977.548283,normal
2919,1781099977.548996,udp_reflection
2920,1781099977.549954,http_flood
2921,1781099977.550430,normal
2922,1781099977.551200,udp_reflection
2923,1781099977.551780,normal
2924,1781099977.552548,syn_flood
2925,1781099977.553077,normal
2926,1781099977.553921,normal
2927,1781099977.554689,udp_reflection
2928,1781099977.555543,syn_flood
2929,1781099977.556601,syn_flood
2930,1781099977.557371,http_flood
2931,1781099977.557743,normal
2932,1781099977.558367,normal
2933,1781099977.558941,udp_reflection
2934,1781099977.559616,normal
2935,1781099977.560220,normal
2936,1781099977.560854,http_flood
2937,1781099977.561449,normal
2938,1781099977.562373,normal
2939,1781099977.563191,normal
2940,1781099977.563968,normal
2941,1781099977.564843,udp_reflection
2942,1781099977.565359,normal
2943,1781099977.566185,http_flood
2944,1781099977.567095,http_flood
2945,1781099977.567571,normal
2946,1781099977.568339,http_flood
2947,1781099977.569063,http_flood
2948,1781099977.569708,http_flood
2949,1781099977.570187,udp_reflection
2950,1781099977.570760,normal
2951,1781099977.571638,normal
2952,1781099977.572291,http_flood
2953,1781099977.572984,normal
2954,1781099977.573678,http_flood
2955,1781099977.574127,normal
2956,1781099977.574820,normal
2957,1781099977.575501,normal
2958,1781099977.576356,normal
2959,1781099977.577128,syn_flood
2960,1781099977.577861,normal
2961,1781099977.578682,normal
2962,1781099977.579559,udp_reflection
2963,1781099977.580348,syn_flood
2964,1781099977.580833,normal
2965,1781099977.581326,http_flood
2966,1781099977.581884,udp_reflection
2967,1781099977.582618,udp_reflection
2968,1781099977.583181,normal
2969,1781099977.583824,normal
2970,1781099977.584664,normal
2971,1781099977.585561,normal
2972,1781099977.586403,normal
2973,1781099977.587045,normal
2974,1781099977.587714,normal
2975,1781099977.588426,normal
2976,1781099977.588953,normal
2977,1781099977.589440,normal
2978,1781099977.590243,normal
2979,1781099977.591024,normal
2980,1781099977.591761,normal
2981,1781099977.592675,syn_flood
2982,1781099977.593506,normal
2983,1781099977.594345,normal
2984,1781099977.594928,syn_flood
2985,1781099977.595614,normal
2986,1781099977.596453,http_flood
2987,1781099977.597317,normal
2988,1781099977.597821,udp_reflection
2989,1781099977.598677,udp_reflection
2990,1781099977.599223,normal
2991,1781099977.600013,normal
2992,1781099977.600706,normal
2993,1781099977.601586,normal
2994,1781099977.602454,normal
2995,1781099977.603075,normal
2996,1781099977.603670,normal
2997,1781099977.604768,normal
2998,1781099977.605237,syn_flood
2999,1781099977.605922,normal
3000,1781099977.606733,normal
3001,1781099977.607309,syn_flood
3002,1781099977.607983,udp_reflection
3003,1781099977.608687,normal
3004,1781099977.609360,normal
3005,1781099977.610135,udp_reflection
3006,1781099977.610812,normal
3007,1781099977.611506,syn_flood
3008,1781099977.612272,syn_flood
3009,1781099977.612761,normal
3010,1781099977.613601,normal
3011,1781099977.614368,normal
3012,1781099977.614960,normal
3013,1781099977.615785,syn_flood
3014,1781099977.616359,syn_flood
3015,1781099977.616903,normal
3016,1781099977.617600,udp_reflection
3017,1781099977.618580,normal
3018,1781099977.619106,normal
3019,1781099977.619523,http_flood
3020,1781099977.619981,http_flood
3021,1781099977.620667,normal
3022,1781099977.621359,normal
3023,1781099977.622250,normal
3024,1781099977.622825,http_flood
3025,1781099977.623431,http_flood
3026,1781099977.624102,normal
3027,1781099977.624633,udp_reflection
3028,1781099977.625557,syn_flood
3029,1781099977.626427,http_flood
3030,1781099977.627077,normal
3031,1781099977.627839,normal
3032,1781099977.628322,normal
3033,1781099977.629008,normal
3034,1781099977.629931,normal
3035,1781099977.630661,normal
3036,1781099977.631388,http_flood
3037,1781099977.632041,normal
3038,1781099977.632643,normal
3039,1781099977.633366,normal
3040,1781099977.634156,normal
3041,1781099977.635031,normal
3042,1781099977.635817,normal
3043,1781099977.636383,normal
3044,1781099977.637126,normal
3045,1781099977.637955,udp_reflection
3046,1781099977.638577,normal
3047,1781099977.639215,http_flood
3048,1781099977.639840,normal
3049,1781099977.640422,syn_flood
3050,1781099977.641092,normal
3051,1781099977.641696,normal
3052,1781099977.642703,udp_reflection
3053,1781099977.643521,normal
3054,1781099977.644366,normal
3055,1781099977.645269,http_flood
3056,1781099977.646095,udp_reflection
3057,1781099977.646783,udp_reflection
3058,1781099977.647257,normal
3059,1781099977.647887,normal
3060,1781099977.648691,normal
3061,1781099977.649432,normal
3062,1781099977.649967,syn_flood
3063,1781099977.650742,syn_flood
3064,1781099977.651458,http_flood
3065,1781099977.652274,normal
3066,1781099977.652786,udp_reflection
3067,1781099977.653517,udp_reflection
3068,1781099977.654577,http_flood
3069,1781099977.655226,udp_reflection
3070,1781099977.655952,syn_flood
3071,1781099977.656585,normal
3072,1781099977.657290,syn_flood
3073,1781099977.657892,http_flood
3074,1781099977.658478,normal
3075,1781099977.658978,normal
3076,1781099977.659573,udp_reflection
3077,1781099977.660251,http_flood
3078,1781099977.661052,normal
3079,1781099977.661404,normal
3080,1781099977.662437,syn_flood
3081,1781099977.663315,udp_reflection
3082,1781099977.663853,udp_reflection
3083,1781099977.664344,http_flood
3084,1781099977.664898,udp_reflection
3085,1781099977.665394,udp_reflection
3086,1781099977.666257,normal
3087,1781099977.666786,normal
3088,1781099977.667345,syn_flood
3089,1781099977.667873,normal
3090,1781099977.668925,syn_flood
3091,1781099977.669634,http_flood
3092,1781099977.670406,normal
3093,1781099977.671073,normal
3094,1781099977.671590,normal
3095,1781099977.672228,normal
3096,1781099977.673062,udp_reflection
3097,1781099977.673809,http_flood
3098,1781099977.674682,normal
3099,1781099977.675392,normal
3100,1781099977.676004,normal
3101,1781099977.676807,normal
3102,1781099977.677608,normal
3103,1781099977.678245,normal
3104,1781099977.678829,syn_flood
3105,1781099977.679294,http_flood
3106,1781099977.679948,normal
3107,1781099977.680425,syn_flood
3108,1781099977.681115,normal
3109,1781099977.681780,normal
3110,1781099977.682606,syn_flood
3111,1781099977.683418,normal
3112,1781099977.684021,normal
3113,1781099977.684714,normal
3114,1781099977.685246,http_flood
3115,1781099977.685989,udp_reflection
3116,1781099977.686469,normal
3117,1781099977.687149,normal
3118,1781099977.688140,normal
3119,1781099977.688948,udp_reflection
3120,1781099977.689625,normal
3121,1781099977.690746,normal
3122,1781099977.691426,normal
3123,1781099977.692219,normal
3124,1781099977.692956,normal
3125,1781099977.693671,normal
3126,1781099977.694252,normal
3127,1781099977.695061,udp_reflection
3128,1781099977.695545,normal
3129,1781099977.696291,syn_flood
3130,1781099977.696958,normal
3131,1781099977.698014,syn_flood
3132,1781099977.698734,normal
3133,1781099977.699181,udp_reflection
3134,1781099977.699784,normal
3135,1781099977.700675,udp_reflection
3136,1781099977.701428,normal
3137,1781099977.702061,normal
3138,1781099977.702641,syn_flood
3139,1781099977.703231,normal
3140,1781099977.703878,normal
3141,1781099977.704833,normal
3142,1781099977.705552,normal
3143,1781099977.706251,normal
3144,1781099977.706819,syn_flood
3145,1781099977.707268,normal
3146,1781099977.708046,http_flood
3147,1781099977.708461,http_flood
3148,1781099977.709131,normal
3149,1781099977.709866,udp_reflection
3150,1781099977.710623,normal
3151,1781099977.711363,udp_reflection
3152,1781099977.712377,syn_flood
3153,1781099977.712971,udp_reflection
3154,1781099977.714139,normal
3155,1781099977.714885,udp_reflection
3156,1781099977.715297,normal
3157,1781099977.715951,normal
3158,1781099977.716863,normal
3159,1781099977.717492,syn_flood
3160,1781099977.718038,syn_flood
3161,1781099977.718688,normal
3162,1781099977.719582,normal
3163,1781099977.720179,normal
3164,1781099977.720551,normal
3165,1781099977.721200,normal
3166,1781099977.721839,syn_flood
3167,1781099977.722356,syn_flood
3168,1781099977.723027,normal
3169,1781099977.723972,normal
3170,1781099977.724670,normal
3171,1781099977.725390,syn_flood
3172,1781099977.725983,udp_reflection
3173,1781099977.726773,normal
3174,1781099977.727644,normal
3175,1781099977.728559,normal
3176,1781099977.729343,normal
3177,1781099977.730007,udp_reflection
3178,1781099977.730850,normal
3179,1781099977.731610,normal
3180,1781099977.732489,normal
3181,1781099977.733289,normal
3182,1781099977.733797,normal
3183,1781099977.734660,normal
3184,1781099977.735431,normal
3185,1781099977.736016,http_flood
3186,1781099977.736878,normal
3187,1781099977.737305,normal
3188,1781099977.737848,normal
3189,1781099977.738427,normal
3190,1781099977.739077,normal
3191,1781099977.740004,udp_reflection
3192,1781099977.740706,normal
3193,1781099977.741366,normal
3194,1781099977.742262,normal
3195,1781099977.743120,normal
3196,1781099977.743878,normal
3197,1781099977.744843,normal
3198,1781099977.745613,normal
3199,1781099977.746277,udp_reflection
3200,1781099977.746969,normal
3201,1781099977.747912,http_flood
3202,1781099977.748948,normal
3203,1781099977.749463,normal
3204,1781099977.750055,normal
3205,1781099977.750674,normal
3206,1781099977.751453,normal
3207,1781099977.752407,http_flood
3208,1781099977.753063,syn_flood
3209,1781099977.753702,normal
3210,1781099977.754486,syn_flood
3211,1781099977.755159,normal
3212,1781099977.755635,syn_flood
3213,1781099977.756283,normal
3214,1781099977.756734,udp_reflection
3215,1781099977.757440,http_flood
3216,1781099977.758198,syn_flood
3217,1781099977.759000,syn_flood
3218,1781099977.759538,normal
3219,1781099977.760365,normal
3220,1781099977.761086,normal
3221,1781099977.761770,normal
3222,1781099977.762705,normal
3223,1781099977.763455,http_flood
3224,1781099977.764011,normal
3225,1781099977.764644,normal
3226,1781099977.765392,udp_reflection
3227,1781099977.766093,normal
3228,1781099977.766991,normal
3229,1781099977.767504,normal
3230,1781099977.768042,normal
3231,1781099977.768626,normal
3232,1781099977.769090,normal
3233,1781099977.769574,normal
3234,1781099977.770353,normal
3235,1781099977.771046,normal
3236,1781099977.771735,http_flood
3237,1781099977.772441,normal
3238,1781099977.773062,normal
3239,1781099977.773535,normal
3240,1781099977.774283,udp_reflection
3241,1781099977.775016,normal
3242,1781099977.775778,normal
3243,1781099977.776561,normal
3244,1781099977.777553,http_flood
3245,1781099977.778367,udp_reflection
3246,1781099977.779013,normal
3247,1781099977.779775,normal
3248,1781099977.780408,normal
3249,1781099977.780956,normal
3250,1781099977.781492,udp_reflection
3251,1781099977.782111,udp_reflection
3252,1781099977.782690,http_flood
3253,1781099977.783136,syn_flood
3254,1781099977.784019,syn_flood
3255,1781099977.784887,normal
3256,1781099977.785549,http_flood
3257,1781099977.786222,normal
3258,1781099977.787031,udp_reflection
3259,1781099977.787892,normal
3260,1781099977.788547,udp_reflection
3261,1781099977.789155,udp_reflection
3262,1781099977.789838,normal
3263,1781099977.790623,normal
3264,1781099977.791398,normal
3265,1781099977.792183,http_flood
3266,1781099977.792882,normal
3267,1781099977.793725,normal
3268,1781099977.794456,normal
3269,1781099977.795209,normal
3270,1781099977.795932,syn_flood
3271,1781099977.796700,normal
3272,1781099977.797323,normal
3273,1781099977.797879,normal
3274,1781099977.798557,normal
3275,1781099977.799155,normal
3276,1781099977.799669,normal
3277,1781099977.800358,normal
3278,1781099977.801591,normal
3279,1781099977.802275,normal
3280,1781099977.802996,normal
3281,1781099977.803852,normal
3282,1781099977.804411,normal
3283,1781099977.805044,normal
3284,1781099977.805956,normal
3285,1781099977.806483,normal
3286,1781099977.807102,normal
3287,1781099977.807802,http_flood
3288,1781099977.808494,normal
3289,1781099977.809044,http_flood
3290,1781099977.809791,normal
3291,1781099977.810391,normal
3292,1781099977.811091,normal
3293,1781099977.811550,normal
3294,1781099977.812111,http_flood
3295,1781099977.812721,normal
3296,1781099977.813348,syn_flood
3297,1781099977.813946,normal
3298,1781099977.814785,normal
3299,1781099977.815600,normal
3300,1781099977.816194,normal
3301,1781099977.816916,syn_flood
3302,1781099977.817595,http_flood
3303,1781099977.818156,normal
3304,1781099977.818905,normal
3305,1781099977.819484,syn_flood
3306,1781099977.820219,http_flood
3307,1781099977.821117,normal
3308,1781099977.821974,syn_flood
3309,1781099977.822706,http_flood
3310,1781099977.823522,udp_reflection
3311,1781099977.824212,udp_reflection
3312,1781099977.825019,normal
3313,1781099977.825560,normal
3314,1781099977.826225,syn_flood
3315,1781099977.826920,normal
3316,1781099977.827784,normal
3317,1781099977.828294,http_flood
3318,1781099977.828891,http_flood
3319,1781099977.829793,http_flood
3320,1781099977.830376,normal
3321,1781099977.831244,normal
3322,1781099977.831840,normal
3323,1781099977.832449,udp_reflection
3324,1781099977.832876,http_flood
3325,1781099977.833424,syn_flood
3326,1781099977.834080,normal
3327,1781099977.834631,normal
3328,1781099977.835244,normal
3329,1781099977.835837,normal
3330,1781099977.836782,udp_reflection
3331,1781099977.837457,http_flood
3332,1781099977.838546,syn_flood
3333,1781099977.839384,syn_flood
3334,1781099977.840341,normal
3335,1781099977.840990,udp_reflection
3336,1781099977.841435,normal
3337,1781099977.842360,udp_reflection
3338,1781099977.842977,normal
3339,1781099977.843663,normal
3340,1781099977.844266,normal
3341,1781099977.844994,syn_flood
3342,1781099977.845562,normal
3343,1781099977.846161,udp_reflection
3344,1781099977.846949,http_flood
3345,1781099977.847586,udp_reflection
3346,1781099977.848283,udp_reflection
3347,1781099977.849013,normal
3348,1781099977.849582,normal
3349,1781099977.850529,normal
3350,1781099977.851326,normal
3351,1781099977.851935,udp_reflection
3352,1781099977.852597,udp_reflection
3353,1781099977.853136,normal
3354,1781099977.854027,normal
3355,1781099977.854466,normal
3356,1781099977.855202,normal
3357,1781099977.855922,http_flood
3358,1781099977.856432,normal
3359,1781099977.857133,syn_flood
3360,1781099977.857656,normal
3361,1781099977.858206,normal
3362,1781099977.858556,normal
3363,1781099977.859243,normal
3364,1781099977.859740,normal
3365,1781099977.860312,normal
3366,1781099977.860844,http_flood
3367,1781099977.861653,http_flood
3368,1781099977.862424,normal
3369,1781099977.863006,normal
3370,1781099977.863677,http_flood
3371,1781099977.864367,normal
3372,1781099977.865173,udp_reflection
3373,1781099977.865860,normal
3374,1781099977.866515,udp_reflection
3375,1781099977.867452,normal
3376,1781099977.868006,normal
3377,1781099977.868818,normal
3378,1781099977.869310,syn_flood
3379,1781099977.869960,syn_flood
3380,1781099977.870572,normal
3381,1781099977.871220,http_flood
3382,1781099977.871902,normal
3383,1781099977.872965,udp_reflection
3384,1781099977.873896,normal
3385,1781099977.874386,syn_flood
3386,1781099977.875047,normal
3387,1781099977.875648,normal
3388,1781099977.876337,syn_flood
3389,1781099977.876933,normal
3390,1781099977.877714,normal
3391,1781099977.878463,normal
3392,1781099977.878986,normal
3393,1781099977.879617,normal
3394,1781099977.880311,normal
3395,1781099977.880881,normal
3396,1781099977.881807,normal
3397,1781099977.882355,normal
3398,1781099977.882852,normal
3399,1781099977.883729,syn_flood
3400,1781099977.884210,normal
3401,1781099977.885226,normal
3402,1781099977.886046,normal
3403,1781099977.886513,udp_reflection
3404,1781099977.887159,normal
3405,1781099977.887843,normal
3406,1781099977.888552,normal
3407,1781099977.889136,normal
3408,1781099977.889569,syn_flood
3409,1781099977.890420,http_flood
3410,1781099977.890940,normal
3411,1781099977.891551,udp_reflection
3412,1781099977.892258,normal
3413,1781099977.892871,http_flood
3414,1781099977.893500,http_flood
3415,1781099977.894032,normal
3416,1781099977.894760,normal
3417,1781099977.895485,normal
3418,1781099977.895900,normal
3419,1781099977.896472,normal
3420,1781099977.897299,normal
3421,1781099977.898158,syn_flood
3422,1781099977.898694,udp_reflection
3423,1781099977.899815,http_flood
3424,1781099977.900277,normal
3425,1781099977.900903,http_flood
3426,1781099977.901594,normal
3427,1781099977.902159,normal
3428,1781099977.902915,udp_reflection
3429,1781099977.903690,syn_flood
3430,1781099977.904326,normal
3431,1781099977.905336,normal
3432,1781099977.906353,normal
3433,1781099977.907329,syn_flood
3434,1781099977.907837,http_flood
3435,1781099977.908273,udp_reflection
3436,1781099977.909087,udp_reflection
3437,1781099977.910177,normal
3438,1781099977.910624,normal
3439,1781099977.911443,syn_flood
3440,1781099977.912326,normal
3441,1781099977.913205,udp_reflection
3442,1781099977.913829,http_flood
3443,1781099977.914414,http_flood
3444,1781099977.915106,udp_reflection
3445,1781099977.916115,normal
3446,1781099977.916621,normal
3447,1781099977.917250,normal
3448,1781099977.918169,syn_flood
3449,1781099977.918612,syn_flood
3450,1781099977.919323,normal
3451,1781099977.919849,udp_reflection
3452,1781099977.920833,normal
3453,1781099977.921893,http_flood
3454,1781099977.922377,http_flood
3455,1781099977.923134,http_flood
3456,1781099977.923851,udp_reflection
3457,1781099977.924603,normal
3458,1781099977.925448,normal
3459,1781099977.926329,normal
3460,1781099977.927238,normal
3461,1781099977.927974,normal
3462,1781099977.928499,http_flood
3463,1781099977.929319,normal
3464,1781099977.930001,http_flood
3465,1781099977.930973,normal
3466,1781099977.931474,udp_reflection
3467,1781099977.932006,syn_flood
3468,1781099977.932480,normal
3469,1781099977.933367,http_flood
3470,1781099977.933971,normal
3471,1781099977.934658,normal
3472,1781099977.935299,normal
3473,1781099977.936418,udp_reflection
3474,1781099977.937297,normal
3475,1781099977.938184,normal
3476,1781099977.938935,normal
3477,1781099977.939655,udp_reflection
3478,1781099977.940347,http_flood
3479,1781099977.941064,normal
3480,1781099977.941614,normal
3481,1781099977.942190,udp_reflection
3482,1781099977.942776,udp_reflection
3483,1781099977.943667,normal
3484,1781099977.944430,udp_reflection
3485,1781099977.945132,normal
3486,1781099977.945716,normal
3487,1781099977.946507,syn_flood
3488,1781099977.947027,http_flood
3489,1781099977.947913,syn_flood
3490,1781099977.948646,syn_flood
3491,1781099977.949346,normal
3492,1781099977.949872,normal
3493,1781099977.950532,udp_reflection
3494,1781099977.951220,syn_flood
3495,1781099977.951863,normal
3496,1781099977.952592,http_flood
3497,1781099977.953397,normal
3498,1781099977.954076,syn_flood
3499,1781099977.954774,normal
3500,1781099977.955497,http_flood
3501,1781099977.956081,normal
3502,1781099977.956598,http_flood
3503,1781099977.957248,normal
3504,1781099977.957988,normal
3505,1781099977.958833,udp_reflection
3506,1781099977.959376,syn_flood
3507,1781099977.960012,normal
3508,1781099977.960634,normal
3509,1781099977.961362,normal
3510,1781099977.962037,normal
3511,1781099977.962811,normal
3512,1781099977.963442,udp_reflection
3513,1781099977.964281,syn_flood
3514,1781099977.965286,normal
3515,1781099977.965993,normal
3516,1781099977.966576,normal
3517,1781099977.967271,normal
3518,1781099977.967876,normal
3519,1781099977.968599,normal
3520,1781099977.969274,normal
3521,1781099977.969761,normal
3522,1781099977.970318,syn_flood
3523,1781099977.971096,normal
3524,1781099977.972226,normal
3525,1781099977.973065,normal
3526,1781099977.973609,normal
3527,1781099977.974271,normal
3528,1781099977.974849,normal
3529,1781099977.975357,normal
3530,1781099977.976064,normal
3531,1781099977.976674,normal
3532,1781099977.977516,normal
3533,1781099977.978075,udp_reflection
3534,1781099977.978655,normal
3535,1781099977.979456,syn_flood
3536,1781099977.980031,normal
3537,1781099977.980714,normal
3538,1781099977.981122,normal
3539,1781099977.981790,syn_flood
3540,1781099977.982245,normal
3541,1781099977.982966,udp_reflection
3542,1781099977.983736,normal
3543,1781099977.984654,normal
3544,1781099977.985325,normal
3545,1781099977.986083,normal
3546,1781099977.986688,http_flood
3547,1781099977.987104,normal
3548,1781099977.987718,normal
3549,1781099977.988236,normal
3550,1781099977.989237,normal
3551,1781099977.989863,normal
3552,1781099977.990586,syn_flood
3553,1781099977.991453,normal
3554,1781099977.992052,normal
3555,1781099977.992528,normal
3556,1781099977.993458,normal
3557,1781099977.994120,udp_reflection
3558,1781099977.994882,normal
3559,1781099977.995614,normal
3560,1781099977.996193,normal
3561,1781099977.996877,normal
3562,1781099977.997500,udp_reflection
3563,1781099977.998259,udp_reflection
3564,1781099977.998921,normal
3565,1781099977.999796,normal
3566,1781099978.000662,http_flood
3567,1781099978.001323,udp_reflection
3568,1781099978.002121,http_flood
3569,1781099978.002903,normal
3570,1781099978.003868,normal
3571,1781099978.004771,normal
3572,1781099978.005909,syn_flood
3573,1781099978.006386,normal
3574,1781099978.007046,udp_reflection
3575,1781099978.007502,normal
3576,1781099978.008078,normal
3577,1781099978.008666,udp_reflection
3578,1781099978.009464,http_flood
3579,1781099978.010171,normal
3580,1781099978.010797,normal
3581,1781099978.011708,normal
3582,1781099978.012345,udp_reflection
3583,1781099978.013079,normal
3584,1781099978.013797,udp_reflection
3585,1781099978.014432,normal
3586,1781099978.015145,normal
3587,1781099978.015860,syn_flood
3588,1781099978.016534,normal
3589,1781099978.017391,normal
3590,1781099978.017913,udp_reflection
3591,1781099978.018735,normal
3592,1781099978.019455,syn_flood
3593,1781099978.020093,normal
3594,1781099978.020768,normal
3595,1781099978.021384,normal
3596,1781099978.022052,syn_flood
3597,1781099978.022720,normal
3598,1781099978.023317,normal
3599,1781099978.024072,normal
3600,1781099978.025056,normal
3601,1781099978.025804,syn_flood
3602,1781099978.026473,normal
3603,1781099978.027032,normal
3604,1781099978.027535,syn_flood
3605,1781099978.028462,syn_flood
3606,1781099978.029043,normal
3607,1781099978.030007,normal
3608,1781099978.030461,syn_flood
3609,1781099978.031172,http_flood
3610,1781099978.032005,syn_flood
3611,1781099978.032552,normal
3612,1781099978.033286,normal
3613,1781099978.034035,normal
3614,1781099978.034861,normal
3615,1781099978.035425,normal
3616,1781099978.035834,syn_flood
3617,1781099978.036669,normal
3618,1781099978.037231,normal
3619,1781099978.037831,udp_reflection
3620,1781099978.038774,normal
3621,1781099978.039466,normal
3622,1781099978.039944,syn_flood
3623,1781099978.040656,normal
3624,1781099978.041184,normal
3625,1781099978.041928,http_flood
3626,1781099978.042920,normal
3627,1781099978.043505,http_flood
3628,1781099978.044265,normal
3629,1781099978.044829,normal
3630,1781099978.045507,normal
3631,1781099978.046261,normal
3632,1781099978.047059,udp_reflection
3633,1781099978.047561,normal
3634,1781099978.047971,normal
3635,1781099978.048445,normal
3636,1781099978.049385,normal
3637,1781099978.049984,normal
3638,1781099978.050615,normal
3639,1781099978.051247,normal
3640,1781099978.051941,normal
3641,1781099978.052454,udp_reflection
3642,1781099978.053132,normal
3643,1781099978.054060,syn_flood
3644,1781099978.054794,udp_reflection
3645,1781099978.055466,normal
3646,1781099978.056020,http_flood
3647,1781099978.056629,udp_reflection
3648,1781099978.057513,normal
3649,1781099978.058109,syn_flood
3650,1781099978.058878,normal
3651,1781099978.059963,udp_reflection
3652,1781099978.060595,http_flood
3653,1781099978.061164,normal
3654,1781099978.062039,syn_flood
3655,1781099978.062767,udp_reflection
3656,1781099978.063577,udp_reflection
3657,1781099978.064307,normal
3658,1781099978.064903,udp_reflection
3659,1781099978.065420,normal
3660,1781099978.066010,udp_reflection
3661,1781099978.066687,udp_reflection
3662,1781099978.067272,normal
3663,1781099978.068100,udp_reflection
3664,1781099978.068660,normal
3665,1781099978.069233,normal
3666,1781099978.069859,syn_flood
3667,1781099978.070403,syn_flood
3668,1781099978.071345,normal
3669,1781099978.071878,normal
3670,1781099978.072368,normal
3671,1781099978.072858,normal
3672,1781099978.073707,normal
3673,1781099978.074422,http_flood
3674,1781099978.075060,normal
3675,1781099978.075729,normal
3676,1781099978.076289,normal
3677,1781099978.076878,normal
3678,1781099978.077640,syn_flood
3679,1781099978.078190,syn_flood
3680,1781099978.078678,normal
3681,1781099978.079326,normal
3682,1781099978.080006,http_flood
3683,1781099978.080794,syn_flood
3684,1781099978.081546,normal
3685,1781099978.082291,http_flood
3686,1781099978.082817,normal
3687,1781099978.083519,normal
3688,1781099978.084270,normal
3689,1781099978.085173,normal
3690,1781099978.085648,normal
3691,1781099978.086219,normal
3692,1781099978.086938,normal
3693,1781099978.087699,normal
3694,1781099978.088056,normal
3695,1781099978.088753,normal
3696,1781099978.089450,http_flood
3697,1781099978.090059,normal
3698,1781099978.090807,normal
3699,1781099978.091640,normal
3700,1781099978.092378,syn_flood
3701,1781099978.093024,normal
3702,1781099978.093956,normal
3703,1781099978.094702,http_flood
3704,1781099978.095546,udp_reflection
3705,1781099978.096216,normal
3706,1781099978.096761,normal
3707,1781099978.097309,http_flood
3708,1781099978.098230,normal
3709,1781099978.099052,normal
3710,1781099978.099481,udp_reflection
3711,1781099978.100422,normal
3712,1781099978.101150,normal
3713,1781099978.101905,normal
3714,1781099978.102665,udp_reflection
3715,1781099978.103611,normal
3716,1781099978.104453,udp_reflection
3717,1781099978.105068,normal
3718,1781099978.105750,normal
3719,1781099978.106222,normal
3720,1781099978.107016,normal
3721,1781099978.107752,normal
3722,1781099978.108427,normal
3723,1781099978.108873,http_flood
3724,1781099978.109573,http_flood
3725,1781099978.110175,normal
3726,1781099978.110942,udp_reflection
3727,1781099978.111718,udp_reflection
3728,1781099978.112292,syn_flood
3729,1781099978.112901,normal
3730,1781099978.113650,syn_flood
3731,1781099978.114196,normal
3732,1781099978.114795,syn_flood
3733,1781099978.115586,normal
3734,1781099978.116386,normal
3735,1781099978.117089,normal
3736,1781099978.118005,normal
3737,1781099978.118605,syn_flood
3738,1781099978.119538,udp_reflection
3739,1781099978.120484,normal
3740,1781099978.121166,udp_reflection
3741,1781099978.121846,syn_flood
3742,1781099978.122243,normal
3743,1781099978.123033,http_flood
3744,1781099978.123959,syn_flood
3745,1781099978.124522,normal
3746,1781099978.125339,normal
3747,1781099978.125950,normal
3748,1781099978.126626,http_flood
3749,1781099978.127129,normal
3750,1781099978.127975,normal
3751,1781099978.128472,normal
3752,1781099978.129112,normal
3753,1781099978.129758,normal
3754,1781099978.130252,udp_reflection
3755,1781099978.130891,normal
3756,1781099978.131494,normal
3757,1781099978.132591,syn_flood
3758,1781099978.133448,udp_reflection
3759,1781099978.134192,normal
3760,1781099978.134887,normal
3761,1781099978.135711,udp_reflection
3762,1781099978.136340,syn_flood
3763,1781099978.137002,normal
3764,1781099978.137629,normal
3765,1781099978.138386,normal
3766,1781099978.139067,normal
3767,1781099978.139914,normal
3768,1781099978.140716,normal
3769,1781099978.141582,normal
3770,1781099978.142246,normal
3771,1781099978.142759,normal
3772,1781099978.143479,http_flood
3773,1781099978.144395,normal
3774,1781099978.145176,udp_reflection
3775,1781099978.145989,normal
3776,1781099978.146479,normal
3777,1781099978.147196,udp_reflection
3778,1781099978.147776,syn_flood
3779,1781099978.148484,syn_flood
3780,1781099978.149307,normal
3781,1781099978.150159,normal
3782,1781099978.150758,http_flood
3783,1781099978.151447,normal
3784,1781099978.152022,normal
3785,1781099978.152721,http_flood
3786,1781099978.153277,http_flood
3787,1781099978.154181,syn_flood
3788,1781099978.154763,syn_flood
3789,1781099978.155327,normal
3790,1781099978.155807,normal
3791,1781099978.156341,normal
3792,1781099978.156817,http_flood
3793,1781099978.157445,http_flood
3794,1781099978.157996,normal
3795,1781099978.158856,syn_flood
3796,1781099978.159320,http_flood
3797,1781099978.159982,udp_reflection
3798,1781099978.160739,syn_flood
3799,1781099978.161344,normal
3800,1781099978.162127,udp_reflection
3801,1781099978.162888,normal
3802,1781099978.163440,udp_reflection
3803,1781099978.163882,normal
3804,1781099978.164455,http_flood
3805,1781099978.165047,normal
3806,1781099978.165748,normal
3807,1781099978.166641,http_flood
3808,1781099978.167379,normal
3809,1781099978.167920,udp_reflection
3810,1781099978.168495,normal
3811,1781099978.169423,normal
3812,1781099978.170063,normal
3813,1781099978.170653,syn_flood
3814,1781099978.171233,syn_flood
3815,1781099978.171687,normal
3816,1781099978.172636,udp_reflection
3817,1781099978.173609,normal
3818,1781099978.174937,udp_reflection
3819,1781099978.175387,normal
3820,1781099978.176229,http_flood
3821,1781099978.176795,udp_reflection
3822,1781099978.177475,normal
3823,1781099978.178217,normal
3824,1781099978.178756,normal
3825,1781099978.179347,http_flood
3826,1781099978.179940,normal
3827,1781099978.180596,normal
3828,1781099978.181055,syn_flood
3829,1781099978.181623,normal
3830,1781099978.182409,normal
3831,1781099978.183150,udp_reflection
3832,1781099978.183583,udp_reflection
3833,1781099978.184100,udp_reflection
3834,1781099978.184735,http_flood
3835,1781099978.185514,syn_flood
3836,1781099978.186124,udp_reflection
3837,1781099978.186861,normal
3838,1781099978.187695,udp_reflection
3839,1781099978.188486,normal
3840,1781099978.189013,normal
3841,1781099978.189625,normal
3842,1781099978.190266,normal
3843,1781099978.191332,normal
3844,1781099978.192044,normal
3845,1781099978.192873,normal
3846,1781099978.193862,normal
3847,1781099978.194597,syn_flood
3848,1781099978.195346,http_flood
3849,1781099978.195811,udp_reflection
3850,1781099978.196488,http_flood
3851,1781099978.196851,normal
3852,1781099978.197286,normal
3853,1781099978.197925,udp_reflection
3854,1781099978.198462,http_flood
3855,1781099978.199224,http_flood
3856,1781099978.200022,normal
3857,1781099978.200629,normal
3858,1781099978.201374,normal
3859,1781099978.201976,http_flood
3860,1781099978.202767,normal
3861,1781099978.203334,normal
3862,1781099978.204154,normal
3863,1781099978.204751,http_flood
3864,1781099978.205649,normal
3865,1781099978.206448,normal
3866,1781099978.207175,normal
3867,1781099978.207812,http_flood
3868,1781099978.208388,udp_reflection
3869,1781099978.208823,http_flood
3870,1781099978.209606,syn_flood
3871,1781099978.210318,normal
3872,1781099978.210891,http_flood
3873,1781099978.212067,normal
3874,1781099978.212721,normal
3875,1781099978.213529,normal
3876,1781099978.214540,normal
3877,1781099978.215326,normal
3878,1781099978.216034,normal
3879,1781099978.216661,normal
3880,1781099978.217151,normal
3881,1781099978.217673,normal
3882,1781099978.218236,normal
3883,1781099978.219304,http_flood
3884,1781099978.219898,normal
3885,1781099978.220717,http_flood
3886,1781099978.221475,normal
3887,1781099978.222126,normal
3888,1781099978.222556,normal
3889,1781099978.223284,normal
3890,1781099978.223926,normal
3891,1781099978.224580,normal
3892,1781099978.225191,normal
3893,1781099978.226227,normal
3894,1781099978.226838,udp_reflection
3895,1781099978.227468,normal
3896,1781099978.228323,normal
3897,1781099978.228934,http_flood
3898,1781099978.229611,syn_flood
3899,1781099978.230438,udp_reflection
3900,1781099978.231065,normal
3901,1781099978.231678,normal
3902,1781099978.232368,normal
3903,1781099978.232806,normal
3904,1781099978.233526,normal
3905,1781099978.234199,udp_reflection
3906,1781099978.235110,normal
3907,1781099978.235988,http_flood
3908,1781099978.236674,http_flood
3909,1781099978.237401,http_flood
3910,1781099978.237880,normal
3911,1781099978.238910,normal
3912,1781099978.239321,normal
3913,1781099978.239933,syn_flood
3914,1781099978.240535,normal
3915,1781099978.241335,normal
3916,1781099978.242049,syn_flood
3917,1781099978.242881,normal
3918,1781099978.243280,syn_flood
3919,1781099978.243864,udp_reflection
3920,1781099978.244524,normal
3921,1781099978.245218,http_flood
3922,1781099978.245934,normal
3923,1781099978.246600,udp_reflection
3924,1781099978.247211,http_flood
3925,1781099978.248117,normal
3926,1781099978.248629,normal
3927,1781099978.249368,normal
3928,1781099978.250087,normal
3929,1781099978.250729,http_flood
3930,1781099978.251387,normal
3931,1781099978.251856,normal
3932,1781099978.252587,syn_flood
3933,1781099978.253126,normal
3934,1781099978.253702,normal
3935,1781099978.254178,normal
3936,1781099978.254853,normal
3937,1781099978.255539,normal
3938,1781099978.256401,normal
3939,1781099978.257102,normal
3940,1781099978.257598,normal
3941,1781099978.258495,normal
3942,1781099978.259238,normal
3943,1781099978.260249,normal
3944,1781099978.260772,udp_reflection
3945,1781099978.261483,normal
3946,1781099978.262179,normal
3947,1781099978.262726,normal
3948,1781099978.263565,normal
3949,1781099978.264404,normal
3950,1781099978.265196,syn_flood
3951,1781099978.265707,normal
3952,1781099978.266466,http_flood
3953,1781099978.267248,http_flood
3954,1781099978.267925,http_flood
3955,1781099978.268529,normal
3956,1781099978.269268,syn_flood
3957,1781099978.269932,normal
3958,1781099978.270597,normal
3959,1781099978.271063,normal
3960,1781099978.271538,normal
3961,1781099978.272500,normal
3962,1781099978.273061,normal
3963,1781099978.273757,normal
3964,1781099978.274306,normal
3965,1781099978.274911,udp_reflection
3966,1781099978.275673,udp_reflection
3967,1781099978.276416,normal
3968,1781099978.277227,normal
3969,1781099978.277864,normal
3970,1781099978.278514,normal
3971,1781099978.279506,normal
3972,1781099978.280114,normal
3973,1781099978.280751,udp_reflection
3974,1781099978.281538,normal
3975,1781099978.282309,normal
3976,1781099978.282776,normal
3977,1781099978.283388,normal
3978,1781099978.284227,syn_flood
3979,1781099978.284985,udp_reflection
3980,1781099978.285814,syn_flood
3981,1781099978.286279,syn_flood
3982,1781099978.286950,normal
3983,1781099978.287493,normal
3984,1781099978.288076,http_flood
3985,1781099978.288829,normal
3986,1781099978.289554,udp_reflection
3987,1781099978.290282,normal
3988,1781099978.290906,normal
3989,1781099978.291701,normal
3990,1781099978.292193,normal
3991,1781099978.292902,udp_reflection
3992,1781099978.293704,normal
3993,1781099978.294512,normal
3994,1781099978.295267,normal
3995,1781099978.295872,udp_reflection
3996,1781099978.296608,normal
3997,1781099978.297294,syn_flood
3998,1781099978.297841,http_flood
3999,1781099978.298715,normal
4000,1781099978.299347,normal
4001,1781099978.300352,normal
4002,1781099978.301094,syn_flood
4003,1781099978.301816,normal
4004,1781099978.302620,normal
4005,1781099978.303307,normal
4006,1781099978.303849,normal
4007,1781099978.304576,normal
4008,1781099978.305296,normal
4009,1781099978.306065,udp_reflection
4010,1781099978.306617,normal
4011,1781099978.307256,normal
4012,1781099978.307955,udp_reflection
4013,1781099978.308407,normal
4014,1781099978.309048,http_flood
4015,1781099978.309515,udp_reflection
4016,1781099978.310074,normal
4017,1781099978.310755,normal
4018,1781099978.311306,normal
4019,1781099978.311953,syn_flood
4020,1781099978.312634,normal
4021,1781099978.313295,normal
4022,1781099978.314039,normal
4023,1781099978.314636,normal
4024,1781099978.315132,normal
4025,1781099978.315881,normal
4026,1781099978.316564,normal
4027,1781099978.317504,udp_reflection
4028,1781099978.318141,normal
4029,1781099978.318724,udp_reflection
4030,1781099978.319680,http_flood
4031,1781099978.320290,http_flood
4032,1781099978.320839,normal
4033,1781099978.321541,normal
4034,1781099978.322159,normal
4035,1781099978.322713,normal
4036,1781099978.323568,syn_flood
4037,1781099978.324573,normal
4038,1781099978.325493,normal
4039,1781099978.326268,normal
4040,1781099978.326949,normal
4041,1781099978.327567,normal
4042,1781099978.328232,syn_flood
4043,1781099978.328997,http_flood
4044,1781099978.329639,normal
4045,1781099978.330201,http_flood
4046,1781099978.330733,udp_reflection
4047,1781099978.331495,normal
4048,1781099978.332125,normal
4049,1781099978.332623,udp_reflection
4050,1781099978.333474,normal
4051,1781099978.333909,normal
4052,1781099978.334594,normal
4053,1781099978.335504,http_flood
4054,1781099978.336834,normal
4055,1781099978.337722,udp_reflection
4056,1781099978.338567,normal
4057,1781099978.339194,syn_flood
4058,1781099978.339849,normal
4059,1781099978.340806,normal
4060,1781099978.341316,syn_flood
4061,1781099978.342044,syn_flood
4062,1781099978.342691,normal
4063,1781099978.343299,normal
4064,1781099978.343999,normal
4065,1781099978.344610,normal
4066,1781099978.345111,normal
4067,1781099978.346123,normal
4068,1781099978.346689,syn_flood
4069,1781099978.347497,udp_reflection
4070,1781099978.348118,http_flood
4071,1781099978.348618,normal
4072,1781099978.349605,udp_reflection
4073,1781099978.350175,normal
4074,1781099978.350782,normal
4075,1781099978.351355,udp_reflection
4076,1781099978.351944,syn_flood
4077,1781099978.352548,udp_reflection
4078,1781099978.353311,syn_flood
4079,1781099978.353850,normal
4080,1781099978.354693,normal
4081,1781099978.355548,normal
4082,1781099978.356040,http_flood
4083,1781099978.356592,normal
4084,1781099978.357410,syn_flood
4085,1781099978.358237,udp_reflection
4086,1781099978.358820,normal
4087,1781099978.359373,syn_flood
4088,1781099978.360010,normal
4089,1781099978.360776,udp_reflection
4090,1781099978.361553,udp_reflection
4091,1781099978.362026,normal
4092,1781099978.362671,normal
4093,1781099978.363307,normal
4094,1781099978.363806,udp_reflection
4095,1781099978.364316,normal
4096,1781099978.364797,normal
4097,1781099978.365616,normal
4098,1781099978.366275,http_flood
4099,1781099978.366832,normal
4100,1781099978.367240,syn_flood
4101,1781099978.367955,normal
4102,1781099978.368831,udp_reflection
4103,1781099978.369454,normal
4104,1781099978.370182,normal
4105,1781099978.370708,normal
4106,1781099978.371724,normal
4107,1781099978.372269,normal
4108,1781099978.372857,normal
4109,1781099978.373452,http_flood
4110,1781099978.374025,syn_flood
4111,1781099978.374603,normal
4112,1781099978.375481,udp_reflection
4113,1781099978.375998,normal
4114,1781099978.376825,syn_flood
4115,1781099978.377670,normal
4116,1781099978.378247,syn_flood
4117,1781099978.379030,syn_flood
4118,1781099978.379604,normal
4119,1781099978.380204,normal
4120,1781099978.380984,syn_flood
4121,1781099978.381628,normal
4122,1781099978.382252,normal
4123,1781099978.382923,normal
4124,1781099978.383348,http_flood
4125,1781099978.384004,http_flood
4126,1781099978.384634,normal
4127,1781099978.385258,normal
4128,1781099978.385850,normal
4129,1781099978.386472,normal
4130,1781099978.387163,normal
4131,1781099978.387760,normal
4132,1781099978.388615,normal
4133,1781099978.389305,normal
4134,1781099978.390060,http_flood
4135,1781099978.390805,syn_flood
4136,1781099978.391544,normal
4137,1781099978.392283,normal
4138,1781099978.392777,syn_flood
4139,1781099978.393438,normal
4140,1781099978.394171,http_flood
4141,1781099978.394597,syn_flood
4142,1781099978.395623,normal
4143,1781099978.396389,udp_reflection
4144,1781099978.396980,normal
4145,1781099978.397454,syn_flood
4146,1781099978.398019,normal
4147,1781099978.399053,http_flood
4148,1781099978.399797,http_flood
4149,1781099978.400399,normal
4150,1781099978.401357,normal
4151,1781099978.402050,syn_flood
4152,1781099978.403028,normal
4153,1781099978.403550,normal
4154,1781099978.404076,normal
4155,1781099978.404949,normal
4156,1781099978.405703,normal
4157,1781099978.406329,normal
4158,1781099978.407231,normal
4159,1781099978.407828,syn_flood
4160,1781099978.408541,normal
4161,1781099978.409610,udp_reflection
4162,1781099978.410253,normal
4163,1781099978.410966,udp_reflection
4164,1781099978.411751,normal
4165,1781099978.412448,normal
4166,1781099978.413110,udp_reflection
4167,1781099978.413697,syn_flood
4168,1781099978.414121,normal
4169,1781099978.414553,normal
4170,1781099978.415174,syn_flood
4171,1781099978.415991,normal
4172,1781099978.416942,syn_flood
4173,1781099978.417510,syn_flood
4174,1781099978.418262,syn_flood
4175,1781099978.419137,normal
4176,1781099978.419889,normal
4177,1781099978.420688,http_flood
4178,1781099978.421361,normal
4179,1781099978.421948,normal
4180,1781099978.422480,normal
4181,1781099978.423217,syn_flood
4182,1781099978.423958,normal
4183,1781099978.425089,syn_flood
4184,1781099978.426010,normal
4185,1781099978.426767,syn_flood
4186,1781099978.427344,normal
4187,1781099978.427819,udp_reflection
4188,1781099978.428488,normal
4189,1781099978.429257,syn_flood
4190,1781099978.429886,udp_reflection
4191,1781099978.430799,normal
4192,1781099978.431643,http_flood
4193,1781099978.432195,normal
4194,1781099978.432709,udp_reflection
4195,1781099978.433122,normal
4196,1781099978.433631,udp_reflection
4197,1781099978.434358,syn_flood
4198,1781099978.434948,normal
4199,1781099978.435612,normal
4200,1781099978.436490,http_flood
4201,1781099978.437129,normal
4202,1781099978.437927,normal
4203,1781099978.438350,normal
4204,1781099978.439015,normal
4205,1781099978.439660,normal
4206,1781099978.440509,normal
4207,1781099978.441192,normal
4208,1781099978.441802,normal
4209,1781099978.442747,normal
4210,1781099978.443358,syn_flood
4211,1781099978.443853,normal
4212,1781099978.444775,http_flood
4213,1781099978.445372,udp_reflection
4214,1781099978.445973,normal
4215,1781099978.446596,normal
4216,1781099978.447134,normal
4217,1781099978.447930,normal
4218,1781099978.448569,normal
4219,1781099978.449358,udp_reflection
4220,1781099978.450071,udp_reflection
4221,1781099978.451057,normal
4222,1781099978.451846,udp_reflection
4223,1781099978.452474,udp_reflection
4224,1781099978.453340,udp_reflection
4225,1781099978.453974,http_flood
4226,1781099978.454743,normal
4227,1781099978.455612,normal
4228,1781099978.456238,udp_reflection
4229,1781099978.456659,normal
4230,1781099978.457329,http_flood
4231,1781099978.458156,normal
4232,1781099978.458933,http_flood
4233,1781099978.459597,normal
4234,1781099978.460349,normal
4235,1781099978.461087,http_flood
4236,1781099978.461829,udp_reflection
4237,1781099978.462611,normal
4238,1781099978.463381,normal
4239,1781099978.463867,syn_flood
4240,1781099978.464701,syn_flood
4241,1781099978.465665,normal
4242,1781099978.466633,udp_reflection
4243,1781099978.467235,normal
4244,1781099978.467854,normal
4245,1781099978.468455,normal
4246,1781099978.468989,normal
4247,1781099978.470857,normal
4248,1781099978.473540,normal
4249,1781099978.475327,normal
4250,1781099978.477101,normal
4251,1781099978.478738,normal
4252,1781099978.480633,normal
4253,1781099978.483768,normal
4254,1781099978.485749,normal
4255,1781099978.488720,normal
4256,1781099978.491504,normal
4257,1781099978.493276,normal
4258,1781099978.494897,normal
4259,1781099978.496997,normal
4260,1781099978.499613,normal
4261,1781099978.501624,normal
4262,1781099978.503004,normal
4263,1781099978.505371,normal
4264,1781099978.507390,normal
4265,1781099978.510616,normal
4266,1781099978.512704,normal
4267,1781099978.514464,normal
4268,1781099978.516452,normal
4269,1781099978.518835,normal
4270,1781099978.522616,normal
4271,1781099978.525126,normal
4272,1781099978.527165,normal
4273,1781099978.529245,normal
4274,1781099978.530994,udp_reflection
4275,1781099978.533038,normal
4276,1781099978.535554,normal
4277,1781099978.537987,udp_reflection
4278,1781099978.540339,syn_flood
4279,1781099978.542377,normal
4280,1781099978.544272,normal
4281,1781099978.546779,normal
4282,1781099978.549169,normal
4283,1781099978.551769,normal
4284,1781099978.553903,normal
4285,1781099978.556062,normal
4286,1781099978.558205,normal
4287,1781099978.560246,normal
4288,1781099978.562261,normal
4289,1781099978.564485,normal
4290,1781099978.567442,syn_flood
4291,1781099978.569000,normal
4292,1781099978.572102,normal
4293,1781099978.573965,normal
4294,1781099978.576384,normal
4295,1781099978.578528,normal
4296,1781099978.580875,normal
4297,1781099978.582879,normal
4298,1781099978.585253,normal
4299,1781099978.587263,normal
4300,1781099978.588850,normal
4301,1781099978.591266,normal
4302,1781099978.594022,normal
4303,1781099978.596013,udp_reflection
4304,1781099978.598468,normal
4305,1781099978.600593,normal
4306,1781099978.602794,normal
4307,1781099978.604699,normal
4308,1781099978.607051,normal
4309,1781099978.609139,normal
4310,1781099978.611555,normal
4311,1781099978.613590,udp_reflection
4312,1781099978.616947,normal
4313,1781099978.618981,normal
4314,1781099978.621197,http_flood
4315,1781099978.624340,normal
4316,1781099978.626532,normal
4317,1781099978.629130,udp_reflection
4318,1781099978.631356,normal
4319,1781099978.634461,normal
4320,1781099978.636093,normal
4321,1781099978.638146,normal
4322,1781099978.640057,normal
4323,1781099978.642465,normal
4324,1781099978.644433,normal
4325,1781099978.646055,normal
4326,1781099978.647665,normal
4327,1781099978.649628,normal
4328,1781099978.651770,normal
4329,1781099978.654681,normal
4330,1781099978.656751,normal
4331,1781099978.658487,normal
4332,1781099978.661623,normal
4333,1781099978.663953,normal
4334,1781099978.666323,normal
4335,1781099978.667927,normal
4336,1781099978.670077,syn_flood
4337,1781099978.671715,syn_flood
4338,1781099978.675375,normal
4339,1781099978.677342,normal
4340,1781099978.679289,normal
4341,1781099978.681864,normal
4342,1781099978.683999,normal
4343,1781099978.685515,normal
4344,1781099978.687646,normal
4345,1781099978.689340,normal
4346,1781099978.691792,normal
4347,1781099978.693954,normal
4348,1781099978.696245,normal
4349,1781099978.699842,normal
4350,1781099978.701513,normal
4351,1781099978.703241,normal
4352,1781099978.704881,normal
4353,1781099978.706682,normal
4354,1781099978.709439,udp_reflection
4355,1781099978.712284,udp_reflection
4356,1781099978.714031,normal
4357,1781099978.717418,normal
4358,1781099978.719624,normal
4359,1781099978.721218,normal
4360,1781099978.724271,normal
4361,1781099978.726790,normal
4362,1781099978.728599,normal
4363,1781099978.730660,normal
4364,1781099978.732392,normal
4365,1781099978.734468,normal
4366,1781099978.737998,normal
4367,1781099978.740608,normal
4368,1781099978.743222,normal
4369,1781099978.745316,normal
4370,1781099978.748064,normal
4371,1781099978.749689,normal
4372,1781099978.751694,normal
4373,1781099978.754972,normal
4374,1781099978.756672,normal
4375,1781099978.759568,normal
4376,1781099978.761303,normal
4377,1781099978.763628,normal
4378,1781099978.765803,normal
4379,1781099978.768310,normal
4380,1781099978.770278,normal
4381,1781099978.773173,syn_flood
4382,1781099978.775391,normal
4383,1781099978.777678,normal
4384,1781099978.779404,normal
4385,1781099978.781070,normal
4386,1781099978.783603,normal
4387,1781099978.785720,udp_reflection
4388,1781099978.788438,normal
4389,1781099978.791023,normal
4390,1781099978.793264,normal
4391,1781099978.795151,normal
4392,1781099978.797611,normal
4393,1781099978.799475,udp_reflection
4394,1781099978.801367,normal
4395,1781099978.804188,normal
4396,1781099978.805958,normal
4397,1781099978.808534,normal
4398,1781099978.811055,normal
4399,1781099978.812964,normal
4400,1781099978.815286,normal
4401,1781099978.817530,normal
4402,1781099978.819779,normal
4403,1781099978.822609,normal
4404,1781099978.824794,normal
4405,1781099978.827750,normal
4406,1781099978.829985,normal
4407,1781099978.832482,normal
4408,1781099978.835187,http_flood
4409,1781099978.837664,normal
4410,1781099978.839992,normal
4411,1781099978.842731,syn_flood
4412,1781099978.845135,normal
4413,1781099978.847079,normal
4414,1781099978.850380,normal
4415,1781099978.852211,normal
4416,1781099978.854061,normal
4417,1781099978.856964,normal
4418,1781099978.859336,normal
4419,1781099978.861212,normal
4420,1781099978.863405,normal
4421,1781099978.865937,normal
4422,1781099978.868973,normal
4423,1781099978.871121,normal
4424,1781099978.873784,normal
4425,1781099978.875471,normal
4426,1781099978.877231,normal
4427,1781099978.879624,normal
4428,1781099978.881225,normal
4429,1781099978.883537,normal
4430,1781099978.886091,normal
4431,1781099978.887964,normal
4432,1781099978.889693,normal
4433,1781099978.893395,normal
4434,1781099978.895291,normal
4435,1781099978.896828,normal
4436,1781099978.899256,normal
4437,1781099978.900812,normal
4438,1781099978.903037,normal
4439,1781099978.905654,normal
4440,1781099978.907984,normal
4441,1781099978.909973,normal
4442,1781099978.911678,normal
4443,1781099978.913339,normal
4444,1781099978.915182,normal
4445,1781099978.916321,normal
4446,1781099978.918622,normal
4447,1781099978.920952,normal
4448,1781099978.922777,normal
4449,1781099978.925157,normal
4450,1781099978.927132,normal
4451,1781099978.929190,normal
4452,1781099978.931140,normal
4453,1781099978.932516,syn_flood
4454,1781099978.934484,normal
4455,1781099978.936981,normal
4456,1781099978.939497,normal
4457,1781099978.941965,normal
4458,1781099978.945066,normal
4459,1781099978.947055,normal
4460,1781099978.948907,normal
4461,1781099978.951199,normal
4462,1781099978.952999,normal
4463,1781099978.954731,normal
4464,1781099978.957057,normal
4465,1781099978.960750,normal
4466,1781099978.963343,normal
4467,1781099978.966034,normal
4468,1781099978.968052,normal
4469,1781099978.969766,normal
4470,1781099978.971819,udp_reflection
4471,1781099978.974946,normal
4472,1781099978.976810,normal
4473,1781099978.978247,normal
4474,1781099978.980123,syn_flood
4475,1781099978.982569,normal
4476,1781099978.984261,normal
4477,1781099978.986817,normal
4478,1781099978.989727,normal
4479,1781099978.991994,normal
4480,1781099978.994202,normal
4481,1781099978.997169,normal
4482,1781099979.000355,normal
4483,1781099979.002750,normal
4484,1781099979.004259,normal
4485,1781099979.006871,normal
4486,1781099979.009435,normal
4487,1781099979.012363,normal
4488,1781099979.014892,normal
4489,1781099979.017566,normal
4490,1781099979.019678,normal
4491,1781099979.021959,normal
4492,1781099979.024481,syn_flood
4493,1781099979.025764,normal
4494,1781099979.028210,udp_reflection
4495,1781099979.030560,normal
4496,1781099979.032165,normal
4497,1781099979.034304,http_flood
4498,1781099979.036760,normal
4499,1781099979.039507,udp_reflection
4500,1781099979.041361,normal
4501,1781099979.042783,normal
4502,1781099979.045181,http_flood
4503,1781099979.047514,normal
4504,1781099979.049750,normal
4505,1781099979.051686,normal
4506,1781099979.053638,normal
4507,1781099979.056561,normal
4508,1781099979.059555,syn_flood
4509,1781099979.062037,normal
4510,1781099979.063857,normal
4511,1781099979.065587,normal
4512,1781099979.067599,normal
4513,1781099979.069697,normal
4514,1781099979.071833,normal
4515,1781099979.073566,normal
4516,1781099979.075550,normal
4517,1781099979.077460,normal
4518,1781099979.079823,http_flood
4519,1781099979.082821,normal
4520,1781099979.084353,normal
4521,1781099979.086117,normal
4522,1781099979.088166,normal
4523,1781099979.090094,syn_flood
4524,1781099979.093102,normal
4525,1781099979.094815,normal
4526,1781099979.097877,syn_flood
4527,1781099979.100445,normal
4528,1781099979.102787,normal
4529,1781099979.105268,normal
4530,1781099979.107405,normal
4531,1781099979.109083,udp_reflection
4532,1781099979.112253,normal
4533,1781099979.113664,normal
4534,1781099979.117877,http_flood
4535,1781099979.120187,normal
4536,1781099979.121804,normal
4537,1781099979.124522,normal
4538,1781099979.127685,normal
4539,1781099979.129356,normal
4540,1781099979.131816,normal
4541,1781099979.134749,normal
4542,1781099979.137797,normal
4543,1781099979.140799,normal
4544,1781099979.142452,normal
4545,1781099979.144532,normal
4546,1781099979.147656,normal
4547,1781099979.150415,normal
4548,1781099979.153026,normal
4549,1781099979.155364,normal
4550,1781099979.157037,normal
4551,1781099979.159550,normal
4552,1781099979.161734,normal
4553,1781099979.163604,normal
4554,1781099979.165407,normal
4555,1781099979.168097,normal
4556,1781099979.169782,normal
4557,1781099979.171571,normal
4558,1781099979.173258,normal
4559,1781099979.177257,normal
4560,1781099979.179846,normal
4561,1781099979.182836,normal
4562,1781099979.185698,http_flood
4563,1781099979.187400,normal
4564,1781099979.189346,http_flood
4565,1781099979.191249,http_flood
4566,1781099979.193175,normal
4567,1781099979.195407,syn_flood
4568,1781099979.197292,http_flood
4569,1781099979.199209,normal
4570,1781099979.201105,normal
4571,1781099979.203250,normal
4572,1781099979.205626,normal
4573,1781099979.208277,normal
4574,1781099979.210674,normal
4575,1781099979.212485,normal
4576,1781099979.214648,http_flood
4577,1781099979.217149,normal
4578,1781099979.219747,normal
4579,1781099979.222266,normal
4580,1781099979.224384,normal
4581,1781099979.226505,normal
4582,1781099979.228656,normal
4583,1781099979.230860,normal
4584,1781099979.233037,http_flood
4585,1781099979.235496,udp_reflection
4586,1781099979.238358,normal
4587,1781099979.240830,normal
4588,1781099979.243129,normal
4589,1781099979.245264,udp_reflection
4590,1781099979.247648,normal
4591,1781099979.250613,normal
4592,1781099979.252630,normal
4593,1781099979.255224,normal
4594,1781099979.257504,normal
4595,1781099979.259428,normal
4596,1781099979.262341,normal
4597,1781099979.264968,normal
4598,1781099979.267404,normal
4599,1781099979.269783,normal
4600,1781099979.272239,http_flood
4601,1781099979.274778,normal
4602,1781099979.277568,normal
4603,1781099979.280111,normal
4604,1781099979.281643,normal
4605,1781099979.283708,normal
4606,1781099979.285300,normal
4607,1781099979.287265,normal
4608,1781099979.288672,normal
4609,1781099979.291358,normal
4610,1781099979.293274,udp_reflection
4611,1781099979.295059,normal
4612,1781099979.297450,normal
4613,1781099979.298829,normal
4614,1781099979.301391,normal
4615,1781099979.304338,udp_reflection
4616,1781099979.305653,normal
4617,1781099979.308459,normal
4618,1781099979.311028,normal
4619,1781099979.313256,normal
4620,1781099979.315496,normal
4621,1781099979.317149,normal
4622,1781099979.319242,normal
4623,1781099979.321143,normal
4624,1781099979.323291,syn_flood
4625,1781099979.325427,normal
4626,1781099979.327392,udp_reflection
4627,1781099979.328932,normal
4628,1781099979.331110,normal
4629,1781099979.333142,normal
4630,1781099979.334946,normal
4631,1781099979.336832,normal
4632,1781099979.339736,normal
4633,1781099979.342689,udp_reflection
4634,1781099979.344236,normal
4635,1781099979.346536,udp_reflection
4636,1781099979.348226,normal
4637,1781099979.350440,normal
4638,1781099979.352740,normal
4639,1781099979.354559,normal
4640,1781099979.357223,normal
4641,1781099979.360078,normal
4642,1781099979.361949,normal
4643,1781099979.363973,normal
4644,1781099979.366771,normal
4645,1781099979.370043,normal
4646,1781099979.372380,normal
4647,1781099979.374517,normal
4648,1781099979.376011,normal
4649,1781099979.378135,normal
4650,1781099979.380244,syn_flood
4651,1781099979.382339,normal
4652,1781099979.384443,normal
4653,1781099979.386877,normal
4654,1781099979.388728,normal
4655,1781099979.391621,normal
4656,1781099979.393529,normal
4657,1781099979.396391,normal
4658,1781099979.398864,normal
4659,1781099979.400333,normal
4660,1781099979.403229,normal
4661,1781099979.404913,normal
4662,1781099979.407163,normal
4663,1781099979.409405,normal
4664,1781099979.411904,normal
4665,1781099979.414327,normal
4666,1781099979.416124,normal
4667,1781099979.418169,normal
4668,1781099979.419881,normal
4669,1781099979.422250,normal
4670,1781099979.423918,normal
4671,1781099979.425815,normal
4672,1781099979.428889,normal
4673,1781099979.431401,normal
4674,1781099979.433609,normal
4675,1781099979.436143,normal
4676,1781099979.437809,normal
4677,1781099979.439938,normal
4678,1781099979.442675,normal
4679,1781099979.446151,normal
4680,1781099979.448435,normal
4681,1781099979.450282,udp_reflection
4682,1781099979.454508,normal
4683,1781099979.456488,normal
4684,1781099979.459795,normal
4685,1781099979.461538,normal
4686,1781099979.463305,normal
4687,1781099979.465476,normal
4688,1781099979.467096,normal
4689,1781099979.469628,normal
4690,1781099979.470989,normal
4691,1781099979.473173,normal
4692,1781099979.474763,normal
4693,1781099979.476823,normal
4694,1781099979.479509,normal
4695,1781099979.482651,normal
4696,1781099979.485724,normal
4697,1781099979.489230,normal
4698,1781099979.492092,normal
4699,1781099979.493822,normal
4700,1781099979.495260,normal
4701,1781099979.497353,normal
4702,1781099979.499174,udp_reflection
4703,1781099979.502352,normal
4704,1781099979.505134,normal
4705,1781099979.506943,normal
4706,1781099979.508859,normal
4707,1781099979.510979,normal
4708,1781099979.513932,normal
4709,1781099979.516021,normal
4710,1781099979.517757,normal
4711,1781099979.520680,syn_flood
4712,1781099979.522664,normal
4713,1781099979.524714,normal
4714,1781099979.526391,normal
4715,1781099979.528751,normal
4716,1781099979.531190,normal
4717,1781099979.533899,normal
4718,1781099979.536292,normal
4719,1781099979.538373,normal
4720,1781099979.540164,normal
4721,1781099979.542486,normal
4722,1781099979.545245,normal
4723,1781099979.546984,normal
4724,1781099979.549027,normal
4725,1781099979.551338,normal
4726,1781099979.554137,normal
4727,1781099979.556339,normal
4728,1781099979.558645,normal
4729,1781099979.560826,normal
4730,1781099979.562308,normal
4731,1781099979.564266,normal
4732,1781099979.565704,normal
4733,1781099979.567358,normal
4734,1781099979.568899,normal
4735,1781099979.571977,normal
4736,1781099979.574070,normal
4737,1781099979.575837,normal
4738,1781099979.577330,normal
4739,1781099979.579592,normal
4740,1781099979.581322,normal
4741,1781099979.584180,normal
4742,1781099979.585928,udp_reflection
4743,1781099979.588130,normal
4744,1781099979.590435,normal
4745,1781099979.593063,normal
4746,1781099979.595222,normal
4747,1781099979.597032,udp_reflection
4748,1781099979.599073,normal
4749,1781099979.601573,normal
4750,1781099979.605105,normal
4751,1781099979.607361,normal
4752,1781099979.609322,syn_flood
4753,1781099979.611849,normal
4754,1781099979.615601,normal
4755,1781099979.617385,normal
4756,1781099979.619240,normal
4757,1781099979.622255,syn_flood
4758,1781099979.624604,normal
4759,1781099979.626819,normal
4760,1781099979.630475,normal
4761,1781099979.632569,normal
4762,1781099979.635533,normal
4763,1781099979.637767,normal
4764,1781099979.640352,normal
4765,1781099979.642646,normal
4766,1781099979.644668,normal
4767,1781099979.647071,udp_reflection
4768,1781099979.648841,normal
4769,1781099979.651434,normal
4770,1781099979.654830,normal
4771,1781099979.657554,normal
4772,1781099979.659251,normal
4773,1781099979.661970,normal
4774,1781099979.664307,normal
4775,1781099979.667300,normal
4776,1781099979.669029,normal
4777,1781099979.671310,normal
4778,1781099979.673476,normal
4779,1781099979.676503,normal
4780,1781099979.678513,normal
4781,1781099979.680607,http_flood
4782,1781099979.683230,normal
4783,1781099979.685333,udp_reflection
4784,1781099979.687725,normal
4785,1781099979.689530,normal
4786,1781099979.691691,http_flood
4787,1781099979.694083,normal
4788,1781099979.695975,normal
4789,1781099979.699071,normal
4790,1781099979.701266,normal
4791,1781099979.703750,normal
4792,1781099979.706264,normal
4793,1781099979.708853,normal
4794,1781099979.711330,normal
4795,1781099979.713799,normal
4796,1781099979.715959,normal
4797,1781099979.718365,syn_flood
4798,1781099979.720689,normal
4799,1781099979.722522,normal
4800,1781099979.724042,normal
4801,1781099979.726549,normal
4802,1781099979.728968,normal
4803,1781099979.731478,normal
4804,1781099979.733273,normal
4805,1781099979.735588,syn_flood
4806,1781099979.737181,normal
4807,1781099979.739608,normal
4808,1781099979.742193,normal
4809,1781099979.744079,normal
4810,1781099979.746363,normal
4811,1781099979.748205,normal
4812,1781099979.751048,normal
4813,1781099979.754413,normal
4814,1781099979.756480,normal
4815,1781099979.759144,normal
4816,1781099979.761760,normal
4817,1781099979.763907,normal
4818,1781099979.766131,normal
4819,1781099979.768153,normal
4820,1781099979.770684,normal
4821,1781099979.772537,normal
4822,1781099979.774758,normal
4823,1781099979.776425,normal
4824,1781099979.778245,normal
4825,1781099979.780044,syn_flood
4826,1781099979.782353,normal
4827,1781099979.784187,udp_reflection
4828,1781099979.785780,normal
4829,1781099979.788121,normal
4830,1781099979.790233,normal
4831,1781099979.792717,normal
4832,1781099979.794327,normal
4833,1781099979.797319,normal
4834,1781099979.798890,normal
4835,1781099979.801474,normal
4836,1781099979.803219,normal
4837,1781099979.806142,normal
4838,1781099979.808420,http_flood
4839,1781099979.810629,normal
4840,1781099979.812975,normal
4841,1781099979.815078,normal
4842,1781099979.816979,normal
4843,1781099979.818795,normal
4844,1781099979.821499,normal
4845,1781099979.823910,syn_flood
4846,1781099979.826717,normal
4847,1781099979.829318,normal
4848,1781099979.831568,normal
4849,1781099979.834263,normal
4850,1781099979.836777,normal
4851,1781099979.838896,normal
4852,1781099979.841127,normal
4853,1781099979.843259,normal
4854,1781099979.846094,normal
4855,1781099979.848089,normal
4856,1781099979.851667,normal
4857,1781099979.854114,normal
4858,1781099979.856640,http_flood
4859,1781099979.858581,normal
4860,1781099979.861338,normal
4861,1781099979.864517,normal
4862,1781099979.866005,normal
4863,1781099979.868778,http_flood
4864,1781099979.870811,http_flood
4865,1781099979.872626,normal
4866,1781099979.874389,syn_flood
4867,1781099979.876523,normal
4868,1781099979.878877,normal
4869,1781099979.880761,normal
4870,1781099979.882818,normal
4871,1781099979.884778,normal
4872,1781099979.887877,normal
4873,1781099979.889559,syn_flood
4874,1781099979.891690,normal
4875,1781099979.894840,normal
4876,1781099979.897959,normal
4877,1781099979.899447,syn_flood
4878,1781099979.901412,normal
4879,1781099979.903363,normal
4880,1781099979.905801,normal
4881,1781099979.907971,http_flood
4882,1781099979.909250,normal
4883,1781099979.911124,normal
4884,1781099979.913472,normal
4885,1781099979.915294,normal
4886,1781099979.917192,normal
4887,1781099979.919319,normal
4888,1781099979.922017,normal
4889,1781099979.923434,syn_flood
4890,1781099979.926039,normal
4891,1781099979.928665,normal
4892,1781099979.931199,normal
4893,1781099979.933475,normal
4894,1781099979.937403,udp_reflection
4895,1781099979.939570,http_flood
4896,1781099979.941595,normal
4897,1781099979.945214,normal
4898,1781099979.947431,normal
4899,1781099979.949603,normal
4900,1781099979.951841,normal
4901,1781099979.953734,normal
4902,1781099979.956272,syn_flood
4903,1781099979.959345,normal
4904,1781099979.961582,http_flood
4905,1781099979.963601,normal
4906,1781099979.965637,normal
4907,1781099979.968867,normal
4908,1781099979.971087,normal
4909,1781099979.973089,normal
4910,1781099979.976558,normal
4911,1781099979.978693,normal
4912,1781099979.981636,udp_reflection
4913,1781099979.983419,normal
4914,1781099979.985731,normal
4915,1781099979.988928,normal
4916,1781099979.992749,normal
4917,1781099979.994688,normal
4918,1781099979.996914,normal
4919,1781099979.999442,normal
4920,1781099980.001732,normal
4921,1781099980.003825,normal
4922,1781099980.005816,normal
4923,1781099980.008623,normal
4924,1781099980.010388,normal
4925,1781099980.012383,normal
4926,1781099980.013874,http_flood
4927,1781099980.016479,normal
4928,1781099980.018326,normal
4929,1781099980.020286,normal
4930,1781099980.023021,normal
4931,1781099980.024543,normal
4932,1781099980.025930,normal
4933,1781099980.029177,normal
4934,1781099980.031098,normal
4935,1781099980.033672,syn_flood
4936,1781099980.035402,udp_reflection
4937,1781099980.037003,normal
4938,1781099980.040678,normal
4939,1781099980.043960,normal
4940,1781099980.046107,normal
4941,1781099980.047780,syn_flood
4942,1781099980.050163,normal
4943,1781099980.052567,normal
4944,1781099980.054391,normal
4945,1781099980.056689,normal
4946,1781099980.058754,normal
4947,1781099980.060895,normal
4948,1781099980.063685,normal
4949,1781099980.065706,normal
4950,1781099980.068203,syn_flood
4951,1781099980.069848,normal
4952,1781099980.071701,normal
4953,1781099980.074132,normal
4954,1781099980.075886,http_flood
4955,1781099980.077657,normal
4956,1781099980.079591,normal
4957,1781099980.081271,normal
4958,1781099980.084042,normal
4959,1781099980.086699,normal
4960,1781099980.089353,normal
4961,1781099980.091979,normal
4962,1781099980.094506,udp_reflection
4963,1781099980.096092,normal
4964,1781099980.098127,syn_flood
4965,1781099980.099933,normal
4966,1781099980.102289,normal
4967,1781099980.103796,normal
4968,1781099980.105958,normal
4969,1781099980.108644,normal
4970,1781099980.110681,normal
4971,1781099980.112582,normal
4972,1781099980.115541,normal
4973,1781099980.117476,normal
4974,1781099980.119473,normal
4975,1781099980.122318,syn_flood
4976,1781099980.124611,syn_flood
4977,1781099980.126597,normal
4978,1781099980.129910,normal
4979,1781099980.132021,normal
4980,1781099980.133700,syn_flood
4981,1781099980.135829,normal
4982,1781099980.138289,normal
4983,1781099980.140547,syn_flood
4984,1781099980.142604,normal
4985,1781099980.145393,normal
4986,1781099980.147609,normal
4987,1781099980.149354,http_flood
4988,1781099980.150769,http_flood
4989,1781099980.153149,normal
4990,1781099980.155032,normal
4991,1781099980.157130,normal
4992,1781099980.159069,normal
4993,1781099980.161224,normal
4994,1781099980.163002,normal
4995,1781099980.164601,normal
4996,1781099980.166411,normal
4997,1781099980.168038,normal
4998,1781099980.170338,normal
4999,1781099980.172420,normal
5000,1781099980.174778,udp_reflection
5001,1781099980.176827,normal
5002,1781099980.179676,syn_flood
5003,1781099980.182135,normal
5004,1781099980.185636,normal
5005,1781099980.187486,normal
5006,1781099980.189300,normal
5007,1781099980.191538,normal
5008,1781099980.194770,normal
5009,1781099980.196785,normal
5010,1781099980.199460,normal
5011,1781099980.200949,normal
5012,1781099980.203420,normal
5013,1781099980.205606,normal
5014,1781099980.207712,http_flood
5015,1781099980.209279,normal
5016,1781099980.211229,normal
5017,1781099980.213735,normal
5018,1781099980.215613,normal
5019,1781099980.217727,normal
5020,1781099980.219293,normal
5021,1781099980.221738,normal
5022,1781099980.223778,normal
5023,1781099980.225657,normal
5024,1781099980.227845,normal
5025,1781099980.229875,normal
5026,1781099980.231343,normal
5027,1781099980.233091,udp_reflection
5028,1781099980.234779,normal
5029,1781099980.237294,normal
5030,1781099980.240282,normal
5031,1781099980.243178,normal
5032,1781099980.246475,normal
5033,1781099980.247685,normal
5034,1781099980.249654,normal
5035,1781099980.251914,normal
5036,1781099980.254956,normal
5037,1781099980.258022,syn_flood
5038,1781099980.259733,normal
5039,1781099980.262674,udp_reflection
5040,1781099980.265107,normal
5041,1781099980.267963,normal
5042,1781099980.270636,normal
5043,1781099980.272834,normal
5044,1781099980.275470,normal
5045,1781099980.277962,normal
5046,1781099980.279947,normal
5047,1781099980.282377,normal
5048,1781099980.284856,normal
5049,1781099980.287374,normal
5050,1781099980.289651,normal
5051,1781099980.292241,http_flood
5052,1781099980.293750,http_flood
5053,1781099980.295925,normal
5054,1781099980.297681,normal
5055,1781099980.299901,normal
5056,1781099980.301353,normal
5057,1781099980.303500,normal
5058,1781099980.306129,normal
5059,1781099980.308025,normal
5060,1781099980.310213,normal
5061,1781099980.312006,normal
5062,1781099980.313668,udp_reflection
5063,1781099980.316662,normal
5064,1781099980.320008,normal
5065,1781099980.321634,normal
5066,1781099980.323783,normal
5067,1781099980.326272,normal
5068,1781099980.327997,normal
5069,1781099980.330835,normal
5070,1781099980.332952,normal
5071,1781099980.334406,normal
5072,1781099980.337523,normal
5073,1781099980.339495,udp_reflection
5074,1781099980.341980,normal
5075,1781099980.344977,normal
5076,1781099980.346775,normal
5077,1781099980.349181,normal
5078,1781099980.352454,normal
5079,1781099980.354509,normal
5080,1781099980.356570,normal
5081,1781099980.358727,normal
5082,1781099980.361251,normal
5083,1781099980.363509,normal
5084,1781099980.365857,normal
5085,1781099980.367958,normal
5086,1781099980.370775,http_flood
5087,1781099980.373850,normal
5088,1781099980.375518,normal
5089,1781099980.377346,udp_reflection
5090,1781099980.379489,normal
5091,1781099980.381252,normal
5092,1781099980.384010,normal
5093,1781099980.386881,normal
5094,1781099980.389054,normal
5095,1781099980.391163,normal
5096,1781099980.393466,normal
5097,1781099980.395287,normal
5098,1781099980.397540,normal
5099,1781099980.399426,normal
5100,1781099980.401223,normal
5101,1781099980.403831,normal
5102,1781099980.405593,normal
5103,1781099980.408499,normal
5104,1781099980.410993,normal
5105,1781099980.413368,normal
5106,1781099980.415359,normal
5107,1781099980.417852,normal
5108,1781099980.419855,normal
5109,1781099980.421303,normal
5110,1781099980.423492,syn_flood
5111,1781099980.425361,normal
5112,1781099980.428260,normal
5113,1781099980.430882,normal
5114,1781099980.433083,normal
5115,1781099980.434927,normal
5116,1781099980.437175,normal
5117,1781099980.439058,normal
5118,1781099980.441040,normal
5119,1781099980.443000,syn_flood
5120,1781099980.446207,normal
5121,1781099980.448033,normal
5122,1781099980.450259,normal
5123,1781099980.453187,normal
5124,1781099980.454954,normal
5125,1781099980.456980,normal
5126,1781099980.458766,normal
5127,1781099980.460886,normal
5128,1781099980.462763,normal
5129,1781099980.464224,normal
5130,1781099980.466578,normal
5131,1781099980.468363,normal
5132,1781099980.470647,normal
5133,1781099980.472253,normal
5134,1781099980.474839,normal
5135,1781099980.477332,normal
5136,1781099980.481083,normal
5137,1781099980.482821,normal
5138,1781099980.485344,normal
5139,1781099980.487217,normal
5140,1781099980.489630,normal
5141,1781099980.492489,normal
5142,1781099980.495045,normal
5143,1781099980.497210,udp_reflection
5144,1781099980.499384,normal
5145,1781099980.501178,normal
5146,1781099980.503046,normal
5147,1781099980.505310,normal
5148,1781099980.507941,normal
5149,1781099980.509860,normal
5150,1781099980.511828,normal
5151,1781099980.513749,normal
5152,1781099980.516850,normal
5153,1781099980.519339,normal
5154,1781099980.521570,normal
5155,1781099980.524273,normal
5156,1781099980.526621,syn_flood
5157,1781099980.528490,normal
5158,1781099980.531234,normal
5159,1781099980.533768,normal
5160,1781099980.536104,normal
5161,1781099980.538584,normal
5162,1781099980.541004,normal
5163,1781099980.543618,normal
5164,1781099980.546094,normal
5165,1781099980.549205,normal
5166,1781099980.550981,normal
5167,1781099980.553519,syn_flood
5168,1781099980.555206,normal
5169,1781099980.557348,normal
5170,1781099980.559777,normal
5171,1781099980.561734,syn_flood
5172,1781099980.563705,normal
5173,1781099980.565900,normal
5174,1781099980.567403,normal
5175,1781099980.569468,normal
5176,1781099980.572209,normal
5177,1781099980.574509,normal
5178,1781099980.576603,normal
5179,1781099980.578270,normal
5180,1781099980.580601,normal
5181,1781099980.583376,http_flood
5182,1781099980.585778,normal
5183,1781099980.587864,normal
5184,1781099980.589560,normal
5185,1781099980.591344,normal
5186,1781099980.593589,normal
5187,1781099980.595433,normal
5188,1781099980.598079,normal
5189,1781099980.600920,udp_reflection
5190,1781099980.602490,normal
5191,1781099980.604465,normal
5192,1781099980.606680,normal
5193,1781099980.609476,http_flood
5194,1781099980.611455,normal
5195,1781099980.614480,normal
5196,1781099980.617109,http_flood
5197,1781099980.619036,normal
5198,1781099980.620742,normal
5199,1781099980.622607,normal
5200,1781099980.623934,normal
5201,1781099980.626433,normal
5202,1781099980.628472,normal
5203,1781099980.629978,normal
5204,1781099980.632100,syn_flood
5205,1781099980.634209,normal
5206,1781099980.636695,normal
5207,1781099980.638865,normal
5208,1781099980.640330,normal
5209,1781099980.642277,normal
5210,1781099980.644064,normal
5211,1781099980.645946,normal
5212,1781099980.648053,normal
5213,1781099980.650457,normal
5214,1781099980.652269,normal
5215,1781099980.654548,normal
5216,1781099980.656042,normal
5217,1781099980.658327,normal
5218,1781099980.659747,normal
5219,1781099980.662189,normal
5220,1781099980.664676,normal
5221,1781099980.666538,normal
5222,1781099980.668738,normal
5223,1781099980.670878,normal
5224,1781099980.672379,normal
5225,1781099980.674234,normal
5226,1781099980.677397,normal
5227,1781099980.680321,normal
5228,1781099980.682181,udp_reflection
5229,1781099980.685262,normal
5230,1781099980.687489,normal
5231,1781099980.689358,normal
5232,1781099980.690707,normal
5233,1781099980.693453,normal
5234,1781099980.695451,normal
5235,1781099980.697572,syn_flood
5236,1781099980.699268,normal
5237,1781099980.701277,normal
5238,1781099980.703583,normal
5239,1781099980.705640,udp_reflection
5240,1781099980.707369,normal
5241,1781099980.709007,normal
5242,1781099980.711851,normal
5243,1781099980.714297,normal
5244,1781099980.715819,normal
5245,1781099980.718271,normal
5246,1781099980.721411,normal
5247,1781099980.724097,normal
5248,1781099980.727419,normal
5249,1781099980.729192,normal
5250,1781099980.730929,normal
5251,1781099980.732687,normal
5252,1781099980.734375,normal
5253,1781099980.735772,normal
5254,1781099980.737825,normal
5255,1781099980.739436,normal
5256,1781099980.741211,normal
5257,1781099980.743570,normal
5258,1781099980.746234,normal
5259,1781099980.748437,normal
5260,1781099980.750339,normal
5261,1781099980.752926,syn_flood
5262,1781099980.755479,normal
5263,1781099980.757783,normal
5264,1781099980.760288,normal
5265,1781099980.762528,normal
5266,1781099980.764578,normal
5267,1781099980.766604,normal
5268,1781099980.768530,normal
5269,1781099980.770431,normal
5270,1781099980.771885,normal
5271,1781099980.773985,normal
5272,1781099980.777316,syn_flood
5273,1781099980.779375,normal
5274,1781099980.780960,udp_reflection
5275,1781099980.783944,normal
5276,1781099980.786185,normal
5277,1781099980.788587,normal
5278,1781099980.790575,normal
5279,1781099980.793366,normal
5280,1781099980.795391,normal
5281,1781099980.797200,normal
5282,1781099980.799554,normal
5283,1781099980.801253,normal
5284,1781099980.803860,normal
5285,1781099980.805745,normal
5286,1781099980.808288,normal
5287,1781099980.811783,normal
5288,1781099980.813508,normal
5289,1781099980.815383,normal
5290,1781099980.818137,normal
5291,1781099980.820069,normal
5292,1781099980.822986,normal
5293,1781099980.824818,normal
5294,1781099980.827657,normal
5295,1781099980.829452,normal
5296,1781099980.830837,normal
5297,1781099980.833434,normal
5298,1781099980.835763,normal
5299,1781099980.837917,normal
5300,1781099980.839444,normal
5301,1781099980.842171,normal
5302,1781099980.844119,normal
5303,1781099980.845635,normal
5304,1781099980.847352,normal
5305,1781099980.849794,normal
5306,1781099980.852569,normal
5307,1781099980.854612,normal
5308,1781099980.856274,normal
5309,1781099980.859192,normal
5310,1781099980.861674,normal
5311,1781099980.863825,normal
5312,1781099980.866400,normal
5313,1781099980.868014,normal
5314,1781099980.869740,normal
5315,1781099980.871462,normal
5316,1781099980.874390,normal
5317,1781099980.876393,normal
5318,1781099980.878561,normal
5319,1781099980.880470,syn_flood
5320,1781099980.881913,normal
5321,1781099980.883651,normal
5322,1781099980.885112,normal
5323,1781099980.887619,normal
5324,1781099980.889690,normal
5325,1781099980.891923,normal
5326,1781099980.894168,normal
5327,1781099980.896179,normal
5328,1781099980.898152,normal
5329,1781099980.899759,normal
5330,1781099980.901848,syn_flood
5331,1781099980.904147,normal
5332,1781099980.906543,http_flood
5333,1781099980.908615,normal
5334,1781099980.911565,normal
5335,1781099980.914487,normal
5336,1781099980.916596,normal
5337,1781099980.919537,normal
5338,1781099980.921512,syn_flood
5339,1781099980.923623,normal
5340,1781099980.925877,normal
5341,1781099980.927635,normal
5342,1781099980.930490,udp_reflection
5343,1781099980.932782,normal
5344,1781099980.934540,normal
5345,1781099980.937197,http_flood
5346,1781099980.939741,normal
5347,1781099980.941265,normal
5348,1781099980.943241,normal
5349,1781099980.944844,udp_reflection
5350,1781099980.946799,normal
5351,1781099980.949332,normal
5352,1781099980.950325,normal
5353,1781099980.952728,normal
5354,1781099980.954272,normal
5355,1781099980.956331,normal
5356,1781099980.958651,normal
5357,1781099980.959866,normal
5358,1781099980.963043,normal
5359,1781099980.965184,normal
5360,1781099980.967616,normal
5361,1781099980.969767,normal
5362,1781099980.972929,normal
5363,1781099980.975102,normal
5364,1781099980.977257,normal
5365,1781099980.979520,normal
5366,1781099980.981061,http_flood
5367,1781099980.983245,http_flood
5368,1781099980.984983,udp_reflection
5369,1781099980.987134,normal
5370,1781099980.989661,udp_reflection
5371,1781099980.991909,normal
5372,1781099980.993897,normal
5373,1781099980.995876,normal
5374,1781099980.997798,normal
5375,1781099980.999798,normal
5376,1781099981.002046,udp_reflection
5377,1781099981.004588,normal
5378,1781099981.007870,normal
5379,1781099981.009360,normal
5380,1781099981.011713,normal
5381,1781099981.013807,normal
5382,1781099981.016221,http_flood
5383,1781099981.018529,normal
5384,1781099981.020617,normal
5385,1781099981.023821,udp_reflection
5386,1781099981.026386,normal
5387,1781099981.027660,normal
5388,1781099981.029458,normal
5389,1781099981.031704,normal
5390,1781099981.034039,normal
5391,1781099981.037980,normal
5392,1781099981.041500,normal
5393,1781099981.043819,syn_flood
5394,1781099981.046035,normal
5395,1781099981.047715,normal
5396,1781099981.051665,normal
5397,1781099981.055318,syn_flood
5398,1781099981.058371,normal
5399,1781099981.061056,normal
5400,1781099981.062860,normal
5401,1781099981.065346,normal
5402,1781099981.066727,syn_flood
5403,1781099981.070545,normal
5404,1781099981.072702,normal
5405,1781099981.075162,normal
5406,1781099981.076833,normal
5407,1781099981.079752,normal
5408,1781099981.081655,normal
5409,1781099981.083546,normal
5410,1781099981.085201,normal
5411,1781099981.086761,normal
5412,1781099981.089031,normal
5413,1781099981.091325,normal
5414,1781099981.093245,normal
5415,1781099981.095098,normal
5416,1781099981.097415,normal
5417,1781099981.099720,normal
5418,1781099981.102533,normal
5419,1781099981.105551,normal
5420,1781099981.107399,normal
5421,1781099981.109443,normal
5422,1781099981.111342,normal
5423,1781099981.113891,normal
5424,1781099981.116259,normal
5425,1781099981.118761,normal
5426,1781099981.121084,normal
5427,1781099981.124394,normal
5428,1781099981.126319,normal
5429,1781099981.128456,normal
5430,1781099981.131531,http_flood
5431,1781099981.133443,normal
5432,1781099981.135926,normal
5433,1781099981.137663,normal
5434,1781099981.139610,normal
5435,1781099981.141874,udp_reflection
5436,1781099981.144843,normal
5437,1781099981.146892,normal
5438,1781099981.149548,normal
5439,1781099981.152297,normal
5440,1781099981.154424,normal
5441,1781099981.156924,normal
5442,1781099981.158500,normal
5443,1781099981.160842,normal
5444,1781099981.163329,syn_flood
5445,1781099981.166021,normal
5446,1781099981.169029,normal
5447,1781099981.170627,normal
5448,1781099981.172601,normal
5449,1781099981.177302,normal
5450,1781099981.179631,normal
5451,1781099981.181764,normal
5452,1781099981.183324,normal
5453,1781099981.185137,normal
5454,1781099981.187249,normal
5455,1781099981.189315,normal
5456,1781099981.191090,normal
5457,1781099981.193871,normal
5458,1781099981.195642,http_flood
5459,1781099981.197486,udp_reflection
5460,1781099981.200144,normal
5461,1781099981.202286,normal
5462,1781099981.204292,normal
5463,1781099981.207534,normal
5464,1781099981.209147,http_flood
5465,1781099981.212008,normal
5466,1781099981.215894,syn_flood
5467,1781099981.217867,normal
5468,1781099981.220227,normal
5469,1781099981.222164,normal
5470,1781099981.223909,normal
5471,1781099981.226828,normal
5472,1781099981.229625,normal
5473,1781099981.231012,normal
5474,1781099981.232303,normal
5475,1781099981.234355,udp_reflection
5476,1781099981.236270,normal
5477,1781099981.237719,normal
5478,1781099981.240622,normal
5479,1781099981.243351,normal
5480,1781099981.245091,normal
5481,1781099981.247641,normal
5482,1781099981.250632,udp_reflection
5483,1781099981.252866,normal
5484,1781099981.255220,udp_reflection
5485,1781099981.258049,normal
5486,1781099981.260547,normal
5487,1781099981.262722,normal
5488,1781099981.264273,normal
5489,1781099981.265873,normal
5490,1781099981.269142,normal
5491,1781099981.273483,normal
5492,1781099981.276419,normal
5493,1781099981.278908,normal
5494,1781099981.281558,normal
5495,1781099981.285582,normal
5496,1781099981.287632,normal
5497,1781099981.290370,http_flood
5498,1781099981.293515,normal
5499,1781099981.296308,normal
5500,1781099981.298133,normal
5501,1781099981.300988,normal
5502,1781099981.303113,normal
5503,1781099981.306211,normal
5504,1781099981.308829,normal
5505,1781099981.311150,udp_reflection
5506,1781099981.313196,normal
5507,1781099981.315416,normal
5508,1781099981.317136,normal
5509,1781099981.319633,normal
5510,1781099981.322083,normal
5511,1781099981.323777,normal
5512,1781099981.326506,normal
5513,1781099981.328260,normal
5514,1781099981.330709,normal
5515,1781099981.332726,normal
5516,1781099981.335217,normal
5517,1781099981.337085,normal
5518,1781099981.340301,normal
5519,1781099981.342512,normal
5520,1781099981.345783,normal
5521,1781099981.348308,normal
5522,1781099981.350759,normal
5523,1781099981.353531,normal
5524,1781099981.355482,normal
5525,1781099981.358743,normal
5526,1781099981.361006,normal
5527,1781099981.362791,normal
5528,1781099981.364012,normal
5529,1781099981.366419,normal
5530,1781099981.368567,normal
5531,1781099981.370838,normal
5532,1781099981.373540,normal
5533,1781099981.375724,normal
5534,1781099981.377934,normal
5535,1781099981.380126,normal
5536,1781099981.382334,normal
5537,1781099981.383779,normal
5538,1781099981.386431,normal
5539,1781099981.388561,normal
5540,1781099981.390109,normal
5541,1781099981.392341,normal
5542,1781099981.394838,normal
5543,1781099981.396465,normal
5544,1781099981.398809,normal
5545,1781099981.402071,normal
5546,1781099981.404202,normal
5547,1781099981.406055,normal
5548,1781099981.407229,normal
5549,1781099981.408787,normal
5550,1781099981.410539,normal
5551,1781099981.412790,syn_flood
5552,1781099981.414769,normal
5553,1781099981.417228,normal
5554,1781099981.418900,normal
5555,1781099981.420648,normal
5556,1781099981.422596,normal
5557,1781099981.424613,normal
5558,1781099981.426875,normal
5559,1781099981.429016,normal
5560,1781099981.431053,normal
5561,1781099981.433622,syn_flood
5562,1781099981.436347,normal
5563,1781099981.438095,normal
5564,1781099981.439769,normal
5565,1781099981.442752,normal
5566,1781099981.444875,normal
5567,1781099981.446325,syn_flood
5568,1781099981.448620,normal
5569,1781099981.450491,normal
5570,1781099981.452838,normal
5571,1781099981.455040,http_flood
5572,1781099981.457716,normal
5573,1781099981.460275,normal
5574,1781099981.461807,normal
5575,1781099981.464086,normal
5576,1781099981.466318,normal
5577,1781099981.468862,http_flood
5578,1781099981.470681,normal
5579,1781099981.473162,normal
5580,1781099981.475659,normal
5581,1781099981.477990,normal
5582,1781099981.479634,normal
5583,1781099981.481701,normal
5584,1781099981.483852,http_flood
5585,1781099981.485764,normal
5586,1781099981.488267,normal
5587,1781099981.490309,normal
5588,1781099981.492321,normal
5589,1781099981.494126,normal
5590,1781099981.496989,normal
5591,1781099981.499224,normal
5592,1781099981.501157,normal
5593,1781099981.504088,normal
5594,1781099981.506746,normal
5595,1781099981.508487,normal
5596,1781099981.510300,normal
5597,1781099981.512087,normal
5598,1781099981.513431,normal
5599,1781099981.516140,normal
5600,1781099981.517968,normal
5601,1781099981.520875,normal
5602,1781099981.522744,normal
5603,1781099981.524508,normal
5604,1781099981.526817,normal
5605,1781099981.528727,normal
5606,1781099981.530951,normal
5607,1781099981.532981,normal
5608,1781099981.535457,normal
5609,1781099981.537508,normal
5610,1781099981.539235,normal
5611,1781099981.541636,normal
5612,1781099981.543665,normal
5613,1781099981.545665,normal
5614,1781099981.547711,normal
5615,1781099981.549322,normal
5616,1781099981.551096,normal
5617,1781099981.554360,normal
5618,1781099981.556374,normal
5619,1781099981.559137,normal
5620,1781099981.562145,normal
5621,1781099981.564600,normal
5622,1781099981.566953,normal
5623,1781099981.568703,normal
5624,1781099981.572878,normal
5625,1781099981.575396,normal
5626,1781099981.577811,normal
5627,1781099981.579428,normal
5628,1781099981.581650,normal
5629,1781099981.584616,normal
5630,1781099981.586845,normal
5631,1781099981.589561,normal
5632,1781099981.591492,normal
5633,1781099981.593013,normal
5634,1781099981.595319,normal
5635,1781099981.598066,normal
5636,1781099981.600314,normal
5637,1781099981.602465,normal
5638,1781099981.605385,normal
5639,1781099981.607265,normal
5640,1781099981.608800,normal
5641,1781099981.610414,normal
5642,1781099981.612665,normal
5643,1781099981.614393,normal
5644,1781099981.616389,normal
5645,1781099981.618263,normal
5646,1781099981.620972,normal
5647,1781099981.623458,normal
5648,1781099981.625257,normal
5649,1781099981.627676,normal
5650,1781099981.629560,normal
5651,1781099981.631129,normal
5652,1781099981.633131,normal
5653,1781099981.635233,normal
5654,1781099981.636704,normal
5655,1781099981.638814,normal
5656,1781099981.640875,normal
5657,1781099981.642667,normal
5658,1781099981.645152,normal
5659,1781099981.646957,normal
5660,1781099981.648840,normal
5661,1781099981.651011,normal
5662,1781099981.654208,normal
5663,1781099981.656383,normal
5664,1781099981.657998,normal
5665,1781099981.659791,normal
5666,1781099981.662484,normal
5667,1781099981.664726,normal
5668,1781099981.666582,normal
5669,1781099981.669491,normal
5670,1781099981.671313,syn_flood
5671,1781099981.673305,normal
5672,1781099981.675340,normal
5673,1781099981.677366,normal
5674,1781099981.679269,normal
5675,1781099981.682101,normal
5676,1781099981.684138,normal
5677,1781099981.687102,normal
5678,1781099981.689321,normal
5679,1781099981.691700,normal
5680,1781099981.694056,normal
5681,1781099981.696358,normal
5682,1781099981.698906,normal
5683,1781099981.701684,normal
5684,1781099981.704960,normal
5685,1781099981.708004,normal
5686,1781099981.711222,normal
5687,1781099981.713516,normal
5688,1781099981.715339,normal
5689,1781099981.717825,normal
5690,1781099981.721273,normal
5691,1781099981.723538,normal
5692,1781099981.725310,normal
5693,1781099981.727165,normal
5694,1781099981.729568,normal
5695,1781099981.731738,http_flood
5696,1781099981.733882,normal
5697,1781099981.735558,normal
5698,1781099981.737868,normal
5699,1781099981.739557,normal
5700,1781099981.741301,normal
5701,1781099981.743711,normal
5702,1781099981.745455,normal
5703,1781099981.748591,normal
5704,1781099981.750971,normal
5705,1781099981.753007,normal
5706,1781099981.755032,normal
5707,1781099981.757316,normal
5708,1781099981.759073,normal
5709,1781099981.761794,normal
5710,1781099981.763398,normal
5711,1781099981.765149,normal
5712,1781099981.766632,normal
5713,1781099981.769145,normal
5714,1781099981.771377,normal
5715,1781099981.774157,normal
5716,1781099981.776385,normal
5717,1781099981.779135,normal
5718,1781099981.781935,normal
5719,1781099981.783456,normal
5720,1781099981.785497,normal
5721,1781099981.788119,normal
5722,1781099981.789837,normal
5723,1781099981.792249,syn_flood
5724,1781099981.794714,normal
5725,1781099981.797168,normal
5726,1781099981.799240,normal
5727,1781099981.801981,normal
5728,1781099981.804418,normal
5729,1781099981.806041,normal
5730,1781099981.807702,normal
5731,1781099981.809370,normal
5732,1781099981.811573,normal
5733,1781099981.813327,syn_flood
5734,1781099981.815335,normal
5735,1781099981.817328,normal
5736,1781099981.819352,normal
5737,1781099981.821819,normal
5738,1781099981.823731,normal
5739,1781099981.826471,normal
5740,1781099981.828545,normal
5741,1781099981.830101,udp_reflection
5742,1781099981.833137,normal
5743,1781099981.834720,normal
5744,1781099981.837831,normal
5745,1781099981.840189,normal
5746,1781099981.841986,normal
5747,1781099981.844016,normal
5748,1781099981.845892,normal
5749,1781099981.847625,normal
5750,1781099981.849957,http_flood
5751,1781099981.852484,normal
5752,1781099981.854959,normal
5753,1781099981.857658,normal
5754,1781099981.860208,normal
5755,1781099981.862287,normal
5756,1781099981.864304,normal
5757,1781099981.867298,normal
5758,1781099981.869772,normal
5759,1781099981.872195,http_flood
5760,1781099981.874638,normal
5761,1781099981.876534,normal
5762,1781099981.878801,normal
5763,1781099981.881409,normal
5764,1781099981.883389,normal
5765,1781099981.885557,normal
5766,1781099981.887102,normal
5767,1781099981.889361,normal
5768,1781099981.892748,normal
5769,1781099981.894529,normal
5770,1781099981.897724,normal
5771,1781099981.900462,normal
5772,1781099981.903140,normal
5773,1781099981.905076,normal
5774,1781099981.908068,udp_reflection
5775,1781099981.909869,normal
5776,1781099981.912169,normal
5777,1781099981.914322,normal
5778,1781099981.917253,normal
5779,1781099981.918919,udp_reflection
5780,1781099981.921911,http_flood
5781,1781099981.924197,normal
5782,1781099981.926856,normal
5783,1781099981.929285,normal
5784,1781099981.932356,normal
5785,1781099981.934240,normal
5786,1781099981.936584,normal
5787,1781099981.938888,normal
5788,1781099981.940745,normal
5789,1781099981.942548,normal
5790,1781099981.944606,normal
5791,1781099981.947901,normal
5792,1781099981.950108,normal
5793,1781099981.952600,normal
5794,1781099981.954504,normal
5795,1781099981.957058,udp_reflection
5796,1781099981.959031,normal
5797,1781099981.961175,normal
5798,1781099981.964529,normal
5799,1781099981.966767,normal
5800,1781099981.968462,normal
5801,1781099981.970729,normal
5802,1781099981.972994,normal
5803,1781099981.975297,normal
5804,1781099981.977509,normal
5805,1781099981.979517,normal
5806,1781099981.982254,normal
5807,1781099981.984380,normal
5808,1781099981.986679,normal
5809,1781099981.989546,normal
5810,1781099981.990938,normal
5811,1781099981.993256,normal
5812,1781099981.995699,normal
5813,1781099981.997416,normal
5814,1781099981.999702,normal
5815,1781099982.002192,normal
5816,1781099982.004422,normal
5817,1781099982.006472,normal
5818,1781099982.008860,normal
5819,1781099982.011400,normal
5820,1781099982.014488,normal
5821,1781099982.017346,normal
5822,1781099982.020071,normal
5823,1781099982.021625,normal
5824,1781099982.023664,syn_flood
5825,1781099982.025659,normal
5826,1781099982.027503,normal
5827,1781099982.029604,normal
5828,1781099982.031681,normal
5829,1781099982.034691,normal
5830,1781099982.036424,normal
5831,1781099982.038507,normal
5832,1781099982.040928,http_flood
5833,1781099982.042986,normal
5834,1781099982.045199,normal
5835,1781099982.047362,normal
5836,1781099982.049475,normal
5837,1781099982.051937,udp_reflection
5838,1781099982.054721,normal
5839,1781099982.056475,http_flood
5840,1781099982.058535,normal
5841,1781099982.060187,normal
5842,1781099982.062630,normal
5843,1781099982.064805,normal
5844,1781099982.067144,normal
5845,1781099982.069620,normal
5846,1781099982.071424,normal
5847,1781099982.073641,normal
5848,1781099982.075683,normal
5849,1781099982.078152,normal
5850,1781099982.080165,normal
5851,1781099982.082274,normal
5852,1781099982.084654,syn_flood
5853,1781099982.086999,normal
5854,1781099982.088870,normal
5855,1781099982.091115,normal
5856,1781099982.092839,normal
5857,1781099982.094800,normal
5858,1781099982.096659,syn_flood
5859,1781099982.099164,normal
5860,1781099982.101501,normal
5861,1781099982.104250,normal
5862,1781099982.106891,normal
5863,1781099982.108796,normal
5864,1781099982.111075,udp_reflection
5865,1781099982.113107,normal
5866,1781099982.114623,normal
5867,1781099982.117476,normal
5868,1781099982.119185,normal
5869,1781099982.121189,normal
5870,1781099982.123413,normal
5871,1781099982.125460,normal
5872,1781099982.127969,normal
5873,1781099982.130203,normal
5874,1781099982.132121,normal
5875,1781099982.133788,normal
5876,1781099982.136566,normal
5877,1781099982.138858,normal
5878,1781099982.141574,normal
5879,1781099982.144206,normal
5880,1781099982.146495,udp_reflection
5881,1781099982.149360,normal
5882,1781099982.152056,normal
5883,1781099982.154335,normal
5884,1781099982.157586,normal
5885,1781099982.160027,normal
5886,1781099982.163783,normal
5887,1781099982.166047,normal
5888,1781099982.168845,normal
5889,1781099982.170192,normal
5890,1781099982.172671,http_flood
5891,1781099982.174960,normal
5892,1781099982.177417,normal
5893,1781099982.179593,normal
5894,1781099982.182961,normal
5895,1781099982.185385,normal
5896,1781099982.187145,normal
5897,1781099982.189448,normal
5898,1781099982.191842,normal
5899,1781099982.194226,normal
5900,1781099982.197029,normal
5901,1781099982.199847,normal
5902,1781099982.201694,normal
5903,1781099982.204087,normal
5904,1781099982.205848,normal
5905,1781099982.208659,http_flood
5906,1781099982.210729,normal
5907,1781099982.213330,normal
5908,1781099982.215466,normal
5909,1781099982.217704,normal
5910,1781099982.220672,normal
5911,1781099982.223612,normal
5912,1781099982.225325,normal
5913,1781099982.227635,normal
5914,1781099982.229289,syn_flood
5915,1781099982.230831,normal
5916,1781099982.232842,normal
5917,1781099982.235609,normal
5918,1781099982.238379,normal
5919,1781099982.240489,normal
5920,1781099982.243204,normal
5921,1781099982.245157,syn_flood
5922,1781099982.247555,normal
5923,1781099982.250437,normal
5924,1781099982.252388,normal
5925,1781099982.254177,normal
5926,1781099982.256527,normal
5927,1781099982.258886,normal
5928,1781099982.260649,normal
5929,1781099982.262522,normal
5930,1781099982.264744,normal
5931,1781099982.266549,normal
5932,1781099982.268734,normal
5933,1781099982.270598,normal
5934,1781099982.272477,syn_flood
5935,1781099982.274940,normal
5936,1781099982.276808,normal
5937,1781099982.279018,syn_flood
5938,1781099982.280556,normal
5939,1781099982.284126,normal
5940,1781099982.286793,normal
5941,1781099982.289283,normal
5942,1781099982.291370,normal
5943,1781099982.294126,normal
5944,1781099982.295398,normal
5945,1781099982.299077,normal
5946,1781099982.302923,http_flood
5947,1781099982.305146,normal
5948,1781099982.307287,normal
5949,1781099982.309300,normal
5950,1781099982.310932,normal
5951,1781099982.312671,normal
5952,1781099982.314942,normal
5953,1781099982.317686,http_flood
5954,1781099982.319559,normal
5955,1781099982.322230,normal
5956,1781099982.324730,udp_reflection
5957,1781099982.326754,udp_reflection
5958,1781099982.329692,normal
5959,1781099982.331976,normal
5960,1781099982.334852,syn_flood
5961,1781099982.336847,normal
5962,1781099982.339132,normal
5963,1781099982.341178,udp_reflection
5964,1781099982.343937,normal
5965,1781099982.345912,normal
5966,1781099982.348324,normal
5967,1781099982.350108,normal
5968,1781099982.352036,normal
5969,1781099982.353567,normal
5970,1781099982.355979,normal
5971,1781099982.357632,normal
5972,1781099982.359167,normal
5973,1781099982.361479,normal
5974,1781099982.363634,normal
5975,1781099982.365710,udp_reflection
5976,1781099982.369001,normal
5977,1781099982.371150,normal
5978,1781099982.372779,normal
5979,1781099982.375356,normal
5980,1781099982.377489,syn_flood
5981,1781099982.379984,normal
5982,1781099982.382125,normal
5983,1781099982.384686,normal
5984,1781099982.386465,normal
5985,1781099982.388697,normal
5986,1781099982.390863,normal
5987,1781099982.392861,normal
5988,1781099982.394876,normal
5989,1781099982.397043,normal
5990,1781099982.398901,normal
5991,1781099982.401743,normal
5992,1781099982.404011,normal
5993,1781099982.407028,normal
5994,1781099982.409069,normal
5995,1781099982.411611,normal
5996,1781099982.414337,udp_reflection
5997,1781099982.416071,normal
5998,1781099982.419032,normal
5999,1781099982.420954,normal
6000,1781099982.422469,normal
6001,1781099982.424935,udp_reflection
6002,1781099982.427007,normal
6003,1781099982.429487,normal
6004,1781099982.432593,normal
6005,1781099982.435052,normal
6006,1781099982.437437,normal
6007,1781099982.439821,normal
6008,1781099982.442120,normal
6009,1781099982.444479,normal
6010,1781099982.446708,normal
6011,1781099982.448429,normal
6012,1781099982.450460,normal
6013,1781099982.452577,normal
6014,1781099982.454421,normal
6015,1781099982.458265,normal
6016,1781099982.460660,normal
6017,1781099982.463723,normal
6018,1781099982.466480,normal
6019,1781099982.468783,normal
6020,1781099982.470982,normal
6021,1781099982.473042,normal
6022,1781099982.474782,normal
6023,1781099982.476903,normal
6024,1781099982.479035,normal
6025,1781099982.481301,udp_reflection
6026,1781099982.483189,normal
6027,1781099982.485152,normal
6028,1781099982.487320,normal
6029,1781099982.489963,normal
6030,1781099982.491570,normal
6031,1781099982.493876,normal
6032,1781099982.496605,normal
6033,1781099982.498172,udp_reflection
6034,1781099982.499874,normal
6035,1781099982.501978,normal
6036,1781099982.503422,normal
6037,1781099982.505305,normal
6038,1781099982.507708,udp_reflection
6039,1781099982.509373,normal
6040,1781099982.511438,normal
6041,1781099982.514094,normal
6042,1781099982.515464,normal
6043,1781099982.517647,normal
6044,1781099982.519868,normal
6045,1781099982.522229,normal
6046,1781099982.524420,normal
6047,1781099982.527212,normal
6048,1781099982.529092,normal
6049,1781099982.531015,normal
6050,1781099982.533430,normal
6051,1781099982.535057,http_flood
6052,1781099982.536821,normal
6053,1781099982.538922,normal
6054,1781099982.541450,normal
6055,1781099982.544091,normal
6056,1781099982.545813,normal
6057,1781099982.547973,normal
6058,1781099982.549829,normal
6059,1781099982.552083,normal
6060,1781099982.554478,normal
6061,1781099982.556498,normal
6062,1781099982.558725,normal
6063,1781099982.560653,normal
6064,1781099982.563053,udp_reflection
6065,1781099982.565648,syn_flood
6066,1781099982.567534,normal
6067,1781099982.569146,normal
6068,1781099982.571056,syn_flood
6069,1781099982.573351,normal
6070,1781099982.575491,normal
6071,1781099982.577882,normal
6072,1781099982.579936,normal
6073,1781099982.582227,normal
6074,1781099982.584038,normal
6075,1781099982.587361,normal
6076,1781099982.589135,syn_flood
6077,1781099982.591782,http_flood
6078,1781099982.593729,normal
6079,1781099982.596152,syn_flood
6080,1781099982.598045,udp_reflection
6081,1781099982.600332,normal
6082,1781099982.602526,normal
6083,1781099982.604130,normal
6084,1781099982.606940,normal
6085,1781099982.609927,normal
6086,1781099982.612226,normal
6087,1781099982.614778,normal
6088,1781099982.616296,normal
6089,1781099982.618632,normal
6090,1781099982.621584,normal
6091,1781099982.623576,normal
6092,1781099982.626064,normal
6093,1781099982.628165,normal
6094,1781099982.629780,normal
6095,1781099982.632744,normal
6096,1781099982.635552,normal
6097,1781099982.637022,normal
6098,1781099982.639647,normal
6099,1781099982.641350,normal
6100,1781099982.644353,normal
6101,1781099982.646473,normal
6102,1781099982.649079,normal
6103,1781099982.651105,normal
6104,1781099982.653114,normal
6105,1781099982.655176,normal
6106,1781099982.657002,normal
6107,1781099982.658805,normal
6108,1781099982.661748,normal
6109,1781099982.664424,normal
6110,1781099982.666782,normal
6111,1781099982.669116,normal
6112,1781099982.671735,normal
6113,1781099982.673912,normal
6114,1781099982.676487,normal
6115,1781099982.678330,normal
6116,1781099982.679797,normal
6117,1781099982.682153,udp_reflection
6118,1781099982.684781,normal
6119,1781099982.686807,syn_flood
6120,1781099982.688895,normal
6121,1781099982.690663,normal
6122,1781099982.693325,normal
6123,1781099982.695511,normal
6124,1781099982.697983,normal
6125,1781099982.700610,normal
6126,1781099982.703752,normal
6127,1781099982.706954,normal
6128,1781099982.709233,normal
6129,1781099982.711262,normal
6130,1781099982.713438,normal
6131,1781099982.715538,normal
6132,1781099982.717510,normal
6133,1781099982.719175,normal
6134,1781099982.721191,normal
6135,1781099982.723782,udp_reflection
6136,1781099982.725865,normal
6137,1781099982.727797,normal
6138,1781099982.729795,normal
6139,1781099982.731677,http_flood
6140,1781099982.733842,syn_flood
6141,1781099982.737160,normal
6142,1781099982.739411,normal
6143,1781099982.741864,normal
6144,1781099982.744472,normal
6145,1781099982.746787,normal
6146,1781099982.748942,normal
6147,1781099982.750664,normal
6148,1781099982.753343,normal
6149,1781099982.755657,normal
6150,1781099982.757725,normal
6151,1781099982.759263,udp_reflection
6152,1781099982.761312,normal
6153,1781099982.764190,normal
6154,1781099982.765820,normal
6155,1781099982.767417,syn_flood
6156,1781099982.769789,normal
6157,1781099982.772077,normal
6158,1781099982.774141,normal
6159,1781099982.776652,normal
6160,1781099982.778498,normal
6161,1781099982.780401,normal
6162,1781099982.782947,normal
6163,1781099982.784520,normal
6164,1781099982.786557,normal
6165,1781099982.788933,normal
6166,1781099982.790836,normal
6167,1781099982.792224,normal
6168,1781099982.794215,normal
6169,1781099982.796457,normal
6170,1781099982.798975,http_flood
6171,1781099982.800909,normal
6172,1781099982.802799,normal
6173,1781099982.805344,normal
6174,1781099982.807427,normal
6175,1781099982.809984,normal
6176,1781099982.812564,normal
6177,1781099982.814599,normal
6178,1781099982.817265,normal
6179,1781099982.819212,normal
6180,1781099982.821462,normal
6181,1781099982.826126,normal
6182,1781099982.828909,normal
6183,1781099982.831202,normal
6184,1781099982.833691,normal
6185,1781099982.836239,normal
6186,1781099982.838746,normal
6187,1781099982.840518,normal
6188,1781099982.842316,normal
6189,1781099982.843659,normal
6190,1781099982.844831,normal
6191,1781099982.847387,normal
6192,1781099982.850224,normal
6193,1781099982.852737,normal
6194,1781099982.854788,normal
6195,1781099982.857455,normal
6196,1781099982.859565,normal
6197,1781099982.863297,normal
6198,1781099982.865329,normal
6199,1781099982.867674,normal
6200,1781099982.869972,normal
6201,1781099982.872751,normal
6202,1781099982.874813,syn_flood
6203,1781099982.876322,normal
6204,1781099982.878158,syn_flood
6205,1781099982.879930,normal
6206,1781099982.882282,normal
6207,1781099982.884556,normal
6208,1781099982.886707,normal
6209,1781099982.889055,normal
6210,1781099982.890836,normal
6211,1781099982.893008,normal
6212,1781099982.896344,normal
6213,1781099982.898279,normal
6214,1781099982.900359,normal
6215,1781099982.902348,normal
6216,1781099982.904223,udp_reflection
6217,1781099982.906685,syn_flood
6218,1781099982.909199,normal
6219,1781099982.911059,normal
6220,1781099982.912419,normal
6221,1781099982.913600,normal
6222,1781099982.916651,syn_flood
6223,1781099982.919842,normal
6224,1781099982.922909,normal
6225,1781099982.924914,normal
6226,1781099982.926740,normal
6227,1781099982.929103,normal
6228,1781099982.930645,normal
6229,1781099982.932086,normal
6230,1781099982.934386,syn_flood
6231,1781099982.937188,normal
6232,1781099982.940053,normal
6233,1781099982.942376,normal
6234,1781099982.944182,normal
6235,1781099982.946445,normal
6236,1781099982.948253,syn_flood
6237,1781099982.950246,normal
6238,1781099982.952630,normal
6239,1781099982.954728,normal
6240,1781099982.956908,normal
6241,1781099982.959466,normal
6242,1781099982.962169,normal
6243,1781099982.964853,normal
6244,1781099982.967004,normal
6245,1781099982.969018,normal
6246,1781099982.971955,normal
6247,1781099982.973772,normal
6248,1781099982.976044,normal
6249,1781099982.978446,normal
6250,1781099982.981140,normal
6251,1781099982.983934,normal
6252,1781099982.985804,normal
6253,1781099982.988822,normal
6254,1781099982.991203,normal
6255,1781099982.994074,normal
6256,1781099982.996268,normal
6257,1781099982.998586,normal
6258,1781099983.001444,normal
6259,1781099983.003602,normal
6260,1781099983.006080,normal
6261,1781099983.008432,normal
6262,1781099983.010064,normal
6263,1781099983.012068,normal
6264,1781099983.013912,normal
6265,1781099983.015247,normal
6266,1781099983.017828,normal
6267,1781099983.019772,normal
6268,1781099983.021980,normal
6269,1781099983.024002,normal
6270,1781099983.026747,normal
6271,1781099983.028545,normal
6272,1781099983.029965,udp_reflection
6273,1781099983.031791,normal
6274,1781099983.033809,normal
6275,1781099983.036060,normal
6276,1781099983.038542,normal
6277,1781099983.040405,normal
6278,1781099983.042704,normal
6279,1781099983.044777,udp_reflection
6280,1781099983.048108,normal
6281,1781099983.050804,normal
6282,1781099983.052257,normal
6283,1781099983.054273,normal
6284,1781099983.056516,normal
6285,1781099983.058138,syn_flood
6286,1781099983.060617,normal
6287,1781099983.062805,normal
6288,1781099983.065328,normal
6289,1781099983.067431,normal
6290,1781099983.069198,normal
6291,1781099983.071524,normal
6292,1781099983.074843,normal
6293,1781099983.076973,normal
6294,1781099983.079122,normal
6295,1781099983.080698,normal
6296,1781099983.083945,normal
6297,1781099983.085531,normal
6298,1781099983.088378,normal
6299,1781099983.090356,syn_flood
6300,1781099983.092916,normal
6301,1781099983.094986,http_flood
6302,1781099983.097118,normal
6303,1781099983.098878,normal
6304,1781099983.101027,normal
6305,1781099983.104049,normal
6306,1781099983.106492,normal
6307,1781099983.108704,normal
6308,1781099983.110961,normal
6309,1781099983.112777,normal
6310,1781099983.115477,normal
6311,1781099983.118281,normal
6312,1781099983.119999,http_flood
6313,1781099983.122292,normal
6314,1781099983.124661,normal
6315,1781099983.126074,normal
6316,1781099983.128857,normal
6317,1781099983.130713,normal
6318,1781099983.132740,normal
6319,1781099983.135500,normal
6320,1781099983.137457,normal
6321,1781099983.140937,normal
6322,1781099983.143506,normal
6323,1781099983.145394,normal
6324,1781099983.147432,normal
6325,1781099983.150124,normal
6326,1781099983.152001,normal
6327,1781099983.155584,normal
6328,1781099983.157579,http_flood
6329,1781099983.160195,normal
6330,1781099983.162349,normal
6331,1781099983.164974,normal
6332,1781099983.167246,normal
6333,1781099983.168946,normal
6334,1781099983.171895,normal
6335,1781099983.173549,normal
6336,1781099983.175772,normal
6337,1781099983.178691,syn_flood
6338,1781099983.180574,normal
6339,1781099983.182576,normal
6340,1781099983.184871,normal
6341,1781099983.186933,normal
6342,1781099983.190273,normal
6343,1781099983.192471,normal
6344,1781099983.194823,udp_reflection
6345,1781099983.196073,normal
6346,1781099983.198370,normal
6347,1781099983.201010,normal
6348,1781099983.203681,normal
6349,1781099983.205275,normal
6350,1781099983.207129,normal
6351,1781099983.209224,normal
6352,1781099983.211392,normal
6353,1781099983.213360,normal
6354,1781099983.216099,udp_reflection
6355,1781099983.218974,normal
6356,1781099983.221075,normal
6357,1781099983.223273,normal
6358,1781099983.226333,normal
6359,1781099983.228513,normal
6360,1781099983.231168,normal
6361,1781099983.233943,normal
6362,1781099983.235825,normal
6363,1781099983.238111,normal
6364,1781099983.239492,normal
6365,1781099983.242025,normal
6366,1781099983.245620,normal
6367,1781099983.248076,normal
6368,1781099983.250380,normal
6369,1781099983.252094,normal
6370,1781099983.252833,http_flood
6371,1781099983.253315,normal
6372,1781099983.254243,udp_reflection
6373,1781099983.254885,udp_reflection
6374,1781099983.255607,syn_flood
6375,1781099983.256204,udp_reflection
6376,1781099983.256613,normal
6377,1781099983.257519,syn_flood
6378,1781099983.258058,normal
6379,1781099983.258997,normal
6380,1781099983.259484,normal
6381,1781099983.259961,syn_flood
6382,1781099983.260661,normal
6383,1781099983.261189,normal
6384,1781099983.262110,normal
6385,1781099983.262645,normal
6386,1781099983.263283,udp_reflection
6387,1781099983.263834,normal
6388,1781099983.264627,syn_flood
6389,1781099983.265204,normal
6390,1781099983.266036,syn_flood
6391,1781099983.266665,normal
6392,1781099983.267537,normal
6393,1781099983.268182,udp_reflection
6394,1781099983.268703,syn_flood
6395,1781099983.269489,normal
6396,1781099983.270132,syn_flood
6397,1781099983.270995,http_flood
6398,1781099983.271729,normal
6399,1781099983.272192,normal
6400,1781099983.272777,http_flood
6401,1781099983.273686,syn_flood
6402,1781099983.274237,syn_flood
6403,1781099983.274942,normal
6404,1781099983.275570,syn_flood
6405,1781099983.276104,udp_reflection
6406,1781099983.276715,syn_flood
6407,1781099983.277700,normal
6408,1781099983.278258,http_flood
6409,1781099983.279012,normal
6410,1781099983.279565,normal
6411,1781099983.280064,udp_reflection
6412,1781099983.280849,syn_flood
6413,1781099983.281574,normal
6414,1781099983.282225,normal
6415,1781099983.283044,udp_reflection
6416,1781099983.283813,normal
6417,1781099983.284663,normal
6418,1781099983.285344,http_flood
6419,1781099983.286125,syn_flood
6420,1781099983.286609,normal
6421,1781099983.287136,normal
6422,1781099983.287865,udp_reflection
6423,1781099983.288709,normal
6424,1781099983.289470,normal
6425,1781099983.290126,udp_reflection
6426,1781099983.290879,udp_reflection
6427,1781099983.291558,normal
6428,1781099983.292097,normal
6429,1781099983.292766,udp_reflection
6430,1781099983.293317,udp_reflection
6431,1781099983.293880,udp_reflection
6432,1781099983.294792,udp_reflection
6433,1781099983.295580,normal
6434,1781099983.296239,normal
6435,1781099983.296854,normal
6436,1781099983.297404,normal
6437,1781099983.298316,normal
6438,1781099983.299370,syn_flood
6439,1781099983.299978,udp_reflection
6440,1781099983.300721,udp_reflection
6441,1781099983.301450,normal
6442,1781099983.302287,http_flood
6443,1781099983.303155,normal
6444,1781099983.303797,normal
6445,1781099983.304371,normal
6446,1781099983.305150,normal
6447,1781099983.305838,normal
6448,1781099983.306421,http_flood
6449,1781099983.306959,normal
6450,1781099983.307650,normal
6451,1781099983.308436,http_flood
6452,1781099983.309019,udp_reflection
6453,1781099983.310007,normal
6454,1781099983.310652,normal
6455,1781099983.311362,normal
6456,1781099983.311883,udp_reflection
6457,1781099983.312798,normal
6458,1781099983.313279,normal
6459,1781099983.313957,udp_reflection
6460,1781099983.314579,normal
6461,1781099983.315394,syn_flood
6462,1781099983.316005,normal
6463,1781099983.316835,normal
6464,1781099983.317757,normal
6465,1781099983.318322,udp_reflection
6466,1781099983.319011,udp_reflection
6467,1781099983.319828,normal
6468,1781099983.320452,http_flood
6469,1781099983.320920,http_flood
6470,1781099983.321698,normal
6471,1781099983.322409,udp_reflection
6472,1781099983.323289,normal
6473,1781099983.324177,normal
6474,1781099983.324926,normal
6475,1781099983.325628,udp_reflection
6476,1781099983.326596,normal
6477,1781099983.327409,normal
6478,1781099983.327932,udp_reflection
6479,1781099983.328578,normal
6480,1781099983.329130,normal
6481,1781099983.329657,normal
6482,1781099983.330281,normal
6483,1781099983.330785,syn_flood
6484,1781099983.331528,normal
6485,1781099983.332419,normal
6486,1781099983.332967,udp_reflection
6487,1781099983.333530,normal
6488,1781099983.334033,normal
6489,1781099983.334673,normal
6490,1781099983.335561,normal
6491,1781099983.336259,udp_reflection
6492,1781099983.337429,normal
6493,1781099983.338123,udp_reflection
6494,1781099983.338705,normal
6495,1781099983.339851,syn_flood
6496,1781099983.340664,normal
6497,1781099983.341179,http_flood
6498,1781099983.341938,normal
6499,1781099983.342765,syn_flood
6500,1781099983.343342,normal
6501,1781099983.343983,normal
6502,1781099983.344699,normal
6503,1781099983.345108,http_flood
6504,1781099983.345751,normal
6505,1781099983.346380,normal
6506,1781099983.346813,syn_flood
6507,1781099983.347428,syn_flood
6508,1781099983.348087,normal
6509,1781099983.349038,normal
6510,1781099983.349634,syn_flood
6511,1781099983.350453,normal
6512,1781099983.351382,http_flood
6513,1781099983.352086,syn_flood
6514,1781099983.352751,syn_flood
6515,1781099983.353430,http_flood
6516,1781099983.353951,normal
6517,1781099983.354734,normal
6518,1781099983.355245,normal
6519,1781099983.356082,normal
6520,1781099983.356743,normal
6521,1781099983.357487,http_flood
6522,1781099983.358199,normal
6523,1781099983.359041,normal
6524,1781099983.359761,normal
6525,1781099983.360439,syn_flood
6526,1781099983.361031,udp_reflection
6527,1781099983.361704,udp_reflection
6528,1781099983.362372,normal
6529,1781099983.363047,normal
6530,1781099983.363644,syn_flood
6531,1781099983.364672,normal
6532,1781099983.365196,normal
6533,1781099983.365875,normal
6534,1781099983.366395,normal
6535,1781099983.367368,http_flood
6536,1781099983.367967,normal
6537,1781099983.368676,syn_flood
6538,1781099983.369161,normal
6539,1781099983.369669,http_flood
6540,1781099983.370337,udp_reflection
6541,1781099983.371112,udp_reflection
6542,1781099983.371575,syn_flood
6543,1781099983.372042,udp_reflection
6544,1781099983.372908,syn_flood
6545,1781099983.373414,normal
6546,1781099983.373886,http_flood
6547,1781099983.374483,http_flood
6548,1781099983.375314,normal
6549,1781099983.375988,udp_reflection
6550,1781099983.376745,normal
6551,1781099983.377901,normal
6552,1781099983.378459,normal
6553,1781099983.379080,syn_flood
6554,1781099983.379700,http_flood
6555,1781099983.380445,normal
6556,1781099983.381531,http_flood
6557,1781099983.382036,normal
6558,1781099983.382630,udp_reflection
6559,1781099983.383283,http_flood
6560,1781099983.383889,normal
6561,1781099983.384742,normal
6562,1781099983.385281,normal
6563,1781099983.385844,udp_reflection
6564,1781099983.386439,normal
6565,1781099983.386936,normal
6566,1781099983.387445,http_flood
6567,1781099983.388157,normal
6568,1781099983.389149,normal
6569,1781099983.389840,normal
6570,1781099983.390513,normal
6571,1781099983.391200,syn_flood
6572,1781099983.391749,normal
6573,1781099983.392299,normal
6574,1781099983.393154,normal
6575,1781099983.393664,normal
6576,1781099983.394253,normal
6577,1781099983.394801,udp_reflection
6578,1781099983.395713,normal
6579,1781099983.396342,http_flood
6580,1781099983.396934,normal
6581,1781099983.397458,http_flood
6582,1781099983.398064,normal
6583,1781099983.398730,normal
6584,1781099983.399237,normal
6585,1781099983.400171,normal
6586,1781099983.400951,normal
6587,1781099983.401814,udp_reflection
6588,1781099983.402805,syn_flood
6589,1781099983.403378,normal
6590,1781099983.404140,normal
6591,1781099983.404768,normal
6592,1781099983.405522,normal
6593,1781099983.406165,normal
6594,1781099983.406978,normal
6595,1781099983.407805,normal
6596,1781099983.408246,normal
6597,1781099983.408926,normal
6598,1781099983.409611,udp_reflection
6599,1781099983.410264,normal
6600,1781099983.410710,normal
6601,1781099983.411262,syn_flood
6602,1781099983.412127,normal
6603,1781099983.412799,http_flood
6604,1781099983.413113,http_flood
6605,1781099983.413767,syn_flood
6606,1781099983.414237,normal
6607,1781099983.415223,normal
6608,1781099983.415939,udp_reflection
6609,1781099983.416813,normal
6610,1781099983.417794,syn_flood
6611,1781099983.418522,normal
6612,1781099983.419271,syn_flood
6613,1781099983.420188,normal
6614,1781099983.420851,normal
6615,1781099983.421635,normal
6616,1781099983.422621,normal
6617,1781099983.423068,http_flood
6618,1781099983.423716,normal
6619,1781099983.424562,udp_reflection
6620,1781099983.425101,http_flood
6621,1781099983.426374,normal
6622,1781099983.427014,http_flood
6623,1781099983.427731,syn_flood
6624,1781099983.428515,http_flood
6625,1781099983.429228,normal
6626,1781099983.430185,normal
6627,1781099983.431033,normal
6628,1781099983.431632,syn_flood
6629,1781099983.432275,normal
6630,1781099983.432732,normal
6631,1781099983.433230,normal
6632,1781099983.433819,normal
6633,1781099983.434662,normal
6634,1781099983.435374,syn_flood
6635,1781099983.436006,normal
6636,1781099983.436972,normal
6637,1781099983.437877,normal
6638,1781099983.438515,normal
6639,1781099983.438968,syn_flood
6640,1781099983.439763,normal
6641,1781099983.440340,normal
6642,1781099983.441080,normal
6643,1781099983.441635,normal
6644,1781099983.442163,syn_flood
6645,1781099983.442942,http_flood
6646,1781099983.443720,normal
6647,1781099983.444662,normal
6648,1781099983.445321,normal
6649,1781099983.445979,http_flood
6650,1781099983.446579,http_flood
6651,1781099983.447535,normal
6652,1781099983.448189,normal
6653,1781099983.448920,normal
6654,1781099983.449447,normal
6655,1781099983.450257,syn_flood
6656,1781099983.450994,normal
6657,1781099983.451908,normal
6658,1781099983.452663,normal
6659,1781099983.453375,normal
6660,1781099983.453993,normal
6661,1781099983.455239,udp_reflection
6662,1781099983.455973,normal
6663,1781099983.456882,udp_reflection
6664,1781099983.457507,syn_flood
6665,1781099983.458286,normal
6666,1781099983.459245,http_flood
6667,1781099983.459986,udp_reflection
6668,1781099983.460487,normal
6669,1781099983.460995,normal
6670,1781099983.461510,syn_flood
6671,1781099983.461834,normal
6672,1781099983.462480,udp_reflection
6673,1781099983.463219,normal
6674,1781099983.463835,normal
6675,1781099983.464371,normal
6676,1781099983.465236,normal
6677,1781099983.465957,normal
6678,1781099983.466609,udp_reflection
6679,1781099983.467206,normal
6680,1781099983.467903,normal
6681,1781099983.468474,normal
6682,1781099983.469166,normal
6683,1781099983.469617,normal
6684,1781099983.470544,normal
6685,1781099983.471154,normal
6686,1781099983.471927,normal
6687,1781099983.472389,normal
6688,1781099983.473106,normal
6689,1781099983.473967,normal
6690,1781099983.474754,http_flood
6691,1781099983.475306,syn_flood
6692,1781099983.476308,syn_flood
6693,1781099983.477020,normal
6694,1781099983.477927,normal
6695,1781099983.478526,normal
6696,1781099983.479015,normal
6697,1781099983.479832,normal
6698,1781099983.480402,normal
6699,1781099983.481098,http_flood
6700,1781099983.481571,normal
6701,1781099983.482289,normal
6702,1781099983.482844,normal
6703,1781099983.483728,http_flood
6704,1781099983.484622,normal
6705,1781099983.485240,normal
6706,1781099983.485900,normal
6707,1781099983.486542,normal
6708,1781099983.487420,normal
6709,1781099983.488525,udp_reflection
6710,1781099983.489147,normal
6711,1781099983.489946,syn_flood
6712,1781099983.490551,normal
6713,1781099983.491180,normal
6714,1781099983.491745,udp_reflection
6715,1781099983.492426,normal
6716,1781099983.493460,normal
6717,1781099983.494490,normal
6718,1781099983.495434,normal
6719,1781099983.495966,http_flood
6720,1781099983.496719,normal
6721,1781099983.497488,normal
6722,1781099983.498336,udp_reflection
6723,1781099983.499075,normal
6724,1781099983.499584,udp_reflection
6725,1781099983.500361,normal
6726,1781099983.501079,http_flood
6727,1781099983.501708,normal
6728,1781099983.502281,syn_flood
6729,1781099983.502959,normal
6730,1781099983.503760,http_flood
6731,1781099983.504175,normal
6732,1781099983.504900,udp_reflection
6733,1781099983.505710,normal
6734,1781099983.506221,normal
6735,1781099983.506881,normal
6736,1781099983.507534,syn_flood
6737,1781099983.508253,normal
6738,1781099983.508894,http_flood
6739,1781099983.509403,udp_reflection
6740,1781099983.510160,udp_reflection
6741,1781099983.510753,syn_flood
6742,1781099983.511411,syn_flood
6743,1781099983.511989,normal
6744,1781099983.512446,udp_reflection
6745,1781099983.513240,normal
6746,1781099983.513937,normal
6747,1781099983.514507,normal
6748,1781099983.515137,normal
6749,1781099983.515875,http_flood
6750,1781099983.516683,normal
6751,1781099983.517596,udp_reflection
6752,1781099983.518338,normal
6753,1781099983.518872,normal
6754,1781099983.519479,normal
6755,1781099983.520631,normal
6756,1781099983.521399,normal
6757,1781099983.522204,normal
6758,1781099983.522804,normal
6759,1781099983.523398,syn_flood
6760,1781099983.523993,normal
6761,1781099983.524715,http_flood
6762,1781099983.525326,udp_reflection
6763,1781099983.526239,normal
6764,1781099983.526847,syn_flood
6765,1781099983.527416,normal
6766,1781099983.528275,normal
6767,1781099983.528974,normal
6768,1781099983.529762,normal
6769,1781099983.530314,http_flood
6770,1781099983.531234,normal
6771,1781099983.531981,http_flood
6772,1781099983.532509,normal
6773,1781099983.533252,http_flood
6774,1781099983.534386,normal
6775,1781099983.534960,normal
6776,1781099983.535558,normal
6777,1781099983.536197,http_flood
6778,1781099983.536985,syn_flood
6779,1781099983.537799,normal
6780,1781099983.538571,normal
6781,1781099983.539230,normal
6782,1781099983.540004,normal
6783,1781099983.540662,udp_reflection
6784,1781099983.541086,normal
6785,1781099983.541733,http_flood
6786,1781099983.542471,syn_flood
6787,1781099983.543250,normal
6788,1781099983.543900,syn_flood
6789,1781099983.544695,syn_flood
6790,1781099983.545537,normal
6791,1781099983.546238,normal
6792,1781099983.547018,normal
6793,1781099983.547557,normal
6794,1781099983.548047,normal
6795,1781099983.548629,normal
6796,1781099983.549102,udp_reflection
6797,1781099983.549731,normal
6798,1781099983.550555,http_flood
6799,1781099983.551332,http_flood
6800,1781099983.552042,normal
6801,1781099983.552683,normal
6802,1781099983.553349,normal
6803,1781099983.554223,normal
6804,1781099983.554924,http_flood
6805,1781099983.555712,normal
6806,1781099983.556411,normal
6807,1781099983.556904,normal
6808,1781099983.557944,normal
6809,1781099983.558646,normal
6810,1781099983.559300,http_flood
6811,1781099983.560058,syn_flood
6812,1781099983.560834,normal
6813,1781099983.561486,http_flood
6814,1781099983.562163,normal
6815,1781099983.563089,udp_reflection
6816,1781099983.563611,syn_flood
6817,1781099983.564192,udp_reflection
6818,1781099983.564915,normal
6819,1781099983.565397,normal
6820,1781099983.565995,http_flood
6821,1781099983.566543,http_flood
6822,1781099983.567409,normal
6823,1781099983.567999,normal
6824,1781099983.568680,normal
6825,1781099983.569276,normal
6826,1781099983.569870,normal
6827,1781099983.570715,http_flood
6828,1781099983.571223,normal
6829,1781099983.571780,normal
6830,1781099983.572369,normal
6831,1781099983.573076,normal
6832,1781099983.573936,normal
6833,1781099983.574828,normal
6834,1781099983.575522,udp_reflection
6835,1781099983.576055,normal
6836,1781099983.576688,udp_reflection
6837,1781099983.577127,normal
6838,1781099983.577724,normal
6839,1781099983.578694,normal
6840,1781099983.579337,http_flood
6841,1781099983.580312,normal
6842,1781099983.581018,normal
6843,1781099983.581575,normal
6844,1781099983.582594,normal
6845,1781099983.583236,syn_flood
6846,1781099983.583732,normal
6847,1781099983.584649,http_flood
6848,1781099983.585261,syn_flood
6849,1781099983.585928,normal
6850,1781099983.586546,normal
6851,1781099983.587218,normal
6852,1781099983.587825,udp_reflection
6853,1781099983.588686,udp_reflection
6854,1781099983.589429,http_flood
6855,1781099983.589960,normal
6856,1781099983.590890,syn_flood
6857,1781099983.591743,normal
6858,1781099983.592565,normal
6859,1781099983.593106,normal
6860,1781099983.594136,syn_flood
6861,1781099983.594976,normal
6862,1781099983.595646,syn_flood
6863,1781099983.596112,normal
6864,1781099983.596762,udp_reflection
6865,1781099983.597432,http_flood
6866,1781099983.598161,normal
6867,1781099983.598730,normal
6868,1781099983.599405,normal
6869,1781099983.600020,syn_flood
6870,1781099983.600610,udp_reflection
6871,1781099983.601229,normal
6872,1781099983.601920,syn_flood
6873,1781099983.602414,udp_reflection
6874,1781099983.603011,normal
6875,1781099983.603499,http_flood
6876,1781099983.604314,http_flood
6877,1781099983.605206,normal
6878,1781099983.605969,normal
6879,1781099983.606592,normal
6880,1781099983.607183,http_flood
6881,1781099983.607901,http_flood
6882,1781099983.608677,normal
6883,1781099983.609221,normal
6884,1781099983.609714,normal
6885,1781099983.610440,normal
6886,1781099983.611114,syn_flood
6887,1781099983.611607,normal
6888,1781099983.612132,syn_flood
6889,1781099983.612876,udp_reflection
6890,1781099983.613923,normal
6891,1781099983.614498,syn_flood
6892,1781099983.615124,normal
6893,1781099983.615635,normal
6894,1781099983.616560,normal
6895,1781099983.617244,normal
6896,1781099983.617815,normal
6897,1781099983.618683,http_flood
6898,1781099983.619305,normal
6899,1781099983.619928,normal
6900,1781099983.620572,syn_flood
6901,1781099983.621513,normal
6902,1781099983.622083,normal
6903,1781099983.622709,syn_flood
6904,1781099983.623518,normal
6905,1781099983.624166,http_flood
6906,1781099983.624724,normal
6907,1781099983.625304,udp_reflection
6908,1781099983.625844,syn_flood
6909,1781099983.626325,normal
6910,1781099983.626926,normal
6911,1781099983.627586,normal
6912,1781099983.628295,normal
6913,1781099983.628860,http_flood
6914,1781099983.629584,normal
6915,1781099983.630297,normal
6916,1781099983.630686,normal
6917,1781099983.631343,normal
6918,1781099983.631886,udp_reflection
6919,1781099983.632440,normal
6920,1781099983.633016,normal
6921,1781099983.633754,udp_reflection
6922,1781099983.634657,normal
6923,1781099983.635370,normal
6924,1781099983.636300,http_flood
6925,1781099983.637005,normal
6926,1781099983.637460,normal
6927,1781099983.638002,normal
6928,1781099983.638615,normal
6929,1781099983.639222,normal
6930,1781099983.640087,udp_reflection
6931,1781099983.640806,normal
6932,1781099983.641562,normal
6933,1781099983.642372,normal
6934,1781099983.642869,http_flood
6935,1781099983.643668,normal
6936,1781099983.644200,normal
6937,1781099983.644846,syn_flood
6938,1781099983.645679,normal
6939,1781099983.646187,http_flood
6940,1781099983.646863,normal
6941,1781099983.647343,http_flood
6942,1781099983.648345,normal
6943,1781099983.649402,normal
6944,1781099983.649990,normal
6945,1781099983.650792,udp_reflection
6946,1781099983.651443,syn_flood
6947,1781099983.652168,normal
6948,1781099983.652948,syn_flood
6949,1781099983.653574,normal
6950,1781099983.654429,normal
6951,1781099983.655152,udp_reflection
6952,1781099983.655900,normal
6953,1781099983.656581,syn_flood
6954,1781099983.657202,normal
6955,1781099983.657876,udp_reflection
6956,1781099983.658287,udp_reflection
6957,1781099983.659153,http_flood
6958,1781099983.659791,syn_flood
6959,1781099983.660750,normal
6960,1781099983.661376,normal
6961,1781099983.662020,normal
6962,1781099983.662836,normal
6963,1781099983.663466,normal
6964,1781099983.663753,normal
6965,1781099983.664198,http_flood
6966,1781099983.665088,http_flood
6967,1781099983.665953,normal
6968,1781099983.666651,normal
6969,1781099983.667164,normal
6970,1781099983.668183,syn_flood
6971,1781099983.668813,normal
6972,1781099983.669689,normal
6973,1781099983.670607,normal
6974,1781099983.671127,normal
6975,1781099983.671856,normal
6976,1781099983.672279,syn_flood
6977,1781099983.672843,udp_reflection
6978,1781099983.673509,udp_reflection
6979,1781099983.674876,normal
6980,1781099983.675630,normal
6981,1781099983.676234,normal
6982,1781099983.676845,normal
6983,1781099983.677606,normal
6984,1781099983.678340,normal
6985,1781099983.678982,normal
6986,1781099983.679815,normal
6987,1781099983.680507,normal
6988,1781099983.681140,udp_reflection
6989,1781099983.681677,udp_reflection
6990,1781099983.682252,normal
6991,1781099983.683057,syn_flood
6992,1781099983.683781,normal
6993,1781099983.684604,normal
6994,1781099983.685262,syn_flood
6995,1781099983.686173,udp_reflection
6996,1781099983.687178,udp_reflection
6997,1781099983.687843,normal
6998,1781099983.688409,normal
6999,1781099983.689001,normal
7000,1781099983.689976,syn_flood
7001,1781099983.690817,normal
7002,1781099983.691545,normal
7003,1781099983.692034,normal
7004,1781099983.692908,udp_reflection
7005,1781099983.693510,normal
7006,1781099983.694096,normal
7007,1781099983.694538,udp_reflection
7008,1781099983.695395,normal
7009,1781099983.696007,normal
7010,1781099983.696737,normal
7011,1781099983.697241,udp_reflection
7012,1781099983.697808,normal
7013,1781099983.698390,normal
7014,1781099983.699160,normal
7015,1781099983.699880,normal
7016,1781099983.700504,normal
7017,1781099983.701195,normal
7018,1781099983.701934,http_flood
7019,1781099983.702558,http_flood
7020,1781099983.703161,normal
7021,1781099983.704095,syn_flood
7022,1781099983.704749,normal
7023,1781099983.705472,udp_reflection
7024,1781099983.706142,normal
7025,1781099983.706576,normal
7026,1781099983.707270,normal
7027,1781099983.708046,http_flood
7028,1781099983.708553,normal
7029,1781099983.709424,normal
7030,1781099983.710214,normal
7031,1781099983.711033,normal
7032,1781099983.712203,normal
7033,1781099983.712800,syn_flood
7034,1781099983.713529,normal
7035,1781099983.714230,normal
7036,1781099983.714885,normal
7037,1781099983.715555,udp_reflection
7038,1781099983.716290,normal
7039,1781099983.717048,normal
7040,1781099983.717604,normal
7041,1781099983.718262,normal
7042,1781099983.718849,syn_flood
7043,1781099983.719302,normal
7044,1781099983.719824,syn_flood
7045,1781099983.720488,syn_flood
7046,1781099983.721098,normal
7047,1781099983.721879,normal
7048,1781099983.722313,syn_flood
7049,1781099983.723032,udp_reflection
7050,1781099983.723748,normal
7051,1781099983.724650,udp_reflection
7052,1781099983.725492,normal
7053,1781099983.726141,normal
7054,1781099983.727024,normal
7055,1781099983.727764,normal
7056,1781099983.728493,normal
7057,1781099983.728998,normal
7058,1781099983.729630,normal
7059,1781099983.730141,normal
7060,1781099983.730910,normal
7061,1781099983.731541,http_flood
7062,1781099983.732034,normal
7063,1781099983.732579,normal
7064,1781099983.733179,normal
7065,1781099983.733877,udp_reflection
7066,1781099983.734309,normal
7067,1781099983.735030,syn_flood
7068,1781099983.735870,udp_reflection
7069,1781099983.736553,normal
7070,1781099983.737113,normal
7071,1781099983.737645,normal
7072,1781099983.738406,normal
7073,1781099983.738852,normal
7074,1781099983.739611,normal
7075,1781099983.740260,normal
7076,1781099983.740709,normal
7077,1781099983.741424,http_flood
7078,1781099983.741956,http_flood
7079,1781099983.742537,normal
7080,1781099983.742991,syn_flood
7081,1781099983.743859,normal
7082,1781099983.744441,http_flood
7083,1781099983.744906,udp_reflection
7084,1781099983.745578,normal
7085,1781099983.746307,syn_flood
7086,1781099983.747019,normal
7087,1781099983.747668,normal
7088,1781099983.748664,udp_reflection
7089,1781099983.749655,udp_reflection
7090,1781099983.750243,normal
7091,1781099983.750771,normal
7092,1781099983.751198,http_flood
7093,1781099983.752089,normal
7094,1781099983.752630,normal
7095,1781099983.753215,http_flood
7096,1781099983.753811,normal
7097,1781099983.754419,udp_reflection
7098,1781099983.755054,syn_flood
7099,1781099983.755790,normal
7100,1781099983.756341,http_flood
7101,1781099983.757063,http_flood
7102,1781099983.758034,http_flood
7103,1781099983.758507,normal
7104,1781099983.759014,normal
7105,1781099983.759548,normal
7106,1781099983.760126,normal
7107,1781099983.761247,normal
7108,1781099983.761861,http_flood
7109,1781099983.762522,http_flood
7110,1781099983.763372,normal
7111,1781099983.763991,http_flood
7112,1781099983.764590,syn_flood
7113,1781099983.765013,normal
7114,1781099983.765985,normal
7115,1781099983.766586,syn_flood
7116,1781099983.767245,normal
7117,1781099983.767902,udp_reflection
7118,1781099983.768567,normal
7119,1781099983.769149,normal
7120,1781099983.769593,normal
7121,1781099983.770360,normal
7122,1781099983.771100,udp_reflection
7123,1781099983.771614,normal
7124,1781099983.772177,http_flood
7125,1781099983.772715,normal
7126,1781099983.773279,normal
7127,1781099983.773979,udp_reflection
7128,1781099983.774635,http_flood
7129,1781099983.775339,http_flood
7130,1781099983.776175,normal
7131,1781099983.777004,normal
7132,1781099983.777605,syn_flood
7133,1781099983.778094,normal
7134,1781099983.778766,udp_reflection
7135,1781099983.779325,normal
7136,1781099983.780082,udp_reflection
7137,1781099983.781034,normal
7138,1781099983.781651,normal
7139,1781099983.782257,normal
7140,1781099983.782616,normal
7141,1781099983.783377,normal
7142,1781099983.783943,normal
7143,1781099983.784389,http_flood
7144,1781099983.785021,normal
7145,1781099983.785842,normal
7146,1781099983.786814,http_flood
7147,1781099983.787631,udp_reflection
7148,1781099983.788428,normal
7149,1781099983.788948,http_flood
7150,1781099983.789695,udp_reflection
7151,1781099983.790640,http_flood
7152,1781099983.791327,http_flood
7153,1781099983.792189,normal
7154,1781099983.792779,normal
7155,1781099983.793390,normal
7156,1781099983.794186,normal
7157,1781099983.794897,normal
7158,1781099983.795616,udp_reflection
7159,1781099983.796058,normal
7160,1781099983.796516,normal
7161,1781099983.797268,normal
7162,1781099983.798048,udp_reflection
7163,1781099983.798530,udp_reflection
7164,1781099983.799783,udp_reflection
7165,1781099983.800638,normal
7166,1781099983.801255,syn_flood
7167,1781099983.801864,normal
7168,1781099983.802591,normal
7169,1781099983.803231,normal
7170,1781099983.803713,normal
7171,1781099983.804697,http_flood
7172,1781099983.805248,normal
7173,1781099983.805831,http_flood
7174,1781099983.806632,normal
7175,1781099983.807617,normal
7176,1781099983.808450,http_flood
7177,1781099983.809213,normal
7178,1781099983.809872,normal
7179,1781099983.810410,syn_flood
7180,1781099983.811394,normal
7181,1781099983.812381,normal
7182,1781099983.813112,normal
7183,1781099983.813749,normal
7184,1781099983.814301,udp_reflection
7185,1781099983.815510,udp_reflection
7186,1781099983.815863,normal
7187,1781099983.816564,normal
7188,1781099983.817048,normal
7189,1781099983.817452,normal
7190,1781099983.818253,http_flood
7191,1781099983.818845,normal
7192,1781099983.819521,normal
7193,1781099983.820244,normal
7194,1781099983.820710,udp_reflection
7195,1781099983.821234,normal
7196,1781099983.821824,normal
7197,1781099983.822494,http_flood
7198,1781099983.823227,normal
7199,1781099983.823818,syn_flood
7200,1781099983.824305,normal
7201,1781099983.825055,http_flood
7202,1781099983.825797,normal
7203,1781099983.826551,normal
7204,1781099983.827222,normal
7205,1781099983.827718,normal
7206,1781099983.828554,normal
7207,1781099983.829360,normal
7208,1781099983.830102,normal
7209,1781099983.830775,normal
7210,1781099983.831631,normal
7211,1781099983.832327,normal
7212,1781099983.833146,normal
7213,1781099983.833793,syn_flood
7214,1781099983.834603,http_flood
7215,1781099983.835131,http_flood
7216,1781099983.835716,normal
7217,1781099983.836258,normal
7218,1781099983.836762,http_flood
7219,1781099983.837376,normal
7220,1781099983.838446,http_flood
7221,1781099983.839143,normal
7222,1781099983.839626,http_flood
7223,1781099983.840318,normal
7224,1781099983.840822,syn_flood
7225,1781099983.841782,normal
7226,1781099983.842496,normal
7227,1781099983.843385,normal
7228,1781099983.844484,udp_reflection
7229,1781099983.845126,normal
7230,1781099983.845654,udp_reflection
7231,1781099983.846436,normal
7232,1781099983.847576,udp_reflection
7233,1781099983.848182,syn_flood
7234,1781099983.848784,normal
7235,1781099983.849368,normal
7236,1781099983.849871,normal
7237,1781099983.850363,syn_flood
7238,1781099983.850929,normal
7239,1781099983.851675,normal
7240,1781099983.852541,normal
7241,1781099983.852935,syn_flood
7242,1781099983.853928,normal
7243,1781099983.854652,normal
7244,1781099983.855249,http_flood
7245,1781099983.855886,normal
7246,1781099983.856482,syn_flood
7247,1781099983.857130,udp_reflection
7248,1781099983.857823,normal
7249,1781099983.858604,normal
7250,1781099983.859194,syn_flood
7251,1781099983.859931,syn_flood
7252,1781099983.860702,normal
7253,1781099983.861212,udp_reflection
7254,1781099983.861827,syn_flood
7255,1781099983.862290,http_flood
7256,1781099983.862958,normal
7257,1781099983.863433,udp_reflection
7258,1781099983.863990,normal
7259,1781099983.864505,normal
7260,1781099983.865392,normal
7261,1781099983.865999,normal
7262,1781099983.866876,normal
7263,1781099983.867635,normal
7264,1781099983.868262,normal
7265,1781099983.869009,normal
7266,1781099983.869479,normal
7267,1781099983.870034,normal
7268,1781099983.871029,syn_flood
7269,1781099983.871539,normal
7270,1781099983.872202,normal
7271,1781099983.872974,normal
7272,1781099983.873382,syn_flood
7273,1781099983.873971,udp_reflection
7274,1781099983.874593,normal
7275,1781099983.875331,normal
7276,1781099983.876100,normal
7277,1781099983.877120,normal
7278,1781099983.877827,http_flood
7279,1781099983.878346,normal
7280,1781099983.878920,syn_flood
7281,1781099983.879524,normal
7282,1781099983.880100,normal
7283,1781099983.881207,normal
7284,1781099983.881717,normal
7285,1781099983.882357,syn_flood
7286,1781099983.883120,http_flood
7287,1781099983.883671,syn_flood
7288,1781099983.884485,syn_flood
7289,1781099983.885211,normal
7290,1781099983.885823,normal
7291,1781099983.886667,normal
7292,1781099983.887530,udp_reflection
7293,1781099983.888205,normal
7294,1781099983.889062,normal
7295,1781099983.889933,normal
7296,1781099983.890527,normal
7297,1781099983.891253,syn_flood
7298,1781099983.892035,udp_reflection
7299,1781099983.892579,normal
7300,1781099983.893239,syn_flood
7301,1781099983.893738,normal
7302,1781099983.894311,syn_flood
7303,1781099983.894962,udp_reflection
7304,1781099983.895952,normal
7305,1781099983.896530,udp_reflection
7306,1781099983.897028,udp_reflection
7307,1781099983.897797,normal
7308,1781099983.898563,normal
7309,1781099983.899560,normal
7310,1781099983.900374,syn_flood
7311,1781099983.901171,normal
7312,1781099983.901686,normal
7313,1781099983.902203,normal
7314,1781099983.902816,normal
7315,1781099983.903442,normal
7316,1781099983.904254,http_flood
7317,1781099983.905025,normal
7318,1781099983.905418,normal
7319,1781099983.905947,http_flood
7320,1781099983.906488,syn_flood
7321,1781099983.907400,udp_reflection
7322,1781099983.907892,normal
7323,1781099983.908421,normal
7324,1781099983.909029,normal
7325,1781099983.909609,normal
7326,1781099983.910105,normal
7327,1781099983.910820,normal
7328,1781099983.911416,normal
7329,1781099983.912449,normal
7330,1781099983.913159,normal
7331,1781099983.913588,normal
7332,1781099983.914200,normal
7333,1781099983.914780,normal
7334,1781099983.915601,http_flood
7335,1781099983.916223,normal
7336,1781099983.917025,http_flood
7337,1781099983.917719,normal
7338,1781099983.918467,udp_reflection
7339,1781099983.919430,normal
7340,1781099983.920125,normal
7341,1781099983.920992,normal
7342,1781099983.921489,normal
7343,1781099983.922647,normal
7344,1781099983.923522,normal
7345,1781099983.924389,udp_reflection
7346,1781099983.924955,http_flood
7347,1781099983.925689,http_flood
7348,1781099983.926350,http_flood
7349,1781099983.926878,normal
7350,1781099983.927589,http_flood
7351,1781099983.928234,normal
7352,1781099983.929048,normal
7353,1781099983.929620,udp_reflection
7354,1781099983.930825,normal
7355,1781099983.931192,udp_reflection
7356,1781099983.931740,normal
7357,1781099983.932310,normal
7358,1781099983.933095,normal
7359,1781099983.933736,http_flood
7360,1781099983.934160,http_flood
7361,1781099983.934602,normal
7362,1781099983.935070,udp_reflection
7363,1781099983.935438,normal
7364,1781099983.936406,normal
7365,1781099983.937010,udp_reflection
7366,1781099983.937811,normal
7367,1781099983.938939,normal
7368,1781099983.939626,normal
7369,1781099983.940363,normal
7370,1781099983.940749,normal
7371,1781099983.941514,normal
7372,1781099983.942131,normal
7373,1781099983.942744,normal
7374,1781099983.943302,normal
7375,1781099983.943770,normal
7376,1781099983.944188,normal
7377,1781099983.944948,normal
7378,1781099983.945608,syn_flood
7379,1781099983.946192,http_flood
7380,1781099983.946943,normal
7381,1781099983.947579,normal
7382,1781099983.948147,normal
7383,1781099983.948785,http_flood
7384,1781099983.949455,normal
7385,1781099983.949986,normal
7386,1781099983.950562,syn_flood
7387,1781099983.951306,normal
7388,1781099983.951841,normal
7389,1781099983.952322,udp_reflection
7390,1781099983.953140,normal
7391,1781099983.953991,normal
7392,1781099983.954535,normal
7393,1781099983.955240,normal
7394,1781099983.956146,normal
7395,1781099983.956813,normal
7396,1781099983.957411,http_flood
7397,1781099983.958185,syn_flood
7398,1781099983.959092,http_flood
7399,1781099983.959904,udp_reflection
7400,1781099983.960422,normal
7401,1781099983.961082,normal
7402,1781099983.962010,http_flood
7403,1781099983.962591,normal
7404,1781099983.963323,udp_reflection
7405,1781099983.964105,normal
7406,1781099983.964929,http_flood
7407,1781099983.965415,normal
7408,1781099983.966391,syn_flood
7409,1781099983.967024,http_flood
7410,1781099983.967732,normal
7411,1781099983.968560,http_flood
7412,1781099983.969146,normal
7413,1781099983.969607,normal
7414,1781099983.970380,normal
7415,1781099983.971012,normal
7416,1781099983.971820,normal
7417,1781099983.972500,normal
7418,1781099983.973167,syn_flood
7419,1781099983.973779,normal
7420,1781099983.974436,udp_reflection
7421,1781099983.975197,normal
7422,1781099983.975644,normal
7423,1781099983.976170,syn_flood
7424,1781099983.976774,normal
7425,1781099983.977417,normal
7426,1781099983.977958,syn_flood
7427,1781099983.978832,normal
7428,1781099983.979429,normal
7429,1781099983.980228,normal
7430,1781099983.980759,normal
7431,1781099983.981576,normal
7432,1781099983.982359,udp_reflection
7433,1781099983.983004,normal
7434,1781099983.983934,udp_reflection
7435,1781099983.984905,normal
7436,1781099983.985661,normal
7437,1781099983.986236,normal
7438,1781099983.986660,http_flood
7439,1781099983.987371,http_flood
7440,1781099983.988017,normal
7441,1781099983.988575,normal
7442,1781099983.989173,normal
7443,1781099983.989847,normal
7444,1781099983.990677,normal
7445,1781099983.991299,normal
7446,1781099983.991896,normal
7447,1781099983.992553,normal
7448,1781099983.993078,normal
7449,1781099983.993707,normal
7450,1781099983.994354,normal
7451,1781099983.995010,udp_reflection
7452,1781099983.995756,http_flood
7453,1781099983.996652,udp_reflection
7454,1781099983.997451,http_flood
7455,1781099983.998018,normal
7456,1781099983.998838,normal
7457,1781099983.999351,udp_reflection
7458,1781099984.000231,syn_flood
7459,1781099984.000983,normal
7460,1781099984.001501,normal
7461,1781099984.002036,normal
7462,1781099984.002956,normal
7463,1781099984.003731,normal
7464,1781099984.004744,normal
7465,1781099984.005516,normal
7466,1781099984.006141,normal
7467,1781099984.006608,normal
7468,1781099984.007295,http_flood
7469,1781099984.007866,normal
7470,1781099984.008873,normal
7471,1781099984.009592,syn_flood
7472,1781099984.010140,udp_reflection
7473,1781099984.010693,normal
7474,1781099984.011525,normal
7475,1781099984.012350,udp_reflection
7476,1781099984.013249,normal
7477,1781099984.014003,normal
7478,1781099984.014631,http_flood
7479,1781099984.015363,http_flood
7480,1781099984.015943,normal
7481,1781099984.016763,syn_flood
7482,1781099984.017492,normal
7483,1781099984.018164,udp_reflection
7484,1781099984.019054,http_flood
7485,1781099984.019791,normal
7486,1781099984.020450,normal
7487,1781099984.021181,normal
7488,1781099984.021895,normal
7489,1781099984.022613,normal
7490,1781099984.023400,syn_flood
7491,1781099984.024337,normal
7492,1781099984.024977,normal
7493,1781099984.025730,http_flood
7494,1781099984.026486,normal
7495,1781099984.026951,normal
7496,1781099984.027676,normal
7497,1781099984.028162,udp_reflection
7498,1781099984.028589,normal
7499,1781099984.029264,normal
7500,1781099984.029991,syn_flood
7501,1781099984.030678,normal
7502,1781099984.031072,syn_flood
7503,1781099984.031605,normal
7504,1781099984.032265,normal
7505,1781099984.032918,udp_reflection
7506,1781099984.033555,normal
7507,1781099984.034009,udp_reflection
7508,1781099984.034443,normal
7509,1781099984.035234,normal
7510,1781099984.036022,syn_flood
7511,1781099984.037035,normal
7512,1781099984.037480,syn_flood
7513,1781099984.037928,normal
7514,1781099984.038656,syn_flood
7515,1781099984.039176,udp_reflection
7516,1781099984.039938,normal
7517,1781099984.040662,http_flood
7518,1781099984.041263,normal
7519,1781099984.041854,normal
7520,1781099984.042509,normal
7521,1781099984.042936,syn_flood
7522,1781099984.043808,normal
7523,1781099984.044487,http_flood
7524,1781099984.045085,normal
7525,1781099984.046002,normal
7526,1781099984.046694,normal
7527,1781099984.047396,udp_reflection
7528,1781099984.047911,normal
7529,1781099984.048553,normal
7530,1781099984.049193,normal
7531,1781099984.050039,normal
7532,1781099984.050673,udp_reflection
7533,1781099984.051293,normal
7534,1781099984.051725,normal
7535,1781099984.052368,udp_reflection
7536,1781099984.053213,http_flood
7537,1781099984.053825,syn_flood
7538,1781099984.054400,syn_flood
7539,1781099984.055189,normal
7540,1781099984.055746,normal
7541,1781099984.056583,syn_flood
7542,1781099984.057331,http_flood
7543,1781099984.058000,http_flood
7544,1781099984.058801,http_flood
7545,1781099984.059322,normal
7546,1781099984.060078,normal
7547,1781099984.060744,normal
7548,1781099984.061285,normal
7549,1781099984.061874,syn_flood
7550,1781099984.062707,normal
7551,1781099984.063127,normal
7552,1781099984.063582,normal
7553,1781099984.064228,normal
7554,1781099984.065151,http_flood
7555,1781099984.065905,normal
7556,1781099984.066570,udp_reflection
7557,1781099984.067300,normal
7558,1781099984.068212,normal
7559,1781099984.068946,http_flood
7560,1781099984.069693,udp_reflection
7561,1781099984.070253,syn_flood
7562,1781099984.070798,normal
7563,1781099984.071304,udp_reflection
7564,1781099984.072187,http_flood
7565,1781099984.072865,udp_reflection
7566,1781099984.073639,normal
7567,1781099984.074221,normal
7568,1781099984.074685,syn_flood
7569,1781099984.075256,udp_reflection
7570,1781099984.075977,normal
7571,1781099984.076633,normal
7572,1781099984.077174,normal
7573,1781099984.078023,syn_flood
7574,1781099984.078582,normal
7575,1781099984.079490,normal
7576,1781099984.079988,syn_flood
7577,1781099984.080672,normal
7578,1781099984.081383,syn_flood
7579,1781099984.082058,udp_reflection
7580,1781099984.083107,normal
7581,1781099984.083750,syn_flood
7582,1781099984.084414,udp_reflection
7583,1781099984.085174,normal
7584,1781099984.086218,normal
7585,1781099984.086886,syn_flood
7586,1781099984.087817,normal
7587,1781099984.088543,normal
7588,1781099984.089404,udp_reflection
7589,1781099984.090273,http_flood
7590,1781099984.091080,normal
7591,1781099984.091578,http_flood
7592,1781099984.092164,http_flood
7593,1781099984.093110,normal
7594,1781099984.093980,normal
7595,1781099984.094531,normal
7596,1781099984.095099,normal
7597,1781099984.095813,syn_flood
7598,1781099984.096620,normal
7599,1781099984.097149,normal
7600,1781099984.097828,normal
7601,1781099984.098389,http_flood
7602,1781099984.099040,normal
7603,1781099984.099802,normal
7604,1781099984.100414,normal
7605,1781099984.100891,normal
7606,1781099984.101307,http_flood
7607,1781099984.101965,normal
7608,1781099984.102625,http_flood
7609,1781099984.103424,normal
7610,1781099984.104048,normal
7611,1781099984.105067,normal
7612,1781099984.105637,normal
7613,1781099984.106328,normal
7614,1781099984.106939,normal
7615,1781099984.107742,normal
7616,1781099984.108308,normal
7617,1781099984.108896,normal
7618,1781099984.109483,normal
7619,1781099984.110133,normal
7620,1781099984.110876,http_flood
7621,1781099984.111631,normal
7622,1781099984.112672,syn_flood
7623,1781099984.113487,syn_flood
7624,1781099984.113944,http_flood
7625,1781099984.114430,udp_reflection
7626,1781099984.115064,normal
7627,1781099984.115924,normal
7628,1781099984.116586,normal
7629,1781099984.117030,http_flood
7630,1781099984.117609,normal
7631,1781099984.118322,normal
7632,1781099984.118722,udp_reflection
7633,1781099984.119245,udp_reflection
7634,1781099984.119899,http_flood
7635,1781099984.120723,normal
7636,1781099984.121149,normal
7637,1781099984.121652,udp_reflection
7638,1781099984.122871,normal
7639,1781099984.123441,udp_reflection
7640,1781099984.124279,normal
7641,1781099984.125004,normal
7642,1781099984.125670,normal
7643,1781099984.126156,syn_flood
7644,1781099984.127001,normal
7645,1781099984.127797,normal
7646,1781099984.128424,normal
7647,1781099984.128931,udp_reflection
7648,1781099984.129645,normal
7649,1781099984.130157,normal
7650,1781099984.130629,syn_flood
7651,1781099984.131544,normal
7652,1781099984.132084,normal
7653,1781099984.132901,normal
7654,1781099984.133384,normal
7655,1781099984.134067,normal
7656,1781099984.134579,normal
7657,1781099984.135118,normal
7658,1781099984.135625,http_flood
7659,1781099984.136500,normal
7660,1781099984.137080,normal
7661,1781099984.137843,http_flood
7662,1781099984.138289,http_flood
7663,1781099984.138856,syn_flood
7664,1781099984.139514,udp_reflection
7665,1781099984.140480,syn_flood
7666,1781099984.141309,normal
7667,1781099984.141899,normal
7668,1781099984.142400,normal
7669,1781099984.143176,normal
7670,1781099984.143854,normal
7671,1781099984.144566,normal
7672,1781099984.145155,syn_flood
7673,1781099984.145672,normal
7674,1781099984.146085,syn_flood
7675,1781099984.146821,normal
7676,1781099984.147631,normal
7677,1781099984.148085,normal
7678,1781099984.148798,http_flood
7679,1781099984.149453,normal
7680,1781099984.150077,http_flood
7681,1781099984.150681,normal
7682,1781099984.151451,normal
7683,1781099984.152019,syn_flood
7684,1781099984.152617,normal
7685,1781099984.153237,http_flood
7686,1781099984.153801,normal
7687,1781099984.154439,normal
7688,1781099984.155256,normal
7689,1781099984.155930,udp_reflection
7690,1781099984.156716,normal
7691,1781099984.157445,normal
7692,1781099984.157905,normal
7693,1781099984.158629,http_flood
7694,1781099984.159360,normal
7695,1781099984.160227,normal
7696,1781099984.161015,normal
7697,1781099984.161695,http_flood
7698,1781099984.162159,normal
7699,1781099984.162795,syn_flood
7700,1781099984.163320,normal
7701,1781099984.163949,normal
7702,1781099984.164695,normal
7703,1781099984.165357,normal
7704,1781099984.166312,normal
7705,1781099984.167034,normal
7706,1781099984.167794,normal
7707,1781099984.168540,http_flood
7708,1781099984.169370,normal
7709,1781099984.170265,syn_flood
7710,1781099984.170844,normal
7711,1781099984.171380,syn_flood
7712,1781099984.172089,syn_flood
7713,1781099984.172801,http_flood
7714,1781099984.173387,normal
7715,1781099984.174030,normal
7716,1781099984.174623,normal
7717,1781099984.175203,normal
7718,1781099984.175850,normal
7719,1781099984.176773,http_flood
7720,1781099984.177515,normal
7721,1781099984.178199,normal
7722,1781099984.179074,normal
7723,1781099984.179654,syn_flood
7724,1781099984.180084,normal
7725,1781099984.180706,syn_flood
7726,1781099984.181469,syn_flood
7727,1781099984.182046,normal
7728,1781099984.183408,normal
7729,1781099984.184053,syn_flood
7730,1781099984.184714,http_flood
7731,1781099984.185547,normal
7732,1781099984.186158,http_flood
7733,1781099984.186659,normal
7734,1781099984.187509,normal
7735,1781099984.188272,http_flood
7736,1781099984.188765,normal
7737,1781099984.189553,udp_reflection
7738,1781099984.190251,syn_flood
7739,1781099984.191366,normal
7740,1781099984.192054,udp_reflection
7741,1781099984.192998,syn_flood
7742,1781099984.193681,normal
7743,1781099984.194701,normal
7744,1781099984.195271,normal
7745,1781099984.196020,normal
7746,1781099984.196759,http_flood
7747,1781099984.197233,normal
7748,1781099984.197904,http_flood
7749,1781099984.198538,normal
7750,1781099984.199007,normal
7751,1781099984.199878,normal
7752,1781099984.200581,normal
7753,1781099984.201157,http_flood
7754,1781099984.201669,http_flood
7755,1781099984.202372,syn_flood
7756,1781099984.202956,normal
7757,1781099984.203547,normal
7758,1781099984.204266,normal
7759,1781099984.204849,normal
7760,1781099984.205366,udp_reflection
7761,1781099984.206082,normal
7762,1781099984.206685,normal
7763,1781099984.207322,normal
7764,1781099984.208092,normal
7765,1781099984.208656,normal
7766,1781099984.209434,udp_reflection
7767,1781099984.209933,normal
7768,1781099984.210736,http_flood
7769,1781099984.211350,http_flood
7770,1781099984.212304,normal
7771,1781099984.212830,normal
7772,1781099984.213405,normal
7773,1781099984.214250,normal
7774,1781099984.214687,normal
7775,1781099984.215369,normal
7776,1781099984.215973,normal
7777,1781099984.216433,normal
7778,1781099984.217121,normal
7779,1781099984.217541,udp_reflection
7780,1781099984.218142,normal
7781,1781099984.218657,normal
7782,1781099984.219297,http_flood
7783,1781099984.219961,normal
7784,1781099984.220806,normal
7785,1781099984.221422,normal
7786,1781099984.221959,normal
7787,1781099984.222609,normal
7788,1781099984.223366,normal
7789,1781099984.223785,normal
7790,1781099984.224338,normal
7791,1781099984.224904,normal
7792,1781099984.225545,normal
7793,1781099984.226206,normal
7794,1781099984.226954,normal
7795,1781099984.227650,normal
7796,1781099984.228220,http_flood
7797,1781099984.228891,normal
7798,1781099984.229873,normal
7799,1781099984.230669,normal
7800,1781099984.231325,udp_reflection
7801,1781099984.232152,syn_flood
7802,1781099984.232887,normal
7803,1781099984.233580,normal
7804,1781099984.234336,normal
7805,1781099984.235126,normal
7806,1781099984.235863,normal
7807,1781099984.236595,normal
7808,1781099984.237428,normal
7809,1781099984.237867,normal
7810,1781099984.238424,normal
7811,1781099984.239018,normal
7812,1781099984.239883,normal
7813,1781099984.240572,normal
7814,1781099984.241313,udp_reflection
7815,1781099984.241797,normal
7816,1781099984.242587,udp_reflection
7817,1781099984.243276,normal
7818,1781099984.244022,normal
7819,1781099984.244908,normal
7820,1781099984.245525,normal
7821,1781099984.246081,normal
7822,1781099984.246790,normal
7823,1781099984.247484,syn_flood
7824,1781099984.248034,udp_reflection
7825,1781099984.248429,normal
7826,1781099984.249194,http_flood
7827,1781099984.249925,normal
7828,1781099984.250400,normal
7829,1781099984.251038,normal
7830,1781099984.251481,normal
7831,1781099984.252300,normal
7832,1781099984.252902,normal
7833,1781099984.253711,normal
7834,1781099984.254384,http_flood
7835,1781099984.255293,normal
7836,1781099984.256078,syn_flood
7837,1781099984.256873,normal
7838,1781099984.257813,udp_reflection
7839,1781099984.258438,http_flood
7840,1781099984.259036,normal
7841,1781099984.259592,normal
7842,1781099984.260443,normal
7843,1781099984.261287,normal
7844,1781099984.261938,normal
7845,1781099984.262568,normal
7846,1781099984.263464,normal
7847,1781099984.264067,http_flood
7848,1781099984.264464,normal
7849,1781099984.265370,normal
7850,1781099984.265985,http_flood
7851,1781099984.266499,udp_reflection
7852,1781099984.267395,udp_reflection
7853,1781099984.268070,normal
7854,1781099984.268641,udp_reflection
7855,1781099984.269323,normal
7856,1781099984.269855,http_flood
7857,1781099984.271008,http_flood
7858,1781099984.271564,normal
7859,1781099984.272233,http_flood
7860,1781099984.273084,normal
7861,1781099984.273595,normal
7862,1781099984.274257,udp_reflection
7863,1781099984.274825,normal
7864,1781099984.275738,normal
7865,1781099984.276355,normal
7866,1781099984.277008,syn_flood
7867,1781099984.277857,normal
7868,1781099984.278572,syn_flood
7869,1781099984.279314,normal
7870,1781099984.280199,normal
7871,1781099984.281022,normal
7872,1781099984.281881,normal
7873,1781099984.282373,normal
7874,1781099984.282891,syn_flood
7875,1781099984.284009,udp_reflection
7876,1781099984.284819,udp_reflection
7877,1781099984.285380,syn_flood
7878,1781099984.286083,normal
7879,1781099984.286658,normal
7880,1781099984.287215,normal
7881,1781099984.287745,http_flood
7882,1781099984.288679,normal
7883,1781099984.289430,http_flood
7884,1781099984.290071,syn_flood
7885,1781099984.290995,normal
7886,1781099984.291877,normal
7887,1781099984.292685,normal
7888,1781099984.293186,normal
7889,1781099984.293987,udp_reflection
7890,1781099984.294895,normal
7891,1781099984.295652,syn_flood
7892,1781099984.296262,syn_flood
7893,1781099984.297018,http_flood
7894,1781099984.297538,normal
7895,1781099984.297990,normal
7896,1781099984.298796,udp_reflection
7897,1781099984.299521,normal
7898,1781099984.300145,http_flood
7899,1781099984.300601,udp_reflection
7900,1781099984.301140,normal
7901,1781099984.301805,syn_flood
7902,1781099984.302386,normal
7903,1781099984.303001,normal
7904,1781099984.303571,udp_reflection
7905,1781099984.304185,syn_flood
7906,1781099984.304961,normal
7907,1781099984.305811,normal
7908,1781099984.306572,normal
7909,1781099984.307150,normal
7910,1781099984.307699,normal
7911,1781099984.308484,udp_reflection
7912,1781099984.309223,normal
7913,1781099984.310097,http_flood
7914,1781099984.310621,normal
7915,1781099984.311228,normal
7916,1781099984.311872,normal
7917,1781099984.312685,udp_reflection
7918,1781099984.313445,normal
7919,1781099984.313912,normal
7920,1781099984.314707,normal
7921,1781099984.315458,normal
7922,1781099984.316000,normal
7923,1781099984.316649,http_flood
7924,1781099984.317398,http_flood
7925,1781099984.318418,syn_flood
7926,1781099984.319023,normal
7927,1781099984.319616,normal
7928,1781099984.320621,udp_reflection
7929,1781099984.321671,normal
7930,1781099984.322281,normal
7931,1781099984.323148,http_flood
7932,1781099984.323810,normal
7933,1781099984.324600,normal
7934,1781099984.325232,normal
7935,1781099984.325816,normal
7936,1781099984.326859,normal
7937,1781099984.327332,normal
7938,1781099984.328081,normal
7939,1781099984.328576,normal
7940,1781099984.329143,normal
7941,1781099984.330189,syn_flood
7942,1781099984.330737,syn_flood
7943,1781099984.331407,normal
7944,1781099984.331898,udp_reflection
7945,1781099984.332775,normal
7946,1781099984.333470,syn_flood
7947,1781099984.334083,udp_reflection
7948,1781099984.334729,udp_reflection
7949,1781099984.335315,normal
7950,1781099984.335829,normal
7951,1781099984.336590,normal
7952,1781099984.337176,normal
7953,1781099984.337681,normal
7954,1781099984.338145,normal
7955,1781099984.338810,syn_flood
7956,1781099984.339799,normal
7957,1781099984.340585,normal
7958,1781099984.341278,normal
7959,1781099984.341937,http_flood
7960,1781099984.342495,normal
7961,1781099984.343096,normal
7962,1781099984.343874,normal
7963,1781099984.344263,normal
7964,1781099984.344826,http_flood
7965,1781099984.345308,normal
7966,1781099984.345872,udp_reflection
7967,1781099984.346549,normal
7968,1781099984.347402,normal
7969,1781099984.348077,normal
7970,1781099984.349018,normal
7971,1781099984.349966,normal
7972,1781099984.350586,normal
7973,1781099984.351313,syn_flood
7974,1781099984.351737,normal
7975,1781099984.352585,normal
7976,1781099984.353503,normal
7977,1781099984.354651,http_flood
7978,1781099984.355272,normal
7979,1781099984.355933,syn_flood
7980,1781099984.356644,normal
7981,1781099984.357227,normal
7982,1781099984.357988,normal
7983,1781099984.358725,normal
7984,1781099984.359496,normal
7985,1781099984.360321,udp_reflection
7986,1781099984.360930,normal
7987,1781099984.361906,syn_flood
7988,1781099984.362857,udp_reflection
7989,1781099984.363537,syn_flood
7990,1781099984.364333,syn_flood
7991,1781099984.364885,syn_flood
7992,1781099984.365488,syn_flood
7993,1781099984.366271,normal
7994,1781099984.366821,normal
7995,1781099984.367433,http_flood
7996,1781099984.368398,syn_flood
7997,1781099984.369188,normal
7998,1781099984.369838,normal
7999,1781099984.371137,normal
8000,1781099984.371697,http_flood
8001,1781099984.372237,normal
8002,1781099984.372974,normal
8003,1781099984.373806,normal
8004,1781099984.374419,normal
8005,1781099984.375031,normal
8006,1781099984.375461,syn_flood
8007,1781099984.376259,normal
8008,1781099984.377078,udp_reflection
8009,1781099984.377720,normal
8010,1781099984.378405,normal
8011,1781099984.379112,normal
8012,1781099984.379820,normal
8013,1781099984.380506,http_flood
8014,1781099984.381042,normal
8015,1781099984.381996,normal
8016,1781099984.382694,normal
8017,1781099984.383428,normal
8018,1781099984.384113,http_flood
8019,1781099984.384894,udp_reflection
8020,1781099984.385561,normal
8021,1781099984.386518,normal
8022,1781099984.387134,http_flood
8023,1781099984.387698,normal
8024,1781099984.388297,http_flood
8025,1781099984.389172,normal
8026,1781099984.389840,normal
8027,1781099984.390569,normal
8028,1781099984.391474,udp_reflection
8029,1781099984.392179,normal
8030,1781099984.392619,udp_reflection
8031,1781099984.393640,syn_flood
8032,1781099984.394645,normal
8033,1781099984.395288,normal
8034,1781099984.396253,udp_reflection
8035,1781099984.397176,syn_flood
8036,1781099984.397863,udp_reflection
8037,1781099984.398509,udp_reflection
8038,1781099984.398878,normal
8039,1781099984.399634,normal
8040,1781099984.400272,normal
8041,1781099984.400851,normal
8042,1781099984.401524,normal
8043,1781099984.402132,normal
8044,1781099984.402652,normal
8045,1781099984.403537,normal
8046,1781099984.404067,normal
8047,1781099984.404623,http_flood
8048,1781099984.405292,http_flood
8049,1781099984.406208,normal
8050,1781099984.406716,udp_reflection
8051,1781099984.407249,syn_flood
8052,1781099984.407909,udp_reflection
8053,1781099984.408608,http_flood
8054,1781099984.409381,normal
8055,1781099984.410124,syn_flood
8056,1781099984.410658,normal
8057,1781099984.411589,syn_flood
8058,1781099984.412130,normal
8059,1781099984.412715,normal
8060,1781099984.413368,normal
8061,1781099984.414124,udp_reflection
8062,1781099984.414950,udp_reflection
8063,1781099984.415469,normal
8064,1781099984.416007,normal
8065,1781099984.416635,normal
8066,1781099984.417260,normal
8067,1781099984.418089,normal
8068,1781099984.418638,udp_reflection
8069,1781099984.419126,normal
8070,1781099984.420216,normal
8071,1781099984.420878,normal
8072,1781099984.421563,syn_flood
8073,1781099984.422256,normal
8074,1781099984.422998,udp_reflection
8075,1781099984.423544,normal
8076,1781099984.424275,http_flood
8077,1781099984.425028,http_flood
8078,1781099984.425582,normal
8079,1781099984.426249,http_flood
8080,1781099984.427347,normal
8081,1781099984.428074,normal
8082,1781099984.428852,normal
8083,1781099984.429668,syn_flood
8084,1781099984.430266,normal
8085,1781099984.430975,normal
8086,1781099984.431623,udp_reflection
8087,1781099984.432437,http_flood
8088,1781099984.433032,normal
8089,1781099984.433525,normal
8090,1781099984.434208,normal
8091,1781099984.434793,normal
8092,1781099984.435514,normal
8093,1781099984.436180,normal
8094,1781099984.437026,http_flood
8095,1781099984.437574,syn_flood
8096,1781099984.438429,normal
8097,1781099984.439622,normal
8098,1781099984.440510,normal
8099,1781099984.441061,syn_flood
8100,1781099984.441444,normal
8101,1781099984.442134,http_flood
8102,1781099984.442697,normal
8103,1781099984.443433,syn_flood
8104,1781099984.444150,http_flood
8105,1781099984.444729,normal
8106,1781099984.445415,normal
8107,1781099984.445942,normal
8108,1781099984.446524,normal
8109,1781099984.446932,normal
8110,1781099984.447665,udp_reflection
8111,1781099984.448242,normal
8112,1781099984.448728,udp_reflection
8113,1781099984.449455,udp_reflection
8114,1781099984.450213,udp_reflection
8115,1781099984.450861,udp_reflection
8116,1781099984.451548,normal
8117,1781099984.452374,http_flood
8118,1781099984.453051,normal
8119,1781099984.453897,http_flood
8120,1781099984.454562,syn_flood
8121,1781099984.455287,udp_reflection
8122,1781099984.455784,normal
8123,1781099984.456496,normal
8124,1781099984.457138,normal
8125,1781099984.457564,normal
8126,1781099984.458532,http_flood
8127,1781099984.459290,udp_reflection
8128,1781099984.460065,normal
8129,1781099984.460580,http_flood
8130,1781099984.461222,syn_flood
8131,1781099984.461896,normal
8132,1781099984.462490,normal
8133,1781099984.463165,normal
8134,1781099984.463881,normal
8135,1781099984.464377,normal
8136,1781099984.465137,normal
8137,1781099984.465847,normal
8138,1781099984.466540,syn_flood
8139,1781099984.467191,normal
8140,1781099984.467956,normal
8141,1781099984.468486,normal
8142,1781099984.469024,udp_reflection
8143,1781099984.469673,normal
8144,1781099984.470364,udp_reflection
8145,1781099984.470983,normal
8146,1781099984.471671,http_flood
8147,1781099984.472524,udp_reflection
8148,1781099984.473186,normal
8149,1781099984.474131,normal
8150,1781099984.474702,syn_flood
8151,1781099984.475340,normal
8152,1781099984.476211,normal
8153,1781099984.476800,normal
8154,1781099984.477367,udp_reflection
8155,1781099984.477875,normal
8156,1781099984.478866,http_flood
8157,1781099984.479576,normal
8158,1781099984.480205,normal
8159,1781099984.480991,syn_flood
8160,1781099984.481673,normal
8161,1781099984.482706,http_flood
8162,1781099984.483234,normal
8163,1781099984.484202,normal
8164,1781099984.485031,normal
8165,1781099984.485674,syn_flood
8166,1781099984.486602,normal
8167,1781099984.487505,normal
8168,1781099984.488269,syn_flood
8169,1781099984.488891,udp_reflection
8170,1781099984.489579,syn_flood
8171,1781099984.490408,normal
8172,1781099984.490942,normal
8173,1781099984.491580,syn_flood
8174,1781099984.492569,normal
8175,1781099984.493251,normal
8176,1781099984.493997,normal
8177,1781099984.494611,syn_flood
8178,1781099984.495301,normal
8179,1781099984.496123,normal
8180,1781099984.496527,normal
8181,1781099984.497267,syn_flood
8182,1781099984.497875,syn_flood
8183,1781099984.498568,udp_reflection
8184,1781099984.499186,http_flood
8185,1781099984.499792,udp_reflection
8186,1781099984.500443,syn_flood
8187,1781099984.501168,udp_reflection
8188,1781099984.501965,http_flood
8189,1781099984.502640,normal
8190,1781099984.503276,syn_flood
8191,1781099984.503912,normal
8192,1781099984.504619,normal
8193,1781099984.505170,normal
8194,1781099984.505909,udp_reflection
8195,1781099984.506589,syn_flood
8196,1781099984.507016,normal
8197,1781099984.507914,normal
8198,1781099984.508522,normal
8199,1781099984.508927,normal
8200,1781099984.509833,http_flood
8201,1781099984.510329,normal
8202,1781099984.510856,normal
8203,1781099984.511605,normal
8204,1781099984.512445,normal
8205,1781099984.512951,normal
8206,1781099984.513757,syn_flood
8207,1781099984.514278,normal
8208,1781099984.515119,normal
8209,1781099984.515787,syn_flood
8210,1781099984.516473,normal
8211,1781099984.517097,syn_flood
8212,1781099984.517728,udp_reflection
8213,1781099984.518465,normal
8214,1781099984.518993,normal
8215,1781099984.519499,normal
8216,1781099984.520214,normal
8217,1781099984.520936,normal
8218,1781099984.521582,normal
8219,1781099984.522261,normal
8220,1781099984.522913,normal
8221,1781099984.523532,http_flood
8222,1781099984.524093,normal
8223,1781099984.524522,normal
8224,1781099984.525133,udp_reflection
8225,1781099984.525774,normal
8226,1781099984.526363,udp_reflection
8227,1781099984.527473,udp_reflection
8228,1781099984.528304,normal
8229,1781099984.528959,normal
8230,1781099984.529644,normal
8231,1781099984.530324,normal
8232,1781099984.530760,normal
8233,1781099984.531426,normal
8234,1781099984.531860,http_flood
8235,1781099984.532637,normal
8236,1781099984.533199,normal
8237,1781099984.533815,normal
8238,1781099984.534243,normal
8239,1781099984.534813,normal
8240,1781099984.535520,normal
8241,1781099984.536288,normal
8242,1781099984.536898,normal
8243,1781099984.537658,normal
8244,1781099984.538339,normal
8245,1781099984.538937,http_flood
8246,1781099984.539542,udp_reflection
8247,1781099984.540275,normal
8248,1781099984.541181,normal
8249,1781099984.541841,syn_flood
8250,1781099984.542706,udp_reflection
8251,1781099984.543455,normal
8252,1781099984.544038,udp_reflection
8253,1781099984.544652,syn_flood
8254,1781099984.545243,http_flood
8255,1781099984.545742,syn_flood
8256,1781099984.546483,syn_flood
8257,1781099984.546957,udp_reflection
8258,1781099984.547658,normal
8259,1781099984.548282,normal
8260,1781099984.549012,udp_reflection
8261,1781099984.549685,normal
8262,1781099984.550407,normal
8263,1781099984.551175,normal
8264,1781099984.551774,normal
8265,1781099984.552492,normal
8266,1781099984.553447,normal
8267,1781099984.554091,normal
8268,1781099984.554566,normal
8269,1781099984.555642,udp_reflection
8270,1781099984.556165,udp_reflection
8271,1781099984.556777,normal
8272,1781099984.558165,normal
8273,1781099984.558989,normal
8274,1781099984.559739,normal
8275,1781099984.560318,udp_reflection
8276,1781099984.560895,syn_flood
8277,1781099984.561945,normal
8278,1781099984.562437,normal
8279,1781099984.562897,syn_flood
8280,1781099984.563514,http_flood
8281,1781099984.564178,normal
8282,1781099984.565015,normal
8283,1781099984.565818,udp_reflection
8284,1781099984.566599,http_flood
8285,1781099984.567452,normal
8286,1781099984.568360,normal
8287,1781099984.569107,normal
8288,1781099984.569873,normal
8289,1781099984.570610,normal
8290,1781099984.571304,http_flood
8291,1781099984.571925,normal
8292,1781099984.572435,syn_flood
8293,1781099984.573013,syn_flood
8294,1781099984.573648,normal
8295,1781099984.574476,http_flood
8296,1781099984.575021,normal
8297,1781099984.575755,normal
8298,1781099984.576353,http_flood
8299,1781099984.577060,udp_reflection
8300,1781099984.577971,syn_flood
8301,1781099984.578682,udp_reflection
8302,1781099984.579259,normal
8303,1781099984.579832,udp_reflection
8304,1781099984.580590,syn_flood
8305,1781099984.581058,normal
8306,1781099984.581762,normal
8307,1781099984.582338,normal
8308,1781099984.583177,normal
8309,1781099984.584199,normal
8310,1781099984.584760,normal
8311,1781099984.585406,udp_reflection
8312,1781099984.586154,normal
8313,1781099984.586792,normal
8314,1781099984.587537,syn_flood
8315,1781099984.588370,normal
8316,1781099984.588947,normal
8317,1781099984.589813,http_flood
8318,1781099984.590406,normal
8319,1781099984.591224,normal
8320,1781099984.591791,syn_flood
8321,1781099984.592461,normal
8322,1781099984.593067,normal
8323,1781099984.593714,normal
8324,1781099984.594682,normal
8325,1781099984.595791,normal
8326,1781099984.596580,http_flood
8327,1781099984.597167,normal
8328,1781099984.598193,normal
8329,1781099984.598570,syn_flood
8330,1781099984.599143,normal
8331,1781099984.599684,syn_flood
8332,1781099984.600520,udp_reflection
8333,1781099984.601264,normal
8334,1781099984.601681,normal
8335,1781099984.602387,normal
8336,1781099984.603105,udp_reflection
8337,1781099984.603776,normal
8338,1781099984.604801,http_flood
8339,1781099984.605414,normal
8340,1781099984.606176,syn_flood
8341,1781099984.606816,normal
8342,1781099984.607580,normal
8343,1781099984.608199,syn_flood
8344,1781099984.608773,normal
8345,1781099984.609353,normal
8346,1781099984.609906,normal
8347,1781099984.610757,udp_reflection
8348,1781099984.611588,syn_flood
8349,1781099984.612330,normal
8350,1781099984.613073,normal
8351,1781099984.613731,normal
8352,1781099984.614569,normal
8353,1781099984.615262,http_flood
8354,1781099984.615870,normal
8355,1781099984.616598,normal
8356,1781099984.617205,normal
8357,1781099984.617909,normal
8358,1781099984.618513,udp_reflection
8359,1781099984.619134,syn_flood
8360,1781099984.619703,normal
8361,1781099984.620819,normal
8362,1781099984.621595,normal
8363,1781099984.622074,normal
8364,1781099984.622696,normal
8365,1781099984.623266,normal
8366,1781099984.623959,normal
8367,1781099984.624592,syn_flood
8368,1781099984.625119,normal
8369,1781099984.625562,normal
8370,1781099984.626108,udp_reflection
8371,1781099984.626728,http_flood
8372,1781099984.627638,normal
8373,1781099984.628231,normal
8374,1781099984.629072,normal
8375,1781099984.629701,udp_reflection
8376,1781099984.630472,udp_reflection
8377,1781099984.631016,http_flood
8378,1781099984.631549,normal
8379,1781099984.632166,udp_reflection
8380,1781099984.632793,http_flood
8381,1781099984.633673,udp_reflection
8382,1781099984.634265,http_flood
8383,1781099984.634998,normal
8384,1781099984.635693,normal
8385,1781099984.636319,udp_reflection
8386,1781099984.637112,normal
8387,1781099984.637733,normal
8388,1781099984.638530,normal
8389,1781099984.639139,udp_reflection
8390,1781099984.640176,syn_flood
8391,1781099984.640884,http_flood
8392,1781099984.641409,normal
8393,1781099984.642020,syn_flood
8394,1781099984.642837,normal
8395,1781099984.643640,normal
8396,1781099984.644365,http_flood
8397,1781099984.645032,normal
8398,1781099984.645746,normal
8399,1781099984.646493,normal
8400,1781099984.647264,normal
8401,1781099984.647841,udp_reflection
8402,1781099984.648347,normal
8403,1781099984.648788,normal
8404,1781099984.649595,normal
8405,1781099984.650201,normal
8406,1781099984.650940,normal
8407,1781099984.651602,http_flood
8408,1781099984.652255,normal
8409,1781099984.652783,normal
8410,1781099984.653536,syn_flood
8411,1781099984.654430,normal
8412,1781099984.655034,normal
8413,1781099984.655587,normal
8414,1781099984.656386,syn_flood
8415,1781099984.657190,normal
8416,1781099984.658120,normal
8417,1781099984.659025,udp_reflection
8418,1781099984.660106,normal
8419,1781099984.660726,normal
8420,1781099984.661269,udp_reflection
8421,1781099984.661953,normal
8422,1781099984.662739,normal
8423,1781099984.663321,normal
8424,1781099984.663913,normal
8425,1781099984.664515,udp_reflection
8426,1781099984.665241,normal
8427,1781099984.665998,http_flood
8428,1781099984.666517,normal
8429,1781099984.667152,normal
8430,1781099984.667632,normal
8431,1781099984.668075,normal
8432,1781099984.668640,http_flood
8433,1781099984.669417,syn_flood
8434,1781099984.670346,syn_flood
8435,1781099984.671006,normal
8436,1781099984.671688,normal
8437,1781099984.672256,http_flood
8438,1781099984.673114,http_flood
8439,1781099984.673901,syn_flood
8440,1781099984.674559,normal
8441,1781099984.675110,normal
8442,1781099984.675844,udp_reflection
8443,1781099984.676487,udp_reflection
8444,1781099984.677241,normal
8445,1781099984.677911,normal
8446,1781099984.678872,udp_reflection
8447,1781099984.679733,syn_flood
8448,1781099984.680519,normal
8449,1781099984.681331,normal
8450,1781099984.681995,normal
8451,1781099984.682726,syn_flood
8452,1781099984.683340,normal
8453,1781099984.683962,normal
8454,1781099984.684729,syn_flood
8455,1781099984.685553,normal
8456,1781099984.686021,normal
8457,1781099984.686583,udp_reflection
8458,1781099984.687408,normal
8459,1781099984.688298,normal
8460,1781099984.688942,normal
8461,1781099984.689605,normal
8462,1781099984.690389,normal
8463,1781099984.690958,normal
8464,1781099984.691939,normal
8465,1781099984.692407,normal
8466,1781099984.693103,http_flood
8467,1781099984.693820,udp_reflection
8468,1781099984.694801,normal
8469,1781099984.695445,normal
8470,1781099984.696208,udp_reflection
8471,1781099984.696934,http_flood
8472,1781099984.697539,http_flood
8473,1781099984.698104,normal
8474,1781099984.698808,http_flood
8475,1781099984.699413,normal
8476,1781099984.700057,udp_reflection
8477,1781099984.700423,http_flood
8478,1781099984.701051,normal
8479,1781099984.701827,normal
8480,1781099984.702373,syn_flood
8481,1781099984.703060,normal
8482,1781099984.703548,normal
8483,1781099984.704261,normal
8484,1781099984.705088,normal
8485,1781099984.705624,normal
8486,1781099984.706471,syn_flood
8487,1781099984.707063,normal
8488,1781099984.707755,normal
8489,1781099984.708286,normal
8490,1781099984.708818,http_flood
8491,1781099984.709431,http_flood
8492,1781099984.709834,normal
8493,1781099984.711920,normal
8494,1781099984.714560,normal
8495,1781099984.716538,normal
8496,1781099984.719684,normal
8497,1781099984.721216,normal
8498,1781099984.723093,normal
8499,1781099984.725494,normal
8500,1781099984.728130,normal
8501,1781099984.730921,normal
8502,1781099984.733370,normal
8503,1781099984.735323,normal
8504,1781099984.736964,normal
8505,1781099984.739172,normal
8506,1781099984.741125,normal
8507,1781099984.743039,normal
8508,1781099984.746312,normal
8509,1781099984.747935,normal
8510,1781099984.750641,normal
8511,1781099984.752557,normal
8512,1781099984.754843,normal
8513,1781099984.756548,normal
8514,1781099984.758248,normal
8515,1781099984.759782,normal
8516,1781099984.761769,normal
8517,1781099984.763785,normal
8518,1781099984.766252,normal
8519,1781099984.767847,normal
8520,1781099984.769975,normal
8521,1781099984.772524,normal
8522,1781099984.774443,normal
8523,1781099984.776619,udp_reflection
8524,1781099984.777738,normal
8525,1781099984.780171,http_flood
8526,1781099984.782184,udp_reflection
8527,1781099984.784573,normal
8528,1781099984.786846,normal
8529,1781099984.789605,normal
8530,1781099984.791744,normal
8531,1781099984.794278,normal
8532,1781099984.796877,normal
8533,1781099984.798653,normal
8534,1781099984.800488,normal
8535,1781099984.801990,normal
8536,1781099984.803618,normal
8537,1781099984.805595,normal
8538,1781099984.807278,normal
8539,1781099984.808734,normal
8540,1781099984.810666,normal
8541,1781099984.812803,syn_flood
8542,1781099984.814580,normal
8543,1781099984.816813,normal
8544,1781099984.819326,normal
8545,1781099984.821687,normal
8546,1781099984.823864,normal
8547,1781099984.826361,normal
8548,1781099984.828199,normal
8549,1781099984.830767,normal
8550,1781099984.833232,udp_reflection
8551,1781099984.835527,normal
8552,1781099984.837630,udp_reflection
8553,1781099984.840187,normal
8554,1781099984.842820,http_flood
8555,1781099984.844902,normal
8556,1781099984.846195,normal
8557,1781099984.848650,normal
8558,1781099984.850603,normal
8559,1781099984.852830,normal
8560,1781099984.854921,normal
8561,1781099984.857908,normal
8562,1781099984.859707,normal
8563,1781099984.861713,normal
8564,1781099984.863603,normal
8565,1781099984.866540,udp_reflection
8566,1781099984.868976,normal
8567,1781099984.870860,normal
8568,1781099984.873432,normal
8569,1781099984.876050,normal
8570,1781099984.877759,normal
8571,1781099984.879384,normal
8572,1781099984.881995,http_flood
8573,1781099984.883867,syn_flood
8574,1781099984.885790,normal
8575,1781099984.888084,normal
8576,1781099984.890498,normal
8577,1781099984.892818,normal
8578,1781099984.894645,normal
8579,1781099984.896682,normal
8580,1781099984.899397,normal
8581,1781099984.901815,normal
8582,1781099984.903870,normal
8583,1781099984.906696,normal
8584,1781099984.909834,normal
8585,1781099984.911649,normal
8586,1781099984.913388,normal
8587,1781099984.916330,normal
8588,1781099984.919232,normal
8589,1781099984.921978,normal
8590,1781099984.923664,normal
8591,1781099984.926507,normal
8592,1781099984.928180,normal
8593,1781099984.930182,normal
8594,1781099984.932972,http_flood
8595,1781099984.935325,normal
8596,1781099984.937824,normal
8597,1781099984.939957,normal
8598,1781099984.942175,normal
8599,1781099984.943984,normal
8600,1781099984.946150,normal
8601,1781099984.948495,normal
8602,1781099984.950794,normal
8603,1781099984.952716,normal
8604,1781099984.955472,normal
8605,1781099984.957367,normal
8606,1781099984.959475,normal
8607,1781099984.962100,normal
8608,1781099984.963952,normal
8609,1781099984.966255,normal
8610,1781099984.968884,http_flood
8611,1781099984.971630,normal
8612,1781099984.973935,normal
8613,1781099984.975810,normal
8614,1781099984.978285,normal
8615,1781099984.980192,normal
8616,1781099984.982586,normal
8617,1781099984.984466,normal
8618,1781099984.986122,normal
8619,1781099984.987763,normal
8620,1781099984.989976,udp_reflection
8621,1781099984.992216,normal
8622,1781099984.993512,normal
8623,1781099984.996113,normal
8624,1781099984.998466,normal
8625,1781099985.000774,udp_reflection
8626,1781099985.003022,normal
8627,1781099985.005103,normal
8628,1781099985.007665,normal
8629,1781099985.010893,normal
8630,1781099985.012834,http_flood
8631,1781099985.015599,normal
8632,1781099985.017361,udp_reflection
8633,1781099985.019473,normal
8634,1781099985.023095,normal
8635,1781099985.025329,http_flood
8636,1781099985.027681,normal
8637,1781099985.029678,normal
8638,1781099985.031960,normal
8639,1781099985.035016,normal
8640,1781099985.037255,normal
8641,1781099985.039490,normal
8642,1781099985.041833,normal
8643,1781099985.043513,udp_reflection
8644,1781099985.046261,normal
8645,1781099985.048561,normal
8646,1781099985.051343,syn_flood
8647,1781099985.052895,normal
8648,1781099985.054997,normal
8649,1781099985.056786,normal
8650,1781099985.058608,normal
8651,1781099985.060958,normal
8652,1781099985.063137,normal
8653,1781099985.065177,normal
8654,1781099985.066405,normal
8655,1781099985.069981,normal
8656,1781099985.073214,http_flood
8657,1781099985.075626,udp_reflection
8658,1781099985.078279,http_flood
8659,1781099985.079826,normal
8660,1781099985.081721,normal
8661,1781099985.083318,normal
8662,1781099985.084700,normal
8663,1781099985.087533,http_flood
8664,1781099985.089227,normal
8665,1781099985.091290,normal
8666,1781099985.092917,normal
8667,1781099985.095271,normal
8668,1781099985.097488,normal
8669,1781099985.101251,udp_reflection
8670,1781099985.103684,normal
8671,1781099985.105764,normal
8672,1781099985.109255,normal
8673,1781099985.111262,normal
8674,1781099985.113829,normal
8675,1781099985.116085,normal
8676,1781099985.117702,normal
8677,1781099985.119087,normal
8678,1781099985.120830,http_flood
8679,1781099985.122441,normal
8680,1781099985.124512,normal
8681,1781099985.127651,normal
8682,1781099985.130092,normal
8683,1781099985.132961,normal
8684,1781099985.135232,normal
8685,1781099985.137685,normal
8686,1781099985.139700,normal
8687,1781099985.142088,udp_reflection
8688,1781099985.143798,normal
8689,1781099985.145434,normal
8690,1781099985.147109,normal
8691,1781099985.149101,normal
8692,1781099985.151984,normal
8693,1781099985.153991,normal
8694,1781099985.156135,normal
8695,1781099985.158503,http_flood
8696,1781099985.160732,normal
8697,1781099985.161934,normal
8698,1781099985.164273,normal
8699,1781099985.166068,normal
8700,1781099985.169929,normal
8701,1781099985.172357,normal
8702,1781099985.176334,normal
8703,1781099985.178663,normal
8704,1781099985.180920,normal
8705,1781099985.182353,normal
8706,1781099985.184376,normal
8707,1781099985.186571,normal
8708,1781099985.188600,normal
8709,1781099985.191833,normal
8710,1781099985.194218,normal
8711,1781099985.196434,normal
8712,1781099985.197975,normal
8713,1781099985.199742,normal
8714,1781099985.201396,normal
8715,1781099985.203193,normal
8716,1781099985.205411,normal
8717,1781099985.207182,normal
8718,1781099985.209770,normal
8719,1781099985.212258,normal
8720,1781099985.214357,normal
8721,1781099985.216788,normal
8722,1781099985.218354,normal
8723,1781099985.221009,normal
8724,1781099985.223438,normal
8725,1781099985.225065,normal
8726,1781099985.227357,normal
8727,1781099985.230225,normal
8728,1781099985.232556,normal
8729,1781099985.234978,normal
8730,1781099985.237236,normal
8731,1781099985.239396,normal
8732,1781099985.241865,normal
8733,1781099985.244730,normal
8734,1781099985.246850,normal
8735,1781099985.249376,normal
8736,1781099985.250931,normal
8737,1781099985.252545,http_flood
8738,1781099985.254939,normal
8739,1781099985.257098,normal
8740,1781099985.259923,normal
8741,1781099985.262333,normal
8742,1781099985.265307,normal
8743,1781099985.267685,normal
8744,1781099985.269885,normal
8745,1781099985.271900,normal
8746,1781099985.274088,normal
8747,1781099985.275739,normal
8748,1781099985.277425,normal
8749,1781099985.279501,normal
8750,1781099985.281807,normal
8751,1781099985.284208,http_flood
8752,1781099985.286166,udp_reflection
8753,1781099985.289310,udp_reflection
8754,1781099985.291497,normal
8755,1781099985.293633,normal
8756,1781099985.296283,normal
8757,1781099985.298942,normal
8758,1781099985.301434,normal
8759,1781099985.303994,syn_flood
8760,1781099985.306216,normal
8761,1781099985.308724,normal
8762,1781099985.310694,normal
8763,1781099985.312716,syn_flood
8764,1781099985.314586,normal
8765,1781099985.316490,normal
8766,1781099985.318332,normal
8767,1781099985.320812,normal
8768,1781099985.322202,normal
8769,1781099985.324231,normal
8770,1781099985.325934,normal
8771,1781099985.328573,normal
8772,1781099985.330236,normal
8773,1781099985.332144,udp_reflection
8774,1781099985.334765,normal
8775,1781099985.336904,normal
8776,1781099985.339831,normal
8777,1781099985.342166,normal
8778,1781099985.344569,syn_flood
8779,1781099985.346462,normal
8780,1781099985.348943,normal
8781,1781099985.350867,normal
8782,1781099985.352840,normal
8783,1781099985.354930,normal
8784,1781099985.358265,normal
8785,1781099985.360243,normal
8786,1781099985.363451,normal
8787,1781099985.365842,normal
8788,1781099985.368208,normal
8789,1781099985.370289,normal
8790,1781099985.372135,normal
8791,1781099985.375401,normal
8792,1781099985.377542,normal
8793,1781099985.380065,normal
8794,1781099985.382695,normal
8795,1781099985.384813,normal
8796,1781099985.388608,normal
8797,1781099985.390427,normal
8798,1781099985.391954,normal
8799,1781099985.393914,normal
8800,1781099985.396655,normal
8801,1781099985.399633,normal
8802,1781099985.401586,normal
8803,1781099985.404705,normal
8804,1781099985.406619,normal
8805,1781099985.408691,normal
8806,1781099985.410413,normal
8807,1781099985.413146,normal
8808,1781099985.415441,normal
8809,1781099985.417568,normal
8810,1781099985.419697,normal
8811,1781099985.422101,normal
8812,1781099985.424195,normal
8813,1781099985.426036,normal
8814,1781099985.429365,normal
8815,1781099985.431684,normal
8816,1781099985.433274,normal
8817,1781099985.435930,normal
8818,1781099985.437861,normal
8819,1781099985.440328,http_flood
8820,1781099985.443315,normal
8821,1781099985.445542,normal
8822,1781099985.448350,normal
8823,1781099985.449970,normal
8824,1781099985.451583,normal
8825,1781099985.453010,normal
8826,1781099985.454682,udp_reflection
8827,1781099985.456494,normal
8828,1781099985.458588,normal
8829,1781099985.461620,normal
8830,1781099985.463694,normal
8831,1781099985.465899,normal
8832,1781099985.467481,normal
8833,1781099985.470163,normal
8834,1781099985.472230,normal
8835,1781099985.474116,normal
8836,1781099985.475951,normal
8837,1781099985.478201,syn_flood
8838,1781099985.481188,normal
8839,1781099985.483018,normal
8840,1781099985.485941,normal
8841,1781099985.487967,syn_flood
8842,1781099985.490220,normal
8843,1781099985.491784,normal
8844,1781099985.494920,normal
8845,1781099985.496967,http_flood
8846,1781099985.498806,udp_reflection
8847,1781099985.501470,normal
8848,1781099985.504235,normal
8849,1781099985.506436,normal
8850,1781099985.508023,normal
8851,1781099985.510589,normal
8852,1781099985.512894,http_flood
8853,1781099985.514489,syn_flood
8854,1781099985.516933,normal
8855,1781099985.518801,normal
8856,1781099985.520456,normal
8857,1781099985.522248,normal
8858,1781099985.524751,normal
8859,1781099985.526338,syn_flood
8860,1781099985.528279,normal
8861,1781099985.530912,udp_reflection
8862,1781099985.532816,normal
8863,1781099985.535359,normal
8864,1781099985.537543,normal
8865,1781099985.540007,normal
8866,1781099985.542375,normal
8867,1781099985.545300,syn_flood
8868,1781099985.547674,normal
8869,1781099985.549567,normal
8870,1781099985.551693,normal
8871,1781099985.554477,normal
8872,1781099985.556466,normal
8873,1781099985.558596,normal
8874,1781099985.560572,udp_reflection
8875,1781099985.562684,normal
8876,1781099985.564761,normal
8877,1781099985.566695,normal
8878,1781099985.568369,normal
8879,1781099985.570001,normal
8880,1781099985.572352,normal
8881,1781099985.574363,normal
8882,1781099985.576380,normal
8883,1781099985.578095,normal
8884,1781099985.580416,normal
8885,1781099985.582507,normal
8886,1781099985.585277,normal
8887,1781099985.588444,normal
8888,1781099985.591703,normal
8889,1781099985.593318,udp_reflection
8890,1781099985.594906,normal
8891,1781099985.597572,normal
8892,1781099985.599783,normal
8893,1781099985.602751,normal
8894,1781099985.604673,normal
8895,1781099985.607451,syn_flood
8896,1781099985.609963,http_flood
8897,1781099985.611594,normal
8898,1781099985.614016,normal
8899,1781099985.615581,normal
8900,1781099985.618114,normal
8901,1781099985.620098,normal
8902,1781099985.621974,normal
8903,1781099985.623548,normal
8904,1781099985.625664,normal
8905,1781099985.627861,normal
8906,1781099985.629823,syn_flood
8907,1781099985.631120,http_flood
8908,1781099985.633528,normal
8909,1781099985.635297,normal
8910,1781099985.637570,normal
8911,1781099985.639591,normal
8912,1781099985.641554,normal
8913,1781099985.644032,normal
8914,1781099985.646413,normal
8915,1781099985.648831,normal
8916,1781099985.651024,normal
8917,1781099985.654187,normal
8918,1781099985.656447,normal
8919,1781099985.658515,normal
8920,1781099985.660552,normal
8921,1781099985.663400,normal
8922,1781099985.665455,normal
8923,1781099985.667780,syn_flood
8924,1781099985.670776,normal
8925,1781099985.673699,normal
8926,1781099985.675868,normal
8927,1781099985.678514,normal
8928,1781099985.680951,normal
8929,1781099985.682511,normal
8930,1781099985.684710,normal
8931,1781099985.686708,normal
8932,1781099985.688789,normal
8933,1781099985.690642,normal
8934,1781099985.693614,normal
8935,1781099985.695828,normal
8936,1781099985.699242,udp_reflection
8937,1781099985.701665,normal
8938,1781099985.704274,normal
8939,1781099985.706151,normal
8940,1781099985.708603,normal
8941,1781099985.710737,normal
8942,1781099985.712649,normal
8943,1781099985.714258,normal
8944,1781099985.716449,normal
8945,1781099985.718639,normal
8946,1781099985.720646,normal
8947,1781099985.722449,normal
8948,1781099985.724482,normal
8949,1781099985.726800,normal
8950,1781099985.730412,normal
8951,1781099985.731697,normal
8952,1781099985.734906,syn_flood
8953,1781099985.736824,normal
8954,1781099985.739317,normal
8955,1781099985.741573,normal
8956,1781099985.743120,normal
8957,1781099985.745090,normal
8958,1781099985.747528,normal
8959,1781099985.749559,normal
8960,1781099985.751404,normal
8961,1781099985.753897,normal
8962,1781099985.755898,normal
8963,1781099985.759288,normal
8964,1781099985.761013,http_flood
8965,1781099985.762695,normal
8966,1781099985.765528,normal
8967,1781099985.767460,normal
8968,1781099985.769780,normal
8969,1781099985.771724,normal
8970,1781099985.773658,normal
8971,1781099985.776363,normal
8972,1781099985.779532,normal
8973,1781099985.781221,normal
8974,1781099985.782968,normal
8975,1781099985.784305,normal
8976,1781099985.787030,normal
8977,1781099985.788619,normal
8978,1781099985.792494,normal
8979,1781099985.794111,normal
8980,1781099985.797092,normal
8981,1781099985.799671,normal
8982,1781099985.801545,normal
8983,1781099985.803037,normal
8984,1781099985.804407,normal
8985,1781099985.807657,normal
8986,1781099985.809708,normal
8987,1781099985.811661,normal
8988,1781099985.813639,normal
8989,1781099985.816079,normal
8990,1781099985.817951,normal
8991,1781099985.820883,normal
8992,1781099985.822925,normal
8993,1781099985.825198,normal
8994,1781099985.827145,normal
8995,1781099985.829229,normal
8996,1781099985.831616,normal
8997,1781099985.833637,normal
8998,1781099985.835368,normal
8999,1781099985.838619,normal
9000,1781099985.840459,normal
9001,1781099985.843749,normal
9002,1781099985.845989,normal
9003,1781099985.847850,normal
9004,1781099985.850269,normal
9005,1781099985.851804,normal
9006,1781099985.853983,normal
9007,1781099985.855819,normal
9008,1781099985.857889,http_flood
9009,1781099985.859725,normal
9010,1781099985.861478,normal
9011,1781099985.863859,normal
9012,1781099985.865330,normal
9013,1781099985.868354,normal
9014,1781099985.870212,normal
9015,1781099985.872052,normal
9016,1781099985.875083,normal
9017,1781099985.877499,normal
9018,1781099985.880598,normal
9019,1781099985.883280,normal
9020,1781099985.885206,normal
9021,1781099985.886987,normal
9022,1781099985.889209,normal
9023,1781099985.891033,normal
9024,1781099985.893912,udp_reflection
9025,1781099985.896938,udp_reflection
9026,1781099985.899291,normal
9027,1781099985.901522,normal
9028,1781099985.903691,normal
9029,1781099985.905967,normal
9030,1781099985.908161,normal
9031,1781099985.911400,normal
9032,1781099985.913668,normal
9033,1781099985.915823,normal
9034,1781099985.918383,normal
9035,1781099985.920201,normal
9036,1781099985.923075,normal
9037,1781099985.924733,normal
9038,1781099985.928651,udp_reflection
9039,1781099985.932178,normal
9040,1781099985.934537,normal
9041,1781099985.936924,udp_reflection
9042,1781099985.939381,normal
9043,1781099985.941758,normal
9044,1781099985.944620,normal
9045,1781099985.946605,normal
9046,1781099985.948508,normal
9047,1781099985.950985,normal
9048,1781099985.953391,normal
9049,1781099985.955738,normal
9050,1781099985.957719,normal
9051,1781099985.959838,normal
9052,1781099985.961514,normal
9053,1781099985.963899,normal
9054,1781099985.965852,normal
9055,1781099985.968246,normal
9056,1781099985.970147,normal
9057,1781099985.971763,normal
9058,1781099985.973265,normal
9059,1781099985.974608,normal
9060,1781099985.977211,normal
9061,1781099985.979277,normal
9062,1781099985.981328,normal
9063,1781099985.984889,normal
9064,1781099985.986946,syn_flood
9065,1781099985.988795,normal
9066,1781099985.991999,normal
9067,1781099985.993530,normal
9068,1781099985.996185,normal
9069,1781099985.998243,normal
9070,1781099986.000947,normal
9071,1781099986.003282,normal
9072,1781099986.005247,normal
9073,1781099986.007527,normal
9074,1781099986.009858,normal
9075,1781099986.011851,normal
9076,1781099986.015118,syn_flood
9077,1781099986.018175,normal
9078,1781099986.020510,syn_flood
9079,1781099986.022551,normal
9080,1781099986.024221,normal
9081,1781099986.026961,udp_reflection
9082,1781099986.029008,normal
9083,1781099986.031195,normal
9084,1781099986.033780,normal
9085,1781099986.035770,normal
9086,1781099986.037993,normal
9087,1781099986.040754,normal
9088,1781099986.042670,normal
9089,1781099986.044947,normal
9090,1781099986.047835,normal
9091,1781099986.050647,normal
9092,1781099986.052401,normal
9093,1781099986.056203,udp_reflection
9094,1781099986.057915,normal
9095,1781099986.059786,normal
9096,1781099986.062450,http_flood
9097,1781099986.064546,normal
9098,1781099986.066398,normal
9099,1781099986.069160,normal
9100,1781099986.071611,normal
9101,1781099986.073797,normal
9102,1781099986.077597,normal
9103,1781099986.080549,normal
9104,1781099986.081748,normal
9105,1781099986.083949,normal
9106,1781099986.086144,normal
9107,1781099986.088582,normal
9108,1781099986.091420,normal
9109,1781099986.093389,normal
9110,1781099986.096592,normal
9111,1781099986.100145,normal
9112,1781099986.103481,normal
9113,1781099986.105081,normal
9114,1781099986.106876,normal
9115,1781099986.109378,normal
9116,1781099986.111169,normal
9117,1781099986.113984,normal
9118,1781099986.116211,normal
9119,1781099986.118426,normal
9120,1781099986.120902,normal
9121,1781099986.123112,syn_flood
9122,1781099986.125383,normal
9123,1781099986.127434,syn_flood
9124,1781099986.128892,normal
9125,1781099986.130965,normal
9126,1781099986.134439,normal
9127,1781099986.135772,normal
9128,1781099986.137311,normal
9129,1781099986.139239,syn_flood
9130,1781099986.141717,normal
9131,1781099986.143887,normal
9132,1781099986.145976,normal
9133,1781099986.148576,normal
9134,1781099986.150964,normal
9135,1781099986.154279,normal
9136,1781099986.156787,normal
9137,1781099986.159143,normal
9138,1781099986.160692,normal
9139,1781099986.162013,normal
9140,1781099986.163971,normal
9141,1781099986.165331,normal
9142,1781099986.167108,normal
9143,1781099986.169273,normal
9144,1781099986.171424,normal
9145,1781099986.173101,normal
9146,1781099986.175499,normal
9147,1781099986.177420,normal
9148,1781099986.180649,normal
9149,1781099986.182866,normal
9150,1781099986.185124,normal
9151,1781099986.187282,normal
9152,1781099986.189027,normal
9153,1781099986.191329,normal
9154,1781099986.194957,normal
9155,1781099986.196652,normal
9156,1781099986.199589,normal
9157,1781099986.201579,normal
9158,1781099986.204242,normal
9159,1781099986.207169,normal
9160,1781099986.210015,normal
9161,1781099986.211392,http_flood
9162,1781099986.214424,normal
9163,1781099986.216666,normal
9164,1781099986.218865,normal
9165,1781099986.220849,normal
9166,1781099986.223618,normal
9167,1781099986.225717,normal
9168,1781099986.228795,normal
9169,1781099986.230590,normal
9170,1781099986.232981,normal
9171,1781099986.235788,normal
9172,1781099986.238684,normal
9173,1781099986.241201,normal
9174,1781099986.243500,normal
9175,1781099986.245712,normal
9176,1781099986.247130,normal
9177,1781099986.250385,normal
9178,1781099986.252203,normal
9179,1781099986.254199,normal
9180,1781099986.256388,normal
9181,1781099986.258341,normal
9182,1781099986.259832,normal
9183,1781099986.263499,normal
9184,1781099986.265807,normal
9185,1781099986.268523,udp_reflection
9186,1781099986.272671,normal
9187,1781099986.274639,normal
9188,1781099986.276924,normal
9189,1781099986.279401,normal
9190,1781099986.281911,normal
9191,1781099986.285469,normal
9192,1781099986.287045,http_flood
9193,1781099986.288658,normal
9194,1781099986.291578,normal
9195,1781099986.293551,normal
9196,1781099986.296065,normal
9197,1781099986.298000,udp_reflection
9198,1781099986.299803,normal
9199,1781099986.302163,normal
9200,1781099986.303854,normal
9201,1781099986.305655,normal
9202,1781099986.307897,normal
9203,1781099986.309561,normal
9204,1781099986.312676,normal
9205,1781099986.314623,normal
9206,1781099986.316978,normal
9207,1781099986.319318,normal
9208,1781099986.321866,normal
9209,1781099986.323714,normal
9210,1781099986.325613,normal
9211,1781099986.328046,normal
9212,1781099986.329986,normal
9213,1781099986.332426,normal
9214,1781099986.334275,normal
9215,1781099986.335629,normal
9216,1781099986.338264,normal
9217,1781099986.342247,normal
9218,1781099986.344722,normal
9219,1781099986.348118,normal
9220,1781099986.350618,normal
9221,1781099986.353036,normal
9222,1781099986.355502,http_flood
9223,1781099986.357823,normal
9224,1781099986.360081,normal
9225,1781099986.362417,normal
9226,1781099986.364281,normal
9227,1781099986.366331,normal
9228,1781099986.368402,normal
9229,1781099986.370677,normal
9230,1781099986.372651,normal
9231,1781099986.374637,normal
9232,1781099986.377630,normal
9233,1781099986.380509,normal
9234,1781099986.382423,normal
9235,1781099986.384232,normal
9236,1781099986.386693,normal
9237,1781099986.389873,normal
9238,1781099986.392388,syn_flood
9239,1781099986.394047,normal
9240,1781099986.396006,normal
9241,1781099986.398213,normal
9242,1781099986.399799,normal
9243,1781099986.402005,normal
9244,1781099986.404392,normal
9245,1781099986.405811,http_flood
9246,1781099986.407954,normal
9247,1781099986.410887,syn_flood
9248,1781099986.412391,normal
9249,1781099986.416585,normal
9250,1781099986.419212,normal
9251,1781099986.423075,normal
9252,1781099986.425466,normal
9253,1781099986.426859,normal
9254,1781099986.429049,normal
9255,1781099986.432167,normal
9256,1781099986.434326,http_flood
9257,1781099986.436844,normal
9258,1781099986.438872,normal
9259,1781099986.440639,normal
9260,1781099986.442374,normal
9261,1781099986.444060,normal
9262,1781099986.445980,normal
9263,1781099986.447876,normal
9264,1781099986.449832,normal
9265,1781099986.451440,normal
9266,1781099986.453562,normal
9267,1781099986.457099,normal
9268,1781099986.459732,http_flood
9269,1781099986.462344,normal
9270,1781099986.464248,udp_reflection
9271,1781099986.466695,normal
9272,1781099986.468794,normal
9273,1781099986.470507,normal
9274,1781099986.472342,normal
9275,1781099986.474521,normal
9276,1781099986.476273,normal
9277,1781099986.479556,normal
9278,1781099986.481414,normal
9279,1781099986.483580,normal
9280,1781099986.485380,normal
9281,1781099986.487778,normal
9282,1781099986.490177,normal
9283,1781099986.492966,normal
9284,1781099986.495791,normal
9285,1781099986.497365,normal
9286,1781099986.499222,normal
9287,1781099986.502179,udp_reflection
9288,1781099986.505328,normal
9289,1781099986.507845,normal
9290,1781099986.509773,normal
9291,1781099986.512082,normal
9292,1781099986.514413,normal
9293,1781099986.516338,normal
9294,1781099986.518386,normal
9295,1781099986.520217,normal
9296,1781099986.522566,normal
9297,1781099986.524236,normal
9298,1781099986.527097,normal
9299,1781099986.528932,normal
9300,1781099986.531875,normal
9301,1781099986.534425,normal
9302,1781099986.536823,normal
9303,1781099986.538746,normal
9304,1781099986.540871,normal
9305,1781099986.542576,normal
9306,1781099986.544662,normal
9307,1781099986.546306,normal
9308,1781099986.548867,normal
9309,1781099986.550364,normal
9310,1781099986.553089,http_flood
9311,1781099986.555610,normal
9312,1781099986.558051,normal
9313,1781099986.560780,udp_reflection
9314,1781099986.562958,normal
9315,1781099986.564909,syn_flood
9316,1781099986.567876,normal
9317,1781099986.569659,normal
9318,1781099986.571405,normal
9319,1781099986.573415,normal
9320,1781099986.575446,normal
9321,1781099986.577271,normal
9322,1781099986.579456,normal
9323,1781099986.581391,normal
9324,1781099986.583771,syn_flood
9325,1781099986.586072,normal
9326,1781099986.587936,http_flood
9327,1781099986.589894,normal
9328,1781099986.591416,normal
9329,1781099986.593390,normal
9330,1781099986.595215,normal
9331,1781099986.596989,normal
9332,1781099986.601080,normal
9333,1781099986.603729,normal
9334,1781099986.606492,normal
9335,1781099986.609910,udp_reflection
9336,1781099986.611940,normal
9337,1781099986.614005,normal
9338,1781099986.616044,normal
9339,1781099986.619476,normal
9340,1781099986.620814,normal
9341,1781099986.623729,normal
9342,1781099986.626665,normal
9343,1781099986.629689,normal
9344,1781099986.631295,http_flood
9345,1781099986.633998,normal
9346,1781099986.636184,normal
9347,1781099986.638286,normal
9348,1781099986.640396,normal
9349,1781099986.643292,normal
9350,1781099986.645447,normal
9351,1781099986.647780,normal
9352,1781099986.650300,normal
9353,1781099986.652173,normal
9354,1781099986.653898,normal
9355,1781099986.655637,normal
9356,1781099986.658860,normal
9357,1781099986.661087,normal
9358,1781099986.663171,normal
9359,1781099986.665176,normal
9360,1781099986.667493,normal
9361,1781099986.669054,normal
9362,1781099986.670914,normal
9363,1781099986.674268,normal
9364,1781099986.676713,normal
9365,1781099986.678995,udp_reflection
9366,1781099986.681772,normal
9367,1781099986.684267,normal
9368,1781099986.687090,normal
9369,1781099986.689656,normal
9370,1781099986.691925,normal
9371,1781099986.694977,normal
9372,1781099986.696689,normal
9373,1781099986.699582,normal
9374,1781099986.702082,http_flood
9375,1781099986.704209,normal
9376,1781099986.705582,normal
9377,1781099986.707662,normal
9378,1781099986.709861,normal
9379,1781099986.712071,normal
9380,1781099986.713833,normal
9381,1781099986.715306,normal
9382,1781099986.717405,normal
9383,1781099986.718913,normal
9384,1781099986.721116,normal
9385,1781099986.723053,normal
9386,1781099986.725401,normal
9387,1781099986.727487,normal
9388,1781099986.730165,normal
9389,1781099986.732167,normal
9390,1781099986.734626,normal
9391,1781099986.736754,normal
9392,1781099986.738737,normal
9393,1781099986.740823,normal
9394,1781099986.743525,normal
9395,1781099986.746321,normal
9396,1781099986.749333,normal
9397,1781099986.751011,normal
9398,1781099986.753479,normal
9399,1781099986.756397,normal
9400,1781099986.758748,normal
9401,1781099986.760560,normal
9402,1781099986.763230,normal
9403,1781099986.765543,normal
9404,1781099986.767372,normal
9405,1781099986.770426,normal
9406,1781099986.772199,normal
9407,1781099986.775000,normal
9408,1781099986.777058,normal
9409,1781099986.780308,normal
9410,1781099986.782423,normal
9411,1781099986.784877,http_flood
9412,1781099986.786602,udp_reflection
9413,1781099986.788494,normal
9414,1781099986.790228,normal
9415,1781099986.792701,normal
9416,1781099986.794416,normal
9417,1781099986.796123,syn_flood
9418,1781099986.799309,syn_flood
9419,1781099986.801363,normal
9420,1781099986.802924,normal
9421,1781099986.806269,normal
9422,1781099986.808509,normal
9423,1781099986.810275,normal
9424,1781099986.812308,normal
9425,1781099986.814969,normal
9426,1781099986.817150,normal
9427,1781099986.818983,normal
9428,1781099986.822796,normal
9429,1781099986.826117,normal
9430,1781099986.828636,normal
9431,1781099986.830521,normal
9432,1781099986.832946,normal
9433,1781099986.835055,normal
9434,1781099986.837935,normal
9435,1781099986.840140,normal
9436,1781099986.842823,normal
9437,1781099986.844445,normal
9438,1781099986.846814,normal
9439,1781099986.850041,normal
9440,1781099986.851813,normal
9441,1781099986.853445,normal
9442,1781099986.855792,normal
9443,1781099986.858702,normal
9444,1781099986.861486,syn_flood
9445,1781099986.863437,normal
9446,1781099986.865922,normal
9447,1781099986.868115,normal
9448,1781099986.869936,normal
9449,1781099986.872389,normal
9450,1781099986.874269,normal
9451,1781099986.876329,normal
9452,1781099986.878775,syn_flood
9453,1781099986.881392,normal
9454,1781099986.883552,normal
9455,1781099986.885250,normal
9456,1781099986.887467,http_flood
9457,1781099986.889549,normal
9458,1781099986.891337,normal
9459,1781099986.894767,normal
9460,1781099986.897301,normal
9461,1781099986.900465,normal
9462,1781099986.903033,normal
9463,1781099986.905455,normal
9464,1781099986.908144,normal
9465,1781099986.909888,normal
9466,1781099986.912016,normal
9467,1781099986.914028,normal
9468,1781099986.916350,normal
9469,1781099986.917645,normal
9470,1781099986.920071,normal
9471,1781099986.922401,normal
9472,1781099986.924916,normal
9473,1781099986.926977,normal
9474,1781099986.929334,normal
9475,1781099986.931286,normal
9476,1781099986.933016,normal
9477,1781099986.935260,normal
9478,1781099986.936417,normal
9479,1781099986.938542,normal
9480,1781099986.939981,normal
9481,1781099986.942467,normal
9482,1781099986.944746,normal
9483,1781099986.947006,normal
9484,1781099986.949024,normal
9485,1781099986.950905,normal
9486,1781099986.952863,syn_flood
9487,1781099986.954683,normal
9488,1781099986.957857,normal
9489,1781099986.960228,normal
9490,1781099986.963117,normal
9491,1781099986.965434,udp_reflection
9492,1781099986.967794,normal
9493,1781099986.970873,normal
9494,1781099986.973183,normal
9495,1781099986.975627,normal
9496,1781099986.977652,normal
9497,1781099986.979543,normal
9498,1781099986.981288,normal
9499,1781099986.983860,udp_reflection
9500,1781099986.986080,normal
9501,1781099986.987808,normal
9502,1781099986.990573,normal
9503,1781099986.994027,normal
9504,1781099986.996173,normal
9505,1781099986.998139,normal
9506,1781099987.001042,normal
9507,1781099987.003266,normal
9508,1781099987.005493,normal
9509,1781099987.008692,normal
9510,1781099987.010460,normal
9511,1781099987.013308,normal
9512,1781099987.015929,normal
9513,1781099987.018546,normal
9514,1781099987.020884,normal
9515,1781099987.023228,normal
9516,1781099987.025023,normal
9517,1781099987.026588,udp_reflection
9518,1781099987.029256,normal
9519,1781099987.031221,normal
9520,1781099987.033583,normal
9521,1781099987.036654,normal
9522,1781099987.038768,normal
9523,1781099987.041324,normal
9524,1781099987.043154,normal
9525,1781099987.045297,normal
9526,1781099987.047925,normal
9527,1781099987.050937,normal
9528,1781099987.053041,normal
9529,1781099987.055748,normal
9530,1781099987.057348,normal
9531,1781099987.059057,normal
9532,1781099987.061205,normal
9533,1781099987.062947,normal
9534,1781099987.065599,normal
9535,1781099987.067434,syn_flood
9536,1781099987.068800,normal
9537,1781099987.070857,normal
9538,1781099987.072809,normal
9539,1781099987.075321,normal
9540,1781099987.078199,normal
9541,1781099987.080641,normal
9542,1781099987.083429,normal
9543,1781099987.085423,normal
9544,1781099987.088424,normal
9545,1781099987.091447,normal
9546,1781099987.093783,normal
9547,1781099987.096041,normal
9548,1781099987.098301,normal
9549,1781099987.100133,normal
9550,1781099987.102872,normal
9551,1781099987.105586,normal
9552,1781099987.107743,normal
9553,1781099987.110316,normal
9554,1781099987.112217,normal
9555,1781099987.114029,normal
9556,1781099987.117016,normal
9557,1781099987.119169,normal
9558,1781099987.122198,normal
9559,1781099987.124390,normal
9560,1781099987.126546,normal
9561,1781099987.129148,normal
9562,1781099987.130887,normal
9563,1781099987.132748,normal
9564,1781099987.134782,normal
9565,1781099987.136799,normal
9566,1781099987.139346,normal
9567,1781099987.140741,normal
9568,1781099987.142132,normal
9569,1781099987.144043,normal
9570,1781099987.145864,normal
9571,1781099987.147462,normal
9572,1781099987.149513,normal
9573,1781099987.152317,udp_reflection
9574,1781099987.154875,normal
9575,1781099987.156978,normal
9576,1781099987.158566,normal
9577,1781099987.160362,udp_reflection
9578,1781099987.162239,normal
9579,1781099987.164055,normal
9580,1781099987.167004,normal
9581,1781099987.169418,normal
9582,1781099987.172312,normal
9583,1781099987.174637,normal
9584,1781099987.176908,normal
9585,1781099987.178639,normal
9586,1781099987.179971,normal
9587,1781099987.182162,normal
9588,1781099987.183716,normal
9589,1781099987.185916,normal
9590,1781099987.188125,normal
9591,1781099987.190593,normal
9592,1781099987.192424,normal
9593,1781099987.194507,normal
9594,1781099987.199673,normal
9595,1781099987.202397,normal
9596,1781099987.205629,normal
9597,1781099987.206941,normal
9598,1781099987.209213,normal
9599,1781099987.211148,normal
9600,1781099987.213296,normal
9601,1781099987.215936,http_flood
9602,1781099987.218120,normal
9603,1781099987.220620,normal
9604,1781099987.222888,normal
9605,1781099987.225594,normal
9606,1781099987.227795,normal
9607,1781099987.229789,normal
9608,1781099987.231763,normal
9609,1781099987.233480,normal
9610,1781099987.236249,normal
9611,1781099987.238665,udp_reflection
9612,1781099987.241689,normal
9613,1781099987.244386,normal
9614,1781099987.246859,normal
9615,1781099987.248882,normal
9616,1781099987.250271,normal
9617,1781099987.251723,normal
9618,1781099987.253627,syn_flood
9619,1781099987.257046,normal
9620,1781099987.258723,normal
9621,1781099987.261813,udp_reflection
9622,1781099987.263936,normal
9623,1781099987.266308,syn_flood
9624,1781099987.268268,normal
9625,1781099987.270629,normal
9626,1781099987.272737,udp_reflection
9627,1781099987.275032,normal
9628,1781099987.277000,normal
9629,1781099987.280001,normal
9630,1781099987.283001,normal
9631,1781099987.285204,normal
9632,1781099987.287292,normal
9633,1781099987.289176,udp_reflection
9634,1781099987.292133,normal
9635,1781099987.294367,normal
9636,1781099987.295848,normal
9637,1781099987.298444,normal
9638,1781099987.300278,normal
9639,1781099987.301889,normal
9640,1781099987.304795,normal
9641,1781099987.306720,normal
9642,1781099987.308669,normal
9643,1781099987.310631,normal
9644,1781099987.312417,normal
9645,1781099987.314507,normal
9646,1781099987.316507,normal
9647,1781099987.318792,syn_flood
9648,1781099987.321022,normal
9649,1781099987.323984,normal
9650,1781099987.326485,normal
9651,1781099987.328592,normal
9652,1781099987.330616,normal
9653,1781099987.332422,normal
9654,1781099987.334348,normal
9655,1781099987.336845,normal
9656,1781099987.338609,http_flood
9657,1781099987.341215,normal
9658,1781099987.344868,syn_flood
9659,1781099987.346136,normal
9660,1781099987.348173,normal
9661,1781099987.350118,normal
9662,1781099987.352377,normal
9663,1781099987.354755,normal
9664,1781099987.357673,normal
9665,1781099987.359744,normal
9666,1781099987.361618,syn_flood
9667,1781099987.363355,normal
9668,1781099987.365815,normal
9669,1781099987.368709,normal
9670,1781099987.370512,normal
9671,1781099987.373154,normal
9672,1781099987.375083,normal
9673,1781099987.377076,normal
9674,1781099987.379571,normal
9675,1781099987.381317,normal
9676,1781099987.384145,normal
9677,1781099987.387119,normal
9678,1781099987.390526,normal
9679,1781099987.392726,normal
9680,1781099987.396076,normal
9681,1781099987.399562,normal
9682,1781099987.401471,normal
9683,1781099987.403660,normal
9684,1781099987.405975,syn_flood
9685,1781099987.408091,normal
9686,1781099987.410381,normal
9687,1781099987.412709,normal
9688,1781099987.415499,normal
9689,1781099987.418193,normal
9690,1781099987.420089,normal
9691,1781099987.422441,normal
9692,1781099987.425138,syn_flood
9693,1781099987.427953,normal
9694,1781099987.430376,normal
9695,1781099987.432495,normal
9696,1781099987.434471,normal
9697,1781099987.436708,normal
9698,1781099987.438324,normal
9699,1781099987.440239,syn_flood
9700,1781099987.441575,normal
9701,1781099987.443594,normal
9702,1781099987.445820,normal
9703,1781099987.447872,normal
9704,1781099987.449714,normal
9705,1781099987.452346,normal
9706,1781099987.454921,normal
9707,1781099987.457122,normal
9708,1781099987.458591,normal
9709,1781099987.460842,normal
9710,1781099987.463776,normal
9711,1781099987.465192,normal
9712,1781099987.467203,udp_reflection
9713,1781099987.469417,normal
9714,1781099987.472238,normal
9715,1781099987.475008,normal
9716,1781099987.478161,normal
9717,1781099987.479927,normal
9718,1781099987.482957,normal
9719,1781099987.485823,normal
9720,1781099987.488228,normal
9721,1781099987.490583,normal
9722,1781099987.492076,normal
9723,1781099987.494282,normal
9724,1781099987.495835,normal
9725,1781099987.498402,normal
9726,1781099987.500825,normal
9727,1781099987.502790,syn_flood
9728,1781099987.504302,normal
9729,1781099987.506462,normal
9730,1781099987.508465,normal
9731,1781099987.509901,normal
9732,1781099987.511443,normal
9733,1781099987.513367,normal
9734,1781099987.516318,normal
9735,1781099987.518088,normal
9736,1781099987.522192,normal
9737,1781099987.524140,normal
9738,1781099987.526670,normal
9739,1781099987.528778,normal
9740,1781099987.531508,normal
9741,1781099987.533189,normal
9742,1781099987.535452,normal
9743,1781099987.537181,normal
9744,1781099987.538865,normal
9745,1781099987.540709,udp_reflection
9746,1781099987.542709,normal
9747,1781099987.544794,normal
9748,1781099987.547862,normal
9749,1781099987.550267,normal
9750,1781099987.551932,normal
9751,1781099987.553994,normal
9752,1781099987.556524,normal
9753,1781099987.559112,normal
9754,1781099987.560925,normal
9755,1781099987.563105,normal
9756,1781099987.565340,normal
9757,1781099987.567541,udp_reflection
9758,1781099987.569447,normal
9759,1781099987.570982,normal
9760,1781099987.573145,normal
9761,1781099987.576020,normal
9762,1781099987.577794,normal
9763,1781099987.580463,normal
9764,1781099987.582603,normal
9765,1781099987.585011,normal
9766,1781099987.587565,syn_flood
9767,1781099987.589772,normal
9768,1781099987.591806,syn_flood
9769,1781099987.594007,normal
9770,1781099987.596228,normal
9771,1781099987.598683,http_flood
9772,1781099987.600627,normal
9773,1781099987.602549,normal
9774,1781099987.604633,udp_reflection
9775,1781099987.607880,normal
9776,1781099987.609450,normal
9777,1781099987.611377,normal
9778,1781099987.613914,normal
9779,1781099987.615475,normal
9780,1781099987.617475,normal
9781,1781099987.619323,normal
9782,1781099987.621075,normal
9783,1781099987.624291,normal
9784,1781099987.626052,normal
9785,1781099987.627803,normal
9786,1781099987.629550,normal
9787,1781099987.631773,http_flood
9788,1781099987.635413,normal
9789,1781099987.637238,normal
9790,1781099987.639506,normal
9791,1781099987.641996,normal
9792,1781099987.644553,normal
9793,1781099987.646076,normal
9794,1781099987.649655,normal
9795,1781099987.652303,normal
9796,1781099987.654224,normal
9797,1781099987.656785,normal
9798,1781099987.659186,normal
9799,1781099987.661962,normal
9800,1781099987.663444,normal
9801,1781099987.667094,normal
9802,1781099987.669202,normal
9803,1781099987.670738,normal
9804,1781099987.673037,normal
9805,1781099987.674828,normal
9806,1781099987.677183,normal
9807,1781099987.679365,normal
9808,1781099987.681462,normal
9809,1781099987.683195,normal
9810,1781099987.684855,normal
9811,1781099987.686756,normal
9812,1781099987.688572,normal
9813,1781099987.690961,normal
9814,1781099987.693043,normal
9815,1781099987.695438,normal
9816,1781099987.698647,normal
9817,1781099987.701529,http_flood
9818,1781099987.704010,syn_flood
9819,1781099987.705769,normal
9820,1781099987.707590,normal
9821,1781099987.710061,syn_flood
9822,1781099987.712015,normal
9823,1781099987.713919,normal
9824,1781099987.716085,normal
9825,1781099987.718253,normal
9826,1781099987.720164,normal
9827,1781099987.722731,normal
9828,1781099987.724945,normal
9829,1781099987.727157,normal
9830,1781099987.729559,normal
9831,1781099987.731571,normal
9832,1781099987.733726,normal
9833,1781099987.736194,normal
9834,1781099987.738662,normal
9835,1781099987.740915,normal
9836,1781099987.742744,syn_flood
9837,1781099987.745486,normal
9838,1781099987.747498,normal
9839,1781099987.749883,normal
9840,1781099987.752061,normal
9841,1781099987.754224,syn_flood
9842,1781099987.756015,normal
9843,1781099987.758200,http_flood
9844,1781099987.760720,http_flood
9845,1781099987.762972,normal
9846,1781099987.765030,normal
9847,1781099987.767258,normal
9848,1781099987.769225,normal
9849,1781099987.771313,normal
9850,1781099987.773864,normal
9851,1781099987.775949,normal
9852,1781099987.777371,normal
9853,1781099987.779187,normal
9854,1781099987.781686,normal
9855,1781099987.783220,normal
9856,1781099987.784316,normal
9857,1781099987.786392,normal
9858,1781099987.788887,normal
9859,1781099987.791448,normal
9860,1781099987.794110,normal
9861,1781099987.796210,normal
9862,1781099987.799446,normal
9863,1781099987.801114,normal
9864,1781099987.803634,syn_flood
9865,1781099987.806090,udp_reflection
9866,1781099987.808031,normal
9867,1781099987.811366,normal
9868,1781099987.814377,normal
9869,1781099987.815979,normal
9870,1781099987.818038,normal
9871,1781099987.820108,normal
9872,1781099987.822431,normal
9873,1781099987.824719,normal
9874,1781099987.826820,normal
9875,1781099987.830031,normal
9876,1781099987.832718,normal
9877,1781099987.835068,http_flood
9878,1781099987.837366,normal
9879,1781099987.839446,syn_flood
9880,1781099987.842457,normal
9881,1781099987.844077,udp_reflection
9882,1781099987.846331,normal
9883,1781099987.848631,normal
9884,1781099987.850940,normal
9885,1781099987.853195,normal
9886,1781099987.855406,normal
9887,1781099987.858145,normal
9888,1781099987.860600,normal
9889,1781099987.863089,normal
9890,1781099987.865439,normal
9891,1781099987.867997,normal
9892,1781099987.870243,normal
9893,1781099987.872181,normal
9894,1781099987.873563,normal
9895,1781099987.876428,normal
9896,1781099987.878798,normal
9897,1781099987.881238,normal
9898,1781099987.883348,normal
9899,1781099987.885891,normal
9900,1781099987.888345,normal
9901,1781099987.890441,normal
9902,1781099987.892321,normal
9903,1781099987.894395,normal
9904,1781099987.895611,normal
9905,1781099987.897706,normal
9906,1781099987.900321,normal
9907,1781099987.902767,syn_flood
9908,1781099987.904452,normal
9909,1781099987.906940,normal
9910,1781099987.909446,normal
9911,1781099987.911805,normal
9912,1781099987.913935,normal
9913,1781099987.915668,normal
9914,1781099987.917719,normal
9915,1781099987.919553,normal
9916,1781099987.921935,normal
9917,1781099987.924269,normal
9918,1781099987.926824,normal
9919,1781099987.928977,syn_flood
9920,1781099987.930726,normal
9921,1781099987.932848,http_flood
9922,1781099987.935460,normal
9923,1781099987.937345,syn_flood
9924,1781099987.938997,udp_reflection
9925,1781099987.941417,normal
9926,1781099987.943460,normal
9927,1781099987.945673,normal
9928,1781099987.948933,normal
9929,1781099987.950766,normal
9930,1781099987.953733,http_flood
9931,1781099987.955479,normal
9932,1781099987.957978,normal
9933,1781099987.959687,normal
9934,1781099987.961945,normal
9935,1781099987.964764,normal
9936,1781099987.967061,normal
9937,1781099987.970052,normal
9938,1781099987.971875,normal
9939,1781099987.974207,http_flood
9940,1781099987.976791,syn_flood
9941,1781099987.978636,normal
9942,1781099987.980506,syn_flood
9943,1781099987.982462,normal
9944,1781099987.984878,normal
9945,1781099987.987346,normal
9946,1781099987.989341,normal
9947,1781099987.992125,normal
9948,1781099987.995418,normal
9949,1781099987.997543,normal
9950,1781099987.999883,udp_reflection
9951,1781099988.002656,normal
9952,1781099988.004394,udp_reflection
9953,1781099988.007214,normal
9954,1781099988.010073,normal
9955,1781099988.012708,normal
9956,1781099988.014496,normal
9957,1781099988.016122,normal
9958,1781099988.017957,normal
9959,1781099988.019386,syn_flood
9960,1781099988.022055,normal
9961,1781099988.024943,normal
9962,1781099988.027748,normal
9963,1781099988.030328,normal
9964,1781099988.032784,normal
9965,1781099988.035176,http_flood
9966,1781099988.038436,normal
9967,1781099988.040052,syn_flood
9968,1781099988.042406,http_flood
9969,1781099988.045515,normal
9970,1781099988.047915,normal
9971,1781099988.050195,normal
9972,1781099988.052881,normal
9973,1781099988.055379,normal
9974,1781099988.057885,normal
9975,1781099988.059973,normal
9976,1781099988.062287,normal
9977,1781099988.064369,normal
9978,1781099988.066860,normal
9979,1781099988.069036,normal
9980,1781099988.071784,normal
9981,1781099988.074044,normal
9982,1781099988.075984,normal
9983,1781099988.078253,normal
9984,1781099988.079957,normal
9985,1781099988.081868,normal
9986,1781099988.083854,normal
9987,1781099988.086163,normal
9988,1781099988.088797,normal
9989,1781099988.090612,udp_reflection
9990,1781099988.093107,udp_reflection
9991,1781099988.095337,normal
9992,1781099988.097656,normal
9993,1781099988.099461,normal
9994,1781099988.102120,normal
9995,1781099988.104150,normal
9996,1781099988.105767,normal
9997,1781099988.108193,normal
9998,1781099988.110850,normal
9999,1781099988.113462,normal
10000,1781099988.115626,normal
10001,1781099988.117874,normal
10002,1781099988.120380,normal
10003,1781099988.122573,normal
10004,1781099988.124901,normal
10005,1781099988.126530,normal
10006,1781099988.128180,normal
10007,1781099988.131021,normal
10008,1781099988.133240,http_flood
10009,1781099988.135159,normal
10010,1781099988.137445,http_flood
10011,1781099988.139704,normal
10012,1781099988.142123,normal
10013,1781099988.144436,normal
10014,1781099988.147367,normal
10015,1781099988.150012,normal
10016,1781099988.152586,normal
10017,1781099988.154436,normal
10018,1781099988.156946,normal
10019,1781099988.158868,normal
10020,1781099988.160358,syn_flood
10021,1781099988.162457,normal
10022,1781099988.164987,normal
10023,1781099988.167327,normal
10024,1781099988.170341,normal
10025,1781099988.172148,normal
10026,1781099988.174404,normal
10027,1781099988.177100,http_flood
10028,1781099988.180586,normal
10029,1781099988.182991,http_flood
10030,1781099988.185382,normal
10031,1781099988.187786,normal
10032,1781099988.189681,normal
10033,1781099988.191761,normal
10034,1781099988.194284,http_flood
10035,1781099988.196176,normal
10036,1781099988.198476,normal
10037,1781099988.200077,normal
10038,1781099988.201934,normal
10039,1781099988.203669,normal
10040,1781099988.205970,syn_flood
10041,1781099988.208194,syn_flood
10042,1781099988.210548,normal
10043,1781099988.213399,normal
10044,1781099988.215299,normal
10045,1781099988.217550,normal
10046,1781099988.219939,normal
10047,1781099988.221813,normal
10048,1781099988.224146,normal
10049,1781099988.225672,normal
10050,1781099988.228369,normal
10051,1781099988.230883,normal
10052,1781099988.232969,normal
10053,1781099988.235444,normal
10054,1781099988.237407,normal
10055,1781099988.239145,normal
10056,1781099988.241135,normal
10057,1781099988.242951,normal
10058,1781099988.244180,normal
10059,1781099988.246247,normal
10060,1781099988.247955,normal
10061,1781099988.249367,normal
10062,1781099988.251794,normal
10063,1781099988.253395,normal
10064,1781099988.255979,normal
10065,1781099988.258020,udp_reflection
10066,1781099988.260427,normal
10067,1781099988.262515,normal
10068,1781099988.264346,normal
10069,1781099988.267095,normal
10070,1781099988.269226,normal
10071,1781099988.270595,normal
10072,1781099988.272718,normal
10073,1781099988.274975,normal
10074,1781099988.277005,normal
10075,1781099988.278928,normal
10076,1781099988.281092,udp_reflection
10077,1781099988.283880,normal
10078,1781099988.286566,normal
10079,1781099988.289276,syn_flood
10080,1781099988.291876,normal
10081,1781099988.294544,normal
10082,1781099988.297449,normal
10083,1781099988.299512,normal
10084,1781099988.300973,normal
10085,1781099988.303610,normal
10086,1781099988.305484,normal
10087,1781099988.307007,udp_reflection
10088,1781099988.309325,normal
10089,1781099988.312142,normal
10090,1781099988.315258,normal
10091,1781099988.318836,normal
10092,1781099988.320354,normal
10093,1781099988.322356,normal
10094,1781099988.324163,normal
10095,1781099988.326400,normal
10096,1781099988.329450,normal
10097,1781099988.331634,normal
10098,1781099988.333891,normal
10099,1781099988.336057,normal
10100,1781099988.338060,normal
10101,1781099988.340228,normal
10102,1781099988.342376,normal
10103,1781099988.344728,normal
10104,1781099988.347046,normal
10105,1781099988.348511,normal
10106,1781099988.350664,normal
10107,1781099988.352711,syn_flood
10108,1781099988.354473,normal
10109,1781099988.356650,normal
10110,1781099988.358582,normal
10111,1781099988.360870,normal
10112,1781099988.363318,normal
10113,1781099988.365824,normal
10114,1781099988.368388,normal
10115,1781099988.370914,normal
10116,1781099988.372737,udp_reflection
10117,1781099988.374952,normal
10118,1781099988.377144,normal
10119,1781099988.379428,normal
10120,1781099988.381384,normal
10121,1781099988.384024,normal
10122,1781099988.385454,normal
10123,1781099988.387661,normal
10124,1781099988.390201,normal
10125,1781099988.391561,normal
10126,1781099988.393239,normal
10127,1781099988.395891,normal
10128,1781099988.399537,normal
10129,1781099988.401987,normal
10130,1781099988.404574,normal
10131,1781099988.407248,normal
10132,1781099988.409400,normal
10133,1781099988.411124,normal
10134,1781099988.413385,normal
10135,1781099988.415911,normal
10136,1781099988.418200,normal
10137,1781099988.419906,normal
10138,1781099988.421985,normal
10139,1781099988.424170,normal
10140,1781099988.427454,udp_reflection
10141,1781099988.429464,normal
10142,1781099988.431392,normal
10143,1781099988.433130,normal
10144,1781099988.435255,normal
10145,1781099988.437028,normal
10146,1781099988.439057,syn_flood
10147,1781099988.441497,normal
10148,1781099988.443487,normal
10149,1781099988.445493,normal
10150,1781099988.447004,normal
10151,1781099988.449296,normal
10152,1781099988.451886,normal
10153,1781099988.453803,normal
10154,1781099988.455378,normal
10155,1781099988.458124,normal
10156,1781099988.460599,normal
10157,1781099988.462320,udp_reflection
10158,1781099988.465062,normal
10159,1781099988.466893,normal
10160,1781099988.469036,normal
10161,1781099988.471790,normal
10162,1781099988.473176,normal
10163,1781099988.475270,normal
10164,1781099988.476554,udp_reflection
10165,1781099988.478222,normal
10166,1781099988.480295,normal
10167,1781099988.482735,normal
10168,1781099988.484788,http_flood
10169,1781099988.486488,normal
10170,1781099988.488046,normal
10171,1781099988.489466,normal
10172,1781099988.492576,normal
10173,1781099988.495328,normal
10174,1781099988.497364,normal
10175,1781099988.500294,normal
10176,1781099988.502545,normal
10177,1781099988.504305,normal
10178,1781099988.506740,normal
10179,1781099988.508718,normal
10180,1781099988.511151,normal
10181,1781099988.513650,normal
10182,1781099988.515394,normal
10183,1781099988.518395,normal
10184,1781099988.521254,normal
10185,1781099988.523461,normal
10186,1781099988.525382,syn_flood
10187,1781099988.527626,normal
10188,1781099988.530824,normal
10189,1781099988.532609,normal
10190,1781099988.534686,normal
10191,1781099988.537027,normal
10192,1781099988.539647,normal
10193,1781099988.542655,normal
10194,1781099988.544259,normal
10195,1781099988.546530,normal
10196,1781099988.549271,normal
10197,1781099988.551778,normal
10198,1781099988.553972,normal
10199,1781099988.556865,normal
10200,1781099988.559151,normal
10201,1781099988.560984,normal
10202,1781099988.563788,normal
10203,1781099988.565603,normal
10204,1781099988.567226,normal
10205,1781099988.569351,normal
10206,1781099988.571055,normal
10207,1781099988.573223,normal
10208,1781099988.575138,normal
10209,1781099988.577298,normal
10210,1781099988.579317,normal
10211,1781099988.581709,normal
10212,1781099988.584763,normal
10213,1781099988.587397,normal
10214,1781099988.589311,normal
10215,1781099988.591418,normal
10216,1781099988.593308,normal
10217,1781099988.595197,http_flood
10218,1781099988.597811,normal
10219,1781099988.600642,normal
10220,1781099988.602626,normal
10221,1781099988.605299,normal
10222,1781099988.607491,normal
10223,1781099988.609557,normal
10224,1781099988.612025,syn_flood
10225,1781099988.614281,normal
10226,1781099988.616211,normal
10227,1781099988.618074,normal
10228,1781099988.620656,normal
10229,1781099988.624527,syn_flood
10230,1781099988.626784,normal
10231,1781099988.629055,normal
10232,1781099988.630584,normal
10233,1781099988.633200,normal
10234,1781099988.635370,normal
10235,1781099988.638216,normal
10236,1781099988.640264,normal
10237,1781099988.642020,normal
10238,1781099988.644583,normal
10239,1781099988.647364,normal
10240,1781099988.649732,normal
10241,1781099988.652119,syn_flood
10242,1781099988.654600,normal
10243,1781099988.656317,normal
10244,1781099988.658825,normal
10245,1781099988.660745,normal
10246,1781099988.662507,normal
10247,1781099988.666681,normal
10248,1781099988.669103,normal
10249,1781099988.671381,normal
10250,1781099988.673769,normal
10251,1781099988.674927,normal
10252,1781099988.677215,normal
10253,1781099988.679512,normal
10254,1781099988.681406,normal
10255,1781099988.684008,normal
10256,1781099988.686285,normal
10257,1781099988.689318,normal
10258,1781099988.690778,syn_flood
10259,1781099988.692738,normal
10260,1781099988.694774,normal
10261,1781099988.696971,normal
10262,1781099988.698739,normal
10263,1781099988.700543,normal
10264,1781099988.702809,normal
10265,1781099988.704073,normal
10266,1781099988.706649,normal
10267,1781099988.709012,normal
10268,1781099988.711973,normal
10269,1781099988.714244,normal
10270,1781099988.716413,normal
10271,1781099988.719538,normal
10272,1781099988.721882,normal
10273,1781099988.725039,normal
10274,1781099988.726899,normal
10275,1781099988.728618,normal
10276,1781099988.730412,normal
10277,1781099988.733272,udp_reflection
10278,1781099988.736065,normal
10279,1781099988.738523,normal
10280,1781099988.740811,normal
10281,1781099988.742932,normal
10282,1781099988.744683,normal
10283,1781099988.747342,normal
10284,1781099988.749698,normal
10285,1781099988.751688,normal
10286,1781099988.753522,normal
10287,1781099988.755353,normal
10288,1781099988.757060,normal
10289,1781099988.759275,normal
10290,1781099988.762316,normal
10291,1781099988.763962,normal
10292,1781099988.766211,normal
10293,1781099988.768061,normal
10294,1781099988.770712,normal
10295,1781099988.773442,normal
10296,1781099988.775240,normal
10297,1781099988.778022,normal
10298,1781099988.779671,normal
10299,1781099988.782298,normal
10300,1781099988.784560,normal
10301,1781099988.787287,normal
10302,1781099988.790711,udp_reflection
10303,1781099988.793568,normal
10304,1781099988.796417,normal
10305,1781099988.798888,normal
10306,1781099988.801095,normal
10307,1781099988.803743,normal
10308,1781099988.806591,normal
10309,1781099988.808351,normal
10310,1781099988.810298,normal
10311,1781099988.812494,normal
10312,1781099988.815085,normal
10313,1781099988.816922,normal
10314,1781099988.819032,normal
10315,1781099988.821439,syn_flood
10316,1781099988.823099,normal
10317,1781099988.825734,normal
10318,1781099988.827538,normal
10319,1781099988.829301,normal
10320,1781099988.831266,normal
10321,1781099988.833015,normal
10322,1781099988.834487,normal
10323,1781099988.837130,normal
10324,1781099988.839811,udp_reflection
10325,1781099988.842391,normal
10326,1781099988.844449,normal
10327,1781099988.846807,normal
10328,1781099988.850103,udp_reflection
10329,1781099988.852142,normal
10330,1781099988.854507,normal
10331,1781099988.856875,normal
10332,1781099988.858886,normal
10333,1781099988.860736,normal
10334,1781099988.862743,normal
10335,1781099988.864844,normal
10336,1781099988.866379,normal
10337,1781099988.868578,normal
10338,1781099988.870926,normal
10339,1781099988.872872,normal
10340,1781099988.874896,syn_flood
10341,1781099988.876972,normal
10342,1781099988.879302,normal
10343,1781099988.881200,normal
10344,1781099988.884055,http_flood
10345,1781099988.886196,normal
10346,1781099988.888775,normal
10347,1781099988.890962,normal
10348,1781099988.892420,udp_reflection
10349,1781099988.894889,normal
10350,1781099988.896679,normal
10351,1781099988.900427,normal
10352,1781099988.902453,normal
10353,1781099988.904378,normal
10354,1781099988.905764,normal
10355,1781099988.908577,normal
10356,1781099988.910966,normal
10357,1781099988.913664,normal
10358,1781099988.915297,normal
10359,1781099988.917010,normal
10360,1781099988.919219,normal
10361,1781099988.921544,normal
10362,1781099988.923679,normal
10363,1781099988.925953,normal
10364,1781099988.928993,normal
10365,1781099988.930904,normal
10366,1781099988.934289,normal
10367,1781099988.936635,normal
10368,1781099988.939110,normal
10369,1781099988.940896,normal
10370,1781099988.944003,syn_flood
10371,1781099988.946460,normal
10372,1781099988.949139,normal
10373,1781099988.951375,normal
10374,1781099988.952968,normal
10375,1781099988.954234,normal
10376,1781099988.956848,normal
10377,1781099988.960016,udp_reflection
10378,1781099988.962393,normal
10379,1781099988.964138,syn_flood
10380,1781099988.966325,normal
10381,1781099988.967937,normal
10382,1781099988.970251,normal
10383,1781099988.972001,normal
10384,1781099988.974458,normal
10385,1781099988.976687,normal
10386,1781099988.978289,normal
10387,1781099988.981709,normal
10388,1781099988.983663,http_flood
10389,1781099988.986375,normal
10390,1781099988.988401,normal
10391,1781099988.992013,normal
10392,1781099988.993848,normal
10393,1781099988.995795,normal
10394,1781099988.996914,normal
10395,1781099988.999445,normal
10396,1781099989.001371,normal
10397,1781099989.003564,normal
10398,1781099989.005161,http_flood
10399,1781099989.007666,normal
10400,1781099989.009498,normal
10401,1781099989.011318,normal
10402,1781099989.014186,normal
10403,1781099989.015840,normal
10404,1781099989.017730,normal
10405,1781099989.019668,normal
10406,1781099989.021686,normal
10407,1781099989.023602,http_flood
10408,1781099989.025563,normal
10409,1781099989.026863,normal
10410,1781099989.030216,normal
10411,1781099989.032208,normal
10412,1781099989.034514,normal
10413,1781099989.037120,normal
10414,1781099989.039431,normal
10415,1781099989.041235,normal
10416,1781099989.043472,normal
10417,1781099989.045927,normal
10418,1781099989.048101,normal
10419,1781099989.050782,normal
10420,1781099989.053388,normal
10421,1781099989.055350,normal
10422,1781099989.057595,normal
10423,1781099989.059648,normal
10424,1781099989.062070,normal
10425,1781099989.064940,normal
10426,1781099989.067690,normal
10427,1781099989.070315,syn_flood
10428,1781099989.073732,normal
10429,1781099989.075835,normal
10430,1781099989.078539,normal
10431,1781099989.080596,normal
10432,1781099989.082440,normal
10433,1781099989.084420,normal
10434,1781099989.086319,normal
10435,1781099989.088192,normal
10436,1781099989.089946,normal
10437,1781099989.092597,normal
10438,1781099989.095030,normal
10439,1781099989.097692,normal
10440,1781099989.100412,normal
10441,1781099989.102525,normal
10442,1781099989.104959,udp_reflection
10443,1781099989.106266,normal
10444,1781099989.109992,udp_reflection
10445,1781099989.111538,normal
10446,1781099989.114209,normal
10447,1781099989.115586,syn_flood
10448,1781099989.118139,normal
10449,1781099989.120066,normal
10450,1781099989.122088,normal
10451,1781099989.125058,normal
10452,1781099989.127213,normal
10453,1781099989.129567,normal
10454,1781099989.132147,normal
10455,1781099989.133888,normal
10456,1781099989.136149,normal
10457,1781099989.138366,normal
10458,1781099989.141207,normal
10459,1781099989.144644,normal
10460,1781099989.146332,normal
10461,1781099989.148150,normal
10462,1781099989.150861,normal
10463,1781099989.154026,normal
10464,1781099989.156675,normal
10465,1781099989.159039,normal
10466,1781099989.160786,normal
10467,1781099989.162981,normal
10468,1781099989.165913,normal
10469,1781099989.168485,normal
10470,1781099989.171798,http_flood
10471,1781099989.174426,normal
10472,1781099989.176584,normal
10473,1781099989.178503,normal
10474,1781099989.180347,normal
10475,1781099989.182287,normal
10476,1781099989.184631,normal
10477,1781099989.186668,normal
10478,1781099989.188915,http_flood
10479,1781099989.190998,normal
10480,1781099989.193038,syn_flood
10481,1781099989.195089,normal
10482,1781099989.197603,normal
10483,1781099989.200503,normal
10484,1781099989.202236,normal
10485,1781099989.205343,normal
10486,1781099989.207450,normal
10487,1781099989.210533,normal
10488,1781099989.212675,normal
10489,1781099989.214191,normal
10490,1781099989.216007,syn_flood
10491,1781099989.218557,normal
10492,1781099989.220212,normal
10493,1781099989.222414,normal
10494,1781099989.224241,normal
10495,1781099989.226561,normal
10496,1781099989.228701,normal
10497,1781099989.230769,normal
10498,1781099989.232840,normal
10499,1781099989.235184,udp_reflection
10500,1781099989.236752,normal
10501,1781099989.238969,normal
10502,1781099989.240682,normal
10503,1781099989.243281,normal
10504,1781099989.244627,normal
10505,1781099989.247703,normal
10506,1781099989.248789,normal
10507,1781099989.250999,normal
10508,1781099989.253517,normal
10509,1781099989.255091,normal
10510,1781099989.257243,normal
10511,1781099989.259298,normal
10512,1781099989.262681,normal
10513,1781099989.264274,normal
10514,1781099989.265738,normal
10515,1781099989.267403,normal
10516,1781099989.268804,normal
10517,1781099989.270889,normal
10518,1781099989.272709,normal
10519,1781099989.274781,http_flood
10520,1781099989.276323,normal
10521,1781099989.278860,normal
10522,1781099989.280467,normal
10523,1781099989.282699,normal
10524,1781099989.285390,normal
10525,1781099989.287430,normal
10526,1781099989.289855,normal
10527,1781099989.292054,syn_flood
10528,1781099989.294424,udp_reflection
10529,1781099989.296907,normal
10530,1781099989.298351,normal
10531,1781099989.300920,normal
10532,1781099989.302833,normal
10533,1781099989.304920,normal
10534,1781099989.306657,normal
10535,1781099989.308902,normal
10536,1781099989.311032,normal
10537,1781099989.313699,normal
10538,1781099989.315800,normal
10539,1781099989.318046,normal
10540,1781099989.320034,normal
10541,1781099989.322737,udp_reflection
10542,1781099989.325507,udp_reflection
10543,1781099989.327528,normal
10544,1781099989.330780,normal
10545,1781099989.332316,normal
10546,1781099989.335948,normal
10547,1781099989.338488,normal
10548,1781099989.342155,normal
10549,1781099989.344275,normal
10550,1781099989.346616,normal
10551,1781099989.349482,normal
10552,1781099989.351681,http_flood
10553,1781099989.353525,normal
10554,1781099989.355590,normal
10555,1781099989.357756,normal
10556,1781099989.360166,normal
10557,1781099989.362310,normal
10558,1781099989.364421,normal
10559,1781099989.366350,normal
10560,1781099989.368562,normal
10561,1781099989.371023,normal
10562,1781099989.373663,normal
10563,1781099989.375388,normal
10564,1781099989.376998,normal
10565,1781099989.379446,normal
10566,1781099989.382048,normal
10567,1781099989.384434,normal
10568,1781099989.386575,normal
10569,1781099989.389438,normal
10570,1781099989.390945,normal
10571,1781099989.393739,normal
10572,1781099989.396247,normal
10573,1781099989.399323,normal
10574,1781099989.401735,normal
10575,1781099989.403256,normal
10576,1781099989.405014,normal
10577,1781099989.407173,normal
10578,1781099989.408756,normal
10579,1781099989.411078,normal
10580,1781099989.413779,normal
10581,1781099989.415861,normal
10582,1781099989.419175,normal
10583,1781099989.420950,normal
10584,1781099989.423137,normal
10585,1781099989.425574,normal
10586,1781099989.427498,normal
10587,1781099989.429917,normal
10588,1781099989.431514,syn_flood
10589,1781099989.434514,normal
10590,1781099989.437182,normal
10591,1781099989.439203,normal
10592,1781099989.442664,normal
10593,1781099989.444408,http_flood
10594,1781099989.446517,normal
10595,1781099989.449365,udp_reflection
10596,1781099989.451226,normal
10597,1781099989.454185,normal
10598,1781099989.456770,normal
10599,1781099989.459579,normal
10600,1781099989.461893,normal
10601,1781099989.464694,normal
10602,1781099989.467716,normal
10603,1781099989.470113,normal
10604,1781099989.473141,syn_flood
10605,1781099989.475715,normal
10606,1781099989.477668,normal
10607,1781099989.480206,normal
10608,1781099989.483284,normal
10609,1781099989.486168,normal
10610,1781099989.488455,http_flood
10611,1781099989.490138,normal
10612,1781099989.491906,normal
10613,1781099989.493842,normal
10614,1781099989.495864,normal
10615,1781099989.497596,normal
